solid OpenSCAD_Model
  facet normal 1 0 0
    outer loop
      vertex 30 -21.2426 -17
      vertex 30 -50 -17
      vertex 30 -40.2426 -36
    endloop
  endfacet
  facet normal 1 -0 0
    outer loop
      vertex 30 -12.7574 -17
      vertex 30 -10 -37
      vertex 30 -10 -17
    endloop
  endfacet
  facet normal 1 -0 0
    outer loop
      vertex 30 -31.7574 -36
      vertex 30 -10 -37
      vertex 30 -12.7574 -17
    endloop
  endfacet
  facet normal 1 0 0
    outer loop
      vertex 30 -50 -37
      vertex 30 -31.7574 -36
      vertex 30 -40.2426 -36
    endloop
  endfacet
  facet normal 1 0 0
    outer loop
      vertex 30 -31.7574 -36
      vertex 30 -50 -37
      vertex 30 -10 -37
    endloop
  endfacet
  facet normal 1 0 0
    outer loop
      vertex 30 -50 -37
      vertex 30 -40.2426 -36
      vertex 30 -50 -17
    endloop
  endfacet
  facet normal 0 0 1
    outer loop
      vertex 30 -10 -17
      vertex 26.6908 -12 -17
      vertex 30 -12.7574 -17
    endloop
  endfacet
  facet normal 0 0 1
    outer loop
      vertex 30 -10 -17
      vertex -26.6908 -12 -17
      vertex 26.6908 -12 -17
    endloop
  endfacet
  facet normal -0 0 1
    outer loop
      vertex -30 -10 -17
      vertex -26.6908 -12 -17
      vertex 30 -10 -17
    endloop
  endfacet
  facet normal 0 0 1
    outer loop
      vertex -30 -12.7574 -17
      vertex -26.6908 -12 -17
      vertex -30 -10 -17
    endloop
  endfacet
  facet normal 0 0 1
    outer loop
      vertex -26.6908 -12 -17
      vertex -30 -12.7574 -17
      vertex -26.6908 -12.7574 -17
    endloop
  endfacet
  facet normal 0 0 1
    outer loop
      vertex 30 -12.7574 -17
      vertex 26.6908 -12 -17
      vertex 26.6908 -12.7574 -17
    endloop
  endfacet
  facet normal 0 0 1
    outer loop
      vertex -26.6908 -21.2426 -17
      vertex -30 -21.2426 -17
      vertex -26.6908 -48 -17
    endloop
  endfacet
  facet normal 0 0 1
    outer loop
      vertex -26.6908 -48 -17
      vertex -12.3699 -48.3236 -17
      vertex -12.4402 -48.1242 -17
    endloop
  endfacet
  facet normal -0 0 1
    outer loop
      vertex -26.6908 -48 -17
      vertex -12.4402 -48.1242 -17
      vertex -12.4709 -48 -17
    endloop
  endfacet
  facet normal 0 0 1
    outer loop
      vertex -12.3699 -48.3236 -17
      vertex -26.6908 -48 -17
      vertex -12.0104 -49.3439 -17
    endloop
  endfacet
  facet normal 0 0 1
    outer loop
      vertex -26.6908 -48 -17
      vertex -11.7048 -50 -17
      vertex -12.0104 -49.3439 -17
    endloop
  endfacet
  facet normal 0 0 1
    outer loop
      vertex -26.6908 -48 -17
      vertex -30 -50 -17
      vertex -11.7048 -50 -17
    endloop
  endfacet
  facet normal 0 0 1
    outer loop
      vertex -30 -50 -17
      vertex -26.6908 -48 -17
      vertex -30 -21.2426 -17
    endloop
  endfacet
  facet normal 0 0 1
    outer loop
      vertex 26.6908 -48 -17
      vertex 30 -21.2426 -17
      vertex 26.6908 -21.2426 -17
    endloop
  endfacet
  facet normal 0 0 1
    outer loop
      vertex 30 -21.2426 -17
      vertex 26.6908 -48 -17
      vertex 30 -50 -17
    endloop
  endfacet
  facet normal 0 0 1
    outer loop
      vertex 26.6908 -48 -17
      vertex 23.6407 -50 -17
      vertex 30 -50 -17
    endloop
  endfacet
  facet normal 0 0 1
    outer loop
      vertex 26.6908 -48 -17
      vertex 23.6386 -49.9905 -17
      vertex 23.6407 -50 -17
    endloop
  endfacet
  facet normal 0 0 1
    outer loop
      vertex 26.6908 -48 -17
      vertex 23.6125 -49.87 -17
      vertex 23.6386 -49.9905 -17
    endloop
  endfacet
  facet normal 0 0 1
    outer loop
      vertex 26.6908 -48 -17
      vertex 23.3149 -48.9098 -17
      vertex 23.6125 -49.87 -17
    endloop
  endfacet
  facet normal 0 -0 1
    outer loop
      vertex 23.3149 -48.9098 -17
      vertex 26.6908 -48 -17
      vertex 22.9423 -48 -17
    endloop
  endfacet
  facet normal 0 0 -1
    outer loop
      vertex -30 -50 -37
      vertex 30 -10 -37
      vertex 30 -50 -37
    endloop
  endfacet
  facet normal -0 0 -1
    outer loop
      vertex 30 -10 -37
      vertex -30 -50 -37
      vertex -30 -10 -37
    endloop
  endfacet
  facet normal -1 0 0
    outer loop
      vertex -30 -10 -37
      vertex -30 -12.7574 -17
      vertex -30 -10 -17
    endloop
  endfacet
  facet normal -1 0 0
    outer loop
      vertex -30 -10 -37
      vertex -30 -31.7574 -36
      vertex -30 -12.7574 -17
    endloop
  endfacet
  facet normal -1 0 0
    outer loop
      vertex -30 -50 -37
      vertex -30 -31.7574 -36
      vertex -30 -10 -37
    endloop
  endfacet
  facet normal -1 -0 0
    outer loop
      vertex -30 -31.7574 -36
      vertex -30 -50 -37
      vertex -30 -40.2426 -36
    endloop
  endfacet
  facet normal -1 0 0
    outer loop
      vertex -30 -50 -17
      vertex -30 -40.2426 -36
      vertex -30 -50 -37
    endloop
  endfacet
  facet normal -1 0 0
    outer loop
      vertex -30 -40.2426 -36
      vertex -30 -50 -17
      vertex -30 -21.2426 -17
    endloop
  endfacet
  facet normal 0 1 -0
    outer loop
      vertex 30 -10 -37
      vertex -30 -10 -17
      vertex 30 -10 -17
    endloop
  endfacet
  facet normal 0 1 0
    outer loop
      vertex -30 -10 -17
      vertex 30 -10 -37
      vertex -30 -10 -37
    endloop
  endfacet
  facet normal 0 -1 0
    outer loop
      vertex -30 -50 -17
      vertex -11.5436 -50 -18.9626
      vertex -11.7048 -50 -17
    endloop
  endfacet
  facet normal 0 -1 0
    outer loop
      vertex -30 -50 -17
      vertex -11.465 -50 -19.9204
      vertex -11.5436 -50 -18.9626
    endloop
  endfacet
  facet normal 0 -1 0
    outer loop
      vertex -30 -50 -17
      vertex -11.3836 -50 -20.7022
      vertex -11.465 -50 -19.9204
    endloop
  endfacet
  facet normal 0 -1 0
    outer loop
      vertex -30 -50 -17
      vertex -10.8091 -50 -26.222
      vertex -11.3836 -50 -20.7022
    endloop
  endfacet
  facet normal 0 -1 0
    outer loop
      vertex -30 -50 -37
      vertex -10.8091 -50 -26.222
      vertex -30 -50 -17
    endloop
  endfacet
  facet normal 0 -1 0
    outer loop
      vertex -7.39726 -50 -32.4106
      vertex -10.1318 -50 -31.4106
      vertex -10.1409 -50 -31.4106
    endloop
  endfacet
  facet normal 0 -1 0
    outer loop
      vertex -10.1318 -50 -31.4106
      vertex -7.39726 -50 -32.4106
      vertex -9.98519 -50 -31.4106
    endloop
  endfacet
  facet normal 0 -1 0
    outer loop
      vertex -9.98519 -50 -31.4106
      vertex -7.39726 -50 -32.4106
      vertex -9.03375 -50 -31.4106
    endloop
  endfacet
  facet normal 0 -1 0
    outer loop
      vertex -9.03375 -50 -31.4106
      vertex -7.39726 -50 -32.4106
      vertex -8.13609 -50 -31.4106
    endloop
  endfacet
  facet normal 0 -1 0
    outer loop
      vertex -8.13609 -50 -31.4106
      vertex -7.39726 -50 -32.4106
      vertex -7.58885 -50 -31.4106
    endloop
  endfacet
  facet normal 0 0 0
    outer loop
      vertex -7.39726 -50 -32.4106
      vertex -7.28994 -50 -32.4106
      vertex -7.35803 -50 -32.4106
    endloop
  endfacet
  facet normal 0 0 0
    outer loop
      vertex -7.39726 -50 -32.4106
      vertex -7.03824 -50 -32.4106
      vertex -7.28994 -50 -32.4106
    endloop
  endfacet
  facet normal 0 0 0
    outer loop
      vertex -7.39726 -50 -32.4106
      vertex -6.72429 -50 -32.4106
      vertex -7.03824 -50 -32.4106
    endloop
  endfacet
  facet normal 0 -1 0
    outer loop
      vertex -30 -50 -37
      vertex -6.72429 -50 -32.4106
      vertex -7.39726 -50 -32.4106
    endloop
  endfacet
  facet normal 0 -1 -0
    outer loop
      vertex -6.72429 -50 -32.4106
      vertex -30 -50 -37
      vertex 6.72429 -50 -32.4106
    endloop
  endfacet
  facet normal 0 -1 0
    outer loop
      vertex 30 -50 -37
      vertex 6.72429 -50 -32.4106
      vertex -30 -50 -37
    endloop
  endfacet
  facet normal 0 -1 0
    outer loop
      vertex 6.72429 -50 -32.4106
      vertex 30 -50 -37
      vertex 7.03824 -50 -32.4106
    endloop
  endfacet
  facet normal 0 -1 0
    outer loop
      vertex 7.03824 -50 -32.4106
      vertex 30 -50 -37
      vertex 7.28994 -50 -32.4106
    endloop
  endfacet
  facet normal 0 -1 0
    outer loop
      vertex 7.28994 -50 -32.4106
      vertex 30 -50 -37
      vertex 7.35803 -50 -32.4106
    endloop
  endfacet
  facet normal 0 -1 -0
    outer loop
      vertex -10.1409 -50 -31.4106
      vertex -30 -50 -37
      vertex -7.39726 -50 -32.4106
    endloop
  endfacet
  facet normal 0 -1 -0
    outer loop
      vertex -10.8091 -50 -26.222
      vertex -30 -50 -37
      vertex -10.1409 -50 -31.4106
    endloop
  endfacet
  facet normal 0 -1 0
    outer loop
      vertex 7.39726 -50 -32.4106
      vertex 8.13609 -50 -31.4106
      vertex 7.58885 -50 -31.4106
    endloop
  endfacet
  facet normal 0 -1 -0
    outer loop
      vertex 8.13609 -50 -31.4106
      vertex 7.39726 -50 -32.4106
      vertex 9.03375 -50 -31.4106
    endloop
  endfacet
  facet normal 0 -1 -0
    outer loop
      vertex 9.03375 -50 -31.4106
      vertex 7.39726 -50 -32.4106
      vertex 9.98519 -50 -31.4106
    endloop
  endfacet
  facet normal 0 -1 -0
    outer loop
      vertex 9.98519 -50 -31.4106
      vertex 7.39726 -50 -32.4106
      vertex 10.1318 -50 -31.4106
    endloop
  endfacet
  facet normal 0 -1 -0
    outer loop
      vertex 10.1318 -50 -31.4106
      vertex 7.39726 -50 -32.4106
      vertex 10.1409 -50 -31.4106
    endloop
  endfacet
  facet normal 0 -1 0
    outer loop
      vertex 10.1409 -50 -31.4106
      vertex 10.4224 -50 -30.0829
      vertex 10.3119 -50 -30.0829
    endloop
  endfacet
  facet normal 0 -1 -0
    outer loop
      vertex 10.4224 -50 -30.0829
      vertex 10.1409 -50 -31.4106
      vertex 11.7002 -50 -30.0829
    endloop
  endfacet
  facet normal 0 -1 -0
    outer loop
      vertex 11.7002 -50 -30.0829
      vertex 10.1409 -50 -31.4106
      vertex 13.7321 -50 -30.0829
    endloop
  endfacet
  facet normal 0 -1 -0
    outer loop
      vertex 13.7321 -50 -30.0829
      vertex 10.1409 -50 -31.4106
      vertex 14.4576 -50 -30.0829
    endloop
  endfacet
  facet normal 0 -1 -0
    outer loop
      vertex 14.4576 -50 -30.0829
      vertex 10.1409 -50 -31.4106
      vertex 15.5424 -50 -30.0829
    endloop
  endfacet
  facet normal 0 -1 -0
    outer loop
      vertex 15.5424 -50 -30.0829
      vertex 10.1409 -50 -31.4106
      vertex 16.2679 -50 -30.0829
    endloop
  endfacet
  facet normal 0 -1 0
    outer loop
      vertex 30 -50 -37
      vertex 16.2679 -50 -30.0829
      vertex 10.1409 -50 -31.4106
    endloop
  endfacet
  facet normal 0 -1 0
    outer loop
      vertex 16.2679 -50 -30.0829
      vertex 30 -50 -37
      vertex 18.2998 -50 -30.0829
    endloop
  endfacet
  facet normal 0 -1 0
    outer loop
      vertex 18.2998 -50 -30.0829
      vertex 30 -50 -37
      vertex 19.5776 -50 -30.0829
    endloop
  endfacet
  facet normal 0 -1 0
    outer loop
      vertex 19.5776 -50 -30.0829
      vertex 30 -50 -37
      vertex 20.326 -50 -30.0829
    endloop
  endfacet
  facet normal 0 -1 0
    outer loop
      vertex 20.326 -50 -30.0829
      vertex 30 -50 -37
      vertex 20.5539 -50 -30.0829
    endloop
  endfacet
  facet normal 0 -1 0
    outer loop
      vertex 20.5539 -50 -30.0829
      vertex 30 -50 -37
      vertex 20.6504 -50 -30.0829
    endloop
  endfacet
  facet normal 0 -1 0
    outer loop
      vertex 21.8655 -50 -24.7313
      vertex 22.2683 -50 -24.3209
      vertex 21.8959 -50 -24.3209
    endloop
  endfacet
  facet normal 0 -1 -0
    outer loop
      vertex 22.2683 -50 -24.3209
      vertex 21.8655 -50 -24.7313
      vertex 23.247 -50 -24.3209
    endloop
  endfacet
  facet normal 0 -1 0
    outer loop
      vertex 21.6986 -50 -26.064
      vertex 23.247 -50 -24.3209
      vertex 21.8655 -50 -24.7313
    endloop
  endfacet
  facet normal 0 -1 -0
    outer loop
      vertex 23.247 -50 -24.3209
      vertex 21.6986 -50 -26.064
      vertex 23.8271 -50 -24.3209
    endloop
  endfacet
  facet normal 0 -1 0
    outer loop
      vertex 23.8271 -50 -18.4884
      vertex 30 -50 -17
      vertex 23.6407 -50 -17
    endloop
  endfacet
  facet normal 0 -1 0
    outer loop
      vertex 23.9476 -50 -20.1133
      vertex 30 -50 -17
      vertex 23.8271 -50 -18.4884
    endloop
  endfacet
  facet normal 0 -1 0
    outer loop
      vertex 23.9567 -50 -20.2357
      vertex 30 -50 -17
      vertex 23.9476 -50 -20.1133
    endloop
  endfacet
  facet normal 0 -1 0
    outer loop
      vertex 24 -50 -22
      vertex 30 -50 -17
      vertex 23.9567 -50 -20.2357
    endloop
  endfacet
  facet normal 0 -1 0
    outer loop
      vertex 23.9567 -50 -23.7643
      vertex 30 -50 -17
      vertex 24 -50 -22
    endloop
  endfacet
  facet normal 0 -1 0
    outer loop
      vertex 23.9154 -50 -24.3209
      vertex 30 -50 -17
      vertex 23.9567 -50 -23.7643
    endloop
  endfacet
  facet normal 0 -1 -0
    outer loop
      vertex 23.8271 -50 -24.3209
      vertex 21.6986 -50 -26.064
      vertex 23.9154 -50 -24.3209
    endloop
  endfacet
  facet normal 0 -1 0
    outer loop
      vertex 21.4672 -50 -27.3576
      vertex 23.9154 -50 -24.3209
      vertex 21.6986 -50 -26.064
    endloop
  endfacet
  facet normal 0 -1 0
    outer loop
      vertex 21.1734 -50 -28.5996
      vertex 23.9154 -50 -24.3209
      vertex 21.4672 -50 -27.3576
    endloop
  endfacet
  facet normal 0 -1 -0
    outer loop
      vertex 23.9154 -50 -24.3209
      vertex 21.1734 -50 -28.5996
      vertex 30 -50 -37
    endloop
  endfacet
  facet normal 0 -1 0
    outer loop
      vertex 30 -50 -37
      vertex 21.1734 -50 -28.5996
      vertex 20.8203 -50 -29.778
    endloop
  endfacet
  facet normal 0 -1 0
    outer loop
      vertex 30 -50 -37
      vertex 20.8203 -50 -29.778
      vertex 20.7072 -50 -30.0829
    endloop
  endfacet
  facet normal 0 -1 0
    outer loop
      vertex 30 -50 -37
      vertex 10.1409 -50 -31.4106
      vertex 7.39726 -50 -32.4106
    endloop
  endfacet
  facet normal 0 -1 0
    outer loop
      vertex 23.9154 -50 -24.3209
      vertex 30 -50 -37
      vertex 30 -50 -17
    endloop
  endfacet
  facet normal 0 -1 0
    outer loop
      vertex 20.6504 -50 -30.0829
      vertex 30 -50 -37
      vertex 20.7072 -50 -30.0829
    endloop
  endfacet
  facet normal 0 -1 0
    outer loop
      vertex 7.35803 -50 -32.4106
      vertex 30 -50 -37
      vertex 7.39726 -50 -32.4106
    endloop
  endfacet
  facet normal 0.989175 -0.127081 -0.0733699
    outer loop
      vertex 23.9567 -75.764 20.8602
      vertex 23.8271 -76.5206 20.4234
      vertex 23.8271 -50.5156 -24.6186
    endloop
  endfacet
  facet normal -0.000160621 0.500078 -0.86598
    outer loop
      vertex 21.9571 -53.9396 -26.5955
      vertex 21.364 -54.5064 -26.9227
      vertex 22.4832 -53.3252 -26.2408
    endloop
  endfacet
  facet normal 0 -0.499992 0.86603
    outer loop
      vertex 23.8271 -73.4794 22.1792
      vertex 23.8271 -76.5206 20.4234
      vertex 24 -75 21.3013
    endloop
  endfacet
  facet normal 0 0.499893 -0.866087
    outer loop
      vertex 14.1178 -56.7517 -28.219
      vertex 18.4441 -56.1959 -27.8982
      vertex 15.8822 -56.7517 -28.219
    endloop
  endfacet
  facet normal 0 0.499893 -0.866087
    outer loop
      vertex 18.4441 -56.1959 -27.8982
      vertex 14.1178 -56.7517 -28.219
      vertex 11.5558 -56.1959 -27.8982
    endloop
  endfacet
  facet normal -0.243009 0.840065 0.485013
    outer loop
      vertex 13.2442 -67.3555 25.7148
      vertex 12.3874 -50.6184 -3.70393
      vertex 12.3874 -67.5414 25.6075
    endloop
  endfacet
  facet normal -0.242209 0.840249 0.485094
    outer loop
      vertex 13.2442 -67.3555 25.7148
      vertex 12.4402 -50.4095 -4.03941
      vertex 12.3874 -50.6184 -3.70393
    endloop
  endfacet
  facet normal -0.243392 0.839978 0.484972
    outer loop
      vertex 13.2442 -67.3555 25.7148
      vertex 12.5352 -49.867 -4.93135
      vertex 12.4402 -50.4095 -4.03941
    endloop
  endfacet
  facet normal -0.24285 0.840101 0.48503
    outer loop
      vertex 12.5352 -49.867 -4.93135
      vertex 13.2442 -67.3555 25.7148
      vertex 12.6434 -49.2496 -5.94655
    endloop
  endfacet
  facet normal 0.243135 0.840038 0.484996
    outer loop
      vertex 17.5473 -43.5033 -15.995
      vertex 17.6126 -67.5414 25.6075
      vertex 17.6126 -43.5222 -15.995
    endloop
  endfacet
  facet normal 0.243009 0.840066 0.485012
    outer loop
      vertex 17.6126 -67.5414 25.6075
      vertex 17.5473 -43.5033 -15.995
      vertex 16.7558 -67.3555 25.7148
    endloop
  endfacet
  facet normal -0.000103113 0.499541 -0.86629
    outer loop
      vertex 12.3874 -56.4536 -28.0469
      vertex 11.5558 -56.1959 -27.8982
      vertex 13.2442 -56.6395 -28.1542
    endloop
  endfacet
  facet normal 0.671529 0.641706 0.37049
    outer loop
      vertex 20.7095 -68.975 24.7798
      vertex 20.7719 -45.4989 -15.995
      vertex 20.7095 -45.4336 -15.995
    endloop
  endfacet
  facet normal 0.671488 0.641738 0.370508
    outer loop
      vertex 20.7719 -45.4989 -15.995
      vertex 20.7095 -68.975 24.7798
      vertex 21.364 -69.4886 24.4832
    endloop
  endfacet
  facet normal -0.989176 0.127074 0.073366
    outer loop
      vertex 6.04334 -74.236 21.7423
      vertex 6.09305 -57.9163 -5.854
      vertex 6.04334 -57.7805 -6.75944
    endloop
  endfacet
  facet normal -0.989178 0.127064 0.0733602
    outer loop
      vertex 6.09305 -57.9163 -5.854
      vertex 6.04334 -74.236 21.7423
      vertex 6.17293 -73.4794 22.1792
    endloop
  endfacet
  facet normal 0.989179 0.127057 0.073356
    outer loop
      vertex 23.8271 -50 -18.4884
      vertex 23.8271 -73.4794 22.1792
      vertex 23.9476 -50 -20.1133
    endloop
  endfacet
  facet normal 0.000160621 -0.500078 0.86598
    outer loop
      vertex 22.4832 -79.3302 18.8012
      vertex 21.364 -80.5114 18.1193
      vertex 21.9571 -79.9446 18.4465
    endloop
  endfacet
  facet normal 6.89726e-05 -0.49993 0.866066
    outer loop
      vertex 23.8271 -76.5206 20.4234
      vertex 21.9663 -74.4058 21.6443
      vertex 22 -75 21.3013
    endloop
  endfacet
  facet normal -0.000107417 -0.500046 0.865999
    outer loop
      vertex 23.8271 -76.5206 20.4234
      vertex 21.8655 -73.8173 21.9841
      vertex 21.9663 -74.4058 21.6443
    endloop
  endfacet
  facet normal -7.57947e-05 -0.500029 0.866009
    outer loop
      vertex 23.8271 -76.5206 20.4234
      vertex 21.6986 -73.2402 22.3173
      vertex 21.8655 -73.8173 21.9841
    endloop
  endfacet
  facet normal 0.000470081 -0.499763 0.866162
    outer loop
      vertex 21.6986 -73.2402 22.3173
      vertex 23.8271 -76.5206 20.4234
      vertex 21.4883 -72.7312 22.6111
    endloop
  endfacet
  facet normal -5.30765e-05 -0.50004 0.866002
    outer loop
      vertex 21.9663 -75.5942 20.9582
      vertex 23.8271 -76.5206 20.4234
      vertex 22 -75 21.3013
    endloop
  endfacet
  facet normal 2.31153e-05 -0.499925 0.866069
    outer loop
      vertex 21.8655 -76.1827 20.6185
      vertex 23.8271 -76.5206 20.4234
      vertex 21.9663 -75.5942 20.9582
    endloop
  endfacet
  facet normal 0 -0.500026 0.866011
    outer loop
      vertex 23.8271 -76.5206 20.4234
      vertex 21.8655 -76.1827 20.6185
      vertex 21.7678 -76.5206 20.4234
    endloop
  endfacet
  facet normal -6.89748e-05 -0.49993 0.866066
    outer loop
      vertex 8.03371 -74.4058 21.6443
      vertex 6.17293 -76.5206 20.4234
      vertex 8 -75 21.3013
    endloop
  endfacet
  facet normal 0.000107415 -0.500046 0.865999
    outer loop
      vertex 8.1345 -73.8173 21.9841
      vertex 6.17293 -76.5206 20.4234
      vertex 8.03371 -74.4058 21.6443
    endloop
  endfacet
  facet normal 7.58026e-05 -0.500029 0.866009
    outer loop
      vertex 8.30142 -73.2402 22.3173
      vertex 6.17293 -76.5206 20.4234
      vertex 8.1345 -73.8173 21.9841
    endloop
  endfacet
  facet normal -0.000470087 -0.499763 0.866162
    outer loop
      vertex 6.17293 -76.5206 20.4234
      vertex 8.30142 -73.2402 22.3173
      vertex 8.51172 -72.7312 22.6111
    endloop
  endfacet
  facet normal 0 -0.500026 0.866011
    outer loop
      vertex 8.1345 -76.1827 20.6185
      vertex 6.17293 -76.5206 20.4234
      vertex 8.23224 -76.5206 20.4234
    endloop
  endfacet
  facet normal -2.31157e-05 -0.499925 0.866069
    outer loop
      vertex 8.03371 -75.5942 20.9582
      vertex 6.17293 -76.5206 20.4234
      vertex 8.1345 -76.1827 20.6185
    endloop
  endfacet
  facet normal 5.30766e-05 -0.50004 0.866002
    outer loop
      vertex 6.17293 -76.5206 20.4234
      vertex 8.03371 -75.5942 20.9582
      vertex 8 -75 21.3013
    endloop
  endfacet
  facet normal 7.65084e-05 -0.499973 0.866041
    outer loop
      vertex 18.4441 -67.7991 25.4587
      vertex 20.4111 -71.1542 23.5216
      vertex 20.7829 -71.5884 23.2709
    endloop
  endfacet
  facet normal -9.28349e-07 -0.500007 0.866022
    outer loop
      vertex 18.4441 -67.7991 25.4587
      vertex 19.9497 -70.7134 23.7761
      vertex 20.4111 -71.1542 23.5216
    endloop
  endfacet
  facet normal 0.000128012 -0.499957 0.86605
    outer loop
      vertex 18.4441 -67.7991 25.4587
      vertex 19.4408 -70.3139 24.0068
      vertex 19.9497 -70.7134 23.7761
    endloop
  endfacet
  facet normal -2.11643e-05 -0.500001 0.866025
    outer loop
      vertex 18.4441 -67.7991 25.4587
      vertex 18.889 -69.9595 24.2114
      vertex 19.4408 -70.3139 24.0068
    endloop
  endfacet
  facet normal 8.96541e-05 -0.499984 0.866035
    outer loop
      vertex 18.4441 -67.7991 25.4587
      vertex 18.3473 -69.6783 24.3738
      vertex 18.889 -69.9595 24.2114
    endloop
  endfacet
  facet normal -0.00106201 -0.499939 0.86606
    outer loop
      vertex 18.4441 -67.7991 25.4587
      vertex 18.2998 -69.6536 24.388
      vertex 18.3473 -69.6783 24.3738
    endloop
  endfacet
  facet normal -0.00059848 -0.499966 0.866045
    outer loop
      vertex 18.4441 -67.7991 25.4587
      vertex 18.2497 -69.6331 24.3998
      vertex 18.2998 -69.6536 24.388
    endloop
  endfacet
  facet normal 1.52041e-05 -0.500015 0.866017
    outer loop
      vertex 18.4441 -67.7991 25.4587
      vertex 17.6788 -69.3993 24.5348
      vertex 18.2497 -69.6331 24.3998
    endloop
  endfacet
  facet normal 0.000111932 -0.50005 0.865997
    outer loop
      vertex 18.4441 -67.7991 25.4587
      vertex 17.032 -69.1989 24.6506
      vertex 17.6788 -69.3993 24.5348
    endloop
  endfacet
  facet normal -8.22194e-05 -0.499903 0.866081
    outer loop
      vertex 18.4441 -67.7991 25.4587
      vertex 16.3656 -69.0543 24.734
      vertex 17.032 -69.1989 24.6506
    endloop
  endfacet
  facet normal -3.54159e-06 -0.500001 0.866025
    outer loop
      vertex 18.4441 -67.7991 25.4587
      vertex 15.6861 -68.967 24.7844
      vertex 16.3656 -69.0543 24.734
    endloop
  endfacet
  facet normal 4.70878e-05 -0.50009 0.865973
    outer loop
      vertex 18.4441 -67.7991 25.4587
      vertex 15 -68.9378 24.8013
      vertex 15.6861 -68.967 24.7844
    endloop
  endfacet
  facet normal 0 -0.499984 0.866035
    outer loop
      vertex 11.5558 -67.7991 25.4587
      vertex 15 -68.9378 24.8013
      vertex 18.4441 -67.7991 25.4587
    endloop
  endfacet
  facet normal -4.70876e-05 -0.50009 0.865973
    outer loop
      vertex 15 -68.9378 24.8013
      vertex 11.5558 -67.7991 25.4587
      vertex 14.3139 -68.967 24.7844
    endloop
  endfacet
  facet normal 3.54156e-06 -0.500001 0.866025
    outer loop
      vertex 14.3139 -68.967 24.7844
      vertex 11.5558 -67.7991 25.4587
      vertex 13.6344 -69.0543 24.734
    endloop
  endfacet
  facet normal -1.52038e-05 -0.500015 0.866017
    outer loop
      vertex 11.5558 -67.7991 25.4587
      vertex 11.7503 -69.6331 24.3998
      vertex 12.3212 -69.3993 24.5348
    endloop
  endfacet
  facet normal 8.22184e-05 -0.499903 0.866081
    outer loop
      vertex 13.6344 -69.0543 24.734
      vertex 11.5558 -67.7991 25.4587
      vertex 12.968 -69.1989 24.6506
    endloop
  endfacet
  facet normal -0.00011193 -0.50005 0.865997
    outer loop
      vertex 11.5558 -67.7991 25.4587
      vertex 12.3212 -69.3993 24.5348
      vertex 12.968 -69.1989 24.6506
    endloop
  endfacet
  facet normal 0.000598467 -0.499966 0.866045
    outer loop
      vertex 11.7503 -69.6331 24.3998
      vertex 11.5558 -67.7991 25.4587
      vertex 11.7002 -69.6536 24.388
    endloop
  endfacet
  facet normal 0.00106198 -0.499939 0.86606
    outer loop
      vertex 11.5558 -67.7991 25.4587
      vertex 11.6527 -69.6783 24.3738
      vertex 11.7002 -69.6536 24.388
    endloop
  endfacet
  facet normal -8.96517e-05 -0.499984 0.866035
    outer loop
      vertex 11.5558 -67.7991 25.4587
      vertex 11.111 -69.9595 24.2114
      vertex 11.6527 -69.6783 24.3738
    endloop
  endfacet
  facet normal 2.11636e-05 -0.500001 0.866025
    outer loop
      vertex 11.5558 -67.7991 25.4587
      vertex 10.5592 -70.3139 24.0068
      vertex 11.111 -69.9595 24.2114
    endloop
  endfacet
  facet normal -0.000128006 -0.499957 0.86605
    outer loop
      vertex 11.5558 -67.7991 25.4587
      vertex 10.0503 -70.7134 23.7761
      vertex 10.5592 -70.3139 24.0068
    endloop
  endfacet
  facet normal 9.28408e-07 -0.500007 0.866022
    outer loop
      vertex 11.5558 -67.7991 25.4587
      vertex 9.58893 -71.1542 23.5216
      vertex 10.0503 -70.7134 23.7761
    endloop
  endfacet
  facet normal -7.64518e-05 -0.499973 0.866041
    outer loop
      vertex 9.58893 -71.1542 23.5216
      vertex 11.5558 -67.7991 25.4587
      vertex 9.21706 -71.5884 23.2709
    endloop
  endfacet
  facet normal 6.24352e-08 -0.499988 0.866032
    outer loop
      vertex 23.3149 -72.0173 23.0233
      vertex 21.364 -69.4886 24.4832
      vertex 23.8271 -76.5206 20.4234
    endloop
  endfacet
  facet normal -4.35099e-05 -0.499992 0.86603
    outer loop
      vertex 23.8271 -73.4794 22.1792
      vertex 23.3149 -72.0173 23.0233
      vertex 23.8271 -76.5206 20.4234
    endloop
  endfacet
  facet normal -0.514124 -0.742804 -0.428858
    outer loop
      vertex 10.7574 -81.8739 17.3326
      vertex 9.99987 -81.4807 17.5597
      vertex 10.7574 -55.8689 -27.7094
    endloop
  endfacet
  facet normal 0 0.500854 -0.865532
    outer loop
      vertex 15 -56.7892 -28.2407
      vertex 14.1178 -56.7517 -28.219
      vertex 15.8822 -56.7517 -28.219
    endloop
  endfacet
  facet normal -3.0538e-05 -0.500069 0.865986
    outer loop
      vertex 13.2442 -82.6445 16.8877
      vertex 10.7574 -81.8739 17.3326
      vertex 11.5558 -82.2009 17.1438
    endloop
  endfacet
  facet normal 0.000103084 0.499541 -0.86629
    outer loop
      vertex 17.6126 -56.4536 -28.0469
      vertex 16.7558 -56.6395 -28.1542
      vertex 18.4441 -56.1959 -27.8982
    endloop
  endfacet
  facet normal -0.000415275 -0.500229 0.865893
    outer loop
      vertex 22.9373 -71.3258 23.4226
      vertex 21.364 -69.4886 24.4832
      vertex 23.3149 -72.0173 23.0233
    endloop
  endfacet
  facet normal -0.595709 -0.695592 -0.4016
    outer loop
      vertex 9.29046 -55.02 -27.2193
      vertex 9.99987 -81.4807 17.5597
      vertex 9.29046 -81.025 17.8227
    endloop
  endfacet
  facet normal -0.595709 -0.695592 -0.4016
    outer loop
      vertex 9.99987 -81.4807 17.5597
      vertex 9.29046 -55.02 -27.2193
      vertex 9.99987 -55.4757 -27.4823
    endloop
  endfacet
  facet normal -3.64929e-05 -0.499998 0.866027
    outer loop
      vertex 21.364 -69.4886 24.4832
      vertex 21.4883 -72.7312 22.6111
      vertex 23.8271 -76.5206 20.4234
    endloop
  endfacet
  facet normal 0.00441857 -0.499865 0.866092
    outer loop
      vertex 21.4883 -72.7312 22.6111
      vertex 21.364 -69.4886 24.4832
      vertex 21.4672 -72.6801 22.6407
    endloop
  endfacet
  facet normal 6.30758e-05 -0.499975 0.86604
    outer loop
      vertex 21.364 -69.4886 24.4832
      vertex 21.1734 -72.1423 22.9512
      vertex 21.4672 -72.6801 22.6407
    endloop
  endfacet
  facet normal 3.5168e-07 -0.499972 0.866042
    outer loop
      vertex 21.364 -69.4886 24.4832
      vertex 20.8203 -71.632 23.2458
      vertex 21.1734 -72.1423 22.9512
    endloop
  endfacet
  facet normal -0.00126172 -0.499731 0.866179
    outer loop
      vertex 21.364 -69.4886 24.4832
      vertex 20.7829 -71.5884 23.2709
      vertex 20.8203 -71.632 23.2458
    endloop
  endfacet
  facet normal 2.11911e-05 -0.499998 0.866026
    outer loop
      vertex 20.7829 -71.5884 23.2709
      vertex 21.364 -69.4886 24.4832
      vertex 18.4441 -67.7991 25.4587
    endloop
  endfacet
  facet normal 0.00010592 0.499888 -0.86609
    outer loop
      vertex 21.364 -54.5064 -26.9227
      vertex 18.4441 -56.1959 -27.8982
      vertex 22.4832 -53.3252 -26.2408
    endloop
  endfacet
  facet normal 0 0.500023 -0.866012
    outer loop
      vertex 23.9154 -50 -24.3209
      vertex 23.8271 -50.5156 -24.6186
      vertex 23.8271 -50 -24.3209
    endloop
  endfacet
  facet normal -0.989174 -0.127084 -0.0733719
    outer loop
      vertex 6.12816 -56.5358 -13.5876
      vertex 6.04334 -75.764 20.8602
      vertex 6.04334 -56.8848 -11.8396
    endloop
  endfacet
  facet normal -0.989183 -0.127033 -0.0733433
    outer loop
      vertex 6.04334 -75.764 20.8602
      vertex 6.12816 -56.5358 -13.5876
      vertex 6.14234 -56.4748 -13.8845
    endloop
  endfacet
  facet normal -0.671733 0.641546 0.370398
    outer loop
      vertex 9.19239 -57.4388 4.62073
      vertex 9.29046 -68.975 24.7798
      vertex 9.29046 -57.3257 4.60269
    endloop
  endfacet
  facet normal -0.671482 0.641743 0.37051
    outer loop
      vertex 8.92776 -57.6676 4.53743
      vertex 9.29046 -68.975 24.7798
      vertex 9.19239 -57.4388 4.62073
    endloop
  endfacet
  facet normal -0.671533 0.641702 0.370488
    outer loop
      vertex 9.29046 -68.975 24.7798
      vertex 8.92776 -57.6676 4.53743
      vertex 8.63604 -69.4886 24.4832
    endloop
  endfacet
  facet normal 0.242949 0.840079 0.485019
    outer loop
      vertex 16.7558 -43.2744 -15.995
      vertex 16.7558 -67.3555 25.7148
      vertex 17.5473 -43.5033 -15.995
    endloop
  endfacet
  facet normal 0.803237 -0.515857 -0.29783
    outer loop
      vertex 22.4832 -79.3302 18.8012
      vertex 21.9571 -79.9446 18.4465
      vertex 22.4832 -53.3252 -26.2408
    endloop
  endfacet
  facet normal 1.41916e-06 0.500009 -0.86602
    outer loop
      vertex 8.24711 -52.9094 -26.0007
      vertex 9.21706 -52.4066 -25.7104
      vertex 11.5558 -56.1959 -27.8982
    endloop
  endfacet
  facet normal -0.000191123 0.500287 -0.86586
    outer loop
      vertex 9.21706 -52.4066 -25.7104
      vertex 8.24711 -52.9094 -26.0007
      vertex 9.17971 -52.363 -25.6852
    endloop
  endfacet
  facet normal 2.71635e-05 0.500008 -0.866021
    outer loop
      vertex 9.17971 -52.363 -25.6852
      vertex 8.24711 -52.9094 -26.0007
      vertex 9.0777 -52.2156 -25.6001
    endloop
  endfacet
  facet normal -3.80604e-06 0.500005 -0.866023
    outer loop
      vertex 8.24711 -52.9094 -26.0007
      vertex 11.5558 -56.1959 -27.8982
      vertex 7.57652 -53.3677 -26.2653
    endloop
  endfacet
  facet normal -0.671533 -0.641703 -0.370487
    outer loop
      vertex 9.29046 -81.025 17.8227
      vertex 8.63604 -80.5114 18.1193
      vertex 8.63604 -54.5064 -26.9227
    endloop
  endfacet
  facet normal 0.336899 -0.815398 -0.470771
    outer loop
      vertex 18.4441 -56.1959 -27.8982
      vertex 17.6126 -82.4586 16.995
      vertex 17.6126 -56.4536 -28.0469
    endloop
  endfacet
  facet normal -2.3942e-05 0.500057 -0.865993
    outer loop
      vertex 19.2426 -55.8689 -27.7094
      vertex 18.4441 -56.1959 -27.8982
      vertex 21.364 -54.5064 -26.9227
    endloop
  endfacet
  facet normal 0 -0.50001 0.86602
    outer loop
      vertex 14.1178 -67.2433 25.7796
      vertex 18.4441 -67.7991 25.4587
      vertex 15.8822 -67.2433 25.7796
    endloop
  endfacet
  facet normal 0 -0.50001 0.86602
    outer loop
      vertex 18.4441 -67.7991 25.4587
      vertex 14.1178 -67.2433 25.7796
      vertex 11.5558 -67.7991 25.4587
    endloop
  endfacet
  facet normal 0.970029 -0.210433 -0.121494
    outer loop
      vertex 23.8271 -50.5156 -24.6186
      vertex 23.6125 -77.2625 19.995
      vertex 23.6125 -51.2575 -25.047
    endloop
  endfacet
  facet normal 0.00027528 -0.500015 0.866016
    outer loop
      vertex 24 -75 21.3013
      vertex 23.8271 -76.5206 20.4234
      vertex 23.9567 -75.764 20.8602
    endloop
  endfacet
  facet normal 0 -0.499992 0.86603
    outer loop
      vertex 6.17293 -73.4794 22.1792
      vertex 6 -75 21.3013
      vertex 6.17293 -76.5206 20.4234
    endloop
  endfacet
  facet normal -0.970026 0.210445 0.1215
    outer loop
      vertex 6.17293 -58.1262 -4.41338
      vertex 6.17293 -73.4794 22.1792
      vertex 6.29499 -58.2667 -3.19553
    endloop
  endfacet
  facet normal 0.00171252 -0.499845 0.866113
    outer loop
      vertex 23.9567 -74.236 21.7423
      vertex 23.8271 -73.4794 22.1792
      vertex 24 -75 21.3013
    endloop
  endfacet
  facet normal 0.989176 0.127074 0.0733654
    outer loop
      vertex 23.9567 -74.236 21.7423
      vertex 23.9476 -50 -20.1133
      vertex 23.8271 -73.4794 22.1792
    endloop
  endfacet
  facet normal 0.989125 0.127371 0.0735379
    outer loop
      vertex 23.9476 -50 -20.1133
      vertex 23.9567 -74.236 21.7423
      vertex 23.9567 -50 -20.2357
    endloop
  endfacet
  facet normal 0.98918 -0.127025 -0.0733977
    outer loop
      vertex 23.9567 -50 -23.7643
      vertex 23.8271 -50.5156 -24.6186
      vertex 23.9154 -50 -24.3209
    endloop
  endfacet
  facet normal 0.989176 -0.127075 -0.0733669
    outer loop
      vertex 23.8271 -50.5156 -24.6186
      vertex 23.9567 -50 -23.7643
      vertex 23.9567 -75.764 20.8602
    endloop
  endfacet
  facet normal 0.998798 0.0424577 0.024513
    outer loop
      vertex 24 -75 21.3013
      vertex 23.9567 -50 -20.2357
      vertex 23.9567 -74.236 21.7423
    endloop
  endfacet
  facet normal 0.998798 0.0424574 0.0245128
    outer loop
      vertex 23.9567 -50 -20.2357
      vertex 24 -75 21.3013
      vertex 24 -50 -22
    endloop
  endfacet
  facet normal -0.00029932 -0.500378 0.865807
    outer loop
      vertex 20.7095 -68.975 24.7798
      vertex 19.2426 -68.1261 25.2699
      vertex 21.364 -69.4886 24.4832
    endloop
  endfacet
  facet normal 0.000129934 -0.499891 0.866088
    outer loop
      vertex 22.4832 -70.6698 23.8013
      vertex 21.9571 -70.0554 24.156
      vertex 22.9373 -71.3258 23.4226
    endloop
  endfacet
  facet normal 7.10546e-05 -0.500007 0.866021
    outer loop
      vertex 8.04291 -70.0554 24.156
      vertex 7.06271 -71.3258 23.4226
      vertex 8.63604 -69.4886 24.4832
    endloop
  endfacet
  facet normal -0.98918 0.127053 0.0733538
    outer loop
      vertex 6.12816 -58.0122 -5.21456
      vertex 6.17293 -73.4794 22.1792
      vertex 6.17293 -58.1262 -4.41338
    endloop
  endfacet
  facet normal -0.989174 0.127086 0.0733728
    outer loop
      vertex 6.17293 -73.4794 22.1792
      vertex 6.12816 -58.0122 -5.21456
      vertex 6.09305 -57.9163 -5.854
    endloop
  endfacet
  facet normal -0.0490531 0.864983 0.499398
    outer loop
      vertex 15 -43.0747 -15.995
      vertex 14.1818 -43.1211 -15.995
      vertex 15 -67.2058 25.8013
    endloop
  endfacet
  facet normal -0.0490521 0.864983 0.499398
    outer loop
      vertex 14.1818 -43.1211 -15.995
      vertex 14.1178 -67.2433 25.7796
      vertex 15 -67.2058 25.8013
    endloop
  endfacet
  facet normal -0.0486562 0.864999 0.499408
    outer loop
      vertex 14.1178 -67.2433 25.7796
      vertex 14.1818 -43.1211 -15.995
      vertex 14.1178 -43.1247 -15.995
    endloop
  endfacet
  facet normal -0.970012 -0.210495 -0.121531
    outer loop
      vertex 6.38754 -77.2625 19.995
      vertex 6.17293 -56.3433 -14.5247
      vertex 6.21863 -56.2106 -15.1193
    endloop
  endfacet
  facet normal -0.970027 -0.210442 -0.121499
    outer loop
      vertex 6.17293 -56.3433 -14.5247
      vertex 6.38754 -77.2625 19.995
      vertex 6.17293 -76.5206 20.4234
    endloop
  endfacet
  facet normal -0.998795 -0.0424939 -0.0245338
    outer loop
      vertex 6.04334 -75.764 20.8602
      vertex 6 -57.3626 -9.24761
      vertex 6.04334 -56.8848 -11.8396
    endloop
  endfacet
  facet normal -0.998795 -0.0424945 -0.0245342
    outer loop
      vertex 6 -57.3626 -9.24761
      vertex 6.04334 -75.764 20.8602
      vertex 6 -75 21.3013
    endloop
  endfacet
  facet normal 0.000246608 0.500145 -0.865941
    outer loop
      vertex 8.04291 -53.9396 -26.5955
      vertex 7.56468 -53.3758 -26.27
      vertex 8.63604 -54.5064 -26.9227
    endloop
  endfacet
  facet normal -0.0103213 0.493381 -0.869752
    outer loop
      vertex 7.56468 -53.3758 -26.27
      vertex 8.04291 -53.9396 -26.5955
      vertex 7.56177 -53.3778 -26.2711
    endloop
  endfacet
  facet normal -7.02875e-05 0.499935 -0.866063
    outer loop
      vertex 8.63604 -54.5064 -26.9227
      vertex 7.57652 -53.3677 -26.2653
      vertex 11.5558 -56.1959 -27.8982
    endloop
  endfacet
  facet normal 0.00105728 0.500721 -0.865608
    outer loop
      vertex 7.57652 -53.3677 -26.2653
      vertex 8.63604 -54.5064 -26.9227
      vertex 7.56468 -53.3758 -26.27
    endloop
  endfacet
  facet normal -0.243009 -0.840065 -0.485013
    outer loop
      vertex 13.2442 -82.6445 16.8877
      vertex 12.3874 -82.4586 16.995
      vertex 13.2442 -56.6395 -28.1542
    endloop
  endfacet
  facet normal -7.73145e-06 -0.500014 0.866018
    outer loop
      vertex 13.2442 -82.6445 16.8877
      vertex 6.17293 -76.5206 20.4234
      vertex 10.7574 -81.8739 17.3326
    endloop
  endfacet
  facet normal 0.000140027 -0.500381 0.865805
    outer loop
      vertex 18.4441 -82.2009 17.1438
      vertex 16.7558 -82.6445 16.8877
      vertex 17.6126 -82.4586 16.995
    endloop
  endfacet
  facet normal 7.65084e-05 0.499973 -0.866041
    outer loop
      vertex 18.4441 -56.1959 -27.8982
      vertex 20.4111 -52.8408 -25.9611
      vertex 20.7829 -52.4066 -25.7104
    endloop
  endfacet
  facet normal -9.28349e-07 0.500007 -0.866022
    outer loop
      vertex 18.4441 -56.1959 -27.8982
      vertex 19.9497 -53.2816 -26.2156
      vertex 20.4111 -52.8408 -25.9611
    endloop
  endfacet
  facet normal -0.000158266 0.500068 -0.865986
    outer loop
      vertex 18.4441 -56.1959 -27.8982
      vertex 19.4408 -53.6811 -26.4462
      vertex 19.9497 -53.2816 -26.2156
    endloop
  endfacet
  facet normal 0.000159706 0.499973 -0.866041
    outer loop
      vertex 18.4441 -56.1959 -27.8982
      vertex 18.889 -54.0355 -26.6509
      vertex 19.4408 -53.6811 -26.4462
    endloop
  endfacet
  facet normal -0.000181664 0.500026 -0.86601
    outer loop
      vertex 18.4441 -56.1959 -27.8982
      vertex 18.2998 -54.3414 -26.8274
      vertex 18.889 -54.0355 -26.6509
    endloop
  endfacet
  facet normal 8.86231e-05 0.500042 -0.866001
    outer loop
      vertex 18.4441 -56.1959 -27.8982
      vertex 17.6788 -54.5957 -26.9743
      vertex 18.2998 -54.3414 -26.8274
    endloop
  endfacet
  facet normal -4.67853e-06 0.500008 -0.866021
    outer loop
      vertex 18.4441 -56.1959 -27.8982
      vertex 17.032 -54.7961 -27.09
      vertex 17.6788 -54.5957 -26.9743
    endloop
  endfacet
  facet normal 1.33899e-05 0.500022 -0.866013
    outer loop
      vertex 18.4441 -56.1959 -27.8982
      vertex 16.3656 -54.9407 -27.1735
      vertex 17.032 -54.7961 -27.09
    endloop
  endfacet
  facet normal -7.07043e-05 0.499917 -0.866073
    outer loop
      vertex 18.4441 -56.1959 -27.8982
      vertex 15.7408 -55.021 -27.2198
      vertex 16.3656 -54.9407 -27.1735
    endloop
  endfacet
  facet normal 0.000710312 0.501264 -0.865294
    outer loop
      vertex 18.4441 -56.1959 -27.8982
      vertex 15.6861 -55.028 -27.2239
      vertex 15.7408 -55.021 -27.2198
    endloop
  endfacet
  facet normal -0.000399129 0.4993 -0.866429
    outer loop
      vertex 18.4441 -56.1959 -27.8982
      vertex 15.6309 -55.0303 -27.2252
      vertex 15.6861 -55.028 -27.2239
    endloop
  endfacet
  facet normal -3.94024e-05 0.499951 -0.866054
    outer loop
      vertex 18.4441 -56.1959 -27.8982
      vertex 15 -55.0572 -27.2407
      vertex 15.6309 -55.0303 -27.2252
    endloop
  endfacet
  facet normal 0 0.500041 -0.866002
    outer loop
      vertex 11.5558 -56.1959 -27.8982
      vertex 15 -55.0572 -27.2407
      vertex 18.4441 -56.1959 -27.8982
    endloop
  endfacet
  facet normal 3.94022e-05 0.499951 -0.866054
    outer loop
      vertex 15 -55.0572 -27.2407
      vertex 11.5558 -56.1959 -27.8982
      vertex 14.3691 -55.0303 -27.2252
    endloop
  endfacet
  facet normal 0.000399128 0.4993 -0.866429
    outer loop
      vertex 14.3691 -55.0303 -27.2252
      vertex 11.5558 -56.1959 -27.8982
      vertex 14.3139 -55.028 -27.2239
    endloop
  endfacet
  facet normal -0.000710306 0.501264 -0.865294
    outer loop
      vertex 14.3139 -55.028 -27.2239
      vertex 11.5558 -56.1959 -27.8982
      vertex 14.2592 -55.021 -27.2198
    endloop
  endfacet
  facet normal 7.07037e-05 0.499917 -0.866073
    outer loop
      vertex 14.2592 -55.021 -27.2198
      vertex 11.5558 -56.1959 -27.8982
      vertex 13.6344 -54.9407 -27.1735
    endloop
  endfacet
  facet normal -1.33897e-05 0.500022 -0.866013
    outer loop
      vertex 13.6344 -54.9407 -27.1735
      vertex 11.5558 -56.1959 -27.8982
      vertex 12.968 -54.7961 -27.09
    endloop
  endfacet
  facet normal 4.67845e-06 0.500008 -0.866021
    outer loop
      vertex 11.5558 -56.1959 -27.8982
      vertex 12.3212 -54.5957 -26.9743
      vertex 12.968 -54.7961 -27.09
    endloop
  endfacet
  facet normal -8.86213e-05 0.500042 -0.866001
    outer loop
      vertex 11.5558 -56.1959 -27.8982
      vertex 11.7002 -54.3414 -26.8274
      vertex 12.3212 -54.5957 -26.9743
    endloop
  endfacet
  facet normal 0.000181659 0.500026 -0.86601
    outer loop
      vertex 11.5558 -56.1959 -27.8982
      vertex 11.111 -54.0355 -26.6509
      vertex 11.7002 -54.3414 -26.8274
    endloop
  endfacet
  facet normal -0.000159701 0.499973 -0.866041
    outer loop
      vertex 11.5558 -56.1959 -27.8982
      vertex 10.5592 -53.6811 -26.4462
      vertex 11.111 -54.0355 -26.6509
    endloop
  endfacet
  facet normal 0.000158259 0.500068 -0.865986
    outer loop
      vertex 11.5558 -56.1959 -27.8982
      vertex 10.0503 -53.2816 -26.2156
      vertex 10.5592 -53.6811 -26.4462
    endloop
  endfacet
  facet normal 9.28408e-07 0.500007 -0.866022
    outer loop
      vertex 11.5558 -56.1959 -27.8982
      vertex 9.58893 -52.8408 -25.9611
      vertex 10.0503 -53.2816 -26.2156
    endloop
  endfacet
  facet normal -7.64518e-05 0.499973 -0.866041
    outer loop
      vertex 9.58893 -52.8408 -25.9611
      vertex 11.5558 -56.1959 -27.8982
      vertex 9.21706 -52.4066 -25.7104
    endloop
  endfacet
  facet normal 0 0.500018 -0.866015
    outer loop
      vertex 22.2683 -50 -24.3209
      vertex 21.8655 -50.1777 -24.4235
      vertex 21.8959 -50 -24.3209
    endloop
  endfacet
  facet normal 3.50169e-06 0.500012 -0.866019
    outer loop
      vertex 22.2683 -50 -24.3209
      vertex 21.6986 -50.7548 -24.7567
      vertex 21.8655 -50.1777 -24.4235
    endloop
  endfacet
  facet normal -8.92099e-05 0.500064 -0.865988
    outer loop
      vertex 21.6986 -50.7548 -24.7567
      vertex 22.2683 -50 -24.3209
      vertex 21.4883 -51.2638 -25.0506
    endloop
  endfacet
  facet normal -0.14671 -0.856654 -0.49459
    outer loop
      vertex 13.2442 -56.6395 -28.1542
      vertex 14.1178 -82.7567 16.8229
      vertex 13.2442 -82.6445 16.8877
    endloop
  endfacet
  facet normal -0.14671 -0.856654 -0.49459
    outer loop
      vertex 14.1178 -82.7567 16.8229
      vertex 13.2442 -56.6395 -28.1542
      vertex 14.1178 -56.7517 -28.219
    endloop
  endfacet
  facet normal -0.243009 -0.840065 -0.485013
    outer loop
      vertex 13.2442 -56.6395 -28.1542
      vertex 12.3874 -82.4586 16.995
      vertex 12.3874 -56.4536 -28.0469
    endloop
  endfacet
  facet normal 0.336682 0.815463 0.470813
    outer loop
      vertex 17.6126 -43.5222 -15.995
      vertex 18.4441 -67.7991 25.4587
      vertex 17.6763 -43.5485 -15.995
    endloop
  endfacet
  facet normal 0.336949 0.815383 0.470761
    outer loop
      vertex 18.4441 -67.7991 25.4587
      vertex 17.6126 -43.5222 -15.995
      vertex 17.6126 -67.5414 25.6075
    endloop
  endfacet
  facet normal 0.595656 0.695626 0.401621
    outer loop
      vertex 20.6427 -45.3764 -15.995
      vertex 20.7095 -68.975 24.7798
      vertex 20.7095 -45.4336 -15.995
    endloop
  endfacet
  facet normal 0.595751 0.695565 0.401585
    outer loop
      vertex 20.7095 -68.975 24.7798
      vertex 20.6427 -45.3764 -15.995
      vertex 20.0001 -68.5193 25.0429
    endloop
  endfacet
  facet normal 0.740947 0.581591 0.335782
    outer loop
      vertex 21.364 -46.1185 -15.995
      vertex 21.364 -69.4886 24.4832
      vertex 21.8932 -46.7927 -15.995
    endloop
  endfacet
  facet normal 0 -0.500854 0.865532
    outer loop
      vertex 15 -67.2058 25.8013
      vertex 14.1178 -67.2433 25.7796
      vertex 15.8822 -67.2433 25.7796
    endloop
  endfacet
  facet normal 5.11159e-06 0.500018 -0.866015
    outer loop
      vertex 21.4883 -51.2638 -25.0506
      vertex 23.247 -50 -24.3209
      vertex 22.4832 -53.3252 -26.2408
    endloop
  endfacet
  facet normal 0 0.500023 -0.866012
    outer loop
      vertex 23.247 -50 -24.3209
      vertex 21.4883 -51.2638 -25.0506
      vertex 22.2683 -50 -24.3209
    endloop
  endfacet
  facet normal -7.27087e-05 0.499989 -0.866031
    outer loop
      vertex 22.4832 -53.3252 -26.2408
      vertex 21.4672 -51.3149 -25.0801
      vertex 21.4883 -51.2638 -25.0506
    endloop
  endfacet
  facet normal -2.0039e-05 0.500009 -0.86602
    outer loop
      vertex 22.4832 -53.3252 -26.2408
      vertex 21.1734 -51.8527 -25.3906
      vertex 21.4672 -51.3149 -25.0801
    endloop
  endfacet
  facet normal -4.26772e-05 0.499994 -0.866029
    outer loop
      vertex 22.4832 -53.3252 -26.2408
      vertex 20.8203 -52.363 -25.6852
      vertex 21.1734 -51.8527 -25.3906
    endloop
  endfacet
  facet normal 0.0001858 0.50029 -0.865858
    outer loop
      vertex 22.4832 -53.3252 -26.2408
      vertex 20.7829 -52.4066 -25.7104
      vertex 20.8203 -52.363 -25.6852
    endloop
  endfacet
  facet normal -1.32694e-05 0.500014 -0.866017
    outer loop
      vertex 20.7829 -52.4066 -25.7104
      vertex 22.4832 -53.3252 -26.2408
      vertex 18.4441 -56.1959 -27.8982
    endloop
  endfacet
  facet normal 0.941528 -0.291794 -0.168467
    outer loop
      vertex 23.6125 -77.2625 19.995
      vertex 23.3149 -51.9777 -25.4628
      vertex 23.6125 -51.2575 -25.047
    endloop
  endfacet
  facet normal 0.941528 -0.291794 -0.168467
    outer loop
      vertex 23.3149 -51.9777 -25.4628
      vertex 23.6125 -77.2625 19.995
      vertex 23.3149 -77.9827 19.5792
    endloop
  endfacet
  facet normal -0.00164505 -0.500412 0.865786
    outer loop
      vertex 23.6125 -72.7375 22.6076
      vertex 23.3149 -72.0173 23.0233
      vertex 23.8271 -73.4794 22.1792
    endloop
  endfacet
  facet normal 0.998798 -0.0424553 -0.0245116
    outer loop
      vertex 23.9567 -75.764 20.8602
      vertex 24 -50 -22
      vertex 24 -75 21.3013
    endloop
  endfacet
  facet normal 0.998798 -0.0424574 -0.0245128
    outer loop
      vertex 24 -50 -22
      vertex 23.9567 -75.764 20.8602
      vertex 23.9567 -50 -23.7643
    endloop
  endfacet
  facet normal 0 0.500023 -0.866012
    outer loop
      vertex 23.8271 -50.5156 -24.6186
      vertex 23.247 -50 -24.3209
      vertex 23.8271 -50 -24.3209
    endloop
  endfacet
  facet normal -4.32492e-06 0.500019 -0.866014
    outer loop
      vertex 23.247 -50 -24.3209
      vertex 23.8271 -50.5156 -24.6186
      vertex 22.4832 -53.3252 -26.2408
    endloop
  endfacet
  facet normal 0.857696 -0.445273 -0.257078
    outer loop
      vertex 22.9373 -78.6742 19.18
      vertex 22.4832 -53.3252 -26.2408
      vertex 22.9373 -52.6692 -25.862
    endloop
  endfacet
  facet normal 0.941521 0.291811 0.168477
    outer loop
      vertex 23.3149 -72.0173 23.0233
      vertex 23.6125 -49.87 -17
      vertex 23.3149 -48.9098 -17
    endloop
  endfacet
  facet normal 0.941522 0.291809 0.168477
    outer loop
      vertex 23.6125 -49.87 -17
      vertex 23.3149 -72.0173 23.0233
      vertex 23.6125 -72.7375 22.6076
    endloop
  endfacet
  facet normal 0.000299186 -0.500378 0.865807
    outer loop
      vertex 9.29046 -68.975 24.7798
      vertex 8.63604 -69.4886 24.4832
      vertex 10.7574 -68.1261 25.2699
    endloop
  endfacet
  facet normal 9.17366e-05 -0.500109 0.865962
    outer loop
      vertex 9.99987 -68.5193 25.0429
      vertex 9.29046 -68.975 24.7798
      vertex 10.7574 -68.1261 25.2699
    endloop
  endfacet
  facet normal 4.35142e-05 -0.499992 0.86603
    outer loop
      vertex 6.17293 -73.4794 22.1792
      vertex 6.17293 -76.5206 20.4234
      vertex 6.68508 -72.0173 23.0233
    endloop
  endfacet
  facet normal -0.741013 0.581528 0.335744
    outer loop
      vertex 8.04291 -70.0554 24.156
      vertex 8.37102 -58.1226 4.21187
      vertex 8.24711 -58.2174 4.10259
    endloop
  endfacet
  facet normal -0.740943 0.581594 0.335784
    outer loop
      vertex 8.04291 -70.0554 24.156
      vertex 8.24711 -58.2174 4.10259
      vertex 8.04291 -58.3244 3.83733
    endloop
  endfacet
  facet normal -0.740974 0.581565 0.335767
    outer loop
      vertex 8.37102 -58.1226 4.21187
      vertex 8.04291 -70.0554 24.156
      vertex 8.63604 -69.4886 24.4832
    endloop
  endfacet
  facet normal 0.0490531 0.864983 0.499398
    outer loop
      vertex 15 -43.0747 -15.995
      vertex 15 -67.2058 25.8013
      vertex 15.8182 -43.1211 -15.995
    endloop
  endfacet
  facet normal 0.0486562 0.864999 0.499408
    outer loop
      vertex 15.8182 -43.1211 -15.995
      vertex 15.8822 -67.2433 25.7796
      vertex 15.8822 -43.1247 -15.995
    endloop
  endfacet
  facet normal 0.0490521 0.864983 0.499398
    outer loop
      vertex 15.8822 -67.2433 25.7796
      vertex 15.8182 -43.1211 -15.995
      vertex 15 -67.2058 25.8013
    endloop
  endfacet
  facet normal 0.910793 0.339785 0.234525
    outer loop
      vertex 7.51432 -53.4621 -25.9955
      vertex 7.22241 -54.0259 -24.045
      vertex 7.31091 -53.855 -24.6363
    endloop
  endfacet
  facet normal -0.857752 -0.445193 -0.257032
    outer loop
      vertex 7.22241 -54.0259 -24.045
      vertex 7.06271 -78.6742 19.18
      vertex 7.06271 -54.3011 -23.0354
    endloop
  endfacet
  facet normal -0.857711 -0.445252 -0.257066
    outer loop
      vertex 7.06271 -78.6742 19.18
      vertex 7.22241 -54.0259 -24.045
      vertex 7.51432 -53.4621 -25.9955
    endloop
  endfacet
  facet normal -0.00101857 0.498669 -0.866792
    outer loop
      vertex 9.99987 -55.4757 -27.4823
      vertex 9.29046 -55.02 -27.2193
      vertex 10.7574 -55.8689 -27.7094
    endloop
  endfacet
  facet normal 0.000299186 0.500378 -0.865807
    outer loop
      vertex 9.29046 -55.02 -27.2193
      vertex 8.63604 -54.5064 -26.9227
      vertex 10.7574 -55.8689 -27.7094
    endloop
  endfacet
  facet normal -0.671533 -0.641703 -0.370487
    outer loop
      vertex 9.29046 -81.025 17.8227
      vertex 8.63604 -54.5064 -26.9227
      vertex 9.29046 -55.02 -27.2193
    endloop
  endfacet
  facet normal -0.0489957 -0.864985 -0.4994
    outer loop
      vertex 15 -82.7942 16.8013
      vertex 14.1178 -82.7567 16.8229
      vertex 14.1178 -56.7517 -28.219
    endloop
  endfacet
  facet normal 0.243009 -0.840065 -0.485013
    outer loop
      vertex 17.6126 -82.4586 16.995
      vertex 16.7558 -82.6445 16.8877
      vertex 16.7558 -56.6395 -28.1542
    endloop
  endfacet
  facet normal -0.90399 -0.370273 -0.213777
    outer loop
      vertex 7.06271 -78.6742 19.18
      vertex 6.68508 -55.0373 -20.1634
      vertex 7.06271 -54.3011 -23.0354
    endloop
  endfacet
  facet normal -0.903994 -0.370264 -0.213772
    outer loop
      vertex 6.68508 -55.0373 -20.1634
      vertex 7.06271 -78.6742 19.18
      vertex 6.68508 -77.9827 19.5792
    endloop
  endfacet
  facet normal -0.860037 -0.441875 -0.255116
    outer loop
      vertex 7.51677 -79.3302 18.8012
      vertex 7.51432 -53.4621 -25.9955
      vertex 7.51677 -53.4574 -26.0119
    endloop
  endfacet
  facet normal -0.857716 -0.445244 -0.257061
    outer loop
      vertex 7.51432 -53.4621 -25.9955
      vertex 7.51677 -79.3302 18.8012
      vertex 7.06271 -78.6742 19.18
    endloop
  endfacet
  facet normal 0.671488 -0.641738 -0.370507
    outer loop
      vertex 21.364 -80.5114 18.1193
      vertex 20.7095 -81.025 17.8227
      vertex 21.364 -54.5064 -26.9227
    endloop
  endfacet
  facet normal 9.65537e-05 0.499559 -0.86628
    outer loop
      vertex 16.7558 -56.6395 -28.1542
      vertex 15.8822 -56.7517 -28.219
      vertex 18.4441 -56.1959 -27.8982
    endloop
  endfacet
  facet normal 0.514139 -0.742796 -0.428853
    outer loop
      vertex 20.0001 -81.4807 17.5597
      vertex 19.2426 -55.8689 -27.7094
      vertex 20.0001 -55.4757 -27.4823
    endloop
  endfacet
  facet normal 0.00101872 0.498669 -0.866792
    outer loop
      vertex 20.0001 -55.4757 -27.4823
      vertex 19.2426 -55.8689 -27.7094
      vertex 20.7095 -55.02 -27.2193
    endloop
  endfacet
  facet normal -0.336559 0.815503 0.470832
    outer loop
      vertex 11.5558 -67.7991 25.4587
      vertex 11.6673 -53.0886 0.0591317
      vertex 11.5558 -53.4128 0.540959
    endloop
  endfacet
  facet normal -0.336964 0.815378 0.470758
    outer loop
      vertex 11.5558 -67.7991 25.4587
      vertex 12.0104 -52.0903 -1.42439
      vertex 11.6673 -53.0886 0.0591317
    endloop
  endfacet
  facet normal -0.33719 0.81531 0.470714
    outer loop
      vertex 12.0104 -52.0903 -1.42439
      vertex 11.5558 -67.7991 25.4587
      vertex 12.0593 -51.8995 -1.71984
    endloop
  endfacet
  facet normal -0.14671 0.856654 0.49459
    outer loop
      vertex 14.1178 -43.1247 -15.995
      vertex 13.2442 -67.3555 25.7148
      vertex 14.1178 -67.2433 25.7796
    endloop
  endfacet
  facet normal -0.146794 0.856644 0.494583
    outer loop
      vertex 13.2442 -67.3555 25.7148
      vertex 14.1178 -43.1247 -15.995
      vertex 13.2442 -43.2744 -15.995
    endloop
  endfacet
  facet normal -0.595746 0.695568 0.401588
    outer loop
      vertex 9.99987 -68.5193 25.0429
      vertex 9.29046 -57.3257 4.60269
      vertex 9.29046 -68.975 24.7798
    endloop
  endfacet
  facet normal -0.595721 0.695584 0.401596
    outer loop
      vertex 9.29046 -57.3257 4.60269
      vertex 9.99987 -68.5193 25.0429
      vertex 9.67583 -56.8492 4.34902
    endloop
  endfacet
  facet normal -0.427532 0.782887 0.452
    outer loop
      vertex 11.5558 -67.7991 25.4587
      vertex 10.7574 -55.2035 2.88731
      vertex 10.7574 -68.1261 25.2699
    endloop
  endfacet
  facet normal -0.426831 0.783187 0.452143
    outer loop
      vertex 11.5558 -67.7991 25.4587
      vertex 10.8091 -55.1141 2.78126
      vertex 10.7574 -55.2035 2.88731
    endloop
  endfacet
  facet normal -0.427544 0.782883 0.451996
    outer loop
      vertex 11.5558 -67.7991 25.4587
      vertex 11.2082 -54.2366 1.63889
      vertex 10.8091 -55.1141 2.78126
    endloop
  endfacet
  facet normal -0.427545 0.782882 0.451996
    outer loop
      vertex 11.5558 -67.7991 25.4587
      vertex 11.465 -53.6719 0.903706
      vertex 11.2082 -54.2366 1.63889
    endloop
  endfacet
  facet normal -0.428108 0.782651 0.451865
    outer loop
      vertex 11.465 -53.6719 0.903706
      vertex 11.5558 -67.7991 25.4587
      vertex 11.5558 -53.4128 0.540959
    endloop
  endfacet
  facet normal -9.17501e-05 -0.500109 0.865962
    outer loop
      vertex 20.0001 -68.5193 25.0429
      vertex 19.2426 -68.1261 25.2699
      vertex 20.7095 -68.975 24.7798
    endloop
  endfacet
  facet normal 0.514481 0.742622 0.428744
    outer loop
      vertex 19.2426 -44.3018 -15.995
      vertex 20.0001 -68.5193 25.0429
      vertex 19.3064 -44.346 -15.995
    endloop
  endfacet
  facet normal 0.514097 0.742818 0.428866
    outer loop
      vertex 20.0001 -68.5193 25.0429
      vertex 19.2426 -44.3018 -15.995
      vertex 19.2426 -68.1261 25.2699
    endloop
  endfacet
  facet normal 0.336868 0.815407 0.470777
    outer loop
      vertex 18.4441 -43.8657 -15.995
      vertex 17.6763 -43.5485 -15.995
      vertex 18.4441 -67.7991 25.4587
    endloop
  endfacet
  facet normal 0.146794 0.856644 0.494583
    outer loop
      vertex 15.8822 -43.1247 -15.995
      vertex 16.7558 -67.3555 25.7148
      vertex 16.7558 -43.2744 -15.995
    endloop
  endfacet
  facet normal 0.14671 0.856654 0.49459
    outer loop
      vertex 16.7558 -67.3555 25.7148
      vertex 15.8822 -43.1247 -15.995
      vertex 15.8822 -67.2433 25.7796
    endloop
  endfacet
  facet normal 0.427566 0.782873 0.451992
    outer loop
      vertex 18.4441 -43.8657 -15.995
      vertex 19.2426 -68.1261 25.2699
      vertex 19.2426 -44.3018 -15.995
    endloop
  endfacet
  facet normal 0.427488 0.782904 0.452012
    outer loop
      vertex 19.2426 -68.1261 25.2699
      vertex 18.4441 -43.8657 -15.995
      vertex 18.4441 -67.7991 25.4587
    endloop
  endfacet
  facet normal -2.3942e-05 -0.500057 0.865993
    outer loop
      vertex 19.2426 -68.1261 25.2699
      vertex 18.4441 -67.7991 25.4587
      vertex 21.364 -69.4886 24.4832
    endloop
  endfacet
  facet normal 0.514095 0.742819 0.428866
    outer loop
      vertex 20.0001 -44.8261 -15.995
      vertex 19.3064 -44.346 -15.995
      vertex 20.0001 -68.5193 25.0429
    endloop
  endfacet
  facet normal 0.595691 0.695604 0.401606
    outer loop
      vertex 20.0001 -44.8261 -15.995
      vertex 20.0001 -68.5193 25.0429
      vertex 20.6427 -45.3764 -15.995
    endloop
  endfacet
  facet normal 4.74807e-05 -0.499846 0.866114
    outer loop
      vertex 16.7558 -67.3555 25.7148
      vertex 15.8822 -67.2433 25.7796
      vertex 18.4441 -67.7991 25.4587
    endloop
  endfacet
  facet normal -0.000140027 -0.500381 0.865805
    outer loop
      vertex 17.6126 -67.5414 25.6075
      vertex 16.7558 -67.3555 25.7148
      vertex 18.4441 -67.7991 25.4587
    endloop
  endfacet
  facet normal 0.970029 -0.210433 -0.121494
    outer loop
      vertex 23.8271 -76.5206 20.4234
      vertex 23.6125 -77.2625 19.995
      vertex 23.8271 -50.5156 -24.6186
    endloop
  endfacet
  facet normal 0.740991 -0.581549 -0.335757
    outer loop
      vertex 21.9571 -79.9446 18.4465
      vertex 21.364 -80.5114 18.1193
      vertex 21.364 -54.5064 -26.9227
    endloop
  endfacet
  facet normal 0.00067537 -0.500202 0.865908
    outer loop
      vertex 23.8271 -76.5206 20.4234
      vertex 23.3149 -77.9827 19.5792
      vertex 23.6125 -77.2625 19.995
    endloop
  endfacet
  facet normal 0.857696 -0.445273 -0.257078
    outer loop
      vertex 22.9373 -78.6742 19.18
      vertex 22.4832 -79.3302 18.8012
      vertex 22.4832 -53.3252 -26.2408
    endloop
  endfacet
  facet normal 0.00109748 -0.50114 0.865365
    outer loop
      vertex 21.364 -80.5114 18.1193
      vertex 20.0001 -81.4807 17.5597
      vertex 20.7095 -81.025 17.8227
    endloop
  endfacet
  facet normal 0.740991 -0.581549 -0.335757
    outer loop
      vertex 21.9571 -79.9446 18.4465
      vertex 21.364 -54.5064 -26.9227
      vertex 21.9571 -53.9396 -26.5955
    endloop
  endfacet
  facet normal -7.10682e-05 -0.500007 0.866021
    outer loop
      vertex 21.9571 -70.0554 24.156
      vertex 21.364 -69.4886 24.4832
      vertex 22.9373 -71.3258 23.4226
    endloop
  endfacet
  facet normal 0.970118 0.210125 0.121316
    outer loop
      vertex 23.6125 -72.7375 22.6076
      vertex 23.6386 -49.9905 -17
      vertex 23.6125 -49.87 -17
    endloop
  endfacet
  facet normal 0.970029 0.210434 0.121493
    outer loop
      vertex 23.6386 -49.9905 -17
      vertex 23.6125 -72.7375 22.6076
      vertex 23.8271 -73.4794 22.1792
    endloop
  endfacet
  facet normal 0.970035 0.210414 0.121482
    outer loop
      vertex 23.6407 -50 -17
      vertex 23.8271 -73.4794 22.1792
      vertex 23.8271 -50 -18.4884
    endloop
  endfacet
  facet normal 0.968923 0.214183 0.123746
    outer loop
      vertex 23.8271 -73.4794 22.1792
      vertex 23.6407 -50 -17
      vertex 23.6386 -49.9905 -17
    endloop
  endfacet
  facet normal 0.671519 0.641714 0.370494
    outer loop
      vertex 21.364 -46.1185 -15.995
      vertex 20.7719 -45.4989 -15.995
      vertex 21.364 -69.4886 24.4832
    endloop
  endfacet
  facet normal -0.989176 -0.127074 -0.0733664
    outer loop
      vertex 6.17293 -76.5206 20.4234
      vertex 6.14234 -56.4748 -13.8845
      vertex 6.17293 -56.3433 -14.5247
    endloop
  endfacet
  facet normal -0.989177 -0.127071 -0.0733644
    outer loop
      vertex 6.14234 -56.4748 -13.8845
      vertex 6.17293 -76.5206 20.4234
      vertex 6.04334 -75.764 20.8602
    endloop
  endfacet
  facet normal -0.903984 0.370283 0.213784
    outer loop
      vertex 6.68508 -72.0173 23.0233
      vertex 7.06271 -58.6091 1.39656
      vertex 6.68508 -58.5346 -0.329283
    endloop
  endfacet
  facet normal -0.904005 0.370245 0.213761
    outer loop
      vertex 7.06271 -58.6091 1.39656
      vertex 6.68508 -72.0173 23.0233
      vertex 7.06271 -71.3258 23.4226
    endloop
  endfacet
  facet normal 0.00164634 -0.500412 0.865786
    outer loop
      vertex 6.38754 -72.7375 22.6076
      vertex 6.17293 -73.4794 22.1792
      vertex 6.68508 -72.0173 23.0233
    endloop
  endfacet
  facet normal -0.970026 -0.210446 -0.121501
    outer loop
      vertex 6.38754 -77.2625 19.995
      vertex 6.32956 -55.8886 -16.5629
      vertex 6.38754 -55.7203 -17.3173
    endloop
  endfacet
  facet normal -0.970041 -0.210392 -0.121469
    outer loop
      vertex 6.32956 -55.8886 -16.5629
      vertex 6.38754 -77.2625 19.995
      vertex 6.21863 -56.2106 -15.1193
    endloop
  endfacet
  facet normal 2.39494e-05 0.500057 -0.865993
    outer loop
      vertex 10.7574 -55.8689 -27.7094
      vertex 8.63604 -54.5064 -26.9227
      vertex 11.5558 -56.1959 -27.8982
    endloop
  endfacet
  facet normal -9.65592e-05 0.499559 -0.86628
    outer loop
      vertex 13.2442 -56.6395 -28.1542
      vertex 11.5558 -56.1959 -27.8982
      vertex 14.1178 -56.7517 -28.219
    endloop
  endfacet
  facet normal -0.740974 -0.581565 -0.335767
    outer loop
      vertex 8.63604 -80.5114 18.1193
      vertex 8.04291 -79.9446 18.4465
      vertex 8.63604 -54.5064 -26.9227
    endloop
  endfacet
  facet normal -0.803204 -0.515953 -0.297753
    outer loop
      vertex 8.04291 -53.9396 -26.5955
      vertex 7.5193 -53.4529 -26.0264
      vertex 7.56177 -53.3778 -26.2711
    endloop
  endfacet
  facet normal -0.803223 -0.515873 -0.297839
    outer loop
      vertex 7.5193 -53.4529 -26.0264
      vertex 8.04291 -53.9396 -26.5955
      vertex 8.04291 -79.9446 18.4465
    endloop
  endfacet
  facet normal 0.14671 -0.856654 -0.49459
    outer loop
      vertex 15.8822 -82.7567 16.8229
      vertex 16.7558 -56.6395 -28.1542
      vertex 16.7558 -82.6445 16.8877
    endloop
  endfacet
  facet normal 0.14671 -0.856654 -0.49459
    outer loop
      vertex 16.7558 -56.6395 -28.1542
      vertex 15.8822 -82.7567 16.8229
      vertex 15.8822 -56.7517 -28.219
    endloop
  endfacet
  facet normal -0.427532 -0.782887 -0.452
    outer loop
      vertex 10.7574 -55.8689 -27.7094
      vertex 11.5558 -82.2009 17.1438
      vertex 10.7574 -81.8739 17.3326
    endloop
  endfacet
  facet normal -0.427532 -0.782887 -0.452
    outer loop
      vertex 11.5558 -82.2009 17.1438
      vertex 10.7574 -55.8689 -27.7094
      vertex 11.5558 -56.1959 -27.8982
    endloop
  endfacet
  facet normal -0.000140066 -0.500381 0.865805
    outer loop
      vertex 13.2442 -82.6445 16.8877
      vertex 11.5558 -82.2009 17.1438
      vertex 12.3874 -82.4586 16.995
    endloop
  endfacet
  facet normal -0.740974 -0.581565 -0.335767
    outer loop
      vertex 8.63604 -54.5064 -26.9227
      vertex 8.04291 -79.9446 18.4465
      vertex 8.04291 -53.9396 -26.5955
    endloop
  endfacet
  facet normal -0.000153695 -0.500073 0.865983
    outer loop
      vertex 8.63604 -80.5114 18.1193
      vertex 6.17293 -76.5206 20.4234
      vertex 7.51677 -79.3302 18.8012
    endloop
  endfacet
  facet normal 0.243009 -0.840065 -0.485013
    outer loop
      vertex 17.6126 -82.4586 16.995
      vertex 16.7558 -56.6395 -28.1542
      vertex 17.6126 -56.4536 -28.0469
    endloop
  endfacet
  facet normal 0 -0.500123 0.865954
    outer loop
      vertex 16.7558 -82.6445 16.8877
      vertex 14.1178 -82.7567 16.8229
      vertex 15.8822 -82.7567 16.8229
    endloop
  endfacet
  facet normal 0 -0.500123 0.865954
    outer loop
      vertex 14.1178 -82.7567 16.8229
      vertex 16.7558 -82.6445 16.8877
      vertex 13.2442 -82.6445 16.8877
    endloop
  endfacet
  facet normal -0.00029932 0.500378 -0.865807
    outer loop
      vertex 20.7095 -55.02 -27.2193
      vertex 19.2426 -55.8689 -27.7094
      vertex 21.364 -54.5064 -26.9227
    endloop
  endfacet
  facet normal 0.671488 -0.641738 -0.370507
    outer loop
      vertex 21.364 -54.5064 -26.9227
      vertex 20.7095 -81.025 17.8227
      vertex 20.7095 -55.02 -27.2193
    endloop
  endfacet
  facet normal -0.336913 0.815393 0.470768
    outer loop
      vertex 12.3874 -67.5414 25.6075
      vertex 12.0593 -51.8995 -1.71984
      vertex 11.5558 -67.7991 25.4587
    endloop
  endfacet
  facet normal -0.336927 0.815389 0.470766
    outer loop
      vertex 12.3874 -67.5414 25.6075
      vertex 12.2987 -50.9647 -3.16762
      vertex 12.0593 -51.8995 -1.71984
    endloop
  endfacet
  facet normal -0.336999 0.815367 0.470753
    outer loop
      vertex 12.2987 -50.9647 -3.16762
      vertex 12.3874 -67.5414 25.6075
      vertex 12.3874 -50.6184 -3.70393
    endloop
  endfacet
  facet normal -0.243214 0.840019 0.48499
    outer loop
      vertex 13.2442 -67.3555 25.7148
      vertex 12.7502 -48.6397 -6.94936
      vertex 12.6434 -49.2496 -5.94655
    endloop
  endfacet
  facet normal -0.242821 0.840107 0.485034
    outer loop
      vertex 13.2442 -67.3555 25.7148
      vertex 12.8904 -47.2763 -9.24066
      vertex 12.7502 -48.6397 -6.94936
    endloop
  endfacet
  facet normal -0.24299 0.84007 0.485014
    outer loop
      vertex 13.2442 -67.3555 25.7148
      vertex 12.9374 -46.8187 -10.0097
      vertex 12.8904 -47.2763 -9.24066
    endloop
  endfacet
  facet normal -0.242869 0.840096 0.485029
    outer loop
      vertex 13.2442 -43.2744 -15.995
      vertex 12.9374 -46.8187 -10.0097
      vertex 13.2442 -67.3555 25.7148
    endloop
  endfacet
  facet normal -0.242601 0.840148 0.485073
    outer loop
      vertex 12.9374 -46.8187 -10.0097
      vertex 13.2442 -43.2744 -15.995
      vertex 12.9869 -45.3521 -12.5251
    endloop
  endfacet
  facet normal -0.243717 0.839944 0.484868
    outer loop
      vertex 12.9869 -45.3521 -12.5251
      vertex 13.2442 -43.2744 -15.995
      vertex 13 -44.9639 -13.191
    endloop
  endfacet
  facet normal -0.24281 0.840105 0.485044
    outer loop
      vertex 13 -44.9639 -13.191
      vertex 13.2442 -43.2744 -15.995
      vertex 12.9463 -43.3605 -15.995
    endloop
  endfacet
  facet normal -2.11924e-05 -0.499998 0.866026
    outer loop
      vertex 8.63604 -69.4886 24.4832
      vertex 9.21706 -71.5884 23.2709
      vertex 11.5558 -67.7991 25.4587
    endloop
  endfacet
  facet normal 0.00126304 -0.499731 0.86618
    outer loop
      vertex 9.21706 -71.5884 23.2709
      vertex 8.63604 -69.4886 24.4832
      vertex 9.17971 -71.632 23.2458
    endloop
  endfacet
  facet normal -3.51642e-07 -0.499972 0.866042
    outer loop
      vertex 9.17971 -71.632 23.2458
      vertex 8.63604 -69.4886 24.4832
      vertex 8.82655 -72.1423 22.9512
    endloop
  endfacet
  facet normal -6.30963e-05 -0.499975 0.86604
    outer loop
      vertex 8.63604 -69.4886 24.4832
      vertex 8.53284 -72.6801 22.6407
      vertex 8.82655 -72.1423 22.9512
    endloop
  endfacet
  facet normal -0.00441403 -0.499865 0.866092
    outer loop
      vertex 8.63604 -69.4886 24.4832
      vertex 8.51172 -72.7312 22.6111
      vertex 8.53284 -72.6801 22.6407
    endloop
  endfacet
  facet normal 3.64934e-05 -0.499998 0.866027
    outer loop
      vertex 8.51172 -72.7312 22.6111
      vertex 8.63604 -69.4886 24.4832
      vertex 6.17293 -76.5206 20.4234
    endloop
  endfacet
  facet normal -0.514082 0.742825 0.428871
    outer loop
      vertex 10.7574 -68.1261 25.2699
      vertex 10.3631 -55.8607 3.55299
      vertex 9.99987 -68.5193 25.0429
    endloop
  endfacet
  facet normal -0.508552 0.745734 0.430413
    outer loop
      vertex 10.7574 -68.1261 25.2699
      vertex 10.366 -55.8559 3.5481
      vertex 10.3631 -55.8607 3.55299
    endloop
  endfacet
  facet normal -0.514109 0.742812 0.428863
    outer loop
      vertex 10.366 -55.8559 3.5481
      vertex 10.7574 -68.1261 25.2699
      vertex 10.7574 -55.2035 2.88731
    endloop
  endfacet
  facet normal -0.593915 0.696761 0.402231
    outer loop
      vertex 9.99987 -68.5193 25.0429
      vertex 9.68224 -56.8413 4.3448
      vertex 9.67583 -56.8492 4.34902
    endloop
  endfacet
  facet normal -0.595672 0.695616 0.401612
    outer loop
      vertex 9.68224 -56.8413 4.3448
      vertex 9.99987 -68.5193 25.0429
      vertex 9.99987 -56.4486 4.13573
    endloop
  endfacet
  facet normal 0.000153721 -0.500073 0.865983
    outer loop
      vertex 23.8271 -76.5206 20.4234
      vertex 21.364 -80.5114 18.1193
      vertex 22.4832 -79.3302 18.8012
    endloop
  endfacet
  facet normal 0.803237 -0.515857 -0.29783
    outer loop
      vertex 22.4832 -53.3252 -26.2408
      vertex 21.9571 -79.9446 18.4465
      vertex 21.9571 -53.9396 -26.5955
    endloop
  endfacet
  facet normal 0.000849203 0.499617 -0.866246
    outer loop
      vertex 22.9373 -52.6692 -25.862
      vertex 22.4832 -53.3252 -26.2408
      vertex 23.3149 -51.9777 -25.4628
    endloop
  endfacet
  facet normal 0.904008 -0.37024 -0.213758
    outer loop
      vertex 23.3149 -77.9827 19.5792
      vertex 22.9373 -52.6692 -25.862
      vertex 23.3149 -51.9777 -25.4628
    endloop
  endfacet
  facet normal 0.904008 -0.37024 -0.213758
    outer loop
      vertex 22.9373 -52.6692 -25.862
      vertex 23.3149 -77.9827 19.5792
      vertex 22.9373 -78.6742 19.18
    endloop
  endfacet
  facet normal 0.857729 0.445225 0.257052
    outer loop
      vertex 22.4832 -70.6698 23.8013
      vertex 22.6424 -48 -15.995
      vertex 22.4832 -47.6933 -15.995
    endloop
  endfacet
  facet normal 0.857681 0.445294 0.257091
    outer loop
      vertex 22.9373 -71.3258 23.4226
      vertex 22.6424 -48 -15.995
      vertex 22.4832 -70.6698 23.8013
    endloop
  endfacet
  facet normal 0.857723 0.445234 0.257055
    outer loop
      vertex 22.6424 -48 -15.995
      vertex 22.9373 -71.3258 23.4226
      vertex 22.9373 -48 -16.979
    endloop
  endfacet
  facet normal 0.903725 0.370112 0.215173
    outer loop
      vertex 22.9373 -48 -16.979
      vertex 23.3149 -48.9098 -17
      vertex 22.9423 -48 -17
    endloop
  endfacet
  facet normal 0.903998 0.370258 0.213768
    outer loop
      vertex 22.9373 -71.3258 23.4226
      vertex 23.3149 -48.9098 -17
      vertex 22.9373 -48 -16.979
    endloop
  endfacet
  facet normal 0.904018 0.370221 0.213748
    outer loop
      vertex 23.3149 -48.9098 -17
      vertex 22.9373 -71.3258 23.4226
      vertex 23.3149 -72.0173 23.0233
    endloop
  endfacet
  facet normal 0.803207 0.515892 0.29785
    outer loop
      vertex 21.9571 -70.0554 24.156
      vertex 22.4832 -47.6933 -15.995
      vertex 21.9571 -46.8742 -15.995
    endloop
  endfacet
  facet normal 0.803237 0.515856 0.297831
    outer loop
      vertex 22.4832 -47.6933 -15.995
      vertex 21.9571 -70.0554 24.156
      vertex 22.4832 -70.6698 23.8013
    endloop
  endfacet
  facet normal 0.741319 0.581231 0.335585
    outer loop
      vertex 21.364 -69.4886 24.4832
      vertex 21.9571 -46.8742 -15.995
      vertex 21.8932 -46.7927 -15.995
    endloop
  endfacet
  facet normal 0.740991 0.581549 0.335758
    outer loop
      vertex 21.9571 -46.8742 -15.995
      vertex 21.364 -69.4886 24.4832
      vertex 21.9571 -70.0554 24.156
    endloop
  endfacet
  facet normal -0.000275438 -0.500015 0.866016
    outer loop
      vertex 6.17293 -76.5206 20.4234
      vertex 6 -75 21.3013
      vertex 6.04334 -75.764 20.8602
    endloop
  endfacet
  facet normal -0.0017135 -0.499845 0.866113
    outer loop
      vertex 6.04334 -74.236 21.7423
      vertex 6 -75 21.3013
      vertex 6.17293 -73.4794 22.1792
    endloop
  endfacet
  facet normal -0.941548 0.291746 0.16844
    outer loop
      vertex 6.38754 -72.7375 22.6076
      vertex 6.68508 -58.5346 -0.329283
      vertex 6.5281 -58.4494 -1.35434
    endloop
  endfacet
  facet normal -0.941544 0.291755 0.168445
    outer loop
      vertex 6.38754 -72.7375 22.6076
      vertex 6.5281 -58.4494 -1.35434
      vertex 6.38754 -58.3731 -2.27217
    endloop
  endfacet
  facet normal -0.941543 0.291757 0.168447
    outer loop
      vertex 6.68508 -58.5346 -0.329283
      vertex 6.38754 -72.7375 22.6076
      vertex 6.68508 -72.0173 23.0233
    endloop
  endfacet
  facet normal -0.000675898 -0.500202 0.865908
    outer loop
      vertex 6.68508 -77.9827 19.5792
      vertex 6.17293 -76.5206 20.4234
      vertex 6.38754 -77.2625 19.995
    endloop
  endfacet
  facet normal -0.941542 -0.29176 -0.168447
    outer loop
      vertex 6.68508 -77.9827 19.5792
      vertex 6.38754 -55.7203 -17.3173
      vertex 6.68508 -55.0373 -20.1634
    endloop
  endfacet
  facet normal -0.94155 -0.291742 -0.168437
    outer loop
      vertex 6.38754 -55.7203 -17.3173
      vertex 6.68508 -77.9827 19.5792
      vertex 6.38754 -77.2625 19.995
    endloop
  endfacet
  facet normal 3.05499e-05 -0.500069 0.865986
    outer loop
      vertex 19.2426 -81.8739 17.3326
      vertex 16.7558 -82.6445 16.8877
      vertex 18.4441 -82.2009 17.1438
    endloop
  endfacet
  facet normal -3.83199e-05 -0.499984 0.866035
    outer loop
      vertex 23.8271 -76.5206 20.4234
      vertex 19.2426 -81.8739 17.3326
      vertex 21.364 -80.5114 18.1193
    endloop
  endfacet
  facet normal 7.73147e-06 -0.500014 0.866018
    outer loop
      vertex 23.8271 -76.5206 20.4234
      vertex 16.7558 -82.6445 16.8877
      vertex 19.2426 -81.8739 17.3326
    endloop
  endfacet
  facet normal 3.83212e-05 -0.499984 0.866035
    outer loop
      vertex 10.7574 -81.8739 17.3326
      vertex 6.17293 -76.5206 20.4234
      vertex 8.63604 -80.5114 18.1193
    endloop
  endfacet
  facet normal -0.514124 -0.742804 -0.428858
    outer loop
      vertex 10.7574 -55.8689 -27.7094
      vertex 9.99987 -81.4807 17.5597
      vertex 9.99987 -55.4757 -27.4823
    endloop
  endfacet
  facet normal -0.0490521 -0.864983 -0.499398
    outer loop
      vertex 15 -82.7942 16.8013
      vertex 14.1178 -56.7517 -28.219
      vertex 15 -56.7892 -28.2407
    endloop
  endfacet
  facet normal 0.0490521 -0.864983 -0.499398
    outer loop
      vertex 15.8822 -56.7517 -28.219
      vertex 15 -82.7942 16.8013
      vertex 15 -56.7892 -28.2407
    endloop
  endfacet
  facet normal -0.336913 -0.815394 -0.470768
    outer loop
      vertex 12.3874 -82.4586 16.995
      vertex 11.5558 -82.2009 17.1438
      vertex 11.5558 -56.1959 -27.8982
    endloop
  endfacet
  facet normal -0.336863 -0.815409 -0.470777
    outer loop
      vertex 12.3874 -82.4586 16.995
      vertex 11.5558 -56.1959 -27.8982
      vertex 12.3874 -56.4536 -28.0469
    endloop
  endfacet
  facet normal -0.000160631 -0.500078 0.86598
    outer loop
      vertex 8.63604 -80.5114 18.1193
      vertex 7.51677 -79.3302 18.8012
      vertex 8.04291 -79.9446 18.4465
    endloop
  endfacet
  facet normal -0.798527 -0.521246 -0.301095
    outer loop
      vertex 8.04291 -79.9446 18.4465
      vertex 7.51677 -53.4574 -26.0119
      vertex 7.5193 -53.4529 -26.0264
    endloop
  endfacet
  facet normal -0.803215 -0.515882 -0.297844
    outer loop
      vertex 7.51677 -53.4574 -26.0119
      vertex 8.04291 -79.9446 18.4465
      vertex 7.51677 -79.3302 18.8012
    endloop
  endfacet
  facet normal 0.000140066 -0.500381 0.865805
    outer loop
      vertex 12.3874 -67.5414 25.6075
      vertex 11.5558 -67.7991 25.4587
      vertex 13.2442 -67.3555 25.7148
    endloop
  endfacet
  facet normal -4.74834e-05 -0.499846 0.866114
    outer loop
      vertex 13.2442 -67.3555 25.7148
      vertex 11.5558 -67.7991 25.4587
      vertex 14.1178 -67.2433 25.7796
    endloop
  endfacet
  facet normal -0.803199 0.5159 0.297856
    outer loop
      vertex 7.51677 -70.6698 23.8013
      vertex 8.04291 -58.3244 3.83733
      vertex 7.64927 -58.4817 3.04829
    endloop
  endfacet
  facet normal -0.803125 0.515986 0.297908
    outer loop
      vertex 7.51677 -70.6698 23.8013
      vertex 7.64927 -58.4817 3.04829
      vertex 7.51677 -58.5346 2.78271
    endloop
  endfacet
  facet normal -0.803215 0.515882 0.297845
    outer loop
      vertex 8.04291 -58.3244 3.83733
      vertex 7.51677 -70.6698 23.8013
      vertex 8.04291 -70.0554 24.156
    endloop
  endfacet
  facet normal 0.000415312 -0.500229 0.865893
    outer loop
      vertex 7.06271 -71.3258 23.4226
      vertex 6.68508 -72.0173 23.0233
      vertex 8.63604 -69.4886 24.4832
    endloop
  endfacet
  facet normal -6.24319e-08 -0.499988 0.866032
    outer loop
      vertex 6.68508 -72.0173 23.0233
      vertex 6.17293 -76.5206 20.4234
      vertex 8.63604 -69.4886 24.4832
    endloop
  endfacet
  facet normal 2.39494e-05 -0.500057 0.865993
    outer loop
      vertex 10.7574 -68.1261 25.2699
      vertex 8.63604 -69.4886 24.4832
      vertex 11.5558 -67.7991 25.4587
    endloop
  endfacet
  facet normal -0.514698 0.742506 0.428684
    outer loop
      vertex 9.99987 -68.5193 25.0429
      vertex 10.0491 -56.3841 4.08312
      vertex 9.99987 -56.4486 4.13573
    endloop
  endfacet
  facet normal -0.51412 0.742806 0.428859
    outer loop
      vertex 10.0491 -56.3841 4.08312
      vertex 9.99987 -68.5193 25.0429
      vertex 10.3631 -55.8607 3.55299
    endloop
  endfacet
  facet normal -7.52629e-05 0.500045 -0.866
    outer loop
      vertex 23.3149 -51.9777 -25.4628
      vertex 22.4832 -53.3252 -26.2408
      vertex 23.8271 -50.5156 -24.6186
    endloop
  endfacet
  facet normal -0.00067537 0.500202 -0.865908
    outer loop
      vertex 23.6125 -51.2575 -25.047
      vertex 23.3149 -51.9777 -25.4628
      vertex 23.8271 -50.5156 -24.6186
    endloop
  endfacet
  facet normal -0.000849203 -0.499617 0.866246
    outer loop
      vertex 23.3149 -77.9827 19.5792
      vertex 22.4832 -79.3302 18.8012
      vertex 22.9373 -78.6742 19.18
    endloop
  endfacet
  facet normal 7.52629e-05 -0.500045 0.866
    outer loop
      vertex 23.8271 -76.5206 20.4234
      vertex 22.4832 -79.3302 18.8012
      vertex 23.3149 -77.9827 19.5792
    endloop
  endfacet
  facet normal -0.998795 0.0424955 0.0245348
    outer loop
      vertex 6 -75 21.3013
      vertex 6.04334 -57.7805 -6.75944
      vertex 6 -57.3626 -9.24761
    endloop
  endfacet
  facet normal -0.998795 0.0424969 0.0245356
    outer loop
      vertex 6.04334 -57.7805 -6.75944
      vertex 6 -75 21.3013
      vertex 6.04334 -74.236 21.7423
    endloop
  endfacet
  facet normal -0.970039 0.2104 0.121473
    outer loop
      vertex 6.17293 -73.4794 22.1792
      vertex 6.38754 -58.3731 -2.27217
      vertex 6.29499 -58.2667 -3.19553
    endloop
  endfacet
  facet normal -0.970027 0.210442 0.121499
    outer loop
      vertex 6.38754 -58.3731 -2.27217
      vertex 6.17293 -73.4794 22.1792
      vertex 6.38754 -72.7375 22.6076
    endloop
  endfacet
  facet normal -0.000129835 -0.499891 0.866088
    outer loop
      vertex 7.51677 -70.6698 23.8013
      vertex 7.06271 -71.3258 23.4226
      vertex 8.04291 -70.0554 24.156
    endloop
  endfacet
  facet normal 0.00084981 -0.499616 0.866246
    outer loop
      vertex 7.51677 -79.3302 18.8012
      vertex 6.68508 -77.9827 19.5792
      vertex 7.06271 -78.6742 19.18
    endloop
  endfacet
  facet normal -7.52554e-05 -0.500045 0.866
    outer loop
      vertex 7.51677 -79.3302 18.8012
      vertex 6.17293 -76.5206 20.4234
      vertex 6.68508 -77.9827 19.5792
    endloop
  endfacet
  facet normal 0.514139 -0.742796 -0.428853
    outer loop
      vertex 20.0001 -81.4807 17.5597
      vertex 19.2426 -81.8739 17.3326
      vertex 19.2426 -55.8689 -27.7094
    endloop
  endfacet
  facet normal -0.000408331 -0.499552 0.866284
    outer loop
      vertex 21.364 -80.5114 18.1193
      vertex 19.2426 -81.8739 17.3326
      vertex 20.0001 -81.4807 17.5597
    endloop
  endfacet
  facet normal 0.000408214 -0.499552 0.866284
    outer loop
      vertex 10.7574 -81.8739 17.3326
      vertex 8.63604 -80.5114 18.1193
      vertex 9.99987 -81.4807 17.5597
    endloop
  endfacet
  facet normal -0.00109679 -0.50114 0.865366
    outer loop
      vertex 9.99987 -81.4807 17.5597
      vertex 8.63604 -80.5114 18.1193
      vertex 9.29046 -81.025 17.8227
    endloop
  endfacet
  facet normal 0 -0.499994 0.866029
    outer loop
      vertex 21.6986 -76.7598 20.2853
      vertex 23.8271 -76.5206 20.4234
      vertex 21.7678 -76.5206 20.4234
    endloop
  endfacet
  facet normal 5.69049e-06 -0.500032 0.866007
    outer loop
      vertex 21.4672 -77.3199 19.9619
      vertex 23.8271 -76.5206 20.4234
      vertex 21.6986 -76.7598 20.2853
    endloop
  endfacet
  facet normal -1.00894e-05 -0.499997 0.866027
    outer loop
      vertex 21.1734 -77.8577 19.6514
      vertex 23.8271 -76.5206 20.4234
      vertex 21.4672 -77.3199 19.9619
    endloop
  endfacet
  facet normal -4.11793e-05 -0.499951 0.866054
    outer loop
      vertex 20.8203 -78.368 19.3568
      vertex 23.8271 -76.5206 20.4234
      vertex 21.1734 -77.8577 19.6514
    endloop
  endfacet
  facet normal 9.69138e-05 -0.500119 0.865956
    outer loop
      vertex 20.4111 -78.8458 19.0809
      vertex 23.8271 -76.5206 20.4234
      vertex 20.8203 -78.368 19.3568
    endloop
  endfacet
  facet normal -2.12044e-05 -0.499989 0.866032
    outer loop
      vertex 19.9497 -79.2866 18.8264
      vertex 23.8271 -76.5206 20.4234
      vertex 20.4111 -78.8458 19.0809
    endloop
  endfacet
  facet normal -0.000313908 -0.499779 0.866153
    outer loop
      vertex 16.7558 -82.6445 16.8877
      vertex 19.9497 -79.2866 18.8264
      vertex 19.4408 -79.6861 18.5957
    endloop
  endfacet
  facet normal -2.52635e-05 -0.499985 0.866034
    outer loop
      vertex 19.9497 -79.2866 18.8264
      vertex 16.7558 -82.6445 16.8877
      vertex 23.8271 -76.5206 20.4234
    endloop
  endfacet
  facet normal 3.37818e-05 -0.500016 0.866016
    outer loop
      vertex 18.889 -80.0405 18.3911
      vertex 16.7558 -82.6445 16.8877
      vertex 19.4408 -79.6861 18.5957
    endloop
  endfacet
  facet normal 2.32384e-05 -0.500009 0.86602
    outer loop
      vertex 18.2998 -80.3464 18.2145
      vertex 16.7558 -82.6445 16.8877
      vertex 18.889 -80.0405 18.3911
    endloop
  endfacet
  facet normal 3.69686e-05 -0.500016 0.866016
    outer loop
      vertex 17.6788 -80.6007 18.0677
      vertex 16.7558 -82.6445 16.8877
      vertex 18.2998 -80.3464 18.2145
    endloop
  endfacet
  facet normal 3.30578e-06 -0.500005 0.866023
    outer loop
      vertex 17.032 -80.8011 17.952
      vertex 16.7558 -82.6445 16.8877
      vertex 17.6788 -80.6007 18.0677
    endloop
  endfacet
  facet normal -1.90328e-05 -0.500002 0.866024
    outer loop
      vertex 16.3656 -80.9457 17.8685
      vertex 16.7558 -82.6445 16.8877
      vertex 17.032 -80.8011 17.952
    endloop
  endfacet
  facet normal 0.000636288 -0.499889 0.866089
    outer loop
      vertex 16.3108 -80.9527 17.8645
      vertex 16.7558 -82.6445 16.8877
      vertex 16.3656 -80.9457 17.8685
    endloop
  endfacet
  facet normal -4.95225e-05 -0.500025 0.866011
    outer loop
      vertex 15.6861 -81.033 17.8181
      vertex 16.7558 -82.6445 16.8877
      vertex 16.3108 -80.9527 17.8645
    endloop
  endfacet
  facet normal -3.60673e-05 -0.500018 0.866015
    outer loop
      vertex 15.0553 -81.0598 17.8026
      vertex 16.7558 -82.6445 16.8877
      vertex 15.6861 -81.033 17.8181
    endloop
  endfacet
  facet normal 0.00128177 -0.498957 0.866626
    outer loop
      vertex 15 -81.0622 17.8013
      vertex 16.7558 -82.6445 16.8877
      vertex 15.0553 -81.0598 17.8026
    endloop
  endfacet
  facet normal -0.00128177 -0.498957 0.866626
    outer loop
      vertex 13.2442 -82.6445 16.8877
      vertex 15 -81.0622 17.8013
      vertex 14.9447 -81.0598 17.8026
    endloop
  endfacet
  facet normal 3.60673e-05 -0.500018 0.866015
    outer loop
      vertex 13.2442 -82.6445 16.8877
      vertex 14.9447 -81.0598 17.8026
      vertex 14.3139 -81.033 17.8181
    endloop
  endfacet
  facet normal 4.95225e-05 -0.500025 0.866011
    outer loop
      vertex 13.2442 -82.6445 16.8877
      vertex 14.3139 -81.033 17.8181
      vertex 13.6892 -80.9527 17.8645
    endloop
  endfacet
  facet normal -0.000636288 -0.499889 0.866089
    outer loop
      vertex 13.2442 -82.6445 16.8877
      vertex 13.6892 -80.9527 17.8645
      vertex 13.6344 -80.9457 17.8685
    endloop
  endfacet
  facet normal 0 -0.500024 0.866011
    outer loop
      vertex 15 -81.0622 17.8013
      vertex 13.2442 -82.6445 16.8877
      vertex 16.7558 -82.6445 16.8877
    endloop
  endfacet
  facet normal 1.90328e-05 -0.500002 0.866024
    outer loop
      vertex 12.968 -80.8011 17.952
      vertex 13.2442 -82.6445 16.8877
      vertex 13.6344 -80.9457 17.8685
    endloop
  endfacet
  facet normal -3.30578e-06 -0.500005 0.866023
    outer loop
      vertex 12.3212 -80.6007 18.0677
      vertex 13.2442 -82.6445 16.8877
      vertex 12.968 -80.8011 17.952
    endloop
  endfacet
  facet normal -3.69686e-05 -0.500016 0.866016
    outer loop
      vertex 11.7002 -80.3464 18.2145
      vertex 13.2442 -82.6445 16.8877
      vertex 12.3212 -80.6007 18.0677
    endloop
  endfacet
  facet normal -2.32384e-05 -0.500009 0.86602
    outer loop
      vertex 11.111 -80.0405 18.3911
      vertex 13.2442 -82.6445 16.8877
      vertex 11.7002 -80.3464 18.2145
    endloop
  endfacet
  facet normal -3.37818e-05 -0.500016 0.866016
    outer loop
      vertex 10.5592 -79.6861 18.5957
      vertex 13.2442 -82.6445 16.8877
      vertex 11.111 -80.0405 18.3911
    endloop
  endfacet
  facet normal 0.000313908 -0.499779 0.866153
    outer loop
      vertex 10.0503 -79.2866 18.8264
      vertex 13.2442 -82.6445 16.8877
      vertex 10.5592 -79.6861 18.5957
    endloop
  endfacet
  facet normal 2.1201e-05 -0.499989 0.866032
    outer loop
      vertex 6.17293 -76.5206 20.4234
      vertex 10.0503 -79.2866 18.8264
      vertex 9.58893 -78.8458 19.0809
    endloop
  endfacet
  facet normal 2.52641e-05 -0.499985 0.866034
    outer loop
      vertex 10.0503 -79.2866 18.8264
      vertex 6.17293 -76.5206 20.4234
      vertex 13.2442 -82.6445 16.8877
    endloop
  endfacet
  facet normal -9.69205e-05 -0.500119 0.865956
    outer loop
      vertex 9.17971 -78.368 19.3568
      vertex 6.17293 -76.5206 20.4234
      vertex 9.58893 -78.8458 19.0809
    endloop
  endfacet
  facet normal 4.11849e-05 -0.499951 0.866054
    outer loop
      vertex 8.82655 -77.8577 19.6514
      vertex 6.17293 -76.5206 20.4234
      vertex 9.17971 -78.368 19.3568
    endloop
  endfacet
  facet normal 1.00886e-05 -0.499997 0.866027
    outer loop
      vertex 8.53284 -77.3199 19.9619
      vertex 6.17293 -76.5206 20.4234
      vertex 8.82655 -77.8577 19.6514
    endloop
  endfacet
  facet normal -5.69054e-06 -0.500032 0.866007
    outer loop
      vertex 8.30142 -76.7598 20.2853
      vertex 6.17293 -76.5206 20.4234
      vertex 8.53284 -77.3199 19.9619
    endloop
  endfacet
  facet normal 0 -0.499994 0.866029
    outer loop
      vertex 6.17293 -76.5206 20.4234
      vertex 8.30142 -76.7598 20.2853
      vertex 8.23224 -76.5206 20.4234
    endloop
  endfacet
  facet normal 0 -0.499122 0.866532
    outer loop
      vertex 15.8822 -82.7567 16.8229
      vertex 14.1178 -82.7567 16.8229
      vertex 15 -82.7942 16.8013
    endloop
  endfacet
  facet normal 0.0489957 -0.864985 -0.4994
    outer loop
      vertex 15.8822 -82.7567 16.8229
      vertex 15 -82.7942 16.8013
      vertex 15.8822 -56.7517 -28.219
    endloop
  endfacet
  facet normal -0.740961 0.581578 0.335774
    outer loop
      vertex 8.63604 -57.9199 4.44561
      vertex 8.37102 -58.1226 4.21187
      vertex 8.63604 -69.4886 24.4832
    endloop
  endfacet
  facet normal -0.671633 0.641625 0.370442
    outer loop
      vertex 8.63604 -69.4886 24.4832
      vertex 8.78413 -57.7918 4.49223
      vertex 8.63604 -57.9199 4.44561
    endloop
  endfacet
  facet normal -0.671507 0.641723 0.3705
    outer loop
      vertex 8.78413 -57.7918 4.49223
      vertex 8.63604 -69.4886 24.4832
      vertex 8.92776 -57.6676 4.53743
    endloop
  endfacet
  facet normal 0.595715 -0.695588 -0.401598
    outer loop
      vertex 20.0001 -81.4807 17.5597
      vertex 20.7095 -55.02 -27.2193
      vertex 20.7095 -81.025 17.8227
    endloop
  endfacet
  facet normal 0.595715 -0.695588 -0.401598
    outer loop
      vertex 20.7095 -55.02 -27.2193
      vertex 20.0001 -81.4807 17.5597
      vertex 20.0001 -55.4757 -27.4823
    endloop
  endfacet
  facet normal 0.336949 -0.815383 -0.470761
    outer loop
      vertex 18.4441 -82.2009 17.1438
      vertex 17.6126 -82.4586 16.995
      vertex 18.4441 -56.1959 -27.8982
    endloop
  endfacet
  facet normal 0.427488 -0.782905 -0.45201
    outer loop
      vertex 18.4441 -82.2009 17.1438
      vertex 19.2426 -55.8689 -27.7094
      vertex 19.2426 -81.8739 17.3326
    endloop
  endfacet
  facet normal 0.427488 -0.782905 -0.45201
    outer loop
      vertex 19.2426 -55.8689 -27.7094
      vertex 18.4441 -82.2009 17.1438
      vertex 18.4441 -56.1959 -27.8982
    endloop
  endfacet
  facet normal -0.857764 0.445176 0.25702
    outer loop
      vertex 7.06271 -71.3258 23.4226
      vertex 7.51677 -58.5346 2.78271
      vertex 7.22241 -58.6045 1.9214
    endloop
  endfacet
  facet normal -0.857694 0.445276 0.257079
    outer loop
      vertex 7.06271 -71.3258 23.4226
      vertex 7.22241 -58.6045 1.9214
      vertex 7.06271 -58.6091 1.39656
    endloop
  endfacet
  facet normal -0.857701 0.445264 0.257076
    outer loop
      vertex 7.51677 -58.5346 2.78271
      vertex 7.06271 -71.3258 23.4226
      vertex 7.51677 -70.6698 23.8013
    endloop
  endfacet
  facet normal -0.000514444 -0.174522 0.984653
    outer loop
      vertex 12.9374 -58.015 53.4874
      vertex 10.9976 -56.8837 53.6869
      vertex 11 -56.9311 53.6785
    endloop
  endfacet
  facet normal 4.96717e-05 -0.173584 0.984819
    outer loop
      vertex 12.9374 -58.015 53.4874
      vertex 10.947 -55.8693 53.8657
      vertex 10.9976 -56.8837 53.6869
    endloop
  endfacet
  facet normal -8.23237e-05 -0.173702 0.984798
    outer loop
      vertex 12.9374 -58.015 53.4874
      vertex 10.7957 -54.8646 54.0429
      vertex 10.947 -55.8693 53.8657
    endloop
  endfacet
  facet normal -0.00120274 -0.174441 0.984667
    outer loop
      vertex 12.9374 -58.015 53.4874
      vertex 10.7886 -54.8177 54.0512
      vertex 10.7957 -54.8646 54.0429
    endloop
  endfacet
  facet normal -0.000267913 -0.173593 0.984817
    outer loop
      vertex 10.7886 -54.8177 54.0512
      vertex 11.465 -50.725 54.7728
      vertex 10.6063 -54.1009 54.1775
    endloop
  endfacet
  facet normal 2.62968e-05 -0.17364 0.984809
    outer loop
      vertex 10.7886 -54.8177 54.0512
      vertex 12.9374 -58.015 53.4874
      vertex 11.465 -50.725 54.7728
    endloop
  endfacet
  facet normal 1.81633e-06 -0.173627 0.984812
    outer loop
      vertex 10.947 -57.9929 53.4913
      vertex 12.9374 -58.015 53.4874
      vertex 11 -56.9311 53.6785
    endloop
  endfacet
  facet normal 1.8319e-06 -0.173625 0.984812
    outer loop
      vertex 10.7886 -59.0445 53.3059
      vertex 12.9374 -58.015 53.4874
      vertex 10.947 -57.9929 53.4913
    endloop
  endfacet
  facet normal 6.00196e-05 -0.173743 0.984791
    outer loop
      vertex 10.538 -60.0297 53.1321
      vertex 12.9374 -58.015 53.4874
      vertex 10.7886 -59.0445 53.3059
    endloop
  endfacet
  facet normal -0.000280593 -0.17335 0.98486
    outer loop
      vertex 10.5263 -60.0757 53.124
      vertex 12.9374 -58.015 53.4874
      vertex 10.538 -60.0297 53.1321
    endloop
  endfacet
  facet normal -2.94986e-05 -0.173635 0.98481
    outer loop
      vertex 10.1627 -61.0767 52.9475
      vertex 12.9374 -58.015 53.4874
      vertex 10.5263 -60.0757 53.124
    endloop
  endfacet
  facet normal -0.0025648 -0.171405 0.985197
    outer loop
      vertex 10.1421 -61.1195 52.94
      vertex 12.9374 -58.015 53.4874
      vertex 10.1627 -61.0767 52.9475
    endloop
  endfacet
  facet normal -3.39602e-06 -0.173643 0.984809
    outer loop
      vertex 9.70113 -62.0377 52.7781
      vertex 12.9374 -58.015 53.4874
      vertex 10.1421 -61.1195 52.94
    endloop
  endfacet
  facet normal -7.95242e-05 -0.173584 0.984819
    outer loop
      vertex 9.17092 -62.9089 52.6245
      vertex 12.9374 -58.015 53.4874
      vertex 9.70113 -62.0377 52.7781
    endloop
  endfacet
  facet normal -0.00563466 -0.17128 0.985206
    outer loop
      vertex 7.22241 -67.405 51.8317
      vertex 9.17092 -62.9089 52.6245
      vertex 9.14616 -62.9495 52.6173
    endloop
  endfacet
  facet normal -0.000214161 -0.173553 0.984824
    outer loop
      vertex 7.22241 -67.405 51.8317
      vertex 9.14616 -62.9495 52.6173
      vertex 8.5318 -63.7653 52.4734
    endloop
  endfacet
  facet normal 0.00113362 -0.174023 0.984741
    outer loop
      vertex 7.22241 -67.405 51.8317
      vertex 8.5318 -63.7653 52.4734
      vertex 8.50311 -63.8034 52.4667
    endloop
  endfacet
  facet normal 2.65187e-05 -0.173663 0.984805
    outer loop
      vertex 9.17092 -62.9089 52.6245
      vertex 7.22241 -67.405 51.8317
      vertex 12.9374 -58.015 53.4874
    endloop
  endfacet
  facet normal 0.000304562 -0.173737 0.984792
    outer loop
      vertex 8.47077 -63.8386 52.4605
      vertex 7.22241 -67.405 51.8317
      vertex 8.50311 -63.8034 52.4667
    endloop
  endfacet
  facet normal 8.34532e-05 -0.173662 0.984805
    outer loop
      vertex 7.22241 -67.405 51.8317
      vertex 8.47077 -63.8386 52.4605
      vertex 7.99921 -64.3509 52.3702
    endloop
  endfacet
  facet normal 0.989175 0.144509 0.0254808
    outer loop
      vertex 12.7502 -54.2625 54.1491
      vertex 12.9374 -43.1756 -15.995
      vertex 12.7502 -41.8942 -15.995
    endloop
  endfacet
  facet normal 0.989175 0.144514 0.0254817
    outer loop
      vertex 12.9374 -43.1756 -15.995
      vertex 12.7502 -54.2625 54.1491
      vertex 12.9374 -55.5052 53.9299
    endloop
  endfacet
  facet normal 0.998809 0.0480768 0.00836316
    outer loop
      vertex 12.9374 -43.1756 -15.995
      vertex 13 -44.9639 -13.191
      vertex 12.9463 -43.3605 -15.995
    endloop
  endfacet
  facet normal 0.998795 0.0483233 0.00852067
    outer loop
      vertex 12.9374 -55.5052 53.9299
      vertex 13 -44.9639 -13.191
      vertex 12.9374 -43.1756 -15.995
    endloop
  endfacet
  facet normal 0.998795 0.0483225 0.00852054
    outer loop
      vertex 13 -44.9639 -13.191
      vertex 12.9374 -55.5052 53.9299
      vertex 13 -56.7601 53.7087
    endloop
  endfacet
  facet normal 0.000405306 -0.174106 0.984727
    outer loop
      vertex 9.19239 -65.8128 52.1124
      vertex 7.22241 -67.405 51.8317
      vertex 8.24711 -66.6566 51.9636
    endloop
  endfacet
  facet normal -0.146768 0.974143 0.171768
    outer loop
      vertex -2.35849 -31.4958 -15.995
      vertex -2.53617 -44.2036 55.9227
      vertex -1.27422 -44.0192 55.9552
    endloop
  endfacet
  facet normal -0.146929 0.97412 0.171763
    outer loop
      vertex -2.53617 -44.2036 55.9227
      vertex -2.35849 -31.4958 -15.995
      vertex -2.53617 -31.5226 -15.995
    endloop
  endfacet
  facet normal -0.000148807 -0.17361 0.984814
    outer loop
      vertex 12.9374 -58.015 53.4874
      vertex 12.0104 -61.6594 52.8448
      vertex 12.7502 -59.2577 53.2683
    endloop
  endfacet
  facet normal -0.000191104 0.173425 -0.984847
    outer loop
      vertex 0 -54.8025 -32.2574
      vertex -2.14599 -52.7957 -31.9036
      vertex -2.01886 -52.8143 -31.9069
    endloop
  endfacet
  facet normal -9.40607e-05 0.173525 -0.984829
    outer loop
      vertex 0 -54.8025 -32.2574
      vertex -3.18167 -52.5403 -31.8585
      vertex -2.14599 -52.7957 -31.9036
    endloop
  endfacet
  facet normal 0.00151575 0.175721 -0.984439
    outer loop
      vertex 0 -54.8025 -32.2574
      vertex -3.19313 -52.5374 -31.858
      vertex -3.18167 -52.5403 -31.8585
    endloop
  endfacet
  facet normal 8.27168e-05 0.173762 -0.984788
    outer loop
      vertex 0 -54.8025 -32.2574
      vertex -4.20952 -52.1793 -31.7949
      vertex -3.19313 -52.5374 -31.858
    endloop
  endfacet
  facet normal -0.000265627 0.17322 -0.984883
    outer loop
      vertex 0 -54.8025 -32.2574
      vertex -5.18536 -51.7248 -31.7147
      vertex -4.20952 -52.1793 -31.7949
    endloop
  endfacet
  facet normal 0.0164147 0.200388 -0.979579
    outer loop
      vertex 0 -54.8025 -32.2574
      vertex -6.11127 -51.1782 -31.6184
      vertex -5.18536 -51.7248 -31.7147
    endloop
  endfacet
  facet normal 0.00306453 0.179993 -0.983663
    outer loop
      vertex -8.13609 -50 -31.4106
      vertex -6.98708 -50.5371 -31.5053
      vertex -6.97833 -50.5449 -31.5067
    endloop
  endfacet
  facet normal 0 0.173639 -0.984809
    outer loop
      vertex -6.98708 -50.5371 -31.5053
      vertex -8.13609 -50 -31.4106
      vertex -7.58885 -50 -31.4106
    endloop
  endfacet
  facet normal 1.96394e-05 0.173723 -0.984795
    outer loop
      vertex -6.11127 -51.1782 -31.6184
      vertex -8.13609 -50 -31.4106
      vertex -6.97833 -50.5449 -31.5067
    endloop
  endfacet
  facet normal -0.00185113 0.170603 -0.985338
    outer loop
      vertex -8.13609 -50 -31.4106
      vertex -6.11127 -51.1782 -31.6184
      vertex 0 -54.8025 -32.2574
    endloop
  endfacet
  facet normal -0.998795 -0.0483288 -0.00852164
    outer loop
      vertex -12.9895 -44.6865 -15.995
      vertex -13 -56.7601 53.7087
      vertex -13 -44.4695 -15.995
    endloop
  endfacet
  facet normal -0.998795 -0.0483218 -0.00852043
    outer loop
      vertex -13 -56.7601 53.7087
      vertex -12.9895 -44.6865 -15.995
      vertex -12.9374 -58.015 53.4874
    endloop
  endfacet
  facet normal -0.0490352 0.983623 0.17344
    outer loop
      vertex 0 -31.2689 -15.995
      vertex -1.27422 -44.0192 55.9552
      vertex 0 -43.9576 55.9661
    endloop
  endfacet
  facet normal -0.0489487 0.983627 0.173442
    outer loop
      vertex -1.27422 -44.0192 55.9552
      vertex 0 -31.2689 -15.995
      vertex -0.178846 -31.2778 -15.995
    endloop
  endfacet
  facet normal -0.000301384 -0.173873 0.984768
    outer loop
      vertex 10.0491 -48.6383 55.1408
      vertex 9.19239 -47.7074 55.3049
      vertex 11.465 -50.725 54.7728
    endloop
  endfacet
  facet normal -0.989179 -0.144482 -0.0254762
    outer loop
      vertex -12.9055 -45.9817 -15.995
      vertex -12.9374 -58.015 53.4874
      vertex -12.9374 -45.7633 -15.995
    endloop
  endfacet
  facet normal -0.989174 -0.144516 -0.0254822
    outer loop
      vertex -12.9374 -58.015 53.4874
      vertex -12.9055 -45.9817 -15.995
      vertex -12.7502 -59.2577 53.2683
    endloop
  endfacet
  facet normal -9.84998e-05 0.17368 -0.984802
    outer loop
      vertex 0 -54.8025 -32.2574
      vertex 1.07819 -52.9517 -31.9311
      vertex 1.43281 -52.8999 -31.922
    endloop
  endfacet
  facet normal 2.66992e-06 0.173623 -0.984812
    outer loop
      vertex 0 -54.8025 -32.2574
      vertex 0.0117979 -53.0033 -31.9402
      vertex 1.07819 -52.9517 -31.9311
    endloop
  endfacet
  facet normal -0.000482667 0.173626 -0.984812
    outer loop
      vertex 0 -54.8025 -32.2574
      vertex 0 -53.0039 -31.9403
      vertex 0.0117979 -53.0033 -31.9402
    endloop
  endfacet
  facet normal 0.000482667 0.173626 -0.984812
    outer loop
      vertex 0 -54.8025 -32.2574
      vertex -0.0117979 -53.0033 -31.9402
      vertex 0 -53.0039 -31.9403
    endloop
  endfacet
  facet normal -2.66992e-06 0.173623 -0.984812
    outer loop
      vertex 0 -54.8025 -32.2574
      vertex -1.07819 -52.9517 -31.9311
      vertex -0.0117979 -53.0033 -31.9402
    endloop
  endfacet
  facet normal 9.84998e-05 0.17368 -0.984802
    outer loop
      vertex -1.07819 -52.9517 -31.9311
      vertex 0 -54.8025 -32.2574
      vertex -1.43281 -52.8999 -31.922
    endloop
  endfacet
  facet normal -9.28747e-06 -0.173642 0.984809
    outer loop
      vertex 12.9374 -58.015 53.4874
      vertex 7.22241 -67.405 51.8317
      vertex 10.0491 -64.8819 52.2766
    endloop
  endfacet
  facet normal 4.24545e-05 0.173716 -0.984796
    outer loop
      vertex -4.97488 -53.828 -32.0856
      vertex -7.22241 -52.6449 -31.877
      vertex -3.7737 -54.2512 -32.1602
    endloop
  endfacet
  facet normal -0.857652 -0.506418 -0.0892976
    outer loop
      vertex -10.8091 -63.8728 52.4545
      vertex -11.465 -50 -19.9204
      vertex -11.3836 -50 -20.7022
    endloop
  endfacet
  facet normal -0.857712 -0.50632 -0.0892782
    outer loop
      vertex -11.465 -50 -19.9204
      vertex -10.8091 -63.8728 52.4545
      vertex -11.465 -62.7952 52.6445
    endloop
  endfacet
  facet normal -0.00022036 -0.173774 0.984786
    outer loop
      vertex -10.0491 -64.8819 52.2766
      vertex -12.0104 -61.6594 52.8448
      vertex -11.465 -62.7952 52.6445
    endloop
  endfacet
  facet normal 0.970012 0.239366 0.0422067
    outer loop
      vertex 12.4402 -53.0437 54.364
      vertex 12.4898 -40.8385 -15.995
      vertex 12.4402 -40.6375 -15.995
    endloop
  endfacet
  facet normal 0.970032 0.239287 0.042193
    outer loop
      vertex 12.4898 -40.8385 -15.995
      vertex 12.4402 -53.0437 54.364
      vertex 12.7502 -54.2625 54.1491
    endloop
  endfacet
  facet normal 0 -0.173638 0.98481
    outer loop
      vertex 2.75753 -67.405 51.8317
      vertex 4.97488 -68.5881 51.6231
      vertex 7.22241 -67.405 51.8317
    endloop
  endfacet
  facet normal -4.66437e-05 -0.173723 0.984795
    outer loop
      vertex 2.19271 -67.5443 51.8071
      vertex 4.97488 -68.5881 51.6231
      vertex 2.75753 -67.405 51.8317
    endloop
  endfacet
  facet normal 0.000346369 -0.172707 0.984973
    outer loop
      vertex 2.14599 -67.5558 51.8051
      vertex 4.97488 -68.5881 51.6231
      vertex 2.19271 -67.5443 51.8071
    endloop
  endfacet
  facet normal 2.39249e-06 -0.173621 0.984813
    outer loop
      vertex 1.07819 -67.7118 51.7776
      vertex 4.97488 -68.5881 51.6231
      vertex 2.14599 -67.5558 51.8051
    endloop
  endfacet
  facet normal 0.000387905 -0.171958 0.985104
    outer loop
      vertex 1.03009 -67.7142 51.7772
      vertex 4.97488 -68.5881 51.6231
      vertex 1.07819 -67.7118 51.7776
    endloop
  endfacet
  facet normal -1.44938e-05 -0.17372 0.984795
    outer loop
      vertex 0 -67.764 51.7684
      vertex 4.97488 -68.5881 51.6231
      vertex 1.03009 -67.7142 51.7772
    endloop
  endfacet
  facet normal 1.44938e-05 -0.17372 0.984795
    outer loop
      vertex -4.97488 -68.5881 51.6231
      vertex 0 -67.764 51.7684
      vertex -1.03009 -67.7142 51.7772
    endloop
  endfacet
  facet normal -0.000387905 -0.171958 0.985104
    outer loop
      vertex -4.97488 -68.5881 51.6231
      vertex -1.03009 -67.7142 51.7772
      vertex -1.07819 -67.7118 51.7776
    endloop
  endfacet
  facet normal 4.66437e-05 -0.173723 0.984795
    outer loop
      vertex -4.97488 -68.5881 51.6231
      vertex -2.19271 -67.5443 51.8071
      vertex -2.75753 -67.405 51.8317
    endloop
  endfacet
  facet normal 0 -0.173635 0.98481
    outer loop
      vertex 0 -67.764 51.7684
      vertex -4.97488 -68.5881 51.6231
      vertex 4.97488 -68.5881 51.6231
    endloop
  endfacet
  facet normal -2.39249e-06 -0.173621 0.984813
    outer loop
      vertex -2.14599 -67.5558 51.8051
      vertex -4.97488 -68.5881 51.6231
      vertex -1.07819 -67.7118 51.7776
    endloop
  endfacet
  facet normal -0.000346369 -0.172707 0.984973
    outer loop
      vertex -2.19271 -67.5443 51.8071
      vertex -4.97488 -68.5881 51.6231
      vertex -2.14599 -67.5558 51.8051
    endloop
  endfacet
  facet normal 0 -0.173638 0.98481
    outer loop
      vertex -4.97488 -68.5881 51.6231
      vertex -2.75753 -67.405 51.8317
      vertex -7.22241 -67.405 51.8317
    endloop
  endfacet
  facet normal 0.514055 0.844726 0.148949
    outer loop
      vertex 6.12816 -32.8276 -15.995
      vertex 7.22241 -46.1152 55.5856
      vertex 6.28542 -32.9233 -15.995
    endloop
  endfacet
  facet normal 0.514101 0.844699 0.148943
    outer loop
      vertex 7.22241 -46.1152 55.5856
      vertex 6.12816 -32.8276 -15.995
      vertex 6.12816 -45.4693 55.6995
    endloop
  endfacet
  facet normal 0.903894 -0.421258 -0.0742748
    outer loop
      vertex 12.0104 -61.6594 52.8448
      vertex 11.5558 -53.4128 0.540959
      vertex 11.6673 -53.0886 0.0591317
    endloop
  endfacet
  facet normal 0.904149 -0.420726 -0.0741931
    outer loop
      vertex 12.0104 -61.6594 52.8448
      vertex 11.465 -53.6719 0.903706
      vertex 11.5558 -53.4128 0.540959
    endloop
  endfacet
  facet normal 0.904014 -0.421007 -0.074235
    outer loop
      vertex 11.465 -53.6719 0.903706
      vertex 12.0104 -61.6594 52.8448
      vertex 11.465 -62.7952 52.6445
    endloop
  endfacet
  facet normal 7.24651e-05 -0.173631 0.984811
    outer loop
      vertex 12.9374 -55.5052 53.9299
      vertex 11.465 -50.725 54.7728
      vertex 12.9374 -58.015 53.4874
    endloop
  endfacet
  facet normal 0.998795 -0.0483257 -0.00852117
    outer loop
      vertex 12.9869 -45.3521 -12.5251
      vertex 12.9374 -58.015 53.4874
      vertex 12.9374 -46.8187 -10.0097
    endloop
  endfacet
  facet normal 0.941475 -0.331962 -0.0585338
    outer loop
      vertex 12.4402 -60.4765 53.0534
      vertex 12.3874 -50.6184 -3.70393
      vertex 12.4402 -50.4095 -4.03941
    endloop
  endfacet
  facet normal 0.941548 -0.331761 -0.058499
    outer loop
      vertex 12.4402 -60.4765 53.0534
      vertex 12.2987 -50.9647 -3.16762
      vertex 12.3874 -50.6184 -3.70393
    endloop
  endfacet
  facet normal 0.941539 -0.331786 -0.0585032
    outer loop
      vertex 12.2987 -50.9647 -3.16762
      vertex 12.4402 -60.4765 53.0534
      vertex 12.0104 -61.6594 52.8448
    endloop
  endfacet
  facet normal -0.000150188 -0.173728 0.984794
    outer loop
      vertex -10.0491 -64.8819 52.2766
      vertex -11.465 -62.7952 52.6445
      vertex -10.8091 -63.8728 52.4545
    endloop
  endfacet
  facet normal 0.0491122 -0.983619 -0.173439
    outer loop
      vertex 1.27422 -69.5009 51.4621
      vertex 0 -69.5626 51.4512
      vertex 0 -54.8025 -32.2574
    endloop
  endfacet
  facet normal 0.941637 0.331515 0.0584604
    outer loop
      vertex 12.0104 -51.8608 54.5725
      vertex 12.4402 -40.6375 -15.995
      vertex 12.3719 -40.4435 -15.995
    endloop
  endfacet
  facet normal 0.941537 0.33179 0.0585036
    outer loop
      vertex 12.4402 -40.6375 -15.995
      vertex 12.0104 -51.8608 54.5725
      vertex 12.4402 -53.0437 54.364
    endloop
  endfacet
  facet normal -0.970036 0.23927 0.0421898
    outer loop
      vertex -12.7502 -41.8942 -15.995
      vertex -12.7502 -54.2625 54.1491
      vertex -12.4898 -40.8385 -15.995
    endloop
  endfacet
  facet normal -0.51412 0.844688 0.148941
    outer loop
      vertex -7.22241 -33.4936 -15.995
      vertex -7.22241 -46.1152 55.5856
      vertex -6.28542 -32.9233 -15.995
    endloop
  endfacet
  facet normal 0 0.173639 -0.984809
    outer loop
      vertex 8.13609 -50 -31.4106
      vertex 6.98708 -50.5371 -31.5053
      vertex 7.58885 -50 -31.4106
    endloop
  endfacet
  facet normal -0.00306453 0.179993 -0.983663
    outer loop
      vertex 8.13609 -50 -31.4106
      vertex 6.97833 -50.5449 -31.5067
      vertex 6.98708 -50.5371 -31.5053
    endloop
  endfacet
  facet normal -1.96394e-05 0.173723 -0.984795
    outer loop
      vertex 8.13609 -50 -31.4106
      vertex 6.11127 -51.1782 -31.6184
      vertex 6.97833 -50.5449 -31.5067
    endloop
  endfacet
  facet normal 0.00764311 0.160931 -0.986936
    outer loop
      vertex 8.13609 -50 -31.4106
      vertex 5.18536 -51.7248 -31.7147
      vertex 6.11127 -51.1782 -31.6184
    endloop
  endfacet
  facet normal 0.000191104 0.173425 -0.984847
    outer loop
      vertex 2.14599 -52.7957 -31.9036
      vertex 0 -54.8025 -32.2574
      vertex 2.01886 -52.8143 -31.9069
    endloop
  endfacet
  facet normal 9.40607e-05 0.173525 -0.984829
    outer loop
      vertex 3.18167 -52.5403 -31.8585
      vertex 0 -54.8025 -32.2574
      vertex 2.14599 -52.7957 -31.9036
    endloop
  endfacet
  facet normal -0.00151575 0.175721 -0.984439
    outer loop
      vertex 3.19313 -52.5374 -31.858
      vertex 0 -54.8025 -32.2574
      vertex 3.18167 -52.5403 -31.8585
    endloop
  endfacet
  facet normal -8.27168e-05 0.173762 -0.984788
    outer loop
      vertex 4.20952 -52.1793 -31.7949
      vertex 0 -54.8025 -32.2574
      vertex 3.19313 -52.5374 -31.858
    endloop
  endfacet
  facet normal 0.000265627 0.17322 -0.984883
    outer loop
      vertex 5.18536 -51.7248 -31.7147
      vertex 0 -54.8025 -32.2574
      vertex 4.20952 -52.1793 -31.7949
    endloop
  endfacet
  facet normal -0.000860461 0.17506 -0.984557
    outer loop
      vertex 0 -54.8025 -32.2574
      vertex 5.18536 -51.7248 -31.7147
      vertex 8.13609 -50 -31.4106
    endloop
  endfacet
  facet normal 0.00022036 -0.173774 0.984786
    outer loop
      vertex 12.0104 -61.6594 52.8448
      vertex 10.0491 -64.8819 52.2766
      vertex 11.465 -62.7952 52.6445
    endloop
  endfacet
  facet normal 0 0.173831 -0.984775
    outer loop
      vertex 10.1409 -50 -31.4106
      vertex 10.0491 -50.1218 -31.4321
      vertex 10.1318 -50 -31.4106
    endloop
  endfacet
  facet normal 0.970002 -0.239404 -0.0422119
    outer loop
      vertex 12.6434 -49.2496 -5.94655
      vertex 12.7502 -59.2577 53.2683
      vertex 12.5352 -49.867 -4.93135
    endloop
  endfacet
  facet normal 0.970049 -0.239221 -0.0421811
    outer loop
      vertex 12.7502 -59.2577 53.2683
      vertex 12.6434 -49.2496 -5.94655
      vertex 12.7502 -48.6397 -6.94936
    endloop
  endfacet
  facet normal 0.514101 -0.844698 -0.148944
    outer loop
      vertex 6.12816 -68.0509 51.7178
      vertex 6.5281 -58.4494 -1.35434
      vertex 7.22241 -67.405 51.8317
    endloop
  endfacet
  facet normal 0.514064 -0.844721 -0.148948
    outer loop
      vertex 6.12816 -68.0509 51.7178
      vertex 6.38754 -58.3731 -2.27217
      vertex 6.5281 -58.4494 -1.35434
    endloop
  endfacet
  facet normal 0.514654 -0.844373 -0.148883
    outer loop
      vertex 6.12816 -68.0509 51.7178
      vertex 6.29499 -58.2667 -3.19553
      vertex 6.38754 -58.3731 -2.27217
    endloop
  endfacet
  facet normal 0.513858 -0.844842 -0.148969
    outer loop
      vertex 6.12816 -68.0509 51.7178
      vertex 6.17293 -58.1262 -4.41338
      vertex 6.29499 -58.2667 -3.19553
    endloop
  endfacet
  facet normal 0.5144 -0.844522 -0.148912
    outer loop
      vertex 6.17293 -58.1262 -4.41338
      vertex 6.12816 -68.0509 51.7178
      vertex 6.12816 -58.0122 -5.21456
    endloop
  endfacet
  facet normal 0.513813 -0.84487 -0.148968
    outer loop
      vertex 6.21863 -56.2106 -15.1193
      vertex 6.12816 -53.2908 -31.9909
      vertex 6.32956 -55.8886 -16.5629
    endloop
  endfacet
  facet normal 0.51466 -0.844368 -0.148886
    outer loop
      vertex 6.17293 -56.3433 -14.5247
      vertex 6.12816 -53.2908 -31.9909
      vertex 6.21863 -56.2106 -15.1193
    endloop
  endfacet
  facet normal 0.514068 -0.844718 -0.148946
    outer loop
      vertex 6.14234 -56.4748 -13.8845
      vertex 6.12816 -53.2908 -31.9909
      vertex 6.17293 -56.3433 -14.5247
    endloop
  endfacet
  facet normal 0.5149 -0.844226 -0.14886
    outer loop
      vertex 6.12816 -53.2908 -31.9909
      vertex 6.14234 -56.4748 -13.8845
      vertex 6.12816 -56.5358 -13.5876
    endloop
  endfacet
  facet normal -8.36416e-05 0.174188 -0.984712
    outer loop
      vertex 2.53617 -54.5565 -32.2141
      vertex 0 -54.8025 -32.2574
      vertex 3.7737 -54.2512 -32.1602
    endloop
  endfacet
  facet normal -0.000405306 -0.174106 0.984727
    outer loop
      vertex -7.22241 -67.405 51.8317
      vertex -9.19239 -65.8128 52.1124
      vertex -8.24711 -66.6566 51.9636
    endloop
  endfacet
  facet normal 5.84104e-05 0.17375 -0.98479
    outer loop
      vertex -7.22241 -52.6449 -31.877
      vertex -9.19239 -51.0527 -31.5962
      vertex -3.7737 -54.2512 -32.1602
    endloop
  endfacet
  facet normal -0.903975 -0.421089 -0.0742489
    outer loop
      vertex -11.5436 -50 -18.9626
      vertex -12.0104 -61.6594 52.8448
      vertex -11.7048 -50 -17
    endloop
  endfacet
  facet normal -0.903988 -0.421062 -0.0742445
    outer loop
      vertex -12.0104 -49.3439 -17
      vertex -11.7048 -50 -17
      vertex -12.0104 -61.6594 52.8448
    endloop
  endfacet
  facet normal -0.595682 -0.791018 -0.139478
    outer loop
      vertex -7.22241 -67.405 51.8317
      vertex -8.24711 -66.6566 51.9636
      vertex -7.22241 -52.6449 -31.877
    endloop
  endfacet
  facet normal -0.336845 -0.927256 -0.1635
    outer loop
      vertex -3.7737 -54.2512 -32.1602
      vertex -4.97488 -68.5881 51.6231
      vertex -4.97488 -53.828 -32.0856
    endloop
  endfacet
  facet normal -0.000236754 -0.174477 0.984661
    outer loop
      vertex -2.53617 -69.3166 51.4946
      vertex -4.97488 -68.5881 51.6231
      vertex -3.7737 -69.0113 51.5484
    endloop
  endfacet
  facet normal -0.803185 -0.586679 -0.103447
    outer loop
      vertex -10.0491 -64.8819 52.2766
      vertex -10.8091 -63.8728 52.4545
      vertex -10.0491 -50.1218 -31.4321
    endloop
  endfacet
  facet normal 3.92762e-05 -0.173701 0.984799
    outer loop
      vertex -3.7737 -44.5089 55.8689
      vertex -11.465 -50.725 54.7728
      vertex -2.53617 -44.2036 55.9227
    endloop
  endfacet
  facet normal 0.000656593 -0.173804 0.98478
    outer loop
      vertex -12.7502 -54.2625 54.1491
      vertex -12.9374 -55.5052 53.9299
      vertex -12.4402 -53.0437 54.364
    endloop
  endfacet
  facet normal 4.9861e-05 -0.173241 0.984879
    outer loop
      vertex 1.27422 -44.0192 55.9552
      vertex 0 -43.9576 55.9661
      vertex 2.53617 -44.2036 55.9227
    endloop
  endfacet
  facet normal 0.0491193 0.983619 0.173438
    outer loop
      vertex 1.27422 -31.3325 -15.995
      vertex 0.178846 -31.2778 -15.995
      vertex 1.27422 -44.0192 55.9552
    endloop
  endfacet
  facet normal -0.146715 0.974151 0.171768
    outer loop
      vertex -1.27422 -31.3325 -15.995
      vertex -2.35849 -31.4958 -15.995
      vertex -1.27422 -44.0192 55.9552
    endloop
  endfacet
  facet normal -0.0491193 0.983619 0.173438
    outer loop
      vertex -1.27422 -31.3325 -15.995
      vertex -1.27422 -44.0192 55.9552
      vertex -0.178846 -31.2778 -15.995
    endloop
  endfacet
  facet normal -0.000574627 -0.173788 0.984783
    outer loop
      vertex 12.4402 -53.0437 54.364
      vertex 12.0104 -51.8608 54.5725
      vertex 12.9374 -55.5052 53.9299
    endloop
  endfacet
  facet normal 0.427578 0.890245 0.156974
    outer loop
      vertex 4.97488 -32.2737 -15.995
      vertex 4.97488 -44.9321 55.7943
      vertex 5.96282 -32.7482 -15.995
    endloop
  endfacet
  facet normal -0.00013113 -0.17396 0.984753
    outer loop
      vertex 4.97488 -44.9321 55.7943
      vertex 3.7737 -44.5089 55.8689
      vertex 7.22241 -46.1152 55.5856
    endloop
  endfacet
  facet normal -3.55254e-05 0.173648 -0.984808
    outer loop
      vertex 2.01886 -52.8143 -31.9069
      vertex 0 -54.8025 -32.2574
      vertex 1.60665 -52.8745 -31.9175
    endloop
  endfacet
  facet normal 0.998796 -0.0483198 -0.00852006
    outer loop
      vertex 13 -56.7601 53.7087
      vertex 12.9869 -45.3521 -12.5251
      vertex 13 -44.9639 -13.191
    endloop
  endfacet
  facet normal 0.998795 -0.0483218 -0.00852041
    outer loop
      vertex 12.9869 -45.3521 -12.5251
      vertex 13 -56.7601 53.7087
      vertex 12.9374 -58.015 53.4874
    endloop
  endfacet
  facet normal -0.00078659 -0.173631 0.98481
    outer loop
      vertex 12.9374 -55.5052 53.9299
      vertex 12.9374 -58.015 53.4874
      vertex 13 -56.7601 53.7087
    endloop
  endfacet
  facet normal 0.857735 -0.506281 -0.0892711
    outer loop
      vertex 11.465 -62.7952 52.6445
      vertex 11.2082 -54.2366 1.63889
      vertex 11.465 -53.6719 0.903706
    endloop
  endfacet
  facet normal 0.857712 -0.50632 -0.0892775
    outer loop
      vertex 11.2082 -54.2366 1.63889
      vertex 11.465 -62.7952 52.6445
      vertex 10.8091 -63.8728 52.4545
    endloop
  endfacet
  facet normal 0.427569 -0.890249 -0.156975
    outer loop
      vertex 4.97488 -68.5881 51.6231
      vertex 6.12816 -58.0122 -5.21456
      vertex 6.12816 -68.0509 51.7178
    endloop
  endfacet
  facet normal 0.427384 -0.890335 -0.156994
    outer loop
      vertex 4.97488 -68.5881 51.6231
      vertex 6.09305 -57.9163 -5.854
      vertex 6.12816 -58.0122 -5.21456
    endloop
  endfacet
  facet normal 0.42734 -0.890355 -0.156999
    outer loop
      vertex 4.97488 -68.5881 51.6231
      vertex 6.04334 -57.7805 -6.75944
      vertex 6.09305 -57.9163 -5.854
    endloop
  endfacet
  facet normal 0.427709 -0.890184 -0.156961
    outer loop
      vertex 4.97488 -68.5881 51.6231
      vertex 6 -57.3626 -9.24761
      vertex 6.04334 -57.7805 -6.75944
    endloop
  endfacet
  facet normal 0.5403 -0.829094 -0.143799
    outer loop
      vertex 4.97488 -68.5881 51.6231
      vertex 6.04334 -56.8848 -11.8396
      vertex 6 -57.3626 -9.24761
    endloop
  endfacet
  facet normal 0.427937 -0.890078 -0.156945
    outer loop
      vertex 6.04334 -56.8848 -11.8396
      vertex 6.12816 -53.2908 -31.9909
      vertex 6.12816 -56.5358 -13.5876
    endloop
  endfacet
  facet normal 0.427399 -0.890328 -0.156992
    outer loop
      vertex 6.12816 -53.2908 -31.9909
      vertex 6.04334 -56.8848 -11.8396
      vertex 4.97488 -68.5881 51.6231
    endloop
  endfacet
  facet normal 0.595682 -0.791018 -0.139478
    outer loop
      vertex 7.22241 -67.405 51.8317
      vertex 7.64927 -58.4817 3.04829
      vertex 8.24711 -66.6566 51.9636
    endloop
  endfacet
  facet normal 0.595488 -0.791159 -0.139506
    outer loop
      vertex 7.22241 -67.405 51.8317
      vertex 7.51677 -58.5346 2.78271
      vertex 7.64927 -58.4817 3.04829
    endloop
  endfacet
  facet normal 0.595858 -0.790889 -0.139455
    outer loop
      vertex 7.51677 -58.5346 2.78271
      vertex 7.22241 -67.405 51.8317
      vertex 7.22241 -58.6045 1.9214
    endloop
  endfacet
  facet normal 0.595634 -0.791052 -0.139485
    outer loop
      vertex 7.31091 -53.855 -24.6363
      vertex 7.22241 -54.0259 -24.045
      vertex 7.22241 -52.6449 -31.877
    endloop
  endfacet
  facet normal 0 0.173648 -0.984808
    outer loop
      vertex 3.7737 -54.2512 -32.1602
      vertex 8.13609 -50 -31.4106
      vertex 9.03375 -50 -31.4106
    endloop
  endfacet
  facet normal -2.73249e-06 0.173651 -0.984807
    outer loop
      vertex 8.13609 -50 -31.4106
      vertex 3.7737 -54.2512 -32.1602
      vertex 0 -54.8025 -32.2574
    endloop
  endfacet
  facet normal -5.84104e-05 0.17375 -0.98479
    outer loop
      vertex 7.22241 -52.6449 -31.877
      vertex 3.7737 -54.2512 -32.1602
      vertex 9.19239 -51.0527 -31.5962
    endloop
  endfacet
  facet normal 0.000123296 0.173532 -0.984828
    outer loop
      vertex 8.24711 -51.8965 -31.745
      vertex 7.22241 -52.6449 -31.877
      vertex 9.19239 -51.0527 -31.5962
    endloop
  endfacet
  facet normal -4.24545e-05 0.173716 -0.984796
    outer loop
      vertex 4.97488 -53.828 -32.0856
      vertex 3.7737 -54.2512 -32.1602
      vertex 7.22241 -52.6449 -31.877
    endloop
  endfacet
  facet normal 0 -0.173708 0.984797
    outer loop
      vertex 4.97488 -68.5881 51.6231
      vertex -2.53617 -69.3166 51.4946
      vertex 2.53617 -69.3166 51.4946
    endloop
  endfacet
  facet normal 0 -0.173708 0.984797
    outer loop
      vertex -2.53617 -69.3166 51.4946
      vertex 4.97488 -68.5881 51.6231
      vertex -4.97488 -68.5881 51.6231
    endloop
  endfacet
  facet normal 0.336857 -0.927251 -0.1635
    outer loop
      vertex 4.97488 -68.5881 51.6231
      vertex 3.7737 -69.0113 51.5484
      vertex 3.7737 -54.2512 -32.1602
    endloop
  endfacet
  facet normal -6.56371e-05 0.174008 -0.984744
    outer loop
      vertex 1.27422 -54.7409 -32.2466
      vertex 0 -54.8025 -32.2574
      vertex 2.53617 -54.5565 -32.2141
    endloop
  endfacet
  facet normal -0.941551 -0.331753 -0.0584969
    outer loop
      vertex -12.0104 -61.6594 52.8448
      vertex -12.3699 -48.3236 -17
      vertex -12.0104 -49.3439 -17
    endloop
  endfacet
  facet normal -0.989177 -0.144501 -0.0254793
    outer loop
      vertex -12.7502 -59.2577 53.2683
      vertex -12.9055 -45.9817 -15.995
      vertex -12.7502 -47.0448 -15.995
    endloop
  endfacet
  facet normal 0.000127585 0.173873 -0.984768
    outer loop
      vertex -6.12816 -53.2908 -31.9909
      vertex -7.22241 -52.6449 -31.877
      vertex -4.97488 -53.828 -32.0856
    endloop
  endfacet
  facet normal 0.146693 -0.974154 -0.17177
    outer loop
      vertex 2.53617 -69.3166 51.4946
      vertex 1.27422 -69.5009 51.4621
      vertex 2.53617 -54.5565 -32.2141
    endloop
  endfacet
  facet normal -0.857731 -0.506289 -0.0892725
    outer loop
      vertex -10.8091 -63.8728 52.4545
      vertex -11.3836 -50 -20.7022
      vertex -10.8091 -50 -26.222
    endloop
  endfacet
  facet normal -0.671588 -0.729668 -0.12866
    outer loop
      vertex -8.24711 -66.6566 51.9636
      vertex -9.19239 -65.8128 52.1124
      vertex -9.19239 -51.0527 -31.5962
    endloop
  endfacet
  facet normal -0.000127585 -0.173873 0.984768
    outer loop
      vertex -4.97488 -68.5881 51.6231
      vertex -7.22241 -67.405 51.8317
      vertex -6.12816 -68.0509 51.7178
    endloop
  endfacet
  facet normal -0.802989 -0.586954 -0.103411
    outer loop
      vertex -10.0491 -50.1218 -31.4321
      vertex -10.8091 -50 -26.222
      vertex -10.1409 -50 -31.4106
    endloop
  endfacet
  facet normal -0.803189 -0.586674 -0.103447
    outer loop
      vertex -10.8091 -50 -26.222
      vertex -10.0491 -50.1218 -31.4321
      vertex -10.8091 -63.8728 52.4545
    endloop
  endfacet
  facet normal -1.28736e-05 0.173632 -0.984811
    outer loop
      vertex -9.19239 -51.0527 -31.5962
      vertex -9.03375 -50 -31.4106
      vertex -3.7737 -54.2512 -32.1602
    endloop
  endfacet
  facet normal 0 0.173631 -0.984811
    outer loop
      vertex -9.03375 -50 -31.4106
      vertex -9.19239 -51.0527 -31.5962
      vertex -9.98519 -50 -31.4106
    endloop
  endfacet
  facet normal 2.73249e-06 0.173651 -0.984807
    outer loop
      vertex -3.7737 -54.2512 -32.1602
      vertex -8.13609 -50 -31.4106
      vertex 0 -54.8025 -32.2574
    endloop
  endfacet
  facet normal 0 0.173648 -0.984808
    outer loop
      vertex -8.13609 -50 -31.4106
      vertex -3.7737 -54.2512 -32.1602
      vertex -9.03375 -50 -31.4106
    endloop
  endfacet
  facet normal -0.0490217 -0.983624 -0.173438
    outer loop
      vertex 0 -54.8025 -32.2574
      vertex -1.27422 -69.5009 51.4621
      vertex -1.27422 -54.7409 -32.2466
    endloop
  endfacet
  facet normal -0.146693 -0.974154 -0.17177
    outer loop
      vertex -1.27422 -69.5009 51.4621
      vertex -2.53617 -69.3166 51.4946
      vertex -2.53617 -54.5565 -32.2141
    endloop
  endfacet
  facet normal 0.000127585 -0.173873 0.984768
    outer loop
      vertex 7.22241 -67.405 51.8317
      vertex 4.97488 -68.5881 51.6231
      vertex 6.12816 -68.0509 51.7178
    endloop
  endfacet
  facet normal 0.00078659 -0.173631 0.98481
    outer loop
      vertex -12.9374 -55.5052 53.9299
      vertex -13 -56.7601 53.7087
      vertex -12.9374 -58.015 53.4874
    endloop
  endfacet
  facet normal -0.970012 0.239366 0.0422067
    outer loop
      vertex -12.4898 -40.8385 -15.995
      vertex -12.4402 -53.0437 54.364
      vertex -12.4402 -40.6375 -15.995
    endloop
  endfacet
  facet normal -0.970032 0.239287 0.042193
    outer loop
      vertex -12.4402 -53.0437 54.364
      vertex -12.4898 -40.8385 -15.995
      vertex -12.7502 -54.2625 54.1491
    endloop
  endfacet
  facet normal -7.24651e-05 -0.173631 0.984811
    outer loop
      vertex -12.9374 -55.5052 53.9299
      vertex -12.9374 -58.015 53.4874
      vertex -11.465 -50.725 54.7728
    endloop
  endfacet
  facet normal -0.000142328 0.173504 -0.984833
    outer loop
      vertex 0 -54.8025 -32.2574
      vertex -1.60665 -52.8745 -31.9175
      vertex -1.43281 -52.8999 -31.922
    endloop
  endfacet
  facet normal 3.55254e-05 0.173648 -0.984808
    outer loop
      vertex 0 -54.8025 -32.2574
      vertex -2.01886 -52.8143 -31.9069
      vertex -1.60665 -52.8745 -31.9175
    endloop
  endfacet
  facet normal -0.000405306 -0.174106 0.984727
    outer loop
      vertex 8.24711 -46.8636 55.4537
      vertex 7.22241 -46.1152 55.5856
      vertex 9.19239 -47.7074 55.3049
    endloop
  endfacet
  facet normal -0.336845 0.927256 0.163501
    outer loop
      vertex -3.7737 -31.8373 -15.995
      vertex -4.97488 -44.9321 55.7943
      vertex -3.7737 -44.5089 55.8689
    endloop
  endfacet
  facet normal -0.336847 0.927255 0.163501
    outer loop
      vertex -4.97488 -44.9321 55.7943
      vertex -3.7737 -31.8373 -15.995
      vertex -3.94382 -31.8991 -15.995
    endloop
  endfacet
  facet normal 0.0490352 0.983623 0.17344
    outer loop
      vertex 0.178846 -31.2778 -15.995
      vertex 0 -43.9576 55.9661
      vertex 1.27422 -44.0192 55.9552
    endloop
  endfacet
  facet normal 0.0489487 0.983627 0.17344
    outer loop
      vertex 0 -43.9576 55.9661
      vertex 0.178846 -31.2778 -15.995
      vertex 0 -31.2689 -15.995
    endloop
  endfacet
  facet normal 0.595703 0.791003 0.139475
    outer loop
      vertex 7.22241 -33.4936 -15.995
      vertex 8.24711 -46.8636 55.4537
      vertex 8.24711 -34.2653 -15.995
    endloop
  endfacet
  facet normal 0.595682 0.791018 0.139478
    outer loop
      vertex 8.24711 -46.8636 55.4537
      vertex 7.22241 -33.4936 -15.995
      vertex 7.22241 -46.1152 55.5856
    endloop
  endfacet
  facet normal 0.51412 0.844688 0.148941
    outer loop
      vertex 7.22241 -33.4936 -15.995
      vertex 6.28542 -32.9233 -15.995
      vertex 7.22241 -46.1152 55.5856
    endloop
  endfacet
  facet normal 0.146715 0.974151 0.171768
    outer loop
      vertex 1.27422 -31.3325 -15.995
      vertex 1.27422 -44.0192 55.9552
      vertex 2.35849 -31.4958 -15.995
    endloop
  endfacet
  facet normal 7.69736e-05 -0.173527 0.984829
    outer loop
      vertex 7.22241 -46.1152 55.5856
      vertex 3.7737 -44.5089 55.8689
      vertex 9.19239 -47.7074 55.3049
    endloop
  endfacet
  facet normal 0 -0.17374 0.984792
    outer loop
      vertex 0 -43.9576 55.9661
      vertex -2.53617 -44.2036 55.9227
      vertex 2.53617 -44.2036 55.9227
    endloop
  endfacet
  facet normal -0.000656593 -0.173804 0.98478
    outer loop
      vertex 12.7502 -54.2625 54.1491
      vertex 12.4402 -53.0437 54.364
      vertex 12.9374 -55.5052 53.9299
    endloop
  endfacet
  facet normal 0.146929 0.97412 0.171763
    outer loop
      vertex 2.35849 -31.4958 -15.995
      vertex 2.53617 -44.2036 55.9227
      vertex 2.53617 -31.5226 -15.995
    endloop
  endfacet
  facet normal 0.146768 0.974143 0.171768
    outer loop
      vertex 2.53617 -44.2036 55.9227
      vertex 2.35849 -31.4958 -15.995
      vertex 1.27422 -44.0192 55.9552
    endloop
  endfacet
  facet normal 0.000114035 -0.173618 0.984813
    outer loop
      vertex 12.0104 -51.8608 54.5725
      vertex 11.465 -50.725 54.7728
      vertex 12.9374 -55.5052 53.9299
    endloop
  endfacet
  facet normal 0.741366 -0.660905 -0.116535
    outer loop
      vertex 10.0491 -64.8819 52.2766
      vertex 9.99987 -56.4486 4.13573
      vertex 10.0491 -56.3841 4.08312
    endloop
  endfacet
  facet normal 0.740931 -0.661378 -0.116618
    outer loop
      vertex 10.0491 -64.8819 52.2766
      vertex 9.68224 -56.8413 4.3448
      vertex 9.99987 -56.4486 4.13573
    endloop
  endfacet
  facet normal 0.740964 -0.661342 -0.116612
    outer loop
      vertex 9.68224 -56.8413 4.3448
      vertex 10.0491 -64.8819 52.2766
      vertex 9.19239 -65.8128 52.1124
    endloop
  endfacet
  facet normal 0.740867 -0.661444 -0.116652
    outer loop
      vertex 10.0491 -50.3265 -30.2714
      vertex 10.0373 -50.3385 -30.2783
      vertex 10.0491 -50.1218 -31.4321
    endloop
  endfacet
  facet normal 0.000284253 -0.173961 0.984753
    outer loop
      vertex 10.0491 -64.8819 52.2766
      vertex 7.22241 -67.405 51.8317
      vertex 9.19239 -65.8128 52.1124
    endloop
  endfacet
  facet normal 7.20053e-06 -0.173648 0.984808
    outer loop
      vertex 12.9374 -58.015 53.4874
      vertex 10.0491 -64.8819 52.2766
      vertex 12.0104 -61.6594 52.8448
    endloop
  endfacet
  facet normal 0.989169 -0.144553 -0.0254886
    outer loop
      vertex 12.8904 -47.2763 -9.24066
      vertex 12.7502 -59.2577 53.2683
      vertex 12.7502 -48.6397 -6.94936
    endloop
  endfacet
  facet normal 0.989194 -0.144387 -0.0254594
    outer loop
      vertex 12.9374 -58.015 53.4874
      vertex 12.8904 -47.2763 -9.24066
      vertex 12.9374 -46.8187 -10.0097
    endloop
  endfacet
  facet normal 0.989174 -0.144516 -0.0254816
    outer loop
      vertex 12.8904 -47.2763 -9.24066
      vertex 12.9374 -58.015 53.4874
      vertex 12.7502 -59.2577 53.2683
    endloop
  endfacet
  facet normal 0.595426 -0.791209 -0.139485
    outer loop
      vertex 7.22241 -52.6449 -31.877
      vertex 7.56177 -53.3778 -26.2711
      vertex 7.5193 -53.4529 -26.0264
    endloop
  endfacet
  facet normal 0.601553 -0.786618 -0.139162
    outer loop
      vertex 7.22241 -52.6449 -31.877
      vertex 7.5193 -53.4529 -26.0264
      vertex 7.51677 -53.4574 -26.0119
    endloop
  endfacet
  facet normal 0.589945 -0.795253 -0.139776
    outer loop
      vertex 7.22241 -52.6449 -31.877
      vertex 7.51677 -53.4574 -26.0119
      vertex 7.51432 -53.4621 -25.9955
    endloop
  endfacet
  facet normal 0.595807 -0.790926 -0.139466
    outer loop
      vertex 7.22241 -52.6449 -31.877
      vertex 7.51432 -53.4621 -25.9955
      vertex 7.31091 -53.855 -24.6363
    endloop
  endfacet
  facet normal 0.59569 -0.791012 -0.139476
    outer loop
      vertex 7.56177 -53.3778 -26.2711
      vertex 7.22241 -52.6449 -31.877
      vertex 8.24711 -51.8965 -31.745
    endloop
  endfacet
  facet normal 0.596205 -0.790653 -0.139314
    outer loop
      vertex 8.24711 -51.8965 -31.745
      vertex 7.57652 -53.3677 -26.2653
      vertex 7.56468 -53.3758 -26.27
    endloop
  endfacet
  facet normal 0.595655 -0.791037 -0.139485
    outer loop
      vertex 7.57652 -53.3677 -26.2653
      vertex 8.24711 -51.8965 -31.745
      vertex 8.24711 -52.9094 -26.0007
    endloop
  endfacet
  facet normal 0.596118 -0.790713 -0.139341
    outer loop
      vertex 8.24711 -51.8965 -31.745
      vertex 7.56468 -53.3758 -26.27
      vertex 7.56177 -53.3778 -26.2711
    endloop
  endfacet
  facet normal 0.595677 -0.791021 -0.139479
    outer loop
      vertex 8.24711 -66.6566 51.9636
      vertex 8.04291 -58.3244 3.83733
      vertex 8.24711 -58.2174 4.10259
    endloop
  endfacet
  facet normal 0.595676 -0.791022 -0.139479
    outer loop
      vertex 8.04291 -58.3244 3.83733
      vertex 8.24711 -66.6566 51.9636
      vertex 7.64927 -58.4817 3.04829
    endloop
  endfacet
  facet normal 0.671579 -0.729667 -0.128718
    outer loop
      vertex 8.24711 -52.9094 -26.0007
      vertex 9.12865 -52.1049 -25.9618
      vertex 9.0777 -52.2156 -25.6001
    endloop
  endfacet
  facet normal 0.671582 -0.729673 -0.128666
    outer loop
      vertex 8.24711 -52.9094 -26.0007
      vertex 9.19239 -51.0527 -31.5962
      vertex 9.12865 -52.1049 -25.9618
    endloop
  endfacet
  facet normal 0.671588 -0.729668 -0.128663
    outer loop
      vertex 9.19239 -51.0527 -31.5962
      vertex 8.24711 -52.9094 -26.0007
      vertex 8.24711 -51.8965 -31.745
    endloop
  endfacet
  facet normal 0.671637 -0.729625 -0.128652
    outer loop
      vertex 8.24711 -66.6566 51.9636
      vertex 8.63604 -57.9199 4.44561
      vertex 8.78413 -57.7918 4.49223
    endloop
  endfacet
  facet normal 0.671573 -0.729682 -0.128663
    outer loop
      vertex 8.24711 -66.6566 51.9636
      vertex 8.37102 -58.1226 4.21187
      vertex 8.63604 -57.9199 4.44561
    endloop
  endfacet
  facet normal 0.671659 -0.729605 -0.128649
    outer loop
      vertex 8.37102 -58.1226 4.21187
      vertex 8.24711 -66.6566 51.9636
      vertex 8.24711 -58.2174 4.10259
    endloop
  endfacet
  facet normal 0.146768 -0.974143 -0.171767
    outer loop
      vertex 2.53617 -54.5565 -32.2141
      vertex 1.27422 -69.5009 51.4621
      vertex 1.27422 -54.7409 -32.2466
    endloop
  endfacet
  facet normal 0.0490217 -0.983624 -0.173438
    outer loop
      vertex 1.27422 -69.5009 51.4621
      vertex 0 -54.8025 -32.2574
      vertex 1.27422 -54.7409 -32.2466
    endloop
  endfacet
  facet normal -0.969934 -0.239671 -0.0422542
    outer loop
      vertex -12.4925 -48 -16.5023
      vertex -12.7502 -59.2577 53.2683
      vertex -12.5146 -48 -15.995
    endloop
  endfacet
  facet normal -0.970039 -0.23926 -0.0421877
    outer loop
      vertex -12.7502 -47.0448 -15.995
      vertex -12.5146 -48 -15.995
      vertex -12.7502 -59.2577 53.2683
    endloop
  endfacet
  facet normal -0.998795 -0.0483258 -0.0085212
    outer loop
      vertex -12.9374 -58.015 53.4874
      vertex -12.9895 -44.6865 -15.995
      vertex -12.9374 -45.7633 -15.995
    endloop
  endfacet
  facet normal -0.941487 -0.331928 -0.0585279
    outer loop
      vertex -12.3699 -48.3236 -17
      vertex -12.4402 -60.4765 53.0534
      vertex -12.4402 -48.1242 -17
    endloop
  endfacet
  facet normal -0.941539 -0.331786 -0.0585033
    outer loop
      vertex -12.4402 -60.4765 53.0534
      vertex -12.3699 -48.3236 -17
      vertex -12.0104 -61.6594 52.8448
    endloop
  endfacet
  facet normal 0.000148807 -0.17361 0.984814
    outer loop
      vertex -12.0104 -61.6594 52.8448
      vertex -12.9374 -58.015 53.4874
      vertex -12.7502 -59.2577 53.2683
    endloop
  endfacet
  facet normal -0.514101 -0.844699 -0.148943
    outer loop
      vertex -6.12816 -53.2908 -31.9909
      vertex -7.22241 -67.405 51.8317
      vertex -7.22241 -52.6449 -31.877
    endloop
  endfacet
  facet normal -0.904124 -0.42078 -0.0741951
    outer loop
      vertex -11.465 -62.7952 52.6445
      vertex -11.5436 -50 -18.9626
      vertex -11.465 -50 -19.9204
    endloop
  endfacet
  facet normal -0.904014 -0.421007 -0.0742359
    outer loop
      vertex -11.5436 -50 -18.9626
      vertex -11.465 -62.7952 52.6445
      vertex -12.0104 -61.6594 52.8448
    endloop
  endfacet
  facet normal 0 0.173831 -0.984775
    outer loop
      vertex -10.0491 -50.1218 -31.4321
      vertex -10.1409 -50 -31.4106
      vertex -10.1318 -50 -31.4106
    endloop
  endfacet
  facet normal 0.000162107 0.173749 -0.98479
    outer loop
      vertex -10.0491 -50.1218 -31.4321
      vertex -9.98519 -50 -31.4106
      vertex -9.19239 -51.0527 -31.5962
    endloop
  endfacet
  facet normal 0 0.173831 -0.984775
    outer loop
      vertex -9.98519 -50 -31.4106
      vertex -10.0491 -50.1218 -31.4321
      vertex -10.1318 -50 -31.4106
    endloop
  endfacet
  facet normal -7.20053e-06 -0.173648 0.984808
    outer loop
      vertex -10.0491 -64.8819 52.2766
      vertex -12.9374 -58.015 53.4874
      vertex -12.0104 -61.6594 52.8448
    endloop
  endfacet
  facet normal -0.000123296 0.173532 -0.984828
    outer loop
      vertex -8.24711 -51.8965 -31.745
      vertex -9.19239 -51.0527 -31.5962
      vertex -7.22241 -52.6449 -31.877
    endloop
  endfacet
  facet normal -0.514101 -0.844699 -0.148943
    outer loop
      vertex -6.12816 -68.0509 51.7178
      vertex -7.22241 -67.405 51.8317
      vertex -6.12816 -53.2908 -31.9909
    endloop
  endfacet
  facet normal 2.2711e-05 -0.173513 0.984832
    outer loop
      vertex 0 -69.5626 51.4512
      vertex -2.53617 -69.3166 51.4946
      vertex -1.27422 -69.5009 51.4621
    endloop
  endfacet
  facet normal -0.0491122 -0.983619 -0.173439
    outer loop
      vertex 0 -69.5626 51.4512
      vertex -1.27422 -69.5009 51.4621
      vertex 0 -54.8025 -32.2574
    endloop
  endfacet
  facet normal -0.336857 -0.927251 -0.1635
    outer loop
      vertex -3.7737 -69.0113 51.5484
      vertex -4.97488 -68.5881 51.6231
      vertex -3.7737 -54.2512 -32.1602
    endloop
  endfacet
  facet normal 8.36416e-05 0.174188 -0.984712
    outer loop
      vertex -2.53617 -54.5565 -32.2141
      vertex -3.7737 -54.2512 -32.1602
      vertex 0 -54.8025 -32.2574
    endloop
  endfacet
  facet normal 0.000236754 -0.174477 0.984661
    outer loop
      vertex 4.97488 -68.5881 51.6231
      vertex 2.53617 -69.3166 51.4946
      vertex 3.7737 -69.0113 51.5484
    endloop
  endfacet
  facet normal 0.242994 -0.955291 -0.168444
    outer loop
      vertex 2.53617 -69.3166 51.4946
      vertex 3.7737 -54.2512 -32.1602
      vertex 3.7737 -69.0113 51.5484
    endloop
  endfacet
  facet normal 0.243007 -0.955288 -0.168443
    outer loop
      vertex 3.7737 -54.2512 -32.1602
      vertex 2.53617 -69.3166 51.4946
      vertex 2.53617 -54.5565 -32.2141
    endloop
  endfacet
  facet normal -0.000127585 0.173873 -0.984768
    outer loop
      vertex 6.12816 -53.2908 -31.9909
      vertex 4.97488 -53.828 -32.0856
      vertex 7.22241 -52.6449 -31.877
    endloop
  endfacet
  facet normal 0.513892 -0.844822 -0.148964
    outer loop
      vertex 7.22241 -67.405 51.8317
      vertex 7.06271 -58.6091 1.39656
      vertex 7.22241 -58.6045 1.9214
    endloop
  endfacet
  facet normal 0.514068 -0.844718 -0.148947
    outer loop
      vertex 7.22241 -67.405 51.8317
      vertex 6.68508 -58.5346 -0.329283
      vertex 7.06271 -58.6091 1.39656
    endloop
  endfacet
  facet normal 0.514121 -0.844687 -0.148942
    outer loop
      vertex 6.68508 -58.5346 -0.329283
      vertex 7.22241 -67.405 51.8317
      vertex 6.5281 -58.4494 -1.35434
    endloop
  endfacet
  facet normal 0.514066 -0.844721 -0.148941
    outer loop
      vertex 6.12816 -53.2908 -31.9909
      vertex 7.22241 -54.0259 -24.045
      vertex 7.06271 -54.3011 -23.0354
    endloop
  endfacet
  facet normal 0.514064 -0.844722 -0.148941
    outer loop
      vertex 6.12816 -53.2908 -31.9909
      vertex 7.06271 -54.3011 -23.0354
      vertex 6.68508 -55.0373 -20.1634
    endloop
  endfacet
  facet normal 0.514216 -0.84463 -0.148935
    outer loop
      vertex 6.12816 -53.2908 -31.9909
      vertex 6.68508 -55.0373 -20.1634
      vertex 6.38754 -55.7203 -17.3173
    endloop
  endfacet
  facet normal 0.514018 -0.844748 -0.148951
    outer loop
      vertex 6.12816 -53.2908 -31.9909
      vertex 6.38754 -55.7203 -17.3173
      vertex 6.32956 -55.8886 -16.5629
    endloop
  endfacet
  facet normal 0.514101 -0.844698 -0.148944
    outer loop
      vertex 7.22241 -54.0259 -24.045
      vertex 6.12816 -53.2908 -31.9909
      vertex 7.22241 -52.6449 -31.877
    endloop
  endfacet
  facet normal -0.989175 0.144509 0.0254808
    outer loop
      vertex -12.9374 -43.1756 -15.995
      vertex -12.7502 -54.2625 54.1491
      vertex -12.7502 -41.8942 -15.995
    endloop
  endfacet
  facet normal -0.989175 0.144514 0.0254817
    outer loop
      vertex -12.7502 -54.2625 54.1491
      vertex -12.9374 -43.1756 -15.995
      vertex -12.9374 -55.5052 53.9299
    endloop
  endfacet
  facet normal -0.998795 0.0483226 0.00852054
    outer loop
      vertex -13 -44.4695 -15.995
      vertex -12.9374 -55.5052 53.9299
      vertex -12.9374 -43.1756 -15.995
    endloop
  endfacet
  facet normal -0.998795 0.0483225 0.00852052
    outer loop
      vertex -12.9374 -55.5052 53.9299
      vertex -13 -44.4695 -15.995
      vertex -13 -56.7601 53.7087
    endloop
  endfacet
  facet normal 0 -0.173693 0.9848
    outer loop
      vertex 11.465 -50.725 54.7728
      vertex 8.50311 -50.0588 54.8903
      vertex 9.00486 -50.725 54.7728
    endloop
  endfacet
  facet normal 1.0417e-05 -0.173648 0.984808
    outer loop
      vertex 11.465 -50.725 54.7728
      vertex 7.77817 -49.2711 55.0292
      vertex 8.50311 -50.0588 54.8903
    endloop
  endfacet
  facet normal -1.37417e-06 -0.173677 0.984803
    outer loop
      vertex 11.465 -50.725 54.7728
      vertex 6.97833 -48.5572 55.1551
      vertex 7.77817 -49.2711 55.0292
    endloop
  endfacet
  facet normal 0.00450532 -0.164621 0.986347
    outer loop
      vertex 11.465 -50.725 54.7728
      vertex 6.93964 -48.5289 55.16
      vertex 6.97833 -48.5572 55.1551
    endloop
  endfacet
  facet normal -7.27553e-05 -0.17378 0.984785
    outer loop
      vertex 11.465 -50.725 54.7728
      vertex 6.11127 -47.9239 55.2667
      vertex 6.93964 -48.5289 55.16
    endloop
  endfacet
  facet normal -6.50653e-06 -0.173657 0.984806
    outer loop
      vertex 2.53617 -44.2036 55.9227
      vertex 6.11127 -47.9239 55.2667
      vertex 11.465 -50.725 54.7728
    endloop
  endfacet
  facet normal 5.28556e-05 -0.173602 0.984816
    outer loop
      vertex 6.11127 -47.9239 55.2667
      vertex 2.53617 -44.2036 55.9227
      vertex 5.22667 -47.4017 55.3588
    endloop
  endfacet
  facet normal 0.000724062 -0.173054 0.984912
    outer loop
      vertex 5.22667 -47.4017 55.3588
      vertex 2.53617 -44.2036 55.9227
      vertex 5.18536 -47.3774 55.3631
    endloop
  endfacet
  facet normal -8.9895e-05 -0.173713 0.984796
    outer loop
      vertex 2.53617 -44.2036 55.9227
      vertex 4.20952 -46.9228 55.4432
      vertex 5.18536 -47.3774 55.3631
    endloop
  endfacet
  facet normal 6.57394e-05 -0.17362 0.984813
    outer loop
      vertex 2.53617 -44.2036 55.9227
      vertex 3.19313 -46.5647 55.5064
      vertex 4.20952 -46.9228 55.4432
    endloop
  endfacet
  facet normal -4.287e-05 -0.173649 0.984808
    outer loop
      vertex 2.53617 -44.2036 55.9227
      vertex 2.14599 -46.3064 55.5519
      vertex 3.19313 -46.5647 55.5064
    endloop
  endfacet
  facet normal -7.60093e-06 -0.173656 0.984806
    outer loop
      vertex 2.53617 -44.2036 55.9227
      vertex 1.07819 -46.1504 55.5794
      vertex 2.14599 -46.3064 55.5519
    endloop
  endfacet
  facet normal -4.39175e-06 -0.173658 0.984806
    outer loop
      vertex 2.53617 -44.2036 55.9227
      vertex 0 -46.0982 55.5886
      vertex 1.07819 -46.1504 55.5794
    endloop
  endfacet
  facet normal 0 -0.173664 0.984805
    outer loop
      vertex -2.53617 -44.2036 55.9227
      vertex 0 -46.0982 55.5886
      vertex 2.53617 -44.2036 55.9227
    endloop
  endfacet
  facet normal 4.39175e-06 -0.173658 0.984806
    outer loop
      vertex 0 -46.0982 55.5886
      vertex -2.53617 -44.2036 55.9227
      vertex -1.07819 -46.1504 55.5794
    endloop
  endfacet
  facet normal 7.60093e-06 -0.173656 0.984806
    outer loop
      vertex -1.07819 -46.1504 55.5794
      vertex -2.53617 -44.2036 55.9227
      vertex -2.14599 -46.3064 55.5519
    endloop
  endfacet
  facet normal 4.287e-05 -0.173649 0.984808
    outer loop
      vertex -2.53617 -44.2036 55.9227
      vertex -3.19313 -46.5647 55.5064
      vertex -2.14599 -46.3064 55.5519
    endloop
  endfacet
  facet normal -6.57394e-05 -0.17362 0.984813
    outer loop
      vertex -2.53617 -44.2036 55.9227
      vertex -4.20952 -46.9228 55.4432
      vertex -3.19313 -46.5647 55.5064
    endloop
  endfacet
  facet normal 8.9895e-05 -0.173713 0.984796
    outer loop
      vertex -2.53617 -44.2036 55.9227
      vertex -5.18536 -47.3774 55.3631
      vertex -4.20952 -46.9228 55.4432
    endloop
  endfacet
  facet normal -0.000724062 -0.173054 0.984912
    outer loop
      vertex -2.53617 -44.2036 55.9227
      vertex -5.22667 -47.4017 55.3588
      vertex -5.18536 -47.3774 55.3631
    endloop
  endfacet
  facet normal -5.28556e-05 -0.173602 0.984816
    outer loop
      vertex -2.53617 -44.2036 55.9227
      vertex -6.11127 -47.9239 55.2667
      vertex -5.22667 -47.4017 55.3588
    endloop
  endfacet
  facet normal -8.14673e-05 -0.173575 0.984821
    outer loop
      vertex -2.53617 -44.2036 55.9227
      vertex -6.93964 -48.5289 55.16
      vertex -6.11127 -47.9239 55.2667
    endloop
  endfacet
  facet normal 2.08146e-05 -0.173676 0.984803
    outer loop
      vertex -11.465 -50.725 54.7728
      vertex -6.93964 -48.5289 55.16
      vertex -2.53617 -44.2036 55.9227
    endloop
  endfacet
  facet normal -0.00450532 -0.164621 0.986347
    outer loop
      vertex -6.93964 -48.5289 55.16
      vertex -11.465 -50.725 54.7728
      vertex -6.97833 -48.5572 55.1551
    endloop
  endfacet
  facet normal 0 -0.173693 0.9848
    outer loop
      vertex -8.50311 -50.0588 54.8903
      vertex -11.465 -50.725 54.7728
      vertex -9.00486 -50.725 54.7728
    endloop
  endfacet
  facet normal -1.0417e-05 -0.173648 0.984808
    outer loop
      vertex -7.77817 -49.2711 55.0292
      vertex -11.465 -50.725 54.7728
      vertex -8.50311 -50.0588 54.8903
    endloop
  endfacet
  facet normal 1.37417e-06 -0.173677 0.984803
    outer loop
      vertex -6.97833 -48.5572 55.1551
      vertex -11.465 -50.725 54.7728
      vertex -7.77817 -49.2711 55.0292
    endloop
  endfacet
  facet normal -4.9861e-05 -0.173241 0.984879
    outer loop
      vertex -1.27422 -44.0192 55.9552
      vertex -2.53617 -44.2036 55.9227
      vertex 0 -43.9576 55.9661
    endloop
  endfacet
  facet normal -0.941522 0.331832 0.0585112
    outer loop
      vertex -12.0104 -39.4178 -15.995
      vertex -12.3719 -40.4435 -15.995
      vertex -12.0104 -51.8608 54.5725
    endloop
  endfacet
  facet normal -0.000114035 -0.173618 0.984813
    outer loop
      vertex -12.0104 -51.8608 54.5725
      vertex -12.9374 -55.5052 53.9299
      vertex -11.465 -50.725 54.7728
    endloop
  endfacet
  facet normal -0.903974 0.421091 0.0742492
    outer loop
      vertex -11.5495 -38.4282 -15.995
      vertex -11.465 -50.725 54.7728
      vertex -11.465 -38.2468 -15.995
    endloop
  endfacet
  facet normal -0.904014 0.421007 0.0742348
    outer loop
      vertex -11.465 -50.725 54.7728
      vertex -11.5495 -38.4282 -15.995
      vertex -12.0104 -51.8608 54.5725
    endloop
  endfacet
  facet normal 0.903974 0.421091 0.0742492
    outer loop
      vertex 11.465 -50.725 54.7728
      vertex 11.5495 -38.4282 -15.995
      vertex 11.465 -38.2468 -15.995
    endloop
  endfacet
  facet normal 0.904014 0.421007 0.0742348
    outer loop
      vertex 11.5495 -38.4282 -15.995
      vertex 11.465 -50.725 54.7728
      vertex 12.0104 -51.8608 54.5725
    endloop
  endfacet
  facet normal -0.740926 0.661384 0.11662
    outer loop
      vertex -9.19239 -35.1353 -15.995
      vertex -9.9207 -35.9512 -15.995
      vertex -9.19239 -47.7074 55.3049
    endloop
  endfacet
  facet normal 0.740926 0.661384 0.11662
    outer loop
      vertex 9.19239 -35.1353 -15.995
      vertex 9.19239 -47.7074 55.3049
      vertex 9.9207 -35.9512 -15.995
    endloop
  endfacet
  facet normal 0.74106 0.661238 0.116597
    outer loop
      vertex 9.19239 -47.7074 55.3049
      vertex 10.0491 -36.0951 -15.995
      vertex 9.9207 -35.9512 -15.995
    endloop
  endfacet
  facet normal 0.740958 0.661349 0.116614
    outer loop
      vertex 10.0491 -36.0951 -15.995
      vertex 9.19239 -47.7074 55.3049
      vertex 10.0491 -48.6383 55.1408
    endloop
  endfacet
  facet normal 4.93352e-07 -0.173653 0.984807
    outer loop
      vertex 9.19239 -47.7074 55.3049
      vertex 3.7737 -44.5089 55.8689
      vertex 11.465 -50.725 54.7728
    endloop
  endfacet
  facet normal 0.000150188 -0.173728 0.984794
    outer loop
      vertex 11.465 -62.7952 52.6445
      vertex 10.0491 -64.8819 52.2766
      vertex 10.8091 -63.8728 52.4545
    endloop
  endfacet
  facet normal 0.800878 -0.589741 -0.103928
    outer loop
      vertex 10.8091 -63.8728 52.4545
      vertex 10.3631 -55.8607 3.55299
      vertex 10.366 -55.8559 3.5481
    endloop
  endfacet
  facet normal 0.803215 -0.586639 -0.103442
    outer loop
      vertex 10.8091 -63.8728 52.4545
      vertex 10.0491 -56.3841 4.08312
      vertex 10.3631 -55.8607 3.55299
    endloop
  endfacet
  facet normal 0.803185 -0.586679 -0.103447
    outer loop
      vertex 10.0491 -56.3841 4.08312
      vertex 10.8091 -63.8728 52.4545
      vertex 10.0491 -64.8819 52.2766
    endloop
  endfacet
  facet normal 0.803743 -0.585934 -0.103335
    outer loop
      vertex 10.0597 -50.3133 -30.2638
      vertex 10.0491 -50.3265 -30.2714
      vertex 10.0491 -50.1218 -31.4321
    endloop
  endfacet
  facet normal 0.904012 -0.421012 -0.0742357
    outer loop
      vertex 12.0104 -61.6594 52.8448
      vertex 11.6673 -53.0886 0.0591317
      vertex 12.0104 -52.0903 -1.42439
    endloop
  endfacet
  facet normal 0.94149 -0.331921 -0.0585265
    outer loop
      vertex 12.0593 -51.8995 -1.71984
      vertex 12.0104 -61.6594 52.8448
      vertex 12.0104 -52.0903 -1.42439
    endloop
  endfacet
  facet normal 0.941563 -0.33172 -0.0584904
    outer loop
      vertex 12.0104 -61.6594 52.8448
      vertex 12.0593 -51.8995 -1.71984
      vertex 12.2987 -50.9647 -3.16762
    endloop
  endfacet
  facet normal -0.566525 0.0196134 -0.823811
    outer loop
      vertex 9.68224 -56.8413 4.3448
      vertex 9.29046 -57.3257 4.60269
      vertex 9.67583 -56.8492 4.34902
    endloop
  endfacet
  facet normal 0.741092 -0.661204 -0.116587
    outer loop
      vertex 9.29046 -57.3257 4.60269
      vertex 9.19239 -65.8128 52.1124
      vertex 9.19239 -57.4388 4.62073
    endloop
  endfacet
  facet normal 0.740948 -0.66136 -0.116615
    outer loop
      vertex 9.19239 -65.8128 52.1124
      vertex 9.29046 -57.3257 4.60269
      vertex 9.68224 -56.8413 4.3448
    endloop
  endfacet
  facet normal 0.741065 -0.66123 -0.116609
    outer loop
      vertex 9.90182 -50.4763 -30.3579
      vertex 10.0491 -50.1218 -31.4321
      vertex 10.0373 -50.3385 -30.2783
    endloop
  endfacet
  facet normal 0.740702 -0.661605 -0.116783
    outer loop
      vertex 9.81639 -50.5631 -30.408
      vertex 10.0491 -50.1218 -31.4321
      vertex 9.90182 -50.4763 -30.3579
    endloop
  endfacet
  facet normal 0.740958 -0.661349 -0.116615
    outer loop
      vertex 9.81639 -50.5631 -30.408
      vertex 9.19239 -51.0527 -31.5962
      vertex 10.0491 -50.1218 -31.4321
    endloop
  endfacet
  facet normal 0.740983 -0.661316 -0.116641
    outer loop
      vertex 9.58893 -51.0575 -29.0499
      vertex 9.19239 -51.0527 -31.5962
      vertex 9.81639 -50.5631 -30.408
    endloop
  endfacet
  facet normal 0.740899 -0.661412 -0.116628
    outer loop
      vertex 9.19239 -51.0527 -31.5962
      vertex 9.58893 -51.0575 -29.0499
      vertex 9.19239 -51.9685 -26.4026
    endloop
  endfacet
  facet normal 0.671588 -0.729669 -0.128659
    outer loop
      vertex 8.24711 -66.6566 51.9636
      vertex 9.19239 -57.4388 4.62073
      vertex 9.19239 -65.8128 52.1124
    endloop
  endfacet
  facet normal 0.67147 -0.729773 -0.128682
    outer loop
      vertex 8.24711 -66.6566 51.9636
      vertex 8.92776 -57.6676 4.53743
      vertex 9.19239 -57.4388 4.62073
    endloop
  endfacet
  facet normal 0.671512 -0.729736 -0.128674
    outer loop
      vertex 8.92776 -57.6676 4.53743
      vertex 8.24711 -66.6566 51.9636
      vertex 8.78413 -57.7918 4.49223
    endloop
  endfacet
  facet normal 0.672297 -0.729034 -0.128552
    outer loop
      vertex 9.17971 -51.994 -26.3243
      vertex 9.19239 -51.0527 -31.5962
      vertex 9.19239 -51.9685 -26.4026
    endloop
  endfacet
  facet normal 0.671446 -0.729794 -0.12869
    outer loop
      vertex 9.19239 -51.0527 -31.5962
      vertex 9.17971 -51.994 -26.3243
      vertex 9.12865 -52.1049 -25.9618
    endloop
  endfacet
  facet normal -0.000228561 -0.173586 0.984819
    outer loop
      vertex 12.7502 -59.2577 53.2683
      vertex 12.0104 -61.6594 52.8448
      vertex 12.4402 -60.4765 53.0534
    endloop
  endfacet
  facet normal 0.970047 -0.239225 -0.0421832
    outer loop
      vertex 12.7502 -59.2577 53.2683
      vertex 12.4402 -50.4095 -4.03941
      vertex 12.5352 -49.867 -4.93135
    endloop
  endfacet
  facet normal 0.970032 -0.239287 -0.0421927
    outer loop
      vertex 12.4402 -50.4095 -4.03941
      vertex 12.7502 -59.2577 53.2683
      vertex 12.4402 -60.4765 53.0534
    endloop
  endfacet
  facet normal 0.000228561 -0.173586 0.984819
    outer loop
      vertex -12.0104 -61.6594 52.8448
      vertex -12.7502 -59.2577 53.2683
      vertex -12.4402 -60.4765 53.0534
    endloop
  endfacet
  facet normal -0.969922 -0.239747 -0.0420943
    outer loop
      vertex -12.4402 -48.1242 -17
      vertex -12.4925 -48 -16.5023
      vertex -12.4709 -48 -17
    endloop
  endfacet
  facet normal -0.970016 -0.239349 -0.0422036
    outer loop
      vertex -12.4402 -60.4765 53.0534
      vertex -12.4925 -48 -16.5023
      vertex -12.4402 -48.1242 -17
    endloop
  endfacet
  facet normal -0.970032 -0.239287 -0.0421925
    outer loop
      vertex -12.4925 -48 -16.5023
      vertex -12.4402 -60.4765 53.0534
      vertex -12.7502 -59.2577 53.2683
    endloop
  endfacet
  facet normal -0.427569 -0.890249 -0.156975
    outer loop
      vertex -4.97488 -68.5881 51.6231
      vertex -6.12816 -53.2908 -31.9909
      vertex -4.97488 -53.828 -32.0856
    endloop
  endfacet
  facet normal -0.427569 -0.890249 -0.156975
    outer loop
      vertex -4.97488 -68.5881 51.6231
      vertex -6.12816 -68.0509 51.7178
      vertex -6.12816 -53.2908 -31.9909
    endloop
  endfacet
  facet normal -0.000294625 -0.173569 0.984822
    outer loop
      vertex 7.77817 -64.5911 52.3278
      vertex 7.22241 -67.405 51.8317
      vertex 7.99921 -64.3509 52.3702
    endloop
  endfacet
  facet normal 0.000807042 -0.17378 0.984784
    outer loop
      vertex 7.74249 -64.623 52.3222
      vertex 7.22241 -67.405 51.8317
      vertex 7.77817 -64.5911 52.3278
    endloop
  endfacet
  facet normal 6.92791e-05 -0.173646 0.984808
    outer loop
      vertex 6.97833 -65.305 52.202
      vertex 7.22241 -67.405 51.8317
      vertex 7.74249 -64.623 52.3222
    endloop
  endfacet
  facet normal -2.94185e-05 -0.173658 0.984806
    outer loop
      vertex 6.11127 -65.9383 52.0903
      vertex 7.22241 -67.405 51.8317
      vertex 6.97833 -65.305 52.202
    endloop
  endfacet
  facet normal -1.96021e-05 -0.17365 0.984807
    outer loop
      vertex 5.18536 -66.4849 51.9939
      vertex 7.22241 -67.405 51.8317
      vertex 6.11127 -65.9383 52.0903
    endloop
  endfacet
  facet normal 1.07408e-05 -0.173585 0.984819
    outer loop
      vertex 4.20952 -66.9394 51.9138
      vertex 7.22241 -67.405 51.8317
      vertex 5.18536 -66.4849 51.9939
    endloop
  endfacet
  facet normal -1.64391e-05 -0.173756 0.984789
    outer loop
      vertex 3.19313 -67.2975 51.8506
      vertex 7.22241 -67.405 51.8317
      vertex 4.20952 -66.9394 51.9138
    endloop
  endfacet
  facet normal 0 -0.173158 0.984894
    outer loop
      vertex 7.22241 -67.405 51.8317
      vertex 3.19313 -67.2975 51.8506
      vertex 2.75753 -67.405 51.8317
    endloop
  endfacet
  facet normal 0.000364942 -0.173749 0.98479
    outer loop
      vertex 11.465 -50.725 54.7728
      vertex 10.5263 -53.7865 54.233
      vertex 10.6063 -54.1009 54.1775
    endloop
  endfacet
  facet normal 7.1721e-06 -0.173642 0.984809
    outer loop
      vertex 11.465 -50.725 54.7728
      vertex 10.1627 -52.7855 54.4095
      vertex 10.5263 -53.7865 54.233
    endloop
  endfacet
  facet normal -0.000957881 -0.173051 0.984912
    outer loop
      vertex 11.465 -50.725 54.7728
      vertex 10.1421 -52.7427 54.417
      vertex 10.1627 -52.7855 54.4095
    endloop
  endfacet
  facet normal -1.40063e-05 -0.173651 0.984807
    outer loop
      vertex 11.465 -50.725 54.7728
      vertex 9.70113 -51.8245 54.5789
      vertex 10.1421 -52.7427 54.417
    endloop
  endfacet
  facet normal -1.07287e-05 -0.173656 0.984806
    outer loop
      vertex 11.465 -50.725 54.7728
      vertex 9.17092 -50.9534 54.7325
      vertex 9.70113 -51.8245 54.5789
    endloop
  endfacet
  facet normal 4.24616e-05 -0.174174 0.984715
    outer loop
      vertex 11.465 -50.725 54.7728
      vertex 9.14616 -50.9127 54.7397
      vertex 9.17092 -50.9534 54.7325
    endloop
  endfacet
  facet normal 0 -0.173666 0.984805
    outer loop
      vertex 9.14616 -50.9127 54.7397
      vertex 11.465 -50.725 54.7728
      vertex 9.00486 -50.725 54.7728
    endloop
  endfacet
  facet normal 0 -0.173158 0.984894
    outer loop
      vertex -3.19313 -67.2975 51.8506
      vertex -7.22241 -67.405 51.8317
      vertex -2.75753 -67.405 51.8317
    endloop
  endfacet
  facet normal 1.64391e-05 -0.173756 0.984789
    outer loop
      vertex -4.20952 -66.9394 51.9138
      vertex -7.22241 -67.405 51.8317
      vertex -3.19313 -67.2975 51.8506
    endloop
  endfacet
  facet normal -1.07408e-05 -0.173585 0.984819
    outer loop
      vertex -5.18536 -66.4849 51.9939
      vertex -7.22241 -67.405 51.8317
      vertex -4.20952 -66.9394 51.9138
    endloop
  endfacet
  facet normal 1.96021e-05 -0.17365 0.984807
    outer loop
      vertex -6.11127 -65.9383 52.0903
      vertex -7.22241 -67.405 51.8317
      vertex -5.18536 -66.4849 51.9939
    endloop
  endfacet
  facet normal 2.94185e-05 -0.173658 0.984806
    outer loop
      vertex -6.97833 -65.305 52.202
      vertex -7.22241 -67.405 51.8317
      vertex -6.11127 -65.9383 52.0903
    endloop
  endfacet
  facet normal -6.92791e-05 -0.173646 0.984808
    outer loop
      vertex -7.74249 -64.623 52.3222
      vertex -7.22241 -67.405 51.8317
      vertex -6.97833 -65.305 52.202
    endloop
  endfacet
  facet normal -0.000807042 -0.17378 0.984784
    outer loop
      vertex -7.77817 -64.5911 52.3278
      vertex -7.22241 -67.405 51.8317
      vertex -7.74249 -64.623 52.3222
    endloop
  endfacet
  facet normal 0.000294625 -0.173569 0.984822
    outer loop
      vertex -7.22241 -67.405 51.8317
      vertex -7.77817 -64.5911 52.3278
      vertex -7.99921 -64.3509 52.3702
    endloop
  endfacet
  facet normal 1.40063e-05 -0.173651 0.984807
    outer loop
      vertex -11.465 -50.725 54.7728
      vertex -10.1421 -52.7427 54.417
      vertex -9.70113 -51.8245 54.5789
    endloop
  endfacet
  facet normal -0.000364942 -0.173749 0.98479
    outer loop
      vertex -10.5263 -53.7865 54.233
      vertex -11.465 -50.725 54.7728
      vertex -10.6063 -54.1009 54.1775
    endloop
  endfacet
  facet normal -7.1721e-06 -0.173642 0.984809
    outer loop
      vertex -10.1627 -52.7855 54.4095
      vertex -11.465 -50.725 54.7728
      vertex -10.5263 -53.7865 54.233
    endloop
  endfacet
  facet normal 0.000957881 -0.173051 0.984912
    outer loop
      vertex -10.1421 -52.7427 54.417
      vertex -11.465 -50.725 54.7728
      vertex -10.1627 -52.7855 54.4095
    endloop
  endfacet
  facet normal 1.07287e-05 -0.173656 0.984806
    outer loop
      vertex -9.17092 -50.9534 54.7325
      vertex -11.465 -50.725 54.7728
      vertex -9.70113 -51.8245 54.5789
    endloop
  endfacet
  facet normal -4.24616e-05 -0.174174 0.984715
    outer loop
      vertex -9.14616 -50.9127 54.7397
      vertex -11.465 -50.725 54.7728
      vertex -9.17092 -50.9534 54.7325
    endloop
  endfacet
  facet normal 0 -0.173666 0.984805
    outer loop
      vertex -11.465 -50.725 54.7728
      vertex -9.14616 -50.9127 54.7397
      vertex -9.00486 -50.725 54.7728
    endloop
  endfacet
  facet normal -4.96717e-05 -0.173584 0.984819
    outer loop
      vertex -12.9374 -58.015 53.4874
      vertex -10.9976 -56.8837 53.6869
      vertex -10.947 -55.8693 53.8657
    endloop
  endfacet
  facet normal 8.23237e-05 -0.173702 0.984798
    outer loop
      vertex -10.7957 -54.8646 54.0429
      vertex -12.9374 -58.015 53.4874
      vertex -10.947 -55.8693 53.8657
    endloop
  endfacet
  facet normal 0.00120274 -0.174441 0.984667
    outer loop
      vertex -10.7886 -54.8177 54.0512
      vertex -12.9374 -58.015 53.4874
      vertex -10.7957 -54.8646 54.0429
    endloop
  endfacet
  facet normal -2.62968e-05 -0.17364 0.984809
    outer loop
      vertex -12.9374 -58.015 53.4874
      vertex -10.7886 -54.8177 54.0512
      vertex -11.465 -50.725 54.7728
    endloop
  endfacet
  facet normal 0.000267913 -0.173593 0.984817
    outer loop
      vertex -11.465 -50.725 54.7728
      vertex -10.7886 -54.8177 54.0512
      vertex -10.6063 -54.1009 54.1775
    endloop
  endfacet
  facet normal -8.34532e-05 -0.173662 0.984805
    outer loop
      vertex -8.47077 -63.8386 52.4605
      vertex -7.22241 -67.405 51.8317
      vertex -7.99921 -64.3509 52.3702
    endloop
  endfacet
  facet normal -0.000304562 -0.173737 0.984792
    outer loop
      vertex -8.50311 -63.8034 52.4667
      vertex -7.22241 -67.405 51.8317
      vertex -8.47077 -63.8386 52.4605
    endloop
  endfacet
  facet normal -0.00113362 -0.174023 0.984741
    outer loop
      vertex -8.5318 -63.7653 52.4734
      vertex -7.22241 -67.405 51.8317
      vertex -8.50311 -63.8034 52.4667
    endloop
  endfacet
  facet normal 0.000214161 -0.173553 0.984824
    outer loop
      vertex -9.14616 -62.9495 52.6173
      vertex -7.22241 -67.405 51.8317
      vertex -8.5318 -63.7653 52.4734
    endloop
  endfacet
  facet normal 0.00563466 -0.17128 0.985206
    outer loop
      vertex -9.17092 -62.9089 52.6245
      vertex -7.22241 -67.405 51.8317
      vertex -9.14616 -62.9495 52.6173
    endloop
  endfacet
  facet normal -0.000123972 -0.173704 0.984798
    outer loop
      vertex -9.70113 -62.0377 52.7781
      vertex -7.22241 -67.405 51.8317
      vertex -9.17092 -62.9089 52.6245
    endloop
  endfacet
  facet normal 3.39602e-06 -0.173643 0.984809
    outer loop
      vertex -12.9374 -58.015 53.4874
      vertex -9.70113 -62.0377 52.7781
      vertex -10.1421 -61.1195 52.94
    endloop
  endfacet
  facet normal 0.0025648 -0.171405 0.985197
    outer loop
      vertex -12.9374 -58.015 53.4874
      vertex -10.1421 -61.1195 52.94
      vertex -10.1627 -61.0767 52.9475
    endloop
  endfacet
  facet normal 0.000514444 -0.174522 0.984653
    outer loop
      vertex -10.9976 -56.8837 53.6869
      vertex -12.9374 -58.015 53.4874
      vertex -11 -56.9311 53.6785
    endloop
  endfacet
  facet normal -7.63873e-06 -0.173652 0.984807
    outer loop
      vertex -9.70113 -62.0377 52.7781
      vertex -12.9374 -58.015 53.4874
      vertex -7.22241 -67.405 51.8317
    endloop
  endfacet
  facet normal 2.94986e-05 -0.173635 0.98481
    outer loop
      vertex -10.5263 -60.0757 53.124
      vertex -12.9374 -58.015 53.4874
      vertex -10.1627 -61.0767 52.9475
    endloop
  endfacet
  facet normal 0.000280593 -0.17335 0.98486
    outer loop
      vertex -10.538 -60.0297 53.1321
      vertex -12.9374 -58.015 53.4874
      vertex -10.5263 -60.0757 53.124
    endloop
  endfacet
  facet normal -6.00196e-05 -0.173743 0.984791
    outer loop
      vertex -10.7886 -59.0445 53.3059
      vertex -12.9374 -58.015 53.4874
      vertex -10.538 -60.0297 53.1321
    endloop
  endfacet
  facet normal -1.8319e-06 -0.173625 0.984812
    outer loop
      vertex -10.947 -57.9929 53.4913
      vertex -12.9374 -58.015 53.4874
      vertex -10.7886 -59.0445 53.3059
    endloop
  endfacet
  facet normal -1.81633e-06 -0.173627 0.984812
    outer loop
      vertex -11 -56.9311 53.6785
      vertex -12.9374 -58.015 53.4874
      vertex -10.947 -57.9929 53.4913
    endloop
  endfacet
  facet normal -0.59569 -0.791011 -0.139477
    outer loop
      vertex -7.22241 -52.6449 -31.877
      vertex -8.24711 -66.6566 51.9636
      vertex -8.24711 -51.8965 -31.745
    endloop
  endfacet
  facet normal -0.671588 -0.729668 -0.12866
    outer loop
      vertex -8.24711 -66.6566 51.9636
      vertex -9.19239 -51.0527 -31.5962
      vertex -8.24711 -51.8965 -31.745
    endloop
  endfacet
  facet normal -0.242994 -0.955291 -0.168444
    outer loop
      vertex -3.7737 -54.2512 -32.1602
      vertex -2.53617 -69.3166 51.4946
      vertex -3.7737 -69.0113 51.5484
    endloop
  endfacet
  facet normal -0.243007 -0.955288 -0.168443
    outer loop
      vertex -2.53617 -69.3166 51.4946
      vertex -3.7737 -54.2512 -32.1602
      vertex -2.53617 -54.5565 -32.2141
    endloop
  endfacet
  facet normal -0.146768 -0.974143 -0.171767
    outer loop
      vertex -1.27422 -69.5009 51.4621
      vertex -2.53617 -54.5565 -32.2141
      vertex -1.27422 -54.7409 -32.2466
    endloop
  endfacet
  facet normal 6.56371e-05 0.174008 -0.984744
    outer loop
      vertex -1.27422 -54.7409 -32.2466
      vertex -2.53617 -54.5565 -32.2141
      vertex 0 -54.8025 -32.2574
    endloop
  endfacet
  facet normal 0 -0.17374 0.984792
    outer loop
      vertex 2.53617 -69.3166 51.4946
      vertex -2.53617 -69.3166 51.4946
      vertex 0 -69.5626 51.4512
    endloop
  endfacet
  facet normal -2.2711e-05 -0.173513 0.984832
    outer loop
      vertex 2.53617 -69.3166 51.4946
      vertex 0 -69.5626 51.4512
      vertex 1.27422 -69.5009 51.4621
    endloop
  endfacet
  facet normal 0.427569 -0.890249 -0.156975
    outer loop
      vertex 6.12816 -53.2908 -31.9909
      vertex 4.97488 -68.5881 51.6231
      vertex 4.97488 -53.828 -32.0856
    endloop
  endfacet
  facet normal 0.336845 -0.927256 -0.1635
    outer loop
      vertex 4.97488 -68.5881 51.6231
      vertex 3.7737 -54.2512 -32.1602
      vertex 4.97488 -53.828 -32.0856
    endloop
  endfacet
  facet normal -0.336882 0.927243 0.163498
    outer loop
      vertex -4.97488 -32.2737 -15.995
      vertex -4.97488 -44.9321 55.7943
      vertex -3.94382 -31.8991 -15.995
    endloop
  endfacet
  facet normal -0.427578 0.890245 0.156974
    outer loop
      vertex -4.97488 -32.2737 -15.995
      vertex -5.96282 -32.7482 -15.995
      vertex -4.97488 -44.9321 55.7943
    endloop
  endfacet
  facet normal 0.336882 0.927243 0.163498
    outer loop
      vertex 4.97488 -32.2737 -15.995
      vertex 3.94382 -31.8991 -15.995
      vertex 4.97488 -44.9321 55.7943
    endloop
  endfacet
  facet normal 0.336847 0.927255 0.163501
    outer loop
      vertex 3.7737 -31.8373 -15.995
      vertex 4.97488 -44.9321 55.7943
      vertex 3.94382 -31.8991 -15.995
    endloop
  endfacet
  facet normal 0.336845 0.927256 0.163501
    outer loop
      vertex 4.97488 -44.9321 55.7943
      vertex 3.7737 -31.8373 -15.995
      vertex 3.7737 -44.5089 55.8689
    endloop
  endfacet
  facet normal -0.857732 0.506287 0.0892723
    outer loop
      vertex -11.465 -38.2468 -15.995
      vertex -10.8091 -49.6474 54.9628
      vertex -10.8091 -37.1356 -15.995
    endloop
  endfacet
  facet normal -0.857712 0.50632 0.0892774
    outer loop
      vertex -10.8091 -49.6474 54.9628
      vertex -11.465 -38.2468 -15.995
      vertex -11.465 -50.725 54.7728
    endloop
  endfacet
  facet normal 0.000574627 -0.173788 0.984783
    outer loop
      vertex -12.4402 -53.0437 54.364
      vertex -12.9374 -55.5052 53.9299
      vertex -12.0104 -51.8608 54.5725
    endloop
  endfacet
  facet normal -0.941637 0.331515 0.0584604
    outer loop
      vertex -12.4402 -40.6375 -15.995
      vertex -12.0104 -51.8608 54.5725
      vertex -12.3719 -40.4435 -15.995
    endloop
  endfacet
  facet normal -0.941537 0.33179 0.0585036
    outer loop
      vertex -12.0104 -51.8608 54.5725
      vertex -12.4402 -40.6375 -15.995
      vertex -12.4402 -53.0437 54.364
    endloop
  endfacet
  facet normal 0.970036 0.23927 0.0421898
    outer loop
      vertex 12.7502 -41.8942 -15.995
      vertex 12.4898 -40.8385 -15.995
      vertex 12.7502 -54.2625 54.1491
    endloop
  endfacet
  facet normal 0.000142328 0.173504 -0.984833
    outer loop
      vertex 1.60665 -52.8745 -31.9175
      vertex 0 -54.8025 -32.2574
      vertex 1.43281 -52.8999 -31.922
    endloop
  endfacet
  facet normal 0.671572 0.729683 0.128663
    outer loop
      vertex 8.24711 -34.2653 -15.995
      vertex 9.19239 -47.7074 55.3049
      vertex 9.19239 -35.1353 -15.995
    endloop
  endfacet
  facet normal 0.671588 0.729668 0.12866
    outer loop
      vertex 9.19239 -47.7074 55.3049
      vertex 8.24711 -34.2653 -15.995
      vertex 8.24711 -46.8636 55.4537
    endloop
  endfacet
  facet normal 0.803194 0.586667 0.103446
    outer loop
      vertex 10.0491 -48.6383 55.1408
      vertex 10.8091 -37.1356 -15.995
      vertex 10.0491 -36.0951 -15.995
    endloop
  endfacet
  facet normal 0.80319 0.586672 0.103446
    outer loop
      vertex 10.8091 -37.1356 -15.995
      vertex 10.0491 -48.6383 55.1408
      vertex 10.8091 -49.6474 54.9628
    endloop
  endfacet
  facet normal 0.00052532 -0.173329 0.984864
    outer loop
      vertex 10.8091 -49.6474 54.9628
      vertex 10.0491 -48.6383 55.1408
      vertex 11.465 -50.725 54.7728
    endloop
  endfacet
  facet normal 0.857709 -0.506325 -0.0892785
    outer loop
      vertex 11.2082 -54.2366 1.63889
      vertex 10.8091 -63.8728 52.4545
      vertex 10.8091 -55.1141 2.78126
    endloop
  endfacet
  facet normal 0.80312 -0.58677 -0.103437
    outer loop
      vertex 10.0597 -50.3133 -30.2638
      vertex 10.1409 -50 -31.4106
      vertex 10.3119 -50 -30.0829
    endloop
  endfacet
  facet normal 0.802989 -0.58694 -0.103493
    outer loop
      vertex 10.1409 -50 -31.4106
      vertex 10.0597 -50.3133 -30.2638
      vertex 10.0491 -50.1218 -31.4321
    endloop
  endfacet
  facet normal 0.803208 -0.586648 -0.103443
    outer loop
      vertex 10.7574 -55.2035 2.88731
      vertex 10.8091 -63.8728 52.4545
      vertex 10.366 -55.8559 3.5481
    endloop
  endfacet
  facet normal 0.802868 -0.5871 -0.103521
    outer loop
      vertex 10.8091 -63.8728 52.4545
      vertex 10.7574 -55.2035 2.88731
      vertex 10.8091 -55.1141 2.78126
    endloop
  endfacet
  facet normal 0 0.173631 -0.984811
    outer loop
      vertex 9.19239 -51.0527 -31.5962
      vertex 9.03375 -50 -31.4106
      vertex 9.98519 -50 -31.4106
    endloop
  endfacet
  facet normal 1.28736e-05 0.173632 -0.984811
    outer loop
      vertex 9.03375 -50 -31.4106
      vertex 9.19239 -51.0527 -31.5962
      vertex 3.7737 -54.2512 -32.1602
    endloop
  endfacet
  facet normal 0 0.173831 -0.984775
    outer loop
      vertex 10.0491 -50.1218 -31.4321
      vertex 9.98519 -50 -31.4106
      vertex 10.1318 -50 -31.4106
    endloop
  endfacet
  facet normal -0.000162107 0.173749 -0.98479
    outer loop
      vertex 9.98519 -50 -31.4106
      vertex 10.0491 -50.1218 -31.4321
      vertex 9.19239 -51.0527 -31.5962
    endloop
  endfacet
  facet normal -0.000284253 -0.173961 0.984753
    outer loop
      vertex -7.22241 -67.405 51.8317
      vertex -10.0491 -64.8819 52.2766
      vertex -9.19239 -65.8128 52.1124
    endloop
  endfacet
  facet normal 9.28747e-06 -0.173642 0.984809
    outer loop
      vertex -7.22241 -67.405 51.8317
      vertex -12.9374 -58.015 53.4874
      vertex -10.0491 -64.8819 52.2766
    endloop
  endfacet
  facet normal -0.595682 0.791018 0.139478
    outer loop
      vertex -7.22241 -33.4936 -15.995
      vertex -8.24711 -46.8636 55.4537
      vertex -7.22241 -46.1152 55.5856
    endloop
  endfacet
  facet normal -0.595703 0.791003 0.139475
    outer loop
      vertex -8.24711 -46.8636 55.4537
      vertex -7.22241 -33.4936 -15.995
      vertex -8.24711 -34.2653 -15.995
    endloop
  endfacet
  facet normal -0.242994 0.955291 0.168443
    outer loop
      vertex -2.53617 -31.5226 -15.995
      vertex -3.7737 -44.5089 55.8689
      vertex -2.53617 -44.2036 55.9227
    endloop
  endfacet
  facet normal -0.242931 0.955306 0.168447
    outer loop
      vertex -3.7737 -44.5089 55.8689
      vertex -2.53617 -31.5226 -15.995
      vertex -3.7737 -31.8373 -15.995
    endloop
  endfacet
  facet normal -3.92762e-05 -0.173701 0.984799
    outer loop
      vertex 3.7737 -44.5089 55.8689
      vertex 2.53617 -44.2036 55.9227
      vertex 11.465 -50.725 54.7728
    endloop
  endfacet
  facet normal 0.242931 0.955306 0.168447
    outer loop
      vertex 2.53617 -31.5226 -15.995
      vertex 3.7737 -44.5089 55.8689
      vertex 3.7737 -31.8373 -15.995
    endloop
  endfacet
  facet normal 0.242994 0.955291 0.168443
    outer loop
      vertex 3.7737 -44.5089 55.8689
      vertex 2.53617 -31.5226 -15.995
      vertex 2.53617 -44.2036 55.9227
    endloop
  endfacet
  facet normal 0.000277396 -0.173208 0.984885
    outer loop
      vertex 6.12816 -45.4693 55.6995
      vertex 4.97488 -44.9321 55.7943
      vertex 7.22241 -46.1152 55.5856
    endloop
  endfacet
  facet normal 0.427527 0.890269 0.156979
    outer loop
      vertex 5.96282 -32.7482 -15.995
      vertex 6.12816 -45.4693 55.6995
      vertex 6.12816 -32.8276 -15.995
    endloop
  endfacet
  facet normal 0.427581 0.890244 0.156974
    outer loop
      vertex 6.12816 -45.4693 55.6995
      vertex 5.96282 -32.7482 -15.995
      vertex 4.97488 -44.9321 55.7943
    endloop
  endfacet
  facet normal -0.00052532 -0.173329 0.984864
    outer loop
      vertex -10.8091 -49.6474 54.9628
      vertex -11.465 -50.725 54.7728
      vertex -10.0491 -48.6383 55.1408
    endloop
  endfacet
  facet normal -0.904002 0.421033 0.0742398
    outer loop
      vertex -12.0104 -39.4178 -15.995
      vertex -12.0104 -51.8608 54.5725
      vertex -11.5495 -38.4282 -15.995
    endloop
  endfacet
  facet normal 0.857732 0.506287 0.0892723
    outer loop
      vertex 10.8091 -49.6474 54.9628
      vertex 11.465 -38.2468 -15.995
      vertex 10.8091 -37.1356 -15.995
    endloop
  endfacet
  facet normal 0.857712 0.50632 0.0892774
    outer loop
      vertex 11.465 -38.2468 -15.995
      vertex 10.8091 -49.6474 54.9628
      vertex 11.465 -50.725 54.7728
    endloop
  endfacet
  facet normal -0.740964 -0.661342 -0.116612
    outer loop
      vertex -9.19239 -65.8128 52.1124
      vertex -10.0491 -64.8819 52.2766
      vertex -10.0491 -50.1218 -31.4321
    endloop
  endfacet
  facet normal -0.740958 -0.661349 -0.116614
    outer loop
      vertex -9.19239 -65.8128 52.1124
      vertex -10.0491 -50.1218 -31.4321
      vertex -9.19239 -51.0527 -31.5962
    endloop
  endfacet
  facet normal 0.000301384 -0.173873 0.984768
    outer loop
      vertex -10.0491 -48.6383 55.1408
      vertex -11.465 -50.725 54.7728
      vertex -9.19239 -47.7074 55.3049
    endloop
  endfacet
  facet normal -0.671588 0.729668 0.12866
    outer loop
      vertex -8.24711 -34.2653 -15.995
      vertex -9.19239 -47.7074 55.3049
      vertex -8.24711 -46.8636 55.4537
    endloop
  endfacet
  facet normal -0.671572 0.729683 0.128663
    outer loop
      vertex -9.19239 -47.7074 55.3049
      vertex -8.24711 -34.2653 -15.995
      vertex -9.19239 -35.1353 -15.995
    endloop
  endfacet
  facet normal 0.904002 0.421033 0.0742398
    outer loop
      vertex 12.0104 -39.4178 -15.995
      vertex 11.5495 -38.4282 -15.995
      vertex 12.0104 -51.8608 54.5725
    endloop
  endfacet
  facet normal 0.941522 0.331832 0.0585112
    outer loop
      vertex 12.0104 -39.4178 -15.995
      vertex 12.0104 -51.8608 54.5725
      vertex 12.3719 -40.4435 -15.995
    endloop
  endfacet
  facet normal -0.74106 0.661238 0.116597
    outer loop
      vertex -10.0491 -36.0951 -15.995
      vertex -9.19239 -47.7074 55.3049
      vertex -9.9207 -35.9512 -15.995
    endloop
  endfacet
  facet normal -0.740958 0.661349 0.116614
    outer loop
      vertex -9.19239 -47.7074 55.3049
      vertex -10.0491 -36.0951 -15.995
      vertex -10.0491 -48.6383 55.1408
    endloop
  endfacet
  facet normal -7.69736e-05 -0.173527 0.984829
    outer loop
      vertex -7.22241 -46.1152 55.5856
      vertex -9.19239 -47.7074 55.3049
      vertex -3.7737 -44.5089 55.8689
    endloop
  endfacet
  facet normal 0.000405306 -0.174106 0.984727
    outer loop
      vertex -8.24711 -46.8636 55.4537
      vertex -9.19239 -47.7074 55.3049
      vertex -7.22241 -46.1152 55.5856
    endloop
  endfacet
  facet normal -4.93352e-07 -0.173653 0.984807
    outer loop
      vertex -9.19239 -47.7074 55.3049
      vertex -11.465 -50.725 54.7728
      vertex -3.7737 -44.5089 55.8689
    endloop
  endfacet
  facet normal -0.803194 0.586667 0.103446
    outer loop
      vertex -10.8091 -37.1356 -15.995
      vertex -10.0491 -48.6383 55.1408
      vertex -10.0491 -36.0951 -15.995
    endloop
  endfacet
  facet normal -0.80319 0.586672 0.103446
    outer loop
      vertex -10.0491 -48.6383 55.1408
      vertex -10.8091 -37.1356 -15.995
      vertex -10.8091 -49.6474 54.9628
    endloop
  endfacet
  facet normal 0.00013113 -0.17396 0.984753
    outer loop
      vertex -4.97488 -44.9321 55.7943
      vertex -7.22241 -46.1152 55.5856
      vertex -3.7737 -44.5089 55.8689
    endloop
  endfacet
  facet normal -0.514101 0.844699 0.148943
    outer loop
      vertex -6.12816 -32.8276 -15.995
      vertex -7.22241 -46.1152 55.5856
      vertex -6.12816 -45.4693 55.6995
    endloop
  endfacet
  facet normal -0.514055 0.844726 0.148949
    outer loop
      vertex -7.22241 -46.1152 55.5856
      vertex -6.12816 -32.8276 -15.995
      vertex -6.28542 -32.9233 -15.995
    endloop
  endfacet
  facet normal -0.000277396 -0.173208 0.984885
    outer loop
      vertex -6.12816 -45.4693 55.6995
      vertex -7.22241 -46.1152 55.5856
      vertex -4.97488 -44.9321 55.7943
    endloop
  endfacet
  facet normal -0.427581 0.890244 0.156974
    outer loop
      vertex -5.96282 -32.7482 -15.995
      vertex -6.12816 -45.4693 55.6995
      vertex -4.97488 -44.9321 55.7943
    endloop
  endfacet
  facet normal -0.427527 0.890269 0.156979
    outer loop
      vertex -6.12816 -45.4693 55.6995
      vertex -5.96282 -32.7482 -15.995
      vertex -6.12816 -32.8276 -15.995
    endloop
  endfacet
  facet normal 0 0.707107 -0.707107
    outer loop
      vertex 30 -40.2426 -36
      vertex 26.6908 -21.2426 -17
      vertex 30 -21.2426 -17
    endloop
  endfacet
  facet normal 0 0.707107 -0.707107
    outer loop
      vertex 3 -39.2476 -35.005
      vertex 30 -40.2426 -36
      vertex -3 -39.2476 -35.005
    endloop
  endfacet
  facet normal 2.36573e-16 0.707107 -0.707107
    outer loop
      vertex 26.6908 -21.2426 -17
      vertex 30 -40.2426 -36
      vertex 3 -39.2476 -35.005
    endloop
  endfacet
  facet normal -1.82359e-16 0.707107 -0.707107
    outer loop
      vertex -30 -40.2426 -36
      vertex -26.6908 -21.2426 -17
      vertex -3 -39.2476 -35.005
    endloop
  endfacet
  facet normal 0 0.707107 -0.707107
    outer loop
      vertex -26.6908 -21.2426 -17
      vertex -30 -40.2426 -36
      vertex -30 -21.2426 -17
    endloop
  endfacet
  facet normal 0 0.707107 -0.707107
    outer loop
      vertex -30 -40.2426 -36
      vertex -3 -39.2476 -35.005
      vertex 30 -40.2426 -36
    endloop
  endfacet
  facet normal 0 -0.707107 0.707107
    outer loop
      vertex -30 -31.7574 -36
      vertex -26.6908 -12.7574 -17
      vertex -30 -12.7574 -17
    endloop
  endfacet
  facet normal 0 -0.707107 0.707107
    outer loop
      vertex -3 -30.7624 -35.005
      vertex -30 -31.7574 -36
      vertex 3 -30.7624 -35.005
    endloop
  endfacet
  facet normal 7.88577e-17 -0.707107 0.707107
    outer loop
      vertex -26.6908 -12.7574 -17
      vertex -30 -31.7574 -36
      vertex -3 -30.7624 -35.005
    endloop
  endfacet
  facet normal -9.36436e-17 -0.707107 0.707107
    outer loop
      vertex 30 -31.7574 -36
      vertex 26.6908 -12.7574 -17
      vertex 3 -30.7624 -35.005
    endloop
  endfacet
  facet normal 0 -0.707107 0.707107
    outer loop
      vertex 26.6908 -12.7574 -17
      vertex 30 -31.7574 -36
      vertex 30 -12.7574 -17
    endloop
  endfacet
  facet normal 0 -0.707107 0.707107
    outer loop
      vertex 30 -31.7574 -36
      vertex 3 -30.7624 -35.005
      vertex -30 -31.7574 -36
    endloop
  endfacet
  facet normal -0 0 1
    outer loop
      vertex -30 -31.7574 -36
      vertex 30 -40.2426 -36
      vertex 30 -31.7574 -36
    endloop
  endfacet
  facet normal 0 0 1
    outer loop
      vertex 30 -40.2426 -36
      vertex -30 -31.7574 -36
      vertex -30 -40.2426 -36
    endloop
  endfacet
  facet normal -0 0 1
    outer loop
      vertex -3 -12 -35.005
      vertex 3 -30.7624 -35.005
      vertex 3 -12 -35.005
    endloop
  endfacet
  facet normal 0 0 1
    outer loop
      vertex 3 -30.7624 -35.005
      vertex -3 -12 -35.005
      vertex -3 -30.7624 -35.005
    endloop
  endfacet
  facet normal -0 0 1
    outer loop
      vertex -3 -39.2476 -35.005
      vertex 3 -48 -35.005
      vertex 3 -39.2476 -35.005
    endloop
  endfacet
  facet normal 0 0 1
    outer loop
      vertex 3 -48 -35.005
      vertex -3 -39.2476 -35.005
      vertex -3 -48 -35.005
    endloop
  endfacet
  facet normal 0 0 -1
    outer loop
      vertex -12.5146 -48 -15.995
      vertex -10.743 -47.0097 -15.995
      vertex -10.5263 -47.8882 -15.995
    endloop
  endfacet
  facet normal 0 0 -1
    outer loop
      vertex -12.9374 -45.7633 -15.995
      vertex -11 -44.6458 -15.995
      vertex -10.947 -45.7406 -15.995
    endloop
  endfacet
  facet normal 0 0 -1
    outer loop
      vertex -11 -44.6458 -15.995
      vertex -11.5495 -38.4282 -15.995
      vertex -11.465 -38.2468 -15.995
    endloop
  endfacet
  facet normal 0 0 -1
    outer loop
      vertex -11 -44.6458 -15.995
      vertex -12.0104 -39.4178 -15.995
      vertex -11.5495 -38.4282 -15.995
    endloop
  endfacet
  facet normal 0 0 -1
    outer loop
      vertex -12.7502 -47.0448 -15.995
      vertex -10.947 -45.7406 -15.995
      vertex -10.7886 -46.8249 -15.995
    endloop
  endfacet
  facet normal 0 0 -1
    outer loop
      vertex -11 -44.6458 -15.995
      vertex -12.3719 -40.4435 -15.995
      vertex -12.0104 -39.4178 -15.995
    endloop
  endfacet
  facet normal 0 0 -1
    outer loop
      vertex -12.7502 -47.0448 -15.995
      vertex -10.743 -47.0097 -15.995
      vertex -12.5146 -48 -15.995
    endloop
  endfacet
  facet normal 0 0 -1
    outer loop
      vertex -11 -44.6458 -15.995
      vertex -12.4898 -40.8385 -15.995
      vertex -12.3719 -40.4435 -15.995
    endloop
  endfacet
  facet normal 0 0 -1
    outer loop
      vertex -12.3719 -40.4435 -15.995
      vertex -12.4898 -40.8385 -15.995
      vertex -12.4402 -40.6375 -15.995
    endloop
  endfacet
  facet normal 0 0 -1
    outer loop
      vertex -12.5146 -48 -15.995
      vertex -10.5263 -47.8882 -15.995
      vertex -10.4869 -48 -15.995
    endloop
  endfacet
  facet normal -0 0 -1
    outer loop
      vertex -10.743 -47.0097 -15.995
      vertex -12.7502 -47.0448 -15.995
      vertex -10.7886 -46.8249 -15.995
    endloop
  endfacet
  facet normal 0 0 -1
    outer loop
      vertex -10.947 -45.7406 -15.995
      vertex -12.7502 -47.0448 -15.995
      vertex -12.9055 -45.9817 -15.995
    endloop
  endfacet
  facet normal 0 0 -1
    outer loop
      vertex -10.947 -45.7406 -15.995
      vertex -12.9055 -45.9817 -15.995
      vertex -12.9374 -45.7633 -15.995
    endloop
  endfacet
  facet normal -0 0 -1
    outer loop
      vertex -11 -44.6458 -15.995
      vertex -12.9895 -44.6865 -15.995
      vertex -13 -44.4695 -15.995
    endloop
  endfacet
  facet normal 0 0 -1
    outer loop
      vertex -11 -44.6458 -15.995
      vertex -12.9374 -45.7633 -15.995
      vertex -12.9895 -44.6865 -15.995
    endloop
  endfacet
  facet normal 0 0 -1
    outer loop
      vertex -11 -44.6458 -15.995
      vertex -12.7502 -41.8942 -15.995
      vertex -12.4898 -40.8385 -15.995
    endloop
  endfacet
  facet normal 0 0 -1
    outer loop
      vertex -11 -44.6458 -15.995
      vertex -12.9374 -43.1756 -15.995
      vertex -12.7502 -41.8942 -15.995
    endloop
  endfacet
  facet normal 0 0 -1
    outer loop
      vertex -11 -44.6458 -15.995
      vertex -13 -44.4695 -15.995
      vertex -12.9374 -43.1756 -15.995
    endloop
  endfacet
  facet normal 0 0 -1
    outer loop
      vertex 12.2188 -46.0553 -15.995
      vertex 10.947 -45.7406 -15.995
      vertex 11 -44.6458 -15.995
    endloop
  endfacet
  facet normal -0 0 -1
    outer loop
      vertex 11.111 -46.7463 -15.995
      vertex 10.7886 -46.8249 -15.995
      vertex 10.947 -45.7406 -15.995
    endloop
  endfacet
  facet normal 0 0 -1
    outer loop
      vertex 11.111 -46.7463 -15.995
      vertex 10.743 -47.0097 -15.995
      vertex 10.7886 -46.8249 -15.995
    endloop
  endfacet
  facet normal 0 -0 -1
    outer loop
      vertex 10.743 -47.0097 -15.995
      vertex 11.111 -46.7463 -15.995
      vertex 10.7269 -47.0753 -15.995
    endloop
  endfacet
  facet normal 0 0 -1
    outer loop
      vertex 20.1448 -48 -15.995
      vertex 22.4832 -47.6933 -15.995
      vertex 22.6424 -48 -15.995
    endloop
  endfacet
  facet normal -0 0 -1
    outer loop
      vertex 22.4832 -47.6933 -15.995
      vertex 20.1448 -48 -15.995
      vertex 21.9571 -46.8742 -15.995
    endloop
  endfacet
  facet normal -0 0 -1
    outer loop
      vertex 21.9571 -46.8742 -15.995
      vertex 20.1448 -48 -15.995
      vertex 21.8932 -46.7927 -15.995
    endloop
  endfacet
  facet normal 0 0 -1
    outer loop
      vertex 19.9497 -47.7515 -15.995
      vertex 21.8932 -46.7927 -15.995
      vertex 20.1448 -48 -15.995
    endloop
  endfacet
  facet normal -0 0 -1
    outer loop
      vertex 21.8932 -46.7927 -15.995
      vertex 19.9497 -47.7515 -15.995
      vertex 21.364 -46.1185 -15.995
    endloop
  endfacet
  facet normal 0 0 -1
    outer loop
      vertex 19.4408 -47.2188 -15.995
      vertex 21.364 -46.1185 -15.995
      vertex 19.9497 -47.7515 -15.995
    endloop
  endfacet
  facet normal -0 0 -1
    outer loop
      vertex 21.364 -46.1185 -15.995
      vertex 19.4408 -47.2188 -15.995
      vertex 20.7719 -45.4989 -15.995
    endloop
  endfacet
  facet normal 0 -0 -1
    outer loop
      vertex 20.6427 -45.3764 -15.995
      vertex 20.7719 -45.4989 -15.995
      vertex 19.4408 -47.2188 -15.995
    endloop
  endfacet
  facet normal 0 0 -1
    outer loop
      vertex 20.7719 -45.4989 -15.995
      vertex 20.6427 -45.3764 -15.995
      vertex 20.7095 -45.4336 -15.995
    endloop
  endfacet
  facet normal 0 0 -1
    outer loop
      vertex 18.889 -46.7463 -15.995
      vertex 20.6427 -45.3764 -15.995
      vertex 19.4408 -47.2188 -15.995
    endloop
  endfacet
  facet normal -0 0 -1
    outer loop
      vertex 20.6427 -45.3764 -15.995
      vertex 18.889 -46.7463 -15.995
      vertex 20.0001 -44.8261 -15.995
    endloop
  endfacet
  facet normal 0 0 -1
    outer loop
      vertex 18.7888 -46.677 -15.995
      vertex 20.0001 -44.8261 -15.995
      vertex 18.889 -46.7463 -15.995
    endloop
  endfacet
  facet normal 0 0 -1
    outer loop
      vertex 18.2998 -46.3385 -15.995
      vertex 20.0001 -44.8261 -15.995
      vertex 18.7888 -46.677 -15.995
    endloop
  endfacet
  facet normal -0 0 -1
    outer loop
      vertex 20.0001 -44.8261 -15.995
      vertex 18.2998 -46.3385 -15.995
      vertex 19.3064 -44.346 -15.995
    endloop
  endfacet
  facet normal -0 0 -1
    outer loop
      vertex 19.3064 -44.346 -15.995
      vertex 18.2998 -46.3385 -15.995
      vertex 19.2426 -44.3018 -15.995
    endloop
  endfacet
  facet normal 0 0 -1
    outer loop
      vertex 17.7812 -46.0553 -15.995
      vertex 19.2426 -44.3018 -15.995
      vertex 18.2998 -46.3385 -15.995
    endloop
  endfacet
  facet normal -0 0 -1
    outer loop
      vertex 19.2426 -44.3018 -15.995
      vertex 17.7812 -46.0553 -15.995
      vertex 18.4441 -43.8657 -15.995
    endloop
  endfacet
  facet normal 0 0 -1
    outer loop
      vertex 17.6788 -45.9994 -15.995
      vertex 18.4441 -43.8657 -15.995
      vertex 17.7812 -46.0553 -15.995
    endloop
  endfacet
  facet normal 0 0 -1
    outer loop
      vertex 17.032 -45.7321 -15.995
      vertex 18.4441 -43.8657 -15.995
      vertex 17.6788 -45.9994 -15.995
    endloop
  endfacet
  facet normal -0 0 -1
    outer loop
      vertex 18.4441 -43.8657 -15.995
      vertex 17.032 -45.7321 -15.995
      vertex 17.6763 -43.5485 -15.995
    endloop
  endfacet
  facet normal 0 -0 -1
    outer loop
      vertex 17.5473 -43.5033 -15.995
      vertex 17.6763 -43.5485 -15.995
      vertex 17.032 -45.7321 -15.995
    endloop
  endfacet
  facet normal 0 0 -1
    outer loop
      vertex 17.6763 -43.5485 -15.995
      vertex 17.5473 -43.5033 -15.995
      vertex 17.6126 -43.5222 -15.995
    endloop
  endfacet
  facet normal 0 0 -1
    outer loop
      vertex 16.3656 -45.5394 -15.995
      vertex 17.5473 -43.5033 -15.995
      vertex 17.032 -45.7321 -15.995
    endloop
  endfacet
  facet normal -0 0 -1
    outer loop
      vertex 17.5473 -43.5033 -15.995
      vertex 16.3656 -45.5394 -15.995
      vertex 16.7558 -43.2744 -15.995
    endloop
  endfacet
  facet normal 0 0 -1
    outer loop
      vertex 15.6861 -45.423 -15.995
      vertex 16.7558 -43.2744 -15.995
      vertex 16.3656 -45.5394 -15.995
    endloop
  endfacet
  facet normal -0 0 -1
    outer loop
      vertex 16.7558 -43.2744 -15.995
      vertex 15.6861 -45.423 -15.995
      vertex 15.8822 -43.1247 -15.995
    endloop
  endfacet
  facet normal -0 0 -1
    outer loop
      vertex 15.8822 -43.1247 -15.995
      vertex 15.6861 -45.423 -15.995
      vertex 15.8182 -43.1211 -15.995
    endloop
  endfacet
  facet normal 0 0 -1
    outer loop
      vertex 15 -45.3841 -15.995
      vertex 15.8182 -43.1211 -15.995
      vertex 15.6861 -45.423 -15.995
    endloop
  endfacet
  facet normal 0 0 -1
    outer loop
      vertex 15 -45.3841 -15.995
      vertex 15 -43.0747 -15.995
      vertex 15.8182 -43.1211 -15.995
    endloop
  endfacet
  facet normal 0 0 -1
    outer loop
      vertex 14.1818 -43.1211 -15.995
      vertex 15 -45.3841 -15.995
      vertex 14.3139 -45.423 -15.995
    endloop
  endfacet
  facet normal 0 0 -1
    outer loop
      vertex 15 -45.3841 -15.995
      vertex 14.1818 -43.1211 -15.995
      vertex 15 -43.0747 -15.995
    endloop
  endfacet
  facet normal 0 0 -1
    outer loop
      vertex 14.3139 -45.423 -15.995
      vertex 14.1178 -43.1247 -15.995
      vertex 14.1818 -43.1211 -15.995
    endloop
  endfacet
  facet normal 0 0 -1
    outer loop
      vertex 13.2442 -43.2744 -15.995
      vertex 14.3139 -45.423 -15.995
      vertex 13.6344 -45.5394 -15.995
    endloop
  endfacet
  facet normal 0 0 -1
    outer loop
      vertex 14.3139 -45.423 -15.995
      vertex 13.2442 -43.2744 -15.995
      vertex 14.1178 -43.1247 -15.995
    endloop
  endfacet
  facet normal 0 0 -1
    outer loop
      vertex 12.9463 -43.3605 -15.995
      vertex 13.6344 -45.5394 -15.995
      vertex 12.968 -45.7321 -15.995
    endloop
  endfacet
  facet normal 0 0 -1
    outer loop
      vertex 13.6344 -45.5394 -15.995
      vertex 12.9463 -43.3605 -15.995
      vertex 13.2442 -43.2744 -15.995
    endloop
  endfacet
  facet normal 0 0 -1
    outer loop
      vertex 11 -44.6458 -15.995
      vertex 12.9463 -43.3605 -15.995
      vertex 12.968 -45.7321 -15.995
    endloop
  endfacet
  facet normal 0 0 -1
    outer loop
      vertex 10.9559 -43.7344 -15.995
      vertex 12.9463 -43.3605 -15.995
      vertex 11 -44.6458 -15.995
    endloop
  endfacet
  facet normal -0 0 -1
    outer loop
      vertex 12.9463 -43.3605 -15.995
      vertex 10.947 -43.551 -15.995
      vertex 12.9374 -43.1756 -15.995
    endloop
  endfacet
  facet normal 0 0 -1
    outer loop
      vertex 10.7886 -42.4667 -15.995
      vertex 12.9374 -43.1756 -15.995
      vertex 10.9206 -43.3701 -15.995
    endloop
  endfacet
  facet normal 0 0 -1
    outer loop
      vertex 10.5263 -41.4034 -15.995
      vertex 12.7502 -41.8942 -15.995
      vertex 10.7886 -42.4667 -15.995
    endloop
  endfacet
  facet normal 0 0 -1
    outer loop
      vertex 11 -44.6458 -15.995
      vertex 12.968 -45.7321 -15.995
      vertex 12.3212 -45.9994 -15.995
    endloop
  endfacet
  facet normal 0 0 -1
    outer loop
      vertex 11 -44.6458 -15.995
      vertex 12.3212 -45.9994 -15.995
      vertex 12.2188 -46.0553 -15.995
    endloop
  endfacet
  facet normal 0 0 -1
    outer loop
      vertex 12.9374 -43.1756 -15.995
      vertex 10.7886 -42.4667 -15.995
      vertex 12.7502 -41.8942 -15.995
    endloop
  endfacet
  facet normal 0 0 -1
    outer loop
      vertex 10.947 -45.7406 -15.995
      vertex 12.2188 -46.0553 -15.995
      vertex 11.7002 -46.3385 -15.995
    endloop
  endfacet
  facet normal 0 0 -1
    outer loop
      vertex 12.7502 -41.8942 -15.995
      vertex 10.5263 -41.4034 -15.995
      vertex 12.4898 -40.8385 -15.995
    endloop
  endfacet
  facet normal -0 0 -1
    outer loop
      vertex 12.4898 -40.8385 -15.995
      vertex 10.5263 -41.4034 -15.995
      vertex 12.4402 -40.6375 -15.995
    endloop
  endfacet
  facet normal 0 0 -1
    outer loop
      vertex 10.947 -45.7406 -15.995
      vertex 11.7002 -46.3385 -15.995
      vertex 11.2112 -46.677 -15.995
    endloop
  endfacet
  facet normal 0 0 -1
    outer loop
      vertex 10.947 -45.7406 -15.995
      vertex 11.2112 -46.677 -15.995
      vertex 11.111 -46.7463 -15.995
    endloop
  endfacet
  facet normal 0 0 -1
    outer loop
      vertex 10.947 -43.551 -15.995
      vertex 12.9463 -43.3605 -15.995
      vertex 10.9559 -43.7344 -15.995
    endloop
  endfacet
  facet normal 0 0 -1
    outer loop
      vertex 10.9206 -43.3701 -15.995
      vertex 12.9374 -43.1756 -15.995
      vertex 10.947 -43.551 -15.995
    endloop
  endfacet
  facet normal -0 0 -1
    outer loop
      vertex 12.4402 -40.6375 -15.995
      vertex 10.5263 -41.4034 -15.995
      vertex 12.3719 -40.4435 -15.995
    endloop
  endfacet
  facet normal 0 0 -1
    outer loop
      vertex 10.1627 -40.3713 -15.995
      vertex 12.3719 -40.4435 -15.995
      vertex 10.5263 -41.4034 -15.995
    endloop
  endfacet
  facet normal 0 0 -1
    outer loop
      vertex 12.3719 -40.4435 -15.995
      vertex 10.1627 -40.3713 -15.995
      vertex 12.0104 -39.4178 -15.995
    endloop
  endfacet
  facet normal 0 0 -1
    outer loop
      vertex 9.77472 -39.5384 -15.995
      vertex 12.0104 -39.4178 -15.995
      vertex 10.1627 -40.3713 -15.995
    endloop
  endfacet
  facet normal -0 0 -1
    outer loop
      vertex 12.0104 -39.4178 -15.995
      vertex 9.77472 -39.5384 -15.995
      vertex 11.5495 -38.4282 -15.995
    endloop
  endfacet
  facet normal 0 0 -1
    outer loop
      vertex 9.70113 -39.3804 -15.995
      vertex 11.5495 -38.4282 -15.995
      vertex 9.77472 -39.5384 -15.995
    endloop
  endfacet
  facet normal -0 0 -1
    outer loop
      vertex 11.5495 -38.4282 -15.995
      vertex 9.70113 -39.3804 -15.995
      vertex 11.465 -38.2468 -15.995
    endloop
  endfacet
  facet normal 0 0 -1
    outer loop
      vertex 9.61298 -39.2311 -15.995
      vertex 11.465 -38.2468 -15.995
      vertex 9.70113 -39.3804 -15.995
    endloop
  endfacet
  facet normal 0 0 -1
    outer loop
      vertex 9.14616 -38.4402 -15.995
      vertex 11.465 -38.2468 -15.995
      vertex 9.61298 -39.2311 -15.995
    endloop
  endfacet
  facet normal -0 0 -1
    outer loop
      vertex 11.465 -38.2468 -15.995
      vertex 9.14616 -38.4402 -15.995
      vertex 10.8091 -37.1356 -15.995
    endloop
  endfacet
  facet normal 0 0 -1
    outer loop
      vertex 8.50311 -37.5598 -15.995
      vertex 10.8091 -37.1356 -15.995
      vertex 9.14616 -38.4402 -15.995
    endloop
  endfacet
  facet normal -0 0 -1
    outer loop
      vertex 10.8091 -37.1356 -15.995
      vertex 8.50311 -37.5598 -15.995
      vertex 10.0491 -36.0951 -15.995
    endloop
  endfacet
  facet normal -0 0 -1
    outer loop
      vertex 10.0491 -36.0951 -15.995
      vertex 8.50311 -37.5598 -15.995
      vertex 9.9207 -35.9512 -15.995
    endloop
  endfacet
  facet normal 0 0 -1
    outer loop
      vertex 7.77817 -36.7476 -15.995
      vertex 9.9207 -35.9512 -15.995
      vertex 8.50311 -37.5598 -15.995
    endloop
  endfacet
  facet normal -0 0 -1
    outer loop
      vertex 9.9207 -35.9512 -15.995
      vertex 7.77817 -36.7476 -15.995
      vertex 9.19239 -35.1353 -15.995
    endloop
  endfacet
  facet normal 0 0 -1
    outer loop
      vertex 6.97833 -36.0115 -15.995
      vertex 9.19239 -35.1353 -15.995
      vertex 7.77817 -36.7476 -15.995
    endloop
  endfacet
  facet normal -0 0 -1
    outer loop
      vertex 9.19239 -35.1353 -15.995
      vertex 6.97833 -36.0115 -15.995
      vertex 8.24711 -34.2653 -15.995
    endloop
  endfacet
  facet normal 0 0 -1
    outer loop
      vertex 6.24269 -35.4575 -15.995
      vertex 8.24711 -34.2653 -15.995
      vertex 6.97833 -36.0115 -15.995
    endloop
  endfacet
  facet normal -0 0 -1
    outer loop
      vertex 8.24711 -34.2653 -15.995
      vertex 6.24269 -35.4575 -15.995
      vertex 7.22241 -33.4936 -15.995
    endloop
  endfacet
  facet normal 0 0 -1
    outer loop
      vertex 6.11127 -35.3585 -15.995
      vertex 7.22241 -33.4936 -15.995
      vertex 6.24269 -35.4575 -15.995
    endloop
  endfacet
  facet normal 0 0 -1
    outer loop
      vertex 5.97126 -35.2733 -15.995
      vertex 7.22241 -33.4936 -15.995
      vertex 6.11127 -35.3585 -15.995
    endloop
  endfacet
  facet normal -0 0 -1
    outer loop
      vertex 7.22241 -33.4936 -15.995
      vertex 5.97126 -35.2733 -15.995
      vertex 6.28542 -32.9233 -15.995
    endloop
  endfacet
  facet normal 0 0 -1
    outer loop
      vertex 5.18536 -34.795 -15.995
      vertex 6.28542 -32.9233 -15.995
      vertex 5.97126 -35.2733 -15.995
    endloop
  endfacet
  facet normal -0 0 -1
    outer loop
      vertex 6.28542 -32.9233 -15.995
      vertex 5.18536 -34.795 -15.995
      vertex 6.12816 -32.8276 -15.995
    endloop
  endfacet
  facet normal -0 0 -1
    outer loop
      vertex 6.12816 -32.8276 -15.995
      vertex 5.18536 -34.795 -15.995
      vertex 5.96282 -32.7482 -15.995
    endloop
  endfacet
  facet normal 0 0 -1
    outer loop
      vertex 4.20952 -34.3263 -15.995
      vertex 5.96282 -32.7482 -15.995
      vertex 5.18536 -34.795 -15.995
    endloop
  endfacet
  facet normal -0 0 -1
    outer loop
      vertex 5.96282 -32.7482 -15.995
      vertex 4.20952 -34.3263 -15.995
      vertex 4.97488 -32.2737 -15.995
    endloop
  endfacet
  facet normal 0 0 -1
    outer loop
      vertex 4.20952 -34.3263 -15.995
      vertex 3.94382 -31.8991 -15.995
      vertex 4.97488 -32.2737 -15.995
    endloop
  endfacet
  facet normal 0 0 -1
    outer loop
      vertex 3.19313 -33.9571 -15.995
      vertex 3.94382 -31.8991 -15.995
      vertex 4.20952 -34.3263 -15.995
    endloop
  endfacet
  facet normal -0 0 -1
    outer loop
      vertex 3.94382 -31.8991 -15.995
      vertex 3.19313 -33.9571 -15.995
      vertex 3.7737 -31.8373 -15.995
    endloop
  endfacet
  facet normal 0 0 -1
    outer loop
      vertex 2.14599 -33.6907 -15.995
      vertex 3.7737 -31.8373 -15.995
      vertex 3.19313 -33.9571 -15.995
    endloop
  endfacet
  facet normal -0 0 -1
    outer loop
      vertex 3.7737 -31.8373 -15.995
      vertex 2.14599 -33.6907 -15.995
      vertex 2.53617 -31.5226 -15.995
    endloop
  endfacet
  facet normal -0 0 -1
    outer loop
      vertex 2.53617 -31.5226 -15.995
      vertex 2.14599 -33.6907 -15.995
      vertex 2.35849 -31.4958 -15.995
    endloop
  endfacet
  facet normal 0 0 -1
    outer loop
      vertex 1.07819 -33.5299 -15.995
      vertex 2.35849 -31.4958 -15.995
      vertex 2.14599 -33.6907 -15.995
    endloop
  endfacet
  facet normal -0 0 -1
    outer loop
      vertex 2.35849 -31.4958 -15.995
      vertex 1.07819 -33.5299 -15.995
      vertex 1.27422 -31.3325 -15.995
    endloop
  endfacet
  facet normal 0 0 -1
    outer loop
      vertex 1.07819 -33.5299 -15.995
      vertex 0.178846 -31.2778 -15.995
      vertex 1.27422 -31.3325 -15.995
    endloop
  endfacet
  facet normal 0 0 -1
    outer loop
      vertex 0 -33.4761 -15.995
      vertex 0.178846 -31.2778 -15.995
      vertex 1.07819 -33.5299 -15.995
    endloop
  endfacet
  facet normal 0 0 -1
    outer loop
      vertex 0 -33.4761 -15.995
      vertex 0 -31.2689 -15.995
      vertex 0.178846 -31.2778 -15.995
    endloop
  endfacet
  facet normal 0 0 -1
    outer loop
      vertex 0 -33.4761 -15.995
      vertex -0.178846 -31.2778 -15.995
      vertex 0 -31.2689 -15.995
    endloop
  endfacet
  facet normal 0 0 -1
    outer loop
      vertex -1.07819 -33.5299 -15.995
      vertex -0.178846 -31.2778 -15.995
      vertex 0 -33.4761 -15.995
    endloop
  endfacet
  facet normal 0 0 -1
    outer loop
      vertex -1.07819 -33.5299 -15.995
      vertex -1.27422 -31.3325 -15.995
      vertex -0.178846 -31.2778 -15.995
    endloop
  endfacet
  facet normal 0 0 -1
    outer loop
      vertex -2.35849 -31.4958 -15.995
      vertex -1.07819 -33.5299 -15.995
      vertex -2.14599 -33.6907 -15.995
    endloop
  endfacet
  facet normal 0 0 -1
    outer loop
      vertex -1.07819 -33.5299 -15.995
      vertex -2.35849 -31.4958 -15.995
      vertex -1.27422 -31.3325 -15.995
    endloop
  endfacet
  facet normal 0 0 -1
    outer loop
      vertex -2.14599 -33.6907 -15.995
      vertex -2.53617 -31.5226 -15.995
      vertex -2.35849 -31.4958 -15.995
    endloop
  endfacet
  facet normal 0 0 -1
    outer loop
      vertex -3.7737 -31.8373 -15.995
      vertex -2.14599 -33.6907 -15.995
      vertex -3.19313 -33.9571 -15.995
    endloop
  endfacet
  facet normal 0 0 -1
    outer loop
      vertex -2.14599 -33.6907 -15.995
      vertex -3.7737 -31.8373 -15.995
      vertex -2.53617 -31.5226 -15.995
    endloop
  endfacet
  facet normal 0 0 -1
    outer loop
      vertex -3.19313 -33.9571 -15.995
      vertex -3.94382 -31.8991 -15.995
      vertex -3.7737 -31.8373 -15.995
    endloop
  endfacet
  facet normal 0 0 -1
    outer loop
      vertex -4.20952 -34.3263 -15.995
      vertex -3.94382 -31.8991 -15.995
      vertex -3.19313 -33.9571 -15.995
    endloop
  endfacet
  facet normal 0 0 -1
    outer loop
      vertex -4.20952 -34.3263 -15.995
      vertex -4.97488 -32.2737 -15.995
      vertex -3.94382 -31.8991 -15.995
    endloop
  endfacet
  facet normal 0 0 -1
    outer loop
      vertex -5.96282 -32.7482 -15.995
      vertex -4.20952 -34.3263 -15.995
      vertex -5.18536 -34.795 -15.995
    endloop
  endfacet
  facet normal 0 0 -1
    outer loop
      vertex -4.20952 -34.3263 -15.995
      vertex -5.96282 -32.7482 -15.995
      vertex -4.97488 -32.2737 -15.995
    endloop
  endfacet
  facet normal 0 0 -1
    outer loop
      vertex -6.28542 -32.9233 -15.995
      vertex -5.18536 -34.795 -15.995
      vertex -5.97126 -35.2733 -15.995
    endloop
  endfacet
  facet normal 0 0 -1
    outer loop
      vertex -7.22241 -33.4936 -15.995
      vertex -5.97126 -35.2733 -15.995
      vertex -6.11127 -35.3585 -15.995
    endloop
  endfacet
  facet normal 0 0 -1
    outer loop
      vertex -5.18536 -34.795 -15.995
      vertex -6.12816 -32.8276 -15.995
      vertex -5.96282 -32.7482 -15.995
    endloop
  endfacet
  facet normal 0 0 -1
    outer loop
      vertex -7.22241 -33.4936 -15.995
      vertex -6.11127 -35.3585 -15.995
      vertex -6.24269 -35.4575 -15.995
    endloop
  endfacet
  facet normal 0 0 -1
    outer loop
      vertex -5.18536 -34.795 -15.995
      vertex -6.28542 -32.9233 -15.995
      vertex -6.12816 -32.8276 -15.995
    endloop
  endfacet
  facet normal 0 0 -1
    outer loop
      vertex -8.24711 -34.2653 -15.995
      vertex -6.24269 -35.4575 -15.995
      vertex -6.97833 -36.0115 -15.995
    endloop
  endfacet
  facet normal 0 0 -1
    outer loop
      vertex -5.97126 -35.2733 -15.995
      vertex -7.22241 -33.4936 -15.995
      vertex -6.28542 -32.9233 -15.995
    endloop
  endfacet
  facet normal 0 0 -1
    outer loop
      vertex -9.19239 -35.1353 -15.995
      vertex -6.97833 -36.0115 -15.995
      vertex -7.77817 -36.7476 -15.995
    endloop
  endfacet
  facet normal 0 0 -1
    outer loop
      vertex -6.24269 -35.4575 -15.995
      vertex -8.24711 -34.2653 -15.995
      vertex -7.22241 -33.4936 -15.995
    endloop
  endfacet
  facet normal 0 0 -1
    outer loop
      vertex -9.9207 -35.9512 -15.995
      vertex -7.77817 -36.7476 -15.995
      vertex -8.50311 -37.5598 -15.995
    endloop
  endfacet
  facet normal 0 0 -1
    outer loop
      vertex -10.8091 -37.1356 -15.995
      vertex -8.50311 -37.5598 -15.995
      vertex -9.14616 -38.4402 -15.995
    endloop
  endfacet
  facet normal 0 0 -1
    outer loop
      vertex -6.97833 -36.0115 -15.995
      vertex -9.19239 -35.1353 -15.995
      vertex -8.24711 -34.2653 -15.995
    endloop
  endfacet
  facet normal 0 0 -1
    outer loop
      vertex -11.465 -38.2468 -15.995
      vertex -9.14616 -38.4402 -15.995
      vertex -9.61298 -39.2311 -15.995
    endloop
  endfacet
  facet normal 0 0 -1
    outer loop
      vertex -11.465 -38.2468 -15.995
      vertex -9.61298 -39.2311 -15.995
      vertex -9.70113 -39.3804 -15.995
    endloop
  endfacet
  facet normal 0 0 -1
    outer loop
      vertex -11.465 -38.2468 -15.995
      vertex -9.70113 -39.3804 -15.995
      vertex -9.77472 -39.5384 -15.995
    endloop
  endfacet
  facet normal 0 0 -1
    outer loop
      vertex -7.77817 -36.7476 -15.995
      vertex -9.9207 -35.9512 -15.995
      vertex -9.19239 -35.1353 -15.995
    endloop
  endfacet
  facet normal 0 0 -1
    outer loop
      vertex -8.50311 -37.5598 -15.995
      vertex -10.0491 -36.0951 -15.995
      vertex -9.9207 -35.9512 -15.995
    endloop
  endfacet
  facet normal 0 0 -1
    outer loop
      vertex -11.465 -38.2468 -15.995
      vertex -9.77472 -39.5384 -15.995
      vertex -10.1627 -40.3713 -15.995
    endloop
  endfacet
  facet normal 0 0 -1
    outer loop
      vertex -11.465 -38.2468 -15.995
      vertex -10.1627 -40.3713 -15.995
      vertex -10.5263 -41.4034 -15.995
    endloop
  endfacet
  facet normal 0 0 -1
    outer loop
      vertex -11.465 -38.2468 -15.995
      vertex -10.5263 -41.4034 -15.995
      vertex -10.7886 -42.4667 -15.995
    endloop
  endfacet
  facet normal 0 0 -1
    outer loop
      vertex -8.50311 -37.5598 -15.995
      vertex -10.8091 -37.1356 -15.995
      vertex -10.0491 -36.0951 -15.995
    endloop
  endfacet
  facet normal 0 0 -1
    outer loop
      vertex -11.465 -38.2468 -15.995
      vertex -10.7886 -42.4667 -15.995
      vertex -10.9206 -43.3701 -15.995
    endloop
  endfacet
  facet normal 0 0 -1
    outer loop
      vertex -11.465 -38.2468 -15.995
      vertex -10.9206 -43.3701 -15.995
      vertex -10.947 -43.551 -15.995
    endloop
  endfacet
  facet normal 0 0 -1
    outer loop
      vertex -11.465 -38.2468 -15.995
      vertex -10.947 -43.551 -15.995
      vertex -10.9559 -43.7344 -15.995
    endloop
  endfacet
  facet normal 0 0 -1
    outer loop
      vertex -11.465 -38.2468 -15.995
      vertex -10.9559 -43.7344 -15.995
      vertex -11 -44.6458 -15.995
    endloop
  endfacet
  facet normal 0 0 -1
    outer loop
      vertex -9.14616 -38.4402 -15.995
      vertex -11.465 -38.2468 -15.995
      vertex -10.8091 -37.1356 -15.995
    endloop
  endfacet
  facet normal 0 1 -0
    outer loop
      vertex 3 -48 -35.005
      vertex -6.87768 -48 -32.058
      vertex 6.87768 -48 -32.058
    endloop
  endfacet
  facet normal 0 1 0
    outer loop
      vertex -6.87768 -48 -32.058
      vertex 3 -48 -35.005
      vertex -3 -48 -35.005
    endloop
  endfacet
  facet normal 0 1 0
    outer loop
      vertex -10.4869 -48 -15.995
      vertex -12.4925 -48 -16.5023
      vertex -12.5146 -48 -15.995
    endloop
  endfacet
  facet normal 0 1 0
    outer loop
      vertex -10.4869 -48 -15.995
      vertex -12.4709 -48 -17
      vertex -12.4925 -48 -16.5023
    endloop
  endfacet
  facet normal 0 1 0
    outer loop
      vertex -10.1627 -48 -21.214
      vertex -12.4709 -48 -17
      vertex -10.4869 -48 -15.995
    endloop
  endfacet
  facet normal 0 1 0
    outer loop
      vertex -10.1627 -48 -21.214
      vertex -26.6908 -48 -17
      vertex -12.4709 -48 -17
    endloop
  endfacet
  facet normal 0 1 0
    outer loop
      vertex -9.72925 -48 -26.4913
      vertex -26.6908 -48 -17
      vertex -10.1627 -48 -21.214
    endloop
  endfacet
  facet normal 0 1 0
    outer loop
      vertex -9.70113 -48 -26.8336
      vertex -26.6908 -48 -17
      vertex -9.72925 -48 -26.4913
    endloop
  endfacet
  facet normal 0 1 0
    outer loop
      vertex -9.67116 -48 -27.1216
      vertex -26.6908 -48 -17
      vertex -9.70113 -48 -26.8336
    endloop
  endfacet
  facet normal 0 1 0
    outer loop
      vertex -26.6908 -48 -17
      vertex -9.67116 -48 -27.1216
      vertex -9.3532 -48 -30.1766
    endloop
  endfacet
  facet normal 0 1 0
    outer loop
      vertex 21.4672 -48 -20.1065
      vertex 22.9423 -48 -17
      vertex 26.6908 -48 -17
    endloop
  endfacet
  facet normal 0 1 0
    outer loop
      vertex 22.9423 -48 -17
      vertex 21.1734 -48 -18.8645
      vertex 20.8203 -48 -17.6861
    endloop
  endfacet
  facet normal 0 1 0
    outer loop
      vertex 22.9423 -48 -17
      vertex 21.4672 -48 -20.1065
      vertex 21.1734 -48 -18.8645
    endloop
  endfacet
  facet normal -0 1 0
    outer loop
      vertex 21.4672 -48 -20.1065
      vertex 26.6908 -48 -17
      vertex 21.6031 -48 -20.8666
    endloop
  endfacet
  facet normal 0 1 0
    outer loop
      vertex 22.6424 -48 -15.995
      vertex 20.4111 -48 -16.5826
      vertex 20.1448 -48 -15.995
    endloop
  endfacet
  facet normal 0 1 0
    outer loop
      vertex 20.8203 -48 -17.6861
      vertex 22.6424 -48 -15.995
      vertex 22.9373 -48 -16.979
    endloop
  endfacet
  facet normal 0 1 0
    outer loop
      vertex 20.8203 -48 -17.6861
      vertex 22.9373 -48 -16.979
      vertex 22.9423 -48 -17
    endloop
  endfacet
  facet normal 0 1 0
    outer loop
      vertex 22.6424 -48 -15.995
      vertex 20.8203 -48 -17.6861
      vertex 20.4111 -48 -16.5826
    endloop
  endfacet
  facet normal -0 1 0
    outer loop
      vertex 9.48313 -48 -28.9282
      vertex 10.9958 -48 -28.9282
      vertex 9.3532 -48 -30.1766
    endloop
  endfacet
  facet normal 0.605083 -0 0.796162
    outer loop
      vertex -26.6908 -12.7574 -17
      vertex -3 -12 -35.005
      vertex -26.6908 -12 -17
    endloop
  endfacet
  facet normal 0.605083 0 0.796162
    outer loop
      vertex -3 -12 -35.005
      vertex -26.6908 -12.7574 -17
      vertex -3 -30.7624 -35.005
    endloop
  endfacet
  facet normal 0.605086 0 0.79616
    outer loop
      vertex -8.02339 -43.0618 -31.1872
      vertex -3 -48 -35.005
      vertex -3 -39.2476 -35.005
    endloop
  endfacet
  facet normal 0.605078 -1.14911e-05 0.796166
    outer loop
      vertex -3 -48 -35.005
      vertex -8.02339 -43.0618 -31.1872
      vertex -6.87768 -48 -32.058
    endloop
  endfacet
  facet normal 0.605084 3.74846e-06 0.796162
    outer loop
      vertex -3 -39.2476 -35.005
      vertex -8.71196 -40.0939 -30.6639
      vertex -8.02339 -43.0618 -31.1872
    endloop
  endfacet
  facet normal 0.605084 -2.66563e-06 0.796161
    outer loop
      vertex -3 -39.2476 -35.005
      vertex -9.26129 -37.7262 -30.2464
      vertex -8.71196 -40.0939 -30.6639
    endloop
  endfacet
  facet normal 0.605093 5.53585e-05 0.796155
    outer loop
      vertex -3 -39.2476 -35.005
      vertex -9.37857 -37.2207 -30.1573
      vertex -9.26129 -37.7262 -30.2464
    endloop
  endfacet
  facet normal 0.605074 -3.93123e-05 0.796169
    outer loop
      vertex -3 -39.2476 -35.005
      vertex -9.46881 -36.8318 -30.0887
      vertex -9.37857 -37.2207 -30.1573
    endloop
  endfacet
  facet normal 0.605076 -3.29397e-05 0.796168
    outer loop
      vertex -3 -39.2476 -35.005
      vertex -9.51038 -36.6526 -30.0571
      vertex -9.46881 -36.8318 -30.0887
    endloop
  endfacet
  facet normal 0.604966 -0.000466687 0.796251
    outer loop
      vertex -3 -39.2476 -35.005
      vertex -9.52258 -36.6 -30.0478
      vertex -9.51038 -36.6526 -30.0571
    endloop
  endfacet
  facet normal 0.605067 -2.62309e-05 0.796175
    outer loop
      vertex -26.6908 -21.2426 -17
      vertex -9.69997 -36.9243 -29.913
      vertex -9.52258 -36.6 -30.0478
    endloop
  endfacet
  facet normal 0.5971 -0.013496 0.802054
    outer loop
      vertex -26.6908 -21.2426 -17
      vertex -9.70212 -36.9287 -29.9114
      vertex -9.70113 -36.9265 -29.9121
    endloop
  endfacet
  facet normal 0.604468 0.00226298 0.796626
    outer loop
      vertex -10.947 -41.264 -28.9653
      vertex -26.6908 -48 -17
      vertex -10.9481 -41.287 -28.9644
    endloop
  endfacet
  facet normal 0.605164 -0.000295108 0.796101
    outer loop
      vertex -10.9437 -41.241 -28.9678
      vertex -26.6908 -48 -17
      vertex -10.947 -41.264 -28.9653
    endloop
  endfacet
  facet normal 0.6051 -5.95896e-05 0.79615
    outer loop
      vertex -10.7886 -40.1585 -29.0856
      vertex -26.6908 -48 -17
      vertex -10.9437 -41.241 -28.9678
    endloop
  endfacet
  facet normal 0.605067 4.36942e-05 0.796174
    outer loop
      vertex -10.5263 -39.06 -29.285
      vertex -26.6908 -48 -17
      vertex -10.7886 -40.1585 -29.0856
    endloop
  endfacet
  facet normal 0.605083 -0 0.796163
    outer loop
      vertex -26.6908 -48 -17
      vertex -10.5263 -39.06 -29.285
      vertex -26.6908 -21.2426 -17
    endloop
  endfacet
  facet normal 0.605107 3.46329e-05 0.796144
    outer loop
      vertex -10.1627 -37.9792 -29.5614
      vertex -26.6908 -21.2426 -17
      vertex -10.5263 -39.06 -29.285
    endloop
  endfacet
  facet normal 0.60507 -2.20583e-05 0.796172
    outer loop
      vertex -9.70212 -36.9287 -29.9114
      vertex -26.6908 -21.2426 -17
      vertex -10.1627 -37.9792 -29.5614
    endloop
  endfacet
  facet normal 0.607687 0.00446835 0.794164
    outer loop
      vertex -9.69997 -36.9243 -29.913
      vertex -26.6908 -21.2426 -17
      vertex -9.70113 -36.9265 -29.9121
    endloop
  endfacet
  facet normal 0.60509 1.42724e-05 0.796157
    outer loop
      vertex -26.6908 -21.2426 -17
      vertex -9.52258 -36.6 -30.0478
      vertex -3 -39.2476 -35.005
    endloop
  endfacet
  facet normal 0.605084 4.70212e-06 0.796161
    outer loop
      vertex -26.6908 -48 -17
      vertex -9.71151 -47.4363 -29.9043
      vertex -10.1627 -46.5281 -29.5614
    endloop
  endfacet
  facet normal 0.605091 -3.30199e-05 0.796157
    outer loop
      vertex -10.9481 -41.287 -28.9644
      vertex -26.6908 -48 -17
      vertex -11 -42.3659 -28.925
    endloop
  endfacet
  facet normal 0.605086 -1.4407e-05 0.79616
    outer loop
      vertex -11 -42.3659 -28.925
      vertex -26.6908 -48 -17
      vertex -10.947 -43.4536 -28.9653
    endloop
  endfacet
  facet normal 0.605073 6.04003e-05 0.79617
    outer loop
      vertex -10.947 -43.4536 -28.9653
      vertex -26.6908 -48 -17
      vertex -10.7886 -44.5167 -29.0856
    endloop
  endfacet
  facet normal 0.605505 -0.00307407 0.795836
    outer loop
      vertex -10.7886 -44.5167 -29.0856
      vertex -26.6908 -48 -17
      vertex -10.7819 -44.5432 -29.0908
    endloop
  endfacet
  facet normal 0.605079 4.2611e-05 0.796166
    outer loop
      vertex -10.7819 -44.5432 -29.0908
      vertex -26.6908 -48 -17
      vertex -10.5263 -45.5448 -29.285
    endloop
  endfacet
  facet normal 0.605087 -4.94088e-05 0.796159
    outer loop
      vertex -10.5263 -45.5448 -29.285
      vertex -26.6908 -48 -17
      vertex -10.1627 -46.5281 -29.5614
    endloop
  endfacet
  facet normal 0.605011 0.00332897 0.79621
    outer loop
      vertex -9.71151 -47.4363 -29.9043
      vertex -26.6908 -48 -17
      vertex -9.70113 -47.4572 -29.9121
    endloop
  endfacet
  facet normal 0.605136 -0.00276613 0.796118
    outer loop
      vertex -9.70113 -47.4572 -29.9121
      vertex -26.6908 -48 -17
      vertex -9.68872 -47.4765 -29.9216
    endloop
  endfacet
  facet normal 0.605084 -6.59369e-06 0.796162
    outer loop
      vertex -9.68872 -47.4765 -29.9216
      vertex -26.6908 -48 -17
      vertex -9.3532 -48 -30.1766
    endloop
  endfacet
  facet normal -0.605083 0 0.796162
    outer loop
      vertex 19.4408 -43.4574 -22.51
      vertex 26.6908 -48 -17
      vertex 26.6908 -21.2426 -17
    endloop
  endfacet
  facet normal -0.605078 0.000187485 0.796166
    outer loop
      vertex 26.6908 -48 -17
      vertex 21.4672 -47.5015 -20.97
      vertex 21.6031 -48 -20.8666
    endloop
  endfacet
  facet normal -0.605095 -8.91683e-05 0.796153
    outer loop
      vertex 26.6908 -48 -17
      vertex 21.1734 -46.6556 -21.1932
      vertex 21.4672 -47.5015 -20.97
    endloop
  endfacet
  facet normal -0.605074 4.83803e-05 0.79617
    outer loop
      vertex 26.6908 -48 -17
      vertex 20.8203 -45.8202 -21.4616
      vertex 21.1734 -46.6556 -21.1932
    endloop
  endfacet
  facet normal -0.605083 7.9129e-06 0.796162
    outer loop
      vertex 26.6908 -48 -17
      vertex 20.4111 -45.0036 -21.7726
      vertex 20.8203 -45.8202 -21.4616
    endloop
  endfacet
  facet normal -0.605113 -9.22581e-05 0.796139
    outer loop
      vertex 26.6908 -48 -17
      vertex 19.9497 -44.2134 -22.1232
      vertex 20.4111 -45.0036 -21.7726
    endloop
  endfacet
  facet normal -0.605057 6.55682e-05 0.796182
    outer loop
      vertex 26.6908 -48 -17
      vertex 19.4408 -43.4574 -22.51
      vertex 19.9497 -44.2134 -22.1232
    endloop
  endfacet
  facet normal -0.605104 1.05911e-05 0.796147
    outer loop
      vertex 26.6908 -21.2426 -17
      vertex 18.889 -42.7427 -22.9294
      vertex 19.4408 -43.4574 -22.51
    endloop
  endfacet
  facet normal -0.604846 -0.000136947 0.796342
    outer loop
      vertex 26.6908 -21.2426 -17
      vertex 18.8649 -42.7155 -22.9477
      vertex 18.889 -42.7427 -22.9294
    endloop
  endfacet
  facet normal -0.605099 8.30631e-06 0.79615
    outer loop
      vertex 26.6908 -21.2426 -17
      vertex 18.2998 -42.0764 -23.3772
      vertex 18.8649 -42.7155 -22.9477
    endloop
  endfacet
  facet normal -0.605027 -3.72538e-05 0.796205
    outer loop
      vertex 26.6908 -21.2426 -17
      vertex 17.6902 -41.4761 -23.8404
      vertex 18.2998 -42.0764 -23.3772
    endloop
  endfacet
  facet normal -0.606186 0.000776876 0.795322
    outer loop
      vertex 26.6908 -21.2426 -17
      vertex 17.6788 -41.4648 -23.8491
      vertex 17.6902 -41.4761 -23.8404
    endloop
  endfacet
  facet normal -0.605101 1.32934e-05 0.796149
    outer loop
      vertex 26.6908 -21.2426 -17
      vertex 17.032 -40.9137 -24.3407
      vertex 17.6788 -41.4648 -23.8491
    endloop
  endfacet
  facet normal -0.605013 -5.51564e-05 0.796216
    outer loop
      vertex 26.6908 -21.2426 -17
      vertex 16.6115 -40.6077 -24.6602
      vertex 17.032 -40.9137 -24.3407
    endloop
  endfacet
  facet normal -0.605084 3.09954e-06 0.796162
    outer loop
      vertex 9.52258 -36.6 -30.0478
      vertex 16.6115 -40.6077 -24.6602
      vertex 26.6908 -21.2426 -17
    endloop
  endfacet
  facet normal -0.605106 -6.01356e-05 0.796145
    outer loop
      vertex 9.69997 -36.9243 -29.913
      vertex 16.6115 -40.6077 -24.6602
      vertex 9.52258 -36.6 -30.0478
    endloop
  endfacet
  facet normal -0.601919 0.00928533 0.798504
    outer loop
      vertex 9.70113 -36.9265 -29.9121
      vertex 16.6115 -40.6077 -24.6602
      vertex 9.69997 -36.9243 -29.913
    endloop
  endfacet
  facet normal -0.613219 -0.0247356 0.789526
    outer loop
      vertex 9.70212 -36.9287 -29.9114
      vertex 16.6115 -40.6077 -24.6602
      vertex 9.70113 -36.9265 -29.9121
    endloop
  endfacet
  facet normal -0.605104 -4.50309e-05 0.796147
    outer loop
      vertex 10.1627 -37.9792 -29.5614
      vertex 16.6115 -40.6077 -24.6602
      vertex 9.70212 -36.9287 -29.9114
    endloop
  endfacet
  facet normal -0.605097 -5.93711e-05 0.796152
    outer loop
      vertex 16.6044 -40.617 -24.6656
      vertex 10.5263 -39.06 -29.285
      vertex 16.5723 -40.6593 -24.69
    endloop
  endfacet
  facet normal -0.605174 -0.000492241 0.796093
    outer loop
      vertex 16.5466 -40.6931 -24.7095
      vertex 10.5263 -39.06 -29.285
      vertex 16.4943 -40.762 -24.7493
    endloop
  endfacet
  facet normal -0.605145 -0.000290955 0.796115
    outer loop
      vertex 10.947 -41.264 -28.9653
      vertex 15.1209 -42.5698 -25.7931
      vertex 10.9437 -41.241 -28.9678
    endloop
  endfacet
  facet normal -0.605095 -1.33919e-05 0.796153
    outer loop
      vertex 14.8595 -42.9139 -25.9917
      vertex 10.947 -43.4536 -28.9653
      vertex 12.7441 -45.6986 -27.5995
    endloop
  endfacet
  facet normal -0.605095 -1.374e-05 0.796153
    outer loop
      vertex 10.947 -43.4536 -28.9653
      vertex 14.8595 -42.9139 -25.9917
      vertex 11 -42.3659 -28.925
    endloop
  endfacet
  facet normal -0.605097 -3.34915e-05 0.796152
    outer loop
      vertex 11 -42.3659 -28.925
      vertex 14.8595 -42.9139 -25.9917
      vertex 10.9481 -41.287 -28.9644
    endloop
  endfacet
  facet normal -0.605057 0.000116758 0.796182
    outer loop
      vertex 15.1209 -42.5698 -25.7931
      vertex 10.9481 -41.287 -28.9644
      vertex 14.8595 -42.9139 -25.9917
    endloop
  endfacet
  facet normal -0.60464 0.00224967 0.796496
    outer loop
      vertex 10.9481 -41.287 -28.9644
      vertex 15.1209 -42.5698 -25.7931
      vertex 10.947 -41.264 -28.9653
    endloop
  endfacet
  facet normal -0.605099 -5.93665e-05 0.796151
    outer loop
      vertex 10.9437 -41.241 -28.9678
      vertex 15.1209 -42.5698 -25.7931
      vertex 10.7886 -40.1585 -29.0856
    endloop
  endfacet
  facet normal -0.605081 -9.66233e-06 0.796164
    outer loop
      vertex 16.4943 -40.762 -24.7493
      vertex 10.7886 -40.1585 -29.0856
      vertex 15.1209 -42.5698 -25.7931
    endloop
  endfacet
  facet normal -0.605078 3.97587e-05 0.796166
    outer loop
      vertex 10.7886 -40.1585 -29.0856
      vertex 16.4943 -40.762 -24.7493
      vertex 10.5263 -39.06 -29.285
    endloop
  endfacet
  facet normal -0.604981 0.000630941 0.79624
    outer loop
      vertex 16.5723 -40.6593 -24.69
      vertex 10.5263 -39.06 -29.285
      vertex 16.5466 -40.6931 -24.7095
    endloop
  endfacet
  facet normal -0.605133 -0.000282727 0.796124
    outer loop
      vertex 16.6115 -40.6077 -24.6602
      vertex 10.5263 -39.06 -29.285
      vertex 16.6044 -40.617 -24.6656
    endloop
  endfacet
  facet normal -0.605079 4.92462e-05 0.796165
    outer loop
      vertex 10.5263 -39.06 -29.285
      vertex 16.6115 -40.6077 -24.6602
      vertex 10.1627 -37.9792 -29.5614
    endloop
  endfacet
  facet normal -0.604966 -0.000466687 0.796251
    outer loop
      vertex 3 -39.2476 -35.005
      vertex 9.51038 -36.6526 -30.0571
      vertex 9.52258 -36.6 -30.0478
    endloop
  endfacet
  facet normal -0.605093 5.53585e-05 0.796155
    outer loop
      vertex 3 -39.2476 -35.005
      vertex 9.26129 -37.7262 -30.2464
      vertex 9.37857 -37.2207 -30.1573
    endloop
  endfacet
  facet normal -0.605084 -2.66563e-06 0.796161
    outer loop
      vertex 9.26129 -37.7262 -30.2464
      vertex 3 -39.2476 -35.005
      vertex 8.71196 -40.0939 -30.6639
    endloop
  endfacet
  facet normal -0.605084 3.74846e-06 0.796162
    outer loop
      vertex 8.71196 -40.0939 -30.6639
      vertex 3 -39.2476 -35.005
      vertex 8.02339 -43.0618 -31.1872
    endloop
  endfacet
  facet normal -0.60509 1.42724e-05 0.796157
    outer loop
      vertex 3 -39.2476 -35.005
      vertex 9.52258 -36.6 -30.0478
      vertex 26.6908 -21.2426 -17
    endloop
  endfacet
  facet normal -0.605076 -3.29397e-05 0.796168
    outer loop
      vertex 9.51038 -36.6526 -30.0571
      vertex 3 -39.2476 -35.005
      vertex 9.46881 -36.8318 -30.0887
    endloop
  endfacet
  facet normal -0.605074 -3.93123e-05 0.796169
    outer loop
      vertex 3 -39.2476 -35.005
      vertex 9.37857 -37.2207 -30.1573
      vertex 9.46881 -36.8318 -30.0887
    endloop
  endfacet
  facet normal -0.605086 0 0.79616
    outer loop
      vertex 3 -48 -35.005
      vertex 8.02339 -43.0618 -31.1872
      vertex 3 -39.2476 -35.005
    endloop
  endfacet
  facet normal -0.605078 -1.14911e-05 0.796166
    outer loop
      vertex 8.02339 -43.0618 -31.1872
      vertex 3 -48 -35.005
      vertex 6.87768 -48 -32.058
    endloop
  endfacet
  facet normal -0.605042 5.3261e-05 0.796193
    outer loop
      vertex 10.7886 -44.5167 -29.0856
      vertex 12.7441 -45.6986 -27.5995
      vertex 10.947 -43.4536 -28.9653
    endloop
  endfacet
  facet normal -0.60614 -0.00281891 0.795353
    outer loop
      vertex 10.7819 -44.5432 -29.0908
      vertex 12.7441 -45.6986 -27.5995
      vertex 10.7886 -44.5167 -29.0856
    endloop
  endfacet
  facet normal -0.605075 4.12196e-05 0.796168
    outer loop
      vertex 10.5263 -45.5448 -29.285
      vertex 12.7441 -45.6986 -27.5995
      vertex 10.7819 -44.5432 -29.0908
    endloop
  endfacet
  facet normal -0.605076 2.79723e-05 0.796168
    outer loop
      vertex 12.7441 -45.6986 -27.5995
      vertex 10.5263 -45.5448 -29.285
      vertex 11.7002 -47.0727 -28.3928
    endloop
  endfacet
  facet normal -0.605123 -2.88869e-05 0.796132
    outer loop
      vertex 10.1627 -46.5281 -29.5614
      vertex 11.7002 -47.0727 -28.3928
      vertex 10.5263 -45.5448 -29.285
    endloop
  endfacet
  facet normal -0.605118 -6.89063e-06 0.796136
    outer loop
      vertex 11.7002 -47.0727 -28.3928
      vertex 10.1627 -46.5281 -29.5614
      vertex 10.9958 -48 -28.9282
    endloop
  endfacet
  facet normal -0.605095 1.31791e-05 0.796153
    outer loop
      vertex 9.71151 -47.4363 -29.9043
      vertex 10.9958 -48 -28.9282
      vertex 10.1627 -46.5281 -29.5614
    endloop
  endfacet
  facet normal -0.60432 0.00278933 0.796737
    outer loop
      vertex 9.70113 -47.4572 -29.9121
      vertex 10.9958 -48 -28.9282
      vertex 9.71151 -47.4363 -29.9043
    endloop
  endfacet
  facet normal -0.605657 -0.00223657 0.795723
    outer loop
      vertex 9.68872 -47.4765 -29.9216
      vertex 10.9958 -48 -28.9282
      vertex 9.70113 -47.4572 -29.9121
    endloop
  endfacet
  facet normal -0.605091 1.55546e-07 0.796157
    outer loop
      vertex 10.9958 -48 -28.9282
      vertex 9.68872 -47.4765 -29.9216
      vertex 9.3532 -48 -30.1766
    endloop
  endfacet
  facet normal -0.605083 0 0.796162
    outer loop
      vertex 3 -12 -35.005
      vertex 26.6908 -12.7574 -17
      vertex 26.6908 -12 -17
    endloop
  endfacet
  facet normal -0.605083 0 0.796162
    outer loop
      vertex 26.6908 -12.7574 -17
      vertex 3 -12 -35.005
      vertex 3 -30.7624 -35.005
    endloop
  endfacet
  facet normal 0 -1 0
    outer loop
      vertex -3 -12 -35.005
      vertex 26.6908 -12 -17
      vertex -26.6908 -12 -17
    endloop
  endfacet
  facet normal 0 -1 0
    outer loop
      vertex 26.6908 -12 -17
      vertex -3 -12 -35.005
      vertex 3 -12 -35.005
    endloop
  endfacet
  facet normal -9.98362e-05 -0.500046 0.865999
    outer loop
      vertex 22 -46.5 -28.0622
      vertex 21.9663 -45.9058 -27.7191
      vertex 18.2998 -41.1536 -24.9755
    endloop
  endfacet
  facet normal 0.74085 0.581684 0.335836
    outer loop
      vertex 9.81639 -50.5631 -30.408
      vertex 9.58893 -50.3458 -30.2826
      vertex 9.58893 -51.0575 -29.0499
    endloop
  endfacet
  facet normal 0.740919 0.581618 0.335797
    outer loop
      vertex 9.58893 -78.8458 19.0809
      vertex 10.0503 -53.2816 -26.2156
      vertex 9.58893 -52.8408 -25.9611
    endloop
  endfacet
  facet normal 0.740919 0.581618 0.335797
    outer loop
      vertex 10.0503 -53.2816 -26.2156
      vertex 9.58893 -78.8458 19.0809
      vertex 10.0503 -79.2866 18.8264
    endloop
  endfacet
  facet normal -6.94949e-06 -0.499993 0.86603
    outer loop
      vertex 21.9663 -45.9058 -27.7191
      vertex 21.1734 -43.6423 -26.4123
      vertex 18.2998 -41.1536 -24.9755
    endloop
  endfacet
  facet normal 3.9243e-05 -0.500046 0.865999
    outer loop
      vertex 15.1209 -42.5698 -25.7931
      vertex 18.2998 -41.1536 -24.9755
      vertex 16.4943 -40.762 -24.7493
    endloop
  endfacet
  facet normal 9.71681e-06 -0.499996 0.866027
    outer loop
      vertex 18.2998 -41.1536 -24.9755
      vertex 15.1209 -42.5698 -25.7931
      vertex 16.2679 -50 -30.0829
    endloop
  endfacet
  facet normal 0 -0.499998 0.866027
    outer loop
      vertex 16.2679 -50 -30.0829
      vertex 15.1209 -42.5698 -25.7931
      vertex 15.5424 -50 -30.0829
    endloop
  endfacet
  facet normal -0.0490207 0.864984 0.499399
    outer loop
      vertex 15.6861 -55.028 -27.2239
      vertex 15.0553 -81.0598 17.8026
      vertex 15.6861 -81.033 17.8181
    endloop
  endfacet
  facet normal -0.047805 0.865028 0.499441
    outer loop
      vertex 15.0553 -81.0598 17.8026
      vertex 15.6861 -55.028 -27.2239
      vertex 15.6309 -55.0303 -27.2252
    endloop
  endfacet
  facet normal -0.000768691 -0.500874 0.86552
    outer loop
      vertex 19.4408 -41.8139 -25.3566
      vertex 18.889 -41.4595 -25.152
      vertex 18.2998 -41.1536 -24.9755
    endloop
  endfacet
  facet normal -0.998796 -0.0424838 -0.024528
    outer loop
      vertex 22 -46.5 -28.0622
      vertex 21.9663 -74.4058 21.6443
      vertex 21.9663 -45.9058 -27.7191
    endloop
  endfacet
  facet normal -0.998796 -0.0424869 -0.0245298
    outer loop
      vertex 21.9663 -74.4058 21.6443
      vertex 22 -46.5 -28.0622
      vertex 22 -75 21.3013
    endloop
  endfacet
  facet normal -0.146849 0.856637 0.494579
    outer loop
      vertex 15.7408 -55.021 -27.2198
      vertex 15.6861 -81.033 17.8181
      vertex 16.3108 -80.9527 17.8645
    endloop
  endfacet
  facet normal -0.146699 0.856656 0.49459
    outer loop
      vertex 15.6861 -81.033 17.8181
      vertex 15.7408 -55.021 -27.2198
      vertex 15.6861 -55.028 -27.2239
    endloop
  endfacet
  facet normal -0.242984 -0.840159 -0.484863
    outer loop
      vertex 17.032 -40.6989 -24.7129
      vertex 17.032 -40.9137 -24.3407
      vertex 16.6115 -40.6077 -24.6602
    endloop
  endfacet
  facet normal -0.242984 -0.840071 -0.485015
    outer loop
      vertex 16.3656 -45.5394 -15.995
      vertex 17.032 -69.1989 24.6506
      vertex 16.3656 -69.0543 24.734
    endloop
  endfacet
  facet normal -0.242923 -0.840084 -0.485024
    outer loop
      vertex 17.032 -69.1989 24.6506
      vertex 16.3656 -45.5394 -15.995
      vertex 17.032 -45.7321 -15.995
    endloop
  endfacet
  facet normal 0.0490422 -0.864983 -0.499398
    outer loop
      vertex 15 -45.3841 -15.995
      vertex 14.3139 -68.967 24.7844
      vertex 14.3139 -45.423 -15.995
    endloop
  endfacet
  facet normal 0.0491142 -0.864981 -0.499396
    outer loop
      vertex 14.3139 -68.967 24.7844
      vertex 15 -45.3841 -15.995
      vertex 15 -68.9378 24.8013
    endloop
  endfacet
  facet normal -0.000290808 -0.50012 0.865956
    outer loop
      vertex 21.6986 -44.7402 -27.0462
      vertex 21.4672 -44.1801 -26.7228
      vertex 21.1734 -43.6423 -26.4123
    endloop
  endfacet
  facet normal -0.998796 0.0424869 0.0245298
    outer loop
      vertex 21.9663 -47.0942 -28.4052
      vertex 22 -75 21.3013
      vertex 22 -46.5 -28.0622
    endloop
  endfacet
  facet normal -0.998796 0.0424838 0.024528
    outer loop
      vertex 22 -75 21.3013
      vertex 21.9663 -47.0942 -28.4052
      vertex 21.9663 -75.5942 20.9582
    endloop
  endfacet
  facet normal -5.41839e-07 -0.499995 0.866028
    outer loop
      vertex 18.2998 -50 -30.0829
      vertex 22 -46.5 -28.0622
      vertex 18.2998 -41.1536 -24.9755
    endloop
  endfacet
  facet normal 0 -0.499995 0.866028
    outer loop
      vertex 22 -46.5 -28.0622
      vertex 18.2998 -50 -30.0829
      vertex 19.5776 -50 -30.0829
    endloop
  endfacet
  facet normal -0.903939 -0.370364 -0.213834
    outer loop
      vertex 21.4672 -44.1801 -26.7228
      vertex 21.1734 -46.6556 -21.1932
      vertex 21.1734 -43.6423 -26.4123
    endloop
  endfacet
  facet normal -0.903931 -0.37038 -0.21384
    outer loop
      vertex 21.1734 -46.6556 -21.1932
      vertex 21.4672 -44.1801 -26.7228
      vertex 21.4672 -47.5015 -20.97
    endloop
  endfacet
  facet normal -0.903939 -0.370365 -0.21383
    outer loop
      vertex 21.4672 -72.6801 22.6407
      vertex 21.1734 -48 -18.8645
      vertex 21.4672 -48 -20.1065
    endloop
  endfacet
  facet normal -0.903939 -0.370366 -0.213831
    outer loop
      vertex 21.1734 -48 -18.8645
      vertex 21.4672 -72.6801 22.6407
      vertex 21.1734 -72.1423 22.9512
    endloop
  endfacet
  facet normal 0.0490207 0.864984 0.499399
    outer loop
      vertex 14.9447 -81.0598 17.8026
      vertex 14.3139 -55.028 -27.2239
      vertex 14.3139 -81.033 17.8181
    endloop
  endfacet
  facet normal 0.047805 0.865028 0.499441
    outer loop
      vertex 14.3139 -55.028 -27.2239
      vertex 14.9447 -81.0598 17.8026
      vertex 14.3691 -55.0303 -27.2252
    endloop
  endfacet
  facet normal -0.000253173 -0.500206 0.865907
    outer loop
      vertex 21.1734 -43.6423 -26.4123
      vertex 19.4408 -41.8139 -25.3566
      vertex 18.2998 -41.1536 -24.9755
    endloop
  endfacet
  facet normal 0 -0.499995 0.866028
    outer loop
      vertex 18.2998 -50 -30.0829
      vertex 18.2998 -41.1536 -24.9755
      vertex 16.2679 -50 -30.0829
    endloop
  endfacet
  facet normal -0.00116004 -0.499883 0.866092
    outer loop
      vertex 21.9663 -47.0942 -28.4052
      vertex 22 -46.5 -28.0622
      vertex 21.8655 -47.6827 -28.745
    endloop
  endfacet
  facet normal 0.000200176 -0.499989 0.866032
    outer loop
      vertex 14.8595 -42.9139 -25.9917
      vertex 15.5424 -50 -30.0829
      vertex 15.1209 -42.5698 -25.7931
    endloop
  endfacet
  facet normal 0 -0.500004 0.866023
    outer loop
      vertex 15.5424 -50 -30.0829
      vertex 14.8595 -42.9139 -25.9917
      vertex 14.4576 -50 -30.0829
    endloop
  endfacet
  facet normal 0 -0.499995 0.866028
    outer loop
      vertex 20.5539 -50 -30.0829
      vertex 22 -46.5 -28.0622
      vertex 20.326 -50 -30.0829
    endloop
  endfacet
  facet normal 0.904027 0.370195 0.213754
    outer loop
      vertex 8.53284 -49.5501 -28.1367
      vertex 8.82655 -49.3577 -29.7121
      vertex 8.68262 -49.0941 -29.5599
    endloop
  endfacet
  facet normal 0.90399 0.370273 0.213778
    outer loop
      vertex 8.82655 -77.8577 19.6514
      vertex 8.53284 -49.5501 -28.1367
      vertex 8.53284 -77.3199 19.9619
    endloop
  endfacet
  facet normal 0.90401 0.370235 0.213755
    outer loop
      vertex 8.53284 -49.5501 -28.1367
      vertex 8.82655 -77.8577 19.6514
      vertex 8.82655 -49.3577 -29.7121
    endloop
  endfacet
  facet normal 0.146849 0.856637 0.494579
    outer loop
      vertex 14.3139 -81.033 17.8181
      vertex 14.2592 -55.021 -27.2198
      vertex 13.6892 -80.9527 17.8645
    endloop
  endfacet
  facet normal 0.146699 0.856656 0.49459
    outer loop
      vertex 14.2592 -55.021 -27.2198
      vertex 14.3139 -81.033 17.8181
      vertex 14.3139 -55.028 -27.2239
    endloop
  endfacet
  facet normal 0.427459 0.782917 0.452018
    outer loop
      vertex 12.3212 -80.6007 18.0677
      vertex 11.7002 -54.3414 -26.8274
      vertex 11.7002 -80.3464 18.2145
    endloop
  endfacet
  facet normal 0.427518 0.782893 0.452003
    outer loop
      vertex 11.7002 -54.3414 -26.8274
      vertex 12.3212 -80.6007 18.0677
      vertex 12.3212 -54.5957 -26.9743
    endloop
  endfacet
  facet normal 0.90399 -0.370273 -0.213777
    outer loop
      vertex 8.53284 -72.6801 22.6407
      vertex 8.82655 -52.0066 -11.9249
      vertex 8.82655 -72.1423 22.9512
    endloop
  endfacet
  facet normal 0.903995 -0.370263 -0.213771
    outer loop
      vertex 8.82655 -52.0066 -11.9249
      vertex 8.53284 -72.6801 22.6407
      vertex 8.53284 -52.2703 -12.7102
    endloop
  endfacet
  facet normal -0.000449721 -0.501879 0.864938
    outer loop
      vertex 16.6044 -40.617 -24.6656
      vertex 17.032 -40.6989 -24.7129
      vertex 16.6115 -40.6077 -24.6602
    endloop
  endfacet
  facet normal 8.18011e-05 -0.499799 0.866142
    outer loop
      vertex 17.032 -40.6989 -24.7129
      vertex 16.6044 -40.617 -24.6656
      vertex 17.6788 -40.8993 -24.8286
    endloop
  endfacet
  facet normal 0.000688832 -0.499615 0.866248
    outer loop
      vertex 21.1734 -43.6423 -26.4123
      vertex 20.8203 -43.132 -26.1177
      vertex 20.4111 -42.6542 -25.8418
    endloop
  endfacet
  facet normal -0.430428 -0.781701 -0.451304
    outer loop
      vertex 17.6788 -40.8993 -24.8286
      vertex 17.6902 -41.4761 -23.8404
      vertex 17.6788 -41.4648 -23.8491
    endloop
  endfacet
  facet normal -0.427505 -0.782898 -0.452007
    outer loop
      vertex 17.6788 -45.9994 -15.995
      vertex 18.2497 -69.6331 24.3998
      vertex 17.6788 -69.3993 24.5348
    endloop
  endfacet
  facet normal -0.427405 -0.782938 -0.452032
    outer loop
      vertex 18.2497 -69.6331 24.3998
      vertex 17.6788 -45.9994 -15.995
      vertex 17.7812 -46.0553 -15.995
    endloop
  endfacet
  facet normal 0.00102361 -0.49979 0.866146
    outer loop
      vertex 21.9663 -45.9058 -27.7191
      vertex 21.8655 -45.3173 -27.3794
      vertex 21.6986 -44.7402 -27.0462
    endloop
  endfacet
  facet normal 0.000263768 -0.499921 0.866071
    outer loop
      vertex 21.9663 -45.9058 -27.7191
      vertex 21.6986 -44.7402 -27.0462
      vertex 21.1734 -43.6423 -26.4123
    endloop
  endfacet
  facet normal -0.595677 -0.695615 -0.401608
    outer loop
      vertex 19.4408 -41.8139 -25.3566
      vertex 18.889 -42.7427 -22.9294
      vertex 18.889 -41.4595 -25.152
    endloop
  endfacet
  facet normal -0.595702 -0.695595 -0.401605
    outer loop
      vertex 18.889 -42.7427 -22.9294
      vertex 19.4408 -41.8139 -25.3566
      vertex 19.4408 -43.4574 -22.51
    endloop
  endfacet
  facet normal -0.595677 -0.695612 -0.401612
    outer loop
      vertex 18.889 -46.7463 -15.995
      vertex 19.4408 -70.3139 24.0068
      vertex 18.889 -69.9595 24.2114
    endloop
  endfacet
  facet normal -0.595656 -0.695625 -0.40162
    outer loop
      vertex 19.4408 -70.3139 24.0068
      vertex 18.889 -46.7463 -15.995
      vertex 19.4408 -47.2188 -15.995
    endloop
  endfacet
  facet normal 4.53757e-05 -0.500009 0.86602
    outer loop
      vertex 20.5539 -50 -30.0829
      vertex 21.4672 -48.8199 -29.4016
      vertex 22 -46.5 -28.0622
    endloop
  endfacet
  facet normal 0 -0.499983 0.866035
    outer loop
      vertex 21.4672 -48.8199 -29.4016
      vertex 20.5539 -50 -30.0829
      vertex 20.6504 -50 -30.0829
    endloop
  endfacet
  facet normal 9.51805e-05 -0.499958 0.86605
    outer loop
      vertex 21.1734 -43.6423 -26.4123
      vertex 20.4111 -42.6542 -25.8418
      vertex 19.4408 -41.8139 -25.3566
    endloop
  endfacet
  facet normal -0.989177 0.127069 0.0733631
    outer loop
      vertex 21.8655 -50 -24.7313
      vertex 21.9663 -47.0942 -28.4052
      vertex 21.8655 -47.6827 -28.745
    endloop
  endfacet
  facet normal -0.989198 0.126957 0.0732739
    outer loop
      vertex 21.8959 -50 -24.3209
      vertex 21.9663 -47.0942 -28.4052
      vertex 21.8655 -50 -24.7313
    endloop
  endfacet
  facet normal -0.989165 0.127139 0.0734037
    outer loop
      vertex 21.8959 -50 -24.3209
      vertex 21.9663 -75.5942 20.9582
      vertex 21.9663 -47.0942 -28.4052
    endloop
  endfacet
  facet normal -0.989203 0.126918 0.073279
    outer loop
      vertex 21.8655 -50.1777 -24.4235
      vertex 21.9663 -75.5942 20.9582
      vertex 21.8959 -50 -24.3209
    endloop
  endfacet
  facet normal -0.989175 0.127078 0.0733686
    outer loop
      vertex 21.9663 -75.5942 20.9582
      vertex 21.8655 -50.1777 -24.4235
      vertex 21.8655 -76.1827 20.6185
    endloop
  endfacet
  facet normal -0.145553 0.856803 0.494675
    outer loop
      vertex 16.3656 -54.9407 -27.1735
      vertex 16.3108 -80.9527 17.8645
      vertex 16.3656 -80.9457 17.8685
    endloop
  endfacet
  facet normal -0.146748 0.85665 0.494586
    outer loop
      vertex 16.3108 -80.9527 17.8645
      vertex 16.3656 -54.9407 -27.1735
      vertex 15.7408 -55.021 -27.2198
    endloop
  endfacet
  facet normal 0 -0.499995 0.866028
    outer loop
      vertex 20.326 -50 -30.0829
      vertex 22 -46.5 -28.0622
      vertex 19.5776 -50 -30.0829
    endloop
  endfacet
  facet normal -1.40048e-05 -0.500025 0.866011
    outer loop
      vertex 9.03269 -48.6591 -29.3087
      vertex 10.0597 -50.3133 -30.2638
      vertex 10.3119 -50 -30.0829
    endloop
  endfacet
  facet normal 0.00113729 -0.499489 0.86632
    outer loop
      vertex 10.0373 -50.3385 -30.2783
      vertex 10.0597 -50.3133 -30.2638
      vertex 9.03269 -48.6591 -29.3087
    endloop
  endfacet
  facet normal 0.00363593 -0.501152 0.865351
    outer loop
      vertex 10.0597 -50.3133 -30.2638
      vertex 10.0373 -50.3385 -30.2783
      vertex 10.0491 -50.3265 -30.2714
    endloop
  endfacet
  facet normal 0 -0.499997 0.866027
    outer loop
      vertex 9.26756 -48.3315 -29.1196
      vertex 10.3119 -50 -30.0829
      vertex 10.4224 -50 -30.0829
    endloop
  endfacet
  facet normal 0.000118393 -0.499941 0.866059
    outer loop
      vertex 9.14616 -48.5181 -29.2273
      vertex 10.3119 -50 -30.0829
      vertex 9.26756 -48.3315 -29.1196
    endloop
  endfacet
  facet normal 0.000488346 -0.499723 0.866185
    outer loop
      vertex 9.12568 -48.5436 -29.242
      vertex 10.3119 -50 -30.0829
      vertex 9.14616 -48.5181 -29.2273
    endloop
  endfacet
  facet normal -5.69935e-05 -0.500056 0.865993
    outer loop
      vertex 9.03269 -48.6591 -29.3087
      vertex 10.3119 -50 -30.0829
      vertex 9.12568 -48.5436 -29.242
    endloop
  endfacet
  facet normal -0.000164129 -0.500073 0.865983
    outer loop
      vertex 10.0373 -50.3385 -30.2783
      vertex 9.03269 -48.6591 -29.3087
      vertex 9.90182 -50.4763 -30.3579
    endloop
  endfacet
  facet normal -1.96095e-05 -0.500005 0.866023
    outer loop
      vertex 10.9958 -48 -28.9282
      vertex 11.7002 -50 -30.0829
      vertex 11.7002 -47.0727 -28.3928
    endloop
  endfacet
  facet normal 0 -0.5 0.866026
    outer loop
      vertex 10.9958 -48 -28.9282
      vertex 10.4224 -50 -30.0829
      vertex 11.7002 -50 -30.0829
    endloop
  endfacet
  facet normal 0 -0.500016 0.866016
    outer loop
      vertex 9.26756 -48.3315 -29.1196
      vertex 10.9958 -48 -28.9282
      vertex 9.48313 -48 -28.9282
    endloop
  endfacet
  facet normal -4.49398e-06 -0.499999 0.866026
    outer loop
      vertex 10.9958 -48 -28.9282
      vertex 9.26756 -48.3315 -29.1196
      vertex 10.4224 -50 -30.0829
    endloop
  endfacet
  facet normal -0.0492793 0.864974 0.499391
    outer loop
      vertex 15.6309 -55.0303 -27.2252
      vertex 15 -81.0622 17.8013
      vertex 15.0553 -81.0598 17.8026
    endloop
  endfacet
  facet normal -0.0491497 0.864979 0.499396
    outer loop
      vertex 15 -81.0622 17.8013
      vertex 15.6309 -55.0303 -27.2252
      vertex 15 -55.0572 -27.2407
    endloop
  endfacet
  facet normal 0.989179 -0.127057 -0.0733562
    outer loop
      vertex 8.03371 -74.4058 21.6443
      vertex 8.1345 -52.2567 -15.36
      vertex 8.1345 -73.8173 21.9841
    endloop
  endfacet
  facet normal 0.989179 -0.12706 -0.0733583
    outer loop
      vertex 8.1345 -52.2567 -15.36
      vertex 8.03371 -74.4058 21.6443
      vertex 8.03371 -52.0743 -17.035
    endloop
  endfacet
  facet normal 0.000107739 -0.499725 0.866184
    outer loop
      vertex 17.6788 -40.8993 -24.8286
      vertex 16.6044 -40.617 -24.6656
      vertex 16.5723 -40.6593 -24.69
    endloop
  endfacet
  facet normal -0.803205 -0.515891 -0.297856
    outer loop
      vertex 20.8203 -43.132 -26.1177
      vertex 20.4111 -45.0036 -21.7726
      vertex 20.4111 -42.6542 -25.8418
    endloop
  endfacet
  facet normal -0.803184 -0.515918 -0.297866
    outer loop
      vertex 20.4111 -45.0036 -21.7726
      vertex 20.8203 -43.132 -26.1177
      vertex 20.8203 -45.8202 -21.4616
    endloop
  endfacet
  facet normal -0.803211 -0.515887 -0.297847
    outer loop
      vertex 20.8203 -71.632 23.2458
      vertex 20.4111 -48 -16.5826
      vertex 20.8203 -48 -17.6861
    endloop
  endfacet
  facet normal -0.803244 -0.515848 -0.297825
    outer loop
      vertex 20.4111 -48 -16.5826
      vertex 20.7829 -71.5884 23.2709
      vertex 20.4111 -71.1542 23.5216
    endloop
  endfacet
  facet normal -0.802531 -0.516671 -0.298319
    outer loop
      vertex 20.4111 -48 -16.5826
      vertex 20.8203 -71.632 23.2458
      vertex 20.7829 -71.5884 23.2709
    endloop
  endfacet
  facet normal 0.427525 -0.78289 -0.452001
    outer loop
      vertex 12.2188 -46.0553 -15.995
      vertex 11.7002 -69.6536 24.388
      vertex 11.7002 -46.3385 -15.995
    endloop
  endfacet
  facet normal 0.426935 -0.783128 -0.452148
    outer loop
      vertex 11.7002 -69.6536 24.388
      vertex 12.2188 -46.0553 -15.995
      vertex 11.7503 -69.6331 24.3998
    endloop
  endfacet
  facet normal -9.54561e-05 -0.500057 0.865992
    outer loop
      vertex 9.58893 -50.3458 -30.2826
      vertex 8.93977 -48.7746 -29.3754
      vertex 8.70414 -49.0674 -29.5445
    endloop
  endfacet
  facet normal 0.336855 0.815412 0.470778
    outer loop
      vertex 12.968 -80.8011 17.952
      vertex 12.3212 -54.5957 -26.9743
      vertex 12.3212 -80.6007 18.0677
    endloop
  endfacet
  facet normal 0.336855 0.815412 0.470778
    outer loop
      vertex 12.3212 -54.5957 -26.9743
      vertex 12.968 -80.8011 17.952
      vertex 12.968 -54.7961 -27.09
    endloop
  endfacet
  facet normal -0.941551 -0.291738 -0.168436
    outer loop
      vertex 21.6986 -44.7402 -27.0462
      vertex 21.4672 -47.5015 -20.97
      vertex 21.4672 -44.1801 -26.7228
    endloop
  endfacet
  facet normal -0.941596 -0.291623 -0.168385
    outer loop
      vertex 21.6986 -44.7402 -27.0462
      vertex 21.6031 -48 -20.8666
      vertex 21.4672 -47.5015 -20.97
    endloop
  endfacet
  facet normal -0.941609 -0.2916 -0.168352
    outer loop
      vertex 21.6986 -73.2402 22.3173
      vertex 21.4672 -48 -20.1065
      vertex 21.6031 -48 -20.8666
    endloop
  endfacet
  facet normal -0.941473 -0.291927 -0.168544
    outer loop
      vertex 21.6986 -73.2402 22.3173
      vertex 21.6031 -48 -20.8666
      vertex 21.6986 -44.7402 -27.0462
    endloop
  endfacet
  facet normal -0.941695 -0.29139 -0.168234
    outer loop
      vertex 21.4672 -48 -20.1065
      vertex 21.4883 -72.7312 22.6111
      vertex 21.4672 -72.6801 22.6407
    endloop
  endfacet
  facet normal -0.941536 -0.291773 -0.168456
    outer loop
      vertex 21.4672 -48 -20.1065
      vertex 21.6986 -73.2402 22.3173
      vertex 21.4883 -72.7312 22.6111
    endloop
  endfacet
  facet normal -0.941551 0.291739 0.168435
    outer loop
      vertex 21.4672 -50 -27.3576
      vertex 21.6986 -48.2598 -29.0782
      vertex 21.4672 -48.8199 -29.4016
    endloop
  endfacet
  facet normal -0.941555 0.291731 0.168426
    outer loop
      vertex 21.6986 -48.2598 -29.0782
      vertex 21.4672 -50 -27.3576
      vertex 21.6986 -50 -26.064
    endloop
  endfacet
  facet normal -0.941604 0.291609 0.16836
    outer loop
      vertex 21.4672 -77.3199 19.9619
      vertex 21.4883 -51.2638 -25.0506
      vertex 21.4672 -51.3149 -25.0801
    endloop
  endfacet
  facet normal -0.941545 0.291752 0.168443
    outer loop
      vertex 21.4883 -51.2638 -25.0506
      vertex 21.6986 -76.7598 20.2853
      vertex 21.6986 -50.7548 -24.7567
    endloop
  endfacet
  facet normal -0.941551 0.291739 0.168436
    outer loop
      vertex 21.4883 -51.2638 -25.0506
      vertex 21.4672 -77.3199 19.9619
      vertex 21.6986 -76.7598 20.2853
    endloop
  endfacet
  facet normal 7.45649e-05 -0.500022 0.866013
    outer loop
      vertex 20.6504 -50 -30.0829
      vertex 20.8203 -49.868 -30.0067
      vertex 21.4672 -48.8199 -29.4016
    endloop
  endfacet
  facet normal 0 -0.49995 0.866054
    outer loop
      vertex 20.8203 -49.868 -30.0067
      vertex 20.6504 -50 -30.0829
      vertex 20.7072 -50 -30.0829
    endloop
  endfacet
  facet normal 0.000265826 -0.50011 0.865962
    outer loop
      vertex 21.1734 -49.3577 -29.7121
      vertex 21.4672 -48.8199 -29.4016
      vertex 20.8203 -49.868 -30.0067
    endloop
  endfacet
  facet normal -0.243052 0.840056 0.485006
    outer loop
      vertex 17.032 -54.7961 -27.09
      vertex 16.3656 -80.9457 17.8685
      vertex 17.032 -80.8011 17.952
    endloop
  endfacet
  facet normal -0.243052 0.840056 0.485006
    outer loop
      vertex 16.3656 -80.9457 17.8685
      vertex 17.032 -54.7961 -27.09
      vertex 16.3656 -54.9407 -27.1735
    endloop
  endfacet
  facet normal -0.514172 0.742779 0.428844
    outer loop
      vertex 18.889 -54.0355 -26.6509
      vertex 18.2998 -80.3464 18.2145
      vertex 18.889 -80.0405 18.3911
    endloop
  endfacet
  facet normal -0.514118 0.742806 0.42886
    outer loop
      vertex 18.2998 -80.3464 18.2145
      vertex 18.889 -54.0355 -26.6509
      vertex 18.2998 -54.3414 -26.8274
    endloop
  endfacet
  facet normal -0.427459 0.782917 0.452018
    outer loop
      vertex 18.2998 -54.3414 -26.8274
      vertex 17.6788 -80.6007 18.0677
      vertex 18.2998 -80.3464 18.2145
    endloop
  endfacet
  facet normal -0.427518 0.782893 0.452003
    outer loop
      vertex 17.6788 -80.6007 18.0677
      vertex 18.2998 -54.3414 -26.8274
      vertex 17.6788 -54.5957 -26.9743
    endloop
  endfacet
  facet normal -0.336855 0.815412 0.470778
    outer loop
      vertex 17.6788 -54.5957 -26.9743
      vertex 17.032 -80.8011 17.952
      vertex 17.6788 -80.6007 18.0677
    endloop
  endfacet
  facet normal -0.336855 0.815412 0.470778
    outer loop
      vertex 17.032 -80.8011 17.952
      vertex 17.6788 -54.5957 -26.9743
      vertex 17.032 -54.7961 -27.09
    endloop
  endfacet
  facet normal -0.740897 0.581639 0.335809
    outer loop
      vertex 19.9497 -53.2816 -26.2156
      vertex 20.4111 -78.8458 19.0809
      vertex 20.4111 -52.8408 -25.9611
    endloop
  endfacet
  facet normal -0.740897 0.581639 0.335809
    outer loop
      vertex 20.4111 -78.8458 19.0809
      vertex 19.9497 -53.2816 -26.2156
      vertex 19.9497 -79.2866 18.8264
    endloop
  endfacet
  facet normal -0.671589 0.641659 0.370462
    outer loop
      vertex 19.4408 -53.6811 -26.4462
      vertex 19.9497 -79.2866 18.8264
      vertex 19.9497 -53.2816 -26.2156
    endloop
  endfacet
  facet normal -0.671629 0.641628 0.370445
    outer loop
      vertex 19.9497 -79.2866 18.8264
      vertex 19.4408 -53.6811 -26.4462
      vertex 19.4408 -79.6861 18.5957
    endloop
  endfacet
  facet normal -0.803054 0.51611 0.297886
    outer loop
      vertex 20.8203 -50 -29.778
      vertex 20.8203 -49.868 -30.0067
      vertex 20.7072 -50 -30.0829
    endloop
  endfacet
  facet normal -0.802815 0.516349 0.298114
    outer loop
      vertex 20.7829 -52.4066 -25.7104
      vertex 20.8203 -78.368 19.3568
      vertex 20.8203 -52.363 -25.6852
    endloop
  endfacet
  facet normal -0.803244 0.515848 0.297826
    outer loop
      vertex 20.4111 -52.8408 -25.9611
      vertex 20.8203 -78.368 19.3568
      vertex 20.7829 -52.4066 -25.7104
    endloop
  endfacet
  facet normal -0.803205 0.515894 0.297851
    outer loop
      vertex 20.8203 -78.368 19.3568
      vertex 20.4111 -52.8408 -25.9611
      vertex 20.4111 -78.8458 19.0809
    endloop
  endfacet
  facet normal 0.970028 0.210437 0.121496
    outer loop
      vertex 8.23224 -76.5206 20.4234
      vertex 8.1345 -50.87 -23.2244
      vertex 8.1345 -76.1827 20.6185
    endloop
  endfacet
  facet normal 0.970036 0.210412 0.121481
    outer loop
      vertex 8.30142 -76.7598 20.2853
      vertex 8.1345 -50.87 -23.2244
      vertex 8.23224 -76.5206 20.4234
    endloop
  endfacet
  facet normal 0.970032 0.210425 0.121489
    outer loop
      vertex 8.1345 -50.87 -23.2244
      vertex 8.30142 -76.7598 20.2853
      vertex 8.30142 -50.2625 -25.6094
    endloop
  endfacet
  facet normal -4.54447e-05 -0.499862 0.866105
    outer loop
      vertex 9.90182 -50.4763 -30.3579
      vertex 9.58893 -50.3458 -30.2826
      vertex 9.81639 -50.5631 -30.408
    endloop
  endfacet
  facet normal -0.000162557 -0.500072 0.865984
    outer loop
      vertex 9.03269 -48.6591 -29.3087
      vertex 9.58893 -50.3458 -30.2826
      vertex 9.90182 -50.4763 -30.3579
    endloop
  endfacet
  facet normal -6.83474e-05 -0.500049 0.865997
    outer loop
      vertex 9.58893 -50.3458 -30.2826
      vertex 9.03269 -48.6591 -29.3087
      vertex 8.93977 -48.7746 -29.3754
    endloop
  endfacet
  facet normal 0.670253 -0.642706 -0.371066
    outer loop
      vertex 10.5592 -70.3139 24.0068
      vertex 10.5263 -48.1673 -14.4117
      vertex 10.5592 -47.9905 -14.6585
    endloop
  endfacet
  facet normal 0.671714 -0.64156 -0.370407
    outer loop
      vertex 10.5592 -70.3139 24.0068
      vertex 10.1627 -49.4859 -12.7872
      vertex 10.5263 -48.1673 -14.4117
    endloop
  endfacet
  facet normal 0.671597 -0.641653 -0.370458
    outer loop
      vertex 10.5592 -70.3139 24.0068
      vertex 10.0503 -49.7816 -12.4788
      vertex 10.1627 -49.4859 -12.7872
    endloop
  endfacet
  facet normal 0.671629 -0.641628 -0.370444
    outer loop
      vertex 10.0503 -49.7816 -12.4788
      vertex 10.5592 -70.3139 24.0068
      vertex 10.0503 -70.7134 23.7761
    endloop
  endfacet
  facet normal 0.857777 -0.445156 -0.257009
    outer loop
      vertex 8.82655 -72.1423 22.9512
      vertex 8.99809 -51.8138 -11.6865
      vertex 9.14616 -51.6473 -11.4807
    endloop
  endfacet
  facet normal 0.857611 -0.445396 -0.257149
    outer loop
      vertex 9.17971 -71.632 23.2458
      vertex 9.14616 -51.6473 -11.4807
      vertex 9.17971 -51.5939 -11.4613
    endloop
  endfacet
  facet normal 0.857737 -0.445215 -0.257044
    outer loop
      vertex 8.82655 -72.1423 22.9512
      vertex 9.14616 -51.6473 -11.4807
      vertex 9.17971 -71.632 23.2458
    endloop
  endfacet
  facet normal 0.857707 -0.445258 -0.257069
    outer loop
      vertex 8.99809 -51.8138 -11.6865
      vertex 8.82655 -72.1423 22.9512
      vertex 8.82655 -52.0066 -11.9249
    endloop
  endfacet
  facet normal 0.998795 -0.0424994 -0.0245371
    outer loop
      vertex 8 -75 21.3013
      vertex 8.03371 -52.0743 -17.035
      vertex 8.03371 -74.4058 21.6443
    endloop
  endfacet
  facet normal 0.998795 -0.0424997 -0.0245372
    outer loop
      vertex 8.03371 -52.0743 -17.035
      vertex 8 -75 21.3013
      vertex 8 -51.7803 -18.9164
    endloop
  endfacet
  facet normal 0.998795 0.0424964 0.0245353
    outer loop
      vertex 8.03371 -75.5942 20.9582
      vertex 8 -51.7803 -18.9164
      vertex 8 -75 21.3013
    endloop
  endfacet
  facet normal 0.998795 0.0424958 0.024535
    outer loop
      vertex 8 -51.7803 -18.9164
      vertex 8.03371 -75.5942 20.9582
      vertex 8.03371 -51.3776 -20.9862
    endloop
  endfacet
  facet normal -0.0491142 -0.864981 -0.499396
    outer loop
      vertex 15 -45.3841 -15.995
      vertex 15.6861 -68.967 24.7844
      vertex 15 -68.9378 24.8013
    endloop
  endfacet
  facet normal -0.0490422 -0.864983 -0.499398
    outer loop
      vertex 15.6861 -68.967 24.7844
      vertex 15 -45.3841 -15.995
      vertex 15.6861 -45.423 -15.995
    endloop
  endfacet
  facet normal -0.513083 -0.743346 -0.429165
    outer loop
      vertex 18.889 -41.4595 -25.152
      vertex 18.889 -42.7427 -22.9294
      vertex 18.8649 -42.7155 -22.9477
    endloop
  endfacet
  facet normal -0.514154 -0.742789 -0.428849
    outer loop
      vertex 18.7888 -46.677 -15.995
      vertex 18.889 -69.9595 24.2114
      vertex 18.3473 -69.6783 24.3738
    endloop
  endfacet
  facet normal -0.513838 -0.742952 -0.428944
    outer loop
      vertex 18.889 -69.9595 24.2114
      vertex 18.7888 -46.677 -15.995
      vertex 18.889 -46.7463 -15.995
    endloop
  endfacet
  facet normal 9.30415e-05 -0.499776 0.866155
    outer loop
      vertex 16.5466 -40.6931 -24.7095
      vertex 17.6788 -40.8993 -24.8286
      vertex 16.5723 -40.6593 -24.69
    endloop
  endfacet
  facet normal -1.97693e-05 -0.50024 0.865887
    outer loop
      vertex 17.6788 -40.8993 -24.8286
      vertex 16.5466 -40.6931 -24.7095
      vertex 18.2998 -41.1536 -24.9755
    endloop
  endfacet
  facet normal -2.98839e-06 -0.500192 0.865914
    outer loop
      vertex 18.2998 -41.1536 -24.9755
      vertex 16.5466 -40.6931 -24.7095
      vertex 16.4943 -40.762 -24.7493
    endloop
  endfacet
  facet normal 0.146746 -0.85665 -0.494587
    outer loop
      vertex 14.3139 -45.423 -15.995
      vertex 13.6344 -69.0543 24.734
      vertex 13.6344 -45.5394 -15.995
    endloop
  endfacet
  facet normal 0.146744 -0.85665 -0.494587
    outer loop
      vertex 13.6344 -69.0543 24.734
      vertex 14.3139 -45.423 -15.995
      vertex 14.3139 -68.967 24.7844
    endloop
  endfacet
  facet normal 0.000400139 -0.4998 0.866141
    outer loop
      vertex 8.70414 -49.0674 -29.5445
      vertex 9.17971 -49.868 -30.0067
      vertex 9.58893 -50.3458 -30.2826
    endloop
  endfacet
  facet normal 0.000243542 -0.49987 0.8661
    outer loop
      vertex 9.17971 -49.868 -30.0067
      vertex 8.70414 -49.0674 -29.5445
      vertex 8.69365 -49.0804 -29.552
    endloop
  endfacet
  facet normal 0.671589 0.641659 0.370462
    outer loop
      vertex 10.0503 -79.2866 18.8264
      vertex 10.5592 -53.6811 -26.4462
      vertex 10.0503 -53.2816 -26.2156
    endloop
  endfacet
  facet normal 0.671629 0.641628 0.370445
    outer loop
      vertex 10.5592 -53.6811 -26.4462
      vertex 10.0503 -79.2866 18.8264
      vertex 10.5592 -79.6861 18.5957
    endloop
  endfacet
  facet normal -0.989175 -0.127078 -0.0733686
    outer loop
      vertex 21.9663 -45.9058 -27.7191
      vertex 21.8655 -73.8173 21.9841
      vertex 21.8655 -45.3173 -27.3794
    endloop
  endfacet
  facet normal -0.989177 -0.127069 -0.0733634
    outer loop
      vertex 21.8655 -73.8173 21.9841
      vertex 21.9663 -45.9058 -27.7191
      vertex 21.9663 -74.4058 21.6443
    endloop
  endfacet
  facet normal -0.970038 0.210404 0.121474
    outer loop
      vertex 21.6986 -50 -26.064
      vertex 21.8655 -47.6827 -28.745
      vertex 21.6986 -48.2598 -29.0782
    endloop
  endfacet
  facet normal -0.970035 0.210414 0.121482
    outer loop
      vertex 21.8655 -47.6827 -28.745
      vertex 21.6986 -50 -26.064
      vertex 21.8655 -50 -24.7313
    endloop
  endfacet
  facet normal -0.970038 0.210403 0.121476
    outer loop
      vertex 21.6986 -50.7548 -24.7567
      vertex 21.8655 -76.1827 20.6185
      vertex 21.8655 -50.1777 -24.4235
    endloop
  endfacet
  facet normal -0.970052 0.210356 0.12145
    outer loop
      vertex 21.6986 -50.7548 -24.7567
      vertex 21.7678 -76.5206 20.4234
      vertex 21.8655 -76.1827 20.6185
    endloop
  endfacet
  facet normal -0.970019 0.210469 0.121514
    outer loop
      vertex 21.7678 -76.5206 20.4234
      vertex 21.6986 -50.7548 -24.7567
      vertex 21.6986 -76.7598 20.2853
    endloop
  endfacet
  facet normal -0.903939 0.370366 0.21383
    outer loop
      vertex 21.1734 -50 -28.5996
      vertex 21.4672 -48.8199 -29.4016
      vertex 21.1734 -49.3577 -29.7121
    endloop
  endfacet
  facet normal -0.903939 0.370366 0.21383
    outer loop
      vertex 21.4672 -48.8199 -29.4016
      vertex 21.1734 -50 -28.5996
      vertex 21.4672 -50 -27.3576
    endloop
  endfacet
  facet normal -0.903939 0.370366 0.213831
    outer loop
      vertex 21.1734 -51.8527 -25.3906
      vertex 21.4672 -77.3199 19.9619
      vertex 21.4672 -51.3149 -25.0801
    endloop
  endfacet
  facet normal -0.903939 0.370366 0.213831
    outer loop
      vertex 21.4672 -77.3199 19.9619
      vertex 21.1734 -51.8527 -25.3906
      vertex 21.1734 -77.8577 19.6514
    endloop
  endfacet
  facet normal -0.514118 -0.742803 -0.428867
    outer loop
      vertex 18.889 -41.4595 -25.152
      vertex 18.2998 -42.0764 -23.3772
      vertex 18.2998 -41.1536 -24.9755
    endloop
  endfacet
  facet normal -0.514117 -0.742804 -0.428867
    outer loop
      vertex 18.2998 -42.0764 -23.3772
      vertex 18.889 -41.4595 -25.152
      vertex 18.8649 -42.7155 -22.9477
    endloop
  endfacet
  facet normal -0.514374 -0.742674 -0.428782
    outer loop
      vertex 18.2998 -46.3385 -15.995
      vertex 18.3473 -69.6783 24.3738
      vertex 18.2998 -69.6536 24.388
    endloop
  endfacet
  facet normal -0.514173 -0.742779 -0.428843
    outer loop
      vertex 18.3473 -69.6783 24.3738
      vertex 18.2998 -46.3385 -15.995
      vertex 18.7888 -46.677 -15.995
    endloop
  endfacet
  facet normal -0.427518 -0.78288 -0.452025
    outer loop
      vertex 18.2998 -41.1536 -24.9755
      vertex 17.6902 -41.4761 -23.8404
      vertex 17.6788 -40.8993 -24.8286
    endloop
  endfacet
  facet normal -0.427493 -0.782899 -0.452017
    outer loop
      vertex 17.6902 -41.4761 -23.8404
      vertex 18.2998 -41.1536 -24.9755
      vertex 18.2998 -42.0764 -23.3772
    endloop
  endfacet
  facet normal -0.426935 -0.783128 -0.452148
    outer loop
      vertex 17.7812 -46.0553 -15.995
      vertex 18.2998 -69.6536 24.388
      vertex 18.2497 -69.6331 24.3998
    endloop
  endfacet
  facet normal -0.427525 -0.78289 -0.452001
    outer loop
      vertex 18.2998 -69.6536 24.388
      vertex 17.7812 -46.0553 -15.995
      vertex 18.2998 -46.3385 -15.995
    endloop
  endfacet
  facet normal -0.857775 0.445192 0.256954
    outer loop
      vertex 20.8203 -50 -29.778
      vertex 21.1734 -49.3577 -29.7121
      vertex 20.8203 -49.868 -30.0067
    endloop
  endfacet
  facet normal -0.857762 0.445178 0.257023
    outer loop
      vertex 21.1734 -49.3577 -29.7121
      vertex 20.8203 -50 -29.778
      vertex 21.1734 -50 -28.5996
    endloop
  endfacet
  facet normal -0.857775 0.445159 0.257012
    outer loop
      vertex 20.8203 -52.363 -25.6852
      vertex 21.1734 -77.8577 19.6514
      vertex 21.1734 -51.8527 -25.3906
    endloop
  endfacet
  facet normal -0.857775 0.445159 0.257012
    outer loop
      vertex 21.1734 -77.8577 19.6514
      vertex 20.8203 -52.363 -25.6852
      vertex 20.8203 -78.368 19.3568
    endloop
  endfacet
  facet normal 2.06324e-05 -0.499994 0.866029
    outer loop
      vertex 11.7002 -47.0727 -28.3928
      vertex 13.7321 -50 -30.0829
      vertex 12.7441 -45.6986 -27.5995
    endloop
  endfacet
  facet normal 0 -0.500005 0.866023
    outer loop
      vertex 13.7321 -50 -30.0829
      vertex 11.7002 -47.0727 -28.3928
      vertex 11.7002 -50 -30.0829
    endloop
  endfacet
  facet normal -1.66664e-05 -0.500003 0.866024
    outer loop
      vertex 12.7441 -45.6986 -27.5995
      vertex 14.4576 -50 -30.0829
      vertex 14.8595 -42.9139 -25.9917
    endloop
  endfacet
  facet normal 0 -0.499998 0.866027
    outer loop
      vertex 14.4576 -50 -30.0829
      vertex 12.7441 -45.6986 -27.5995
      vertex 13.7321 -50 -30.0829
    endloop
  endfacet
  facet normal 0.514172 0.742779 0.428844
    outer loop
      vertex 11.7002 -80.3464 18.2145
      vertex 11.111 -54.0355 -26.6509
      vertex 11.111 -80.0405 18.3911
    endloop
  endfacet
  facet normal 0.514118 0.742806 0.42886
    outer loop
      vertex 11.111 -54.0355 -26.6509
      vertex 11.7002 -80.3464 18.2145
      vertex 11.7002 -54.3414 -26.8274
    endloop
  endfacet
  facet normal 0.941542 0.291761 0.168448
    outer loop
      vertex 8.53284 -77.3199 19.9619
      vertex 8.30142 -50.2625 -25.6094
      vertex 8.30142 -76.7598 20.2853
    endloop
  endfacet
  facet normal 0.941535 0.291776 0.168457
    outer loop
      vertex 8.30142 -50.2625 -25.6094
      vertex 8.53284 -77.3199 19.9619
      vertex 8.50311 -49.6509 -27.796
    endloop
  endfacet
  facet normal 0.941499 0.291863 0.168508
    outer loop
      vertex 8.50311 -49.6509 -27.796
      vertex 8.53284 -77.3199 19.9619
      vertex 8.53284 -49.5501 -28.1367
    endloop
  endfacet
  facet normal -0.000185492 -0.500068 0.865986
    outer loop
      vertex 8.69365 -49.0804 -29.552
      vertex 8.82655 -49.3577 -29.7121
      vertex 9.17971 -49.868 -30.0067
    endloop
  endfacet
  facet normal 0.000479272 -0.499829 0.866124
    outer loop
      vertex 8.82655 -49.3577 -29.7121
      vertex 8.69365 -49.0804 -29.552
      vertex 8.68262 -49.0941 -29.5599
    endloop
  endfacet
  facet normal 0.989178 0.127066 0.0733615
    outer loop
      vertex 8.1345 -76.1827 20.6185
      vertex 8.03371 -51.3776 -20.9862
      vertex 8.03371 -75.5942 20.9582
    endloop
  endfacet
  facet normal 0.989178 0.127066 0.0733616
    outer loop
      vertex 8.03371 -51.3776 -20.9862
      vertex 8.1345 -76.1827 20.6185
      vertex 8.1345 -50.87 -23.2244
    endloop
  endfacet
  facet normal 0.803143 -0.515966 -0.297893
    outer loop
      vertex 9.58893 -71.1542 23.5216
      vertex 9.57377 -50.9026 -11.5961
      vertex 9.58893 -50.876 -11.6013
    endloop
  endfacet
  facet normal 0.803183 -0.515919 -0.297866
    outer loop
      vertex 9.57377 -50.9026 -11.5961
      vertex 9.58893 -71.1542 23.5216
      vertex 9.17971 -51.5939 -11.4613
    endloop
  endfacet
  facet normal 0.80319 -0.515911 -0.297861
    outer loop
      vertex 9.21706 -71.5884 23.2709
      vertex 9.17971 -51.5939 -11.4613
      vertex 9.58893 -71.1542 23.5216
    endloop
  endfacet
  facet normal 0.802913 -0.516234 -0.298047
    outer loop
      vertex 9.17971 -51.5939 -11.4613
      vertex 9.21706 -71.5884 23.2709
      vertex 9.17971 -71.632 23.2458
    endloop
  endfacet
  facet normal 0.242923 -0.840084 -0.485024
    outer loop
      vertex 13.6344 -45.5394 -15.995
      vertex 12.968 -69.1989 24.6506
      vertex 12.968 -45.7321 -15.995
    endloop
  endfacet
  facet normal 0.242984 -0.840071 -0.485015
    outer loop
      vertex 12.968 -69.1989 24.6506
      vertex 13.6344 -45.5394 -15.995
      vertex 13.6344 -69.0543 24.734
    endloop
  endfacet
  facet normal -0.146744 -0.85665 -0.494587
    outer loop
      vertex 15.6861 -45.423 -15.995
      vertex 16.3656 -69.0543 24.734
      vertex 15.6861 -68.967 24.7844
    endloop
  endfacet
  facet normal -0.146746 -0.85665 -0.494587
    outer loop
      vertex 16.3656 -69.0543 24.734
      vertex 15.6861 -45.423 -15.995
      vertex 16.3656 -45.5394 -15.995
    endloop
  endfacet
  facet normal 0.00042906 -0.499669 0.866216
    outer loop
      vertex 20.4111 -42.6542 -25.8418
      vertex 19.9497 -42.2134 -25.5873
      vertex 19.4408 -41.8139 -25.3566
    endloop
  endfacet
  facet normal -0.671629 -0.641626 -0.370447
    outer loop
      vertex 19.9497 -42.2134 -25.5873
      vertex 19.4408 -43.4574 -22.51
      vertex 19.4408 -41.8139 -25.3566
    endloop
  endfacet
  facet normal -0.671619 -0.641635 -0.370449
    outer loop
      vertex 19.4408 -43.4574 -22.51
      vertex 19.9497 -42.2134 -25.5873
      vertex 19.9497 -44.2134 -22.1232
    endloop
  endfacet
  facet normal -0.671632 -0.641625 -0.370443
    outer loop
      vertex 19.9497 -47.7515 -15.995
      vertex 19.4408 -70.3139 24.0068
      vertex 19.4408 -47.2188 -15.995
    endloop
  endfacet
  facet normal -0.671629 -0.641628 -0.370445
    outer loop
      vertex 19.4408 -70.3139 24.0068
      vertex 19.9497 -47.7515 -15.995
      vertex 19.9497 -70.7134 23.7761
    endloop
  endfacet
  facet normal 0.336967 -0.815377 -0.470758
    outer loop
      vertex 12.968 -45.7321 -15.995
      vertex 12.3212 -69.3993 24.5348
      vertex 12.3212 -45.9994 -15.995
    endloop
  endfacet
  facet normal 0.336919 -0.815392 -0.470768
    outer loop
      vertex 12.3212 -69.3993 24.5348
      vertex 12.968 -45.7321 -15.995
      vertex 12.968 -69.1989 24.6506
    endloop
  endfacet
  facet normal 0.427405 -0.782938 -0.452032
    outer loop
      vertex 12.3212 -45.9994 -15.995
      vertex 11.7503 -69.6331 24.3998
      vertex 12.2188 -46.0553 -15.995
    endloop
  endfacet
  facet normal 0.427505 -0.782898 -0.452007
    outer loop
      vertex 11.7503 -69.6331 24.3998
      vertex 12.3212 -45.9994 -15.995
      vertex 12.3212 -69.3993 24.5348
    endloop
  endfacet
  facet normal 0.740921 -0.581616 -0.335796
    outer loop
      vertex 10.0503 -70.7134 23.7761
      vertex 9.80485 -50.4027 -11.9446
      vertex 10.0503 -49.7816 -12.4788
    endloop
  endfacet
  facet normal 0.740685 -0.581842 -0.335924
    outer loop
      vertex 10.0503 -70.7134 23.7761
      vertex 9.70113 -50.6651 -11.7188
      vertex 9.80485 -50.4027 -11.9446
    endloop
  endfacet
  facet normal 0.741218 -0.581328 -0.335639
    outer loop
      vertex 10.0503 -70.7134 23.7761
      vertex 9.58893 -50.876 -11.6013
      vertex 9.70113 -50.6651 -11.7188
    endloop
  endfacet
  facet normal 0.740919 -0.581618 -0.335797
    outer loop
      vertex 9.58893 -50.876 -11.6013
      vertex 10.0503 -70.7134 23.7761
      vertex 9.58893 -71.1542 23.5216
    endloop
  endfacet
  facet normal 0.857737 0.445216 0.257042
    outer loop
      vertex 8.82655 -49.3577 -29.7121
      vertex 9.17971 -51.994 -26.3243
      vertex 9.17971 -49.868 -30.0067
    endloop
  endfacet
  facet normal 0.857759 0.445187 0.257016
    outer loop
      vertex 8.82655 -49.3577 -29.7121
      vertex 9.12865 -52.1049 -25.9618
      vertex 9.17971 -51.994 -26.3243
    endloop
  endfacet
  facet normal 0.857681 0.44529 0.257098
    outer loop
      vertex 8.82655 -49.3577 -29.7121
      vertex 9.0777 -52.2156 -25.6001
      vertex 9.12865 -52.1049 -25.9618
    endloop
  endfacet
  facet normal 0.857727 0.445228 0.257052
    outer loop
      vertex 8.82655 -77.8577 19.6514
      vertex 9.0777 -52.2156 -25.6001
      vertex 8.82655 -49.3577 -29.7121
    endloop
  endfacet
  facet normal 0.85774 0.445209 0.257042
    outer loop
      vertex 8.82655 -77.8577 19.6514
      vertex 9.17971 -52.363 -25.6852
      vertex 9.0777 -52.2156 -25.6001
    endloop
  endfacet
  facet normal 0.857737 0.445214 0.257045
    outer loop
      vertex 9.17971 -52.363 -25.6852
      vertex 8.82655 -77.8577 19.6514
      vertex 9.17971 -78.368 19.3568
    endloop
  endfacet
  facet normal 0.803191 0.51591 0.297861
    outer loop
      vertex 9.17971 -49.868 -30.0067
      vertex 9.58893 -51.0575 -29.0499
      vertex 9.58893 -50.3458 -30.2826
    endloop
  endfacet
  facet normal 0.803202 0.515902 0.297846
    outer loop
      vertex 9.17971 -49.868 -30.0067
      vertex 9.19239 -51.9685 -26.4026
      vertex 9.58893 -51.0575 -29.0499
    endloop
  endfacet
  facet normal 0.802686 0.516501 0.298197
    outer loop
      vertex 9.19239 -51.9685 -26.4026
      vertex 9.17971 -49.868 -30.0067
      vertex 9.17971 -51.994 -26.3243
    endloop
  endfacet
  facet normal 0.803197 0.515904 0.297857
    outer loop
      vertex 9.17971 -78.368 19.3568
      vertex 9.21706 -52.4066 -25.7104
      vertex 9.17971 -52.363 -25.6852
    endloop
  endfacet
  facet normal 0.80319 0.515911 0.297861
    outer loop
      vertex 9.17971 -78.368 19.3568
      vertex 9.58893 -52.8408 -25.9611
      vertex 9.21706 -52.4066 -25.7104
    endloop
  endfacet
  facet normal 0.803191 0.51591 0.297861
    outer loop
      vertex 9.58893 -52.8408 -25.9611
      vertex 9.17971 -78.368 19.3568
      vertex 9.58893 -78.8458 19.0809
    endloop
  endfacet
  facet normal -0.857775 -0.445159 -0.257012
    outer loop
      vertex 21.1734 -43.6423 -26.4123
      vertex 20.8203 -45.8202 -21.4616
      vertex 20.8203 -43.132 -26.1177
    endloop
  endfacet
  facet normal -0.857791 -0.445135 -0.257003
    outer loop
      vertex 20.8203 -45.8202 -21.4616
      vertex 21.1734 -43.6423 -26.4123
      vertex 21.1734 -46.6556 -21.1932
    endloop
  endfacet
  facet normal -0.857763 -0.445177 -0.257023
    outer loop
      vertex 21.1734 -72.1423 22.9512
      vertex 20.8203 -48 -17.6861
      vertex 21.1734 -48 -18.8645
    endloop
  endfacet
  facet normal -0.857775 -0.445159 -0.257012
    outer loop
      vertex 20.8203 -48 -17.6861
      vertex 21.1734 -72.1423 22.9512
      vertex 20.8203 -71.632 23.2458
    endloop
  endfacet
  facet normal -0.740897 -0.581639 -0.335809
    outer loop
      vertex 20.4111 -42.6542 -25.8418
      vertex 19.9497 -44.2134 -22.1232
      vertex 19.9497 -42.2134 -25.5873
    endloop
  endfacet
  facet normal -0.740919 -0.581615 -0.335802
    outer loop
      vertex 19.9497 -44.2134 -22.1232
      vertex 20.4111 -42.6542 -25.8418
      vertex 20.4111 -45.0036 -21.7726
    endloop
  endfacet
  facet normal -0.740932 -0.581605 -0.33579
    outer loop
      vertex 20.4111 -71.1542 23.5216
      vertex 20.1448 -48 -15.995
      vertex 20.4111 -48 -16.5826
    endloop
  endfacet
  facet normal -0.740897 -0.581638 -0.33581
    outer loop
      vertex 20.1448 -48 -15.995
      vertex 20.4111 -71.1542 23.5216
      vertex 19.9497 -70.7134 23.7761
    endloop
  endfacet
  facet normal -0.74087 -0.581665 -0.335825
    outer loop
      vertex 19.9497 -47.7515 -15.995
      vertex 20.1448 -48 -15.995
      vertex 19.9497 -70.7134 23.7761
    endloop
  endfacet
  facet normal -0.970038 -0.210403 -0.121476
    outer loop
      vertex 21.8655 -45.3173 -27.3794
      vertex 21.6986 -73.2402 22.3173
      vertex 21.6986 -44.7402 -27.0462
    endloop
  endfacet
  facet normal -0.970038 -0.210403 -0.121476
    outer loop
      vertex 21.6986 -73.2402 22.3173
      vertex 21.8655 -45.3173 -27.3794
      vertex 21.8655 -73.8173 21.9841
    endloop
  endfacet
  facet normal -0.000219591 -0.499964 0.866046
    outer loop
      vertex 21.8655 -47.6827 -28.745
      vertex 22 -46.5 -28.0622
      vertex 21.4672 -48.8199 -29.4016
    endloop
  endfacet
  facet normal -0.000190675 -0.499971 0.866042
    outer loop
      vertex 21.6986 -48.2598 -29.0782
      vertex 21.8655 -47.6827 -28.745
      vertex 21.4672 -48.8199 -29.4016
    endloop
  endfacet
  facet normal 0.0492793 0.864974 0.499391
    outer loop
      vertex 15 -81.0622 17.8013
      vertex 14.3691 -55.0303 -27.2252
      vertex 14.9447 -81.0598 17.8026
    endloop
  endfacet
  facet normal 0.0491497 0.864979 0.499396
    outer loop
      vertex 14.3691 -55.0303 -27.2252
      vertex 15 -81.0622 17.8013
      vertex 15 -55.0572 -27.2407
    endloop
  endfacet
  facet normal 0.243052 0.840056 0.485006
    outer loop
      vertex 13.6344 -80.9457 17.8685
      vertex 12.968 -54.7961 -27.09
      vertex 12.968 -80.8011 17.952
    endloop
  endfacet
  facet normal 0.243052 0.840056 0.485006
    outer loop
      vertex 12.968 -54.7961 -27.09
      vertex 13.6344 -80.9457 17.8685
      vertex 13.6344 -54.9407 -27.1735
    endloop
  endfacet
  facet normal 0.595677 0.695612 0.401612
    outer loop
      vertex 11.111 -80.0405 18.3911
      vertex 10.5592 -53.6811 -26.4462
      vertex 10.5592 -79.6861 18.5957
    endloop
  endfacet
  facet normal 0.595724 0.695582 0.401594
    outer loop
      vertex 10.5592 -53.6811 -26.4462
      vertex 11.111 -80.0405 18.3911
      vertex 11.111 -54.0355 -26.6509
    endloop
  endfacet
  facet normal 0.595677 -0.695612 -0.401612
    outer loop
      vertex 10.5592 -47.9905 -14.6585
      vertex 11.111 -69.9595 24.2114
      vertex 10.5592 -70.3139 24.0068
    endloop
  endfacet
  facet normal 0.595782 -0.695561 -0.401545
    outer loop
      vertex 11.111 -46.7463 -15.995
      vertex 10.5592 -47.9905 -14.6585
      vertex 10.7269 -47.0753 -15.995
    endloop
  endfacet
  facet normal 0.595714 -0.695589 -0.401599
    outer loop
      vertex 10.5592 -47.9905 -14.6585
      vertex 11.111 -46.7463 -15.995
      vertex 11.111 -69.9595 24.2114
    endloop
  endfacet
  facet normal 0.941594 -0.291635 -0.168375
    outer loop
      vertex 8.51172 -72.7312 22.6111
      vertex 8.53284 -52.2703 -12.7102
      vertex 8.53284 -72.6801 22.6407
    endloop
  endfacet
  facet normal 0.941536 -0.291774 -0.168456
    outer loop
      vertex 8.30142 -73.2402 22.3173
      vertex 8.53284 -52.2703 -12.7102
      vertex 8.51172 -72.7312 22.6111
    endloop
  endfacet
  facet normal 0.94156 -0.291717 -0.168421
    outer loop
      vertex 8.53284 -52.2703 -12.7102
      vertex 8.30142 -73.2402 22.3173
      vertex 8.50311 -52.2867 -12.848
    endloop
  endfacet
  facet normal 0.941539 -0.291767 -0.168451
    outer loop
      vertex 8.50311 -52.2867 -12.848
      vertex 8.30142 -73.2402 22.3173
      vertex 8.30142 -52.3258 -13.9076
    endloop
  endfacet
  facet normal -0.336855 -0.815497 -0.470631
    outer loop
      vertex 17.6788 -40.8993 -24.8286
      vertex 17.032 -40.9137 -24.3407
      vertex 17.032 -40.6989 -24.7129
    endloop
  endfacet
  facet normal -0.336949 -0.815388 -0.470752
    outer loop
      vertex 17.032 -40.9137 -24.3407
      vertex 17.6788 -40.8993 -24.8286
      vertex 17.6788 -41.4648 -23.8491
    endloop
  endfacet
  facet normal -0.336919 -0.815392 -0.470768
    outer loop
      vertex 17.032 -45.7321 -15.995
      vertex 17.6788 -69.3993 24.5348
      vertex 17.032 -69.1989 24.6506
    endloop
  endfacet
  facet normal -0.336967 -0.815377 -0.470758
    outer loop
      vertex 17.6788 -69.3993 24.5348
      vertex 17.032 -45.7321 -15.995
      vertex 17.6788 -45.9994 -15.995
    endloop
  endfacet
  facet normal -0.595677 0.695612 0.401612
    outer loop
      vertex 19.4408 -53.6811 -26.4462
      vertex 18.889 -80.0405 18.3911
      vertex 19.4408 -79.6861 18.5957
    endloop
  endfacet
  facet normal -0.595724 0.695582 0.401594
    outer loop
      vertex 18.889 -80.0405 18.3911
      vertex 19.4408 -53.6811 -26.4462
      vertex 18.889 -54.0355 -26.6509
    endloop
  endfacet
  facet normal 0.145553 0.856803 0.494675
    outer loop
      vertex 13.6892 -80.9527 17.8645
      vertex 13.6344 -54.9407 -27.1735
      vertex 13.6344 -80.9457 17.8685
    endloop
  endfacet
  facet normal 0.146748 0.85665 0.494586
    outer loop
      vertex 13.6344 -54.9407 -27.1735
      vertex 13.6892 -80.9527 17.8645
      vertex 14.2592 -55.021 -27.2198
    endloop
  endfacet
  facet normal 0.513838 -0.742952 -0.428944
    outer loop
      vertex 11.2112 -46.677 -15.995
      vertex 11.111 -69.9595 24.2114
      vertex 11.111 -46.7463 -15.995
    endloop
  endfacet
  facet normal 0.514154 -0.742789 -0.428849
    outer loop
      vertex 11.111 -69.9595 24.2114
      vertex 11.2112 -46.677 -15.995
      vertex 11.6527 -69.6783 24.3738
    endloop
  endfacet
  facet normal 0.514173 -0.742779 -0.428843
    outer loop
      vertex 11.7002 -46.3385 -15.995
      vertex 11.6527 -69.6783 24.3738
      vertex 11.2112 -46.677 -15.995
    endloop
  endfacet
  facet normal 0.514374 -0.742674 -0.428782
    outer loop
      vertex 11.6527 -69.6783 24.3738
      vertex 11.7002 -46.3385 -15.995
      vertex 11.7002 -69.6536 24.388
    endloop
  endfacet
  facet normal 0.970031 -0.210427 -0.12149
    outer loop
      vertex 8.1345 -73.8173 21.9841
      vertex 8.30142 -52.3258 -13.9076
      vertex 8.30142 -73.2402 22.3173
    endloop
  endfacet
  facet normal 0.970029 -0.210435 -0.121494
    outer loop
      vertex 8.30142 -52.3258 -13.9076
      vertex 8.1345 -73.8173 21.9841
      vertex 8.1345 -52.2567 -15.36
    endloop
  endfacet
  facet normal -0.998806 -0.0481009 -0.00848243
    outer loop
      vertex 10.947 -40.9382 -30.8128
      vertex 10.9481 -41.287 -28.9644
      vertex 10.947 -41.264 -28.9653
    endloop
  endfacet
  facet normal -0.998788 -0.048469 -0.00854637
    outer loop
      vertex 10.9559 -43.7344 -15.995
      vertex 10.947 -55.8693 53.8657
      vertex 10.947 -43.551 -15.995
    endloop
  endfacet
  facet normal -0.998796 -0.0483198 -0.00852046
    outer loop
      vertex 10.947 -55.8693 53.8657
      vertex 10.9559 -43.7344 -15.995
      vertex 10.9976 -56.8837 53.6869
    endloop
  endfacet
  facet normal -0.0490352 0.983623 0.17344
    outer loop
      vertex 0.0117979 -53.0033 -31.9402
      vertex 0 -67.764 51.7684
      vertex 1.03009 -67.7142 51.7772
    endloop
  endfacet
  facet normal -0.0514874 0.983502 0.173418
    outer loop
      vertex 0 -67.764 51.7684
      vertex 0.0117979 -53.0033 -31.9402
      vertex 0 -53.0039 -31.9403
    endloop
  endfacet
  facet normal 0 -0.173653 0.984807
    outer loop
      vertex -7.28994 -50 -32.4106
      vertex -7.03824 -50 -32.4106
      vertex -9.70113 -47.1066 -31.9004
    endloop
  endfacet
  facet normal 0.998794 -0.0483512 -0.00852967
    outer loop
      vertex -10.9481 -41.287 -28.9644
      vertex -11 -42 -31
      vertex -10.947 -40.9382 -30.8128
    endloop
  endfacet
  facet normal 0.998794 -0.0483579 -0.00852731
    outer loop
      vertex -11 -42 -31
      vertex -10.9481 -41.287 -28.9644
      vertex -11 -42.3659 -28.925
    endloop
  endfacet
  facet normal 0.998795 -0.0483288 -0.00852216
    outer loop
      vertex -10.9976 -56.8837 53.6869
      vertex -11 -44.6458 -15.995
      vertex -10.9559 -43.7344 -15.995
    endloop
  endfacet
  facet normal 0.998759 -0.0490378 -0.00864667
    outer loop
      vertex -11 -44.6458 -15.995
      vertex -10.9976 -56.8837 53.6869
      vertex -11 -56.9311 53.6785
    endloop
  endfacet
  facet normal 0.33686 0.92725 0.163499
    outer loop
      vertex -3.19313 -67.2975 51.8506
      vertex -4.20952 -52.1793 -31.7949
      vertex -4.20952 -66.9394 51.9138
    endloop
  endfacet
  facet normal 0.336846 0.927255 0.1635
    outer loop
      vertex -4.20952 -52.1793 -31.7949
      vertex -3.19313 -67.2975 51.8506
      vertex -3.19313 -52.5374 -31.858
    endloop
  endfacet
  facet normal -3.51498e-06 -0.173586 0.984819
    outer loop
      vertex -10.1627 -37.8544 -30.269
      vertex -9.26129 -37.7262 -30.2464
      vertex -9.37857 -37.2207 -30.1573
    endloop
  endfacet
  facet normal 5.40915e-06 -0.173647 0.984808
    outer loop
      vertex -9.26129 -37.7262 -30.2464
      vertex -10.1627 -37.8544 -30.269
      vertex -10.5263 -38.8554 -30.4455
    endloop
  endfacet
  facet normal 0.903916 0.421212 0.0742729
    outer loop
      vertex -9.70113 -47.4572 -29.9121
      vertex -9.70113 -47.1066 -31.9004
      vertex -9.71151 -47.4363 -29.9043
    endloop
  endfacet
  facet normal 0.903991 0.421055 0.0742434
    outer loop
      vertex -9.70113 -62.0377 52.7781
      vertex -9.72925 -48 -26.4913
      vertex -10.1421 -61.1195 52.94
    endloop
  endfacet
  facet normal 0.903948 0.421146 0.0742595
    outer loop
      vertex -9.72925 -48 -26.4913
      vertex -9.70113 -62.0377 52.7781
      vertex -9.70113 -48 -26.8336
    endloop
  endfacet
  facet normal -0.989147 -0.144695 -0.0255164
    outer loop
      vertex 10.947 -40.9382 -30.8128
      vertex 10.947 -41.264 -28.9653
      vertex 10.9437 -41.241 -28.9678
    endloop
  endfacet
  facet normal -0.989198 -0.144361 -0.0254563
    outer loop
      vertex 10.947 -43.551 -15.995
      vertex 10.7957 -54.8646 54.0429
      vertex 10.9206 -43.3701 -15.995
    endloop
  endfacet
  facet normal -0.989181 -0.14447 -0.0254739
    outer loop
      vertex 10.7957 -54.8646 54.0429
      vertex 10.947 -43.551 -15.995
      vertex 10.947 -55.8693 53.8657
    endloop
  endfacet
  facet normal -0.998794 0.0483518 0.00852623
    outer loop
      vertex 10.947 -43.0618 -31.1872
      vertex 11 -42.3659 -28.925
      vertex 11 -42 -31
    endloop
  endfacet
  facet normal -0.998794 0.048352 0.00852618
    outer loop
      vertex 11 -42.3659 -28.925
      vertex 10.947 -43.0618 -31.1872
      vertex 10.947 -43.4536 -28.9653
    endloop
  endfacet
  facet normal -0.998794 0.0483523 0.0085258
    outer loop
      vertex 10.947 -45.7406 -15.995
      vertex 11 -56.9311 53.6785
      vertex 11 -44.6458 -15.995
    endloop
  endfacet
  facet normal -0.998794 0.0483519 0.00852574
    outer loop
      vertex 11 -56.9311 53.6785
      vertex 10.947 -45.7406 -15.995
      vertex 10.947 -57.9929 53.4913
    endloop
  endfacet
  facet normal 0.671551 -0.729702 -0.128666
    outer loop
      vertex -6.97833 -36.0115 -15.995
      vertex -7.77817 -49.2711 55.0292
      vertex -7.77817 -36.7476 -15.995
    endloop
  endfacet
  facet normal 0.671551 -0.729702 -0.128666
    outer loop
      vertex -7.77817 -49.2711 55.0292
      vertex -6.97833 -36.0115 -15.995
      vertex -6.97833 -48.5572 55.1551
    endloop
  endfacet
  facet normal -8.69733e-06 -0.17365 0.984807
    outer loop
      vertex 8.71196 -40.0939 -30.6639
      vertex 10.5263 -38.8554 -30.4455
      vertex 9.26129 -37.7262 -30.2464
    endloop
  endfacet
  facet normal -9.94244e-06 -0.173649 0.984808
    outer loop
      vertex 10.5263 -38.8554 -30.4455
      vertex 8.71196 -40.0939 -30.6639
      vertex 10.947 -43.0618 -31.1872
    endloop
  endfacet
  facet normal -9.81549e-06 -0.173644 0.984809
    outer loop
      vertex 6.72429 -50 -32.4106
      vertex 9.70113 -47.1066 -31.9004
      vertex 10.947 -43.0618 -31.1872
    endloop
  endfacet
  facet normal 0 -0.173653 0.984807
    outer loop
      vertex 9.70113 -47.1066 -31.9004
      vertex 6.72429 -50 -32.4106
      vertex 7.03824 -50 -32.4106
    endloop
  endfacet
  facet normal -0.970565 0.237181 0.0418255
    outer loop
      vertex 10.7886 -44.5167 -29.0856
      vertex 10.7886 -44.1134 -31.3726
      vertex 10.7819 -44.5432 -29.0908
    endloop
  endfacet
  facet normal -0.970015 0.239354 0.0422045
    outer loop
      vertex 10.743 -47.0097 -15.995
      vertex 10.7886 -59.0445 53.3059
      vertex 10.7886 -46.8249 -15.995
    endloop
  endfacet
  facet normal -0.970029 0.239297 0.0421947
    outer loop
      vertex 10.7886 -59.0445 53.3059
      vertex 10.743 -47.0097 -15.995
      vertex 10.538 -60.0297 53.1321
    endloop
  endfacet
  facet normal -2.59696e-05 -0.173654 0.984807
    outer loop
      vertex 10.1627 -37.8544 -30.269
      vertex 9.51038 -36.6526 -30.0571
      vertex 9.46881 -36.8318 -30.0887
    endloop
  endfacet
  facet normal -0.970029 0.239292 0.0422248
    outer loop
      vertex 10.5263 -45.1446 -31.5545
      vertex 10.7819 -44.5432 -29.0908
      vertex 10.7886 -44.1134 -31.3726
    endloop
  endfacet
  facet normal -0.970014 0.239356 0.0422076
    outer loop
      vertex 10.7819 -44.5432 -29.0908
      vertex 10.5263 -45.1446 -31.5545
      vertex 10.5263 -45.5448 -29.285
    endloop
  endfacet
  facet normal -0.970349 0.23815 0.0413222
    outer loop
      vertex 10.5592 -47.9905 -14.6585
      vertex 10.743 -47.0097 -15.995
      vertex 10.7269 -47.0753 -15.995
    endloop
  endfacet
  facet normal -0.97142 0.234254 0.0383163
    outer loop
      vertex 10.5263 -48.1673 -14.4117
      vertex 10.743 -47.0097 -15.995
      vertex 10.5592 -47.9905 -14.6585
    endloop
  endfacet
  facet normal -0.970029 0.239299 0.042195
    outer loop
      vertex 10.5263 -48.1673 -14.4117
      vertex 10.538 -60.0297 53.1321
      vertex 10.743 -47.0097 -15.995
    endloop
  endfacet
  facet normal -0.97003 0.239295 0.0421943
    outer loop
      vertex 10.538 -60.0297 53.1321
      vertex 10.5263 -48.1673 -14.4117
      vertex 10.5263 -60.0757 53.124
    endloop
  endfacet
  facet normal -0.000592446 -0.173568 0.984822
    outer loop
      vertex -10.5263 -38.8554 -30.4455
      vertex -10.7886 -39.8866 -30.6274
      vertex -11 -42 -31
    endloop
  endfacet
  facet normal 8.61791e-05 -0.173694 0.9848
    outer loop
      vertex -9.37857 -37.2207 -30.1573
      vertex -9.46881 -36.8318 -30.0887
      vertex -10.1627 -37.8544 -30.269
    endloop
  endfacet
  facet normal 0 -0.173641 0.984809
    outer loop
      vertex 10.947 -43.0618 -31.1872
      vertex 8.71196 -40.0939 -30.6639
      vertex 8.02339 -43.0618 -31.1872
    endloop
  endfacet
  facet normal 0 -0.173641 0.984809
    outer loop
      vertex -8.02339 -43.0618 -31.1872
      vertex -8.71196 -40.0939 -30.6639
      vertex -10.947 -43.0618 -31.1872
    endloop
  endfacet
  facet normal 0.67154 0.729711 0.128668
    outer loop
      vertex -7.74249 -64.623 52.3222
      vertex -6.98708 -50.5371 -31.5053
      vertex -7.58885 -50 -31.4106
    endloop
  endfacet
  facet normal 0.672121 0.729192 0.128579
    outer loop
      vertex -7.58885 -50 -31.4106
      vertex -7.77817 -64.5911 52.3278
      vertex -7.74249 -64.623 52.3222
    endloop
  endfacet
  facet normal 0.671555 0.729698 0.128665
    outer loop
      vertex -7.58885 -50 -31.4106
      vertex -7.77817 -49.66 -32.3507
      vertex -7.77817 -64.5911 52.3278
    endloop
  endfacet
  facet normal 0.671558 0.729695 0.128664
    outer loop
      vertex -7.77817 -49.66 -32.3507
      vertex -7.58885 -50 -31.4106
      vertex -7.39726 -50 -32.4106
    endloop
  endfacet
  facet normal -0.989176 -0.144504 -0.0254837
    outer loop
      vertex 10.947 -40.9382 -30.8128
      vertex 10.7886 -40.1585 -29.0856
      vertex 10.7886 -39.8866 -30.6274
    endloop
  endfacet
  facet normal -0.989176 -0.144502 -0.0254848
    outer loop
      vertex 10.7886 -40.1585 -29.0856
      vertex 10.947 -40.9382 -30.8128
      vertex 10.9437 -41.241 -28.9678
    endloop
  endfacet
  facet normal -0.989172 -0.144533 -0.0254849
    outer loop
      vertex 10.9206 -43.3701 -15.995
      vertex 10.7886 -54.8177 54.0512
      vertex 10.7886 -42.4667 -15.995
    endloop
  endfacet
  facet normal -0.989071 -0.145202 -0.0255941
    outer loop
      vertex 10.7886 -54.8177 54.0512
      vertex 10.9206 -43.3701 -15.995
      vertex 10.7957 -54.8646 54.0429
    endloop
  endfacet
  facet normal -0.90006 -0.429131 -0.0757559
    outer loop
      vertex 9.70113 -36.8934 -30.0996
      vertex 9.70212 -36.9287 -29.9114
      vertex 9.70113 -36.9265 -29.9121
    endloop
  endfacet
  facet normal -0.903996 -0.421045 -0.0742417
    outer loop
      vertex 9.77472 -39.5384 -15.995
      vertex 9.70113 -51.8245 54.5789
      vertex 9.70113 -39.3804 -15.995
    endloop
  endfacet
  facet normal -0.903991 -0.421055 -0.0742435
    outer loop
      vertex 9.70113 -51.8245 54.5789
      vertex 9.77472 -39.5384 -15.995
      vertex 10.1421 -52.7427 54.417
    endloop
  endfacet
  facet normal -0.857763 -0.506254 -0.0891653
    outer loop
      vertex 9.70113 -36.8934 -30.0996
      vertex 9.69997 -36.9243 -29.913
      vertex 9.52258 -36.6 -30.0478
    endloop
  endfacet
  facet normal -0.857741 -0.506272 -0.0892699
    outer loop
      vertex 9.61298 -39.2311 -15.995
      vertex 9.14616 -50.9127 54.7397
      vertex 9.14616 -38.4402 -15.995
    endloop
  endfacet
  facet normal -0.857851 -0.50609 -0.0892406
    outer loop
      vertex 9.14616 -50.9127 54.7397
      vertex 9.61298 -39.2311 -15.995
      vertex 9.17092 -50.9534 54.7325
    endloop
  endfacet
  facet normal -0.970029 -0.239298 -0.0421891
    outer loop
      vertex 10.7886 -39.8866 -30.6274
      vertex 10.5263 -39.06 -29.285
      vertex 10.5263 -38.8554 -30.4455
    endloop
  endfacet
  facet normal -0.970032 -0.239284 -0.0421983
    outer loop
      vertex 10.5263 -39.06 -29.285
      vertex 10.7886 -39.8866 -30.6274
      vertex 10.7886 -40.1585 -29.0856
    endloop
  endfacet
  facet normal -0.97003 -0.239292 -0.0421936
    outer loop
      vertex 10.7886 -42.4667 -15.995
      vertex 10.5263 -53.7865 54.233
      vertex 10.5263 -41.4034 -15.995
    endloop
  endfacet
  facet normal -0.97001 -0.239371 -0.0422064
    outer loop
      vertex 10.7886 -42.4667 -15.995
      vertex 10.6063 -54.1009 54.1775
      vertex 10.5263 -53.7865 54.233
    endloop
  endfacet
  facet normal -0.970036 -0.23927 -0.0421897
    outer loop
      vertex 10.6063 -54.1009 54.1775
      vertex 10.7886 -42.4667 -15.995
      vertex 10.7886 -54.8177 54.0512
    endloop
  endfacet
  facet normal 3.51498e-06 -0.173586 0.984819
    outer loop
      vertex 9.26129 -37.7262 -30.2464
      vertex 10.1627 -37.8544 -30.269
      vertex 9.37857 -37.2207 -30.1573
    endloop
  endfacet
  facet normal -5.40915e-06 -0.173647 0.984808
    outer loop
      vertex 10.1627 -37.8544 -30.269
      vertex 9.26129 -37.7262 -30.2464
      vertex 10.5263 -38.8554 -30.4455
    endloop
  endfacet
  facet normal -0.998794 -0.0483512 -0.00852967
    outer loop
      vertex 11 -42 -31
      vertex 10.9481 -41.287 -28.9644
      vertex 10.947 -40.9382 -30.8128
    endloop
  endfacet
  facet normal -0.998794 -0.0483579 -0.00852731
    outer loop
      vertex 10.9481 -41.287 -28.9644
      vertex 11 -42 -31
      vertex 11 -42.3659 -28.925
    endloop
  endfacet
  facet normal -0.998795 -0.0483288 -0.00852216
    outer loop
      vertex 11 -44.6458 -15.995
      vertex 10.9976 -56.8837 53.6869
      vertex 10.9559 -43.7344 -15.995
    endloop
  endfacet
  facet normal -0.998759 -0.0490378 -0.00864667
    outer loop
      vertex 10.9976 -56.8837 53.6869
      vertex 11 -44.6458 -15.995
      vertex 11 -56.9311 53.6785
    endloop
  endfacet
  facet normal 0.000573147 -0.173856 0.984771
    outer loop
      vertex 10.5263 -45.1446 -31.5545
      vertex 10.7886 -44.1134 -31.3726
      vertex 9.70113 -47.1066 -31.9004
    endloop
  endfacet
  facet normal 0.00018003 -0.173799 0.984781
    outer loop
      vertex 7.28994 -50 -32.4106
      vertex 8.50311 -48.8723 -32.2118
      vertex 9.70113 -47.1066 -31.9004
    endloop
  endfacet
  facet normal 0 -0.173611 0.984814
    outer loop
      vertex 8.50311 -48.8723 -32.2118
      vertex 7.28994 -50 -32.4106
      vertex 7.35803 -50 -32.4106
    endloop
  endfacet
  facet normal -0.000140045 -0.173605 0.984815
    outer loop
      vertex 10.7886 -44.1134 -31.3726
      vertex 10.947 -43.0618 -31.1872
      vertex 9.70113 -47.1066 -31.9004
    endloop
  endfacet
  facet normal 0.857069 0.50742 0.0892026
    outer loop
      vertex -9.67116 -48 -27.1216
      vertex -9.14616 -48.0184 -32.0612
      vertex -9.3532 -48 -30.1766
    endloop
  endfacet
  facet normal 0.85731 0.506978 0.089404
    outer loop
      vertex -9.14616 -62.9495 52.6173
      vertex -9.67116 -48 -27.1216
      vertex -9.17092 -62.9089 52.6245
    endloop
  endfacet
  facet normal 0.857719 0.506308 0.0892757
    outer loop
      vertex -9.67116 -48 -27.1216
      vertex -9.14616 -62.9495 52.6173
      vertex -9.14616 -48.0184 -32.0612
    endloop
  endfacet
  facet normal 0.857746 0.506266 0.0892577
    outer loop
      vertex -9.3532 -48 -30.1766
      vertex -9.70113 -47.1066 -31.9004
      vertex -9.68872 -47.4765 -29.9216
    endloop
  endfacet
  facet normal 0.857719 0.506307 0.0892847
    outer loop
      vertex -9.70113 -47.1066 -31.9004
      vertex -9.3532 -48 -30.1766
      vertex -9.14616 -48.0184 -32.0612
    endloop
  endfacet
  facet normal 0.514043 -0.844733 -0.14895
    outer loop
      vertex -5.97126 -35.2733 -15.995
      vertex -6.11127 -47.9239 55.2667
      vertex -6.11127 -35.3585 -15.995
    endloop
  endfacet
  facet normal 0.514139 -0.844676 -0.148939
    outer loop
      vertex -6.11127 -47.9239 55.2667
      vertex -5.97126 -35.2733 -15.995
      vertex -5.22667 -47.4017 55.3588
    endloop
  endfacet
  facet normal 0.146698 -0.974153 -0.17177
    outer loop
      vertex -1.07819 -33.5299 -15.995
      vertex -2.14599 -46.3064 55.5519
      vertex -2.14599 -33.6907 -15.995
    endloop
  endfacet
  facet normal 0.146742 -0.974147 -0.171768
    outer loop
      vertex -2.14599 -46.3064 55.5519
      vertex -1.07819 -33.5299 -15.995
      vertex -1.07819 -46.1504 55.5794
    endloop
  endfacet
  facet normal 0 -0.173653 0.984807
    outer loop
      vertex -6.72429 -50 -32.4106
      vertex -9.70113 -47.1066 -31.9004
      vertex -7.03824 -50 -32.4106
    endloop
  endfacet
  facet normal 9.81549e-06 -0.173644 0.984809
    outer loop
      vertex -9.70113 -47.1066 -31.9004
      vertex -6.72429 -50 -32.4106
      vertex -10.947 -43.0618 -31.1872
    endloop
  endfacet
  facet normal 0 -0.17366 0.984806
    outer loop
      vertex 6.87768 -48 -32.058
      vertex 10.947 -43.0618 -31.1872
      vertex 8.02339 -43.0618 -31.1872
    endloop
  endfacet
  facet normal -5.21254e-05 -0.173619 0.984813
    outer loop
      vertex 6.87768 -48 -32.058
      vertex 6.72429 -50 -32.4106
      vertex 10.947 -43.0618 -31.1872
    endloop
  endfacet
  facet normal 0 -0.173622 0.984812
    outer loop
      vertex 6.87768 -48 -32.058
      vertex -6.72429 -50 -32.4106
      vertex 6.72429 -50 -32.4106
    endloop
  endfacet
  facet normal 0 -0.173622 0.984812
    outer loop
      vertex -6.87768 -48 -32.058
      vertex -6.72429 -50 -32.4106
      vertex 6.87768 -48 -32.058
    endloop
  endfacet
  facet normal 0 -0.17366 0.984806
    outer loop
      vertex -10.947 -43.0618 -31.1872
      vertex -6.87768 -48 -32.058
      vertex -8.02339 -43.0618 -31.1872
    endloop
  endfacet
  facet normal 5.21254e-05 -0.173619 0.984813
    outer loop
      vertex -6.87768 -48 -32.058
      vertex -10.947 -43.0618 -31.1872
      vertex -6.72429 -50 -32.4106
    endloop
  endfacet
  facet normal 0.970029 -0.239298 -0.0421891
    outer loop
      vertex -10.5263 -39.06 -29.285
      vertex -10.7886 -39.8866 -30.6274
      vertex -10.5263 -38.8554 -30.4455
    endloop
  endfacet
  facet normal 0.970032 -0.239284 -0.0421983
    outer loop
      vertex -10.7886 -39.8866 -30.6274
      vertex -10.5263 -39.06 -29.285
      vertex -10.7886 -40.1585 -29.0856
    endloop
  endfacet
  facet normal 0.97003 -0.239292 -0.0421936
    outer loop
      vertex -10.5263 -53.7865 54.233
      vertex -10.7886 -42.4667 -15.995
      vertex -10.5263 -41.4034 -15.995
    endloop
  endfacet
  facet normal 0.97001 -0.239371 -0.0422064
    outer loop
      vertex -10.6063 -54.1009 54.1775
      vertex -10.7886 -42.4667 -15.995
      vertex -10.5263 -53.7865 54.233
    endloop
  endfacet
  facet normal 0.970036 -0.23927 -0.0421897
    outer loop
      vertex -10.7886 -42.4667 -15.995
      vertex -10.6063 -54.1009 54.1775
      vertex -10.7886 -54.8177 54.0512
    endloop
  endfacet
  facet normal 0.857763 -0.506254 -0.0891653
    outer loop
      vertex -9.52258 -36.6 -30.0478
      vertex -9.69997 -36.9243 -29.913
      vertex -9.70113 -36.8934 -30.0996
    endloop
  endfacet
  facet normal 0.857741 -0.506272 -0.0892699
    outer loop
      vertex -9.14616 -50.9127 54.7397
      vertex -9.61298 -39.2311 -15.995
      vertex -9.14616 -38.4402 -15.995
    endloop
  endfacet
  facet normal 0.857851 -0.50609 -0.0892406
    outer loop
      vertex -9.61298 -39.2311 -15.995
      vertex -9.14616 -50.9127 54.7397
      vertex -9.17092 -50.9534 54.7325
    endloop
  endfacet
  facet normal 2.59696e-05 -0.173654 0.984807
    outer loop
      vertex -9.46881 -36.8318 -30.0887
      vertex -9.51038 -36.6526 -30.0571
      vertex -10.1627 -37.8544 -30.269
    endloop
  endfacet
  facet normal 0 -0.173504 0.984833
    outer loop
      vertex -7.35803 -50 -32.4106
      vertex -7.77817 -49.66 -32.3507
      vertex -7.39726 -50 -32.4106
    endloop
  endfacet
  facet normal -0.000498632 -0.174102 0.984728
    outer loop
      vertex -7.77817 -49.66 -32.3507
      vertex -7.35803 -50 -32.4106
      vertex -8.50311 -48.8723 -32.2118
    endloop
  endfacet
  facet normal 0.903986 0.421069 0.0742343
    outer loop
      vertex -9.71151 -47.4363 -29.9043
      vertex -10.1627 -46.1456 -31.731
      vertex -10.1627 -46.5281 -29.5614
    endloop
  endfacet
  facet normal 0.903974 0.421091 0.0742533
    outer loop
      vertex -10.1627 -46.1456 -31.731
      vertex -9.71151 -47.4363 -29.9043
      vertex -9.70113 -47.1066 -31.9004
    endloop
  endfacet
  facet normal 0.903598 0.421874 0.0743879
    outer loop
      vertex -10.1421 -61.1195 52.94
      vertex -10.1627 -48 -21.214
      vertex -10.1627 -61.0767 52.9475
    endloop
  endfacet
  facet normal 0.903978 0.421084 0.074248
    outer loop
      vertex -10.1627 -48 -21.214
      vertex -10.1421 -61.1195 52.94
      vertex -9.72925 -48 -26.4913
    endloop
  endfacet
  facet normal 0.595811 -0.790924 -0.139459
    outer loop
      vertex -6.11127 -35.3585 -15.995
      vertex -6.93964 -48.5289 55.16
      vertex -6.24269 -35.4575 -15.995
    endloop
  endfacet
  facet normal 0.595684 -0.791016 -0.139478
    outer loop
      vertex -6.93964 -48.5289 55.16
      vertex -6.11127 -35.3585 -15.995
      vertex -6.11127 -47.9239 55.2667
    endloop
  endfacet
  facet normal -0.0505175 0.98355 0.173426
    outer loop
      vertex 1.07819 -52.9517 -31.9311
      vertex 1.03009 -67.7142 51.7772
      vertex 1.07819 -67.7118 51.7776
    endloop
  endfacet
  facet normal -0.049075 0.983621 0.17344
    outer loop
      vertex 1.03009 -67.7142 51.7772
      vertex 1.07819 -52.9517 -31.9311
      vertex 0.0117979 -53.0033 -31.9402
    endloop
  endfacet
  facet normal -0.671551 -0.729702 -0.128666
    outer loop
      vertex 6.97833 -36.0115 -15.995
      vertex 7.77817 -49.2711 55.0292
      vertex 6.97833 -48.5572 55.1551
    endloop
  endfacet
  facet normal -0.671551 -0.729702 -0.128666
    outer loop
      vertex 7.77817 -49.2711 55.0292
      vertex 6.97833 -36.0115 -15.995
      vertex 7.77817 -36.7476 -15.995
    endloop
  endfacet
  facet normal -0.94157 -0.331698 -0.0585018
    outer loop
      vertex 10.5263 -38.8554 -30.4455
      vertex 10.1627 -37.9792 -29.5614
      vertex 10.1627 -37.8544 -30.269
    endloop
  endfacet
  facet normal -0.941565 -0.331715 -0.0584825
    outer loop
      vertex 10.1627 -37.9792 -29.5614
      vertex 10.5263 -38.8554 -30.4455
      vertex 10.5263 -39.06 -29.285
    endloop
  endfacet
  facet normal -0.941568 -0.331706 -0.0584887
    outer loop
      vertex 10.5263 -41.4034 -15.995
      vertex 10.1627 -52.7855 54.4095
      vertex 10.1627 -40.3713 -15.995
    endloop
  endfacet
  facet normal -0.94157 -0.3317 -0.0584877
    outer loop
      vertex 10.1627 -52.7855 54.4095
      vertex 10.5263 -41.4034 -15.995
      vertex 10.5263 -53.7865 54.233
    endloop
  endfacet
  facet normal -0.000299114 -0.174038 0.984739
    outer loop
      vertex 9.51038 -36.6526 -30.0571
      vertex 9.70113 -36.8934 -30.0996
      vertex 9.52258 -36.6 -30.0478
    endloop
  endfacet
  facet normal 0.000695754 -0.173274 0.984873
    outer loop
      vertex 9.70113 -36.8934 -30.0996
      vertex 9.51038 -36.6526 -30.0571
      vertex 10.1627 -37.8544 -30.269
    endloop
  endfacet
  facet normal 0.000145566 -0.173634 0.98481
    outer loop
      vertex 10.947 -43.0618 -31.1872
      vertex 11 -42 -31
      vertex 10.5263 -38.8554 -30.4455
    endloop
  endfacet
  facet normal -0.672121 0.729192 0.128579
    outer loop
      vertex 7.77817 -64.5911 52.3278
      vertex 7.58885 -50 -31.4106
      vertex 7.74249 -64.623 52.3222
    endloop
  endfacet
  facet normal -0.671555 0.729698 0.128665
    outer loop
      vertex 7.77817 -49.66 -32.3507
      vertex 7.58885 -50 -31.4106
      vertex 7.77817 -64.5911 52.3278
    endloop
  endfacet
  facet normal -0.671558 0.729695 0.128664
    outer loop
      vertex 7.58885 -50 -31.4106
      vertex 7.77817 -49.66 -32.3507
      vertex 7.39726 -50 -32.4106
    endloop
  endfacet
  facet normal -0.67154 0.729711 0.128668
    outer loop
      vertex 7.74249 -64.623 52.3222
      vertex 7.58885 -50 -31.4106
      vertex 6.98708 -50.5371 -31.5053
    endloop
  endfacet
  facet normal 0.970029 0.239292 0.0422248
    outer loop
      vertex -10.7819 -44.5432 -29.0908
      vertex -10.5263 -45.1446 -31.5545
      vertex -10.7886 -44.1134 -31.3726
    endloop
  endfacet
  facet normal 0.970014 0.239356 0.0422076
    outer loop
      vertex -10.5263 -45.1446 -31.5545
      vertex -10.7819 -44.5432 -29.0908
      vertex -10.5263 -45.5448 -29.285
    endloop
  endfacet
  facet normal 0.970034 0.239279 0.0421911
    outer loop
      vertex -10.538 -60.0297 53.1321
      vertex -10.5263 -47.8882 -15.995
      vertex -10.743 -47.0097 -15.995
    endloop
  endfacet
  facet normal 0.97003 0.239295 0.042194
    outer loop
      vertex -10.5263 -47.8882 -15.995
      vertex -10.538 -60.0297 53.1321
      vertex -10.5263 -60.0757 53.124
    endloop
  endfacet
  facet normal 0.989176 0.144505 0.0254813
    outer loop
      vertex -10.947 -43.4536 -28.9653
      vertex -10.7886 -44.1134 -31.3726
      vertex -10.947 -43.0618 -31.1872
    endloop
  endfacet
  facet normal 0.989176 0.144502 0.0254821
    outer loop
      vertex -10.7886 -44.1134 -31.3726
      vertex -10.947 -43.4536 -28.9653
      vertex -10.7886 -44.5167 -29.0856
    endloop
  endfacet
  facet normal 0.989176 0.144504 0.0254799
    outer loop
      vertex -10.947 -57.9929 53.4913
      vertex -10.7886 -46.8249 -15.995
      vertex -10.947 -45.7406 -15.995
    endloop
  endfacet
  facet normal 0.989176 0.144505 0.0254801
    outer loop
      vertex -10.7886 -46.8249 -15.995
      vertex -10.947 -57.9929 53.4913
      vertex -10.7886 -59.0445 53.3059
    endloop
  endfacet
  facet normal 0.595711 0.790996 0.139474
    outer loop
      vertex -6.11127 -65.9383 52.0903
      vertex -6.97833 -50.5449 -31.5067
      vertex -6.97833 -65.305 52.202
    endloop
  endfacet
  facet normal 0.595711 0.790996 0.139474
    outer loop
      vertex -6.97833 -50.5449 -31.5067
      vertex -6.11127 -65.9383 52.0903
      vertex -6.11127 -51.1782 -31.6184
    endloop
  endfacet
  facet normal 0.866118 -0.492228 -0.0868947
    outer loop
      vertex -9.70113 -36.8934 -30.0996
      vertex -9.69997 -36.9243 -29.913
      vertex -9.70113 -36.9265 -29.9121
    endloop
  endfacet
  facet normal 0.857671 -0.506388 -0.0892887
    outer loop
      vertex -9.17092 -50.9534 54.7325
      vertex -9.70113 -39.3804 -15.995
      vertex -9.61298 -39.2311 -15.995
    endloop
  endfacet
  facet normal 0.857712 -0.506319 -0.0892778
    outer loop
      vertex -9.70113 -39.3804 -15.995
      vertex -9.17092 -50.9534 54.7325
      vertex -9.70113 -51.8245 54.5789
    endloop
  endfacet
  facet normal 0.42753 0.890267 0.156978
    outer loop
      vertex -4.20952 -66.9394 51.9138
      vertex -5.18536 -51.7248 -31.7147
      vertex -5.18536 -66.4849 51.9939
    endloop
  endfacet
  facet normal 0.427543 0.890261 0.156977
    outer loop
      vertex -5.18536 -51.7248 -31.7147
      vertex -4.20952 -66.9394 51.9138
      vertex -4.20952 -52.1793 -31.7949
    endloop
  endfacet
  facet normal 0.243031 -0.955282 -0.168442
    outer loop
      vertex -2.14599 -33.6907 -15.995
      vertex -3.19313 -46.5647 55.5064
      vertex -3.19313 -33.9571 -15.995
    endloop
  endfacet
  facet normal 0.242964 -0.955298 -0.168446
    outer loop
      vertex -3.19313 -46.5647 55.5064
      vertex -2.14599 -33.6907 -15.995
      vertex -2.14599 -46.3064 55.5519
    endloop
  endfacet
  facet normal 0.514089 -0.844706 -0.148944
    outer loop
      vertex -5.18536 -34.795 -15.995
      vertex -5.22667 -47.4017 55.3588
      vertex -5.97126 -35.2733 -15.995
    endloop
  endfacet
  facet normal 0.512837 -0.845444 -0.149075
    outer loop
      vertex -5.22667 -47.4017 55.3588
      vertex -5.18536 -34.795 -15.995
      vertex -5.18536 -47.3774 55.3631
    endloop
  endfacet
  facet normal -8.61791e-05 -0.173694 0.9848
    outer loop
      vertex 10.1627 -37.8544 -30.269
      vertex 9.46881 -36.8318 -30.0887
      vertex 9.37857 -37.2207 -30.1573
    endloop
  endfacet
  facet normal 0.94157 -0.331698 -0.0585018
    outer loop
      vertex -10.1627 -37.9792 -29.5614
      vertex -10.5263 -38.8554 -30.4455
      vertex -10.1627 -37.8544 -30.269
    endloop
  endfacet
  facet normal 0.941565 -0.331715 -0.0584825
    outer loop
      vertex -10.5263 -38.8554 -30.4455
      vertex -10.1627 -37.9792 -29.5614
      vertex -10.5263 -39.06 -29.285
    endloop
  endfacet
  facet normal 0.941568 -0.331706 -0.0584887
    outer loop
      vertex -10.1627 -52.7855 54.4095
      vertex -10.5263 -41.4034 -15.995
      vertex -10.1627 -40.3713 -15.995
    endloop
  endfacet
  facet normal 0.94157 -0.3317 -0.0584877
    outer loop
      vertex -10.5263 -41.4034 -15.995
      vertex -10.1627 -52.7855 54.4095
      vertex -10.5263 -53.7865 54.233
    endloop
  endfacet
  facet normal 1.57634e-05 -0.173627 0.984811
    outer loop
      vertex -10.7886 -39.8866 -30.6274
      vertex -10.947 -40.9382 -30.8128
      vertex -11 -42 -31
    endloop
  endfacet
  facet normal 0.989147 -0.144695 -0.0255164
    outer loop
      vertex -10.947 -40.9382 -30.8128
      vertex -10.9437 -41.241 -28.9678
      vertex -10.947 -41.264 -28.9653
    endloop
  endfacet
  facet normal 0.989198 -0.144361 -0.0254563
    outer loop
      vertex -10.7957 -54.8646 54.0429
      vertex -10.947 -43.551 -15.995
      vertex -10.9206 -43.3701 -15.995
    endloop
  endfacet
  facet normal 0.989181 -0.14447 -0.0254739
    outer loop
      vertex -10.947 -43.551 -15.995
      vertex -10.7957 -54.8646 54.0429
      vertex -10.947 -55.8693 53.8657
    endloop
  endfacet
  facet normal 0.000299114 -0.174038 0.984739
    outer loop
      vertex -9.70113 -36.8934 -30.0996
      vertex -9.51038 -36.6526 -30.0571
      vertex -9.52258 -36.6 -30.0478
    endloop
  endfacet
  facet normal -0.000695754 -0.173274 0.984873
    outer loop
      vertex -9.51038 -36.6526 -30.0571
      vertex -9.70113 -36.8934 -30.0996
      vertex -10.1627 -37.8544 -30.269
    endloop
  endfacet
  facet normal 0.242391 0.955438 0.168476
    outer loop
      vertex -2.14599 -67.5558 51.8051
      vertex -3.18167 -52.5403 -31.8585
      vertex -2.19271 -67.5443 51.8071
    endloop
  endfacet
  facet normal 0.242916 0.95531 0.168447
    outer loop
      vertex -3.18167 -52.5403 -31.8585
      vertex -2.14599 -67.5558 51.8051
      vertex -2.14599 -52.7957 -31.9036
    endloop
  endfacet
  facet normal -0.000145566 -0.173634 0.98481
    outer loop
      vertex -10.947 -43.0618 -31.1872
      vertex -10.5263 -38.8554 -30.4455
      vertex -11 -42 -31
    endloop
  endfacet
  facet normal 8.69733e-06 -0.17365 0.984807
    outer loop
      vertex -10.5263 -38.8554 -30.4455
      vertex -8.71196 -40.0939 -30.6639
      vertex -9.26129 -37.7262 -30.2464
    endloop
  endfacet
  facet normal 9.94244e-06 -0.173649 0.984808
    outer loop
      vertex -8.71196 -40.0939 -30.6639
      vertex -10.5263 -38.8554 -30.4455
      vertex -10.947 -43.0618 -31.1872
    endloop
  endfacet
  facet normal 0.857198 0.507163 0.0894289
    outer loop
      vertex -9.68872 -47.4765 -29.9216
      vertex -9.70113 -47.1066 -31.9004
      vertex -9.70113 -47.4572 -29.9121
    endloop
  endfacet
  facet normal 0.857738 0.506278 0.0892705
    outer loop
      vertex -9.17092 -62.9089 52.6245
      vertex -9.70113 -48 -26.8336
      vertex -9.70113 -62.0377 52.7781
    endloop
  endfacet
  facet normal 0.857767 0.50623 0.0892613
    outer loop
      vertex -9.70113 -48 -26.8336
      vertex -9.17092 -62.9089 52.6245
      vertex -9.67116 -48 -27.1216
    endloop
  endfacet
  facet normal 0.0490352 0.983623 0.17344
    outer loop
      vertex 0 -67.764 51.7684
      vertex -0.0117979 -53.0033 -31.9402
      vertex -1.03009 -67.7142 51.7772
    endloop
  endfacet
  facet normal 0.0514874 0.983502 0.173418
    outer loop
      vertex -0.0117979 -53.0033 -31.9402
      vertex 0 -67.764 51.7684
      vertex 0 -53.0039 -31.9403
    endloop
  endfacet
  facet normal -0.243057 0.955275 0.168441
    outer loop
      vertex 3.19313 -52.5374 -31.858
      vertex 2.75753 -67.405 51.8317
      vertex 3.19313 -67.2975 51.8506
    endloop
  endfacet
  facet normal -0.24294 0.955304 0.168447
    outer loop
      vertex 3.19313 -52.5374 -31.858
      vertex 2.19271 -67.5443 51.8071
      vertex 2.75753 -67.405 51.8317
    endloop
  endfacet
  facet normal -0.248717 0.953874 0.168121
    outer loop
      vertex 2.19271 -67.5443 51.8071
      vertex 3.19313 -52.5374 -31.858
      vertex 3.18167 -52.5403 -31.8585
    endloop
  endfacet
  facet normal -0.242391 0.955438 0.168476
    outer loop
      vertex 3.18167 -52.5403 -31.8585
      vertex 2.14599 -67.5558 51.8051
      vertex 2.19271 -67.5443 51.8071
    endloop
  endfacet
  facet normal -0.242916 0.95531 0.168447
    outer loop
      vertex 2.14599 -67.5558 51.8051
      vertex 3.18167 -52.5403 -31.8585
      vertex 2.14599 -52.7957 -31.9036
    endloop
  endfacet
  facet normal -1.57634e-05 -0.173627 0.984811
    outer loop
      vertex 11 -42 -31
      vertex 10.947 -40.9382 -30.8128
      vertex 10.7886 -39.8866 -30.6274
    endloop
  endfacet
  facet normal 0.000592446 -0.173568 0.984822
    outer loop
      vertex 11 -42 -31
      vertex 10.7886 -39.8866 -30.6274
      vertex 10.5263 -38.8554 -30.4455
    endloop
  endfacet
  facet normal -0.595684 -0.791016 -0.139478
    outer loop
      vertex 6.11127 -35.3585 -15.995
      vertex 6.93964 -48.5289 55.16
      vertex 6.11127 -47.9239 55.2667
    endloop
  endfacet
  facet normal -0.595811 -0.790924 -0.139459
    outer loop
      vertex 6.93964 -48.5289 55.16
      vertex 6.11127 -35.3585 -15.995
      vertex 6.24269 -35.4575 -15.995
    endloop
  endfacet
  facet normal -0.596054 -0.790747 -0.139424
    outer loop
      vertex 6.24269 -35.4575 -15.995
      vertex 6.97833 -48.5572 55.1551
      vertex 6.93964 -48.5289 55.16
    endloop
  endfacet
  facet normal -0.595696 -0.791007 -0.139476
    outer loop
      vertex 6.97833 -48.5572 55.1551
      vertex 6.24269 -35.4575 -15.995
      vertex 6.97833 -36.0115 -15.995
    endloop
  endfacet
  facet normal 0.427586 -0.890241 -0.156974
    outer loop
      vertex -4.20952 -34.3263 -15.995
      vertex -5.18536 -47.3774 55.3631
      vertex -5.18536 -34.795 -15.995
    endloop
  endfacet
  facet normal 0.427604 -0.890233 -0.156972
    outer loop
      vertex -5.18536 -47.3774 55.3631
      vertex -4.20952 -34.3263 -15.995
      vertex -4.20952 -46.9228 55.4432
    endloop
  endfacet
  facet normal -0.803198 -0.586661 -0.103444
    outer loop
      vertex 9.14616 -38.4402 -15.995
      vertex 8.50311 -50.0588 54.8903
      vertex 8.50311 -37.5598 -15.995
    endloop
  endfacet
  facet normal -0.803187 -0.586677 -0.103447
    outer loop
      vertex 9.14616 -38.4402 -15.995
      vertex 9.00486 -50.725 54.7728
      vertex 8.50311 -50.0588 54.8903
    endloop
  endfacet
  facet normal -0.80332 -0.5865 -0.103416
    outer loop
      vertex 9.00486 -50.725 54.7728
      vertex 9.14616 -38.4402 -15.995
      vertex 9.14616 -50.9127 54.7397
    endloop
  endfacet
  facet normal -0.903974 -0.421096 -0.0742282
    outer loop
      vertex 10.1627 -37.8544 -30.269
      vertex 9.70212 -36.9287 -29.9114
      vertex 9.70113 -36.8934 -30.0996
    endloop
  endfacet
  facet normal -0.903977 -0.421082 -0.0742666
    outer loop
      vertex 9.70212 -36.9287 -29.9114
      vertex 10.1627 -37.8544 -30.269
      vertex 10.1627 -37.9792 -29.5614
    endloop
  endfacet
  facet normal -0.903975 -0.421088 -0.0742497
    outer loop
      vertex 10.1627 -40.3713 -15.995
      vertex 10.1421 -52.7427 54.417
      vertex 9.77472 -39.5384 -15.995
    endloop
  endfacet
  facet normal -0.903598 -0.421874 -0.0743877
    outer loop
      vertex 10.1421 -52.7427 54.417
      vertex 10.1627 -40.3713 -15.995
      vertex 10.1627 -52.7855 54.4095
    endloop
  endfacet
  facet normal -0.94157 0.331702 0.0584789
    outer loop
      vertex 10.1627 -46.5281 -29.5614
      vertex 10.5263 -45.1446 -31.5545
      vertex 10.1627 -46.1456 -31.731
    endloop
  endfacet
  facet normal -0.941561 0.331723 0.0584956
    outer loop
      vertex 10.5263 -45.1446 -31.5545
      vertex 10.1627 -46.5281 -29.5614
      vertex 10.5263 -45.5448 -29.285
    endloop
  endfacet
  facet normal -0.941574 0.33169 0.0584861
    outer loop
      vertex 10.1627 -49.4859 -12.7872
      vertex 10.5263 -60.0757 53.124
      vertex 10.5263 -48.1673 -14.4117
    endloop
  endfacet
  facet normal -0.94157 0.3317 0.0584877
    outer loop
      vertex 10.5263 -60.0757 53.124
      vertex 10.1627 -49.4859 -12.7872
      vertex 10.1627 -61.0767 52.9475
    endloop
  endfacet
  facet normal -0.903916 0.421212 0.0742729
    outer loop
      vertex 9.71151 -47.4363 -29.9043
      vertex 9.70113 -47.1066 -31.9004
      vertex 9.70113 -47.4572 -29.9121
    endloop
  endfacet
  facet normal -0.90392 0.421205 0.0742675
    outer loop
      vertex 9.70113 -50.6651 -11.7188
      vertex 10.1421 -61.1195 52.94
      vertex 9.80485 -50.4027 -11.9446
    endloop
  endfacet
  facet normal -0.903991 0.421055 0.0742438
    outer loop
      vertex 10.1421 -61.1195 52.94
      vertex 9.70113 -50.6651 -11.7188
      vertex 9.70113 -62.0377 52.7781
    endloop
  endfacet
  facet normal -0.903974 0.421091 0.0742533
    outer loop
      vertex 9.71151 -47.4363 -29.9043
      vertex 10.1627 -46.1456 -31.731
      vertex 9.70113 -47.1066 -31.9004
    endloop
  endfacet
  facet normal -0.903986 0.421069 0.0742343
    outer loop
      vertex 10.1627 -46.1456 -31.731
      vertex 9.71151 -47.4363 -29.9043
      vertex 10.1627 -46.5281 -29.5614
    endloop
  endfacet
  facet normal -0.903993 0.421053 0.0742429
    outer loop
      vertex 10.0503 -49.7816 -12.4788
      vertex 10.1627 -61.0767 52.9475
      vertex 10.1627 -49.4859 -12.7872
    endloop
  endfacet
  facet normal -0.903971 0.421099 0.0742508
    outer loop
      vertex 9.80485 -50.4027 -11.9446
      vertex 10.1627 -61.0767 52.9475
      vertex 10.0503 -49.7816 -12.4788
    endloop
  endfacet
  facet normal -0.903598 0.421876 0.0743766
    outer loop
      vertex 10.1627 -61.0767 52.9475
      vertex 9.80485 -50.4027 -11.9446
      vertex 10.1421 -61.1195 52.94
    endloop
  endfacet
  facet normal 0.000411886 -0.17379 0.984783
    outer loop
      vertex 10.1627 -46.1456 -31.731
      vertex 10.5263 -45.1446 -31.5545
      vertex 9.70113 -47.1066 -31.9004
    endloop
  endfacet
  facet normal 0.000140045 -0.173605 0.984815
    outer loop
      vertex -10.7886 -44.1134 -31.3726
      vertex -9.70113 -47.1066 -31.9004
      vertex -10.947 -43.0618 -31.1872
    endloop
  endfacet
  facet normal 0.970565 0.237181 0.0418255
    outer loop
      vertex -10.7819 -44.5432 -29.0908
      vertex -10.7886 -44.1134 -31.3726
      vertex -10.7886 -44.5167 -29.0856
    endloop
  endfacet
  facet normal 0.970015 0.239354 0.0422045
    outer loop
      vertex -10.7886 -59.0445 53.3059
      vertex -10.743 -47.0097 -15.995
      vertex -10.7886 -46.8249 -15.995
    endloop
  endfacet
  facet normal 0.970029 0.239297 0.0421947
    outer loop
      vertex -10.743 -47.0097 -15.995
      vertex -10.7886 -59.0445 53.3059
      vertex -10.538 -60.0297 53.1321
    endloop
  endfacet
  facet normal 0.740953 0.661354 0.116615
    outer loop
      vertex -8.50311 -63.8034 52.4667
      vertex -7.77817 -49.66 -32.3507
      vertex -8.50311 -48.8723 -32.2118
    endloop
  endfacet
  facet normal 0.741514 0.660743 0.116517
    outer loop
      vertex -7.77817 -49.66 -32.3507
      vertex -8.50311 -63.8034 52.4667
      vertex -8.47077 -63.8386 52.4605
    endloop
  endfacet
  facet normal 0.740894 0.661419 0.116625
    outer loop
      vertex -7.99921 -64.3509 52.3702
      vertex -7.77817 -49.66 -32.3507
      vertex -8.47077 -63.8386 52.4605
    endloop
  endfacet
  facet normal 0.740997 0.661307 0.116606
    outer loop
      vertex -7.77817 -49.66 -32.3507
      vertex -7.99921 -64.3509 52.3702
      vertex -7.77817 -64.5911 52.3278
    endloop
  endfacet
  facet normal 0.989176 -0.144504 -0.0254837
    outer loop
      vertex -10.7886 -40.1585 -29.0856
      vertex -10.947 -40.9382 -30.8128
      vertex -10.7886 -39.8866 -30.6274
    endloop
  endfacet
  facet normal 0.989176 -0.144502 -0.0254848
    outer loop
      vertex -10.947 -40.9382 -30.8128
      vertex -10.7886 -40.1585 -29.0856
      vertex -10.9437 -41.241 -28.9678
    endloop
  endfacet
  facet normal 0.989172 -0.144533 -0.0254849
    outer loop
      vertex -10.7886 -54.8177 54.0512
      vertex -10.9206 -43.3701 -15.995
      vertex -10.7886 -42.4667 -15.995
    endloop
  endfacet
  facet normal 0.989071 -0.145202 -0.0255941
    outer loop
      vertex -10.9206 -43.3701 -15.995
      vertex -10.7886 -54.8177 54.0512
      vertex -10.7957 -54.8646 54.0429
    endloop
  endfacet
  facet normal 0.595696 -0.791007 -0.139476
    outer loop
      vertex -6.24269 -35.4575 -15.995
      vertex -6.97833 -48.5572 55.1551
      vertex -6.97833 -36.0115 -15.995
    endloop
  endfacet
  facet normal 0.596054 -0.790747 -0.139424
    outer loop
      vertex -6.97833 -48.5572 55.1551
      vertex -6.24269 -35.4575 -15.995
      vertex -6.93964 -48.5289 55.16
    endloop
  endfacet
  facet normal -0.146742 -0.974147 -0.171768
    outer loop
      vertex 1.07819 -33.5299 -15.995
      vertex 2.14599 -46.3064 55.5519
      vertex 1.07819 -46.1504 55.5794
    endloop
  endfacet
  facet normal -0.146698 -0.974153 -0.17177
    outer loop
      vertex 2.14599 -46.3064 55.5519
      vertex 1.07819 -33.5299 -15.995
      vertex 2.14599 -33.6907 -15.995
    endloop
  endfacet
  facet normal 0.243057 0.955275 0.168441
    outer loop
      vertex -2.75753 -67.405 51.8317
      vertex -3.19313 -52.5374 -31.858
      vertex -3.19313 -67.2975 51.8506
    endloop
  endfacet
  facet normal 0.24294 0.955304 0.168447
    outer loop
      vertex -2.19271 -67.5443 51.8071
      vertex -3.19313 -52.5374 -31.858
      vertex -2.75753 -67.405 51.8317
    endloop
  endfacet
  facet normal 0.248717 0.953874 0.168121
    outer loop
      vertex -3.19313 -52.5374 -31.858
      vertex -2.19271 -67.5443 51.8071
      vertex -3.18167 -52.5403 -31.8585
    endloop
  endfacet
  facet normal 0.514148 0.844671 0.148938
    outer loop
      vertex -5.18536 -66.4849 51.9939
      vertex -6.11127 -51.1782 -31.6184
      vertex -6.11127 -65.9383 52.0903
    endloop
  endfacet
  facet normal 0.514136 0.844678 0.14894
    outer loop
      vertex -6.11127 -51.1782 -31.6184
      vertex -5.18536 -66.4849 51.9939
      vertex -5.18536 -51.7248 -31.7147
    endloop
  endfacet
  facet normal 8.7232e-05 -0.173623 0.984812
    outer loop
      vertex -9.14616 -48.0184 -32.0612
      vertex -8.50311 -48.8723 -32.2118
      vertex -9.70113 -47.1066 -31.9004
    endloop
  endfacet
  facet normal 0 -0.173611 0.984814
    outer loop
      vertex -7.28994 -50 -32.4106
      vertex -8.50311 -48.8723 -32.2118
      vertex -7.35803 -50 -32.4106
    endloop
  endfacet
  facet normal -0.00018003 -0.173799 0.984781
    outer loop
      vertex -8.50311 -48.8723 -32.2118
      vertex -7.28994 -50 -32.4106
      vertex -9.70113 -47.1066 -31.9004
    endloop
  endfacet
  facet normal -0.42753 0.890267 0.156978
    outer loop
      vertex 5.18536 -51.7248 -31.7147
      vertex 4.20952 -66.9394 51.9138
      vertex 5.18536 -66.4849 51.9939
    endloop
  endfacet
  facet normal -0.427543 0.890261 0.156977
    outer loop
      vertex 4.20952 -66.9394 51.9138
      vertex 5.18536 -51.7248 -31.7147
      vertex 4.20952 -52.1793 -31.7949
    endloop
  endfacet
  facet normal 0 -0.173653 0.984807
    outer loop
      vertex 7.28994 -50 -32.4106
      vertex 9.70113 -47.1066 -31.9004
      vertex 7.03824 -50 -32.4106
    endloop
  endfacet
  facet normal -0.146742 0.974147 0.171768
    outer loop
      vertex 2.14599 -52.7957 -31.9036
      vertex 1.07819 -67.7118 51.7776
      vertex 2.14599 -67.5558 51.8051
    endloop
  endfacet
  facet normal -0.146978 0.974113 0.171759
    outer loop
      vertex 2.01886 -52.8143 -31.9069
      vertex 1.07819 -67.7118 51.7776
      vertex 2.14599 -52.7957 -31.9036
    endloop
  endfacet
  facet normal -0.146685 0.974155 0.17177
    outer loop
      vertex 1.60665 -52.8745 -31.9175
      vertex 1.07819 -67.7118 51.7776
      vertex 2.01886 -52.8143 -31.9069
    endloop
  endfacet
  facet normal -0.14678 0.974142 0.171767
    outer loop
      vertex 1.43281 -52.8999 -31.922
      vertex 1.07819 -67.7118 51.7776
      vertex 1.60665 -52.8745 -31.9175
    endloop
  endfacet
  facet normal -0.146704 0.974153 0.171769
    outer loop
      vertex 1.07819 -67.7118 51.7776
      vertex 1.43281 -52.8999 -31.922
      vertex 1.07819 -52.9517 -31.9311
    endloop
  endfacet
  facet normal -0.866118 -0.492228 -0.0868947
    outer loop
      vertex 9.70113 -36.8934 -30.0996
      vertex 9.70113 -36.9265 -29.9121
      vertex 9.69997 -36.9243 -29.913
    endloop
  endfacet
  facet normal -0.857671 -0.506388 -0.0892887
    outer loop
      vertex 9.70113 -39.3804 -15.995
      vertex 9.17092 -50.9534 54.7325
      vertex 9.61298 -39.2311 -15.995
    endloop
  endfacet
  facet normal -0.857712 -0.506319 -0.0892778
    outer loop
      vertex 9.17092 -50.9534 54.7325
      vertex 9.70113 -39.3804 -15.995
      vertex 9.70113 -51.8245 54.5789
    endloop
  endfacet
  facet normal -0.33686 -0.92725 -0.163499
    outer loop
      vertex 3.19313 -33.9571 -15.995
      vertex 4.20952 -46.9228 55.4432
      vertex 3.19313 -46.5647 55.5064
    endloop
  endfacet
  facet normal -0.336825 -0.927263 -0.163502
    outer loop
      vertex 4.20952 -46.9228 55.4432
      vertex 3.19313 -33.9571 -15.995
      vertex 4.20952 -34.3263 -15.995
    endloop
  endfacet
  facet normal -0.740956 -0.661351 -0.116614
    outer loop
      vertex 8.50311 -37.5598 -15.995
      vertex 7.77817 -49.2711 55.0292
      vertex 7.77817 -36.7476 -15.995
    endloop
  endfacet
  facet normal -0.740953 -0.661354 -0.116615
    outer loop
      vertex 7.77817 -49.2711 55.0292
      vertex 8.50311 -37.5598 -15.995
      vertex 8.50311 -50.0588 54.8903
    endloop
  endfacet
  facet normal -0.671515 0.729734 0.128672
    outer loop
      vertex 6.98708 -50.5371 -31.5053
      vertex 6.97833 -65.305 52.202
      vertex 7.74249 -64.623 52.3222
    endloop
  endfacet
  facet normal -0.671283 0.729941 0.128708
    outer loop
      vertex 6.97833 -65.305 52.202
      vertex 6.98708 -50.5371 -31.5053
      vertex 6.97833 -50.5449 -31.5067
    endloop
  endfacet
  facet normal -0.740894 0.661419 0.116625
    outer loop
      vertex 7.77817 -49.66 -32.3507
      vertex 7.99921 -64.3509 52.3702
      vertex 8.47077 -63.8386 52.4605
    endloop
  endfacet
  facet normal -0.740997 0.661307 0.116606
    outer loop
      vertex 7.99921 -64.3509 52.3702
      vertex 7.77817 -49.66 -32.3507
      vertex 7.77817 -64.5911 52.3278
    endloop
  endfacet
  facet normal -0.857746 0.506266 0.0892577
    outer loop
      vertex 9.70113 -47.1066 -31.9004
      vertex 9.3532 -48 -30.1766
      vertex 9.68872 -47.4765 -29.9216
    endloop
  endfacet
  facet normal -0.857719 0.506307 0.0892847
    outer loop
      vertex 9.14616 -48.0184 -32.0612
      vertex 9.3532 -48 -30.1766
      vertex 9.70113 -47.1066 -31.9004
    endloop
  endfacet
  facet normal -0.8577 0.506339 0.0892824
    outer loop
      vertex 9.14616 -48.5181 -29.2273
      vertex 9.3532 -48 -30.1766
      vertex 9.14616 -48.0184 -32.0612
    endloop
  endfacet
  facet normal -0.857757 0.506244 0.089273
    outer loop
      vertex 9.3532 -48 -30.1766
      vertex 9.26756 -48.3315 -29.1196
      vertex 9.48313 -48 -28.9282
    endloop
  endfacet
  facet normal -0.857649 0.506416 0.0893356
    outer loop
      vertex 9.3532 -48 -30.1766
      vertex 9.14616 -48.5181 -29.2273
      vertex 9.26756 -48.3315 -29.1196
    endloop
  endfacet
  facet normal -0.857708 0.506326 0.0892794
    outer loop
      vertex 9.17971 -51.5939 -11.4613
      vertex 9.17092 -62.9089 52.6245
      vertex 9.57377 -50.9026 -11.5961
    endloop
  endfacet
  facet normal -0.857659 0.506407 0.0892932
    outer loop
      vertex 9.14616 -62.9495 52.6173
      vertex 9.17971 -51.5939 -11.4613
      vertex 9.14616 -51.6473 -11.4807
    endloop
  endfacet
  facet normal -0.85731 0.506979 0.0893948
    outer loop
      vertex 9.17971 -51.5939 -11.4613
      vertex 9.14616 -62.9495 52.6173
      vertex 9.17092 -62.9089 52.6245
    endloop
  endfacet
  facet normal -0.000573147 -0.173856 0.984771
    outer loop
      vertex -10.5263 -45.1446 -31.5545
      vertex -9.70113 -47.1066 -31.9004
      vertex -10.7886 -44.1134 -31.3726
    endloop
  endfacet
  facet normal -0.000411886 -0.17379 0.984783
    outer loop
      vertex -10.1627 -46.1456 -31.731
      vertex -9.70113 -47.1066 -31.9004
      vertex -10.5263 -45.1446 -31.5545
    endloop
  endfacet
  facet normal 0.941561 0.331723 0.0584956
    outer loop
      vertex -10.1627 -46.5281 -29.5614
      vertex -10.5263 -45.1446 -31.5545
      vertex -10.5263 -45.5448 -29.285
    endloop
  endfacet
  facet normal 0.94157 0.331702 0.0584789
    outer loop
      vertex -10.5263 -45.1446 -31.5545
      vertex -10.1627 -46.5281 -29.5614
      vertex -10.1627 -46.1456 -31.731
    endloop
  endfacet
  facet normal 0.94153 0.331809 0.0585067
    outer loop
      vertex -10.5263 -60.0757 53.124
      vertex -10.4869 -48 -15.995
      vertex -10.5263 -47.8882 -15.995
    endloop
  endfacet
  facet normal 0.94157 0.3317 0.0584877
    outer loop
      vertex -10.1627 -61.0767 52.9475
      vertex -10.4869 -48 -15.995
      vertex -10.5263 -60.0757 53.124
    endloop
  endfacet
  facet normal 0.941567 0.331709 0.0584894
    outer loop
      vertex -10.4869 -48 -15.995
      vertex -10.1627 -61.0767 52.9475
      vertex -10.1627 -48 -21.214
    endloop
  endfacet
  facet normal 0.998806 -0.0481009 -0.00848243
    outer loop
      vertex -10.947 -40.9382 -30.8128
      vertex -10.947 -41.264 -28.9653
      vertex -10.9481 -41.287 -28.9644
    endloop
  endfacet
  facet normal 0.998788 -0.048469 -0.00854637
    outer loop
      vertex -10.947 -55.8693 53.8657
      vertex -10.9559 -43.7344 -15.995
      vertex -10.947 -43.551 -15.995
    endloop
  endfacet
  facet normal 0.998796 -0.0483198 -0.00852046
    outer loop
      vertex -10.9559 -43.7344 -15.995
      vertex -10.947 -55.8693 53.8657
      vertex -10.9976 -56.8837 53.6869
    endloop
  endfacet
  facet normal 0.0491014 -0.98362 -0.173439
    outer loop
      vertex -1.07819 -33.5299 -15.995
      vertex 0 -46.0982 55.5886
      vertex -1.07819 -46.1504 55.5794
    endloop
  endfacet
  facet normal 0.0490811 -0.983621 -0.173439
    outer loop
      vertex 0 -46.0982 55.5886
      vertex -1.07819 -33.5299 -15.995
      vertex 0 -33.4761 -15.995
    endloop
  endfacet
  facet normal -0.0491014 -0.98362 -0.173438
    outer loop
      vertex 0 -33.4761 -15.995
      vertex 1.07819 -46.1504 55.5794
      vertex 0 -46.0982 55.5886
    endloop
  endfacet
  facet normal -0.0490811 -0.983621 -0.173439
    outer loop
      vertex 1.07819 -46.1504 55.5794
      vertex 0 -33.4761 -15.995
      vertex 1.07819 -33.5299 -15.995
    endloop
  endfacet
  facet normal 0.803198 -0.586661 -0.103444
    outer loop
      vertex -8.50311 -50.0588 54.8903
      vertex -9.14616 -38.4402 -15.995
      vertex -8.50311 -37.5598 -15.995
    endloop
  endfacet
  facet normal 0.803187 -0.586677 -0.103447
    outer loop
      vertex -9.00486 -50.725 54.7728
      vertex -9.14616 -38.4402 -15.995
      vertex -8.50311 -50.0588 54.8903
    endloop
  endfacet
  facet normal 0.80332 -0.5865 -0.103416
    outer loop
      vertex -9.14616 -38.4402 -15.995
      vertex -9.00486 -50.725 54.7728
      vertex -9.14616 -50.9127 54.7397
    endloop
  endfacet
  facet normal 0.740956 -0.661351 -0.116614
    outer loop
      vertex -7.77817 -49.2711 55.0292
      vertex -8.50311 -37.5598 -15.995
      vertex -7.77817 -36.7476 -15.995
    endloop
  endfacet
  facet normal 0.740953 -0.661354 -0.116615
    outer loop
      vertex -8.50311 -37.5598 -15.995
      vertex -7.77817 -49.2711 55.0292
      vertex -8.50311 -50.0588 54.8903
    endloop
  endfacet
  facet normal 0.0505175 0.98355 0.173426
    outer loop
      vertex -1.03009 -67.7142 51.7772
      vertex -1.07819 -52.9517 -31.9311
      vertex -1.07819 -67.7118 51.7776
    endloop
  endfacet
  facet normal 0.049075 0.983621 0.17344
    outer loop
      vertex -1.07819 -52.9517 -31.9311
      vertex -1.03009 -67.7142 51.7772
      vertex -0.0117979 -53.0033 -31.9402
    endloop
  endfacet
  facet normal 0.803216 0.586638 0.10344
    outer loop
      vertex -8.5318 -63.7653 52.4734
      vertex -8.50311 -48.8723 -32.2118
      vertex -9.14616 -48.0184 -32.0612
    endloop
  endfacet
  facet normal 0.803212 0.586643 0.103441
    outer loop
      vertex -8.50311 -48.8723 -32.2118
      vertex -8.5318 -63.7653 52.4734
      vertex -8.50311 -63.8034 52.4667
    endloop
  endfacet
  facet normal 0.803216 0.586638 0.10344
    outer loop
      vertex -8.5318 -63.7653 52.4734
      vertex -9.14616 -48.0184 -32.0612
      vertex -9.14616 -62.9495 52.6173
    endloop
  endfacet
  facet normal 0.000498632 -0.174102 0.984728
    outer loop
      vertex 7.35803 -50 -32.4106
      vertex 7.77817 -49.66 -32.3507
      vertex 8.50311 -48.8723 -32.2118
    endloop
  endfacet
  facet normal 0 -0.173504 0.984833
    outer loop
      vertex 7.77817 -49.66 -32.3507
      vertex 7.35803 -50 -32.4106
      vertex 7.39726 -50 -32.4106
    endloop
  endfacet
  facet normal -0.740953 0.661355 0.116611
    outer loop
      vertex 7.77817 -49.66 -32.3507
      vertex 8.50311 -49.6509 -27.796
      vertex 8.50311 -48.8723 -32.2118
    endloop
  endfacet
  facet normal -0.741001 0.6613 0.116619
    outer loop
      vertex 7.77817 -49.66 -32.3507
      vertex 8.30142 -50.2625 -25.6094
      vertex 8.50311 -49.6509 -27.796
    endloop
  endfacet
  facet normal -0.740895 0.661418 0.116621
    outer loop
      vertex 7.77817 -49.66 -32.3507
      vertex 8.1345 -50.87 -23.2244
      vertex 8.30142 -50.2625 -25.6094
    endloop
  endfacet
  facet normal -0.74099 0.661314 0.116611
    outer loop
      vertex 7.77817 -49.66 -32.3507
      vertex 8.03371 -51.3776 -20.9862
      vertex 8.1345 -50.87 -23.2244
    endloop
  endfacet
  facet normal -0.740827 0.661492 0.116634
    outer loop
      vertex 7.77817 -49.66 -32.3507
      vertex 8 -51.7803 -18.9164
      vertex 8.03371 -51.3776 -20.9862
    endloop
  endfacet
  facet normal -0.740932 0.661378 0.116619
    outer loop
      vertex 8.47077 -63.8386 52.4605
      vertex 8.30142 -52.3258 -13.9076
      vertex 8.1345 -52.2567 -15.36
    endloop
  endfacet
  facet normal -0.741044 0.661255 0.116599
    outer loop
      vertex 8.47077 -63.8386 52.4605
      vertex 8.1345 -52.2567 -15.36
      vertex 8.03371 -52.0743 -17.035
    endloop
  endfacet
  facet normal -0.740615 0.661722 0.116675
    outer loop
      vertex 8.47077 -63.8386 52.4605
      vertex 8.03371 -52.0743 -17.035
      vertex 8 -51.7803 -18.9164
    endloop
  endfacet
  facet normal -0.740979 0.661326 0.116611
    outer loop
      vertex 8.47077 -63.8386 52.4605
      vertex 8 -51.7803 -18.9164
      vertex 7.77817 -49.66 -32.3507
    endloop
  endfacet
  facet normal -0.741514 0.660744 0.116511
    outer loop
      vertex 8.30142 -52.3258 -13.9076
      vertex 8.47077 -63.8386 52.4605
      vertex 8.50311 -63.8034 52.4667
    endloop
  endfacet
  facet normal -0.74091 0.661402 0.116623
    outer loop
      vertex 8.50311 -52.2867 -12.848
      vertex 8.30142 -52.3258 -13.9076
      vertex 8.50311 -63.8034 52.4667
    endloop
  endfacet
  facet normal 0.336825 -0.927263 -0.163502
    outer loop
      vertex -3.19313 -33.9571 -15.995
      vertex -4.20952 -46.9228 55.4432
      vertex -4.20952 -34.3263 -15.995
    endloop
  endfacet
  facet normal 0.33686 -0.92725 -0.163499
    outer loop
      vertex -4.20952 -46.9228 55.4432
      vertex -3.19313 -33.9571 -15.995
      vertex -3.19313 -46.5647 55.5064
    endloop
  endfacet
  facet normal -0.242964 -0.955298 -0.168446
    outer loop
      vertex 2.14599 -33.6907 -15.995
      vertex 3.19313 -46.5647 55.5064
      vertex 2.14599 -46.3064 55.5519
    endloop
  endfacet
  facet normal -0.243031 -0.955282 -0.168442
    outer loop
      vertex 3.19313 -46.5647 55.5064
      vertex 2.14599 -33.6907 -15.995
      vertex 3.19313 -33.9571 -15.995
    endloop
  endfacet
  facet normal -0.514139 -0.844676 -0.148939
    outer loop
      vertex 5.97126 -35.2733 -15.995
      vertex 6.11127 -47.9239 55.2667
      vertex 5.22667 -47.4017 55.3588
    endloop
  endfacet
  facet normal -0.514043 -0.844733 -0.14895
    outer loop
      vertex 6.11127 -47.9239 55.2667
      vertex 5.97126 -35.2733 -15.995
      vertex 6.11127 -35.3585 -15.995
    endloop
  endfacet
  facet normal -0.512837 -0.845444 -0.149075
    outer loop
      vertex 5.18536 -34.795 -15.995
      vertex 5.22667 -47.4017 55.3588
      vertex 5.18536 -47.3774 55.3631
    endloop
  endfacet
  facet normal -0.514089 -0.844706 -0.148944
    outer loop
      vertex 5.22667 -47.4017 55.3588
      vertex 5.18536 -34.795 -15.995
      vertex 5.97126 -35.2733 -15.995
    endloop
  endfacet
  facet normal -0.989176 0.144505 0.0254813
    outer loop
      vertex 10.7886 -44.1134 -31.3726
      vertex 10.947 -43.4536 -28.9653
      vertex 10.947 -43.0618 -31.1872
    endloop
  endfacet
  facet normal -0.989176 0.144502 0.0254821
    outer loop
      vertex 10.947 -43.4536 -28.9653
      vertex 10.7886 -44.1134 -31.3726
      vertex 10.7886 -44.5167 -29.0856
    endloop
  endfacet
  facet normal -0.989176 0.144504 0.0254799
    outer loop
      vertex 10.7886 -46.8249 -15.995
      vertex 10.947 -57.9929 53.4913
      vertex 10.947 -45.7406 -15.995
    endloop
  endfacet
  facet normal -0.989176 0.144505 0.0254801
    outer loop
      vertex 10.947 -57.9929 53.4913
      vertex 10.7886 -46.8249 -15.995
      vertex 10.7886 -59.0445 53.3059
    endloop
  endfacet
  facet normal -0.595711 0.790996 0.139474
    outer loop
      vertex 6.97833 -50.5449 -31.5067
      vertex 6.11127 -65.9383 52.0903
      vertex 6.97833 -65.305 52.202
    endloop
  endfacet
  facet normal -0.595711 0.790996 0.139474
    outer loop
      vertex 6.11127 -65.9383 52.0903
      vertex 6.97833 -50.5449 -31.5067
      vertex 6.11127 -51.1782 -31.6184
    endloop
  endfacet
  facet normal -0.803735 0.585948 0.10332
    outer loop
      vertex 9.14616 -48.5181 -29.2273
      vertex 9.14616 -48.0184 -32.0612
      vertex 9.12568 -48.5436 -29.242
    endloop
  endfacet
  facet normal -0.803289 0.586541 0.103421
    outer loop
      vertex 8.5318 -63.7653 52.4734
      vertex 9.14616 -51.6473 -11.4807
      vertex 8.99809 -51.8138 -11.6865
    endloop
  endfacet
  facet normal -0.803216 0.586638 0.10344
    outer loop
      vertex 9.14616 -51.6473 -11.4807
      vertex 8.5318 -63.7653 52.4734
      vertex 9.14616 -62.9495 52.6173
    endloop
  endfacet
  facet normal -0.803085 0.586809 0.103485
    outer loop
      vertex 9.14616 -48.0184 -32.0612
      vertex 9.03269 -48.6591 -29.3087
      vertex 9.12568 -48.5436 -29.242
    endloop
  endfacet
  facet normal -0.803296 0.586534 0.103412
    outer loop
      vertex 9.14616 -48.0184 -32.0612
      vertex 8.93977 -48.7746 -29.3754
      vertex 9.03269 -48.6591 -29.3087
    endloop
  endfacet
  facet normal -0.803216 0.586639 0.103436
    outer loop
      vertex 8.68262 -49.0941 -29.5599
      vertex 9.14616 -48.0184 -32.0612
      vertex 8.50311 -48.8723 -32.2118
    endloop
  endfacet
  facet normal -0.803214 0.58664 0.103448
    outer loop
      vertex 9.14616 -48.0184 -32.0612
      vertex 8.70414 -49.0674 -29.5445
      vertex 8.93977 -48.7746 -29.3754
    endloop
  endfacet
  facet normal -0.802476 0.587559 0.103961
    outer loop
      vertex 9.14616 -48.0184 -32.0612
      vertex 8.69365 -49.0804 -29.552
      vertex 8.70414 -49.0674 -29.5445
    endloop
  endfacet
  facet normal -0.803057 0.586837 0.103551
    outer loop
      vertex 9.14616 -48.0184 -32.0612
      vertex 8.68262 -49.0941 -29.5599
      vertex 8.69365 -49.0804 -29.552
    endloop
  endfacet
  facet normal -0.803204 0.586655 0.103436
    outer loop
      vertex 8.50311 -48.8723 -32.2118
      vertex 8.53284 -49.5501 -28.1367
      vertex 8.68262 -49.0941 -29.5599
    endloop
  endfacet
  facet normal -0.803366 0.586439 0.103402
    outer loop
      vertex 8.53284 -49.5501 -28.1367
      vertex 8.50311 -48.8723 -32.2118
      vertex 8.50311 -49.6509 -27.796
    endloop
  endfacet
  facet normal -0.803175 0.586692 0.10345
    outer loop
      vertex 8.50311 -63.8034 52.4667
      vertex 8.99809 -51.8138 -11.6865
      vertex 8.82655 -52.0066 -11.9249
    endloop
  endfacet
  facet normal -0.803234 0.586614 0.103435
    outer loop
      vertex 8.50311 -63.8034 52.4667
      vertex 8.82655 -52.0066 -11.9249
      vertex 8.53284 -52.2703 -12.7102
    endloop
  endfacet
  facet normal -0.803159 0.586713 0.103453
    outer loop
      vertex 8.50311 -63.8034 52.4667
      vertex 8.53284 -52.2703 -12.7102
      vertex 8.50311 -52.2867 -12.848
    endloop
  endfacet
  facet normal -0.803212 0.586643 0.103441
    outer loop
      vertex 8.99809 -51.8138 -11.6865
      vertex 8.50311 -63.8034 52.4667
      vertex 8.5318 -63.7653 52.4734
    endloop
  endfacet
  facet normal -8.7232e-05 -0.173623 0.984812
    outer loop
      vertex 9.14616 -48.0184 -32.0612
      vertex 9.70113 -47.1066 -31.9004
      vertex 8.50311 -48.8723 -32.2118
    endloop
  endfacet
  facet normal 0.671515 0.729734 0.128672
    outer loop
      vertex -6.97833 -65.305 52.202
      vertex -6.98708 -50.5371 -31.5053
      vertex -7.74249 -64.623 52.3222
    endloop
  endfacet
  facet normal 0.671283 0.729941 0.128708
    outer loop
      vertex -6.98708 -50.5371 -31.5053
      vertex -6.97833 -65.305 52.202
      vertex -6.97833 -50.5449 -31.5067
    endloop
  endfacet
  facet normal 0.998794 0.0483518 0.00852623
    outer loop
      vertex -11 -42.3659 -28.925
      vertex -10.947 -43.0618 -31.1872
      vertex -11 -42 -31
    endloop
  endfacet
  facet normal 0.998794 0.048352 0.00852618
    outer loop
      vertex -10.947 -43.0618 -31.1872
      vertex -11 -42.3659 -28.925
      vertex -10.947 -43.4536 -28.9653
    endloop
  endfacet
  facet normal 0.998794 0.0483523 0.0085258
    outer loop
      vertex -11 -56.9311 53.6785
      vertex -10.947 -45.7406 -15.995
      vertex -11 -44.6458 -15.995
    endloop
  endfacet
  facet normal 0.998794 0.0483519 0.00852574
    outer loop
      vertex -10.947 -45.7406 -15.995
      vertex -11 -56.9311 53.6785
      vertex -10.947 -57.9929 53.4913
    endloop
  endfacet
  facet normal 0.90006 -0.429131 -0.0757559
    outer loop
      vertex -9.70113 -36.8934 -30.0996
      vertex -9.70113 -36.9265 -29.9121
      vertex -9.70212 -36.9287 -29.9114
    endloop
  endfacet
  facet normal 0.903996 -0.421045 -0.0742417
    outer loop
      vertex -9.70113 -51.8245 54.5789
      vertex -9.77472 -39.5384 -15.995
      vertex -9.70113 -39.3804 -15.995
    endloop
  endfacet
  facet normal 0.903991 -0.421055 -0.0742435
    outer loop
      vertex -9.77472 -39.5384 -15.995
      vertex -9.70113 -51.8245 54.5789
      vertex -10.1421 -52.7427 54.417
    endloop
  endfacet
  facet normal 0.903974 -0.421096 -0.0742282
    outer loop
      vertex -9.70212 -36.9287 -29.9114
      vertex -10.1627 -37.8544 -30.269
      vertex -9.70113 -36.8934 -30.0996
    endloop
  endfacet
  facet normal 0.903977 -0.421082 -0.0742666
    outer loop
      vertex -10.1627 -37.8544 -30.269
      vertex -9.70212 -36.9287 -29.9114
      vertex -10.1627 -37.9792 -29.5614
    endloop
  endfacet
  facet normal 0.903975 -0.421088 -0.0742497
    outer loop
      vertex -10.1421 -52.7427 54.417
      vertex -10.1627 -40.3713 -15.995
      vertex -9.77472 -39.5384 -15.995
    endloop
  endfacet
  facet normal 0.903598 -0.421874 -0.0743877
    outer loop
      vertex -10.1627 -40.3713 -15.995
      vertex -10.1421 -52.7427 54.417
      vertex -10.1627 -52.7855 54.4095
    endloop
  endfacet
  facet normal -0.33686 0.92725 0.163499
    outer loop
      vertex 4.20952 -52.1793 -31.7949
      vertex 3.19313 -67.2975 51.8506
      vertex 4.20952 -66.9394 51.9138
    endloop
  endfacet
  facet normal -0.336846 0.927255 0.1635
    outer loop
      vertex 3.19313 -67.2975 51.8506
      vertex 4.20952 -52.1793 -31.7949
      vertex 3.19313 -52.5374 -31.858
    endloop
  endfacet
  facet normal -0.427604 -0.890233 -0.156972
    outer loop
      vertex 4.20952 -34.3263 -15.995
      vertex 5.18536 -47.3774 55.3631
      vertex 4.20952 -46.9228 55.4432
    endloop
  endfacet
  facet normal -0.427586 -0.890241 -0.156974
    outer loop
      vertex 5.18536 -47.3774 55.3631
      vertex 4.20952 -34.3263 -15.995
      vertex 5.18536 -34.795 -15.995
    endloop
  endfacet
  facet normal -0.514148 0.844671 0.148938
    outer loop
      vertex 6.11127 -51.1782 -31.6184
      vertex 5.18536 -66.4849 51.9939
      vertex 6.11127 -65.9383 52.0903
    endloop
  endfacet
  facet normal -0.514136 0.844678 0.14894
    outer loop
      vertex 5.18536 -66.4849 51.9939
      vertex 6.11127 -51.1782 -31.6184
      vertex 5.18536 -51.7248 -31.7147
    endloop
  endfacet
  facet normal -0.857198 0.507163 0.0894289
    outer loop
      vertex 9.70113 -47.4572 -29.9121
      vertex 9.70113 -47.1066 -31.9004
      vertex 9.68872 -47.4765 -29.9216
    endloop
  endfacet
  facet normal -0.857847 0.506098 0.0892391
    outer loop
      vertex 9.58893 -50.876 -11.6013
      vertex 9.70113 -62.0377 52.7781
      vertex 9.70113 -50.6651 -11.7188
    endloop
  endfacet
  facet normal -0.857729 0.506293 0.0892727
    outer loop
      vertex 9.57377 -50.9026 -11.5961
      vertex 9.70113 -62.0377 52.7781
      vertex 9.58893 -50.876 -11.6013
    endloop
  endfacet
  facet normal -0.857738 0.506278 0.0892701
    outer loop
      vertex 9.70113 -62.0377 52.7781
      vertex 9.57377 -50.9026 -11.5961
      vertex 9.17092 -62.9089 52.6245
    endloop
  endfacet
  facet normal 0.146742 0.974147 0.171768
    outer loop
      vertex -1.07819 -67.7118 51.7776
      vertex -2.14599 -52.7957 -31.9036
      vertex -2.14599 -67.5558 51.8051
    endloop
  endfacet
  facet normal 0.146978 0.974113 0.171759
    outer loop
      vertex -1.07819 -67.7118 51.7776
      vertex -2.01886 -52.8143 -31.9069
      vertex -2.14599 -52.7957 -31.9036
    endloop
  endfacet
  facet normal 0.146685 0.974155 0.17177
    outer loop
      vertex -1.07819 -67.7118 51.7776
      vertex -1.60665 -52.8745 -31.9175
      vertex -2.01886 -52.8143 -31.9069
    endloop
  endfacet
  facet normal 0.14678 0.974142 0.171767
    outer loop
      vertex -1.07819 -67.7118 51.7776
      vertex -1.43281 -52.8999 -31.922
      vertex -1.60665 -52.8745 -31.9175
    endloop
  endfacet
  facet normal 0.146704 0.974153 0.171769
    outer loop
      vertex -1.43281 -52.8999 -31.922
      vertex -1.07819 -67.7118 51.7776
      vertex -1.07819 -52.9517 -31.9311
    endloop
  endfacet
endsolid OpenSCAD_Model
