solid OpenSCAD_Model
  facet normal -0.42755 0.639219 0.639219
    outer loop
      vertex -33.9406 41.3646 48.4356
      vertex -27.5532 41.3794 52.6931
      vertex -27.5532 43.5007 50.5718
    endloop
  endfacet
  facet normal -0.42755 0.639219 0.639219
    outer loop
      vertex -27.5532 41.3794 52.6931
      vertex -33.9406 41.3646 48.4356
      vertex -33.9406 39.2432 50.557
    endloop
  endfacet
  facet normal 0.989176 0.103758 0.103759
    outer loop
      vertex 70.6165 4.27552 15.5892
      vertex 71.6533 1.45468 8.52575
      vertex 70.6165 6.39684 13.4679
    endloop
  endfacet
  facet normal 0.989176 0.103759 0.103758
    outer loop
      vertex 71.6533 1.45468 8.52575
      vertex 70.6165 4.27552 15.5892
      vertex 71.6533 -0.666636 10.6471
    endloop
  endfacet
  facet normal 0.998795 0.0346964 0.0346959
    outer loop
      vertex 71.6533 -0.666636 10.6471
      vertex 72 -3.53553 3.53553
      vertex 71.6533 1.45468 8.52575
    endloop
  endfacet
  facet normal 0.998795 0.034696 0.034696
    outer loop
      vertex 72 -3.53553 3.53553
      vertex 71.6533 -0.666636 10.6471
      vertex 72 -5.65685 5.65685
    endloop
  endfacet
  facet normal 0.970032 0.171812 0.171809
    outer loop
      vertex 68.8997 9.12203 20.4357
      vertex 70.6165 6.39684 13.4679
      vertex 68.8997 11.2433 18.3144
    endloop
  endfacet
  facet normal 0.970032 0.171809 0.17181
    outer loop
      vertex 70.6165 6.39684 13.4679
      vertex 68.8997 9.12203 20.4357
      vertex 70.6165 4.27552 15.5892
    endloop
  endfacet
  facet normal 0.336894 -0.665771 -0.665771
    outer loop
      vertex 20.9005 -54.3763 -43.0626
      vertex 27.5532 -50.5718 -43.5007
      vertex 27.5532 -52.6931 -41.3794
    endloop
  endfacet
  facet normal 0.336894 -0.665771 -0.665771
    outer loop
      vertex 27.5532 -50.5718 -43.5007
      vertex 20.9005 -54.3763 -43.0626
      vertex 20.9005 -52.255 -45.1839
    endloop
  endfacet
  facet normal -0.595709 0.567948 0.567948
    outer loop
      vertex -45.6763 35.8197 42.8908
      vertex -40.0011 36.6747 47.9884
      vertex -40.0011 38.796 45.8671
    endloop
  endfacet
  facet normal -0.595709 0.567948 0.567948
    outer loop
      vertex -40.0011 36.6747 47.9884
      vertex -45.6763 35.8197 42.8908
      vertex -45.6763 33.6984 45.0121
    endloop
  endfacet
  facet normal -0.242983 -0.685915 -0.685915
    outer loop
      vertex -20.9005 -54.3763 -43.0626
      vertex -14.0465 -53.469 -46.3979
      vertex -14.0465 -55.5903 -44.2766
    endloop
  endfacet
  facet normal -0.242983 -0.685915 -0.685915
    outer loop
      vertex -14.0465 -53.469 -46.3979
      vertex -20.9005 -54.3763 -43.0626
      vertex -20.9005 -52.255 -45.1839
    endloop
  endfacet
  facet normal 0.049067 0.706238 0.706272
    outer loop
      vertex 0 45.2548 56.5685
      vertex 7.05723 47.131 54.2021
      vertex 0 47.3762 54.4472
    endloop
  endfacet
  facet normal 0.049057 0.706255 0.706255
    outer loop
      vertex 7.05723 47.131 54.2021
      vertex 0 45.2548 56.5685
      vertex 7.05723 45.0097 56.3234
    endloop
  endfacet
  facet normal 0.14673 -0.699453 -0.699453
    outer loop
      vertex 7.05723 -54.2021 -47.131
      vertex 14.0465 -55.5903 -44.2766
      vertex 7.05723 -56.3234 -45.0097
    endloop
  endfacet
  facet normal 0.14673 -0.699453 -0.699453
    outer loop
      vertex 14.0465 -55.5903 -44.2766
      vertex 7.05723 -54.2021 -47.131
      vertex 14.0465 -53.469 -46.3979
    endloop
  endfacet
  facet normal 0.42755 0.639219 0.639219
    outer loop
      vertex 27.5532 41.3794 52.6931
      vertex 33.9406 41.3646 48.4356
      vertex 27.5532 43.5007 50.5718
    endloop
  endfacet
  facet normal 0.42755 0.639219 0.639219
    outer loop
      vertex 33.9406 41.3646 48.4356
      vertex 27.5532 41.3794 52.6931
      vertex 33.9406 39.2432 50.557
    endloop
  endfacet
  facet normal 0.14673 0.699453 0.699453
    outer loop
      vertex 14.0465 44.2766 55.5903
      vertex 7.05723 47.131 54.2021
      vertex 7.05723 45.0097 56.3234
    endloop
  endfacet
  facet normal 0.14673 0.699453 0.699453
    outer loop
      vertex 7.05723 47.131 54.2021
      vertex 14.0465 44.2766 55.5903
      vertex 14.0465 46.3979 53.469
    endloop
  endfacet
  facet normal -0.989176 0.103758 0.103759
    outer loop
      vertex -71.6533 1.45468 8.52575
      vertex -70.6165 4.27552 15.5892
      vertex -70.6165 6.39684 13.4679
    endloop
  endfacet
  facet normal -0.989176 0.103759 0.103758
    outer loop
      vertex -70.6165 4.27552 15.5892
      vertex -71.6533 1.45468 8.52575
      vertex -71.6533 -0.666636 10.6471
    endloop
  endfacet
  facet normal 0.803211 -0.42122 -0.42122
    outer loop
      vertex 59.8658 -33.9419 -22.6282
      vertex 55.6568 -35.8336 -28.7625
      vertex 59.8658 -31.8206 -24.7495
    endloop
  endfacet
  facet normal 0.803211 -0.42122 -0.42122
    outer loop
      vertex 55.6568 -35.8336 -28.7625
      vertex 59.8658 -33.9419 -22.6282
      vertex 55.6568 -37.9549 -26.6412
    endloop
  endfacet
  facet normal -0.740947 -0.474867 -0.474867
    outer loop
      vertex -50.9117 -39.5355 -32.4645
      vertex -55.6568 -37.9549 -26.6412
      vertex -55.6568 -35.8336 -28.7625
    endloop
  endfacet
  facet normal -0.740947 -0.474867 -0.474867
    outer loop
      vertex -55.6568 -37.9549 -26.6412
      vertex -50.9117 -39.5355 -32.4645
      vertex -50.9117 -41.6569 -30.3431
    endloop
  endfacet
  facet normal -0.514098 0.606508 0.606508
    outer loop
      vertex -40.0011 38.796 45.8671
      vertex -33.9406 39.2432 50.557
      vertex -33.9406 41.3646 48.4356
    endloop
  endfacet
  facet normal -0.514098 0.606508 0.606508
    outer loop
      vertex -33.9406 39.2432 50.557
      vertex -40.0011 38.796 45.8671
      vertex -40.0011 36.6747 47.9884
    endloop
  endfacet
  facet normal 0.514098 -0.606508 -0.606508
    outer loop
      vertex 33.9406 -48.4356 -41.3646
      vertex 40.0011 -47.9884 -36.6747
      vertex 33.9406 -50.557 -39.2432
    endloop
  endfacet
  facet normal 0.514098 -0.606508 -0.606508
    outer loop
      vertex 40.0011 -47.9884 -36.6747
      vertex 33.9406 -48.4356 -41.3646
      vertex 40.0011 -45.8671 -38.796
    endloop
  endfacet
  facet normal 0.989176 -0.103757 -0.103759
    outer loop
      vertex 71.6533 -10.6471 0.666636
      vertex 70.6165 -13.4679 -6.39684
      vertex 71.6533 -8.52575 -1.45468
    endloop
  endfacet
  facet normal 0.989176 -0.103759 -0.103758
    outer loop
      vertex 70.6165 -13.4679 -6.39684
      vertex 71.6533 -10.6471 0.666636
      vertex 70.6165 -15.5892 -4.27552
    endloop
  endfacet
  facet normal -0.14673 -0.699453 -0.699453
    outer loop
      vertex -14.0465 -55.5903 -44.2766
      vertex -7.05723 -54.2021 -47.131
      vertex -7.05723 -56.3234 -45.0097
    endloop
  endfacet
  facet normal -0.14673 -0.699453 -0.699453
    outer loop
      vertex -7.05723 -54.2021 -47.131
      vertex -14.0465 -55.5903 -44.2766
      vertex -14.0465 -53.469 -46.3979
    endloop
  endfacet
  facet normal 0.595709 -0.567948 -0.567948
    outer loop
      vertex 45.6763 -45.0121 -33.6984
      vertex 40.0011 -45.8671 -38.796
      vertex 45.6763 -42.8908 -35.8197
    endloop
  endfacet
  facet normal 0.595709 -0.567948 -0.567948
    outer loop
      vertex 40.0011 -45.8671 -38.796
      vertex 45.6763 -45.0121 -33.6984
      vertex 40.0011 -47.9884 -36.6747
    endloop
  endfacet
  facet normal 0.595709 0.567948 0.567948
    outer loop
      vertex 40.0011 36.6747 47.9884
      vertex 45.6763 35.8197 42.8908
      vertex 40.0011 38.796 45.8671
    endloop
  endfacet
  facet normal 0.595709 0.567948 0.567948
    outer loop
      vertex 45.6763 35.8197 42.8908
      vertex 40.0011 36.6747 47.9884
      vertex 45.6763 33.6984 45.0121
    endloop
  endfacet
  facet normal 0.970032 -0.171811 -0.17181
    outer loop
      vertex 70.6165 -15.5892 -4.27552
      vertex 68.8997 -18.3144 -11.2433
      vertex 70.6165 -13.4679 -6.39684
    endloop
  endfacet
  facet normal 0.970032 -0.171808 -0.171811
    outer loop
      vertex 68.8997 -18.3144 -11.2433
      vertex 70.6165 -15.5892 -4.27552
      vertex 68.8997 -20.4357 -9.12203
    endloop
  endfacet
  facet normal -0.857732 0.363522 0.363522
    outer loop
      vertex -63.4983 20.4641 27.5351
      vertex -59.8658 22.6282 33.9419
      vertex -59.8658 24.7495 31.8206
    endloop
  endfacet
  facet normal -0.857732 0.363522 0.363522
    outer loop
      vertex -59.8658 22.6282 33.9419
      vertex -63.4983 20.4641 27.5351
      vertex -63.4983 18.3427 29.6565
    endloop
  endfacet
  facet normal -0.941544 -0.238216 -0.23822
    outer loop
      vertex -66.5193 -23.0186 -15.9475
      vertex -68.8997 -20.4357 -9.12203
      vertex -68.8997 -18.3144 -11.2433
    endloop
  endfacet
  facet normal -0.941543 -0.238219 -0.238219
    outer loop
      vertex -68.8997 -20.4357 -9.12203
      vertex -66.5193 -23.0186 -15.9475
      vertex -66.5193 -25.1399 -13.8262
    endloop
  endfacet
  facet normal -0.14673 0.699453 0.699453
    outer loop
      vertex -7.05723 47.131 54.2021
      vertex -14.0465 44.2766 55.5903
      vertex -7.05723 45.0097 56.3234
    endloop
  endfacet
  facet normal -0.14673 0.699453 0.699453
    outer loop
      vertex -14.0465 44.2766 55.5903
      vertex -7.05723 47.131 54.2021
      vertex -14.0465 46.3979 53.469
    endloop
  endfacet
  facet normal 0.803211 0.42122 0.42122
    outer loop
      vertex 55.6568 26.6412 37.9549
      vertex 59.8658 24.7495 31.8206
      vertex 55.6568 28.7625 35.8336
    endloop
  endfacet
  facet normal 0.803211 0.42122 0.42122
    outer loop
      vertex 59.8658 24.7495 31.8206
      vertex 55.6568 26.6412 37.9549
      vertex 59.8658 22.6282 33.9419
    endloop
  endfacet
  facet normal -0.970032 -0.171811 -0.17181
    outer loop
      vertex -68.8997 -18.3144 -11.2433
      vertex -70.6165 -15.5892 -4.27552
      vertex -70.6165 -13.4679 -6.39684
    endloop
  endfacet
  facet normal -0.970032 -0.171808 -0.171811
    outer loop
      vertex -70.6165 -15.5892 -4.27552
      vertex -68.8997 -18.3144 -11.2433
      vertex -68.8997 -20.4357 -9.12203
    endloop
  endfacet
  facet normal -0.998795 -0.0346961 -0.0346961
    outer loop
      vertex -71.6533 -8.52575 -1.45468
      vertex -72 -5.65685 5.65685
      vertex -72 -3.53553 3.53553
    endloop
  endfacet
  facet normal -0.998795 -0.0346957 -0.0346963
    outer loop
      vertex -72 -5.65685 5.65685
      vertex -71.6533 -8.52575 -1.45468
      vertex -71.6533 -10.6471 0.666636
    endloop
  endfacet
  facet normal 0.514098 0.606508 0.606508
    outer loop
      vertex 40.0011 36.6747 47.9884
      vertex 33.9406 41.3646 48.4356
      vertex 33.9406 39.2432 50.557
    endloop
  endfacet
  facet normal 0.514098 0.606508 0.606508
    outer loop
      vertex 33.9406 41.3646 48.4356
      vertex 40.0011 36.6747 47.9884
      vertex 40.0011 38.796 45.8671
    endloop
  endfacet
  facet normal -0.903989 0.302327 0.302327
    outer loop
      vertex -66.5193 15.9475 23.0186
      vertex -63.4983 18.3427 29.6565
      vertex -63.4983 20.4641 27.5351
    endloop
  endfacet
  facet normal -0.903989 0.302327 0.302327
    outer loop
      vertex -63.4983 18.3427 29.6565
      vertex -66.5193 15.9475 23.0186
      vertex -66.5193 13.8262 25.1399
    endloop
  endfacet
  facet normal 0.998795 -0.0346961 -0.0346961
    outer loop
      vertex 72 -5.65685 5.65685
      vertex 71.6533 -8.52575 -1.45468
      vertex 72 -3.53553 3.53553
    endloop
  endfacet
  facet normal 0.998795 -0.0346957 -0.0346963
    outer loop
      vertex 71.6533 -8.52575 -1.45468
      vertex 72 -5.65685 5.65685
      vertex 71.6533 -10.6471 0.666636
    endloop
  endfacet
  facet normal 0.903989 -0.302327 -0.302327
    outer loop
      vertex 66.5193 -25.1399 -13.8262
      vertex 63.4983 -27.5351 -20.4641
      vertex 66.5193 -23.0186 -15.9475
    endloop
  endfacet
  facet normal 0.903989 -0.302327 -0.302327
    outer loop
      vertex 63.4983 -27.5351 -20.4641
      vertex 66.5193 -25.1399 -13.8262
      vertex 63.4983 -29.6565 -18.3427
    endloop
  endfacet
  facet normal 0.671555 0.523934 0.523934
    outer loop
      vertex 45.6763 33.6984 45.0121
      vertex 50.9117 32.4645 39.5355
      vertex 45.6763 35.8197 42.8908
    endloop
  endfacet
  facet normal 0.671555 0.523934 0.523934
    outer loop
      vertex 50.9117 32.4645 39.5355
      vertex 45.6763 33.6984 45.0121
      vertex 50.9117 30.3431 41.6569
    endloop
  endfacet
  facet normal -0.049067 0.706238 0.706272
    outer loop
      vertex -7.05723 47.131 54.2021
      vertex 0 45.2548 56.5685
      vertex 0 47.3762 54.4472
    endloop
  endfacet
  facet normal -0.049057 0.706255 0.706255
    outer loop
      vertex 0 45.2548 56.5685
      vertex -7.05723 47.131 54.2021
      vertex -7.05723 45.0097 56.3234
    endloop
  endfacet
  facet normal -0.740947 0.474867 0.474867
    outer loop
      vertex -55.6568 28.7625 35.8336
      vertex -50.9117 30.3431 41.6569
      vertex -50.9117 32.4645 39.5355
    endloop
  endfacet
  facet normal -0.740947 0.474867 0.474867
    outer loop
      vertex -50.9117 30.3431 41.6569
      vertex -55.6568 28.7625 35.8336
      vertex -55.6568 26.6412 37.9549
    endloop
  endfacet
  facet normal -0.671555 -0.523934 -0.523934
    outer loop
      vertex -45.6763 -42.8908 -35.8197
      vertex -50.9117 -41.6569 -30.3431
      vertex -50.9117 -39.5355 -32.4645
    endloop
  endfacet
  facet normal -0.671555 -0.523934 -0.523934
    outer loop
      vertex -50.9117 -41.6569 -30.3431
      vertex -45.6763 -42.8908 -35.8197
      vertex -45.6763 -45.0121 -33.6984
    endloop
  endfacet
  facet normal 0.049057 -0.706255 -0.706255
    outer loop
      vertex 0 -56.5685 -45.2548
      vertex 7.05723 -54.2021 -47.131
      vertex 7.05723 -56.3234 -45.0097
    endloop
  endfacet
  facet normal 0.049067 -0.706272 -0.706238
    outer loop
      vertex 7.05723 -54.2021 -47.131
      vertex 0 -56.5685 -45.2548
      vertex 0 -54.4472 -47.3762
    endloop
  endfacet
  facet normal 0.941544 0.238218 0.238218
    outer loop
      vertex 66.5193 13.8262 25.1399
      vertex 68.8997 11.2433 18.3144
      vertex 66.5193 15.9475 23.0186
    endloop
  endfacet
  facet normal 0.941543 0.23822 0.238217
    outer loop
      vertex 68.8997 11.2433 18.3144
      vertex 66.5193 13.8262 25.1399
      vertex 68.8997 9.12203 20.4357
    endloop
  endfacet
  facet normal 0.857732 -0.363522 -0.363522
    outer loop
      vertex 63.4983 -29.6565 -18.3427
      vertex 59.8658 -31.8206 -24.7495
      vertex 63.4983 -27.5351 -20.4641
    endloop
  endfacet
  facet normal 0.857732 -0.363522 -0.363522
    outer loop
      vertex 59.8658 -31.8206 -24.7495
      vertex 63.4983 -29.6565 -18.3427
      vertex 59.8658 -33.9419 -22.6282
    endloop
  endfacet
  facet normal -0.049057 -0.706255 -0.706255
    outer loop
      vertex -7.05723 -54.2021 -47.131
      vertex 0 -56.5685 -45.2548
      vertex -7.05723 -56.3234 -45.0097
    endloop
  endfacet
  facet normal -0.049067 -0.706272 -0.706238
    outer loop
      vertex 0 -56.5685 -45.2548
      vertex -7.05723 -54.2021 -47.131
      vertex 0 -54.4472 -47.3762
    endloop
  endfacet
  facet normal -0.242983 0.685915 0.685915
    outer loop
      vertex -14.0465 46.3979 53.469
      vertex -20.9005 43.0626 54.3763
      vertex -14.0465 44.2766 55.5903
    endloop
  endfacet
  facet normal -0.242983 0.685915 0.685915
    outer loop
      vertex -20.9005 43.0626 54.3763
      vertex -14.0465 46.3979 53.469
      vertex -20.9005 45.1839 52.255
    endloop
  endfacet
  facet normal 0.242983 -0.685915 -0.685915
    outer loop
      vertex 14.0465 -53.469 -46.3979
      vertex 20.9005 -54.3763 -43.0626
      vertex 14.0465 -55.5903 -44.2766
    endloop
  endfacet
  facet normal 0.242983 -0.685915 -0.685915
    outer loop
      vertex 20.9005 -54.3763 -43.0626
      vertex 14.0465 -53.469 -46.3979
      vertex 20.9005 -52.255 -45.1839
    endloop
  endfacet
  facet normal 0.42755 -0.639219 -0.639219
    outer loop
      vertex 27.5532 -52.6931 -41.3794
      vertex 33.9406 -48.4356 -41.3646
      vertex 33.9406 -50.557 -39.2432
    endloop
  endfacet
  facet normal 0.42755 -0.639219 -0.639219
    outer loop
      vertex 33.9406 -48.4356 -41.3646
      vertex 27.5532 -52.6931 -41.3794
      vertex 27.5532 -50.5718 -43.5007
    endloop
  endfacet
  facet normal -0.336894 -0.665771 -0.665771
    outer loop
      vertex -27.5532 -50.5718 -43.5007
      vertex -20.9005 -54.3763 -43.0626
      vertex -27.5532 -52.6931 -41.3794
    endloop
  endfacet
  facet normal -0.336894 -0.665771 -0.665771
    outer loop
      vertex -20.9005 -54.3763 -43.0626
      vertex -27.5532 -50.5718 -43.5007
      vertex -20.9005 -52.255 -45.1839
    endloop
  endfacet
  facet normal 0.903989 0.302327 0.302327
    outer loop
      vertex 63.4983 18.3427 29.6565
      vertex 66.5193 15.9475 23.0186
      vertex 63.4983 20.4641 27.5351
    endloop
  endfacet
  facet normal 0.903989 0.302327 0.302327
    outer loop
      vertex 66.5193 15.9475 23.0186
      vertex 63.4983 18.3427 29.6565
      vertex 66.5193 13.8262 25.1399
    endloop
  endfacet
  facet normal -0.671555 0.523934 0.523934
    outer loop
      vertex -50.9117 32.4645 39.5355
      vertex -45.6763 33.6984 45.0121
      vertex -45.6763 35.8197 42.8908
    endloop
  endfacet
  facet normal -0.671555 0.523934 0.523934
    outer loop
      vertex -45.6763 33.6984 45.0121
      vertex -50.9117 32.4645 39.5355
      vertex -50.9117 30.3431 41.6569
    endloop
  endfacet
  facet normal 0.857732 0.363522 0.363522
    outer loop
      vertex 59.8658 22.6282 33.9419
      vertex 63.4983 20.4641 27.5351
      vertex 59.8658 24.7495 31.8206
    endloop
  endfacet
  facet normal 0.857732 0.363522 0.363522
    outer loop
      vertex 63.4983 20.4641 27.5351
      vertex 59.8658 22.6282 33.9419
      vertex 63.4983 18.3427 29.6565
    endloop
  endfacet
  facet normal 0.336894 0.665771 0.665771
    outer loop
      vertex 27.5532 41.3794 52.6931
      vertex 20.9005 45.1839 52.255
      vertex 20.9005 43.0626 54.3763
    endloop
  endfacet
  facet normal 0.336894 0.665771 0.665771
    outer loop
      vertex 20.9005 45.1839 52.255
      vertex 27.5532 41.3794 52.6931
      vertex 27.5532 43.5007 50.5718
    endloop
  endfacet
  facet normal -0.336894 0.665771 0.665771
    outer loop
      vertex -20.9005 45.1839 52.255
      vertex -27.5532 41.3794 52.6931
      vertex -20.9005 43.0626 54.3763
    endloop
  endfacet
  facet normal -0.336894 0.665771 0.665771
    outer loop
      vertex -27.5532 41.3794 52.6931
      vertex -20.9005 45.1839 52.255
      vertex -27.5532 43.5007 50.5718
    endloop
  endfacet
  facet normal -0.857732 -0.363522 -0.363522
    outer loop
      vertex -59.8658 -31.8206 -24.7495
      vertex -63.4983 -29.6565 -18.3427
      vertex -63.4983 -27.5351 -20.4641
    endloop
  endfacet
  facet normal -0.857732 -0.363522 -0.363522
    outer loop
      vertex -63.4983 -29.6565 -18.3427
      vertex -59.8658 -31.8206 -24.7495
      vertex -59.8658 -33.9419 -22.6282
    endloop
  endfacet
  facet normal -0.514098 -0.606508 -0.606508
    outer loop
      vertex -40.0011 -47.9884 -36.6747
      vertex -33.9406 -48.4356 -41.3646
      vertex -33.9406 -50.557 -39.2432
    endloop
  endfacet
  facet normal -0.514098 -0.606508 -0.606508
    outer loop
      vertex -33.9406 -48.4356 -41.3646
      vertex -40.0011 -47.9884 -36.6747
      vertex -40.0011 -45.8671 -38.796
    endloop
  endfacet
  facet normal -0.42755 -0.639219 -0.639219
    outer loop
      vertex -33.9406 -48.4356 -41.3646
      vertex -27.5532 -52.6931 -41.3794
      vertex -33.9406 -50.557 -39.2432
    endloop
  endfacet
  facet normal -0.42755 -0.639219 -0.639219
    outer loop
      vertex -27.5532 -52.6931 -41.3794
      vertex -33.9406 -48.4356 -41.3646
      vertex -27.5532 -50.5718 -43.5007
    endloop
  endfacet
  facet normal 0.740947 0.474867 0.474867
    outer loop
      vertex 50.9117 30.3431 41.6569
      vertex 55.6568 28.7625 35.8336
      vertex 50.9117 32.4645 39.5355
    endloop
  endfacet
  facet normal 0.740947 0.474867 0.474867
    outer loop
      vertex 55.6568 28.7625 35.8336
      vertex 50.9117 30.3431 41.6569
      vertex 55.6568 26.6412 37.9549
    endloop
  endfacet
  facet normal 0.242983 0.685915 0.685915
    outer loop
      vertex 20.9005 43.0626 54.3763
      vertex 14.0465 46.3979 53.469
      vertex 14.0465 44.2766 55.5903
    endloop
  endfacet
  facet normal 0.242983 0.685915 0.685915
    outer loop
      vertex 14.0465 46.3979 53.469
      vertex 20.9005 43.0626 54.3763
      vertex 20.9005 45.1839 52.255
    endloop
  endfacet
  facet normal -0.803211 -0.42122 -0.42122
    outer loop
      vertex -55.6568 -35.8336 -28.7625
      vertex -59.8658 -33.9419 -22.6282
      vertex -59.8658 -31.8206 -24.7495
    endloop
  endfacet
  facet normal -0.803211 -0.42122 -0.42122
    outer loop
      vertex -59.8658 -33.9419 -22.6282
      vertex -55.6568 -35.8336 -28.7625
      vertex -55.6568 -37.9549 -26.6412
    endloop
  endfacet
  facet normal 0 -0.707109 0.707104
    outer loop
      vertex 65 -5.65685 5.65685
      vertex 72 -5.65685 5.65685
      vertex 71.6533 -0.666636 10.6471
    endloop
  endfacet
  facet normal -4.15152e-06 -0.707103 0.70711
    outer loop
      vertex 64.687 -1.1518 10.1619
      vertex 71.6533 -0.666636 10.6471
      vertex 70.6165 4.27552 15.5892
    endloop
  endfacet
  facet normal 0 -0.707104 0.707109
    outer loop
      vertex 72 -5.65685 5.65685
      vertex 65 -5.65685 5.65685
      vertex 71.6533 -10.6471 0.666636
    endloop
  endfacet
  facet normal 3.72879e-06 -0.707105 0.707108
    outer loop
      vertex 63.751 3.30988 14.6236
      vertex 70.6165 4.27552 15.5892
      vertex 68.8997 9.12203 20.4357
    endloop
  endfacet
  facet normal -3.63654e-06 -0.707107 0.707107
    outer loop
      vertex 64.687 -10.1619 1.1518
      vertex 71.6533 -10.6471 0.666636
      vertex 65 -5.65685 5.65685
    endloop
  endfacet
  facet normal 4.68154e-06 -0.707108 0.707106
    outer loop
      vertex 62.2011 7.68519 18.9989
      vertex 68.8997 9.12203 20.4357
      vertex 66.5193 13.8262 25.1399
    endloop
  endfacet
  facet normal -4.15152e-06 -0.70711 0.707103
    outer loop
      vertex 71.6533 -10.6471 0.666636
      vertex 64.687 -10.1619 1.1518
      vertex 70.6165 -15.5892 -4.27552
    endloop
  endfacet
  facet normal 4.43473e-06 -0.707106 0.707108
    outer loop
      vertex 63.751 -14.6236 -3.30988
      vertex 70.6165 -15.5892 -4.27552
      vertex 64.687 -10.1619 1.1518
    endloop
  endfacet
  facet normal -3.63654e-06 -0.707107 0.707107
    outer loop
      vertex 71.6533 -0.666636 10.6471
      vertex 64.687 -1.1518 10.1619
      vertex 65 -5.65685 5.65685
    endloop
  endfacet
  facet normal 4.43473e-06 -0.707108 0.707106
    outer loop
      vertex 70.6165 4.27552 15.5892
      vertex 63.751 3.30988 14.6236
      vertex 64.687 -1.1518 10.1619
    endloop
  endfacet
  facet normal 3.83438e-06 -0.707113 0.7071
    outer loop
      vertex 60.0522 11.932 23.2457
      vertex 66.5193 13.8262 25.1399
      vertex 63.4983 18.3427 29.6565
    endloop
  endfacet
  facet normal 3.60207e-06 -0.707105 0.707108
    outer loop
      vertex 68.8997 9.12203 20.4357
      vertex 62.2011 7.68519 18.9989
      vertex 63.751 3.30988 14.6236
    endloop
  endfacet
  facet normal -4.24736e-07 -0.707106 0.707108
    outer loop
      vertex 66.5193 13.8262 25.1399
      vertex 60.0522 11.932 23.2457
      vertex 62.2011 7.68519 18.9989
    endloop
  endfacet
  facet normal -1.33981e-05 -0.707104 0.707109
    outer loop
      vertex 57.3249 16.0095 27.3232
      vertex 63.4983 18.3427 29.6565
      vertex 59.8658 22.6282 33.9419
    endloop
  endfacet
  facet normal -9.1428e-06 -0.70711 0.707104
    outer loop
      vertex 63.4983 18.3427 29.6565
      vertex 57.3249 16.0095 27.3232
      vertex 60.0522 11.932 23.2457
    endloop
  endfacet
  facet normal 5.03413e-16 -0.707107 0.707107
    outer loop
      vertex 54.0455 19.8782 31.1919
      vertex 59.8658 22.6282 33.9419
      vertex 55.6568 26.6412 37.9549
    endloop
  endfacet
  facet normal 3.18645e-16 -0.707107 0.707107
    outer loop
      vertex 59.8658 22.6282 33.9419
      vertex 54.0455 19.8782 31.1919
      vertex 57.3249 16.0095 27.3232
    endloop
  endfacet
  facet normal 6.35636e-06 -0.707112 0.707101
    outer loop
      vertex 50.2457 23.5011 34.8148
      vertex 55.6568 26.6412 37.9549
      vertex 50.9117 30.3431 41.6569
    endloop
  endfacet
  facet normal -5.57624e-16 -0.707107 0.707107
    outer loop
      vertex 55.6568 26.6412 37.9549
      vertex 50.2457 23.5011 34.8148
      vertex 54.0455 19.8782 31.1919
    endloop
  endfacet
  facet normal 7.84783e-06 -0.707112 0.707101
    outer loop
      vertex 50.9117 30.3431 41.6569
      vertex 45.9619 26.8431 38.1569
      vertex 50.2457 23.5011 34.8148
    endloop
  endfacet
  facet normal -7.08489e-06 -0.707102 0.707112
    outer loop
      vertex 45.6763 33.6984 45.0121
      vertex 45.9619 26.8431 38.1569
      vertex 50.9117 30.3431 41.6569
    endloop
  endfacet
  facet normal -8.57949e-06 -0.707102 0.707112
    outer loop
      vertex 45.6763 33.6984 45.0121
      vertex 41.2356 29.8722 41.1859
      vertex 45.9619 26.8431 38.1569
    endloop
  endfacet
  facet normal 0 -0.707107 0.707107
    outer loop
      vertex 40.0011 36.6747 47.9884
      vertex 41.2356 29.8722 41.1859
      vertex 45.6763 33.6984 45.0121
    endloop
  endfacet
  facet normal 0 -0.707107 0.707107
    outer loop
      vertex 40.0011 36.6747 47.9884
      vertex 36.1121 32.5591 43.8728
      vertex 41.2356 29.8722 41.1859
    endloop
  endfacet
  facet normal 8.33103e-06 -0.707111 0.707103
    outer loop
      vertex 33.9406 39.2432 50.557
      vertex 36.1121 32.5591 43.8728
      vertex 40.0011 36.6747 47.9884
    endloop
  endfacet
  facet normal -5.19957e-06 -0.707113 0.707101
    outer loop
      vertex 33.9406 39.2432 50.557
      vertex 30.6408 34.878 46.1917
      vertex 36.1121 32.5591 43.8728
    endloop
  endfacet
  facet normal -1.31606e-05 -0.70711 0.707104
    outer loop
      vertex 27.5532 41.3794 52.6931
      vertex 30.6408 34.878 46.1917
      vertex 33.9406 39.2432 50.557
    endloop
  endfacet
  facet normal 1.45779e-05 -0.707103 0.70711
    outer loop
      vertex 27.5532 41.3794 52.6931
      vertex 24.8744 36.8064 48.1202
      vertex 30.6408 34.878 46.1917
    endloop
  endfacet
  facet normal 3.40725e-06 -0.7071 0.707114
    outer loop
      vertex 20.9005 43.0626 54.3763
      vertex 24.8744 36.8064 48.1202
      vertex 27.5532 41.3794 52.6931
    endloop
  endfacet
  facet normal -1.06207e-05 -0.707105 0.707109
    outer loop
      vertex 20.9005 43.0626 54.3763
      vertex 18.8685 38.326 49.6397
      vertex 24.8744 36.8064 48.1202
    endloop
  endfacet
  facet normal 0 -0.707107 0.707107
    outer loop
      vertex 14.0465 44.2766 55.5903
      vertex 18.8685 38.326 49.6397
      vertex 20.9005 43.0626 54.3763
    endloop
  endfacet
  facet normal 0 -0.707107 0.707107
    outer loop
      vertex 14.0465 44.2766 55.5903
      vertex 12.6809 39.4219 50.7356
      vertex 18.8685 38.326 49.6397
    endloop
  endfacet
  facet normal 0 -0.707107 0.707107
    outer loop
      vertex 7.05723 45.0097 56.3234
      vertex 12.6809 39.4219 50.7356
      vertex 14.0465 44.2766 55.5903
    endloop
  endfacet
  facet normal 8.76269e-16 -0.707107 0.707107
    outer loop
      vertex 7.05723 45.0097 56.3234
      vertex 6.37111 40.0838 51.3975
      vertex 12.6809 39.4219 50.7356
    endloop
  endfacet
  facet normal 3.59583e-17 -0.707107 0.707107
    outer loop
      vertex 0 45.2548 56.5685
      vertex 6.37111 40.0838 51.3975
      vertex 7.05723 45.0097 56.3234
    endloop
  endfacet
  facet normal -7.9662e-16 -0.707107 0.707107
    outer loop
      vertex 0 45.2548 56.5685
      vertex 0 40.3051 51.6188
      vertex 6.37111 40.0838 51.3975
    endloop
  endfacet
  facet normal 7.9662e-16 -0.707107 0.707107
    outer loop
      vertex 0 45.2548 56.5685
      vertex -6.37111 40.0838 51.3975
      vertex 0 40.3051 51.6188
    endloop
  endfacet
  facet normal -3.59583e-17 -0.707107 0.707107
    outer loop
      vertex -7.05723 45.0097 56.3234
      vertex -6.37111 40.0838 51.3975
      vertex 0 45.2548 56.5685
    endloop
  endfacet
  facet normal -8.76269e-16 -0.707107 0.707107
    outer loop
      vertex -7.05723 45.0097 56.3234
      vertex -12.6809 39.4219 50.7356
      vertex -6.37111 40.0838 51.3975
    endloop
  endfacet
  facet normal 0 -0.707107 0.707107
    outer loop
      vertex -14.0465 44.2766 55.5903
      vertex -12.6809 39.4219 50.7356
      vertex -7.05723 45.0097 56.3234
    endloop
  endfacet
  facet normal 0 -0.707107 0.707107
    outer loop
      vertex -14.0465 44.2766 55.5903
      vertex -18.8685 38.326 49.6397
      vertex -12.6809 39.4219 50.7356
    endloop
  endfacet
  facet normal 0 -0.707107 0.707107
    outer loop
      vertex -20.9005 43.0626 54.3763
      vertex -18.8685 38.326 49.6397
      vertex -14.0465 44.2766 55.5903
    endloop
  endfacet
  facet normal 1.06207e-05 -0.707105 0.707109
    outer loop
      vertex -20.9005 43.0626 54.3763
      vertex -24.8744 36.8064 48.1202
      vertex -18.8685 38.326 49.6397
    endloop
  endfacet
  facet normal -3.40725e-06 -0.7071 0.707114
    outer loop
      vertex -27.5532 41.3794 52.6931
      vertex -24.8744 36.8064 48.1202
      vertex -20.9005 43.0626 54.3763
    endloop
  endfacet
  facet normal -1.45779e-05 -0.707103 0.70711
    outer loop
      vertex -27.5532 41.3794 52.6931
      vertex -30.6408 34.878 46.1917
      vertex -24.8744 36.8064 48.1202
    endloop
  endfacet
  facet normal 1.31606e-05 -0.70711 0.707104
    outer loop
      vertex -33.9406 39.2432 50.557
      vertex -30.6408 34.878 46.1917
      vertex -27.5532 41.3794 52.6931
    endloop
  endfacet
  facet normal 5.19957e-06 -0.707113 0.707101
    outer loop
      vertex -33.9406 39.2432 50.557
      vertex -36.1121 32.5591 43.8728
      vertex -30.6408 34.878 46.1917
    endloop
  endfacet
  facet normal -8.33103e-06 -0.707111 0.707103
    outer loop
      vertex -40.0011 36.6747 47.9884
      vertex -36.1121 32.5591 43.8728
      vertex -33.9406 39.2432 50.557
    endloop
  endfacet
  facet normal 0 -0.707107 0.707107
    outer loop
      vertex -40.0011 36.6747 47.9884
      vertex -41.2356 29.8722 41.1859
      vertex -36.1121 32.5591 43.8728
    endloop
  endfacet
  facet normal 0 -0.707107 0.707107
    outer loop
      vertex -45.6763 33.6984 45.0121
      vertex -41.2356 29.8722 41.1859
      vertex -40.0011 36.6747 47.9884
    endloop
  endfacet
  facet normal 8.57949e-06 -0.707102 0.707112
    outer loop
      vertex -45.6763 33.6984 45.0121
      vertex -45.9619 26.8431 38.1569
      vertex -41.2356 29.8722 41.1859
    endloop
  endfacet
  facet normal 7.08489e-06 -0.707102 0.707112
    outer loop
      vertex -50.9117 30.3431 41.6569
      vertex -45.9619 26.8431 38.1569
      vertex -45.6763 33.6984 45.0121
    endloop
  endfacet
  facet normal -7.84783e-06 -0.707112 0.707101
    outer loop
      vertex -45.9619 26.8431 38.1569
      vertex -50.9117 30.3431 41.6569
      vertex -50.2457 23.5011 34.8148
    endloop
  endfacet
  facet normal -6.35636e-06 -0.707112 0.707101
    outer loop
      vertex -55.6568 26.6412 37.9549
      vertex -50.2457 23.5011 34.8148
      vertex -50.9117 30.3431 41.6569
    endloop
  endfacet
  facet normal 5.57624e-16 -0.707107 0.707107
    outer loop
      vertex -50.2457 23.5011 34.8148
      vertex -55.6568 26.6412 37.9549
      vertex -54.0455 19.8782 31.1919
    endloop
  endfacet
  facet normal -5.03413e-16 -0.707107 0.707107
    outer loop
      vertex -59.8658 22.6282 33.9419
      vertex -54.0455 19.8782 31.1919
      vertex -55.6568 26.6412 37.9549
    endloop
  endfacet
  facet normal -2.78815e-16 -0.707107 0.707107
    outer loop
      vertex -54.0455 19.8782 31.1919
      vertex -59.8658 22.6282 33.9419
      vertex -57.3249 16.0095 27.3232
    endloop
  endfacet
  facet normal 1.33981e-05 -0.707104 0.707109
    outer loop
      vertex -63.4983 18.3427 29.6565
      vertex -57.3249 16.0095 27.3232
      vertex -59.8658 22.6282 33.9419
    endloop
  endfacet
  facet normal 9.1428e-06 -0.70711 0.707104
    outer loop
      vertex -57.3249 16.0095 27.3232
      vertex -63.4983 18.3427 29.6565
      vertex -60.0522 11.932 23.2457
    endloop
  endfacet
  facet normal -3.83438e-06 -0.707113 0.7071
    outer loop
      vertex -66.5193 13.8262 25.1399
      vertex -60.0522 11.932 23.2457
      vertex -63.4983 18.3427 29.6565
    endloop
  endfacet
  facet normal 4.24736e-07 -0.707106 0.707108
    outer loop
      vertex -60.0522 11.932 23.2457
      vertex -66.5193 13.8262 25.1399
      vertex -62.2011 7.68519 18.9989
    endloop
  endfacet
  facet normal -4.68154e-06 -0.707108 0.707106
    outer loop
      vertex -68.8997 9.12203 20.4357
      vertex -62.2011 7.68519 18.9989
      vertex -66.5193 13.8262 25.1399
    endloop
  endfacet
  facet normal -3.60207e-06 -0.707105 0.707108
    outer loop
      vertex -62.2011 7.68519 18.9989
      vertex -68.8997 9.12203 20.4357
      vertex -63.751 3.30988 14.6236
    endloop
  endfacet
  facet normal -3.72879e-06 -0.707105 0.707108
    outer loop
      vertex -70.6165 4.27552 15.5892
      vertex -63.751 3.30988 14.6236
      vertex -68.8997 9.12203 20.4357
    endloop
  endfacet
  facet normal 3.72879e-06 -0.707108 0.707105
    outer loop
      vertex 70.6165 -15.5892 -4.27552
      vertex 63.751 -14.6236 -3.30988
      vertex 68.8997 -20.4357 -9.12203
    endloop
  endfacet
  facet normal 3.60207e-06 -0.707108 0.707105
    outer loop
      vertex 62.2011 -18.9989 -7.68519
      vertex 68.8997 -20.4357 -9.12203
      vertex 63.751 -14.6236 -3.30988
    endloop
  endfacet
  facet normal 4.68154e-06 -0.707106 0.707108
    outer loop
      vertex 68.8997 -20.4357 -9.12203
      vertex 62.2011 -18.9989 -7.68519
      vertex 66.5193 -25.1399 -13.8262
    endloop
  endfacet
  facet normal -4.24736e-07 -0.707108 0.707106
    outer loop
      vertex 60.0522 -23.2457 -11.932
      vertex 66.5193 -25.1399 -13.8262
      vertex 62.2011 -18.9989 -7.68519
    endloop
  endfacet
  facet normal 3.83438e-06 -0.7071 0.707113
    outer loop
      vertex 66.5193 -25.1399 -13.8262
      vertex 60.0522 -23.2457 -11.932
      vertex 63.4983 -29.6565 -18.3427
    endloop
  endfacet
  facet normal -9.1428e-06 -0.707104 0.70711
    outer loop
      vertex 57.3249 -27.3232 -16.0095
      vertex 63.4983 -29.6565 -18.3427
      vertex 60.0522 -23.2457 -11.932
    endloop
  endfacet
  facet normal -1.33981e-05 -0.707109 0.707104
    outer loop
      vertex 63.4983 -29.6565 -18.3427
      vertex 57.3249 -27.3232 -16.0095
      vertex 59.8658 -33.9419 -22.6282
    endloop
  endfacet
  facet normal 2.78815e-16 -0.707107 0.707107
    outer loop
      vertex 54.0455 -31.1919 -19.8782
      vertex 59.8658 -33.9419 -22.6282
      vertex 57.3249 -27.3232 -16.0095
    endloop
  endfacet
  facet normal 5.03413e-16 -0.707107 0.707107
    outer loop
      vertex 59.8658 -33.9419 -22.6282
      vertex 54.0455 -31.1919 -19.8782
      vertex 55.6568 -37.9549 -26.6412
    endloop
  endfacet
  facet normal -5.57624e-16 -0.707107 0.707107
    outer loop
      vertex 50.2457 -34.8148 -23.5011
      vertex 55.6568 -37.9549 -26.6412
      vertex 54.0455 -31.1919 -19.8782
    endloop
  endfacet
  facet normal 6.35636e-06 -0.707101 0.707112
    outer loop
      vertex 55.6568 -37.9549 -26.6412
      vertex 50.2457 -34.8148 -23.5011
      vertex 50.9117 -41.6569 -30.3431
    endloop
  endfacet
  facet normal 7.84783e-06 -0.707101 0.707112
    outer loop
      vertex 45.9619 -38.1569 -26.8431
      vertex 50.9117 -41.6569 -30.3431
      vertex 50.2457 -34.8148 -23.5011
    endloop
  endfacet
  facet normal -7.08489e-06 -0.707112 0.707102
    outer loop
      vertex 45.9619 -38.1569 -26.8431
      vertex 45.6763 -45.0121 -33.6984
      vertex 50.9117 -41.6569 -30.3431
    endloop
  endfacet
  facet normal -8.57949e-06 -0.707112 0.707102
    outer loop
      vertex 41.2356 -41.1859 -29.8722
      vertex 45.6763 -45.0121 -33.6984
      vertex 45.9619 -38.1569 -26.8431
    endloop
  endfacet
  facet normal 0 -0.707107 0.707107
    outer loop
      vertex 41.2356 -41.1859 -29.8722
      vertex 40.0011 -47.9884 -36.6747
      vertex 45.6763 -45.0121 -33.6984
    endloop
  endfacet
  facet normal 0 -0.707107 0.707107
    outer loop
      vertex 36.1121 -43.8728 -32.5591
      vertex 40.0011 -47.9884 -36.6747
      vertex 41.2356 -41.1859 -29.8722
    endloop
  endfacet
  facet normal 8.33103e-06 -0.707103 0.707111
    outer loop
      vertex 36.1121 -43.8728 -32.5591
      vertex 33.9406 -50.557 -39.2432
      vertex 40.0011 -47.9884 -36.6747
    endloop
  endfacet
  facet normal -5.19957e-06 -0.707101 0.707113
    outer loop
      vertex 30.6408 -46.1917 -34.878
      vertex 33.9406 -50.557 -39.2432
      vertex 36.1121 -43.8728 -32.5591
    endloop
  endfacet
  facet normal -1.31606e-05 -0.707104 0.70711
    outer loop
      vertex 30.6408 -46.1917 -34.878
      vertex 27.5532 -52.6931 -41.3794
      vertex 33.9406 -50.557 -39.2432
    endloop
  endfacet
  facet normal 1.45779e-05 -0.70711 0.707103
    outer loop
      vertex 24.8744 -48.1202 -36.8064
      vertex 27.5532 -52.6931 -41.3794
      vertex 30.6408 -46.1917 -34.878
    endloop
  endfacet
  facet normal 3.40725e-06 -0.707114 0.7071
    outer loop
      vertex 24.8744 -48.1202 -36.8064
      vertex 20.9005 -54.3763 -43.0626
      vertex 27.5532 -52.6931 -41.3794
    endloop
  endfacet
  facet normal -1.06207e-05 -0.707109 0.707105
    outer loop
      vertex 18.8685 -49.6397 -38.326
      vertex 20.9005 -54.3763 -43.0626
      vertex 24.8744 -48.1202 -36.8064
    endloop
  endfacet
  facet normal 0 -0.707107 0.707107
    outer loop
      vertex 18.8685 -49.6397 -38.326
      vertex 14.0465 -55.5903 -44.2766
      vertex 20.9005 -54.3763 -43.0626
    endloop
  endfacet
  facet normal 0 -0.707107 0.707107
    outer loop
      vertex 12.6809 -50.7356 -39.4219
      vertex 14.0465 -55.5903 -44.2766
      vertex 18.8685 -49.6397 -38.326
    endloop
  endfacet
  facet normal 0 -0.707107 0.707107
    outer loop
      vertex 12.6809 -50.7356 -39.4219
      vertex 7.05723 -56.3234 -45.0097
      vertex 14.0465 -55.5903 -44.2766
    endloop
  endfacet
  facet normal 8.96185e-16 -0.707107 0.707107
    outer loop
      vertex 6.37111 -51.3975 -40.0838
      vertex 7.05723 -56.3234 -45.0097
      vertex 12.6809 -50.7356 -39.4219
    endloop
  endfacet
  facet normal -7.9662e-16 -0.707107 0.707107
    outer loop
      vertex 0 -56.5685 -45.2548
      vertex 6.37111 -51.3975 -40.0838
      vertex 0 -51.6188 -40.3051
    endloop
  endfacet
  facet normal 7.19167e-17 -0.707107 0.707107
    outer loop
      vertex 6.37111 -51.3975 -40.0838
      vertex 0 -56.5685 -45.2548
      vertex 7.05723 -56.3234 -45.0097
    endloop
  endfacet
  facet normal 7.86662e-16 -0.707107 0.707107
    outer loop
      vertex -6.37111 -51.3975 -40.0838
      vertex 0 -56.5685 -45.2548
      vertex 0 -51.6188 -40.3051
    endloop
  endfacet
  facet normal -7.19167e-17 -0.707107 0.707107
    outer loop
      vertex -6.37111 -51.3975 -40.0838
      vertex -7.05723 -56.3234 -45.0097
      vertex 0 -56.5685 -45.2548
    endloop
  endfacet
  facet normal -8.86227e-16 -0.707107 0.707107
    outer loop
      vertex -12.6809 -50.7356 -39.4219
      vertex -7.05723 -56.3234 -45.0097
      vertex -6.37111 -51.3975 -40.0838
    endloop
  endfacet
  facet normal 0 -0.707107 0.707107
    outer loop
      vertex -12.6809 -50.7356 -39.4219
      vertex -14.0465 -55.5903 -44.2766
      vertex -7.05723 -56.3234 -45.0097
    endloop
  endfacet
  facet normal 0 -0.707107 0.707107
    outer loop
      vertex -18.8685 -49.6397 -38.326
      vertex -14.0465 -55.5903 -44.2766
      vertex -12.6809 -50.7356 -39.4219
    endloop
  endfacet
  facet normal 0 -0.707107 0.707107
    outer loop
      vertex -18.8685 -49.6397 -38.326
      vertex -20.9005 -54.3763 -43.0626
      vertex -14.0465 -55.5903 -44.2766
    endloop
  endfacet
  facet normal 1.06207e-05 -0.707109 0.707105
    outer loop
      vertex -24.8744 -48.1202 -36.8064
      vertex -20.9005 -54.3763 -43.0626
      vertex -18.8685 -49.6397 -38.326
    endloop
  endfacet
  facet normal -3.40725e-06 -0.707114 0.7071
    outer loop
      vertex -24.8744 -48.1202 -36.8064
      vertex -27.5532 -52.6931 -41.3794
      vertex -20.9005 -54.3763 -43.0626
    endloop
  endfacet
  facet normal -1.45779e-05 -0.70711 0.707103
    outer loop
      vertex -30.6408 -46.1917 -34.878
      vertex -27.5532 -52.6931 -41.3794
      vertex -24.8744 -48.1202 -36.8064
    endloop
  endfacet
  facet normal 1.31606e-05 -0.707104 0.70711
    outer loop
      vertex -30.6408 -46.1917 -34.878
      vertex -33.9406 -50.557 -39.2432
      vertex -27.5532 -52.6931 -41.3794
    endloop
  endfacet
  facet normal 5.19957e-06 -0.707101 0.707113
    outer loop
      vertex -36.1121 -43.8728 -32.5591
      vertex -33.9406 -50.557 -39.2432
      vertex -30.6408 -46.1917 -34.878
    endloop
  endfacet
  facet normal -8.33103e-06 -0.707103 0.707111
    outer loop
      vertex -36.1121 -43.8728 -32.5591
      vertex -40.0011 -47.9884 -36.6747
      vertex -33.9406 -50.557 -39.2432
    endloop
  endfacet
  facet normal 0 -0.707107 0.707107
    outer loop
      vertex -41.2356 -41.1859 -29.8722
      vertex -40.0011 -47.9884 -36.6747
      vertex -36.1121 -43.8728 -32.5591
    endloop
  endfacet
  facet normal 0 -0.707107 0.707107
    outer loop
      vertex -41.2356 -41.1859 -29.8722
      vertex -45.6763 -45.0121 -33.6984
      vertex -40.0011 -47.9884 -36.6747
    endloop
  endfacet
  facet normal 8.57949e-06 -0.707112 0.707102
    outer loop
      vertex -45.9619 -38.1569 -26.8431
      vertex -45.6763 -45.0121 -33.6984
      vertex -41.2356 -41.1859 -29.8722
    endloop
  endfacet
  facet normal -7.84783e-06 -0.707101 0.707112
    outer loop
      vertex -50.9117 -41.6569 -30.3431
      vertex -45.9619 -38.1569 -26.8431
      vertex -50.2457 -34.8148 -23.5011
    endloop
  endfacet
  facet normal 7.08489e-06 -0.707112 0.707102
    outer loop
      vertex -45.9619 -38.1569 -26.8431
      vertex -50.9117 -41.6569 -30.3431
      vertex -45.6763 -45.0121 -33.6984
    endloop
  endfacet
  facet normal 5.57624e-16 -0.707107 0.707107
    outer loop
      vertex -55.6568 -37.9549 -26.6412
      vertex -50.2457 -34.8148 -23.5011
      vertex -54.0455 -31.1919 -19.8782
    endloop
  endfacet
  facet normal -6.35636e-06 -0.707101 0.707112
    outer loop
      vertex -50.2457 -34.8148 -23.5011
      vertex -55.6568 -37.9549 -26.6412
      vertex -50.9117 -41.6569 -30.3431
    endloop
  endfacet
  facet normal -3.18645e-16 -0.707107 0.707107
    outer loop
      vertex -59.8658 -33.9419 -22.6282
      vertex -54.0455 -31.1919 -19.8782
      vertex -57.3249 -27.3232 -16.0095
    endloop
  endfacet
  facet normal -5.03413e-16 -0.707107 0.707107
    outer loop
      vertex -54.0455 -31.1919 -19.8782
      vertex -59.8658 -33.9419 -22.6282
      vertex -55.6568 -37.9549 -26.6412
    endloop
  endfacet
  facet normal 9.1428e-06 -0.707104 0.70711
    outer loop
      vertex -63.4983 -29.6565 -18.3427
      vertex -57.3249 -27.3232 -16.0095
      vertex -60.0522 -23.2457 -11.932
    endloop
  endfacet
  facet normal 4.24736e-07 -0.707108 0.707106
    outer loop
      vertex -66.5193 -25.1399 -13.8262
      vertex -60.0522 -23.2457 -11.932
      vertex -62.2011 -18.9989 -7.68519
    endloop
  endfacet
  facet normal 1.33981e-05 -0.707109 0.707104
    outer loop
      vertex -57.3249 -27.3232 -16.0095
      vertex -63.4983 -29.6565 -18.3427
      vertex -59.8658 -33.9419 -22.6282
    endloop
  endfacet
  facet normal -3.60207e-06 -0.707108 0.707105
    outer loop
      vertex -68.8997 -20.4357 -9.12203
      vertex -62.2011 -18.9989 -7.68519
      vertex -63.751 -14.6236 -3.30988
    endloop
  endfacet
  facet normal -4.43473e-06 -0.707106 0.707108
    outer loop
      vertex -70.6165 -15.5892 -4.27552
      vertex -63.751 -14.6236 -3.30988
      vertex -64.687 -10.1619 1.1518
    endloop
  endfacet
  facet normal 3.63654e-06 -0.707107 0.707107
    outer loop
      vertex -71.6533 -10.6471 0.666636
      vertex -64.687 -10.1619 1.1518
      vertex -65 -5.65685 5.65685
    endloop
  endfacet
  facet normal -4.43473e-06 -0.707108 0.707106
    outer loop
      vertex -63.751 3.30988 14.6236
      vertex -70.6165 4.27552 15.5892
      vertex -64.687 -1.1518 10.1619
    endloop
  endfacet
  facet normal -3.83438e-06 -0.7071 0.707113
    outer loop
      vertex -60.0522 -23.2457 -11.932
      vertex -66.5193 -25.1399 -13.8262
      vertex -63.4983 -29.6565 -18.3427
    endloop
  endfacet
  facet normal 4.15152e-06 -0.707103 0.70711
    outer loop
      vertex -71.6533 -0.666636 10.6471
      vertex -64.687 -1.1518 10.1619
      vertex -70.6165 4.27552 15.5892
    endloop
  endfacet
  facet normal -4.68154e-06 -0.707106 0.707108
    outer loop
      vertex -62.2011 -18.9989 -7.68519
      vertex -68.8997 -20.4357 -9.12203
      vertex -66.5193 -25.1399 -13.8262
    endloop
  endfacet
  facet normal 3.63654e-06 -0.707107 0.707107
    outer loop
      vertex -64.687 -1.1518 10.1619
      vertex -71.6533 -0.666636 10.6471
      vertex -65 -5.65685 5.65685
    endloop
  endfacet
  facet normal -3.72879e-06 -0.707108 0.707105
    outer loop
      vertex -63.751 -14.6236 -3.30988
      vertex -70.6165 -15.5892 -4.27552
      vertex -68.8997 -20.4357 -9.12203
    endloop
  endfacet
  facet normal 0 -0.707109 0.707104
    outer loop
      vertex -72 -5.65685 5.65685
      vertex -65 -5.65685 5.65685
      vertex -71.6533 -0.666636 10.6471
    endloop
  endfacet
  facet normal 4.15152e-06 -0.70711 0.707103
    outer loop
      vertex -64.687 -10.1619 1.1518
      vertex -71.6533 -10.6471 0.666636
      vertex -70.6165 -15.5892 -4.27552
    endloop
  endfacet
  facet normal 0 -0.707104 0.707109
    outer loop
      vertex -65 -5.65685 5.65685
      vertex -72 -5.65685 5.65685
      vertex -71.6533 -10.6471 0.666636
    endloop
  endfacet
  facet normal -0.989176 -0.103757 -0.103759
    outer loop
      vertex -70.6165 -13.4679 -6.39684
      vertex -71.6533 -10.6471 0.666636
      vertex -71.6533 -8.52575 -1.45468
    endloop
  endfacet
  facet normal -0.989176 -0.103759 -0.103758
    outer loop
      vertex -71.6533 -10.6471 0.666636
      vertex -70.6165 -13.4679 -6.39684
      vertex -70.6165 -15.5892 -4.27552
    endloop
  endfacet
  facet normal -0.970032 0.171812 0.171809
    outer loop
      vertex -70.6165 6.39684 13.4679
      vertex -68.8997 9.12203 20.4357
      vertex -68.8997 11.2433 18.3144
    endloop
  endfacet
  facet normal -0.970032 0.171809 0.17181
    outer loop
      vertex -68.8997 9.12203 20.4357
      vertex -70.6165 6.39684 13.4679
      vertex -70.6165 4.27552 15.5892
    endloop
  endfacet
  facet normal -0.595709 -0.567948 -0.567948
    outer loop
      vertex -40.0011 -45.8671 -38.796
      vertex -45.6763 -45.0121 -33.6984
      vertex -45.6763 -42.8908 -35.8197
    endloop
  endfacet
  facet normal -0.595709 -0.567948 -0.567948
    outer loop
      vertex -45.6763 -45.0121 -33.6984
      vertex -40.0011 -45.8671 -38.796
      vertex -40.0011 -47.9884 -36.6747
    endloop
  endfacet
  facet normal 0.941544 -0.238216 -0.23822
    outer loop
      vertex 68.8997 -20.4357 -9.12203
      vertex 66.5193 -23.0186 -15.9475
      vertex 68.8997 -18.3144 -11.2433
    endloop
  endfacet
  facet normal 0.941543 -0.238219 -0.238219
    outer loop
      vertex 66.5193 -23.0186 -15.9475
      vertex 68.8997 -20.4357 -9.12203
      vertex 66.5193 -25.1399 -13.8262
    endloop
  endfacet
  facet normal -0.903989 -0.302327 -0.302327
    outer loop
      vertex -63.4983 -27.5351 -20.4641
      vertex -66.5193 -25.1399 -13.8262
      vertex -66.5193 -23.0186 -15.9475
    endloop
  endfacet
  facet normal -0.903989 -0.302327 -0.302327
    outer loop
      vertex -66.5193 -25.1399 -13.8262
      vertex -63.4983 -27.5351 -20.4641
      vertex -63.4983 -29.6565 -18.3427
    endloop
  endfacet
  facet normal -0.941544 0.238218 0.238218
    outer loop
      vertex -68.8997 11.2433 18.3144
      vertex -66.5193 13.8262 25.1399
      vertex -66.5193 15.9475 23.0186
    endloop
  endfacet
  facet normal -0.941543 0.23822 0.238217
    outer loop
      vertex -66.5193 13.8262 25.1399
      vertex -68.8997 11.2433 18.3144
      vertex -68.8997 9.12203 20.4357
    endloop
  endfacet
  facet normal -0.803211 0.42122 0.42122
    outer loop
      vertex -59.8658 24.7495 31.8206
      vertex -55.6568 26.6412 37.9549
      vertex -55.6568 28.7625 35.8336
    endloop
  endfacet
  facet normal -0.803211 0.42122 0.42122
    outer loop
      vertex -55.6568 26.6412 37.9549
      vertex -59.8658 24.7495 31.8206
      vertex -59.8658 22.6282 33.9419
    endloop
  endfacet
  facet normal -0.998795 0.0346964 0.0346959
    outer loop
      vertex -72 -3.53553 3.53553
      vertex -71.6533 -0.666636 10.6471
      vertex -71.6533 1.45468 8.52575
    endloop
  endfacet
  facet normal -0.998795 0.034696 0.034696
    outer loop
      vertex -71.6533 -0.666636 10.6471
      vertex -72 -3.53553 3.53553
      vertex -72 -5.65685 5.65685
    endloop
  endfacet
  facet normal 0.740947 -0.474867 -0.474867
    outer loop
      vertex 55.6568 -37.9549 -26.6412
      vertex 50.9117 -39.5355 -32.4645
      vertex 55.6568 -35.8336 -28.7625
    endloop
  endfacet
  facet normal 0.740947 -0.474867 -0.474867
    outer loop
      vertex 50.9117 -39.5355 -32.4645
      vertex 55.6568 -37.9549 -26.6412
      vertex 50.9117 -41.6569 -30.3431
    endloop
  endfacet
  facet normal 0.671555 -0.523934 -0.523934
    outer loop
      vertex 50.9117 -41.6569 -30.3431
      vertex 45.6763 -42.8908 -35.8197
      vertex 50.9117 -39.5355 -32.4645
    endloop
  endfacet
  facet normal 0.671555 -0.523934 -0.523934
    outer loop
      vertex 45.6763 -42.8908 -35.8197
      vertex 50.9117 -41.6569 -30.3431
      vertex 45.6763 -45.0121 -33.6984
    endloop
  endfacet
  facet normal 9.97136e-06 0.707106 -0.707107
    outer loop
      vertex 6.37111 42.2051 49.2762
      vertex 0 47.3762 54.4472
      vertex 7.05723 47.131 54.2021
    endloop
  endfacet
  facet normal 1.48399e-06 0.707114 -0.7071
    outer loop
      vertex 12.6809 41.5433 48.6143
      vertex 7.05723 47.131 54.2021
      vertex 14.0465 46.3979 53.469
    endloop
  endfacet
  facet normal -4.96213e-07 0.7071 -0.707114
    outer loop
      vertex 0 47.3762 54.4472
      vertex 6.37111 42.2051 49.2762
      vertex 0 42.4264 49.4975
    endloop
  endfacet
  facet normal 0 0.707107 -0.707107
    outer loop
      vertex 18.8685 40.4473 47.5184
      vertex 14.0465 46.3979 53.469
      vertex 20.9005 45.1839 52.255
    endloop
  endfacet
  facet normal -9.97136e-06 0.707106 -0.707107
    outer loop
      vertex 0 47.3762 54.4472
      vertex -6.37111 42.2051 49.2762
      vertex -7.05723 47.131 54.2021
    endloop
  endfacet
  facet normal 3.40725e-06 0.707114 -0.7071
    outer loop
      vertex 24.8744 38.9278 45.9988
      vertex 20.9005 45.1839 52.255
      vertex 27.5532 43.5007 50.5718
    endloop
  endfacet
  facet normal 1.10451e-05 0.707108 -0.707106
    outer loop
      vertex -12.6809 41.5433 48.6143
      vertex -7.05723 47.131 54.2021
      vertex -6.37111 42.2051 49.2762
    endloop
  endfacet
  facet normal -1.48399e-06 0.707114 -0.7071
    outer loop
      vertex -7.05723 47.131 54.2021
      vertex -12.6809 41.5433 48.6143
      vertex -14.0465 46.3979 53.469
    endloop
  endfacet
  facet normal 4.96213e-07 0.7071 -0.707114
    outer loop
      vertex -6.37111 42.2051 49.2762
      vertex 0 47.3762 54.4472
      vertex 0 42.4264 49.4975
    endloop
  endfacet
  facet normal -1.10451e-05 0.707108 -0.707106
    outer loop
      vertex 7.05723 47.131 54.2021
      vertex 12.6809 41.5433 48.6143
      vertex 6.37111 42.2051 49.2762
    endloop
  endfacet
  facet normal -8.83646e-06 0.70711 -0.707103
    outer loop
      vertex 30.6408 36.9993 44.0703
      vertex 27.5532 43.5007 50.5718
      vertex 33.9406 41.3646 48.4356
    endloop
  endfacet
  facet normal 1.33429e-05 0.707112 -0.707101
    outer loop
      vertex 14.0465 46.3979 53.469
      vertex 18.8685 40.4473 47.5184
      vertex 12.6809 41.5433 48.6143
    endloop
  endfacet
  facet normal -1.06207e-05 0.707109 -0.707105
    outer loop
      vertex 20.9005 45.1839 52.255
      vertex 24.8744 38.9278 45.9988
      vertex 18.8685 40.4473 47.5184
    endloop
  endfacet
  facet normal 8.33103e-06 0.707103 -0.707111
    outer loop
      vertex 36.1121 34.6804 41.7515
      vertex 33.9406 41.3646 48.4356
      vertex 40.0011 38.796 45.8671
    endloop
  endfacet
  facet normal 4.32419e-06 0.707113 -0.7071
    outer loop
      vertex 27.5532 43.5007 50.5718
      vertex 30.6408 36.9993 44.0703
      vertex 24.8744 38.9278 45.9988
    endloop
  endfacet
  facet normal 2.1575e-16 0.707107 -0.707107
    outer loop
      vertex 41.2356 31.9935 39.0646
      vertex 40.0011 38.796 45.8671
      vertex 45.6763 35.8197 42.8908
    endloop
  endfacet
  facet normal 9.78809e-06 0.707103 -0.70711
    outer loop
      vertex 33.9406 41.3646 48.4356
      vertex 36.1121 34.6804 41.7515
      vertex 30.6408 36.9993 44.0703
    endloop
  endfacet
  facet normal -7.08489e-06 0.707112 -0.707102
    outer loop
      vertex 45.9619 28.9645 36.0355
      vertex 45.6763 35.8197 42.8908
      vertex 50.9117 32.4645 39.5355
    endloop
  endfacet
  facet normal -3.18642e-16 0.707107 -0.707107
    outer loop
      vertex 40.0011 38.796 45.8671
      vertex 41.2356 31.9935 39.0646
      vertex 36.1121 34.6804 41.7515
    endloop
  endfacet
  facet normal -8.57949e-06 0.707112 -0.707102
    outer loop
      vertex 45.6763 35.8197 42.8908
      vertex 45.9619 28.9645 36.0355
      vertex 41.2356 31.9935 39.0646
    endloop
  endfacet
  facet normal 6.35636e-06 0.707101 -0.707112
    outer loop
      vertex 50.2457 25.6224 32.6935
      vertex 50.9117 32.4645 39.5355
      vertex 55.6568 28.7625 35.8336
    endloop
  endfacet
  facet normal 7.84783e-06 0.707101 -0.707112
    outer loop
      vertex 50.9117 32.4645 39.5355
      vertex 50.2457 25.6224 32.6935
      vertex 45.9619 28.9645 36.0355
    endloop
  endfacet
  facet normal 8.12341e-06 0.707111 -0.707103
    outer loop
      vertex 54.0455 21.9996 29.0706
      vertex 55.6568 28.7625 35.8336
      vertex 59.8658 24.7495 31.8206
    endloop
  endfacet
  facet normal -7.04094e-06 0.707113 -0.707101
    outer loop
      vertex 55.6568 28.7625 35.8336
      vertex 54.0455 21.9996 29.0706
      vertex 50.2457 25.6224 32.6935
    endloop
  endfacet
  facet normal -4.72322e-06 0.707113 -0.707101
    outer loop
      vertex 57.3249 18.1308 25.2018
      vertex 59.8658 24.7495 31.8206
      vertex 63.4983 20.4641 27.5351
    endloop
  endfacet
  facet normal 8.67477e-06 0.70711 -0.707103
    outer loop
      vertex 59.8658 24.7495 31.8206
      vertex 57.3249 18.1308 25.2018
      vertex 54.0455 21.9996 29.0706
    endloop
  endfacet
  facet normal 3.83438e-06 0.7071 -0.707113
    outer loop
      vertex 60.0522 14.0533 21.1244
      vertex 63.4983 20.4641 27.5351
      vertex 66.5193 15.9475 23.0186
    endloop
  endfacet
  facet normal 5.23188e-06 0.7071 -0.707114
    outer loop
      vertex 63.4983 20.4641 27.5351
      vertex 60.0522 14.0533 21.1244
      vertex 57.3249 18.1308 25.2018
    endloop
  endfacet
  facet normal 9.5225e-07 0.707107 -0.707107
    outer loop
      vertex 62.2011 9.80651 16.8776
      vertex 66.5193 15.9475 23.0186
      vertex 68.8997 11.2433 18.3144
    endloop
  endfacet
  facet normal -4.24736e-07 0.707108 -0.707106
    outer loop
      vertex 66.5193 15.9475 23.0186
      vertex 62.2011 9.80651 16.8776
      vertex 60.0522 14.0533 21.1244
    endloop
  endfacet
  facet normal -4.70613e-06 0.707109 -0.707105
    outer loop
      vertex 63.751 5.4312 12.5023
      vertex 68.8997 11.2433 18.3144
      vertex 70.6165 6.39684 13.4679
    endloop
  endfacet
  facet normal 1.30323e-06 0.707106 -0.707107
    outer loop
      vertex 68.8997 11.2433 18.3144
      vertex 63.751 5.4312 12.5023
      vertex 62.2011 9.80651 16.8776
    endloop
  endfacet
  facet normal 4.98378e-07 0.707106 -0.707107
    outer loop
      vertex 64.687 0.969524 8.04059
      vertex 70.6165 6.39684 13.4679
      vertex 71.6533 1.45468 8.52575
    endloop
  endfacet
  facet normal -4.73785e-06 0.707109 -0.707105
    outer loop
      vertex 70.6165 6.39684 13.4679
      vertex 64.687 0.969524 8.04059
      vertex 63.751 5.4312 12.5023
    endloop
  endfacet
  facet normal 0 0.707107 -0.707106
    outer loop
      vertex 65 -3.53553 3.53553
      vertex 71.6533 1.45468 8.52575
      vertex 72 -3.53553 3.53553
    endloop
  endfacet
  facet normal 3.3879e-07 0.707107 -0.707106
    outer loop
      vertex 71.6533 1.45468 8.52575
      vertex 65 -3.53553 3.53553
      vertex 64.687 0.969524 8.04059
    endloop
  endfacet
  facet normal 0 0.707106 -0.707107
    outer loop
      vertex 71.6533 -8.52575 -1.45468
      vertex 65 -3.53553 3.53553
      vertex 72 -3.53553 3.53553
    endloop
  endfacet
  facet normal 3.3879e-07 0.707106 -0.707107
    outer loop
      vertex 65 -3.53553 3.53553
      vertex 71.6533 -8.52575 -1.45468
      vertex 64.687 -8.04059 -0.969524
    endloop
  endfacet
  facet normal 4.98378e-07 0.707107 -0.707106
    outer loop
      vertex 70.6165 -13.4679 -6.39684
      vertex 64.687 -8.04059 -0.969524
      vertex 71.6533 -8.52575 -1.45468
    endloop
  endfacet
  facet normal -4.73785e-06 0.707105 -0.707109
    outer loop
      vertex 64.687 -8.04059 -0.969524
      vertex 70.6165 -13.4679 -6.39684
      vertex 63.751 -12.5023 -5.4312
    endloop
  endfacet
  facet normal -4.70613e-06 0.707105 -0.707109
    outer loop
      vertex 68.8997 -18.3144 -11.2433
      vertex 63.751 -12.5023 -5.4312
      vertex 70.6165 -13.4679 -6.39684
    endloop
  endfacet
  facet normal 1.30323e-06 0.707107 -0.707106
    outer loop
      vertex 63.751 -12.5023 -5.4312
      vertex 68.8997 -18.3144 -11.2433
      vertex 62.2011 -16.8776 -9.80651
    endloop
  endfacet
  facet normal 9.5225e-07 0.707107 -0.707107
    outer loop
      vertex 66.5193 -23.0186 -15.9475
      vertex 62.2011 -16.8776 -9.80651
      vertex 68.8997 -18.3144 -11.2433
    endloop
  endfacet
  facet normal -4.24736e-07 0.707106 -0.707108
    outer loop
      vertex 62.2011 -16.8776 -9.80651
      vertex 66.5193 -23.0186 -15.9475
      vertex 60.0522 -21.1244 -14.0533
    endloop
  endfacet
  facet normal 3.83438e-06 0.707113 -0.7071
    outer loop
      vertex 63.4983 -27.5351 -20.4641
      vertex 60.0522 -21.1244 -14.0533
      vertex 66.5193 -23.0186 -15.9475
    endloop
  endfacet
  facet normal 5.23188e-06 0.707114 -0.7071
    outer loop
      vertex 60.0522 -21.1244 -14.0533
      vertex 63.4983 -27.5351 -20.4641
      vertex 57.3249 -25.2018 -18.1308
    endloop
  endfacet
  facet normal -4.72322e-06 0.707101 -0.707113
    outer loop
      vertex 59.8658 -31.8206 -24.7495
      vertex 57.3249 -25.2018 -18.1308
      vertex 63.4983 -27.5351 -20.4641
    endloop
  endfacet
  facet normal 8.67477e-06 0.707103 -0.70711
    outer loop
      vertex 57.3249 -25.2018 -18.1308
      vertex 59.8658 -31.8206 -24.7495
      vertex 54.0455 -29.0706 -21.9996
    endloop
  endfacet
  facet normal 8.12341e-06 0.707103 -0.707111
    outer loop
      vertex 55.6568 -35.8336 -28.7625
      vertex 54.0455 -29.0706 -21.9996
      vertex 59.8658 -31.8206 -24.7495
    endloop
  endfacet
  facet normal -7.04094e-06 0.707101 -0.707113
    outer loop
      vertex 54.0455 -29.0706 -21.9996
      vertex 55.6568 -35.8336 -28.7625
      vertex 50.2457 -32.6935 -25.6224
    endloop
  endfacet
  facet normal 6.35636e-06 0.707112 -0.707101
    outer loop
      vertex 50.9117 -39.5355 -32.4645
      vertex 50.2457 -32.6935 -25.6224
      vertex 55.6568 -35.8336 -28.7625
    endloop
  endfacet
  facet normal 7.84783e-06 0.707112 -0.707101
    outer loop
      vertex 50.2457 -32.6935 -25.6224
      vertex 50.9117 -39.5355 -32.4645
      vertex 45.9619 -36.0355 -28.9645
    endloop
  endfacet
  facet normal -7.08489e-06 0.707102 -0.707112
    outer loop
      vertex 45.6763 -42.8908 -35.8197
      vertex 45.9619 -36.0355 -28.9645
      vertex 50.9117 -39.5355 -32.4645
    endloop
  endfacet
  facet normal -8.57949e-06 0.707102 -0.707112
    outer loop
      vertex 45.9619 -36.0355 -28.9645
      vertex 45.6763 -42.8908 -35.8197
      vertex 41.2356 -39.0646 -31.9935
    endloop
  endfacet
  facet normal 2.1575e-16 0.707107 -0.707107
    outer loop
      vertex 40.0011 -45.8671 -38.796
      vertex 41.2356 -39.0646 -31.9935
      vertex 45.6763 -42.8908 -35.8197
    endloop
  endfacet
  facet normal -3.18642e-16 0.707107 -0.707107
    outer loop
      vertex 41.2356 -39.0646 -31.9935
      vertex 40.0011 -45.8671 -38.796
      vertex 36.1121 -41.7515 -34.6804
    endloop
  endfacet
  facet normal 8.33103e-06 0.707111 -0.707103
    outer loop
      vertex 33.9406 -48.4356 -41.3646
      vertex 36.1121 -41.7515 -34.6804
      vertex 40.0011 -45.8671 -38.796
    endloop
  endfacet
  facet normal 9.78809e-06 0.70711 -0.707103
    outer loop
      vertex 36.1121 -41.7515 -34.6804
      vertex 33.9406 -48.4356 -41.3646
      vertex 30.6408 -44.0703 -36.9993
    endloop
  endfacet
  facet normal -8.83646e-06 0.707103 -0.70711
    outer loop
      vertex 27.5532 -50.5718 -43.5007
      vertex 30.6408 -44.0703 -36.9993
      vertex 33.9406 -48.4356 -41.3646
    endloop
  endfacet
  facet normal 4.32419e-06 0.7071 -0.707113
    outer loop
      vertex 30.6408 -44.0703 -36.9993
      vertex 27.5532 -50.5718 -43.5007
      vertex 24.8744 -45.9988 -38.9278
    endloop
  endfacet
  facet normal 3.40725e-06 0.7071 -0.707114
    outer loop
      vertex 20.9005 -52.255 -45.1839
      vertex 24.8744 -45.9988 -38.9278
      vertex 27.5532 -50.5718 -43.5007
    endloop
  endfacet
  facet normal -1.06207e-05 0.707105 -0.707109
    outer loop
      vertex 24.8744 -45.9988 -38.9278
      vertex 20.9005 -52.255 -45.1839
      vertex 18.8685 -47.5184 -40.4473
    endloop
  endfacet
  facet normal 0 0.707107 -0.707107
    outer loop
      vertex 14.0465 -53.469 -46.3979
      vertex 18.8685 -47.5184 -40.4473
      vertex 20.9005 -52.255 -45.1839
    endloop
  endfacet
  facet normal 1.33429e-05 0.707101 -0.707112
    outer loop
      vertex 18.8685 -47.5184 -40.4473
      vertex 14.0465 -53.469 -46.3979
      vertex 12.6809 -48.6143 -41.5433
    endloop
  endfacet
  facet normal -1.33429e-05 0.707112 -0.707101
    outer loop
      vertex -18.8685 40.4473 47.5184
      vertex -14.0465 46.3979 53.469
      vertex -12.6809 41.5433 48.6143
    endloop
  endfacet
  facet normal 0 0.707107 -0.707107
    outer loop
      vertex -14.0465 46.3979 53.469
      vertex -18.8685 40.4473 47.5184
      vertex -20.9005 45.1839 52.255
    endloop
  endfacet
  facet normal 1.06207e-05 0.707109 -0.707105
    outer loop
      vertex -24.8744 38.9278 45.9988
      vertex -20.9005 45.1839 52.255
      vertex -18.8685 40.4473 47.5184
    endloop
  endfacet
  facet normal -3.40725e-06 0.707114 -0.7071
    outer loop
      vertex -20.9005 45.1839 52.255
      vertex -24.8744 38.9278 45.9988
      vertex -27.5532 43.5007 50.5718
    endloop
  endfacet
  facet normal -4.32419e-06 0.707113 -0.7071
    outer loop
      vertex -30.6408 36.9993 44.0703
      vertex -27.5532 43.5007 50.5718
      vertex -24.8744 38.9278 45.9988
    endloop
  endfacet
  facet normal 8.83646e-06 0.70711 -0.707103
    outer loop
      vertex -27.5532 43.5007 50.5718
      vertex -30.6408 36.9993 44.0703
      vertex -33.9406 41.3646 48.4356
    endloop
  endfacet
  facet normal -9.78809e-06 0.707103 -0.70711
    outer loop
      vertex -36.1121 34.6804 41.7515
      vertex -33.9406 41.3646 48.4356
      vertex -30.6408 36.9993 44.0703
    endloop
  endfacet
  facet normal -8.33103e-06 0.707103 -0.707111
    outer loop
      vertex -33.9406 41.3646 48.4356
      vertex -36.1121 34.6804 41.7515
      vertex -40.0011 38.796 45.8671
    endloop
  endfacet
  facet normal 3.18642e-16 0.707107 -0.707107
    outer loop
      vertex -41.2356 31.9935 39.0646
      vertex -40.0011 38.796 45.8671
      vertex -36.1121 34.6804 41.7515
    endloop
  endfacet
  facet normal -2.1575e-16 0.707107 -0.707107
    outer loop
      vertex -40.0011 38.796 45.8671
      vertex -41.2356 31.9935 39.0646
      vertex -45.6763 35.8197 42.8908
    endloop
  endfacet
  facet normal 8.57949e-06 0.707112 -0.707102
    outer loop
      vertex -45.9619 28.9645 36.0355
      vertex -45.6763 35.8197 42.8908
      vertex -41.2356 31.9935 39.0646
    endloop
  endfacet
  facet normal 7.08489e-06 0.707112 -0.707102
    outer loop
      vertex -45.6763 35.8197 42.8908
      vertex -45.9619 28.9645 36.0355
      vertex -50.9117 32.4645 39.5355
    endloop
  endfacet
  facet normal -7.84783e-06 0.707101 -0.707112
    outer loop
      vertex -50.2457 25.6224 32.6935
      vertex -50.9117 32.4645 39.5355
      vertex -45.9619 28.9645 36.0355
    endloop
  endfacet
  facet normal -6.35636e-06 0.707101 -0.707112
    outer loop
      vertex -50.9117 32.4645 39.5355
      vertex -50.2457 25.6224 32.6935
      vertex -55.6568 28.7625 35.8336
    endloop
  endfacet
  facet normal 7.04094e-06 0.707113 -0.707101
    outer loop
      vertex -54.0455 21.9996 29.0706
      vertex -55.6568 28.7625 35.8336
      vertex -50.2457 25.6224 32.6935
    endloop
  endfacet
  facet normal -8.12341e-06 0.707111 -0.707103
    outer loop
      vertex -55.6568 28.7625 35.8336
      vertex -54.0455 21.9996 29.0706
      vertex -59.8658 24.7495 31.8206
    endloop
  endfacet
  facet normal -8.67477e-06 0.70711 -0.707103
    outer loop
      vertex -57.3249 18.1308 25.2018
      vertex -59.8658 24.7495 31.8206
      vertex -54.0455 21.9996 29.0706
    endloop
  endfacet
  facet normal 4.72322e-06 0.707113 -0.707101
    outer loop
      vertex -59.8658 24.7495 31.8206
      vertex -57.3249 18.1308 25.2018
      vertex -63.4983 20.4641 27.5351
    endloop
  endfacet
  facet normal -5.23188e-06 0.7071 -0.707114
    outer loop
      vertex -60.0522 14.0533 21.1244
      vertex -63.4983 20.4641 27.5351
      vertex -57.3249 18.1308 25.2018
    endloop
  endfacet
  facet normal -3.83438e-06 0.7071 -0.707113
    outer loop
      vertex -63.4983 20.4641 27.5351
      vertex -60.0522 14.0533 21.1244
      vertex -66.5193 15.9475 23.0186
    endloop
  endfacet
  facet normal 4.24736e-07 0.707108 -0.707106
    outer loop
      vertex -62.2011 9.80651 16.8776
      vertex -66.5193 15.9475 23.0186
      vertex -60.0522 14.0533 21.1244
    endloop
  endfacet
  facet normal -9.5225e-07 0.707107 -0.707107
    outer loop
      vertex -66.5193 15.9475 23.0186
      vertex -62.2011 9.80651 16.8776
      vertex -68.8997 11.2433 18.3144
    endloop
  endfacet
  facet normal -1.30323e-06 0.707106 -0.707107
    outer loop
      vertex -63.751 5.4312 12.5023
      vertex -68.8997 11.2433 18.3144
      vertex -62.2011 9.80651 16.8776
    endloop
  endfacet
  facet normal 4.70613e-06 0.707109 -0.707105
    outer loop
      vertex -68.8997 11.2433 18.3144
      vertex -63.751 5.4312 12.5023
      vertex -70.6165 6.39684 13.4679
    endloop
  endfacet
  facet normal 4.73785e-06 0.707109 -0.707105
    outer loop
      vertex -64.687 0.969524 8.04059
      vertex -70.6165 6.39684 13.4679
      vertex -63.751 5.4312 12.5023
    endloop
  endfacet
  facet normal -4.98378e-07 0.707106 -0.707107
    outer loop
      vertex -70.6165 6.39684 13.4679
      vertex -64.687 0.969524 8.04059
      vertex -71.6533 1.45468 8.52575
    endloop
  endfacet
  facet normal -3.3879e-07 0.707107 -0.707106
    outer loop
      vertex -65 -3.53553 3.53553
      vertex -71.6533 1.45468 8.52575
      vertex -64.687 0.969524 8.04059
    endloop
  endfacet
  facet normal 0 0.707107 -0.707106
    outer loop
      vertex -65 -3.53553 3.53553
      vertex -72 -3.53553 3.53553
      vertex -71.6533 1.45468 8.52575
    endloop
  endfacet
  facet normal -3.3879e-07 0.707106 -0.707107
    outer loop
      vertex -71.6533 -8.52575 -1.45468
      vertex -65 -3.53553 3.53553
      vertex -64.687 -8.04059 -0.969524
    endloop
  endfacet
  facet normal 0 0.707106 -0.707107
    outer loop
      vertex -65 -3.53553 3.53553
      vertex -71.6533 -8.52575 -1.45468
      vertex -72 -3.53553 3.53553
    endloop
  endfacet
  facet normal 4.73785e-06 0.707105 -0.707109
    outer loop
      vertex -70.6165 -13.4679 -6.39684
      vertex -64.687 -8.04059 -0.969524
      vertex -63.751 -12.5023 -5.4312
    endloop
  endfacet
  facet normal -4.98378e-07 0.707107 -0.707106
    outer loop
      vertex -64.687 -8.04059 -0.969524
      vertex -70.6165 -13.4679 -6.39684
      vertex -71.6533 -8.52575 -1.45468
    endloop
  endfacet
  facet normal -1.30323e-06 0.707107 -0.707106
    outer loop
      vertex -68.8997 -18.3144 -11.2433
      vertex -63.751 -12.5023 -5.4312
      vertex -62.2011 -16.8776 -9.80651
    endloop
  endfacet
  facet normal 4.70613e-06 0.707105 -0.707109
    outer loop
      vertex -63.751 -12.5023 -5.4312
      vertex -68.8997 -18.3144 -11.2433
      vertex -70.6165 -13.4679 -6.39684
    endloop
  endfacet
  facet normal 4.24736e-07 0.707106 -0.707108
    outer loop
      vertex -66.5193 -23.0186 -15.9475
      vertex -62.2011 -16.8776 -9.80651
      vertex -60.0522 -21.1244 -14.0533
    endloop
  endfacet
  facet normal -9.5225e-07 0.707107 -0.707107
    outer loop
      vertex -62.2011 -16.8776 -9.80651
      vertex -66.5193 -23.0186 -15.9475
      vertex -68.8997 -18.3144 -11.2433
    endloop
  endfacet
  facet normal -5.23188e-06 0.707114 -0.7071
    outer loop
      vertex -63.4983 -27.5351 -20.4641
      vertex -60.0522 -21.1244 -14.0533
      vertex -57.3249 -25.2018 -18.1308
    endloop
  endfacet
  facet normal -3.83438e-06 0.707113 -0.7071
    outer loop
      vertex -60.0522 -21.1244 -14.0533
      vertex -63.4983 -27.5351 -20.4641
      vertex -66.5193 -23.0186 -15.9475
    endloop
  endfacet
  facet normal -8.67477e-06 0.707103 -0.70711
    outer loop
      vertex -59.8658 -31.8206 -24.7495
      vertex -57.3249 -25.2018 -18.1308
      vertex -54.0455 -29.0706 -21.9996
    endloop
  endfacet
  facet normal 4.72322e-06 0.707101 -0.707113
    outer loop
      vertex -57.3249 -25.2018 -18.1308
      vertex -59.8658 -31.8206 -24.7495
      vertex -63.4983 -27.5351 -20.4641
    endloop
  endfacet
  facet normal 7.04094e-06 0.707101 -0.707113
    outer loop
      vertex -55.6568 -35.8336 -28.7625
      vertex -54.0455 -29.0706 -21.9996
      vertex -50.2457 -32.6935 -25.6224
    endloop
  endfacet
  facet normal -8.12341e-06 0.707103 -0.707111
    outer loop
      vertex -54.0455 -29.0706 -21.9996
      vertex -55.6568 -35.8336 -28.7625
      vertex -59.8658 -31.8206 -24.7495
    endloop
  endfacet
  facet normal -7.84783e-06 0.707112 -0.707101
    outer loop
      vertex -50.9117 -39.5355 -32.4645
      vertex -50.2457 -32.6935 -25.6224
      vertex -45.9619 -36.0355 -28.9645
    endloop
  endfacet
  facet normal 8.57949e-06 0.707102 -0.707112
    outer loop
      vertex -45.6763 -42.8908 -35.8197
      vertex -45.9619 -36.0355 -28.9645
      vertex -41.2356 -39.0646 -31.9935
    endloop
  endfacet
  facet normal -6.35636e-06 0.707112 -0.707101
    outer loop
      vertex -50.2457 -32.6935 -25.6224
      vertex -50.9117 -39.5355 -32.4645
      vertex -55.6568 -35.8336 -28.7625
    endloop
  endfacet
  facet normal 3.18642e-16 0.707107 -0.707107
    outer loop
      vertex -40.0011 -45.8671 -38.796
      vertex -41.2356 -39.0646 -31.9935
      vertex -36.1121 -41.7515 -34.6804
    endloop
  endfacet
  facet normal 7.08489e-06 0.707102 -0.707112
    outer loop
      vertex -45.9619 -36.0355 -28.9645
      vertex -45.6763 -42.8908 -35.8197
      vertex -50.9117 -39.5355 -32.4645
    endloop
  endfacet
  facet normal -9.78809e-06 0.70711 -0.707103
    outer loop
      vertex -33.9406 -48.4356 -41.3646
      vertex -36.1121 -41.7515 -34.6804
      vertex -30.6408 -44.0703 -36.9993
    endloop
  endfacet
  facet normal -2.1575e-16 0.707107 -0.707107
    outer loop
      vertex -41.2356 -39.0646 -31.9935
      vertex -40.0011 -45.8671 -38.796
      vertex -45.6763 -42.8908 -35.8197
    endloop
  endfacet
  facet normal -4.32419e-06 0.7071 -0.707113
    outer loop
      vertex -27.5532 -50.5718 -43.5007
      vertex -30.6408 -44.0703 -36.9993
      vertex -24.8744 -45.9988 -38.9278
    endloop
  endfacet
  facet normal 1.06207e-05 0.707105 -0.707109
    outer loop
      vertex -20.9005 -52.255 -45.1839
      vertex -24.8744 -45.9988 -38.9278
      vertex -18.8685 -47.5184 -40.4473
    endloop
  endfacet
  facet normal -8.33103e-06 0.707111 -0.707103
    outer loop
      vertex -36.1121 -41.7515 -34.6804
      vertex -33.9406 -48.4356 -41.3646
      vertex -40.0011 -45.8671 -38.796
    endloop
  endfacet
  facet normal -1.33429e-05 0.707101 -0.707112
    outer loop
      vertex -14.0465 -53.469 -46.3979
      vertex -18.8685 -47.5184 -40.4473
      vertex -12.6809 -48.6143 -41.5433
    endloop
  endfacet
  facet normal 1.10451e-05 0.707106 -0.707108
    outer loop
      vertex -7.05723 -54.2021 -47.131
      vertex -12.6809 -48.6143 -41.5433
      vertex -6.37111 -49.2762 -42.2051
    endloop
  endfacet
  facet normal 4.96213e-07 0.707114 -0.7071
    outer loop
      vertex 0 -54.4472 -47.3762
      vertex -6.37111 -49.2762 -42.2051
      vertex 0 -49.4975 -42.4264
    endloop
  endfacet
  facet normal 1.48399e-06 0.7071 -0.707114
    outer loop
      vertex 7.05723 -54.2021 -47.131
      vertex 12.6809 -48.6143 -41.5433
      vertex 14.0465 -53.469 -46.3979
    endloop
  endfacet
  facet normal 8.83646e-06 0.707103 -0.70711
    outer loop
      vertex -30.6408 -44.0703 -36.9993
      vertex -27.5532 -50.5718 -43.5007
      vertex -33.9406 -48.4356 -41.3646
    endloop
  endfacet
  facet normal -1.10451e-05 0.707106 -0.707108
    outer loop
      vertex 12.6809 -48.6143 -41.5433
      vertex 7.05723 -54.2021 -47.131
      vertex 6.37111 -49.2762 -42.2051
    endloop
  endfacet
  facet normal -3.40725e-06 0.7071 -0.707114
    outer loop
      vertex -24.8744 -45.9988 -38.9278
      vertex -20.9005 -52.255 -45.1839
      vertex -27.5532 -50.5718 -43.5007
    endloop
  endfacet
  facet normal 9.97136e-06 0.707107 -0.707106
    outer loop
      vertex 0 -54.4472 -47.3762
      vertex 6.37111 -49.2762 -42.2051
      vertex 7.05723 -54.2021 -47.131
    endloop
  endfacet
  facet normal 0 0.707107 -0.707107
    outer loop
      vertex -18.8685 -47.5184 -40.4473
      vertex -14.0465 -53.469 -46.3979
      vertex -20.9005 -52.255 -45.1839
    endloop
  endfacet
  facet normal -4.96213e-07 0.707114 -0.7071
    outer loop
      vertex 6.37111 -49.2762 -42.2051
      vertex 0 -54.4472 -47.3762
      vertex 0 -49.4975 -42.4264
    endloop
  endfacet
  facet normal -1.48399e-06 0.7071 -0.707114
    outer loop
      vertex -12.6809 -48.6143 -41.5433
      vertex -7.05723 -54.2021 -47.131
      vertex -14.0465 -53.469 -46.3979
    endloop
  endfacet
  facet normal -9.97136e-06 0.707107 -0.707106
    outer loop
      vertex -6.37111 -49.2762 -42.2051
      vertex 0 -54.4472 -47.3762
      vertex -7.05723 -54.2021 -47.131
    endloop
  endfacet
  facet normal -0.146746 -0.699452 -0.699452
    outer loop
      vertex 6.37111 42.2051 49.2762
      vertex 12.6809 39.4219 50.7356
      vertex 6.37111 40.0838 51.3975
    endloop
  endfacet
  facet normal -0.146735 -0.699436 -0.699469
    outer loop
      vertex 12.6809 39.4219 50.7356
      vertex 6.37111 42.2051 49.2762
      vertex 12.6809 41.5433 48.6143
    endloop
  endfacet
  facet normal -0.989176 -0.103757 -0.103758
    outer loop
      vertex 64.687 0.969524 8.04059
      vertex 63.751 3.30988 14.6236
      vertex 63.751 5.4312 12.5023
    endloop
  endfacet
  facet normal -0.989176 -0.103757 -0.103758
    outer loop
      vertex 63.751 3.30988 14.6236
      vertex 64.687 0.969524 8.04059
      vertex 64.687 -1.1518 10.1619
    endloop
  endfacet
  facet normal -0.998795 -0.0346968 -0.034697
    outer loop
      vertex 65 -3.53553 3.53553
      vertex 64.687 -1.1518 10.1619
      vertex 64.687 0.969524 8.04059
    endloop
  endfacet
  facet normal -0.998795 -0.0346969 -0.0346969
    outer loop
      vertex 64.687 -1.1518 10.1619
      vertex 65 -3.53553 3.53553
      vertex 65 -5.65685 5.65685
    endloop
  endfacet
  facet normal -0.970032 -0.17181 -0.171812
    outer loop
      vertex 63.751 5.4312 12.5023
      vertex 62.2011 7.68519 18.9989
      vertex 62.2011 9.80651 16.8776
    endloop
  endfacet
  facet normal -0.970032 -0.17181 -0.171812
    outer loop
      vertex 62.2011 7.68519 18.9989
      vertex 63.751 5.4312 12.5023
      vertex 63.751 3.30988 14.6236
    endloop
  endfacet
  facet normal -0.336893 0.665771 0.665771
    outer loop
      vertex 18.8685 -47.5184 -40.4473
      vertex 24.8744 -48.1202 -36.8064
      vertex 24.8744 -45.9988 -38.9278
    endloop
  endfacet
  facet normal -0.336893 0.665771 0.665771
    outer loop
      vertex 24.8744 -48.1202 -36.8064
      vertex 18.8685 -47.5184 -40.4473
      vertex 18.8685 -49.6397 -38.326
    endloop
  endfacet
  facet normal -0.903989 0.302327 0.302327
    outer loop
      vertex 57.3249 -25.2018 -18.1308
      vertex 60.0522 -23.2457 -11.932
      vertex 60.0522 -21.1244 -14.0533
    endloop
  endfacet
  facet normal -0.903991 0.302317 0.302331
    outer loop
      vertex 60.0522 -23.2457 -11.932
      vertex 57.3249 -25.2018 -18.1308
      vertex 57.3249 -27.3232 -16.0095
    endloop
  endfacet
  facet normal 0.336893 0.665771 0.665771
    outer loop
      vertex -24.8744 -48.1202 -36.8064
      vertex -18.8685 -47.5184 -40.4473
      vertex -24.8744 -45.9988 -38.9278
    endloop
  endfacet
  facet normal 0.336893 0.665771 0.665771
    outer loop
      vertex -18.8685 -47.5184 -40.4473
      vertex -24.8744 -48.1202 -36.8064
      vertex -18.8685 -49.6397 -38.326
    endloop
  endfacet
  facet normal -0.671564 -0.523929 -0.523929
    outer loop
      vertex 45.9619 28.9645 36.0355
      vertex 41.2356 29.8722 41.1859
      vertex 41.2356 31.9935 39.0646
    endloop
  endfacet
  facet normal -0.671564 -0.523929 -0.523929
    outer loop
      vertex 41.2356 29.8722 41.1859
      vertex 45.9619 28.9645 36.0355
      vertex 45.9619 26.8431 38.1569
    endloop
  endfacet
  facet normal 0.740946 -0.474868 -0.474868
    outer loop
      vertex -45.9619 26.8431 38.1569
      vertex -50.2457 25.6224 32.6935
      vertex -45.9619 28.9645 36.0355
    endloop
  endfacet
  facet normal 0.740946 -0.474868 -0.474868
    outer loop
      vertex -50.2457 25.6224 32.6935
      vertex -45.9619 26.8431 38.1569
      vertex -50.2457 23.5011 34.8148
    endloop
  endfacet
  facet normal 0.146735 0.699469 0.699436
    outer loop
      vertex -12.6809 -50.7356 -39.4219
      vertex -6.37111 -49.2762 -42.2051
      vertex -12.6809 -48.6143 -41.5433
    endloop
  endfacet
  facet normal 0.146746 0.699452 0.699452
    outer loop
      vertex -6.37111 -49.2762 -42.2051
      vertex -12.6809 -50.7356 -39.4219
      vertex -6.37111 -51.3975 -40.0838
    endloop
  endfacet
  facet normal -0.941546 -0.238214 -0.238214
    outer loop
      vertex 62.2011 9.80651 16.8776
      vertex 60.0522 11.932 23.2457
      vertex 60.0522 14.0533 21.1244
    endloop
  endfacet
  facet normal -0.941546 -0.238212 -0.238214
    outer loop
      vertex 60.0522 11.932 23.2457
      vertex 62.2011 9.80651 16.8776
      vertex 62.2011 7.68519 18.9989
    endloop
  endfacet
  facet normal 0.0490634 -0.706255 -0.706255
    outer loop
      vertex -6.37111 40.0838 51.3975
      vertex 0 42.4264 49.4975
      vertex 0 40.3051 51.6188
    endloop
  endfacet
  facet normal 0.0490634 -0.706255 -0.706255
    outer loop
      vertex 0 42.4264 49.4975
      vertex -6.37111 40.0838 51.3975
      vertex -6.37111 42.2051 49.2762
    endloop
  endfacet
  facet normal -0.80321 -0.421221 -0.421221
    outer loop
      vertex 54.0455 21.9996 29.0706
      vertex 50.2457 23.5011 34.8148
      vertex 50.2457 25.6224 32.6935
    endloop
  endfacet
  facet normal -0.803214 -0.421207 -0.421227
    outer loop
      vertex 50.2457 23.5011 34.8148
      vertex 54.0455 21.9996 29.0706
      vertex 54.0455 19.8782 31.1919
    endloop
  endfacet
  facet normal -0.0490634 0.706255 0.706255
    outer loop
      vertex 0 -49.4975 -42.4264
      vertex 6.37111 -51.3975 -40.0838
      vertex 6.37111 -49.2762 -42.2051
    endloop
  endfacet
  facet normal -0.0490634 0.706255 0.706255
    outer loop
      vertex 6.37111 -51.3975 -40.0838
      vertex 0 -49.4975 -42.4264
      vertex 0 -51.6188 -40.3051
    endloop
  endfacet
  facet normal -0.0490634 -0.706255 -0.706255
    outer loop
      vertex 0 42.4264 49.4975
      vertex 6.37111 40.0838 51.3975
      vertex 0 40.3051 51.6188
    endloop
  endfacet
  facet normal -0.0490634 -0.706255 -0.706255
    outer loop
      vertex 6.37111 40.0838 51.3975
      vertex 0 42.4264 49.4975
      vertex 6.37111 42.2051 49.2762
    endloop
  endfacet
  facet normal -0.857727 0.363519 0.363536
    outer loop
      vertex 54.0455 -29.0706 -21.9996
      vertex 57.3249 -27.3232 -16.0095
      vertex 57.3249 -25.2018 -18.1308
    endloop
  endfacet
  facet normal -0.857721 0.363543 0.363526
    outer loop
      vertex 57.3249 -27.3232 -16.0095
      vertex 54.0455 -29.0706 -21.9996
      vertex 54.0455 -31.1919 -19.8782
    endloop
  endfacet
  facet normal 0.5957 0.567953 0.567953
    outer loop
      vertex -41.2356 -41.1859 -29.8722
      vertex -36.1121 -41.7515 -34.6804
      vertex -41.2356 -39.0646 -31.9935
    endloop
  endfacet
  facet normal 0.5957 0.567953 0.567953
    outer loop
      vertex -36.1121 -41.7515 -34.6804
      vertex -41.2356 -41.1859 -29.8722
      vertex -36.1121 -43.8728 -32.5591
    endloop
  endfacet
  facet normal 0.857727 -0.363519 -0.363536
    outer loop
      vertex -54.0455 19.8782 31.1919
      vertex -57.3249 18.1308 25.2018
      vertex -54.0455 21.9996 29.0706
    endloop
  endfacet
  facet normal 0.857721 -0.363543 -0.363526
    outer loop
      vertex -57.3249 18.1308 25.2018
      vertex -54.0455 19.8782 31.1919
      vertex -57.3249 16.0095 27.3232
    endloop
  endfacet
  facet normal 0.242979 0.685916 0.685916
    outer loop
      vertex -18.8685 -49.6397 -38.326
      vertex -12.6809 -48.6143 -41.5433
      vertex -18.8685 -47.5184 -40.4473
    endloop
  endfacet
  facet normal 0.242969 0.685934 0.685902
    outer loop
      vertex -12.6809 -48.6143 -41.5433
      vertex -18.8685 -49.6397 -38.326
      vertex -12.6809 -50.7356 -39.4219
    endloop
  endfacet
  facet normal -0.514108 0.606503 0.606503
    outer loop
      vertex 36.1121 -41.7515 -34.6804
      vertex 30.6408 -46.1917 -34.878
      vertex 36.1121 -43.8728 -32.5591
    endloop
  endfacet
  facet normal -0.5141 0.606492 0.606521
    outer loop
      vertex 30.6408 -46.1917 -34.878
      vertex 36.1121 -41.7515 -34.6804
      vertex 30.6408 -44.0703 -36.9993
    endloop
  endfacet
  facet normal -0.857727 -0.363519 -0.363536
    outer loop
      vertex 57.3249 18.1308 25.2018
      vertex 54.0455 19.8782 31.1919
      vertex 54.0455 21.9996 29.0706
    endloop
  endfacet
  facet normal -0.857721 -0.363543 -0.363526
    outer loop
      vertex 54.0455 19.8782 31.1919
      vertex 57.3249 18.1308 25.2018
      vertex 57.3249 16.0095 27.3232
    endloop
  endfacet
  facet normal 0.998795 0.0346969 0.0346969
    outer loop
      vertex -65 -5.65685 5.65685
      vertex -64.687 -8.04059 -0.969524
      vertex -65 -3.53553 3.53553
    endloop
  endfacet
  facet normal 0.998795 0.0346971 0.0346968
    outer loop
      vertex -64.687 -8.04059 -0.969524
      vertex -65 -5.65685 5.65685
      vertex -64.687 -10.1619 1.1518
    endloop
  endfacet
  facet normal -0.903989 -0.302335 -0.30232
    outer loop
      vertex 60.0522 14.0533 21.1244
      vertex 57.3249 16.0095 27.3232
      vertex 57.3249 18.1308 25.2018
    endloop
  endfacet
  facet normal -0.903991 -0.302324 -0.302324
    outer loop
      vertex 57.3249 16.0095 27.3232
      vertex 60.0522 14.0533 21.1244
      vertex 60.0522 11.932 23.2457
    endloop
  endfacet
  facet normal -0.970032 0.171812 0.17181
    outer loop
      vertex 62.2011 -16.8776 -9.80651
      vertex 63.751 -14.6236 -3.30988
      vertex 63.751 -12.5023 -5.4312
    endloop
  endfacet
  facet normal -0.970032 0.171812 0.17181
    outer loop
      vertex 63.751 -14.6236 -3.30988
      vertex 62.2011 -16.8776 -9.80651
      vertex 62.2011 -18.9989 -7.68519
    endloop
  endfacet
  facet normal 0.970032 -0.17181 -0.171812
    outer loop
      vertex -62.2011 7.68519 18.9989
      vertex -63.751 5.4312 12.5023
      vertex -62.2011 9.80651 16.8776
    endloop
  endfacet
  facet normal 0.970032 -0.17181 -0.171812
    outer loop
      vertex -63.751 5.4312 12.5023
      vertex -62.2011 7.68519 18.9989
      vertex -63.751 3.30988 14.6236
    endloop
  endfacet
  facet normal 0.427547 0.639205 0.639235
    outer loop
      vertex -24.8744 -48.1202 -36.8064
      vertex -30.6408 -44.0703 -36.9993
      vertex -30.6408 -46.1917 -34.878
    endloop
  endfacet
  facet normal 0.427556 0.639217 0.639217
    outer loop
      vertex -30.6408 -44.0703 -36.9993
      vertex -24.8744 -48.1202 -36.8064
      vertex -24.8744 -45.9988 -38.9278
    endloop
  endfacet
  facet normal 0.970032 0.171812 0.17181
    outer loop
      vertex -63.751 -14.6236 -3.30988
      vertex -62.2011 -16.8776 -9.80651
      vertex -63.751 -12.5023 -5.4312
    endloop
  endfacet
  facet normal 0.970032 0.171812 0.17181
    outer loop
      vertex -62.2011 -16.8776 -9.80651
      vertex -63.751 -14.6236 -3.30988
      vertex -62.2011 -18.9989 -7.68519
    endloop
  endfacet
  facet normal -0.336893 -0.665771 -0.665771
    outer loop
      vertex 18.8685 40.4473 47.5184
      vertex 24.8744 36.8064 48.1202
      vertex 18.8685 38.326 49.6397
    endloop
  endfacet
  facet normal -0.336893 -0.665771 -0.665771
    outer loop
      vertex 24.8744 36.8064 48.1202
      vertex 18.8685 40.4473 47.5184
      vertex 24.8744 38.9278 45.9988
    endloop
  endfacet
  facet normal -0.989176 0.103758 0.103757
    outer loop
      vertex 63.751 -12.5023 -5.4312
      vertex 64.687 -10.1619 1.1518
      vertex 64.687 -8.04059 -0.969524
    endloop
  endfacet
  facet normal -0.989176 0.103758 0.103757
    outer loop
      vertex 64.687 -10.1619 1.1518
      vertex 63.751 -12.5023 -5.4312
      vertex 63.751 -14.6236 -3.30988
    endloop
  endfacet
  facet normal 0.146746 -0.699452 -0.699452
    outer loop
      vertex -12.6809 39.4219 50.7356
      vertex -6.37111 42.2051 49.2762
      vertex -6.37111 40.0838 51.3975
    endloop
  endfacet
  facet normal 0.146735 -0.699436 -0.699469
    outer loop
      vertex -6.37111 42.2051 49.2762
      vertex -12.6809 39.4219 50.7356
      vertex -12.6809 41.5433 48.6143
    endloop
  endfacet
  facet normal -0.427556 0.639202 0.639232
    outer loop
      vertex 24.8744 -45.9988 -38.9278
      vertex 30.6408 -46.1917 -34.878
      vertex 30.6408 -44.0703 -36.9993
    endloop
  endfacet
  facet normal -0.427547 0.63922 0.63922
    outer loop
      vertex 30.6408 -46.1917 -34.878
      vertex 24.8744 -45.9988 -38.9278
      vertex 24.8744 -48.1202 -36.8064
    endloop
  endfacet
  facet normal 0.671564 -0.523929 -0.523929
    outer loop
      vertex -41.2356 29.8722 41.1859
      vertex -45.9619 28.9645 36.0355
      vertex -41.2356 31.9935 39.0646
    endloop
  endfacet
  facet normal 0.671564 -0.523929 -0.523929
    outer loop
      vertex -45.9619 28.9645 36.0355
      vertex -41.2356 29.8722 41.1859
      vertex -45.9619 26.8431 38.1569
    endloop
  endfacet
  facet normal 0.5957 -0.567953 -0.567953
    outer loop
      vertex -36.1121 32.5591 43.8728
      vertex -41.2356 31.9935 39.0646
      vertex -36.1121 34.6804 41.7515
    endloop
  endfacet
  facet normal 0.5957 -0.567953 -0.567953
    outer loop
      vertex -41.2356 31.9935 39.0646
      vertex -36.1121 32.5591 43.8728
      vertex -41.2356 29.8722 41.1859
    endloop
  endfacet
  facet normal -0.242969 -0.685902 -0.685934
    outer loop
      vertex 12.6809 41.5433 48.6143
      vertex 18.8685 38.326 49.6397
      vertex 12.6809 39.4219 50.7356
    endloop
  endfacet
  facet normal -0.242979 -0.685916 -0.685916
    outer loop
      vertex 18.8685 38.326 49.6397
      vertex 12.6809 41.5433 48.6143
      vertex 18.8685 40.4473 47.5184
    endloop
  endfacet
  facet normal -0.998795 0.0346969 0.0346969
    outer loop
      vertex 64.687 -8.04059 -0.969524
      vertex 65 -5.65685 5.65685
      vertex 65 -3.53553 3.53553
    endloop
  endfacet
  facet normal -0.998795 0.0346971 0.0346968
    outer loop
      vertex 65 -5.65685 5.65685
      vertex 64.687 -8.04059 -0.969524
      vertex 64.687 -10.1619 1.1518
    endloop
  endfacet
  facet normal 0.427547 -0.63922 -0.63922
    outer loop
      vertex -30.6408 34.878 46.1917
      vertex -24.8744 38.9278 45.9988
      vertex -24.8744 36.8064 48.1202
    endloop
  endfacet
  facet normal 0.427556 -0.639232 -0.639202
    outer loop
      vertex -24.8744 38.9278 45.9988
      vertex -30.6408 34.878 46.1917
      vertex -30.6408 36.9993 44.0703
    endloop
  endfacet
  facet normal 0.941546 0.238215 0.238212
    outer loop
      vertex -62.2011 -18.9989 -7.68519
      vertex -60.0522 -21.1244 -14.0533
      vertex -62.2011 -16.8776 -9.80651
    endloop
  endfacet
  facet normal 0.941546 0.238213 0.238213
    outer loop
      vertex -60.0522 -21.1244 -14.0533
      vertex -62.2011 -18.9989 -7.68519
      vertex -60.0522 -23.2457 -11.932
    endloop
  endfacet
  facet normal -0.514108 -0.606503 -0.606503
    outer loop
      vertex 30.6408 34.878 46.1917
      vertex 36.1121 34.6804 41.7515
      vertex 36.1121 32.5591 43.8728
    endloop
  endfacet
  facet normal -0.5141 -0.606521 -0.606492
    outer loop
      vertex 36.1121 34.6804 41.7515
      vertex 30.6408 34.878 46.1917
      vertex 30.6408 36.9993 44.0703
    endloop
  endfacet
  facet normal -0.5957 -0.567953 -0.567953
    outer loop
      vertex 41.2356 31.9935 39.0646
      vertex 36.1121 32.5591 43.8728
      vertex 36.1121 34.6804 41.7515
    endloop
  endfacet
  facet normal -0.5957 -0.567953 -0.567953
    outer loop
      vertex 36.1121 32.5591 43.8728
      vertex 41.2356 31.9935 39.0646
      vertex 41.2356 29.8722 41.1859
    endloop
  endfacet
  facet normal -0.146735 0.699469 0.699436
    outer loop
      vertex 6.37111 -49.2762 -42.2051
      vertex 12.6809 -50.7356 -39.4219
      vertex 12.6809 -48.6143 -41.5433
    endloop
  endfacet
  facet normal -0.146746 0.699452 0.699452
    outer loop
      vertex 12.6809 -50.7356 -39.4219
      vertex 6.37111 -49.2762 -42.2051
      vertex 6.37111 -51.3975 -40.0838
    endloop
  endfacet
  facet normal -0.740946 0.474868 0.474868
    outer loop
      vertex 45.9619 -36.0355 -28.9645
      vertex 50.2457 -34.8148 -23.5011
      vertex 50.2457 -32.6935 -25.6224
    endloop
  endfacet
  facet normal -0.740946 0.474868 0.474868
    outer loop
      vertex 50.2457 -34.8148 -23.5011
      vertex 45.9619 -36.0355 -28.9645
      vertex 45.9619 -38.1569 -26.8431
    endloop
  endfacet
  facet normal -0.80321 0.42123 0.421211
    outer loop
      vertex 50.2457 -32.6935 -25.6224
      vertex 54.0455 -31.1919 -19.8782
      vertex 54.0455 -29.0706 -21.9996
    endloop
  endfacet
  facet normal -0.803214 0.421217 0.421217
    outer loop
      vertex 54.0455 -31.1919 -19.8782
      vertex 50.2457 -32.6935 -25.6224
      vertex 50.2457 -34.8148 -23.5011
    endloop
  endfacet
  facet normal -0.242979 0.685916 0.685916
    outer loop
      vertex 12.6809 -48.6143 -41.5433
      vertex 18.8685 -49.6397 -38.326
      vertex 18.8685 -47.5184 -40.4473
    endloop
  endfacet
  facet normal -0.242969 0.685934 0.685902
    outer loop
      vertex 18.8685 -49.6397 -38.326
      vertex 12.6809 -48.6143 -41.5433
      vertex 12.6809 -50.7356 -39.4219
    endloop
  endfacet
  facet normal -0.941546 0.238215 0.238212
    outer loop
      vertex 60.0522 -21.1244 -14.0533
      vertex 62.2011 -18.9989 -7.68519
      vertex 62.2011 -16.8776 -9.80651
    endloop
  endfacet
  facet normal -0.941546 0.238213 0.238213
    outer loop
      vertex 62.2011 -18.9989 -7.68519
      vertex 60.0522 -21.1244 -14.0533
      vertex 60.0522 -23.2457 -11.932
    endloop
  endfacet
  facet normal 0.242969 -0.685902 -0.685934
    outer loop
      vertex -18.8685 38.326 49.6397
      vertex -12.6809 41.5433 48.6143
      vertex -12.6809 39.4219 50.7356
    endloop
  endfacet
  facet normal 0.242979 -0.685916 -0.685916
    outer loop
      vertex -12.6809 41.5433 48.6143
      vertex -18.8685 38.326 49.6397
      vertex -18.8685 40.4473 47.5184
    endloop
  endfacet
  facet normal 0.903989 0.302327 0.302327
    outer loop
      vertex -60.0522 -23.2457 -11.932
      vertex -57.3249 -25.2018 -18.1308
      vertex -60.0522 -21.1244 -14.0533
    endloop
  endfacet
  facet normal 0.903991 0.302317 0.302331
    outer loop
      vertex -57.3249 -25.2018 -18.1308
      vertex -60.0522 -23.2457 -11.932
      vertex -57.3249 -27.3232 -16.0095
    endloop
  endfacet
  facet normal 0.989176 -0.103757 -0.103758
    outer loop
      vertex -63.751 3.30988 14.6236
      vertex -64.687 0.969524 8.04059
      vertex -63.751 5.4312 12.5023
    endloop
  endfacet
  facet normal 0.989176 -0.103757 -0.103758
    outer loop
      vertex -64.687 0.969524 8.04059
      vertex -63.751 3.30988 14.6236
      vertex -64.687 -1.1518 10.1619
    endloop
  endfacet
  facet normal -0.427547 -0.639235 -0.639205
    outer loop
      vertex 24.8744 36.8064 48.1202
      vertex 30.6408 36.9993 44.0703
      vertex 30.6408 34.878 46.1917
    endloop
  endfacet
  facet normal -0.427556 -0.639217 -0.639217
    outer loop
      vertex 30.6408 36.9993 44.0703
      vertex 24.8744 36.8064 48.1202
      vertex 24.8744 38.9278 45.9988
    endloop
  endfacet
  facet normal 0.740946 0.474868 0.474868
    outer loop
      vertex -50.2457 -34.8148 -23.5011
      vertex -45.9619 -36.0355 -28.9645
      vertex -50.2457 -32.6935 -25.6224
    endloop
  endfacet
  facet normal 0.740946 0.474868 0.474868
    outer loop
      vertex -45.9619 -36.0355 -28.9645
      vertex -50.2457 -34.8148 -23.5011
      vertex -45.9619 -38.1569 -26.8431
    endloop
  endfacet
  facet normal 0.857727 0.363519 0.363536
    outer loop
      vertex -57.3249 -27.3232 -16.0095
      vertex -54.0455 -29.0706 -21.9996
      vertex -57.3249 -25.2018 -18.1308
    endloop
  endfacet
  facet normal 0.857721 0.363543 0.363526
    outer loop
      vertex -54.0455 -29.0706 -21.9996
      vertex -57.3249 -27.3232 -16.0095
      vertex -54.0455 -31.1919 -19.8782
    endloop
  endfacet
  facet normal 0.336893 -0.665771 -0.665771
    outer loop
      vertex -24.8744 36.8064 48.1202
      vertex -18.8685 40.4473 47.5184
      vertex -18.8685 38.326 49.6397
    endloop
  endfacet
  facet normal 0.336893 -0.665771 -0.665771
    outer loop
      vertex -18.8685 40.4473 47.5184
      vertex -24.8744 36.8064 48.1202
      vertex -24.8744 38.9278 45.9988
    endloop
  endfacet
  facet normal 0.514108 0.606503 0.606503
    outer loop
      vertex -30.6408 -46.1917 -34.878
      vertex -36.1121 -41.7515 -34.6804
      vertex -36.1121 -43.8728 -32.5591
    endloop
  endfacet
  facet normal 0.5141 0.606492 0.606521
    outer loop
      vertex -36.1121 -41.7515 -34.6804
      vertex -30.6408 -46.1917 -34.878
      vertex -30.6408 -44.0703 -36.9993
    endloop
  endfacet
  facet normal 0.941546 -0.238214 -0.238214
    outer loop
      vertex -60.0522 11.932 23.2457
      vertex -62.2011 9.80651 16.8776
      vertex -60.0522 14.0533 21.1244
    endloop
  endfacet
  facet normal 0.941546 -0.238212 -0.238214
    outer loop
      vertex -62.2011 9.80651 16.8776
      vertex -60.0522 11.932 23.2457
      vertex -62.2011 7.68519 18.9989
    endloop
  endfacet
  facet normal -0.5957 0.567953 0.567953
    outer loop
      vertex 36.1121 -41.7515 -34.6804
      vertex 41.2356 -41.1859 -29.8722
      vertex 41.2356 -39.0646 -31.9935
    endloop
  endfacet
  facet normal -0.5957 0.567953 0.567953
    outer loop
      vertex 41.2356 -41.1859 -29.8722
      vertex 36.1121 -41.7515 -34.6804
      vertex 36.1121 -43.8728 -32.5591
    endloop
  endfacet
  facet normal -0.740946 -0.474868 -0.474868
    outer loop
      vertex 50.2457 25.6224 32.6935
      vertex 45.9619 26.8431 38.1569
      vertex 45.9619 28.9645 36.0355
    endloop
  endfacet
  facet normal -0.740946 -0.474868 -0.474868
    outer loop
      vertex 45.9619 26.8431 38.1569
      vertex 50.2457 25.6224 32.6935
      vertex 50.2457 23.5011 34.8148
    endloop
  endfacet
  facet normal 0.80321 0.42123 0.421211
    outer loop
      vertex -54.0455 -31.1919 -19.8782
      vertex -50.2457 -32.6935 -25.6224
      vertex -54.0455 -29.0706 -21.9996
    endloop
  endfacet
  facet normal 0.803214 0.421217 0.421217
    outer loop
      vertex -50.2457 -32.6935 -25.6224
      vertex -54.0455 -31.1919 -19.8782
      vertex -50.2457 -34.8148 -23.5011
    endloop
  endfacet
  facet normal 0.514108 -0.606503 -0.606503
    outer loop
      vertex -36.1121 34.6804 41.7515
      vertex -30.6408 34.878 46.1917
      vertex -36.1121 32.5591 43.8728
    endloop
  endfacet
  facet normal 0.5141 -0.606521 -0.606492
    outer loop
      vertex -30.6408 34.878 46.1917
      vertex -36.1121 34.6804 41.7515
      vertex -30.6408 36.9993 44.0703
    endloop
  endfacet
  facet normal 0.989176 0.103758 0.103757
    outer loop
      vertex -64.687 -10.1619 1.1518
      vertex -63.751 -12.5023 -5.4312
      vertex -64.687 -8.04059 -0.969524
    endloop
  endfacet
  facet normal 0.989176 0.103758 0.103757
    outer loop
      vertex -63.751 -12.5023 -5.4312
      vertex -64.687 -10.1619 1.1518
      vertex -63.751 -14.6236 -3.30988
    endloop
  endfacet
  facet normal 0.903989 -0.302335 -0.30232
    outer loop
      vertex -57.3249 16.0095 27.3232
      vertex -60.0522 14.0533 21.1244
      vertex -57.3249 18.1308 25.2018
    endloop
  endfacet
  facet normal 0.903991 -0.302324 -0.302324
    outer loop
      vertex -60.0522 14.0533 21.1244
      vertex -57.3249 16.0095 27.3232
      vertex -60.0522 11.932 23.2457
    endloop
  endfacet
  facet normal 0.671564 0.523929 0.523929
    outer loop
      vertex -45.9619 -38.1569 -26.8431
      vertex -41.2356 -39.0646 -31.9935
      vertex -45.9619 -36.0355 -28.9645
    endloop
  endfacet
  facet normal 0.671564 0.523929 0.523929
    outer loop
      vertex -41.2356 -39.0646 -31.9935
      vertex -45.9619 -38.1569 -26.8431
      vertex -41.2356 -41.1859 -29.8722
    endloop
  endfacet
  facet normal 0.80321 -0.421221 -0.421221
    outer loop
      vertex -50.2457 23.5011 34.8148
      vertex -54.0455 21.9996 29.0706
      vertex -50.2457 25.6224 32.6935
    endloop
  endfacet
  facet normal 0.803214 -0.421207 -0.421227
    outer loop
      vertex -54.0455 21.9996 29.0706
      vertex -50.2457 23.5011 34.8148
      vertex -54.0455 19.8782 31.1919
    endloop
  endfacet
  facet normal 0.0490634 0.706255 0.706255
    outer loop
      vertex -6.37111 -51.3975 -40.0838
      vertex 0 -49.4975 -42.4264
      vertex -6.37111 -49.2762 -42.2051
    endloop
  endfacet
  facet normal 0.0490634 0.706255 0.706255
    outer loop
      vertex 0 -49.4975 -42.4264
      vertex -6.37111 -51.3975 -40.0838
      vertex 0 -51.6188 -40.3051
    endloop
  endfacet
  facet normal 0.998795 -0.0346968 -0.034697
    outer loop
      vertex -64.687 -1.1518 10.1619
      vertex -65 -3.53553 3.53553
      vertex -64.687 0.969524 8.04059
    endloop
  endfacet
  facet normal 0.998795 -0.0346969 -0.0346969
    outer loop
      vertex -65 -3.53553 3.53553
      vertex -64.687 -1.1518 10.1619
      vertex -65 -5.65685 5.65685
    endloop
  endfacet
  facet normal -0.671564 0.523929 0.523929
    outer loop
      vertex 41.2356 -39.0646 -31.9935
      vertex 45.9619 -38.1569 -26.8431
      vertex 45.9619 -36.0355 -28.9645
    endloop
  endfacet
  facet normal -0.671564 0.523929 0.523929
    outer loop
      vertex 45.9619 -38.1569 -26.8431
      vertex 41.2356 -39.0646 -31.9935
      vertex 41.2356 -41.1859 -29.8722
    endloop
  endfacet
endsolid OpenSCAD_Model
