solid OpenSCAD_Model
  facet normal 0.130491 -0.99145 0
    outer loop
      vertex 26 19.5 3
      vertex 26.7765 19.6022 9
      vertex 26 19.5 9
    endloop
  endfacet
  facet normal 0.130491 -0.99145 0
    outer loop
      vertex 26.7765 19.6022 9
      vertex 26 19.5 3
      vertex 26.7765 19.6022 3
    endloop
  endfacet
  facet normal 0.923872 0.382701 0
    outer loop
      vertex 28.8978 23.2765 9
      vertex 28.5981 24 3
      vertex 28.5981 24 9
    endloop
  endfacet
  facet normal 0.923872 0.382701 0
    outer loop
      vertex 28.5981 24 3
      vertex 28.8978 23.2765 9
      vertex 28.8978 23.2765 3
    endloop
  endfacet
  facet normal 0.99145 0.130491 0
    outer loop
      vertex 29 22.5 9
      vertex 28.8978 23.2765 3
      vertex 28.8978 23.2765 9
    endloop
  endfacet
  facet normal 0.99145 0.130491 0
    outer loop
      vertex 28.8978 23.2765 3
      vertex 29 22.5 9
      vertex 29 22.5 3
    endloop
  endfacet
  facet normal -0.923872 -0.382701 0
    outer loop
      vertex 23.4019 21 3
      vertex 23.1022 21.7235 9
      vertex 23.1022 21.7235 3
    endloop
  endfacet
  facet normal -0.923872 -0.382701 0
    outer loop
      vertex 23.1022 21.7235 9
      vertex 23.4019 21 3
      vertex 23.4019 21 9
    endloop
  endfacet
  facet normal -0.130491 0.99145 0
    outer loop
      vertex 26 25.5 3
      vertex 25.2235 25.3978 9
      vertex 26 25.5 9
    endloop
  endfacet
  facet normal -0.130491 0.99145 0
    outer loop
      vertex 25.2235 25.3978 9
      vertex 26 25.5 3
      vertex 25.2235 25.3978 3
    endloop
  endfacet
  facet normal -0.793316 0.608809 0
    outer loop
      vertex 23.4019 24 3
      vertex 23.8787 24.6213 9
      vertex 23.8787 24.6213 3
    endloop
  endfacet
  facet normal -0.793316 0.608809 0
    outer loop
      vertex 23.8787 24.6213 9
      vertex 23.4019 24 3
      vertex 23.4019 24 9
    endloop
  endfacet
  facet normal -0.608809 0.793316 0
    outer loop
      vertex 24.5 25.0981 3
      vertex 23.8787 24.6213 9
      vertex 24.5 25.0981 9
    endloop
  endfacet
  facet normal -0.608809 0.793316 0
    outer loop
      vertex 23.8787 24.6213 9
      vertex 24.5 25.0981 3
      vertex 23.8787 24.6213 3
    endloop
  endfacet
  facet normal 0.793316 0.608809 0
    outer loop
      vertex 28.5981 24 9
      vertex 28.1213 24.6213 3
      vertex 28.1213 24.6213 9
    endloop
  endfacet
  facet normal 0.793316 0.608809 0
    outer loop
      vertex 28.1213 24.6213 3
      vertex 28.5981 24 9
      vertex 28.5981 24 3
    endloop
  endfacet
  facet normal 0.923872 -0.382701 0
    outer loop
      vertex 28.5981 21 9
      vertex 28.8978 21.7235 3
      vertex 28.8978 21.7235 9
    endloop
  endfacet
  facet normal 0.923872 -0.382701 0
    outer loop
      vertex 28.8978 21.7235 3
      vertex 28.5981 21 9
      vertex 28.5981 21 3
    endloop
  endfacet
  facet normal 0 0 1
    outer loop
      vertex 13.3787 74.6213 3
      vertex 6 86.8 3
      vertex 12.9019 74 3
    endloop
  endfacet
  facet normal 0 0 1
    outer loop
      vertex 12.6022 24.2765 3
      vertex 8.12504 6.5694 3
      vertex 8.2 6 3
    endloop
  endfacet
  facet normal 0 0 1
    outer loop
      vertex 5.4306 86.875 3
      vertex 12.9019 74 3
      vertex 6 86.8 3
    endloop
  endfacet
  facet normal 0 0 1
    outer loop
      vertex 12.6022 24.2765 3
      vertex 7.90526 7.1 3
      vertex 8.12504 6.5694 3
    endloop
  endfacet
  facet normal 0 0 1
    outer loop
      vertex 12.9019 74 3
      vertex 5.4306 86.875 3
      vertex 12.6022 73.2765 3
    endloop
  endfacet
  facet normal 0 0 1
    outer loop
      vertex 12.6022 24.2765 3
      vertex 7.55563 7.55563 3
      vertex 7.90526 7.1 3
    endloop
  endfacet
  facet normal 0 0 1
    outer loop
      vertex 4.9 87.0947 3
      vertex 12.6022 73.2765 3
      vertex 5.4306 86.875 3
    endloop
  endfacet
  facet normal 0 0 1
    outer loop
      vertex 12.6022 24.2765 3
      vertex 7.1 7.90526 3
      vertex 7.55563 7.55563 3
    endloop
  endfacet
  facet normal 0 0 1
    outer loop
      vertex 12.6022 73.2765 3
      vertex 4.9 87.0947 3
      vertex 12.5 72.5 3
    endloop
  endfacet
  facet normal 0 0 1
    outer loop
      vertex 12.6022 24.2765 3
      vertex 6.5694 8.12504 3
      vertex 7.1 7.90526 3
    endloop
  endfacet
  facet normal 0 0 1
    outer loop
      vertex 4.44436 87.4444 3
      vertex 12.5 72.5 3
      vertex 4.9 87.0947 3
    endloop
  endfacet
  facet normal 0 0 1
    outer loop
      vertex 12.6022 24.2765 3
      vertex 6 8.2 3
      vertex 6.5694 8.12504 3
    endloop
  endfacet
  facet normal 0 0 1
    outer loop
      vertex 12.5 72.5 3
      vertex 4.44436 87.4444 3
      vertex 12.6022 71.7235 3
    endloop
  endfacet
  facet normal 0 0 1
    outer loop
      vertex 12.6022 24.2765 3
      vertex 5.4306 8.12504 3
      vertex 6 8.2 3
    endloop
  endfacet
  facet normal 0 0 1
    outer loop
      vertex 4.09474 87.9 3
      vertex 12.6022 71.7235 3
      vertex 4.44436 87.4444 3
    endloop
  endfacet
  facet normal 0 0 1
    outer loop
      vertex 12.6022 24.2765 3
      vertex 4.9 7.90526 3
      vertex 5.4306 8.12504 3
    endloop
  endfacet
  facet normal 0 0 1
    outer loop
      vertex 12.6022 71.7235 3
      vertex 4.09474 87.9 3
      vertex 12.6022 24.2765 3
    endloop
  endfacet
  facet normal 0 0 1
    outer loop
      vertex 12.6022 24.2765 3
      vertex 4.44436 7.55563 3
      vertex 4.9 7.90526 3
    endloop
  endfacet
  facet normal 0 0 1
    outer loop
      vertex 4.09474 7.1 3
      vertex 12.6022 24.2765 3
      vertex 4.09474 87.9 3
    endloop
  endfacet
  facet normal 0 0 1
    outer loop
      vertex 12.6022 24.2765 3
      vertex 4.09474 7.1 3
      vertex 4.44436 7.55563 3
    endloop
  endfacet
  facet normal 0 0 1
    outer loop
      vertex 0 95 3
      vertex 4.09474 87.9 3
      vertex 3.87496 88.4306 3
    endloop
  endfacet
  facet normal 0 0 1
    outer loop
      vertex 4.09474 87.9 3
      vertex 0 95 3
      vertex 4.09474 7.1 3
    endloop
  endfacet
  facet normal 0 0 1
    outer loop
      vertex 0 95 3
      vertex 3.87496 88.4306 3
      vertex 3.8 89 3
    endloop
  endfacet
  facet normal 0 0 1
    outer loop
      vertex 0 0 3
      vertex 4.09474 7.1 3
      vertex 0 95 3
    endloop
  endfacet
  facet normal 0 0 1
    outer loop
      vertex 24.7019 69.2 3
      vertex 17 69.9019 3
      vertex 25.1787 68.5787 3
    endloop
  endfacet
  facet normal 0 0 1
    outer loop
      vertex 30 40 3
      vertex 18.3978 24.2765 3
      vertex 18.5 23.5 3
    endloop
  endfacet
  facet normal -0 0 1
    outer loop
      vertex 16.2765 69.6022 3
      vertex 25.1787 68.5787 3
      vertex 17 69.9019 3
    endloop
  endfacet
  facet normal 0 0 1
    outer loop
      vertex 30 40 3
      vertex 18.0981 25 3
      vertex 18.3978 24.2765 3
    endloop
  endfacet
  facet normal 0 0 1
    outer loop
      vertex 25.1787 68.5787 3
      vertex 16.2765 69.6022 3
      vertex 25.8 68.1019 3
    endloop
  endfacet
  facet normal 0 0 1
    outer loop
      vertex 30 40 3
      vertex 17.6213 25.6213 3
      vertex 18.0981 25 3
    endloop
  endfacet
  facet normal 0 0 1
    outer loop
      vertex 25.8 68.1019 3
      vertex 16.2765 69.6022 3
      vertex 30 40 3
    endloop
  endfacet
  facet normal 0 0 1
    outer loop
      vertex 30 40 3
      vertex 17 26.0981 3
      vertex 17.6213 25.6213 3
    endloop
  endfacet
  facet normal -0 0 1
    outer loop
      vertex 15.5 69.5 3
      vertex 30 40 3
      vertex 16.2765 69.6022 3
    endloop
  endfacet
  facet normal 0 0 1
    outer loop
      vertex 30 40 3
      vertex 16.2765 26.3978 3
      vertex 17 26.0981 3
    endloop
  endfacet
  facet normal 0 0 1
    outer loop
      vertex 14.7235 69.6022 3
      vertex 30 40 3
      vertex 15.5 69.5 3
    endloop
  endfacet
  facet normal 0 0 1
    outer loop
      vertex 30 40 3
      vertex 15.5 26.5 3
      vertex 16.2765 26.3978 3
    endloop
  endfacet
  facet normal 0 0 1
    outer loop
      vertex 14.7235 26.3978 3
      vertex 30 40 3
      vertex 14.7235 69.6022 3
    endloop
  endfacet
  facet normal 0 0 1
    outer loop
      vertex 30 40 3
      vertex 14.7235 26.3978 3
      vertex 15.5 26.5 3
    endloop
  endfacet
  facet normal 0 0 1
    outer loop
      vertex 14 69.9019 3
      vertex 14.7235 26.3978 3
      vertex 14.7235 69.6022 3
    endloop
  endfacet
  facet normal 0 0 1
    outer loop
      vertex 14 69.9019 3
      vertex 14 26.0981 3
      vertex 14.7235 26.3978 3
    endloop
  endfacet
  facet normal 0 0 1
    outer loop
      vertex 13.3787 70.3787 3
      vertex 14 26.0981 3
      vertex 14 69.9019 3
    endloop
  endfacet
  facet normal 0 0 1
    outer loop
      vertex 13.3787 70.3787 3
      vertex 13.3787 25.6213 3
      vertex 14 26.0981 3
    endloop
  endfacet
  facet normal 0 0 1
    outer loop
      vertex 12.9019 71 3
      vertex 13.3787 25.6213 3
      vertex 13.3787 70.3787 3
    endloop
  endfacet
  facet normal 0 0 1
    outer loop
      vertex 12.9019 71 3
      vertex 12.9019 25 3
      vertex 13.3787 25.6213 3
    endloop
  endfacet
  facet normal 0 0 1
    outer loop
      vertex 12.6022 71.7235 3
      vertex 12.9019 25 3
      vertex 12.9019 71 3
    endloop
  endfacet
  facet normal 0 0 1
    outer loop
      vertex 12.6022 71.7235 3
      vertex 12.6022 24.2765 3
      vertex 12.9019 25 3
    endloop
  endfacet
  facet normal -0 0 1
    outer loop
      vertex 6.5694 86.875 3
      vertex 14 75.0981 3
      vertex 7.1 87.0947 3
    endloop
  endfacet
  facet normal 0 0 1
    outer loop
      vertex 14 75.0981 3
      vertex 6.5694 86.875 3
      vertex 13.3787 74.6213 3
    endloop
  endfacet
  facet normal 0 0 1
    outer loop
      vertex 70.5 23.5 3
      vertex 28.8978 23.2765 3
      vertex 29 22.5 3
    endloop
  endfacet
  facet normal -0 0 1
    outer loop
      vertex 28.0765 67.8022 3
      vertex 30 40 3
      vertex 28.8 68.1019 3
    endloop
  endfacet
  facet normal 0 0 1
    outer loop
      vertex 30 40 3
      vertex 28.5981 24 3
      vertex 28.8978 23.2765 3
    endloop
  endfacet
  facet normal 0 0 1
    outer loop
      vertex 30 40 3
      vertex 28.1213 24.6213 3
      vertex 28.5981 24 3
    endloop
  endfacet
  facet normal -0 0 1
    outer loop
      vertex 27.3 67.7 3
      vertex 30 40 3
      vertex 28.0765 67.8022 3
    endloop
  endfacet
  facet normal 0 0 1
    outer loop
      vertex 30 40 3
      vertex 27.5 25.0981 3
      vertex 28.1213 24.6213 3
    endloop
  endfacet
  facet normal 0 0 1
    outer loop
      vertex 26.5235 67.8022 3
      vertex 30 40 3
      vertex 27.3 67.7 3
    endloop
  endfacet
  facet normal 0 0 1
    outer loop
      vertex 30 40 3
      vertex 26.7765 25.3978 3
      vertex 27.5 25.0981 3
    endloop
  endfacet
  facet normal 0 0 1
    outer loop
      vertex 25.8 68.1019 3
      vertex 30 40 3
      vertex 26.5235 67.8022 3
    endloop
  endfacet
  facet normal 0 0 1
    outer loop
      vertex 30 40 3
      vertex 26 25.5 3
      vertex 26.7765 25.3978 3
    endloop
  endfacet
  facet normal 0 0 1
    outer loop
      vertex 24.4022 69.9235 3
      vertex 17.6213 70.3787 3
      vertex 24.7019 69.2 3
    endloop
  endfacet
  facet normal 0 0 1
    outer loop
      vertex 30 40 3
      vertex 25.2235 25.3978 3
      vertex 26 25.5 3
    endloop
  endfacet
  facet normal -0 0 1
    outer loop
      vertex 17.6213 70.3787 3
      vertex 24.4022 69.9235 3
      vertex 18.0981 71 3
    endloop
  endfacet
  facet normal 0 0 1
    outer loop
      vertex 24.3 70.7 3
      vertex 18.0981 71 3
      vertex 24.4022 69.9235 3
    endloop
  endfacet
  facet normal 0 0 1
    outer loop
      vertex 30 40 3
      vertex 24.5 25.0981 3
      vertex 25.2235 25.3978 3
    endloop
  endfacet
  facet normal -0 0 1
    outer loop
      vertex 18.0981 71 3
      vertex 24.3 70.7 3
      vertex 18.3978 71.7235 3
    endloop
  endfacet
  facet normal 0 0 1
    outer loop
      vertex 24.4022 71.4765 3
      vertex 18.3978 71.7235 3
      vertex 24.3 70.7 3
    endloop
  endfacet
  facet normal 0 0 1
    outer loop
      vertex 30 40 3
      vertex 18.5 23.5 3
      vertex 24.5 25.0981 3
    endloop
  endfacet
  facet normal 0 0 1
    outer loop
      vertex 30 69.4461 3
      vertex 29.8981 69.2 3
      vertex 30 40 3
    endloop
  endfacet
  facet normal 0 0 1
    outer loop
      vertex 77.3235 24.7022 3
      vertex 76.3978 24.2765 3
      vertex 76.5 23.5 3
    endloop
  endfacet
  facet normal 0 0 1
    outer loop
      vertex 76.6 25.0019 3
      vertex 76.0981 25 3
      vertex 76.3978 24.2765 3
    endloop
  endfacet
  facet normal 0 0 1
    outer loop
      vertex 75.9787 25.4787 3
      vertex 76.0981 25 3
      vertex 76.6 25.0019 3
    endloop
  endfacet
  facet normal 0 0 1
    outer loop
      vertex 75.9787 25.4787 3
      vertex 75.6213 25.6213 3
      vertex 76.0981 25 3
    endloop
  endfacet
  facet normal 0 0 1
    outer loop
      vertex 75.5019 26.1 3
      vertex 75.6213 25.6213 3
      vertex 75.9787 25.4787 3
    endloop
  endfacet
  facet normal 0 0 1
    outer loop
      vertex 75 26.0981 3
      vertex 75.5019 26.1 3
      vertex 75.2022 26.8235 3
    endloop
  endfacet
  facet normal 0 0 1
    outer loop
      vertex 75.5019 26.1 3
      vertex 75 26.0981 3
      vertex 75.6213 25.6213 3
    endloop
  endfacet
  facet normal 0 0 1
    outer loop
      vertex 74.2765 26.3978 3
      vertex 75.2022 26.8235 3
      vertex 75.1 27.6 3
    endloop
  endfacet
  facet normal 0 0 1
    outer loop
      vertex 95 40 3
      vertex 80.9978 28.3765 3
      vertex 81.1 27.6 3
    endloop
  endfacet
  facet normal 0 0 1
    outer loop
      vertex 95 40 3
      vertex 80.6981 29.1 3
      vertex 80.9978 28.3765 3
    endloop
  endfacet
  facet normal 0 0 1
    outer loop
      vertex 95 40 3
      vertex 80.2213 29.7213 3
      vertex 80.6981 29.1 3
    endloop
  endfacet
  facet normal 0 0 1
    outer loop
      vertex 95 40 3
      vertex 79.6 30.1981 3
      vertex 80.2213 29.7213 3
    endloop
  endfacet
  facet normal 0 0 1
    outer loop
      vertex 95 40 3
      vertex 78.8765 30.4978 3
      vertex 79.6 30.1981 3
    endloop
  endfacet
  facet normal 0 0 1
    outer loop
      vertex 95 40 3
      vertex 78.1 30.6 3
      vertex 78.8765 30.4978 3
    endloop
  endfacet
  facet normal 0 0 1
    outer loop
      vertex 95 40 3
      vertex 77.3235 30.4978 3
      vertex 78.1 30.6 3
    endloop
  endfacet
  facet normal -0 0 1
    outer loop
      vertex 30 40 3
      vertex 77.3235 30.4978 3
      vertex 95 40 3
    endloop
  endfacet
  facet normal 0 0 1
    outer loop
      vertex 75.2022 26.8235 3
      vertex 74.2765 26.3978 3
      vertex 75 26.0981 3
    endloop
  endfacet
  facet normal 0 0 1
    outer loop
      vertex 73.5 26.5 3
      vertex 75.1 27.6 3
      vertex 75.2022 28.3765 3
    endloop
  endfacet
  facet normal 0 0 1
    outer loop
      vertex 72.7235 26.3978 3
      vertex 75.2022 28.3765 3
      vertex 75.5019 29.1 3
    endloop
  endfacet
  facet normal 0 0 1
    outer loop
      vertex 75.1 27.6 3
      vertex 73.5 26.5 3
      vertex 74.2765 26.3978 3
    endloop
  endfacet
  facet normal 0 0 1
    outer loop
      vertex 72 26.0981 3
      vertex 75.5019 29.1 3
      vertex 75.9787 29.7213 3
    endloop
  endfacet
  facet normal 0 0 1
    outer loop
      vertex 75.2022 28.3765 3
      vertex 72.7235 26.3978 3
      vertex 73.5 26.5 3
    endloop
  endfacet
  facet normal 0 0 1
    outer loop
      vertex 75.5019 29.1 3
      vertex 72 26.0981 3
      vertex 72.7235 26.3978 3
    endloop
  endfacet
  facet normal 0 0 1
    outer loop
      vertex 30 40 3
      vertex 72 26.0981 3
      vertex 75.9787 29.7213 3
    endloop
  endfacet
  facet normal 0 0 1
    outer loop
      vertex 28.8978 23.2765 3
      vertex 70.6022 24.2765 3
      vertex 30 40 3
    endloop
  endfacet
  facet normal 0 0 1
    outer loop
      vertex 70.9019 25 3
      vertex 30 40 3
      vertex 70.6022 24.2765 3
    endloop
  endfacet
  facet normal 0 0 1
    outer loop
      vertex 71.3787 25.6213 3
      vertex 30 40 3
      vertex 70.9019 25 3
    endloop
  endfacet
  facet normal 0 0 1
    outer loop
      vertex 72 26.0981 3
      vertex 30 40 3
      vertex 71.3787 25.6213 3
    endloop
  endfacet
  facet normal 0 0 1
    outer loop
      vertex 76.6 30.1981 3
      vertex 30 40 3
      vertex 75.9787 29.7213 3
    endloop
  endfacet
  facet normal 0 0 1
    outer loop
      vertex 77.3235 30.4978 3
      vertex 30 40 3
      vertex 76.6 30.1981 3
    endloop
  endfacet
  facet normal 0 0 1
    outer loop
      vertex 125 95 3
      vertex 120.905 87.9 3
      vertex 125 0 3
    endloop
  endfacet
  facet normal 0 0 1
    outer loop
      vertex 125 0 3
      vertex 121.125 6.5694 3
      vertex 121.2 6 3
    endloop
  endfacet
  facet normal -0 0 1
    outer loop
      vertex 120.905 7.1 3
      vertex 125 0 3
      vertex 120.905 87.9 3
    endloop
  endfacet
  facet normal 0 0 1
    outer loop
      vertex 125 0 3
      vertex 120.905 7.1 3
      vertex 121.125 6.5694 3
    endloop
  endfacet
  facet normal -0 0 1
    outer loop
      vertex 120.556 87.4444 3
      vertex 120.905 7.1 3
      vertex 120.905 87.9 3
    endloop
  endfacet
  facet normal 0 0 1
    outer loop
      vertex 120.556 87.4444 3
      vertex 120.556 7.55563 3
      vertex 120.905 7.1 3
    endloop
  endfacet
  facet normal 0 0 1
    outer loop
      vertex 111.098 24 3
      vertex 120.556 87.4444 3
      vertex 120.1 87.0947 3
    endloop
  endfacet
  facet normal 0 0 1
    outer loop
      vertex 120.556 87.4444 3
      vertex 111.398 23.2765 3
      vertex 120.556 7.55563 3
    endloop
  endfacet
  facet normal 0 0 1
    outer loop
      vertex 105.098 69.9235 3
      vertex 120.1 87.0947 3
      vertex 119.569 86.875 3
    endloop
  endfacet
  facet normal 0 0 1
    outer loop
      vertex 120.556 7.55563 3
      vertex 111.398 23.2765 3
      vertex 120.1 7.90526 3
    endloop
  endfacet
  facet normal 0 0 1
    outer loop
      vertex 105.2 70.7 3
      vertex 119.569 86.875 3
      vertex 119 86.8 3
    endloop
  endfacet
  facet normal -0 -0 1
    outer loop
      vertex 111.5 22.5 3
      vertex 120.1 7.90526 3
      vertex 111.398 23.2765 3
    endloop
  endfacet
  facet normal 0 0 1
    outer loop
      vertex 105.098 71.4765 3
      vertex 119 86.8 3
      vertex 118.431 86.875 3
    endloop
  endfacet
  facet normal 0 0 1
    outer loop
      vertex 120.1 7.90526 3
      vertex 111.5 22.5 3
      vertex 119.569 8.12504 3
    endloop
  endfacet
  facet normal 0 0 1
    outer loop
      vertex 104.798 72.2 3
      vertex 118.431 86.875 3
      vertex 117.9 87.0947 3
    endloop
  endfacet
  facet normal -0 0 1
    outer loop
      vertex 111.398 21.7235 3
      vertex 119.569 8.12504 3
      vertex 111.5 22.5 3
    endloop
  endfacet
  facet normal 0 0 1
    outer loop
      vertex 104.321 72.8213 3
      vertex 117.9 87.0947 3
      vertex 117.444 87.4444 3
    endloop
  endfacet
  facet normal 0 0 1
    outer loop
      vertex 119.569 8.12504 3
      vertex 111.398 21.7235 3
      vertex 119 8.2 3
    endloop
  endfacet
  facet normal 0 0 1
    outer loop
      vertex 103.7 73.2981 3
      vertex 117.444 87.4444 3
      vertex 117.095 87.9 3
    endloop
  endfacet
  facet normal -0 0 1
    outer loop
      vertex 111.098 21 3
      vertex 119 8.2 3
      vertex 111.398 21.7235 3
    endloop
  endfacet
  facet normal 0 0 1
    outer loop
      vertex 102.976 73.5978 3
      vertex 117.095 87.9 3
      vertex 116.875 88.4306 3
    endloop
  endfacet
  facet normal 0 0 1
    outer loop
      vertex 119 8.2 3
      vertex 111.098 21 3
      vertex 118.431 8.12504 3
    endloop
  endfacet
  facet normal 0 0 1
    outer loop
      vertex 102.2 73.7 3
      vertex 116.875 88.4306 3
      vertex 116.8 89 3
    endloop
  endfacet
  facet normal -0 0 1
    outer loop
      vertex 110.621 20.3787 3
      vertex 118.431 8.12504 3
      vertex 111.098 21 3
    endloop
  endfacet
  facet normal 0 0 1
    outer loop
      vertex 121.125 88.4306 3
      vertex 125 95 3
      vertex 121.2 89 3
    endloop
  endfacet
  facet normal 0 0 1
    outer loop
      vertex 125 95 3
      vertex 121.125 89.5694 3
      vertex 121.2 89 3
    endloop
  endfacet
  facet normal 0 0 1
    outer loop
      vertex 125 95 3
      vertex 120.905 90.1 3
      vertex 121.125 89.5694 3
    endloop
  endfacet
  facet normal 0 0 1
    outer loop
      vertex 125 95 3
      vertex 120.556 90.5556 3
      vertex 120.905 90.1 3
    endloop
  endfacet
  facet normal 0 0 1
    outer loop
      vertex 125 95 3
      vertex 120.1 90.9053 3
      vertex 120.556 90.5556 3
    endloop
  endfacet
  facet normal 0 0 1
    outer loop
      vertex 125 95 3
      vertex 119.569 91.125 3
      vertex 120.1 90.9053 3
    endloop
  endfacet
  facet normal 0 0 1
    outer loop
      vertex 125 95 3
      vertex 119 91.2 3
      vertex 119.569 91.125 3
    endloop
  endfacet
  facet normal 0 0 1
    outer loop
      vertex 125 95 3
      vertex 118.431 91.125 3
      vertex 119 91.2 3
    endloop
  endfacet
  facet normal 0 0 1
    outer loop
      vertex 125 95 3
      vertex 117.9 90.9053 3
      vertex 118.431 91.125 3
    endloop
  endfacet
  facet normal 0 0 1
    outer loop
      vertex 118.431 8.12504 3
      vertex 110.621 20.3787 3
      vertex 117.9 7.90526 3
    endloop
  endfacet
  facet normal -0 0 1
    outer loop
      vertex 110 19.9019 3
      vertex 117.9 7.90526 3
      vertex 110.621 20.3787 3
    endloop
  endfacet
  facet normal 0 0 1
    outer loop
      vertex 120.556 87.4444 3
      vertex 111.098 24 3
      vertex 111.398 23.2765 3
    endloop
  endfacet
  facet normal 0 0 1
    outer loop
      vertex 120.1 87.0947 3
      vertex 105.098 69.9235 3
      vertex 104.798 69.2 3
    endloop
  endfacet
  facet normal 0 0 1
    outer loop
      vertex 120.1 87.0947 3
      vertex 110.621 24.6213 3
      vertex 111.098 24 3
    endloop
  endfacet
  facet normal 0 0 1
    outer loop
      vertex 120.1 87.0947 3
      vertex 104.798 69.2 3
      vertex 110.621 24.6213 3
    endloop
  endfacet
  facet normal 0 0 1
    outer loop
      vertex 110.621 24.6213 3
      vertex 104.798 69.2 3
      vertex 110 25.0981 3
    endloop
  endfacet
  facet normal -0 0 1
    outer loop
      vertex 104.321 68.5787 3
      vertex 110 25.0981 3
      vertex 104.798 69.2 3
    endloop
  endfacet
  facet normal 0 0 1
    outer loop
      vertex 101.424 73.5978 3
      vertex 116.8 89 3
      vertex 116.875 89.5694 3
    endloop
  endfacet
  facet normal 0 0 1
    outer loop
      vertex 110 25.0981 3
      vertex 104.321 68.5787 3
      vertex 109.276 25.3978 3
    endloop
  endfacet
  facet normal -0 0 1
    outer loop
      vertex 103.7 68.1019 3
      vertex 109.276 25.3978 3
      vertex 104.321 68.5787 3
    endloop
  endfacet
  facet normal -0 0 1
    outer loop
      vertex 95 40 3
      vertex 109.276 25.3978 3
      vertex 103.7 68.1019 3
    endloop
  endfacet
  facet normal 0 0 1
    outer loop
      vertex 109.276 25.3978 3
      vertex 95 40 3
      vertex 108.5 25.5 3
    endloop
  endfacet
  facet normal 0 0 1
    outer loop
      vertex 107.724 25.3978 3
      vertex 95 40 3
      vertex 107 25.0981 3
    endloop
  endfacet
  facet normal 0 0 1
    outer loop
      vertex 119.569 86.875 3
      vertex 105.2 70.7 3
      vertex 105.098 69.9235 3
    endloop
  endfacet
  facet normal 0 0 1
    outer loop
      vertex 75 75.0981 3
      vertex 116.875 89.5694 3
      vertex 117.095 90.1 3
    endloop
  endfacet
  facet normal 0 0 1
    outer loop
      vertex 119 86.8 3
      vertex 105.098 71.4765 3
      vertex 105.2 70.7 3
    endloop
  endfacet
  facet normal 0 0 1
    outer loop
      vertex 118.431 86.875 3
      vertex 104.798 72.2 3
      vertex 105.098 71.4765 3
    endloop
  endfacet
  facet normal 0 0 1
    outer loop
      vertex 117.9 87.0947 3
      vertex 104.321 72.8213 3
      vertex 104.798 72.2 3
    endloop
  endfacet
  facet normal 0 0 1
    outer loop
      vertex 117.444 87.4444 3
      vertex 103.7 73.2981 3
      vertex 104.321 72.8213 3
    endloop
  endfacet
  facet normal 0 0 1
    outer loop
      vertex 74.2765 75.3978 3
      vertex 117.095 90.1 3
      vertex 117.444 90.5556 3
    endloop
  endfacet
  facet normal 0 0 1
    outer loop
      vertex 117.095 87.9 3
      vertex 102.976 73.5978 3
      vertex 103.7 73.2981 3
    endloop
  endfacet
  facet normal 0 0 1
    outer loop
      vertex 116.875 88.4306 3
      vertex 102.2 73.7 3
      vertex 102.976 73.5978 3
    endloop
  endfacet
  facet normal 0 0 1
    outer loop
      vertex 116.8 89 3
      vertex 101.424 73.5978 3
      vertex 102.2 73.7 3
    endloop
  endfacet
  facet normal 0 0 1
    outer loop
      vertex 116.875 89.5694 3
      vertex 100.7 73.2981 3
      vertex 101.424 73.5978 3
    endloop
  endfacet
  facet normal 0 0 1
    outer loop
      vertex 116.875 89.5694 3
      vertex 75 75.0981 3
      vertex 100.7 73.2981 3
    endloop
  endfacet
  facet normal 0 0 1
    outer loop
      vertex 99.3022 71.4765 3
      vertex 95 70 3
      vertex 99.2 70.7 3
    endloop
  endfacet
  facet normal 0 0 1
    outer loop
      vertex 99.6019 72.2 3
      vertex 95 70 3
      vertex 99.3022 71.4765 3
    endloop
  endfacet
  facet normal 0 0 1
    outer loop
      vertex 100.079 72.8213 3
      vertex 95 70 3
      vertex 99.6019 72.2 3
    endloop
  endfacet
  facet normal -0 -0 1
    outer loop
      vertex 75.6213 74.6213 3
      vertex 100.7 73.2981 3
      vertex 75 75.0981 3
    endloop
  endfacet
  facet normal 0 0 1
    outer loop
      vertex 100.7 73.2981 3
      vertex 75.6213 74.6213 3
      vertex 100.079 72.8213 3
    endloop
  endfacet
  facet normal 0 0 1
    outer loop
      vertex 73.5 75.5 3
      vertex 117.444 90.5556 3
      vertex 117.9 90.9053 3
    endloop
  endfacet
  facet normal 0 0 1
    outer loop
      vertex 7.1 90.9053 3
      vertex 117.9 90.9053 3
      vertex 125 95 3
    endloop
  endfacet
  facet normal 0 0 1
    outer loop
      vertex 95 70 3
      vertex 76.3978 73.2765 3
      vertex 76.5 72.5 3
    endloop
  endfacet
  facet normal 0 0 1
    outer loop
      vertex 95 70 3
      vertex 76.0981 74 3
      vertex 76.3978 73.2765 3
    endloop
  endfacet
  facet normal 0 0 1
    outer loop
      vertex 95 70 3
      vertex 75.6213 74.6213 3
      vertex 76.0981 74 3
    endloop
  endfacet
  facet normal 0 0 1
    outer loop
      vertex 100.079 72.8213 3
      vertex 75.6213 74.6213 3
      vertex 95 70 3
    endloop
  endfacet
  facet normal 0 0 1
    outer loop
      vertex 117.095 90.1 3
      vertex 74.2765 75.3978 3
      vertex 75 75.0981 3
    endloop
  endfacet
  facet normal 0 0 1
    outer loop
      vertex 117.444 90.5556 3
      vertex 73.5 75.5 3
      vertex 74.2765 75.3978 3
    endloop
  endfacet
  facet normal 0 0 1
    outer loop
      vertex 117.9 90.9053 3
      vertex 7.1 90.9053 3
      vertex 73.5 75.5 3
    endloop
  endfacet
  facet normal 0 0 1
    outer loop
      vertex 30.1978 71.4765 3
      vertex 70.5 72.5 3
      vertex 70.6022 73.2765 3
    endloop
  endfacet
  facet normal 0 0 1
    outer loop
      vertex 29.8981 72.2 3
      vertex 70.6022 73.2765 3
      vertex 70.9019 74 3
    endloop
  endfacet
  facet normal 0 0 1
    outer loop
      vertex 29.4213 72.8213 3
      vertex 70.9019 74 3
      vertex 71.3787 74.6213 3
    endloop
  endfacet
  facet normal 0 0 1
    outer loop
      vertex 28.8 73.2981 3
      vertex 71.3787 74.6213 3
      vertex 72 75.0981 3
    endloop
  endfacet
  facet normal 0 0 1
    outer loop
      vertex 7.55563 90.5556 3
      vertex 72 75.0981 3
      vertex 72.7235 75.3978 3
    endloop
  endfacet
  facet normal 0 0 1
    outer loop
      vertex 73.5 75.5 3
      vertex 7.1 90.9053 3
      vertex 72.7235 75.3978 3
    endloop
  endfacet
  facet normal 0 0 1
    outer loop
      vertex 70.5 72.5 3
      vertex 30.1978 71.4765 3
      vertex 30.3 70.7 3
    endloop
  endfacet
  facet normal 0 0 1
    outer loop
      vertex 70.6022 73.2765 3
      vertex 29.8981 72.2 3
      vertex 30.1978 71.4765 3
    endloop
  endfacet
  facet normal 0 0 1
    outer loop
      vertex 70.9019 74 3
      vertex 29.4213 72.8213 3
      vertex 29.8981 72.2 3
    endloop
  endfacet
  facet normal 0 0 1
    outer loop
      vertex 71.3787 74.6213 3
      vertex 28.8 73.2981 3
      vertex 29.4213 72.8213 3
    endloop
  endfacet
  facet normal 0 0 1
    outer loop
      vertex 72 75.0981 3
      vertex 7.55563 90.5556 3
      vertex 7.90526 90.1 3
    endloop
  endfacet
  facet normal 0 0 1
    outer loop
      vertex 72 75.0981 3
      vertex 7.90526 90.1 3
      vertex 28.8 73.2981 3
    endloop
  endfacet
  facet normal 0 0 1
    outer loop
      vertex 28.8 73.2981 3
      vertex 7.90526 90.1 3
      vertex 28.0765 73.5978 3
    endloop
  endfacet
  facet normal 0 0 1
    outer loop
      vertex 24.5 25.0981 3
      vertex 18.5 23.5 3
      vertex 23.8787 24.6213 3
    endloop
  endfacet
  facet normal 0 0 1
    outer loop
      vertex 23.8787 24.6213 3
      vertex 18.5 23.5 3
      vertex 23.4019 24 3
    endloop
  endfacet
  facet normal 0 0 1
    outer loop
      vertex 23.4019 24 3
      vertex 18.5 23.5 3
      vertex 23.1022 23.2765 3
    endloop
  endfacet
  facet normal -0 0 1
    outer loop
      vertex 17 69.9019 3
      vertex 24.7019 69.2 3
      vertex 17.6213 70.3787 3
    endloop
  endfacet
  facet normal -0 0 1
    outer loop
      vertex 18.3978 71.7235 3
      vertex 24.4022 71.4765 3
      vertex 18.5 72.5 3
    endloop
  endfacet
  facet normal 0 0 1
    outer loop
      vertex 24.7019 72.2 3
      vertex 18.5 72.5 3
      vertex 24.4022 71.4765 3
    endloop
  endfacet
  facet normal 0 0 1
    outer loop
      vertex 18.3978 73.2765 3
      vertex 24.7019 72.2 3
      vertex 25.1787 72.8213 3
    endloop
  endfacet
  facet normal 0 0 1
    outer loop
      vertex 18.0981 74 3
      vertex 25.1787 72.8213 3
      vertex 25.8 73.2981 3
    endloop
  endfacet
  facet normal 0 0 1
    outer loop
      vertex 17.6213 74.6213 3
      vertex 25.8 73.2981 3
      vertex 26.5235 73.5978 3
    endloop
  endfacet
  facet normal -0 -0 1
    outer loop
      vertex 8.12504 89.5694 3
      vertex 28.0765 73.5978 3
      vertex 7.90526 90.1 3
    endloop
  endfacet
  facet normal 0 0 1
    outer loop
      vertex 24.7019 72.2 3
      vertex 18.3978 73.2765 3
      vertex 18.5 72.5 3
    endloop
  endfacet
  facet normal 0 0 1
    outer loop
      vertex 25.1787 72.8213 3
      vertex 18.0981 74 3
      vertex 18.3978 73.2765 3
    endloop
  endfacet
  facet normal 0 0 1
    outer loop
      vertex 25.8 73.2981 3
      vertex 17.6213 74.6213 3
      vertex 18.0981 74 3
    endloop
  endfacet
  facet normal -0 -0 1
    outer loop
      vertex 8.2 89 3
      vertex 27.3 73.7 3
      vertex 8.12504 89.5694 3
    endloop
  endfacet
  facet normal 0 0 1
    outer loop
      vertex 27.3 73.7 3
      vertex 8.2 89 3
      vertex 26.5235 73.5978 3
    endloop
  endfacet
  facet normal 0 0 1
    outer loop
      vertex 26.5235 73.5978 3
      vertex 8.2 89 3
      vertex 17 75.0981 3
    endloop
  endfacet
  facet normal 0 0 1
    outer loop
      vertex 17 75.0981 3
      vertex 8.2 89 3
      vertex 16.2765 75.3978 3
    endloop
  endfacet
  facet normal -0 0 1
    outer loop
      vertex 6 86.8 3
      vertex 13.3787 74.6213 3
      vertex 6.5694 86.875 3
    endloop
  endfacet
  facet normal -0 0 1
    outer loop
      vertex 7.1 87.0947 3
      vertex 14 75.0981 3
      vertex 7.55563 87.4444 3
    endloop
  endfacet
  facet normal 0 0 1
    outer loop
      vertex 14.7235 75.3978 3
      vertex 7.55563 87.4444 3
      vertex 14 75.0981 3
    endloop
  endfacet
  facet normal -0 0 1
    outer loop
      vertex 7.55563 87.4444 3
      vertex 14.7235 75.3978 3
      vertex 7.90526 87.9 3
    endloop
  endfacet
  facet normal 0 0 1
    outer loop
      vertex 15.5 75.5 3
      vertex 7.90526 87.9 3
      vertex 14.7235 75.3978 3
    endloop
  endfacet
  facet normal -0 0 1
    outer loop
      vertex 7.90526 87.9 3
      vertex 15.5 75.5 3
      vertex 8.12504 88.4306 3
    endloop
  endfacet
  facet normal -0 0 1
    outer loop
      vertex 8.12504 88.4306 3
      vertex 16.2765 75.3978 3
      vertex 8.2 89 3
    endloop
  endfacet
  facet normal 0 0 1
    outer loop
      vertex 16.2765 75.3978 3
      vertex 8.12504 88.4306 3
      vertex 15.5 75.5 3
    endloop
  endfacet
  facet normal 0 0 1
    outer loop
      vertex 26.5235 73.5978 3
      vertex 17 75.0981 3
      vertex 17.6213 74.6213 3
    endloop
  endfacet
  facet normal 0 0 1
    outer loop
      vertex 28.0765 73.5978 3
      vertex 8.12504 89.5694 3
      vertex 27.3 73.7 3
    endloop
  endfacet
  facet normal 0 0 1
    outer loop
      vertex 72.7235 75.3978 3
      vertex 7.1 90.9053 3
      vertex 7.55563 90.5556 3
    endloop
  endfacet
  facet normal -0 0 1
    outer loop
      vertex 0 95 3
      vertex 7.1 90.9053 3
      vertex 125 95 3
    endloop
  endfacet
  facet normal 0 0 1
    outer loop
      vertex 7.1 90.9053 3
      vertex 0 95 3
      vertex 6.5694 91.125 3
    endloop
  endfacet
  facet normal 0 0 1
    outer loop
      vertex 4.09474 7.1 3
      vertex 0 0 3
      vertex 3.87496 6.5694 3
    endloop
  endfacet
  facet normal 0 0 1
    outer loop
      vertex 3.87496 89.5694 3
      vertex 0 95 3
      vertex 3.8 89 3
    endloop
  endfacet
  facet normal 0 0 1
    outer loop
      vertex 4.09474 90.1 3
      vertex 0 95 3
      vertex 3.87496 89.5694 3
    endloop
  endfacet
  facet normal 0 0 1
    outer loop
      vertex 4.44436 90.5556 3
      vertex 0 95 3
      vertex 4.09474 90.1 3
    endloop
  endfacet
  facet normal 0 0 1
    outer loop
      vertex 4.9 90.9053 3
      vertex 0 95 3
      vertex 4.44436 90.5556 3
    endloop
  endfacet
  facet normal 0 0 1
    outer loop
      vertex 5.4306 91.125 3
      vertex 0 95 3
      vertex 4.9 90.9053 3
    endloop
  endfacet
  facet normal 0 0 1
    outer loop
      vertex 6 91.2 3
      vertex 0 95 3
      vertex 5.4306 91.125 3
    endloop
  endfacet
  facet normal 0 0 1
    outer loop
      vertex 6.5694 91.125 3
      vertex 0 95 3
      vertex 6 91.2 3
    endloop
  endfacet
  facet normal 0 0 1
    outer loop
      vertex 120.905 87.9 3
      vertex 125 95 3
      vertex 121.125 88.4306 3
    endloop
  endfacet
  facet normal -0 0 1
    outer loop
      vertex 121.125 5.4306 3
      vertex 125 0 3
      vertex 121.2 6 3
    endloop
  endfacet
  facet normal -0 0 1
    outer loop
      vertex 120.905 4.9 3
      vertex 125 0 3
      vertex 121.125 5.4306 3
    endloop
  endfacet
  facet normal -0 0 1
    outer loop
      vertex 120.556 4.44436 3
      vertex 125 0 3
      vertex 120.905 4.9 3
    endloop
  endfacet
  facet normal -0 0 1
    outer loop
      vertex 120.1 4.09474 3
      vertex 125 0 3
      vertex 120.556 4.44436 3
    endloop
  endfacet
  facet normal -0 0 1
    outer loop
      vertex 119.569 3.87496 3
      vertex 125 0 3
      vertex 120.1 4.09474 3
    endloop
  endfacet
  facet normal -0 0 1
    outer loop
      vertex 119 3.8 3
      vertex 125 0 3
      vertex 119.569 3.87496 3
    endloop
  endfacet
  facet normal 0 0 1
    outer loop
      vertex 118.431 3.87496 3
      vertex 125 0 3
      vertex 119 3.8 3
    endloop
  endfacet
  facet normal 0 0 1
    outer loop
      vertex 117.9 4.09474 3
      vertex 125 0 3
      vertex 118.431 3.87496 3
    endloop
  endfacet
  facet normal 0 0 1
    outer loop
      vertex 117.9 7.90526 3
      vertex 110 19.9019 3
      vertex 117.444 7.55563 3
    endloop
  endfacet
  facet normal -0 0 1
    outer loop
      vertex 109.276 19.6022 3
      vertex 117.444 7.55563 3
      vertex 110 19.9019 3
    endloop
  endfacet
  facet normal 0 0 1
    outer loop
      vertex 117.444 7.55563 3
      vertex 109.276 19.6022 3
      vertex 117.095 7.1 3
    endloop
  endfacet
  facet normal -0 0 1
    outer loop
      vertex 108.5 19.5 3
      vertex 117.095 7.1 3
      vertex 109.276 19.6022 3
    endloop
  endfacet
  facet normal 0 0 1
    outer loop
      vertex 117.095 7.1 3
      vertex 108.5 19.5 3
      vertex 116.875 6.5694 3
    endloop
  endfacet
  facet normal 0 0 1
    outer loop
      vertex 107.724 19.6022 3
      vertex 116.875 6.5694 3
      vertex 108.5 19.5 3
    endloop
  endfacet
  facet normal 0 0 1
    outer loop
      vertex 116.875 6.5694 3
      vertex 107.724 19.6022 3
      vertex 116.8 6 3
    endloop
  endfacet
  facet normal 0 0 1
    outer loop
      vertex 107 19.9019 3
      vertex 116.8 6 3
      vertex 107.724 19.6022 3
    endloop
  endfacet
  facet normal 0 0 1
    outer loop
      vertex 116.8 6 3
      vertex 107 19.9019 3
      vertex 116.875 5.4306 3
    endloop
  endfacet
  facet normal 0 0 1
    outer loop
      vertex 75 20.9019 3
      vertex 116.875 5.4306 3
      vertex 107 19.9019 3
    endloop
  endfacet
  facet normal 0 0 1
    outer loop
      vertex 75 20.9019 3
      vertex 107 19.9019 3
      vertex 106.379 20.3787 3
    endloop
  endfacet
  facet normal 0 0 1
    outer loop
      vertex 75.6213 21.3787 3
      vertex 106.379 20.3787 3
      vertex 105.902 21 3
    endloop
  endfacet
  facet normal 0 0 1
    outer loop
      vertex 107 25.0981 3
      vertex 95 40 3
      vertex 106.379 24.6213 3
    endloop
  endfacet
  facet normal 0 0 1
    outer loop
      vertex 106.379 24.6213 3
      vertex 95 40 3
      vertex 105.902 24 3
    endloop
  endfacet
  facet normal 0 0 1
    outer loop
      vertex 105.902 24 3
      vertex 95 40 3
      vertex 105.602 23.2765 3
    endloop
  endfacet
  facet normal 0 0 1
    outer loop
      vertex 108.5 25.5 3
      vertex 95 40 3
      vertex 107.724 25.3978 3
    endloop
  endfacet
  facet normal 0 0 1
    outer loop
      vertex 95 40 3
      vertex 103.7 68.1019 3
      vertex 102.976 67.8022 3
    endloop
  endfacet
  facet normal 0 0 1
    outer loop
      vertex 95 40 3
      vertex 102.976 67.8022 3
      vertex 102.2 67.7 3
    endloop
  endfacet
  facet normal 0 0 1
    outer loop
      vertex 95 40 3
      vertex 102.2 67.7 3
      vertex 101.424 67.8022 3
    endloop
  endfacet
  facet normal 0 0 1
    outer loop
      vertex 95 40 3
      vertex 101.424 67.8022 3
      vertex 100.7 68.1019 3
    endloop
  endfacet
  facet normal 0 0 1
    outer loop
      vertex 95 70 3
      vertex 100.7 68.1019 3
      vertex 100.079 68.5787 3
    endloop
  endfacet
  facet normal 0 0 1
    outer loop
      vertex 95 70 3
      vertex 100.079 68.5787 3
      vertex 99.6019 69.2 3
    endloop
  endfacet
  facet normal 0 0 1
    outer loop
      vertex 95 70 3
      vertex 99.6019 69.2 3
      vertex 99.3022 69.9235 3
    endloop
  endfacet
  facet normal -0 0 1
    outer loop
      vertex 95 70 3
      vertex 99.3022 69.9235 3
      vertex 99.2 70.7 3
    endloop
  endfacet
  facet normal 0 0 1
    outer loop
      vertex 100.7 68.1019 3
      vertex 95 70 3
      vertex 95 40 3
    endloop
  endfacet
  facet normal -0 0 1
    outer loop
      vertex 81.1 27.6 3
      vertex 105.602 23.2765 3
      vertex 95 40 3
    endloop
  endfacet
  facet normal -0 0 1
    outer loop
      vertex 80.9978 26.8235 3
      vertex 105.602 23.2765 3
      vertex 81.1 27.6 3
    endloop
  endfacet
  facet normal 0 0 1
    outer loop
      vertex 105.602 23.2765 3
      vertex 80.9978 26.8235 3
      vertex 105.5 22.5 3
    endloop
  endfacet
  facet normal -0 0 1
    outer loop
      vertex 80.6981 26.1 3
      vertex 105.5 22.5 3
      vertex 80.9978 26.8235 3
    endloop
  endfacet
  facet normal 0 0 1
    outer loop
      vertex 105.5 22.5 3
      vertex 80.6981 26.1 3
      vertex 105.602 21.7235 3
    endloop
  endfacet
  facet normal -0 0 1
    outer loop
      vertex 80.2213 25.4787 3
      vertex 105.602 21.7235 3
      vertex 80.6981 26.1 3
    endloop
  endfacet
  facet normal 0 0 1
    outer loop
      vertex 105.602 21.7235 3
      vertex 80.2213 25.4787 3
      vertex 105.902 21 3
    endloop
  endfacet
  facet normal -0 0 1
    outer loop
      vertex 79.6 25.0019 3
      vertex 105.902 21 3
      vertex 80.2213 25.4787 3
    endloop
  endfacet
  facet normal -0 0 1
    outer loop
      vertex 75.6213 21.3787 3
      vertex 105.902 21 3
      vertex 79.6 25.0019 3
    endloop
  endfacet
  facet normal 0 0 1
    outer loop
      vertex 106.379 20.3787 3
      vertex 75.6213 21.3787 3
      vertex 75 20.9019 3
    endloop
  endfacet
  facet normal 0 0 1
    outer loop
      vertex 116.875 5.4306 3
      vertex 75 20.9019 3
      vertex 117.095 4.9 3
    endloop
  endfacet
  facet normal -0 0 1
    outer loop
      vertex 74.2765 20.6022 3
      vertex 117.095 4.9 3
      vertex 75 20.9019 3
    endloop
  endfacet
  facet normal 0 0 1
    outer loop
      vertex 76.0981 22 3
      vertex 79.6 25.0019 3
      vertex 78.8765 24.7022 3
    endloop
  endfacet
  facet normal 0 0 1
    outer loop
      vertex 76.3978 22.7235 3
      vertex 78.8765 24.7022 3
      vertex 78.1 24.6 3
    endloop
  endfacet
  facet normal 0 0 1
    outer loop
      vertex 76.5 23.5 3
      vertex 78.1 24.6 3
      vertex 77.3235 24.7022 3
    endloop
  endfacet
  facet normal 0 0 1
    outer loop
      vertex 76.3978 24.2765 3
      vertex 77.3235 24.7022 3
      vertex 76.6 25.0019 3
    endloop
  endfacet
  facet normal 0 0 1
    outer loop
      vertex 78.1 24.6 3
      vertex 76.5 23.5 3
      vertex 76.3978 22.7235 3
    endloop
  endfacet
  facet normal 0 0 1
    outer loop
      vertex 78.8765 24.7022 3
      vertex 76.3978 22.7235 3
      vertex 76.0981 22 3
    endloop
  endfacet
  facet normal 0 0 1
    outer loop
      vertex 79.6 25.0019 3
      vertex 76.0981 22 3
      vertex 75.6213 21.3787 3
    endloop
  endfacet
  facet normal 0 0 1
    outer loop
      vertex 117.095 4.9 3
      vertex 74.2765 20.6022 3
      vertex 117.444 4.44436 3
    endloop
  endfacet
  facet normal -0 0 1
    outer loop
      vertex 73.5 20.5 3
      vertex 117.444 4.44436 3
      vertex 74.2765 20.6022 3
    endloop
  endfacet
  facet normal 0 0 1
    outer loop
      vertex 117.444 4.44436 3
      vertex 73.5 20.5 3
      vertex 117.9 4.09474 3
    endloop
  endfacet
  facet normal 0 0 1
    outer loop
      vertex 7.1 4.09474 3
      vertex 117.9 4.09474 3
      vertex 73.5 20.5 3
    endloop
  endfacet
  facet normal 0 0 1
    outer loop
      vertex 7.1 4.09474 3
      vertex 73.5 20.5 3
      vertex 72.7235 20.6022 3
    endloop
  endfacet
  facet normal 0 0 1
    outer loop
      vertex 28.8978 23.2765 3
      vertex 70.5 23.5 3
      vertex 70.6022 24.2765 3
    endloop
  endfacet
  facet normal 0 0 1
    outer loop
      vertex 70.5 23.5 3
      vertex 29 22.5 3
      vertex 70.6022 22.7235 3
    endloop
  endfacet
  facet normal 0 0 1
    outer loop
      vertex 28.8978 21.7235 3
      vertex 70.6022 22.7235 3
      vertex 29 22.5 3
    endloop
  endfacet
  facet normal 0 0 1
    outer loop
      vertex 70.6022 22.7235 3
      vertex 28.8978 21.7235 3
      vertex 70.9019 22 3
    endloop
  endfacet
  facet normal -0 0 1
    outer loop
      vertex 29.4213 68.5787 3
      vertex 30 40 3
      vertex 29.8981 69.2 3
    endloop
  endfacet
  facet normal -0 0 1
    outer loop
      vertex 28.8 68.1019 3
      vertex 30 40 3
      vertex 29.4213 68.5787 3
    endloop
  endfacet
  facet normal 0 0 1
    outer loop
      vertex 28.5981 21 3
      vertex 70.9019 22 3
      vertex 28.8978 21.7235 3
    endloop
  endfacet
  facet normal 0 0 1
    outer loop
      vertex 70.9019 22 3
      vertex 28.5981 21 3
      vertex 71.3787 21.3787 3
    endloop
  endfacet
  facet normal 0 0 1
    outer loop
      vertex 28.1213 20.3787 3
      vertex 71.3787 21.3787 3
      vertex 28.5981 21 3
    endloop
  endfacet
  facet normal 0 0 1
    outer loop
      vertex 71.3787 21.3787 3
      vertex 28.1213 20.3787 3
      vertex 72 20.9019 3
    endloop
  endfacet
  facet normal 0 0 1
    outer loop
      vertex 27.5 19.9019 3
      vertex 72 20.9019 3
      vertex 28.1213 20.3787 3
    endloop
  endfacet
  facet normal 0 0 1
    outer loop
      vertex 72 20.9019 3
      vertex 27.5 19.9019 3
      vertex 72.7235 20.6022 3
    endloop
  endfacet
  facet normal 0 0 1
    outer loop
      vertex 7.55563 4.44436 3
      vertex 72.7235 20.6022 3
      vertex 27.5 19.9019 3
    endloop
  endfacet
  facet normal 0 0 1
    outer loop
      vertex 7.90526 4.9 3
      vertex 27.5 19.9019 3
      vertex 26.7765 19.6022 3
    endloop
  endfacet
  facet normal 0 0 1
    outer loop
      vertex 8.12504 5.4306 3
      vertex 26.7765 19.6022 3
      vertex 26 19.5 3
    endloop
  endfacet
  facet normal 0 0 1
    outer loop
      vertex 8.2 6 3
      vertex 26 19.5 3
      vertex 25.2235 19.6022 3
    endloop
  endfacet
  facet normal 0 0 1
    outer loop
      vertex 23.1022 23.2765 3
      vertex 18.5 23.5 3
      vertex 23 22.5 3
    endloop
  endfacet
  facet normal -0 0 1
    outer loop
      vertex 18.3978 22.7235 3
      vertex 23 22.5 3
      vertex 18.5 23.5 3
    endloop
  endfacet
  facet normal 0 0 1
    outer loop
      vertex 23 22.5 3
      vertex 18.3978 22.7235 3
      vertex 23.1022 21.7235 3
    endloop
  endfacet
  facet normal -0 0 1
    outer loop
      vertex 18.0981 22 3
      vertex 23.1022 21.7235 3
      vertex 18.3978 22.7235 3
    endloop
  endfacet
  facet normal 0 0 1
    outer loop
      vertex 23.1022 21.7235 3
      vertex 18.0981 22 3
      vertex 23.4019 21 3
    endloop
  endfacet
  facet normal -0 0 1
    outer loop
      vertex 17.6213 21.3787 3
      vertex 23.4019 21 3
      vertex 18.0981 22 3
    endloop
  endfacet
  facet normal 0 0 1
    outer loop
      vertex 23.4019 21 3
      vertex 17.6213 21.3787 3
      vertex 23.8787 20.3787 3
    endloop
  endfacet
  facet normal -0 0 1
    outer loop
      vertex 17 20.9019 3
      vertex 23.8787 20.3787 3
      vertex 17.6213 21.3787 3
    endloop
  endfacet
  facet normal 0 0 1
    outer loop
      vertex 23.8787 20.3787 3
      vertex 17 20.9019 3
      vertex 24.5 19.9019 3
    endloop
  endfacet
  facet normal -0 0 1
    outer loop
      vertex 16.2765 20.6022 3
      vertex 24.5 19.9019 3
      vertex 17 20.9019 3
    endloop
  endfacet
  facet normal 0 0 1
    outer loop
      vertex 8.2 6 3
      vertex 24.5 19.9019 3
      vertex 16.2765 20.6022 3
    endloop
  endfacet
  facet normal 0 0 1
    outer loop
      vertex 24.5 19.9019 3
      vertex 8.2 6 3
      vertex 25.2235 19.6022 3
    endloop
  endfacet
  facet normal 0 0 1
    outer loop
      vertex 8.2 6 3
      vertex 16.2765 20.6022 3
      vertex 15.5 20.5 3
    endloop
  endfacet
  facet normal 0 0 1
    outer loop
      vertex 8.2 6 3
      vertex 15.5 20.5 3
      vertex 14.7235 20.6022 3
    endloop
  endfacet
  facet normal 0 0 1
    outer loop
      vertex 12.6022 24.2765 3
      vertex 8.2 6 3
      vertex 12.5 23.5 3
    endloop
  endfacet
  facet normal 0 0 1
    outer loop
      vertex 8.2 6 3
      vertex 12.6022 22.7235 3
      vertex 12.5 23.5 3
    endloop
  endfacet
  facet normal 0 0 1
    outer loop
      vertex 8.2 6 3
      vertex 12.9019 22 3
      vertex 12.6022 22.7235 3
    endloop
  endfacet
  facet normal 0 0 1
    outer loop
      vertex 8.2 6 3
      vertex 13.3787 21.3787 3
      vertex 12.9019 22 3
    endloop
  endfacet
  facet normal 0 0 1
    outer loop
      vertex 8.2 6 3
      vertex 14 20.9019 3
      vertex 13.3787 21.3787 3
    endloop
  endfacet
  facet normal 0 0 1
    outer loop
      vertex 8.2 6 3
      vertex 14.7235 20.6022 3
      vertex 14 20.9019 3
    endloop
  endfacet
  facet normal 0 0 1
    outer loop
      vertex 26 19.5 3
      vertex 8.2 6 3
      vertex 8.12504 5.4306 3
    endloop
  endfacet
  facet normal 0 0 1
    outer loop
      vertex 26.7765 19.6022 3
      vertex 8.12504 5.4306 3
      vertex 7.90526 4.9 3
    endloop
  endfacet
  facet normal 0 0 1
    outer loop
      vertex 27.5 19.9019 3
      vertex 7.90526 4.9 3
      vertex 7.55563 4.44436 3
    endloop
  endfacet
  facet normal 0 0 1
    outer loop
      vertex 7.1 4.09474 3
      vertex 72.7235 20.6022 3
      vertex 7.55563 4.44436 3
    endloop
  endfacet
  facet normal 0 0 1
    outer loop
      vertex 117.9 4.09474 3
      vertex 7.1 4.09474 3
      vertex 125 0 3
    endloop
  endfacet
  facet normal 0 0 1
    outer loop
      vertex 0 0 3
      vertex 7.1 4.09474 3
      vertex 6.5694 3.87496 3
    endloop
  endfacet
  facet normal 0 0 1
    outer loop
      vertex 0 0 3
      vertex 6.5694 3.87496 3
      vertex 6 3.8 3
    endloop
  endfacet
  facet normal 0 0 1
    outer loop
      vertex 7.1 4.09474 3
      vertex 0 0 3
      vertex 125 0 3
    endloop
  endfacet
  facet normal 0 0 1
    outer loop
      vertex 5.4306 3.87496 3
      vertex 0 0 3
      vertex 6 3.8 3
    endloop
  endfacet
  facet normal 0 0 1
    outer loop
      vertex 4.9 4.09474 3
      vertex 0 0 3
      vertex 5.4306 3.87496 3
    endloop
  endfacet
  facet normal 0 0 1
    outer loop
      vertex 4.44436 4.44436 3
      vertex 0 0 3
      vertex 4.9 4.09474 3
    endloop
  endfacet
  facet normal 0 0 1
    outer loop
      vertex 4.09474 4.9 3
      vertex 0 0 3
      vertex 4.44436 4.44436 3
    endloop
  endfacet
  facet normal 0 0 1
    outer loop
      vertex 3.87496 5.4306 3
      vertex 0 0 3
      vertex 4.09474 4.9 3
    endloop
  endfacet
  facet normal 0 0 1
    outer loop
      vertex 3.8 6 3
      vertex 0 0 3
      vertex 3.87496 5.4306 3
    endloop
  endfacet
  facet normal 0 0 1
    outer loop
      vertex 3.87496 6.5694 3
      vertex 0 0 3
      vertex 3.8 6 3
    endloop
  endfacet
  facet normal -0 0 1
    outer loop
      vertex 76.3978 71.7235 3
      vertex 95 70 3
      vertex 76.5 72.5 3
    endloop
  endfacet
  facet normal -0 0 1
    outer loop
      vertex 76.0981 71 3
      vertex 95 70 3
      vertex 76.3978 71.7235 3
    endloop
  endfacet
  facet normal -0 0 1
    outer loop
      vertex 75.6213 70.3787 3
      vertex 95 70 3
      vertex 76.0981 71 3
    endloop
  endfacet
  facet normal 0 0 1
    outer loop
      vertex 95 70 3
      vertex 75.6213 70.3787 3
      vertex 75.1278 70 3
    endloop
  endfacet
  facet normal 0 0 1
    outer loop
      vertex 30.3 70.7 3
      vertex 70.6022 71.7235 3
      vertex 70.5 72.5 3
    endloop
  endfacet
  facet normal 0 0 1
    outer loop
      vertex 30.2078 70 3
      vertex 70.6022 71.7235 3
      vertex 30.3 70.7 3
    endloop
  endfacet
  facet normal 0 0 1
    outer loop
      vertex 70.6022 71.7235 3
      vertex 30.2078 70 3
      vertex 70.9019 71 3
    endloop
  endfacet
  facet normal 0 0 1
    outer loop
      vertex 70.9019 71 3
      vertex 30.2078 70 3
      vertex 71.3787 70.3787 3
    endloop
  endfacet
  facet normal 0 0 1
    outer loop
      vertex 71.3787 70.3787 3
      vertex 30.2078 70 3
      vertex 71.8722 70 3
    endloop
  endfacet
  facet normal 0.608809 -0.793316 0
    outer loop
      vertex 27.5 19.9019 3
      vertex 28.1213 20.3787 9
      vertex 27.5 19.9019 9
    endloop
  endfacet
  facet normal 0.608809 -0.793316 0
    outer loop
      vertex 28.1213 20.3787 9
      vertex 27.5 19.9019 3
      vertex 28.1213 20.3787 3
    endloop
  endfacet
  facet normal 0.382701 0.923872 -0
    outer loop
      vertex 27.5 25.0981 3
      vertex 26.7765 25.3978 9
      vertex 27.5 25.0981 9
    endloop
  endfacet
  facet normal 0.382701 0.923872 0
    outer loop
      vertex 26.7765 25.3978 9
      vertex 27.5 25.0981 3
      vertex 26.7765 25.3978 3
    endloop
  endfacet
  facet normal 0.382701 -0.923872 0
    outer loop
      vertex 26.7765 19.6022 3
      vertex 27.5 19.9019 9
      vertex 26.7765 19.6022 9
    endloop
  endfacet
  facet normal 0.382701 -0.923872 0
    outer loop
      vertex 27.5 19.9019 9
      vertex 26.7765 19.6022 3
      vertex 27.5 19.9019 3
    endloop
  endfacet
  facet normal 0.99145 -0.130491 0
    outer loop
      vertex 28.8978 21.7235 9
      vertex 29 22.5 3
      vertex 29 22.5 9
    endloop
  endfacet
  facet normal 0.99145 -0.130491 0
    outer loop
      vertex 29 22.5 3
      vertex 28.8978 21.7235 9
      vertex 28.8978 21.7235 3
    endloop
  endfacet
  facet normal 0 0 1
    outer loop
      vertex 27.3 22.5 9
      vertex 29 22.5 9
      vertex 28.8978 23.2765 9
    endloop
  endfacet
  facet normal 0 0 1
    outer loop
      vertex 27.2364 22.9017 9
      vertex 28.8978 23.2765 9
      vertex 28.5981 24 9
    endloop
  endfacet
  facet normal 0 0 1
    outer loop
      vertex 29 22.5 9
      vertex 27.3 22.5 9
      vertex 28.8978 21.7235 9
    endloop
  endfacet
  facet normal 0 0 1
    outer loop
      vertex 27.0517 23.2641 9
      vertex 28.5981 24 9
      vertex 28.1213 24.6213 9
    endloop
  endfacet
  facet normal -0 0 1
    outer loop
      vertex 27.2364 22.0983 9
      vertex 28.8978 21.7235 9
      vertex 27.3 22.5 9
    endloop
  endfacet
  facet normal 0 0 1
    outer loop
      vertex 26.7641 23.5517 9
      vertex 28.1213 24.6213 9
      vertex 27.5 25.0981 9
    endloop
  endfacet
  facet normal 0 0 1
    outer loop
      vertex 28.8978 21.7235 9
      vertex 27.2364 22.0983 9
      vertex 28.5981 21 9
    endloop
  endfacet
  facet normal -0 0 1
    outer loop
      vertex 27.0517 21.7359 9
      vertex 28.5981 21 9
      vertex 27.2364 22.0983 9
    endloop
  endfacet
  facet normal 0 0 1
    outer loop
      vertex 28.8978 23.2765 9
      vertex 27.2364 22.9017 9
      vertex 27.3 22.5 9
    endloop
  endfacet
  facet normal 0 0 1
    outer loop
      vertex 28.5981 24 9
      vertex 27.0517 23.2641 9
      vertex 27.2364 22.9017 9
    endloop
  endfacet
  facet normal 0 0 1
    outer loop
      vertex 26.4017 23.7364 9
      vertex 27.5 25.0981 9
      vertex 26.7765 25.3978 9
    endloop
  endfacet
  facet normal 0 0 1
    outer loop
      vertex 28.1213 24.6213 9
      vertex 26.7641 23.5517 9
      vertex 27.0517 23.2641 9
    endloop
  endfacet
  facet normal 0 0 1
    outer loop
      vertex 27.5 25.0981 9
      vertex 26.4017 23.7364 9
      vertex 26.7641 23.5517 9
    endloop
  endfacet
  facet normal 0 0 1
    outer loop
      vertex 26 23.8 9
      vertex 26.7765 25.3978 9
      vertex 26 25.5 9
    endloop
  endfacet
  facet normal 0 0 1
    outer loop
      vertex 26.7765 25.3978 9
      vertex 26 23.8 9
      vertex 26.4017 23.7364 9
    endloop
  endfacet
  facet normal -0 0 1
    outer loop
      vertex 25.2235 25.3978 9
      vertex 26 23.8 9
      vertex 26 25.5 9
    endloop
  endfacet
  facet normal 0 0 1
    outer loop
      vertex 26 23.8 9
      vertex 25.2235 25.3978 9
      vertex 25.5983 23.7364 9
    endloop
  endfacet
  facet normal -0 0 1
    outer loop
      vertex 24.5 25.0981 9
      vertex 25.5983 23.7364 9
      vertex 25.2235 25.3978 9
    endloop
  endfacet
  facet normal 0 0 1
    outer loop
      vertex 25.5983 23.7364 9
      vertex 24.5 25.0981 9
      vertex 25.2359 23.5517 9
    endloop
  endfacet
  facet normal -0 0 1
    outer loop
      vertex 23.8787 24.6213 9
      vertex 25.2359 23.5517 9
      vertex 24.5 25.0981 9
    endloop
  endfacet
  facet normal -0 0 1
    outer loop
      vertex 23.4019 24 9
      vertex 24.9483 23.2641 9
      vertex 23.8787 24.6213 9
    endloop
  endfacet
  facet normal 0 0 1
    outer loop
      vertex 25.2359 23.5517 9
      vertex 23.8787 24.6213 9
      vertex 24.9483 23.2641 9
    endloop
  endfacet
  facet normal 0 0 1
    outer loop
      vertex 28.5981 21 9
      vertex 27.0517 21.7359 9
      vertex 28.1213 20.3787 9
    endloop
  endfacet
  facet normal -0 0 1
    outer loop
      vertex 26.7641 21.4483 9
      vertex 28.1213 20.3787 9
      vertex 27.0517 21.7359 9
    endloop
  endfacet
  facet normal 0 0 1
    outer loop
      vertex 28.1213 20.3787 9
      vertex 26.7641 21.4483 9
      vertex 27.5 19.9019 9
    endloop
  endfacet
  facet normal -0 0 1
    outer loop
      vertex 26.4017 21.2636 9
      vertex 27.5 19.9019 9
      vertex 26.7641 21.4483 9
    endloop
  endfacet
  facet normal 0 0 1
    outer loop
      vertex 27.5 19.9019 9
      vertex 26.4017 21.2636 9
      vertex 26.7765 19.6022 9
    endloop
  endfacet
  facet normal -0 0 1
    outer loop
      vertex 26 21.2 9
      vertex 26.7765 19.6022 9
      vertex 26.4017 21.2636 9
    endloop
  endfacet
  facet normal 0 0 1
    outer loop
      vertex 26 21.2 9
      vertex 26 19.5 9
      vertex 26.7765 19.6022 9
    endloop
  endfacet
  facet normal 0 0 1
    outer loop
      vertex 25.2235 19.6022 9
      vertex 26 21.2 9
      vertex 25.5983 21.2636 9
    endloop
  endfacet
  facet normal 0 0 1
    outer loop
      vertex 24.5 19.9019 9
      vertex 25.5983 21.2636 9
      vertex 25.2359 21.4483 9
    endloop
  endfacet
  facet normal 0 0 1
    outer loop
      vertex 26 21.2 9
      vertex 25.2235 19.6022 9
      vertex 26 19.5 9
    endloop
  endfacet
  facet normal 0 0 1
    outer loop
      vertex 23.8787 20.3787 9
      vertex 25.2359 21.4483 9
      vertex 24.9483 21.7359 9
    endloop
  endfacet
  facet normal 0 0 1
    outer loop
      vertex 23.4019 21 9
      vertex 24.9483 21.7359 9
      vertex 24.7636 22.0983 9
    endloop
  endfacet
  facet normal 0 0 1
    outer loop
      vertex 25.5983 21.2636 9
      vertex 24.5 19.9019 9
      vertex 25.2235 19.6022 9
    endloop
  endfacet
  facet normal 0 0 1
    outer loop
      vertex 23.1022 21.7235 9
      vertex 24.7636 22.0983 9
      vertex 24.7 22.5 9
    endloop
  endfacet
  facet normal 0 0 1
    outer loop
      vertex 24.9483 23.2641 9
      vertex 23.4019 24 9
      vertex 24.7636 22.9017 9
    endloop
  endfacet
  facet normal -0 0 1
    outer loop
      vertex 23.1022 23.2765 9
      vertex 24.7636 22.9017 9
      vertex 23.4019 24 9
    endloop
  endfacet
  facet normal 0 0 1
    outer loop
      vertex 25.2359 21.4483 9
      vertex 23.8787 20.3787 9
      vertex 24.5 19.9019 9
    endloop
  endfacet
  facet normal 0 0 1
    outer loop
      vertex 24.7636 22.9017 9
      vertex 23.1022 23.2765 9
      vertex 24.7 22.5 9
    endloop
  endfacet
  facet normal 0 0 1
    outer loop
      vertex 24.9483 21.7359 9
      vertex 23.4019 21 9
      vertex 23.8787 20.3787 9
    endloop
  endfacet
  facet normal 0 0 1
    outer loop
      vertex 23 22.5 9
      vertex 24.7 22.5 9
      vertex 23.1022 23.2765 9
    endloop
  endfacet
  facet normal 0 0 1
    outer loop
      vertex 24.7636 22.0983 9
      vertex 23.1022 21.7235 9
      vertex 23.4019 21 9
    endloop
  endfacet
  facet normal 0 0 1
    outer loop
      vertex 24.7 22.5 9
      vertex 23 22.5 9
      vertex 23.1022 21.7235 9
    endloop
  endfacet
  facet normal -0.382701 0.923872 0
    outer loop
      vertex 25.2235 25.3978 3
      vertex 24.5 25.0981 9
      vertex 25.2235 25.3978 9
    endloop
  endfacet
  facet normal -0.382701 0.923872 0
    outer loop
      vertex 24.5 25.0981 9
      vertex 25.2235 25.3978 3
      vertex 24.5 25.0981 3
    endloop
  endfacet
  facet normal -0.923872 0.382701 0
    outer loop
      vertex 23.1022 23.2765 3
      vertex 23.4019 24 9
      vertex 23.4019 24 3
    endloop
  endfacet
  facet normal -0.923872 0.382701 0
    outer loop
      vertex 23.4019 24 9
      vertex 23.1022 23.2765 3
      vertex 23.1022 23.2765 9
    endloop
  endfacet
  facet normal 0.793316 -0.608809 0
    outer loop
      vertex 28.1213 20.3787 9
      vertex 28.5981 21 3
      vertex 28.5981 21 9
    endloop
  endfacet
  facet normal 0.793316 -0.608809 0
    outer loop
      vertex 28.5981 21 3
      vertex 28.1213 20.3787 9
      vertex 28.1213 20.3787 3
    endloop
  endfacet
  facet normal -0.608809 -0.793316 0
    outer loop
      vertex 23.8787 20.3787 3
      vertex 24.5 19.9019 9
      vertex 23.8787 20.3787 9
    endloop
  endfacet
  facet normal -0.608809 -0.793316 -0
    outer loop
      vertex 24.5 19.9019 9
      vertex 23.8787 20.3787 3
      vertex 24.5 19.9019 3
    endloop
  endfacet
  facet normal -0.99145 -0.130491 0
    outer loop
      vertex 23.1022 21.7235 3
      vertex 23 22.5 9
      vertex 23 22.5 3
    endloop
  endfacet
  facet normal -0.99145 -0.130491 0
    outer loop
      vertex 23 22.5 9
      vertex 23.1022 21.7235 3
      vertex 23.1022 21.7235 9
    endloop
  endfacet
  facet normal -0.793316 -0.608809 0
    outer loop
      vertex 23.8787 20.3787 3
      vertex 23.4019 21 9
      vertex 23.4019 21 3
    endloop
  endfacet
  facet normal -0.793316 -0.608809 0
    outer loop
      vertex 23.4019 21 9
      vertex 23.8787 20.3787 3
      vertex 23.8787 20.3787 9
    endloop
  endfacet
  facet normal 0.608809 0.793316 -0
    outer loop
      vertex 28.1213 24.6213 3
      vertex 27.5 25.0981 9
      vertex 28.1213 24.6213 9
    endloop
  endfacet
  facet normal 0.608809 0.793316 0
    outer loop
      vertex 27.5 25.0981 9
      vertex 28.1213 24.6213 3
      vertex 27.5 25.0981 3
    endloop
  endfacet
  facet normal 0.130491 0.99145 -0
    outer loop
      vertex 26.7765 25.3978 3
      vertex 26 25.5 9
      vertex 26.7765 25.3978 9
    endloop
  endfacet
  facet normal 0.130491 0.99145 0
    outer loop
      vertex 26 25.5 9
      vertex 26.7765 25.3978 3
      vertex 26 25.5 3
    endloop
  endfacet
  facet normal -0.382701 -0.923872 0
    outer loop
      vertex 24.5 19.9019 3
      vertex 25.2235 19.6022 9
      vertex 24.5 19.9019 9
    endloop
  endfacet
  facet normal -0.382701 -0.923872 -0
    outer loop
      vertex 25.2235 19.6022 9
      vertex 24.5 19.9019 3
      vertex 25.2235 19.6022 3
    endloop
  endfacet
  facet normal -0.130491 -0.99145 0
    outer loop
      vertex 25.2235 19.6022 3
      vertex 26 19.5 9
      vertex 25.2235 19.6022 9
    endloop
  endfacet
  facet normal -0.130491 -0.99145 -0
    outer loop
      vertex 26 19.5 9
      vertex 25.2235 19.6022 3
      vertex 26 19.5 3
    endloop
  endfacet
  facet normal -0.99145 0.130491 0
    outer loop
      vertex 23 22.5 3
      vertex 23.1022 23.2765 9
      vertex 23.1022 23.2765 3
    endloop
  endfacet
  facet normal -0.99145 0.130491 0
    outer loop
      vertex 23.1022 23.2765 9
      vertex 23 22.5 3
      vertex 23 22.5 9
    endloop
  endfacet
  facet normal 0.923872 0.382701 0
    outer loop
      vertex 30.1978 71.4765 9
      vertex 29.8981 72.2 3
      vertex 29.8981 72.2 9
    endloop
  endfacet
  facet normal 0.923872 0.382701 0
    outer loop
      vertex 29.8981 72.2 3
      vertex 30.1978 71.4765 9
      vertex 30.1978 71.4765 3
    endloop
  endfacet
  facet normal 0.99145 0.130491 0
    outer loop
      vertex 30.3 70.7 9
      vertex 30.1978 71.4765 3
      vertex 30.1978 71.4765 9
    endloop
  endfacet
  facet normal 0.99145 0.130491 0
    outer loop
      vertex 30.1978 71.4765 3
      vertex 30.3 70.7 9
      vertex 30.3 70.7 3
    endloop
  endfacet
  facet normal 0.793316 0.608809 0
    outer loop
      vertex 29.8981 72.2 9
      vertex 29.4213 72.8213 3
      vertex 29.4213 72.8213 9
    endloop
  endfacet
  facet normal 0.793316 0.608809 0
    outer loop
      vertex 29.4213 72.8213 3
      vertex 29.8981 72.2 9
      vertex 29.8981 72.2 3
    endloop
  endfacet
  facet normal 0.923842 -0.382773 0
    outer loop
      vertex 30.1978 69.9235 9
      vertex 30 69.4461 4
      vertex 30.1978 69.9235 4
    endloop
  endfacet
  facet normal 0.923872 -0.382701 -8.04988e-06
    outer loop
      vertex 29.8981 69.2 9
      vertex 30 69.4461 4
      vertex 30.1978 69.9235 9
    endloop
  endfacet
  facet normal 0.92393 -0.382562 0
    outer loop
      vertex 29.8981 69.2 3
      vertex 30 69.4461 4
      vertex 29.8981 69.2 9
    endloop
  endfacet
  facet normal 0.92393 -0.382562 0
    outer loop
      vertex 30 69.4461 4
      vertex 29.8981 69.2 3
      vertex 30 69.4461 3
    endloop
  endfacet
  facet normal -0.923872 0.382701 0
    outer loop
      vertex 24.4022 71.4765 3
      vertex 24.7019 72.2 9
      vertex 24.7019 72.2 3
    endloop
  endfacet
  facet normal -0.923872 0.382701 0
    outer loop
      vertex 24.7019 72.2 9
      vertex 24.4022 71.4765 3
      vertex 24.4022 71.4765 9
    endloop
  endfacet
  facet normal -0.923872 -0.382701 0
    outer loop
      vertex 24.7019 69.2 3
      vertex 24.4022 69.9235 9
      vertex 24.4022 69.9235 3
    endloop
  endfacet
  facet normal -0.923872 -0.382701 0
    outer loop
      vertex 24.4022 69.9235 9
      vertex 24.7019 69.2 3
      vertex 24.7019 69.2 9
    endloop
  endfacet
  facet normal -0.793316 0.608809 0
    outer loop
      vertex 24.7019 72.2 3
      vertex 25.1787 72.8213 9
      vertex 25.1787 72.8213 3
    endloop
  endfacet
  facet normal -0.793316 0.608809 0
    outer loop
      vertex 25.1787 72.8213 9
      vertex 24.7019 72.2 3
      vertex 24.7019 72.2 9
    endloop
  endfacet
  facet normal 0.130491 -0.99145 0
    outer loop
      vertex 27.3 67.7 3
      vertex 28.0765 67.8022 9
      vertex 27.3 67.7 9
    endloop
  endfacet
  facet normal 0.130491 -0.99145 0
    outer loop
      vertex 28.0765 67.8022 9
      vertex 27.3 67.7 3
      vertex 28.0765 67.8022 3
    endloop
  endfacet
  facet normal -0.382701 -0.923872 0
    outer loop
      vertex 25.8 68.1019 3
      vertex 26.5235 67.8022 9
      vertex 25.8 68.1019 9
    endloop
  endfacet
  facet normal -0.382701 -0.923872 -0
    outer loop
      vertex 26.5235 67.8022 9
      vertex 25.8 68.1019 3
      vertex 26.5235 67.8022 3
    endloop
  endfacet
  facet normal -0.608809 0.793316 0
    outer loop
      vertex 25.8 73.2981 3
      vertex 25.1787 72.8213 9
      vertex 25.8 73.2981 9
    endloop
  endfacet
  facet normal -0.608809 0.793316 0
    outer loop
      vertex 25.1787 72.8213 9
      vertex 25.8 73.2981 3
      vertex 25.1787 72.8213 3
    endloop
  endfacet
  facet normal 0.130491 0.99145 -0
    outer loop
      vertex 28.0765 73.5978 3
      vertex 27.3 73.7 9
      vertex 28.0765 73.5978 9
    endloop
  endfacet
  facet normal 0.130491 0.99145 0
    outer loop
      vertex 27.3 73.7 9
      vertex 28.0765 73.5978 3
      vertex 27.3 73.7 3
    endloop
  endfacet
  facet normal 0.991437 -0.130586 0
    outer loop
      vertex 30.3 70.7 9
      vertex 30.2078 70 4
      vertex 30.3 70.7 3
    endloop
  endfacet
  facet normal 0.99145 -0.130491 -1.36109e-05
    outer loop
      vertex 30.1978 69.9235 9
      vertex 30.2078 70 4
      vertex 30.3 70.7 9
    endloop
  endfacet
  facet normal 0.991564 -0.129616 0
    outer loop
      vertex 30.2078 70 4
      vertex 30.1978 69.9235 9
      vertex 30.1978 69.9235 4
    endloop
  endfacet
  facet normal 0.991437 -0.130586 0
    outer loop
      vertex 30.3 70.7 3
      vertex 30.2078 70 4
      vertex 30.2078 70 3
    endloop
  endfacet
  facet normal 0.793316 -0.608809 0
    outer loop
      vertex 29.4213 68.5787 9
      vertex 29.8981 69.2 3
      vertex 29.8981 69.2 9
    endloop
  endfacet
  facet normal 0.793316 -0.608809 0
    outer loop
      vertex 29.8981 69.2 3
      vertex 29.4213 68.5787 9
      vertex 29.4213 68.5787 3
    endloop
  endfacet
  facet normal 0.382701 -0.923872 0
    outer loop
      vertex 28.0765 67.8022 3
      vertex 28.8 68.1019 9
      vertex 28.0765 67.8022 9
    endloop
  endfacet
  facet normal 0.382701 -0.923872 0
    outer loop
      vertex 28.8 68.1019 9
      vertex 28.0765 67.8022 3
      vertex 28.8 68.1019 3
    endloop
  endfacet
  facet normal 0.382701 0.923872 -0
    outer loop
      vertex 28.8 73.2981 3
      vertex 28.0765 73.5978 9
      vertex 28.8 73.2981 9
    endloop
  endfacet
  facet normal 0.382701 0.923872 0
    outer loop
      vertex 28.0765 73.5978 9
      vertex 28.8 73.2981 3
      vertex 28.0765 73.5978 3
    endloop
  endfacet
  facet normal -0.608809 -0.793316 0
    outer loop
      vertex 25.1787 68.5787 3
      vertex 25.8 68.1019 9
      vertex 25.1787 68.5787 9
    endloop
  endfacet
  facet normal -0.608809 -0.793316 -0
    outer loop
      vertex 25.8 68.1019 9
      vertex 25.1787 68.5787 3
      vertex 25.8 68.1019 3
    endloop
  endfacet
  facet normal -0.382701 0.923872 0
    outer loop
      vertex 26.5235 73.5978 3
      vertex 25.8 73.2981 9
      vertex 26.5235 73.5978 9
    endloop
  endfacet
  facet normal -0.382701 0.923872 0
    outer loop
      vertex 25.8 73.2981 9
      vertex 26.5235 73.5978 3
      vertex 25.8 73.2981 3
    endloop
  endfacet
  facet normal -0.99145 -0.130491 0
    outer loop
      vertex 24.4022 69.9235 3
      vertex 24.3 70.7 9
      vertex 24.3 70.7 3
    endloop
  endfacet
  facet normal -0.99145 -0.130491 0
    outer loop
      vertex 24.3 70.7 9
      vertex 24.4022 69.9235 3
      vertex 24.4022 69.9235 9
    endloop
  endfacet
  facet normal -0.99145 0.130491 0
    outer loop
      vertex 24.3 70.7 3
      vertex 24.4022 71.4765 9
      vertex 24.4022 71.4765 3
    endloop
  endfacet
  facet normal -0.99145 0.130491 0
    outer loop
      vertex 24.4022 71.4765 9
      vertex 24.3 70.7 3
      vertex 24.3 70.7 9
    endloop
  endfacet
  facet normal 0.608809 -0.793316 0
    outer loop
      vertex 28.8 68.1019 3
      vertex 29.4213 68.5787 9
      vertex 28.8 68.1019 9
    endloop
  endfacet
  facet normal 0.608809 -0.793316 0
    outer loop
      vertex 29.4213 68.5787 9
      vertex 28.8 68.1019 3
      vertex 29.4213 68.5787 3
    endloop
  endfacet
  facet normal -0.130491 -0.99145 0
    outer loop
      vertex 26.5235 67.8022 3
      vertex 27.3 67.7 9
      vertex 26.5235 67.8022 9
    endloop
  endfacet
  facet normal -0.130491 -0.99145 -0
    outer loop
      vertex 27.3 67.7 9
      vertex 26.5235 67.8022 3
      vertex 27.3 67.7 3
    endloop
  endfacet
  facet normal -0.793316 -0.608809 0
    outer loop
      vertex 25.1787 68.5787 3
      vertex 24.7019 69.2 9
      vertex 24.7019 69.2 3
    endloop
  endfacet
  facet normal -0.793316 -0.608809 0
    outer loop
      vertex 24.7019 69.2 9
      vertex 25.1787 68.5787 3
      vertex 25.1787 68.5787 9
    endloop
  endfacet
  facet normal 0.608809 0.793316 -0
    outer loop
      vertex 29.4213 72.8213 3
      vertex 28.8 73.2981 9
      vertex 29.4213 72.8213 9
    endloop
  endfacet
  facet normal 0.608809 0.793316 0
    outer loop
      vertex 28.8 73.2981 9
      vertex 29.4213 72.8213 3
      vertex 28.8 73.2981 3
    endloop
  endfacet
  facet normal -0.130491 0.99145 0
    outer loop
      vertex 27.3 73.7 3
      vertex 26.5235 73.5978 9
      vertex 27.3 73.7 9
    endloop
  endfacet
  facet normal -0.130491 0.99145 0
    outer loop
      vertex 26.5235 73.5978 9
      vertex 27.3 73.7 3
      vertex 26.5235 73.5978 3
    endloop
  endfacet
  facet normal 0 0 1
    outer loop
      vertex 28.6 70.7 9
      vertex 30.3 70.7 9
      vertex 30.1978 71.4765 9
    endloop
  endfacet
  facet normal 0 0 1
    outer loop
      vertex 28.5364 71.1017 9
      vertex 30.1978 71.4765 9
      vertex 29.8981 72.2 9
    endloop
  endfacet
  facet normal 0 0 1
    outer loop
      vertex 30.3 70.7 9
      vertex 28.6 70.7 9
      vertex 30.1978 69.9235 9
    endloop
  endfacet
  facet normal 0 0 1
    outer loop
      vertex 28.3517 71.4641 9
      vertex 29.8981 72.2 9
      vertex 29.4213 72.8213 9
    endloop
  endfacet
  facet normal -0 0 1
    outer loop
      vertex 28.5364 70.2983 9
      vertex 30.1978 69.9235 9
      vertex 28.6 70.7 9
    endloop
  endfacet
  facet normal 0 0 1
    outer loop
      vertex 28.0641 71.7517 9
      vertex 29.4213 72.8213 9
      vertex 28.8 73.2981 9
    endloop
  endfacet
  facet normal 0 0 1
    outer loop
      vertex 30.1978 69.9235 9
      vertex 28.5364 70.2983 9
      vertex 29.8981 69.2 9
    endloop
  endfacet
  facet normal -0 0 1
    outer loop
      vertex 28.3517 69.9359 9
      vertex 29.8981 69.2 9
      vertex 28.5364 70.2983 9
    endloop
  endfacet
  facet normal 0 0 1
    outer loop
      vertex 30.1978 71.4765 9
      vertex 28.5364 71.1017 9
      vertex 28.6 70.7 9
    endloop
  endfacet
  facet normal 0 0 1
    outer loop
      vertex 29.8981 72.2 9
      vertex 28.3517 71.4641 9
      vertex 28.5364 71.1017 9
    endloop
  endfacet
  facet normal 0 0 1
    outer loop
      vertex 27.7017 71.9364 9
      vertex 28.8 73.2981 9
      vertex 28.0765 73.5978 9
    endloop
  endfacet
  facet normal 0 0 1
    outer loop
      vertex 29.4213 72.8213 9
      vertex 28.0641 71.7517 9
      vertex 28.3517 71.4641 9
    endloop
  endfacet
  facet normal 0 0 1
    outer loop
      vertex 28.8 73.2981 9
      vertex 27.7017 71.9364 9
      vertex 28.0641 71.7517 9
    endloop
  endfacet
  facet normal 0 0 1
    outer loop
      vertex 27.3 72 9
      vertex 28.0765 73.5978 9
      vertex 27.3 73.7 9
    endloop
  endfacet
  facet normal 0 0 1
    outer loop
      vertex 28.0765 73.5978 9
      vertex 27.3 72 9
      vertex 27.7017 71.9364 9
    endloop
  endfacet
  facet normal -0 0 1
    outer loop
      vertex 26.5235 73.5978 9
      vertex 27.3 72 9
      vertex 27.3 73.7 9
    endloop
  endfacet
  facet normal 0 0 1
    outer loop
      vertex 27.3 72 9
      vertex 26.5235 73.5978 9
      vertex 26.8983 71.9364 9
    endloop
  endfacet
  facet normal -0 0 1
    outer loop
      vertex 25.8 73.2981 9
      vertex 26.8983 71.9364 9
      vertex 26.5235 73.5978 9
    endloop
  endfacet
  facet normal 0 0 1
    outer loop
      vertex 26.8983 71.9364 9
      vertex 25.8 73.2981 9
      vertex 26.5359 71.7517 9
    endloop
  endfacet
  facet normal -0 0 1
    outer loop
      vertex 25.1787 72.8213 9
      vertex 26.5359 71.7517 9
      vertex 25.8 73.2981 9
    endloop
  endfacet
  facet normal -0 0 1
    outer loop
      vertex 24.7019 72.2 9
      vertex 26.2483 71.4641 9
      vertex 25.1787 72.8213 9
    endloop
  endfacet
  facet normal 0 0 1
    outer loop
      vertex 26.5359 71.7517 9
      vertex 25.1787 72.8213 9
      vertex 26.2483 71.4641 9
    endloop
  endfacet
  facet normal 0 0 1
    outer loop
      vertex 29.8981 69.2 9
      vertex 28.3517 69.9359 9
      vertex 29.4213 68.5787 9
    endloop
  endfacet
  facet normal -0 0 1
    outer loop
      vertex 28.0641 69.6483 9
      vertex 29.4213 68.5787 9
      vertex 28.3517 69.9359 9
    endloop
  endfacet
  facet normal 0 0 1
    outer loop
      vertex 29.4213 68.5787 9
      vertex 28.0641 69.6483 9
      vertex 28.8 68.1019 9
    endloop
  endfacet
  facet normal -0 0 1
    outer loop
      vertex 27.7017 69.4636 9
      vertex 28.8 68.1019 9
      vertex 28.0641 69.6483 9
    endloop
  endfacet
  facet normal 0 0 1
    outer loop
      vertex 28.8 68.1019 9
      vertex 27.7017 69.4636 9
      vertex 28.0765 67.8022 9
    endloop
  endfacet
  facet normal -0 0 1
    outer loop
      vertex 27.3 69.4 9
      vertex 28.0765 67.8022 9
      vertex 27.7017 69.4636 9
    endloop
  endfacet
  facet normal 0 0 1
    outer loop
      vertex 27.3 69.4 9
      vertex 27.3 67.7 9
      vertex 28.0765 67.8022 9
    endloop
  endfacet
  facet normal 0 0 1
    outer loop
      vertex 26.5235 67.8022 9
      vertex 27.3 69.4 9
      vertex 26.8983 69.4636 9
    endloop
  endfacet
  facet normal 0 0 1
    outer loop
      vertex 25.8 68.1019 9
      vertex 26.8983 69.4636 9
      vertex 26.5359 69.6483 9
    endloop
  endfacet
  facet normal 0 0 1
    outer loop
      vertex 27.3 69.4 9
      vertex 26.5235 67.8022 9
      vertex 27.3 67.7 9
    endloop
  endfacet
  facet normal 0 0 1
    outer loop
      vertex 25.1787 68.5787 9
      vertex 26.5359 69.6483 9
      vertex 26.2483 69.9359 9
    endloop
  endfacet
  facet normal 0 0 1
    outer loop
      vertex 24.7019 69.2 9
      vertex 26.2483 69.9359 9
      vertex 26.0636 70.2983 9
    endloop
  endfacet
  facet normal 0 0 1
    outer loop
      vertex 26.8983 69.4636 9
      vertex 25.8 68.1019 9
      vertex 26.5235 67.8022 9
    endloop
  endfacet
  facet normal 0 0 1
    outer loop
      vertex 24.4022 69.9235 9
      vertex 26.0636 70.2983 9
      vertex 26 70.7 9
    endloop
  endfacet
  facet normal 0 0 1
    outer loop
      vertex 26.2483 71.4641 9
      vertex 24.7019 72.2 9
      vertex 26.0636 71.1017 9
    endloop
  endfacet
  facet normal -0 0 1
    outer loop
      vertex 24.4022 71.4765 9
      vertex 26.0636 71.1017 9
      vertex 24.7019 72.2 9
    endloop
  endfacet
  facet normal 0 0 1
    outer loop
      vertex 26.5359 69.6483 9
      vertex 25.1787 68.5787 9
      vertex 25.8 68.1019 9
    endloop
  endfacet
  facet normal 0 0 1
    outer loop
      vertex 26.0636 71.1017 9
      vertex 24.4022 71.4765 9
      vertex 26 70.7 9
    endloop
  endfacet
  facet normal 0 0 1
    outer loop
      vertex 26.2483 69.9359 9
      vertex 24.7019 69.2 9
      vertex 25.1787 68.5787 9
    endloop
  endfacet
  facet normal 0 0 1
    outer loop
      vertex 24.3 70.7 9
      vertex 26 70.7 9
      vertex 24.4022 71.4765 9
    endloop
  endfacet
  facet normal 0 0 1
    outer loop
      vertex 26.0636 70.2983 9
      vertex 24.4022 69.9235 9
      vertex 24.7019 69.2 9
    endloop
  endfacet
  facet normal 0 0 1
    outer loop
      vertex 26 70.7 9
      vertex 24.3 70.7 9
      vertex 24.4022 69.9235 9
    endloop
  endfacet
  facet normal -0.99145 0.130491 0
    outer loop
      vertex 75.1 27.6 3
      vertex 75.2022 28.3765 9
      vertex 75.2022 28.3765 3
    endloop
  endfacet
  facet normal -0.99145 0.130491 0
    outer loop
      vertex 75.2022 28.3765 9
      vertex 75.1 27.6 3
      vertex 75.1 27.6 9
    endloop
  endfacet
  facet normal 0.923872 0.382701 0
    outer loop
      vertex 80.9978 28.3765 9
      vertex 80.6981 29.1 3
      vertex 80.6981 29.1 9
    endloop
  endfacet
  facet normal 0.923872 0.382701 0
    outer loop
      vertex 80.6981 29.1 3
      vertex 80.9978 28.3765 9
      vertex 80.9978 28.3765 3
    endloop
  endfacet
  facet normal 0.99145 0.130491 0
    outer loop
      vertex 81.1 27.6 9
      vertex 80.9978 28.3765 3
      vertex 80.9978 28.3765 9
    endloop
  endfacet
  facet normal 0.99145 0.130491 0
    outer loop
      vertex 80.9978 28.3765 3
      vertex 81.1 27.6 9
      vertex 81.1 27.6 3
    endloop
  endfacet
  facet normal 0.793316 0.608809 0
    outer loop
      vertex 80.6981 29.1 9
      vertex 80.2213 29.7213 3
      vertex 80.2213 29.7213 9
    endloop
  endfacet
  facet normal 0.793316 0.608809 0
    outer loop
      vertex 80.2213 29.7213 3
      vertex 80.6981 29.1 9
      vertex 80.6981 29.1 3
    endloop
  endfacet
  facet normal 0.99145 -0.130491 0
    outer loop
      vertex 80.9978 26.8235 9
      vertex 81.1 27.6 3
      vertex 81.1 27.6 9
    endloop
  endfacet
  facet normal 0.99145 -0.130491 0
    outer loop
      vertex 81.1 27.6 3
      vertex 80.9978 26.8235 9
      vertex 80.9978 26.8235 3
    endloop
  endfacet
  facet normal 0.130491 -0.99145 0
    outer loop
      vertex 78.1 24.6 3
      vertex 78.8765 24.7022 9
      vertex 78.1 24.6 9
    endloop
  endfacet
  facet normal 0.130491 -0.99145 0
    outer loop
      vertex 78.8765 24.7022 9
      vertex 78.1 24.6 3
      vertex 78.8765 24.7022 3
    endloop
  endfacet
  facet normal -0.923872 0.382701 0
    outer loop
      vertex 75.2022 28.3765 3
      vertex 75.5019 29.1 9
      vertex 75.5019 29.1 3
    endloop
  endfacet
  facet normal -0.923872 0.382701 0
    outer loop
      vertex 75.5019 29.1 9
      vertex 75.2022 28.3765 3
      vertex 75.2022 28.3765 9
    endloop
  endfacet
  facet normal 0.608809 -0.793316 0
    outer loop
      vertex 79.6 25.0019 3
      vertex 80.2213 25.4787 9
      vertex 79.6 25.0019 9
    endloop
  endfacet
  facet normal 0.608809 -0.793316 0
    outer loop
      vertex 80.2213 25.4787 9
      vertex 79.6 25.0019 3
      vertex 80.2213 25.4787 3
    endloop
  endfacet
  facet normal 0.382701 0.923872 -0
    outer loop
      vertex 79.6 30.1981 3
      vertex 78.8765 30.4978 9
      vertex 79.6 30.1981 9
    endloop
  endfacet
  facet normal 0.382701 0.923872 0
    outer loop
      vertex 78.8765 30.4978 9
      vertex 79.6 30.1981 3
      vertex 78.8765 30.4978 3
    endloop
  endfacet
  facet normal -0.793316 0.608809 0
    outer loop
      vertex 75.5019 29.1 3
      vertex 75.9787 29.7213 9
      vertex 75.9787 29.7213 3
    endloop
  endfacet
  facet normal -0.793316 0.608809 0
    outer loop
      vertex 75.9787 29.7213 9
      vertex 75.5019 29.1 3
      vertex 75.5019 29.1 9
    endloop
  endfacet
  facet normal -0.923872 -0.382701 0
    outer loop
      vertex 75.5019 26.1 3
      vertex 75.2022 26.8235 9
      vertex 75.2022 26.8235 3
    endloop
  endfacet
  facet normal -0.923872 -0.382701 0
    outer loop
      vertex 75.2022 26.8235 9
      vertex 75.5019 26.1 3
      vertex 75.5019 26.1 9
    endloop
  endfacet
  facet normal 0.130491 0.99145 -0
    outer loop
      vertex 78.8765 30.4978 3
      vertex 78.1 30.6 9
      vertex 78.8765 30.4978 9
    endloop
  endfacet
  facet normal 0.130491 0.99145 0
    outer loop
      vertex 78.1 30.6 9
      vertex 78.8765 30.4978 3
      vertex 78.1 30.6 3
    endloop
  endfacet
  facet normal -0.382701 0.923872 0
    outer loop
      vertex 77.3235 30.4978 3
      vertex 76.6 30.1981 9
      vertex 77.3235 30.4978 9
    endloop
  endfacet
  facet normal -0.382701 0.923872 0
    outer loop
      vertex 76.6 30.1981 9
      vertex 77.3235 30.4978 3
      vertex 76.6 30.1981 3
    endloop
  endfacet
  facet normal -0.130491 0.99145 0
    outer loop
      vertex 78.1 30.6 3
      vertex 77.3235 30.4978 9
      vertex 78.1 30.6 9
    endloop
  endfacet
  facet normal -0.130491 0.99145 0
    outer loop
      vertex 77.3235 30.4978 9
      vertex 78.1 30.6 3
      vertex 77.3235 30.4978 3
    endloop
  endfacet
  facet normal -0.608809 -0.793316 0
    outer loop
      vertex 75.9787 25.4787 3
      vertex 76.6 25.0019 9
      vertex 75.9787 25.4787 9
    endloop
  endfacet
  facet normal -0.608809 -0.793316 -0
    outer loop
      vertex 76.6 25.0019 9
      vertex 75.9787 25.4787 3
      vertex 76.6 25.0019 3
    endloop
  endfacet
  facet normal -0.608809 0.793316 0
    outer loop
      vertex 76.6 30.1981 3
      vertex 75.9787 29.7213 9
      vertex 76.6 30.1981 9
    endloop
  endfacet
  facet normal -0.608809 0.793316 0
    outer loop
      vertex 75.9787 29.7213 9
      vertex 76.6 30.1981 3
      vertex 75.9787 29.7213 3
    endloop
  endfacet
  facet normal 0.923872 -0.382701 0
    outer loop
      vertex 80.6981 26.1 9
      vertex 80.9978 26.8235 3
      vertex 80.9978 26.8235 9
    endloop
  endfacet
  facet normal 0.923872 -0.382701 0
    outer loop
      vertex 80.9978 26.8235 3
      vertex 80.6981 26.1 9
      vertex 80.6981 26.1 3
    endloop
  endfacet
  facet normal 0.793316 -0.608809 0
    outer loop
      vertex 80.2213 25.4787 9
      vertex 80.6981 26.1 3
      vertex 80.6981 26.1 9
    endloop
  endfacet
  facet normal 0.793316 -0.608809 0
    outer loop
      vertex 80.6981 26.1 3
      vertex 80.2213 25.4787 9
      vertex 80.2213 25.4787 3
    endloop
  endfacet
  facet normal 0.608809 0.793316 -0
    outer loop
      vertex 80.2213 29.7213 3
      vertex 79.6 30.1981 9
      vertex 80.2213 29.7213 9
    endloop
  endfacet
  facet normal 0.608809 0.793316 0
    outer loop
      vertex 79.6 30.1981 9
      vertex 80.2213 29.7213 3
      vertex 79.6 30.1981 3
    endloop
  endfacet
  facet normal -0.99145 -0.130491 0
    outer loop
      vertex 75.2022 26.8235 3
      vertex 75.1 27.6 9
      vertex 75.1 27.6 3
    endloop
  endfacet
  facet normal -0.99145 -0.130491 0
    outer loop
      vertex 75.1 27.6 9
      vertex 75.2022 26.8235 3
      vertex 75.2022 26.8235 9
    endloop
  endfacet
  facet normal 0.382701 -0.923872 0
    outer loop
      vertex 78.8765 24.7022 3
      vertex 79.6 25.0019 9
      vertex 78.8765 24.7022 9
    endloop
  endfacet
  facet normal 0.382701 -0.923872 0
    outer loop
      vertex 79.6 25.0019 9
      vertex 78.8765 24.7022 3
      vertex 79.6 25.0019 3
    endloop
  endfacet
  facet normal 0 0 1
    outer loop
      vertex 79.4 27.6 9
      vertex 81.1 27.6 9
      vertex 80.9978 28.3765 9
    endloop
  endfacet
  facet normal 0 0 1
    outer loop
      vertex 79.3364 28.0017 9
      vertex 80.9978 28.3765 9
      vertex 80.6981 29.1 9
    endloop
  endfacet
  facet normal 0 0 1
    outer loop
      vertex 81.1 27.6 9
      vertex 79.4 27.6 9
      vertex 80.9978 26.8235 9
    endloop
  endfacet
  facet normal 0 0 1
    outer loop
      vertex 79.1517 28.3641 9
      vertex 80.6981 29.1 9
      vertex 80.2213 29.7213 9
    endloop
  endfacet
  facet normal -0 0 1
    outer loop
      vertex 79.3364 27.1983 9
      vertex 80.9978 26.8235 9
      vertex 79.4 27.6 9
    endloop
  endfacet
  facet normal 0 0 1
    outer loop
      vertex 78.8641 28.6517 9
      vertex 80.2213 29.7213 9
      vertex 79.6 30.1981 9
    endloop
  endfacet
  facet normal 0 0 1
    outer loop
      vertex 80.9978 26.8235 9
      vertex 79.3364 27.1983 9
      vertex 80.6981 26.1 9
    endloop
  endfacet
  facet normal -0 0 1
    outer loop
      vertex 79.1517 26.8359 9
      vertex 80.6981 26.1 9
      vertex 79.3364 27.1983 9
    endloop
  endfacet
  facet normal 0 0 1
    outer loop
      vertex 80.9978 28.3765 9
      vertex 79.3364 28.0017 9
      vertex 79.4 27.6 9
    endloop
  endfacet
  facet normal 0 0 1
    outer loop
      vertex 80.6981 29.1 9
      vertex 79.1517 28.3641 9
      vertex 79.3364 28.0017 9
    endloop
  endfacet
  facet normal 0 0 1
    outer loop
      vertex 78.5017 28.8364 9
      vertex 79.6 30.1981 9
      vertex 78.8765 30.4978 9
    endloop
  endfacet
  facet normal 0 0 1
    outer loop
      vertex 80.2213 29.7213 9
      vertex 78.8641 28.6517 9
      vertex 79.1517 28.3641 9
    endloop
  endfacet
  facet normal 0 0 1
    outer loop
      vertex 79.6 30.1981 9
      vertex 78.5017 28.8364 9
      vertex 78.8641 28.6517 9
    endloop
  endfacet
  facet normal 0 0 1
    outer loop
      vertex 78.1 28.9 9
      vertex 78.8765 30.4978 9
      vertex 78.1 30.6 9
    endloop
  endfacet
  facet normal 0 0 1
    outer loop
      vertex 78.8765 30.4978 9
      vertex 78.1 28.9 9
      vertex 78.5017 28.8364 9
    endloop
  endfacet
  facet normal -0 0 1
    outer loop
      vertex 77.3235 30.4978 9
      vertex 78.1 28.9 9
      vertex 78.1 30.6 9
    endloop
  endfacet
  facet normal 0 0 1
    outer loop
      vertex 78.1 28.9 9
      vertex 77.3235 30.4978 9
      vertex 77.6983 28.8364 9
    endloop
  endfacet
  facet normal -0 0 1
    outer loop
      vertex 76.6 30.1981 9
      vertex 77.6983 28.8364 9
      vertex 77.3235 30.4978 9
    endloop
  endfacet
  facet normal 0 0 1
    outer loop
      vertex 77.6983 28.8364 9
      vertex 76.6 30.1981 9
      vertex 77.3359 28.6517 9
    endloop
  endfacet
  facet normal -0 0 1
    outer loop
      vertex 75.9787 29.7213 9
      vertex 77.3359 28.6517 9
      vertex 76.6 30.1981 9
    endloop
  endfacet
  facet normal -0 0 1
    outer loop
      vertex 75.5019 29.1 9
      vertex 77.0483 28.3641 9
      vertex 75.9787 29.7213 9
    endloop
  endfacet
  facet normal 0 0 1
    outer loop
      vertex 77.3359 28.6517 9
      vertex 75.9787 29.7213 9
      vertex 77.0483 28.3641 9
    endloop
  endfacet
  facet normal 0 0 1
    outer loop
      vertex 80.6981 26.1 9
      vertex 79.1517 26.8359 9
      vertex 80.2213 25.4787 9
    endloop
  endfacet
  facet normal -0 0 1
    outer loop
      vertex 78.8641 26.5483 9
      vertex 80.2213 25.4787 9
      vertex 79.1517 26.8359 9
    endloop
  endfacet
  facet normal 0 0 1
    outer loop
      vertex 80.2213 25.4787 9
      vertex 78.8641 26.5483 9
      vertex 79.6 25.0019 9
    endloop
  endfacet
  facet normal -0 0 1
    outer loop
      vertex 78.5017 26.3636 9
      vertex 79.6 25.0019 9
      vertex 78.8641 26.5483 9
    endloop
  endfacet
  facet normal 0 0 1
    outer loop
      vertex 79.6 25.0019 9
      vertex 78.5017 26.3636 9
      vertex 78.8765 24.7022 9
    endloop
  endfacet
  facet normal -0 0 1
    outer loop
      vertex 78.1 26.3 9
      vertex 78.8765 24.7022 9
      vertex 78.5017 26.3636 9
    endloop
  endfacet
  facet normal 0 0 1
    outer loop
      vertex 78.1 26.3 9
      vertex 78.1 24.6 9
      vertex 78.8765 24.7022 9
    endloop
  endfacet
  facet normal 0 0 1
    outer loop
      vertex 77.3235 24.7022 9
      vertex 78.1 26.3 9
      vertex 77.6983 26.3636 9
    endloop
  endfacet
  facet normal 0 0 1
    outer loop
      vertex 76.6 25.0019 9
      vertex 77.6983 26.3636 9
      vertex 77.3359 26.5483 9
    endloop
  endfacet
  facet normal 0 0 1
    outer loop
      vertex 78.1 26.3 9
      vertex 77.3235 24.7022 9
      vertex 78.1 24.6 9
    endloop
  endfacet
  facet normal 0 0 1
    outer loop
      vertex 75.9787 25.4787 9
      vertex 77.3359 26.5483 9
      vertex 77.0483 26.8359 9
    endloop
  endfacet
  facet normal 0 0 1
    outer loop
      vertex 75.5019 26.1 9
      vertex 77.0483 26.8359 9
      vertex 76.8636 27.1983 9
    endloop
  endfacet
  facet normal 0 0 1
    outer loop
      vertex 77.6983 26.3636 9
      vertex 76.6 25.0019 9
      vertex 77.3235 24.7022 9
    endloop
  endfacet
  facet normal 0 0 1
    outer loop
      vertex 75.2022 26.8235 9
      vertex 76.8636 27.1983 9
      vertex 76.8 27.6 9
    endloop
  endfacet
  facet normal 0 0 1
    outer loop
      vertex 77.0483 28.3641 9
      vertex 75.5019 29.1 9
      vertex 76.8636 28.0017 9
    endloop
  endfacet
  facet normal -0 0 1
    outer loop
      vertex 75.2022 28.3765 9
      vertex 76.8636 28.0017 9
      vertex 75.5019 29.1 9
    endloop
  endfacet
  facet normal 0 0 1
    outer loop
      vertex 77.3359 26.5483 9
      vertex 75.9787 25.4787 9
      vertex 76.6 25.0019 9
    endloop
  endfacet
  facet normal 0 0 1
    outer loop
      vertex 76.8636 28.0017 9
      vertex 75.2022 28.3765 9
      vertex 76.8 27.6 9
    endloop
  endfacet
  facet normal 0 0 1
    outer loop
      vertex 77.0483 26.8359 9
      vertex 75.5019 26.1 9
      vertex 75.9787 25.4787 9
    endloop
  endfacet
  facet normal 0 0 1
    outer loop
      vertex 75.1 27.6 9
      vertex 76.8 27.6 9
      vertex 75.2022 28.3765 9
    endloop
  endfacet
  facet normal 0 0 1
    outer loop
      vertex 76.8636 27.1983 9
      vertex 75.2022 26.8235 9
      vertex 75.5019 26.1 9
    endloop
  endfacet
  facet normal 0 0 1
    outer loop
      vertex 76.8 27.6 9
      vertex 75.1 27.6 9
      vertex 75.2022 26.8235 9
    endloop
  endfacet
  facet normal -0.793316 -0.608809 0
    outer loop
      vertex 75.9787 25.4787 3
      vertex 75.5019 26.1 9
      vertex 75.5019 26.1 3
    endloop
  endfacet
  facet normal -0.793316 -0.608809 0
    outer loop
      vertex 75.5019 26.1 9
      vertex 75.9787 25.4787 3
      vertex 75.9787 25.4787 9
    endloop
  endfacet
  facet normal -0.382701 -0.923872 0
    outer loop
      vertex 76.6 25.0019 3
      vertex 77.3235 24.7022 9
      vertex 76.6 25.0019 9
    endloop
  endfacet
  facet normal -0.382701 -0.923872 -0
    outer loop
      vertex 77.3235 24.7022 9
      vertex 76.6 25.0019 3
      vertex 77.3235 24.7022 3
    endloop
  endfacet
  facet normal -0.130491 -0.99145 0
    outer loop
      vertex 77.3235 24.7022 3
      vertex 78.1 24.6 9
      vertex 77.3235 24.7022 9
    endloop
  endfacet
  facet normal -0.130491 -0.99145 -0
    outer loop
      vertex 78.1 24.6 9
      vertex 77.3235 24.7022 3
      vertex 78.1 24.6 3
    endloop
  endfacet
  facet normal 0.382701 -0.923872 0
    outer loop
      vertex 78.8765 52.6022 4
      vertex 79.6 52.9019 9
      vertex 78.8765 52.6022 9
    endloop
  endfacet
  facet normal 0.382701 -0.923872 0
    outer loop
      vertex 79.6 52.9019 9
      vertex 78.8765 52.6022 4
      vertex 79.6 52.9019 4
    endloop
  endfacet
  facet normal 0.923872 0.382701 0
    outer loop
      vertex 80.9978 56.2765 9
      vertex 80.6981 57 4
      vertex 80.6981 57 9
    endloop
  endfacet
  facet normal 0.923872 0.382701 0
    outer loop
      vertex 80.6981 57 4
      vertex 80.9978 56.2765 9
      vertex 80.9978 56.2765 4
    endloop
  endfacet
  facet normal 0.99145 0.130491 0
    outer loop
      vertex 81.1 55.5 9
      vertex 80.9978 56.2765 4
      vertex 80.9978 56.2765 9
    endloop
  endfacet
  facet normal 0.99145 0.130491 0
    outer loop
      vertex 80.9978 56.2765 4
      vertex 81.1 55.5 9
      vertex 81.1 55.5 4
    endloop
  endfacet
  facet normal 0.793316 0.608809 0
    outer loop
      vertex 80.6981 57 9
      vertex 80.2213 57.6213 4
      vertex 80.2213 57.6213 9
    endloop
  endfacet
  facet normal 0.793316 0.608809 0
    outer loop
      vertex 80.2213 57.6213 4
      vertex 80.6981 57 9
      vertex 80.6981 57 4
    endloop
  endfacet
  facet normal 0.608809 0.793316 -0
    outer loop
      vertex 80.2213 57.6213 4
      vertex 79.6 58.0981 9
      vertex 80.2213 57.6213 9
    endloop
  endfacet
  facet normal 0.608809 0.793316 0
    outer loop
      vertex 79.6 58.0981 9
      vertex 80.2213 57.6213 4
      vertex 79.6 58.0981 4
    endloop
  endfacet
  facet normal -0.130491 0.99145 0
    outer loop
      vertex 78.1 58.5 4
      vertex 77.3235 58.3978 9
      vertex 78.1 58.5 9
    endloop
  endfacet
  facet normal -0.130491 0.99145 0
    outer loop
      vertex 77.3235 58.3978 9
      vertex 78.1 58.5 4
      vertex 77.3235 58.3978 4
    endloop
  endfacet
  facet normal -0.130491 -0.99145 0
    outer loop
      vertex 77.3235 52.6022 4
      vertex 78.1 52.5 9
      vertex 77.3235 52.6022 9
    endloop
  endfacet
  facet normal -0.130491 -0.99145 -0
    outer loop
      vertex 78.1 52.5 9
      vertex 77.3235 52.6022 4
      vertex 78.1 52.5 4
    endloop
  endfacet
  facet normal 0.608809 -0.793316 0
    outer loop
      vertex 79.6 52.9019 4
      vertex 80.2213 53.3787 9
      vertex 79.6 52.9019 9
    endloop
  endfacet
  facet normal 0.608809 -0.793316 0
    outer loop
      vertex 80.2213 53.3787 9
      vertex 79.6 52.9019 4
      vertex 80.2213 53.3787 4
    endloop
  endfacet
  facet normal -0.608809 0.793316 0
    outer loop
      vertex 76.6 58.0981 4
      vertex 75.9787 57.6213 9
      vertex 76.6 58.0981 9
    endloop
  endfacet
  facet normal -0.608809 0.793316 0
    outer loop
      vertex 75.9787 57.6213 9
      vertex 76.6 58.0981 4
      vertex 75.9787 57.6213 4
    endloop
  endfacet
  facet normal 0.130491 -0.99145 0
    outer loop
      vertex 78.1 52.5 4
      vertex 78.8765 52.6022 9
      vertex 78.1 52.5 9
    endloop
  endfacet
  facet normal 0.130491 -0.99145 0
    outer loop
      vertex 78.8765 52.6022 9
      vertex 78.1 52.5 4
      vertex 78.8765 52.6022 4
    endloop
  endfacet
  facet normal -0.793316 0.608809 0
    outer loop
      vertex 75.5019 57 4
      vertex 75.9787 57.6213 9
      vertex 75.9787 57.6213 4
    endloop
  endfacet
  facet normal -0.793316 0.608809 0
    outer loop
      vertex 75.9787 57.6213 9
      vertex 75.5019 57 4
      vertex 75.5019 57 9
    endloop
  endfacet
  facet normal -0.793316 -0.608809 0
    outer loop
      vertex 75.9787 53.3787 4
      vertex 75.5019 54 9
      vertex 75.5019 54 4
    endloop
  endfacet
  facet normal -0.793316 -0.608809 0
    outer loop
      vertex 75.5019 54 9
      vertex 75.9787 53.3787 4
      vertex 75.9787 53.3787 9
    endloop
  endfacet
  facet normal 0.99145 -0.130491 0
    outer loop
      vertex 80.9978 54.7235 9
      vertex 81.1 55.5 4
      vertex 81.1 55.5 9
    endloop
  endfacet
  facet normal 0.99145 -0.130491 0
    outer loop
      vertex 81.1 55.5 4
      vertex 80.9978 54.7235 9
      vertex 80.9978 54.7235 4
    endloop
  endfacet
  facet normal 0 0 1
    outer loop
      vertex 79.4 55.5 9
      vertex 81.1 55.5 9
      vertex 80.9978 56.2765 9
    endloop
  endfacet
  facet normal 0 0 1
    outer loop
      vertex 79.3364 55.9017 9
      vertex 80.9978 56.2765 9
      vertex 80.6981 57 9
    endloop
  endfacet
  facet normal 0 0 1
    outer loop
      vertex 81.1 55.5 9
      vertex 79.4 55.5 9
      vertex 80.9978 54.7235 9
    endloop
  endfacet
  facet normal 0 0 1
    outer loop
      vertex 79.1517 56.2641 9
      vertex 80.6981 57 9
      vertex 80.2213 57.6213 9
    endloop
  endfacet
  facet normal -0 0 1
    outer loop
      vertex 79.3364 55.0983 9
      vertex 80.9978 54.7235 9
      vertex 79.4 55.5 9
    endloop
  endfacet
  facet normal 0 0 1
    outer loop
      vertex 78.8641 56.5517 9
      vertex 80.2213 57.6213 9
      vertex 79.6 58.0981 9
    endloop
  endfacet
  facet normal 0 0 1
    outer loop
      vertex 80.9978 54.7235 9
      vertex 79.3364 55.0983 9
      vertex 80.6981 54 9
    endloop
  endfacet
  facet normal -0 0 1
    outer loop
      vertex 79.1517 54.7359 9
      vertex 80.6981 54 9
      vertex 79.3364 55.0983 9
    endloop
  endfacet
  facet normal 0 0 1
    outer loop
      vertex 80.9978 56.2765 9
      vertex 79.3364 55.9017 9
      vertex 79.4 55.5 9
    endloop
  endfacet
  facet normal 0 0 1
    outer loop
      vertex 80.6981 57 9
      vertex 79.1517 56.2641 9
      vertex 79.3364 55.9017 9
    endloop
  endfacet
  facet normal 0 0 1
    outer loop
      vertex 78.5017 56.7364 9
      vertex 79.6 58.0981 9
      vertex 78.8765 58.3978 9
    endloop
  endfacet
  facet normal 0 0 1
    outer loop
      vertex 80.2213 57.6213 9
      vertex 78.8641 56.5517 9
      vertex 79.1517 56.2641 9
    endloop
  endfacet
  facet normal 0 0 1
    outer loop
      vertex 79.6 58.0981 9
      vertex 78.5017 56.7364 9
      vertex 78.8641 56.5517 9
    endloop
  endfacet
  facet normal 0 0 1
    outer loop
      vertex 78.1 56.8 9
      vertex 78.8765 58.3978 9
      vertex 78.1 58.5 9
    endloop
  endfacet
  facet normal 0 0 1
    outer loop
      vertex 78.8765 58.3978 9
      vertex 78.1 56.8 9
      vertex 78.5017 56.7364 9
    endloop
  endfacet
  facet normal -0 0 1
    outer loop
      vertex 77.3235 58.3978 9
      vertex 78.1 56.8 9
      vertex 78.1 58.5 9
    endloop
  endfacet
  facet normal 0 0 1
    outer loop
      vertex 78.1 56.8 9
      vertex 77.3235 58.3978 9
      vertex 77.6983 56.7364 9
    endloop
  endfacet
  facet normal -0 0 1
    outer loop
      vertex 76.6 58.0981 9
      vertex 77.6983 56.7364 9
      vertex 77.3235 58.3978 9
    endloop
  endfacet
  facet normal 0 0 1
    outer loop
      vertex 77.6983 56.7364 9
      vertex 76.6 58.0981 9
      vertex 77.3359 56.5517 9
    endloop
  endfacet
  facet normal -0 0 1
    outer loop
      vertex 75.9787 57.6213 9
      vertex 77.3359 56.5517 9
      vertex 76.6 58.0981 9
    endloop
  endfacet
  facet normal -0 0 1
    outer loop
      vertex 75.5019 57 9
      vertex 77.0483 56.2641 9
      vertex 75.9787 57.6213 9
    endloop
  endfacet
  facet normal 0 0 1
    outer loop
      vertex 77.3359 56.5517 9
      vertex 75.9787 57.6213 9
      vertex 77.0483 56.2641 9
    endloop
  endfacet
  facet normal 0 0 1
    outer loop
      vertex 80.6981 54 9
      vertex 79.1517 54.7359 9
      vertex 80.2213 53.3787 9
    endloop
  endfacet
  facet normal -0 0 1
    outer loop
      vertex 78.8641 54.4483 9
      vertex 80.2213 53.3787 9
      vertex 79.1517 54.7359 9
    endloop
  endfacet
  facet normal 0 0 1
    outer loop
      vertex 80.2213 53.3787 9
      vertex 78.8641 54.4483 9
      vertex 79.6 52.9019 9
    endloop
  endfacet
  facet normal -0 0 1
    outer loop
      vertex 78.5017 54.2636 9
      vertex 79.6 52.9019 9
      vertex 78.8641 54.4483 9
    endloop
  endfacet
  facet normal 0 0 1
    outer loop
      vertex 79.6 52.9019 9
      vertex 78.5017 54.2636 9
      vertex 78.8765 52.6022 9
    endloop
  endfacet
  facet normal -0 0 1
    outer loop
      vertex 78.1 54.2 9
      vertex 78.8765 52.6022 9
      vertex 78.5017 54.2636 9
    endloop
  endfacet
  facet normal 0 0 1
    outer loop
      vertex 78.1 54.2 9
      vertex 78.1 52.5 9
      vertex 78.8765 52.6022 9
    endloop
  endfacet
  facet normal 0 0 1
    outer loop
      vertex 77.3235 52.6022 9
      vertex 78.1 54.2 9
      vertex 77.6983 54.2636 9
    endloop
  endfacet
  facet normal 0 0 1
    outer loop
      vertex 76.6 52.9019 9
      vertex 77.6983 54.2636 9
      vertex 77.3359 54.4483 9
    endloop
  endfacet
  facet normal 0 0 1
    outer loop
      vertex 78.1 54.2 9
      vertex 77.3235 52.6022 9
      vertex 78.1 52.5 9
    endloop
  endfacet
  facet normal 0 0 1
    outer loop
      vertex 75.9787 53.3787 9
      vertex 77.3359 54.4483 9
      vertex 77.0483 54.7359 9
    endloop
  endfacet
  facet normal 0 0 1
    outer loop
      vertex 75.5019 54 9
      vertex 77.0483 54.7359 9
      vertex 76.8636 55.0983 9
    endloop
  endfacet
  facet normal 0 0 1
    outer loop
      vertex 77.6983 54.2636 9
      vertex 76.6 52.9019 9
      vertex 77.3235 52.6022 9
    endloop
  endfacet
  facet normal 0 0 1
    outer loop
      vertex 75.2022 54.7235 9
      vertex 76.8636 55.0983 9
      vertex 76.8 55.5 9
    endloop
  endfacet
  facet normal 0 0 1
    outer loop
      vertex 77.0483 56.2641 9
      vertex 75.5019 57 9
      vertex 76.8636 55.9017 9
    endloop
  endfacet
  facet normal -0 0 1
    outer loop
      vertex 75.2022 56.2765 9
      vertex 76.8636 55.9017 9
      vertex 75.5019 57 9
    endloop
  endfacet
  facet normal 0 0 1
    outer loop
      vertex 77.3359 54.4483 9
      vertex 75.9787 53.3787 9
      vertex 76.6 52.9019 9
    endloop
  endfacet
  facet normal 0 0 1
    outer loop
      vertex 76.8636 55.9017 9
      vertex 75.2022 56.2765 9
      vertex 76.8 55.5 9
    endloop
  endfacet
  facet normal 0 0 1
    outer loop
      vertex 77.0483 54.7359 9
      vertex 75.5019 54 9
      vertex 75.9787 53.3787 9
    endloop
  endfacet
  facet normal 0 0 1
    outer loop
      vertex 75.1 55.5 9
      vertex 76.8 55.5 9
      vertex 75.2022 56.2765 9
    endloop
  endfacet
  facet normal 0 0 1
    outer loop
      vertex 76.8636 55.0983 9
      vertex 75.2022 54.7235 9
      vertex 75.5019 54 9
    endloop
  endfacet
  facet normal 0 0 1
    outer loop
      vertex 76.8 55.5 9
      vertex 75.1 55.5 9
      vertex 75.2022 54.7235 9
    endloop
  endfacet
  facet normal -0.608809 -0.793316 0
    outer loop
      vertex 75.9787 53.3787 4
      vertex 76.6 52.9019 9
      vertex 75.9787 53.3787 9
    endloop
  endfacet
  facet normal -0.608809 -0.793316 -0
    outer loop
      vertex 76.6 52.9019 9
      vertex 75.9787 53.3787 4
      vertex 76.6 52.9019 4
    endloop
  endfacet
  facet normal -0.382701 0.923872 0
    outer loop
      vertex 77.3235 58.3978 4
      vertex 76.6 58.0981 9
      vertex 77.3235 58.3978 9
    endloop
  endfacet
  facet normal -0.382701 0.923872 0
    outer loop
      vertex 76.6 58.0981 9
      vertex 77.3235 58.3978 4
      vertex 76.6 58.0981 4
    endloop
  endfacet
  facet normal 0.130491 0.99145 -0
    outer loop
      vertex 78.8765 58.3978 4
      vertex 78.1 58.5 9
      vertex 78.8765 58.3978 9
    endloop
  endfacet
  facet normal 0.130491 0.99145 0
    outer loop
      vertex 78.1 58.5 9
      vertex 78.8765 58.3978 4
      vertex 78.1 58.5 4
    endloop
  endfacet
  facet normal -0.923872 -0.382701 0
    outer loop
      vertex 75.5019 54 4
      vertex 75.2022 54.7235 9
      vertex 75.2022 54.7235 4
    endloop
  endfacet
  facet normal -0.923872 -0.382701 0
    outer loop
      vertex 75.2022 54.7235 9
      vertex 75.5019 54 4
      vertex 75.5019 54 9
    endloop
  endfacet
  facet normal -0.923872 0.382701 0
    outer loop
      vertex 75.2022 56.2765 4
      vertex 75.5019 57 9
      vertex 75.5019 57 4
    endloop
  endfacet
  facet normal -0.923872 0.382701 0
    outer loop
      vertex 75.5019 57 9
      vertex 75.2022 56.2765 4
      vertex 75.2022 56.2765 9
    endloop
  endfacet
  facet normal 0.923872 -0.382701 0
    outer loop
      vertex 80.6981 54 9
      vertex 80.9978 54.7235 4
      vertex 80.9978 54.7235 9
    endloop
  endfacet
  facet normal 0.923872 -0.382701 0
    outer loop
      vertex 80.9978 54.7235 4
      vertex 80.6981 54 9
      vertex 80.6981 54 4
    endloop
  endfacet
  facet normal -0.382701 -0.923872 0
    outer loop
      vertex 76.6 52.9019 4
      vertex 77.3235 52.6022 9
      vertex 76.6 52.9019 9
    endloop
  endfacet
  facet normal -0.382701 -0.923872 -0
    outer loop
      vertex 77.3235 52.6022 9
      vertex 76.6 52.9019 4
      vertex 77.3235 52.6022 4
    endloop
  endfacet
  facet normal 0.382701 0.923872 -0
    outer loop
      vertex 79.6 58.0981 4
      vertex 78.8765 58.3978 9
      vertex 79.6 58.0981 9
    endloop
  endfacet
  facet normal 0.382701 0.923872 0
    outer loop
      vertex 78.8765 58.3978 9
      vertex 79.6 58.0981 4
      vertex 78.8765 58.3978 4
    endloop
  endfacet
  facet normal -0.99145 0.130491 0
    outer loop
      vertex 75.1 55.5 4
      vertex 75.2022 56.2765 9
      vertex 75.2022 56.2765 4
    endloop
  endfacet
  facet normal -0.99145 0.130491 0
    outer loop
      vertex 75.2022 56.2765 9
      vertex 75.1 55.5 4
      vertex 75.1 55.5 9
    endloop
  endfacet
  facet normal -0.99145 -0.130491 0
    outer loop
      vertex 75.2022 54.7235 4
      vertex 75.1 55.5 9
      vertex 75.1 55.5 4
    endloop
  endfacet
  facet normal -0.99145 -0.130491 0
    outer loop
      vertex 75.1 55.5 9
      vertex 75.2022 54.7235 4
      vertex 75.2022 54.7235 9
    endloop
  endfacet
  facet normal 0.793316 -0.608809 0
    outer loop
      vertex 80.2213 53.3787 9
      vertex 80.6981 54 4
      vertex 80.6981 54 9
    endloop
  endfacet
  facet normal 0.793316 -0.608809 0
    outer loop
      vertex 80.6981 54 4
      vertex 80.2213 53.3787 9
      vertex 80.2213 53.3787 4
    endloop
  endfacet
  facet normal 0.923737 0.383028 0
    outer loop
      vertex 105.098 71.4765 9
      vertex 104.798 72.2 3
      vertex 104.798 72.2 9
    endloop
  endfacet
  facet normal 0.923737 0.383028 0
    outer loop
      vertex 104.798 72.2 3
      vertex 105.098 71.4765 9
      vertex 105.098 71.4765 3
    endloop
  endfacet
  facet normal 0.991483 0.13024 0
    outer loop
      vertex 105.2 70.7 9
      vertex 105.098 71.4765 3
      vertex 105.098 71.4765 9
    endloop
  endfacet
  facet normal 0.991483 0.13024 0
    outer loop
      vertex 105.098 71.4765 3
      vertex 105.2 70.7 9
      vertex 105.2 70.7 3
    endloop
  endfacet
  facet normal 0.991483 -0.13024 0
    outer loop
      vertex 105.098 69.9235 9
      vertex 105.2 70.7 3
      vertex 105.2 70.7 9
    endloop
  endfacet
  facet normal 0.991483 -0.13024 0
    outer loop
      vertex 105.2 70.7 3
      vertex 105.098 69.9235 9
      vertex 105.098 69.9235 3
    endloop
  endfacet
  facet normal -0.99145 -0.130491 0
    outer loop
      vertex 99.3022 69.9235 3
      vertex 99.2 70.7 9
      vertex 99.2 70.7 3
    endloop
  endfacet
  facet normal -0.99145 -0.130491 0
    outer loop
      vertex 99.2 70.7 9
      vertex 99.3022 69.9235 3
      vertex 99.3022 69.9235 9
    endloop
  endfacet
  facet normal -0.382476 0.923966 0
    outer loop
      vertex 101.424 73.5978 3
      vertex 100.7 73.2981 9
      vertex 101.424 73.5978 9
    endloop
  endfacet
  facet normal -0.382476 0.923966 0
    outer loop
      vertex 100.7 73.2981 9
      vertex 101.424 73.5978 3
      vertex 100.7 73.2981 3
    endloop
  endfacet
  facet normal -0.923872 0.382701 0
    outer loop
      vertex 99.3022 71.4765 3
      vertex 99.6019 72.2 9
      vertex 99.6019 72.2 3
    endloop
  endfacet
  facet normal -0.923872 0.382701 0
    outer loop
      vertex 99.6019 72.2 9
      vertex 99.3022 71.4765 3
      vertex 99.3022 71.4765 9
    endloop
  endfacet
  facet normal 0.923737 -0.383028 0
    outer loop
      vertex 104.798 69.2 9
      vertex 105.098 69.9235 3
      vertex 105.098 69.9235 9
    endloop
  endfacet
  facet normal 0.923737 -0.383028 0
    outer loop
      vertex 105.098 69.9235 3
      vertex 104.798 69.2 9
      vertex 104.798 69.2 3
    endloop
  endfacet
  facet normal 0.382476 0.923966 -0
    outer loop
      vertex 103.7 73.2981 3
      vertex 102.976 73.5978 9
      vertex 103.7 73.2981 9
    endloop
  endfacet
  facet normal 0.382476 0.923966 0
    outer loop
      vertex 102.976 73.5978 9
      vertex 103.7 73.2981 3
      vertex 102.976 73.5978 3
    endloop
  endfacet
  facet normal -0.793131 -0.60905 0
    outer loop
      vertex 100.079 68.5787 3
      vertex 99.6019 69.2 9
      vertex 99.6019 69.2 3
    endloop
  endfacet
  facet normal -0.793131 -0.60905 0
    outer loop
      vertex 99.6019 69.2 9
      vertex 100.079 68.5787 3
      vertex 100.079 68.5787 9
    endloop
  endfacet
  facet normal -0.608994 0.793174 0
    outer loop
      vertex 100.7 73.2981 3
      vertex 100.079 72.8213 9
      vertex 100.7 73.2981 9
    endloop
  endfacet
  facet normal -0.608994 0.793174 0
    outer loop
      vertex 100.079 72.8213 9
      vertex 100.7 73.2981 3
      vertex 100.079 72.8213 3
    endloop
  endfacet
  facet normal -0.793131 0.60905 0
    outer loop
      vertex 99.6019 72.2 3
      vertex 100.079 72.8213 9
      vertex 100.079 72.8213 3
    endloop
  endfacet
  facet normal -0.793131 0.60905 0
    outer loop
      vertex 100.079 72.8213 9
      vertex 99.6019 72.2 3
      vertex 99.6019 72.2 9
    endloop
  endfacet
  facet normal 0.608994 -0.793174 0
    outer loop
      vertex 103.7 68.1019 3
      vertex 104.321 68.5787 9
      vertex 103.7 68.1019 9
    endloop
  endfacet
  facet normal 0.608994 -0.793174 0
    outer loop
      vertex 104.321 68.5787 9
      vertex 103.7 68.1019 3
      vertex 104.321 68.5787 3
    endloop
  endfacet
  facet normal -0.923872 -0.382701 0
    outer loop
      vertex 99.6019 69.2 3
      vertex 99.3022 69.9235 9
      vertex 99.3022 69.9235 3
    endloop
  endfacet
  facet normal -0.923872 -0.382701 0
    outer loop
      vertex 99.3022 69.9235 9
      vertex 99.6019 69.2 3
      vertex 99.6019 69.2 9
    endloop
  endfacet
  facet normal 0.382476 -0.923966 0
    outer loop
      vertex 102.976 67.8022 3
      vertex 103.7 68.1019 9
      vertex 102.976 67.8022 9
    endloop
  endfacet
  facet normal 0.382476 -0.923966 0
    outer loop
      vertex 103.7 68.1019 9
      vertex 102.976 67.8022 3
      vertex 103.7 68.1019 3
    endloop
  endfacet
  facet normal 0.130573 0.991439 -0
    outer loop
      vertex 102.976 73.5978 3
      vertex 102.2 73.7 9
      vertex 102.976 73.5978 9
    endloop
  endfacet
  facet normal 0.130573 0.991439 0
    outer loop
      vertex 102.2 73.7 9
      vertex 102.976 73.5978 3
      vertex 102.2 73.7 3
    endloop
  endfacet
  facet normal 0.793193 -0.60897 0
    outer loop
      vertex 104.321 68.5787 9
      vertex 104.798 69.2 3
      vertex 104.798 69.2 9
    endloop
  endfacet
  facet normal 0.793193 -0.60897 0
    outer loop
      vertex 104.798 69.2 3
      vertex 104.321 68.5787 9
      vertex 104.321 68.5787 3
    endloop
  endfacet
  facet normal 0.130573 -0.991439 0
    outer loop
      vertex 102.2 67.7 3
      vertex 102.976 67.8022 9
      vertex 102.2 67.7 9
    endloop
  endfacet
  facet normal 0.130573 -0.991439 0
    outer loop
      vertex 102.976 67.8022 9
      vertex 102.2 67.7 3
      vertex 102.976 67.8022 3
    endloop
  endfacet
  facet normal -0.608994 -0.793174 0
    outer loop
      vertex 100.079 68.5787 3
      vertex 100.7 68.1019 9
      vertex 100.079 68.5787 9
    endloop
  endfacet
  facet normal -0.608994 -0.793174 -0
    outer loop
      vertex 100.7 68.1019 9
      vertex 100.079 68.5787 3
      vertex 100.7 68.1019 3
    endloop
  endfacet
  facet normal -0.99145 0.130491 0
    outer loop
      vertex 99.2 70.7 3
      vertex 99.3022 71.4765 9
      vertex 99.3022 71.4765 3
    endloop
  endfacet
  facet normal -0.99145 0.130491 0
    outer loop
      vertex 99.3022 71.4765 9
      vertex 99.2 70.7 3
      vertex 99.2 70.7 9
    endloop
  endfacet
  facet normal -0.382476 -0.923966 0
    outer loop
      vertex 100.7 68.1019 3
      vertex 101.424 67.8022 9
      vertex 100.7 68.1019 9
    endloop
  endfacet
  facet normal -0.382476 -0.923966 -0
    outer loop
      vertex 101.424 67.8022 9
      vertex 100.7 68.1019 3
      vertex 101.424 67.8022 3
    endloop
  endfacet
  facet normal -0.130573 0.991439 0
    outer loop
      vertex 102.2 73.7 3
      vertex 101.424 73.5978 9
      vertex 102.2 73.7 9
    endloop
  endfacet
  facet normal -0.130573 0.991439 0
    outer loop
      vertex 101.424 73.5978 9
      vertex 102.2 73.7 3
      vertex 101.424 73.5978 3
    endloop
  endfacet
  facet normal 0.793193 0.60897 0
    outer loop
      vertex 104.798 72.2 9
      vertex 104.321 72.8213 3
      vertex 104.321 72.8213 9
    endloop
  endfacet
  facet normal 0.793193 0.60897 0
    outer loop
      vertex 104.321 72.8213 3
      vertex 104.798 72.2 9
      vertex 104.798 72.2 3
    endloop
  endfacet
  facet normal 0.608994 0.793174 -0
    outer loop
      vertex 104.321 72.8213 3
      vertex 103.7 73.2981 9
      vertex 104.321 72.8213 9
    endloop
  endfacet
  facet normal 0.608994 0.793174 0
    outer loop
      vertex 103.7 73.2981 9
      vertex 104.321 72.8213 3
      vertex 103.7 73.2981 3
    endloop
  endfacet
  facet normal 0 0 1
    outer loop
      vertex 103.5 70.7 9
      vertex 105.2 70.7 9
      vertex 105.098 71.4765 9
    endloop
  endfacet
  facet normal 0 0 1
    outer loop
      vertex 103.436 71.1017 9
      vertex 105.098 71.4765 9
      vertex 104.798 72.2 9
    endloop
  endfacet
  facet normal 0 0 1
    outer loop
      vertex 105.2 70.7 9
      vertex 103.5 70.7 9
      vertex 105.098 69.9235 9
    endloop
  endfacet
  facet normal 0 0 1
    outer loop
      vertex 103.252 71.4641 9
      vertex 104.798 72.2 9
      vertex 104.321 72.8213 9
    endloop
  endfacet
  facet normal -0 0 1
    outer loop
      vertex 103.436 70.2983 9
      vertex 105.098 69.9235 9
      vertex 103.5 70.7 9
    endloop
  endfacet
  facet normal 0 0 1
    outer loop
      vertex 102.964 71.7517 9
      vertex 104.321 72.8213 9
      vertex 103.7 73.2981 9
    endloop
  endfacet
  facet normal 0 0 1
    outer loop
      vertex 105.098 69.9235 9
      vertex 103.436 70.2983 9
      vertex 104.798 69.2 9
    endloop
  endfacet
  facet normal -0 0 1
    outer loop
      vertex 103.252 69.9359 9
      vertex 104.798 69.2 9
      vertex 103.436 70.2983 9
    endloop
  endfacet
  facet normal 0 0 1
    outer loop
      vertex 105.098 71.4765 9
      vertex 103.436 71.1017 9
      vertex 103.5 70.7 9
    endloop
  endfacet
  facet normal 0 0 1
    outer loop
      vertex 104.798 72.2 9
      vertex 103.252 71.4641 9
      vertex 103.436 71.1017 9
    endloop
  endfacet
  facet normal 0 0 1
    outer loop
      vertex 102.602 71.9364 9
      vertex 103.7 73.2981 9
      vertex 102.976 73.5978 9
    endloop
  endfacet
  facet normal 0 0 1
    outer loop
      vertex 104.321 72.8213 9
      vertex 102.964 71.7517 9
      vertex 103.252 71.4641 9
    endloop
  endfacet
  facet normal 0 0 1
    outer loop
      vertex 103.7 73.2981 9
      vertex 102.602 71.9364 9
      vertex 102.964 71.7517 9
    endloop
  endfacet
  facet normal 0 0 1
    outer loop
      vertex 102.2 72 9
      vertex 102.976 73.5978 9
      vertex 102.2 73.7 9
    endloop
  endfacet
  facet normal 0 0 1
    outer loop
      vertex 102.976 73.5978 9
      vertex 102.2 72 9
      vertex 102.602 71.9364 9
    endloop
  endfacet
  facet normal -0 0 1
    outer loop
      vertex 101.424 73.5978 9
      vertex 102.2 72 9
      vertex 102.2 73.7 9
    endloop
  endfacet
  facet normal 0 0 1
    outer loop
      vertex 102.2 72 9
      vertex 101.424 73.5978 9
      vertex 101.798 71.9364 9
    endloop
  endfacet
  facet normal -0 0 1
    outer loop
      vertex 100.7 73.2981 9
      vertex 101.798 71.9364 9
      vertex 101.424 73.5978 9
    endloop
  endfacet
  facet normal 0 0 1
    outer loop
      vertex 101.798 71.9364 9
      vertex 100.7 73.2981 9
      vertex 101.436 71.7517 9
    endloop
  endfacet
  facet normal -0 0 1
    outer loop
      vertex 100.079 72.8213 9
      vertex 101.436 71.7517 9
      vertex 100.7 73.2981 9
    endloop
  endfacet
  facet normal -0 0 1
    outer loop
      vertex 99.6019 72.2 9
      vertex 101.148 71.4641 9
      vertex 100.079 72.8213 9
    endloop
  endfacet
  facet normal 0 0 1
    outer loop
      vertex 101.436 71.7517 9
      vertex 100.079 72.8213 9
      vertex 101.148 71.4641 9
    endloop
  endfacet
  facet normal 0 0 1
    outer loop
      vertex 104.798 69.2 9
      vertex 103.252 69.9359 9
      vertex 104.321 68.5787 9
    endloop
  endfacet
  facet normal -0 0 1
    outer loop
      vertex 102.964 69.6483 9
      vertex 104.321 68.5787 9
      vertex 103.252 69.9359 9
    endloop
  endfacet
  facet normal 0 0 1
    outer loop
      vertex 104.321 68.5787 9
      vertex 102.964 69.6483 9
      vertex 103.7 68.1019 9
    endloop
  endfacet
  facet normal -0 0 1
    outer loop
      vertex 102.602 69.4636 9
      vertex 103.7 68.1019 9
      vertex 102.964 69.6483 9
    endloop
  endfacet
  facet normal 0 0 1
    outer loop
      vertex 103.7 68.1019 9
      vertex 102.602 69.4636 9
      vertex 102.976 67.8022 9
    endloop
  endfacet
  facet normal -0 0 1
    outer loop
      vertex 102.2 69.4 9
      vertex 102.976 67.8022 9
      vertex 102.602 69.4636 9
    endloop
  endfacet
  facet normal 0 0 1
    outer loop
      vertex 102.2 69.4 9
      vertex 102.2 67.7 9
      vertex 102.976 67.8022 9
    endloop
  endfacet
  facet normal 0 0 1
    outer loop
      vertex 101.424 67.8022 9
      vertex 102.2 69.4 9
      vertex 101.798 69.4636 9
    endloop
  endfacet
  facet normal 0 0 1
    outer loop
      vertex 100.7 68.1019 9
      vertex 101.798 69.4636 9
      vertex 101.436 69.6483 9
    endloop
  endfacet
  facet normal 0 0 1
    outer loop
      vertex 102.2 69.4 9
      vertex 101.424 67.8022 9
      vertex 102.2 67.7 9
    endloop
  endfacet
  facet normal 0 0 1
    outer loop
      vertex 100.079 68.5787 9
      vertex 101.436 69.6483 9
      vertex 101.148 69.9359 9
    endloop
  endfacet
  facet normal 0 0 1
    outer loop
      vertex 99.6019 69.2 9
      vertex 101.148 69.9359 9
      vertex 100.964 70.2983 9
    endloop
  endfacet
  facet normal 0 0 1
    outer loop
      vertex 101.798 69.4636 9
      vertex 100.7 68.1019 9
      vertex 101.424 67.8022 9
    endloop
  endfacet
  facet normal 0 0 1
    outer loop
      vertex 99.3022 69.9235 9
      vertex 100.964 70.2983 9
      vertex 100.9 70.7 9
    endloop
  endfacet
  facet normal 0 0 1
    outer loop
      vertex 101.148 71.4641 9
      vertex 99.6019 72.2 9
      vertex 100.964 71.1017 9
    endloop
  endfacet
  facet normal -0 0 1
    outer loop
      vertex 99.3022 71.4765 9
      vertex 100.964 71.1017 9
      vertex 99.6019 72.2 9
    endloop
  endfacet
  facet normal 0 0 1
    outer loop
      vertex 101.436 69.6483 9
      vertex 100.079 68.5787 9
      vertex 100.7 68.1019 9
    endloop
  endfacet
  facet normal 0 0 1
    outer loop
      vertex 100.964 71.1017 9
      vertex 99.3022 71.4765 9
      vertex 100.9 70.7 9
    endloop
  endfacet
  facet normal 0 0 1
    outer loop
      vertex 101.148 69.9359 9
      vertex 99.6019 69.2 9
      vertex 100.079 68.5787 9
    endloop
  endfacet
  facet normal 0 0 1
    outer loop
      vertex 99.2 70.7 9
      vertex 100.9 70.7 9
      vertex 99.3022 71.4765 9
    endloop
  endfacet
  facet normal 0 0 1
    outer loop
      vertex 100.964 70.2983 9
      vertex 99.3022 69.9235 9
      vertex 99.6019 69.2 9
    endloop
  endfacet
  facet normal 0 0 1
    outer loop
      vertex 100.9 70.7 9
      vertex 99.2 70.7 9
      vertex 99.3022 69.9235 9
    endloop
  endfacet
  facet normal -0.130573 -0.991439 0
    outer loop
      vertex 101.424 67.8022 3
      vertex 102.2 67.7 9
      vertex 101.424 67.8022 9
    endloop
  endfacet
  facet normal -0.130573 -0.991439 -0
    outer loop
      vertex 102.2 67.7 9
      vertex 101.424 67.8022 3
      vertex 102.2 67.7 3
    endloop
  endfacet
  facet normal 0.130573 -0.991439 0
    outer loop
      vertex 108.5 19.5 3
      vertex 109.276 19.6022 9
      vertex 108.5 19.5 9
    endloop
  endfacet
  facet normal 0.130573 -0.991439 0
    outer loop
      vertex 109.276 19.6022 9
      vertex 108.5 19.5 3
      vertex 109.276 19.6022 3
    endloop
  endfacet
  facet normal 0.923737 0.383028 0
    outer loop
      vertex 111.398 23.2765 9
      vertex 111.098 24 3
      vertex 111.098 24 9
    endloop
  endfacet
  facet normal 0.923737 0.383028 0
    outer loop
      vertex 111.098 24 3
      vertex 111.398 23.2765 9
      vertex 111.398 23.2765 3
    endloop
  endfacet
  facet normal 0.991483 0.13024 0
    outer loop
      vertex 111.5 22.5 9
      vertex 111.398 23.2765 3
      vertex 111.398 23.2765 9
    endloop
  endfacet
  facet normal 0.991483 0.13024 0
    outer loop
      vertex 111.398 23.2765 3
      vertex 111.5 22.5 9
      vertex 111.5 22.5 3
    endloop
  endfacet
  facet normal -0.923737 -0.383028 0
    outer loop
      vertex 105.902 21 3
      vertex 105.602 21.7235 9
      vertex 105.602 21.7235 3
    endloop
  endfacet
  facet normal -0.923737 -0.383028 0
    outer loop
      vertex 105.602 21.7235 9
      vertex 105.902 21 3
      vertex 105.902 21 9
    endloop
  endfacet
  facet normal -0.130573 0.991439 0
    outer loop
      vertex 108.5 25.5 3
      vertex 107.724 25.3978 9
      vertex 108.5 25.5 9
    endloop
  endfacet
  facet normal -0.130573 0.991439 0
    outer loop
      vertex 107.724 25.3978 9
      vertex 108.5 25.5 3
      vertex 107.724 25.3978 3
    endloop
  endfacet
  facet normal -0.793193 0.60897 0
    outer loop
      vertex 105.902 24 3
      vertex 106.379 24.6213 9
      vertex 106.379 24.6213 3
    endloop
  endfacet
  facet normal -0.793193 0.60897 0
    outer loop
      vertex 106.379 24.6213 9
      vertex 105.902 24 3
      vertex 105.902 24 9
    endloop
  endfacet
  facet normal -0.608994 0.793174 0
    outer loop
      vertex 107 25.0981 3
      vertex 106.379 24.6213 9
      vertex 107 25.0981 9
    endloop
  endfacet
  facet normal -0.608994 0.793174 0
    outer loop
      vertex 106.379 24.6213 9
      vertex 107 25.0981 3
      vertex 106.379 24.6213 3
    endloop
  endfacet
  facet normal 0.793193 0.60897 0
    outer loop
      vertex 111.098 24 9
      vertex 110.621 24.6213 3
      vertex 110.621 24.6213 9
    endloop
  endfacet
  facet normal 0.793193 0.60897 0
    outer loop
      vertex 110.621 24.6213 3
      vertex 111.098 24 9
      vertex 111.098 24 3
    endloop
  endfacet
  facet normal 0.923737 -0.383028 0
    outer loop
      vertex 111.098 21 9
      vertex 111.398 21.7235 3
      vertex 111.398 21.7235 9
    endloop
  endfacet
  facet normal 0.923737 -0.383028 0
    outer loop
      vertex 111.398 21.7235 3
      vertex 111.098 21 9
      vertex 111.098 21 3
    endloop
  endfacet
  facet normal 0.608994 -0.793174 0
    outer loop
      vertex 110 19.9019 3
      vertex 110.621 20.3787 9
      vertex 110 19.9019 9
    endloop
  endfacet
  facet normal 0.608994 -0.793174 0
    outer loop
      vertex 110.621 20.3787 9
      vertex 110 19.9019 3
      vertex 110.621 20.3787 3
    endloop
  endfacet
  facet normal 0.382476 0.923966 -0
    outer loop
      vertex 110 25.0981 3
      vertex 109.276 25.3978 9
      vertex 110 25.0981 9
    endloop
  endfacet
  facet normal 0.382476 0.923966 0
    outer loop
      vertex 109.276 25.3978 9
      vertex 110 25.0981 3
      vertex 109.276 25.3978 3
    endloop
  endfacet
  facet normal 0.382476 -0.923966 0
    outer loop
      vertex 109.276 19.6022 3
      vertex 110 19.9019 9
      vertex 109.276 19.6022 9
    endloop
  endfacet
  facet normal 0.382476 -0.923966 0
    outer loop
      vertex 110 19.9019 9
      vertex 109.276 19.6022 3
      vertex 110 19.9019 3
    endloop
  endfacet
  facet normal 0.991483 -0.13024 0
    outer loop
      vertex 111.398 21.7235 9
      vertex 111.5 22.5 3
      vertex 111.5 22.5 9
    endloop
  endfacet
  facet normal 0.991483 -0.13024 0
    outer loop
      vertex 111.5 22.5 3
      vertex 111.398 21.7235 9
      vertex 111.398 21.7235 3
    endloop
  endfacet
  facet normal 0 0 1
    outer loop
      vertex 109.8 22.5 9
      vertex 111.5 22.5 9
      vertex 111.398 23.2765 9
    endloop
  endfacet
  facet normal 0 0 1
    outer loop
      vertex 109.736 22.9017 9
      vertex 111.398 23.2765 9
      vertex 111.098 24 9
    endloop
  endfacet
  facet normal 0 0 1
    outer loop
      vertex 111.5 22.5 9
      vertex 109.8 22.5 9
      vertex 111.398 21.7235 9
    endloop
  endfacet
  facet normal 0 0 1
    outer loop
      vertex 109.552 23.2641 9
      vertex 111.098 24 9
      vertex 110.621 24.6213 9
    endloop
  endfacet
  facet normal -0 0 1
    outer loop
      vertex 109.736 22.0983 9
      vertex 111.398 21.7235 9
      vertex 109.8 22.5 9
    endloop
  endfacet
  facet normal 0 0 1
    outer loop
      vertex 109.264 23.5517 9
      vertex 110.621 24.6213 9
      vertex 110 25.0981 9
    endloop
  endfacet
  facet normal 0 0 1
    outer loop
      vertex 111.398 21.7235 9
      vertex 109.736 22.0983 9
      vertex 111.098 21 9
    endloop
  endfacet
  facet normal -0 0 1
    outer loop
      vertex 109.552 21.7359 9
      vertex 111.098 21 9
      vertex 109.736 22.0983 9
    endloop
  endfacet
  facet normal 0 0 1
    outer loop
      vertex 111.398 23.2765 9
      vertex 109.736 22.9017 9
      vertex 109.8 22.5 9
    endloop
  endfacet
  facet normal 0 0 1
    outer loop
      vertex 111.098 24 9
      vertex 109.552 23.2641 9
      vertex 109.736 22.9017 9
    endloop
  endfacet
  facet normal 0 0 1
    outer loop
      vertex 108.902 23.7364 9
      vertex 110 25.0981 9
      vertex 109.276 25.3978 9
    endloop
  endfacet
  facet normal 0 0 1
    outer loop
      vertex 110.621 24.6213 9
      vertex 109.264 23.5517 9
      vertex 109.552 23.2641 9
    endloop
  endfacet
  facet normal 0 0 1
    outer loop
      vertex 110 25.0981 9
      vertex 108.902 23.7364 9
      vertex 109.264 23.5517 9
    endloop
  endfacet
  facet normal 0 0 1
    outer loop
      vertex 108.5 23.8 9
      vertex 109.276 25.3978 9
      vertex 108.5 25.5 9
    endloop
  endfacet
  facet normal 0 0 1
    outer loop
      vertex 109.276 25.3978 9
      vertex 108.5 23.8 9
      vertex 108.902 23.7364 9
    endloop
  endfacet
  facet normal -0 0 1
    outer loop
      vertex 107.724 25.3978 9
      vertex 108.5 23.8 9
      vertex 108.5 25.5 9
    endloop
  endfacet
  facet normal 0 0 1
    outer loop
      vertex 108.5 23.8 9
      vertex 107.724 25.3978 9
      vertex 108.098 23.7364 9
    endloop
  endfacet
  facet normal -0 0 1
    outer loop
      vertex 107 25.0981 9
      vertex 108.098 23.7364 9
      vertex 107.724 25.3978 9
    endloop
  endfacet
  facet normal 0 0 1
    outer loop
      vertex 108.098 23.7364 9
      vertex 107 25.0981 9
      vertex 107.736 23.5517 9
    endloop
  endfacet
  facet normal -0 0 1
    outer loop
      vertex 106.379 24.6213 9
      vertex 107.736 23.5517 9
      vertex 107 25.0981 9
    endloop
  endfacet
  facet normal -0 0 1
    outer loop
      vertex 105.902 24 9
      vertex 107.448 23.2641 9
      vertex 106.379 24.6213 9
    endloop
  endfacet
  facet normal 0 0 1
    outer loop
      vertex 107.736 23.5517 9
      vertex 106.379 24.6213 9
      vertex 107.448 23.2641 9
    endloop
  endfacet
  facet normal 0 0 1
    outer loop
      vertex 111.098 21 9
      vertex 109.552 21.7359 9
      vertex 110.621 20.3787 9
    endloop
  endfacet
  facet normal -0 0 1
    outer loop
      vertex 109.264 21.4483 9
      vertex 110.621 20.3787 9
      vertex 109.552 21.7359 9
    endloop
  endfacet
  facet normal 0 0 1
    outer loop
      vertex 110.621 20.3787 9
      vertex 109.264 21.4483 9
      vertex 110 19.9019 9
    endloop
  endfacet
  facet normal -0 0 1
    outer loop
      vertex 108.902 21.2636 9
      vertex 110 19.9019 9
      vertex 109.264 21.4483 9
    endloop
  endfacet
  facet normal 0 0 1
    outer loop
      vertex 110 19.9019 9
      vertex 108.902 21.2636 9
      vertex 109.276 19.6022 9
    endloop
  endfacet
  facet normal -0 0 1
    outer loop
      vertex 108.5 21.2 9
      vertex 109.276 19.6022 9
      vertex 108.902 21.2636 9
    endloop
  endfacet
  facet normal 0 0 1
    outer loop
      vertex 108.5 21.2 9
      vertex 108.5 19.5 9
      vertex 109.276 19.6022 9
    endloop
  endfacet
  facet normal 0 0 1
    outer loop
      vertex 107.724 19.6022 9
      vertex 108.5 21.2 9
      vertex 108.098 21.2636 9
    endloop
  endfacet
  facet normal 0 0 1
    outer loop
      vertex 107 19.9019 9
      vertex 108.098 21.2636 9
      vertex 107.736 21.4483 9
    endloop
  endfacet
  facet normal 0 0 1
    outer loop
      vertex 108.5 21.2 9
      vertex 107.724 19.6022 9
      vertex 108.5 19.5 9
    endloop
  endfacet
  facet normal 0 0 1
    outer loop
      vertex 106.379 20.3787 9
      vertex 107.736 21.4483 9
      vertex 107.448 21.7359 9
    endloop
  endfacet
  facet normal 0 0 1
    outer loop
      vertex 105.902 21 9
      vertex 107.448 21.7359 9
      vertex 107.264 22.0983 9
    endloop
  endfacet
  facet normal 0 0 1
    outer loop
      vertex 108.098 21.2636 9
      vertex 107 19.9019 9
      vertex 107.724 19.6022 9
    endloop
  endfacet
  facet normal 0 0 1
    outer loop
      vertex 105.602 21.7235 9
      vertex 107.264 22.0983 9
      vertex 107.2 22.5 9
    endloop
  endfacet
  facet normal 0 0 1
    outer loop
      vertex 107.448 23.2641 9
      vertex 105.902 24 9
      vertex 107.264 22.9017 9
    endloop
  endfacet
  facet normal -0 0 1
    outer loop
      vertex 105.602 23.2765 9
      vertex 107.264 22.9017 9
      vertex 105.902 24 9
    endloop
  endfacet
  facet normal 0 0 1
    outer loop
      vertex 107.736 21.4483 9
      vertex 106.379 20.3787 9
      vertex 107 19.9019 9
    endloop
  endfacet
  facet normal 0 0 1
    outer loop
      vertex 107.264 22.9017 9
      vertex 105.602 23.2765 9
      vertex 107.2 22.5 9
    endloop
  endfacet
  facet normal 0 0 1
    outer loop
      vertex 107.448 21.7359 9
      vertex 105.902 21 9
      vertex 106.379 20.3787 9
    endloop
  endfacet
  facet normal 0 0 1
    outer loop
      vertex 105.5 22.5 9
      vertex 107.2 22.5 9
      vertex 105.602 23.2765 9
    endloop
  endfacet
  facet normal 0 0 1
    outer loop
      vertex 107.264 22.0983 9
      vertex 105.602 21.7235 9
      vertex 105.902 21 9
    endloop
  endfacet
  facet normal 0 0 1
    outer loop
      vertex 107.2 22.5 9
      vertex 105.5 22.5 9
      vertex 105.602 21.7235 9
    endloop
  endfacet
  facet normal -0.382476 0.923966 0
    outer loop
      vertex 107.724 25.3978 3
      vertex 107 25.0981 9
      vertex 107.724 25.3978 9
    endloop
  endfacet
  facet normal -0.382476 0.923966 0
    outer loop
      vertex 107 25.0981 9
      vertex 107.724 25.3978 3
      vertex 107 25.0981 3
    endloop
  endfacet
  facet normal -0.923737 0.383028 0
    outer loop
      vertex 105.602 23.2765 3
      vertex 105.902 24 9
      vertex 105.902 24 3
    endloop
  endfacet
  facet normal -0.923737 0.383028 0
    outer loop
      vertex 105.902 24 9
      vertex 105.602 23.2765 3
      vertex 105.602 23.2765 9
    endloop
  endfacet
  facet normal 0.793193 -0.60897 0
    outer loop
      vertex 110.621 20.3787 9
      vertex 111.098 21 3
      vertex 111.098 21 9
    endloop
  endfacet
  facet normal 0.793193 -0.60897 0
    outer loop
      vertex 111.098 21 3
      vertex 110.621 20.3787 9
      vertex 110.621 20.3787 3
    endloop
  endfacet
  facet normal -0.608994 -0.793174 0
    outer loop
      vertex 106.379 20.3787 3
      vertex 107 19.9019 9
      vertex 106.379 20.3787 9
    endloop
  endfacet
  facet normal -0.608994 -0.793174 -0
    outer loop
      vertex 107 19.9019 9
      vertex 106.379 20.3787 3
      vertex 107 19.9019 3
    endloop
  endfacet
  facet normal -0.991483 -0.13024 0
    outer loop
      vertex 105.602 21.7235 3
      vertex 105.5 22.5 9
      vertex 105.5 22.5 3
    endloop
  endfacet
  facet normal -0.991483 -0.13024 0
    outer loop
      vertex 105.5 22.5 9
      vertex 105.602 21.7235 3
      vertex 105.602 21.7235 9
    endloop
  endfacet
  facet normal -0.793193 -0.60897 0
    outer loop
      vertex 106.379 20.3787 3
      vertex 105.902 21 9
      vertex 105.902 21 3
    endloop
  endfacet
  facet normal -0.793193 -0.60897 0
    outer loop
      vertex 105.902 21 9
      vertex 106.379 20.3787 3
      vertex 106.379 20.3787 9
    endloop
  endfacet
  facet normal 0.608994 0.793174 -0
    outer loop
      vertex 110.621 24.6213 3
      vertex 110 25.0981 9
      vertex 110.621 24.6213 9
    endloop
  endfacet
  facet normal 0.608994 0.793174 0
    outer loop
      vertex 110 25.0981 9
      vertex 110.621 24.6213 3
      vertex 110 25.0981 3
    endloop
  endfacet
  facet normal 0.130573 0.991439 -0
    outer loop
      vertex 109.276 25.3978 3
      vertex 108.5 25.5 9
      vertex 109.276 25.3978 9
    endloop
  endfacet
  facet normal 0.130573 0.991439 0
    outer loop
      vertex 108.5 25.5 9
      vertex 109.276 25.3978 3
      vertex 108.5 25.5 3
    endloop
  endfacet
  facet normal -0.382476 -0.923966 0
    outer loop
      vertex 107 19.9019 3
      vertex 107.724 19.6022 9
      vertex 107 19.9019 9
    endloop
  endfacet
  facet normal -0.382476 -0.923966 -0
    outer loop
      vertex 107.724 19.6022 9
      vertex 107 19.9019 3
      vertex 107.724 19.6022 3
    endloop
  endfacet
  facet normal -0.130573 -0.991439 0
    outer loop
      vertex 107.724 19.6022 3
      vertex 108.5 19.5 9
      vertex 107.724 19.6022 9
    endloop
  endfacet
  facet normal -0.130573 -0.991439 -0
    outer loop
      vertex 108.5 19.5 9
      vertex 107.724 19.6022 3
      vertex 108.5 19.5 3
    endloop
  endfacet
  facet normal -0.991483 0.13024 0
    outer loop
      vertex 105.5 22.5 3
      vertex 105.602 23.2765 9
      vertex 105.602 23.2765 3
    endloop
  endfacet
  facet normal -0.991483 0.13024 0
    outer loop
      vertex 105.602 23.2765 9
      vertex 105.5 22.5 3
      vertex 105.5 22.5 9
    endloop
  endfacet
  facet normal 0.130491 -0.99145 0
    outer loop
      vertex 15.5 20.5 3
      vertex 16.2765 20.6022 9
      vertex 15.5 20.5 9
    endloop
  endfacet
  facet normal 0.130491 -0.99145 0
    outer loop
      vertex 16.2765 20.6022 9
      vertex 15.5 20.5 3
      vertex 16.2765 20.6022 3
    endloop
  endfacet
  facet normal 0.923872 0.382701 0
    outer loop
      vertex 18.3978 24.2765 9
      vertex 18.0981 25 3
      vertex 18.0981 25 9
    endloop
  endfacet
  facet normal 0.923872 0.382701 0
    outer loop
      vertex 18.0981 25 3
      vertex 18.3978 24.2765 9
      vertex 18.3978 24.2765 3
    endloop
  endfacet
  facet normal 0.99145 0.130491 0
    outer loop
      vertex 18.5 23.5 9
      vertex 18.3978 24.2765 3
      vertex 18.3978 24.2765 9
    endloop
  endfacet
  facet normal 0.99145 0.130491 0
    outer loop
      vertex 18.3978 24.2765 3
      vertex 18.5 23.5 9
      vertex 18.5 23.5 3
    endloop
  endfacet
  facet normal -0.923872 -0.382701 0
    outer loop
      vertex 12.9019 22 3
      vertex 12.6022 22.7235 9
      vertex 12.6022 22.7235 3
    endloop
  endfacet
  facet normal -0.923872 -0.382701 0
    outer loop
      vertex 12.6022 22.7235 9
      vertex 12.9019 22 3
      vertex 12.9019 22 9
    endloop
  endfacet
  facet normal -0.130491 0.99145 0
    outer loop
      vertex 15.5 26.5 3
      vertex 14.7235 26.3978 9
      vertex 15.5 26.5 9
    endloop
  endfacet
  facet normal -0.130491 0.99145 0
    outer loop
      vertex 14.7235 26.3978 9
      vertex 15.5 26.5 3
      vertex 14.7235 26.3978 3
    endloop
  endfacet
  facet normal -0.793316 0.608809 0
    outer loop
      vertex 12.9019 25 3
      vertex 13.3787 25.6213 9
      vertex 13.3787 25.6213 3
    endloop
  endfacet
  facet normal -0.793316 0.608809 0
    outer loop
      vertex 13.3787 25.6213 9
      vertex 12.9019 25 3
      vertex 12.9019 25 9
    endloop
  endfacet
  facet normal -0.608809 0.793316 0
    outer loop
      vertex 14 26.0981 3
      vertex 13.3787 25.6213 9
      vertex 14 26.0981 9
    endloop
  endfacet
  facet normal -0.608809 0.793316 0
    outer loop
      vertex 13.3787 25.6213 9
      vertex 14 26.0981 3
      vertex 13.3787 25.6213 3
    endloop
  endfacet
  facet normal 0.923872 -0.382701 0
    outer loop
      vertex 18.0981 22 9
      vertex 18.3978 22.7235 3
      vertex 18.3978 22.7235 9
    endloop
  endfacet
  facet normal 0.923872 -0.382701 0
    outer loop
      vertex 18.3978 22.7235 3
      vertex 18.0981 22 9
      vertex 18.0981 22 3
    endloop
  endfacet
  facet normal 0.608809 -0.793316 0
    outer loop
      vertex 17 20.9019 3
      vertex 17.6213 21.3787 9
      vertex 17 20.9019 9
    endloop
  endfacet
  facet normal 0.608809 -0.793316 0
    outer loop
      vertex 17.6213 21.3787 9
      vertex 17 20.9019 3
      vertex 17.6213 21.3787 3
    endloop
  endfacet
  facet normal 0.382701 0.923872 -0
    outer loop
      vertex 17 26.0981 3
      vertex 16.2765 26.3978 9
      vertex 17 26.0981 9
    endloop
  endfacet
  facet normal 0.382701 0.923872 0
    outer loop
      vertex 16.2765 26.3978 9
      vertex 17 26.0981 3
      vertex 16.2765 26.3978 3
    endloop
  endfacet
  facet normal 0.382701 -0.923872 0
    outer loop
      vertex 16.2765 20.6022 3
      vertex 17 20.9019 9
      vertex 16.2765 20.6022 9
    endloop
  endfacet
  facet normal 0.382701 -0.923872 0
    outer loop
      vertex 17 20.9019 9
      vertex 16.2765 20.6022 3
      vertex 17 20.9019 3
    endloop
  endfacet
  facet normal 0.99145 -0.130491 0
    outer loop
      vertex 18.3978 22.7235 9
      vertex 18.5 23.5 3
      vertex 18.5 23.5 9
    endloop
  endfacet
  facet normal 0.99145 -0.130491 0
    outer loop
      vertex 18.5 23.5 3
      vertex 18.3978 22.7235 9
      vertex 18.3978 22.7235 3
    endloop
  endfacet
  facet normal 0 0 1
    outer loop
      vertex 16.8 23.5 9
      vertex 18.5 23.5 9
      vertex 18.3978 24.2765 9
    endloop
  endfacet
  facet normal 0 0 1
    outer loop
      vertex 16.7364 23.9017 9
      vertex 18.3978 24.2765 9
      vertex 18.0981 25 9
    endloop
  endfacet
  facet normal 0 0 1
    outer loop
      vertex 18.5 23.5 9
      vertex 16.8 23.5 9
      vertex 18.3978 22.7235 9
    endloop
  endfacet
  facet normal 0 0 1
    outer loop
      vertex 16.5517 24.2641 9
      vertex 18.0981 25 9
      vertex 17.6213 25.6213 9
    endloop
  endfacet
  facet normal -0 0 1
    outer loop
      vertex 16.7364 23.0983 9
      vertex 18.3978 22.7235 9
      vertex 16.8 23.5 9
    endloop
  endfacet
  facet normal 0 0 1
    outer loop
      vertex 16.2641 24.5517 9
      vertex 17.6213 25.6213 9
      vertex 17 26.0981 9
    endloop
  endfacet
  facet normal 0 0 1
    outer loop
      vertex 18.3978 22.7235 9
      vertex 16.7364 23.0983 9
      vertex 18.0981 22 9
    endloop
  endfacet
  facet normal -0 0 1
    outer loop
      vertex 16.5517 22.7359 9
      vertex 18.0981 22 9
      vertex 16.7364 23.0983 9
    endloop
  endfacet
  facet normal 0 0 1
    outer loop
      vertex 18.3978 24.2765 9
      vertex 16.7364 23.9017 9
      vertex 16.8 23.5 9
    endloop
  endfacet
  facet normal 0 0 1
    outer loop
      vertex 18.0981 25 9
      vertex 16.5517 24.2641 9
      vertex 16.7364 23.9017 9
    endloop
  endfacet
  facet normal 0 0 1
    outer loop
      vertex 15.9017 24.7364 9
      vertex 17 26.0981 9
      vertex 16.2765 26.3978 9
    endloop
  endfacet
  facet normal 0 0 1
    outer loop
      vertex 17.6213 25.6213 9
      vertex 16.2641 24.5517 9
      vertex 16.5517 24.2641 9
    endloop
  endfacet
  facet normal 0 0 1
    outer loop
      vertex 17 26.0981 9
      vertex 15.9017 24.7364 9
      vertex 16.2641 24.5517 9
    endloop
  endfacet
  facet normal 0 0 1
    outer loop
      vertex 15.5 24.8 9
      vertex 16.2765 26.3978 9
      vertex 15.5 26.5 9
    endloop
  endfacet
  facet normal 0 0 1
    outer loop
      vertex 16.2765 26.3978 9
      vertex 15.5 24.8 9
      vertex 15.9017 24.7364 9
    endloop
  endfacet
  facet normal -0 0 1
    outer loop
      vertex 14.7235 26.3978 9
      vertex 15.5 24.8 9
      vertex 15.5 26.5 9
    endloop
  endfacet
  facet normal 0 0 1
    outer loop
      vertex 15.5 24.8 9
      vertex 14.7235 26.3978 9
      vertex 15.0983 24.7364 9
    endloop
  endfacet
  facet normal -0 0 1
    outer loop
      vertex 14 26.0981 9
      vertex 15.0983 24.7364 9
      vertex 14.7235 26.3978 9
    endloop
  endfacet
  facet normal 0 0 1
    outer loop
      vertex 15.0983 24.7364 9
      vertex 14 26.0981 9
      vertex 14.7359 24.5517 9
    endloop
  endfacet
  facet normal -0 0 1
    outer loop
      vertex 13.3787 25.6213 9
      vertex 14.7359 24.5517 9
      vertex 14 26.0981 9
    endloop
  endfacet
  facet normal -0 0 1
    outer loop
      vertex 12.9019 25 9
      vertex 14.4483 24.2641 9
      vertex 13.3787 25.6213 9
    endloop
  endfacet
  facet normal 0 0 1
    outer loop
      vertex 14.7359 24.5517 9
      vertex 13.3787 25.6213 9
      vertex 14.4483 24.2641 9
    endloop
  endfacet
  facet normal 0 0 1
    outer loop
      vertex 18.0981 22 9
      vertex 16.5517 22.7359 9
      vertex 17.6213 21.3787 9
    endloop
  endfacet
  facet normal -0 0 1
    outer loop
      vertex 16.2641 22.4483 9
      vertex 17.6213 21.3787 9
      vertex 16.5517 22.7359 9
    endloop
  endfacet
  facet normal 0 0 1
    outer loop
      vertex 17.6213 21.3787 9
      vertex 16.2641 22.4483 9
      vertex 17 20.9019 9
    endloop
  endfacet
  facet normal -0 0 1
    outer loop
      vertex 15.9017 22.2636 9
      vertex 17 20.9019 9
      vertex 16.2641 22.4483 9
    endloop
  endfacet
  facet normal 0 0 1
    outer loop
      vertex 17 20.9019 9
      vertex 15.9017 22.2636 9
      vertex 16.2765 20.6022 9
    endloop
  endfacet
  facet normal -0 0 1
    outer loop
      vertex 15.5 22.2 9
      vertex 16.2765 20.6022 9
      vertex 15.9017 22.2636 9
    endloop
  endfacet
  facet normal 0 0 1
    outer loop
      vertex 15.5 22.2 9
      vertex 15.5 20.5 9
      vertex 16.2765 20.6022 9
    endloop
  endfacet
  facet normal 0 0 1
    outer loop
      vertex 14.7235 20.6022 9
      vertex 15.5 22.2 9
      vertex 15.0983 22.2636 9
    endloop
  endfacet
  facet normal 0 0 1
    outer loop
      vertex 14 20.9019 9
      vertex 15.0983 22.2636 9
      vertex 14.7359 22.4483 9
    endloop
  endfacet
  facet normal 0 0 1
    outer loop
      vertex 15.5 22.2 9
      vertex 14.7235 20.6022 9
      vertex 15.5 20.5 9
    endloop
  endfacet
  facet normal 0 0 1
    outer loop
      vertex 13.3787 21.3787 9
      vertex 14.7359 22.4483 9
      vertex 14.4483 22.7359 9
    endloop
  endfacet
  facet normal 0 0 1
    outer loop
      vertex 12.9019 22 9
      vertex 14.4483 22.7359 9
      vertex 14.2636 23.0983 9
    endloop
  endfacet
  facet normal 0 0 1
    outer loop
      vertex 15.0983 22.2636 9
      vertex 14 20.9019 9
      vertex 14.7235 20.6022 9
    endloop
  endfacet
  facet normal 0 0 1
    outer loop
      vertex 12.6022 22.7235 9
      vertex 14.2636 23.0983 9
      vertex 14.2 23.5 9
    endloop
  endfacet
  facet normal 0 0 1
    outer loop
      vertex 14.4483 24.2641 9
      vertex 12.9019 25 9
      vertex 14.2636 23.9017 9
    endloop
  endfacet
  facet normal -0 0 1
    outer loop
      vertex 12.6022 24.2765 9
      vertex 14.2636 23.9017 9
      vertex 12.9019 25 9
    endloop
  endfacet
  facet normal 0 0 1
    outer loop
      vertex 14.7359 22.4483 9
      vertex 13.3787 21.3787 9
      vertex 14 20.9019 9
    endloop
  endfacet
  facet normal 0 0 1
    outer loop
      vertex 14.2636 23.9017 9
      vertex 12.6022 24.2765 9
      vertex 14.2 23.5 9
    endloop
  endfacet
  facet normal 0 0 1
    outer loop
      vertex 14.4483 22.7359 9
      vertex 12.9019 22 9
      vertex 13.3787 21.3787 9
    endloop
  endfacet
  facet normal 0 0 1
    outer loop
      vertex 12.5 23.5 9
      vertex 14.2 23.5 9
      vertex 12.6022 24.2765 9
    endloop
  endfacet
  facet normal 0 0 1
    outer loop
      vertex 14.2636 23.0983 9
      vertex 12.6022 22.7235 9
      vertex 12.9019 22 9
    endloop
  endfacet
  facet normal 0 0 1
    outer loop
      vertex 14.2 23.5 9
      vertex 12.5 23.5 9
      vertex 12.6022 22.7235 9
    endloop
  endfacet
  facet normal -0.382701 0.923872 0
    outer loop
      vertex 14.7235 26.3978 3
      vertex 14 26.0981 9
      vertex 14.7235 26.3978 9
    endloop
  endfacet
  facet normal -0.382701 0.923872 0
    outer loop
      vertex 14 26.0981 9
      vertex 14.7235 26.3978 3
      vertex 14 26.0981 3
    endloop
  endfacet
  facet normal -0.923872 0.382701 0
    outer loop
      vertex 12.6022 24.2765 3
      vertex 12.9019 25 9
      vertex 12.9019 25 3
    endloop
  endfacet
  facet normal -0.923872 0.382701 0
    outer loop
      vertex 12.9019 25 9
      vertex 12.6022 24.2765 3
      vertex 12.6022 24.2765 9
    endloop
  endfacet
  facet normal 0.793316 -0.608809 0
    outer loop
      vertex 17.6213 21.3787 9
      vertex 18.0981 22 3
      vertex 18.0981 22 9
    endloop
  endfacet
  facet normal 0.793316 -0.608809 0
    outer loop
      vertex 18.0981 22 3
      vertex 17.6213 21.3787 9
      vertex 17.6213 21.3787 3
    endloop
  endfacet
  facet normal -0.608809 -0.793316 0
    outer loop
      vertex 13.3787 21.3787 3
      vertex 14 20.9019 9
      vertex 13.3787 21.3787 9
    endloop
  endfacet
  facet normal -0.608809 -0.793316 -0
    outer loop
      vertex 14 20.9019 9
      vertex 13.3787 21.3787 3
      vertex 14 20.9019 3
    endloop
  endfacet
  facet normal -0.99145 -0.130491 0
    outer loop
      vertex 12.6022 22.7235 3
      vertex 12.5 23.5 9
      vertex 12.5 23.5 3
    endloop
  endfacet
  facet normal -0.99145 -0.130491 0
    outer loop
      vertex 12.5 23.5 9
      vertex 12.6022 22.7235 3
      vertex 12.6022 22.7235 9
    endloop
  endfacet
  facet normal -0.793316 -0.608809 0
    outer loop
      vertex 13.3787 21.3787 3
      vertex 12.9019 22 9
      vertex 12.9019 22 3
    endloop
  endfacet
  facet normal -0.793316 -0.608809 0
    outer loop
      vertex 12.9019 22 9
      vertex 13.3787 21.3787 3
      vertex 13.3787 21.3787 9
    endloop
  endfacet
  facet normal 0.608809 0.793316 -0
    outer loop
      vertex 17.6213 25.6213 3
      vertex 17 26.0981 9
      vertex 17.6213 25.6213 9
    endloop
  endfacet
  facet normal 0.608809 0.793316 0
    outer loop
      vertex 17 26.0981 9
      vertex 17.6213 25.6213 3
      vertex 17 26.0981 3
    endloop
  endfacet
  facet normal 0.130491 0.99145 -0
    outer loop
      vertex 16.2765 26.3978 3
      vertex 15.5 26.5 9
      vertex 16.2765 26.3978 9
    endloop
  endfacet
  facet normal 0.130491 0.99145 0
    outer loop
      vertex 15.5 26.5 9
      vertex 16.2765 26.3978 3
      vertex 15.5 26.5 3
    endloop
  endfacet
  facet normal -0.382701 -0.923872 0
    outer loop
      vertex 14 20.9019 3
      vertex 14.7235 20.6022 9
      vertex 14 20.9019 9
    endloop
  endfacet
  facet normal -0.382701 -0.923872 -0
    outer loop
      vertex 14.7235 20.6022 9
      vertex 14 20.9019 3
      vertex 14.7235 20.6022 3
    endloop
  endfacet
  facet normal 0.793316 0.608809 0
    outer loop
      vertex 18.0981 25 9
      vertex 17.6213 25.6213 3
      vertex 17.6213 25.6213 9
    endloop
  endfacet
  facet normal 0.793316 0.608809 0
    outer loop
      vertex 17.6213 25.6213 3
      vertex 18.0981 25 9
      vertex 18.0981 25 3
    endloop
  endfacet
  facet normal -0.130491 -0.99145 0
    outer loop
      vertex 14.7235 20.6022 3
      vertex 15.5 20.5 9
      vertex 14.7235 20.6022 9
    endloop
  endfacet
  facet normal -0.130491 -0.99145 -0
    outer loop
      vertex 15.5 20.5 9
      vertex 14.7235 20.6022 3
      vertex 15.5 20.5 3
    endloop
  endfacet
  facet normal -0.99145 0.130491 0
    outer loop
      vertex 12.5 23.5 3
      vertex 12.6022 24.2765 9
      vertex 12.6022 24.2765 3
    endloop
  endfacet
  facet normal -0.99145 0.130491 0
    outer loop
      vertex 12.6022 24.2765 9
      vertex 12.5 23.5 3
      vertex 12.5 23.5 9
    endloop
  endfacet
  facet normal 0.130491 -0.99145 0
    outer loop
      vertex 73.5 20.5 3
      vertex 74.2765 20.6022 9
      vertex 73.5 20.5 9
    endloop
  endfacet
  facet normal 0.130491 -0.99145 0
    outer loop
      vertex 74.2765 20.6022 9
      vertex 73.5 20.5 3
      vertex 74.2765 20.6022 3
    endloop
  endfacet
  facet normal 0.923872 0.382701 0
    outer loop
      vertex 76.3978 24.2765 9
      vertex 76.0981 25 3
      vertex 76.0981 25 9
    endloop
  endfacet
  facet normal 0.923872 0.382701 0
    outer loop
      vertex 76.0981 25 3
      vertex 76.3978 24.2765 9
      vertex 76.3978 24.2765 3
    endloop
  endfacet
  facet normal 0.99145 0.130491 0
    outer loop
      vertex 76.5 23.5 9
      vertex 76.3978 24.2765 3
      vertex 76.3978 24.2765 9
    endloop
  endfacet
  facet normal 0.99145 0.130491 0
    outer loop
      vertex 76.3978 24.2765 3
      vertex 76.5 23.5 9
      vertex 76.5 23.5 3
    endloop
  endfacet
  facet normal -0.923872 -0.382701 0
    outer loop
      vertex 70.9019 22 3
      vertex 70.6022 22.7235 9
      vertex 70.6022 22.7235 3
    endloop
  endfacet
  facet normal -0.923872 -0.382701 0
    outer loop
      vertex 70.6022 22.7235 9
      vertex 70.9019 22 3
      vertex 70.9019 22 9
    endloop
  endfacet
  facet normal -0.130491 0.99145 0
    outer loop
      vertex 73.5 26.5 3
      vertex 72.7235 26.3978 9
      vertex 73.5 26.5 9
    endloop
  endfacet
  facet normal -0.130491 0.99145 0
    outer loop
      vertex 72.7235 26.3978 9
      vertex 73.5 26.5 3
      vertex 72.7235 26.3978 3
    endloop
  endfacet
  facet normal -0.793316 0.608809 0
    outer loop
      vertex 70.9019 25 3
      vertex 71.3787 25.6213 9
      vertex 71.3787 25.6213 3
    endloop
  endfacet
  facet normal -0.793316 0.608809 0
    outer loop
      vertex 71.3787 25.6213 9
      vertex 70.9019 25 3
      vertex 70.9019 25 9
    endloop
  endfacet
  facet normal -0.608809 0.793316 0
    outer loop
      vertex 72 26.0981 3
      vertex 71.3787 25.6213 9
      vertex 72 26.0981 9
    endloop
  endfacet
  facet normal -0.608809 0.793316 0
    outer loop
      vertex 71.3787 25.6213 9
      vertex 72 26.0981 3
      vertex 71.3787 25.6213 3
    endloop
  endfacet
  facet normal 0.793316 0.608809 0
    outer loop
      vertex 76.0981 25 9
      vertex 75.6213 25.6213 3
      vertex 75.6213 25.6213 9
    endloop
  endfacet
  facet normal 0.793316 0.608809 0
    outer loop
      vertex 75.6213 25.6213 3
      vertex 76.0981 25 9
      vertex 76.0981 25 3
    endloop
  endfacet
  facet normal 0.923872 -0.382701 0
    outer loop
      vertex 76.0981 22 9
      vertex 76.3978 22.7235 3
      vertex 76.3978 22.7235 9
    endloop
  endfacet
  facet normal 0.923872 -0.382701 0
    outer loop
      vertex 76.3978 22.7235 3
      vertex 76.0981 22 9
      vertex 76.0981 22 3
    endloop
  endfacet
  facet normal 0.608809 -0.793316 0
    outer loop
      vertex 75 20.9019 3
      vertex 75.6213 21.3787 9
      vertex 75 20.9019 9
    endloop
  endfacet
  facet normal 0.608809 -0.793316 0
    outer loop
      vertex 75.6213 21.3787 9
      vertex 75 20.9019 3
      vertex 75.6213 21.3787 3
    endloop
  endfacet
  facet normal 0.382701 0.923872 -0
    outer loop
      vertex 75 26.0981 3
      vertex 74.2765 26.3978 9
      vertex 75 26.0981 9
    endloop
  endfacet
  facet normal 0.382701 0.923872 0
    outer loop
      vertex 74.2765 26.3978 9
      vertex 75 26.0981 3
      vertex 74.2765 26.3978 3
    endloop
  endfacet
  facet normal 0.382701 -0.923872 0
    outer loop
      vertex 74.2765 20.6022 3
      vertex 75 20.9019 9
      vertex 74.2765 20.6022 9
    endloop
  endfacet
  facet normal 0.382701 -0.923872 0
    outer loop
      vertex 75 20.9019 9
      vertex 74.2765 20.6022 3
      vertex 75 20.9019 3
    endloop
  endfacet
  facet normal 0.99145 -0.130491 0
    outer loop
      vertex 76.3978 22.7235 9
      vertex 76.5 23.5 3
      vertex 76.5 23.5 9
    endloop
  endfacet
  facet normal 0.99145 -0.130491 0
    outer loop
      vertex 76.5 23.5 3
      vertex 76.3978 22.7235 9
      vertex 76.3978 22.7235 3
    endloop
  endfacet
  facet normal 0 0 1
    outer loop
      vertex 74.8 23.5 9
      vertex 76.5 23.5 9
      vertex 76.3978 24.2765 9
    endloop
  endfacet
  facet normal 0 0 1
    outer loop
      vertex 74.7364 23.9017 9
      vertex 76.3978 24.2765 9
      vertex 76.0981 25 9
    endloop
  endfacet
  facet normal 0 0 1
    outer loop
      vertex 76.5 23.5 9
      vertex 74.8 23.5 9
      vertex 76.3978 22.7235 9
    endloop
  endfacet
  facet normal 0 0 1
    outer loop
      vertex 74.5517 24.2641 9
      vertex 76.0981 25 9
      vertex 75.6213 25.6213 9
    endloop
  endfacet
  facet normal -0 0 1
    outer loop
      vertex 74.7364 23.0983 9
      vertex 76.3978 22.7235 9
      vertex 74.8 23.5 9
    endloop
  endfacet
  facet normal 0 0 1
    outer loop
      vertex 74.2641 24.5517 9
      vertex 75.6213 25.6213 9
      vertex 75 26.0981 9
    endloop
  endfacet
  facet normal 0 0 1
    outer loop
      vertex 76.3978 22.7235 9
      vertex 74.7364 23.0983 9
      vertex 76.0981 22 9
    endloop
  endfacet
  facet normal -0 0 1
    outer loop
      vertex 74.5517 22.7359 9
      vertex 76.0981 22 9
      vertex 74.7364 23.0983 9
    endloop
  endfacet
  facet normal 0 0 1
    outer loop
      vertex 76.3978 24.2765 9
      vertex 74.7364 23.9017 9
      vertex 74.8 23.5 9
    endloop
  endfacet
  facet normal 0 0 1
    outer loop
      vertex 76.0981 25 9
      vertex 74.5517 24.2641 9
      vertex 74.7364 23.9017 9
    endloop
  endfacet
  facet normal 0 0 1
    outer loop
      vertex 73.9017 24.7364 9
      vertex 75 26.0981 9
      vertex 74.2765 26.3978 9
    endloop
  endfacet
  facet normal 0 0 1
    outer loop
      vertex 75.6213 25.6213 9
      vertex 74.2641 24.5517 9
      vertex 74.5517 24.2641 9
    endloop
  endfacet
  facet normal 0 0 1
    outer loop
      vertex 75 26.0981 9
      vertex 73.9017 24.7364 9
      vertex 74.2641 24.5517 9
    endloop
  endfacet
  facet normal 0 0 1
    outer loop
      vertex 73.5 24.8 9
      vertex 74.2765 26.3978 9
      vertex 73.5 26.5 9
    endloop
  endfacet
  facet normal 0 0 1
    outer loop
      vertex 74.2765 26.3978 9
      vertex 73.5 24.8 9
      vertex 73.9017 24.7364 9
    endloop
  endfacet
  facet normal -0 0 1
    outer loop
      vertex 72.7235 26.3978 9
      vertex 73.5 24.8 9
      vertex 73.5 26.5 9
    endloop
  endfacet
  facet normal 0 0 1
    outer loop
      vertex 73.5 24.8 9
      vertex 72.7235 26.3978 9
      vertex 73.0983 24.7364 9
    endloop
  endfacet
  facet normal -0 0 1
    outer loop
      vertex 72 26.0981 9
      vertex 73.0983 24.7364 9
      vertex 72.7235 26.3978 9
    endloop
  endfacet
  facet normal 0 0 1
    outer loop
      vertex 73.0983 24.7364 9
      vertex 72 26.0981 9
      vertex 72.7359 24.5517 9
    endloop
  endfacet
  facet normal -0 0 1
    outer loop
      vertex 71.3787 25.6213 9
      vertex 72.7359 24.5517 9
      vertex 72 26.0981 9
    endloop
  endfacet
  facet normal -0 0 1
    outer loop
      vertex 70.9019 25 9
      vertex 72.4483 24.2641 9
      vertex 71.3787 25.6213 9
    endloop
  endfacet
  facet normal 0 0 1
    outer loop
      vertex 72.7359 24.5517 9
      vertex 71.3787 25.6213 9
      vertex 72.4483 24.2641 9
    endloop
  endfacet
  facet normal 0 0 1
    outer loop
      vertex 76.0981 22 9
      vertex 74.5517 22.7359 9
      vertex 75.6213 21.3787 9
    endloop
  endfacet
  facet normal -0 0 1
    outer loop
      vertex 74.2641 22.4483 9
      vertex 75.6213 21.3787 9
      vertex 74.5517 22.7359 9
    endloop
  endfacet
  facet normal 0 0 1
    outer loop
      vertex 75.6213 21.3787 9
      vertex 74.2641 22.4483 9
      vertex 75 20.9019 9
    endloop
  endfacet
  facet normal -0 0 1
    outer loop
      vertex 73.9017 22.2636 9
      vertex 75 20.9019 9
      vertex 74.2641 22.4483 9
    endloop
  endfacet
  facet normal 0 0 1
    outer loop
      vertex 75 20.9019 9
      vertex 73.9017 22.2636 9
      vertex 74.2765 20.6022 9
    endloop
  endfacet
  facet normal -0 0 1
    outer loop
      vertex 73.5 22.2 9
      vertex 74.2765 20.6022 9
      vertex 73.9017 22.2636 9
    endloop
  endfacet
  facet normal 0 0 1
    outer loop
      vertex 73.5 22.2 9
      vertex 73.5 20.5 9
      vertex 74.2765 20.6022 9
    endloop
  endfacet
  facet normal 0 0 1
    outer loop
      vertex 72.7235 20.6022 9
      vertex 73.5 22.2 9
      vertex 73.0983 22.2636 9
    endloop
  endfacet
  facet normal 0 0 1
    outer loop
      vertex 72 20.9019 9
      vertex 73.0983 22.2636 9
      vertex 72.7359 22.4483 9
    endloop
  endfacet
  facet normal 0 0 1
    outer loop
      vertex 73.5 22.2 9
      vertex 72.7235 20.6022 9
      vertex 73.5 20.5 9
    endloop
  endfacet
  facet normal 0 0 1
    outer loop
      vertex 71.3787 21.3787 9
      vertex 72.7359 22.4483 9
      vertex 72.4483 22.7359 9
    endloop
  endfacet
  facet normal 0 0 1
    outer loop
      vertex 70.9019 22 9
      vertex 72.4483 22.7359 9
      vertex 72.2636 23.0983 9
    endloop
  endfacet
  facet normal 0 0 1
    outer loop
      vertex 73.0983 22.2636 9
      vertex 72 20.9019 9
      vertex 72.7235 20.6022 9
    endloop
  endfacet
  facet normal 0 0 1
    outer loop
      vertex 70.6022 22.7235 9
      vertex 72.2636 23.0983 9
      vertex 72.2 23.5 9
    endloop
  endfacet
  facet normal 0 0 1
    outer loop
      vertex 72.4483 24.2641 9
      vertex 70.9019 25 9
      vertex 72.2636 23.9017 9
    endloop
  endfacet
  facet normal -0 0 1
    outer loop
      vertex 70.6022 24.2765 9
      vertex 72.2636 23.9017 9
      vertex 70.9019 25 9
    endloop
  endfacet
  facet normal 0 0 1
    outer loop
      vertex 72.7359 22.4483 9
      vertex 71.3787 21.3787 9
      vertex 72 20.9019 9
    endloop
  endfacet
  facet normal 0 0 1
    outer loop
      vertex 72.2636 23.9017 9
      vertex 70.6022 24.2765 9
      vertex 72.2 23.5 9
    endloop
  endfacet
  facet normal 0 0 1
    outer loop
      vertex 72.4483 22.7359 9
      vertex 70.9019 22 9
      vertex 71.3787 21.3787 9
    endloop
  endfacet
  facet normal 0 0 1
    outer loop
      vertex 70.5 23.5 9
      vertex 72.2 23.5 9
      vertex 70.6022 24.2765 9
    endloop
  endfacet
  facet normal 0 0 1
    outer loop
      vertex 72.2636 23.0983 9
      vertex 70.6022 22.7235 9
      vertex 70.9019 22 9
    endloop
  endfacet
  facet normal 0 0 1
    outer loop
      vertex 72.2 23.5 9
      vertex 70.5 23.5 9
      vertex 70.6022 22.7235 9
    endloop
  endfacet
  facet normal -0.382701 0.923872 0
    outer loop
      vertex 72.7235 26.3978 3
      vertex 72 26.0981 9
      vertex 72.7235 26.3978 9
    endloop
  endfacet
  facet normal -0.382701 0.923872 0
    outer loop
      vertex 72 26.0981 9
      vertex 72.7235 26.3978 3
      vertex 72 26.0981 3
    endloop
  endfacet
  facet normal -0.923872 0.382701 0
    outer loop
      vertex 70.6022 24.2765 3
      vertex 70.9019 25 9
      vertex 70.9019 25 3
    endloop
  endfacet
  facet normal -0.923872 0.382701 0
    outer loop
      vertex 70.9019 25 9
      vertex 70.6022 24.2765 3
      vertex 70.6022 24.2765 9
    endloop
  endfacet
  facet normal 0.793316 -0.608809 0
    outer loop
      vertex 75.6213 21.3787 9
      vertex 76.0981 22 3
      vertex 76.0981 22 9
    endloop
  endfacet
  facet normal 0.793316 -0.608809 0
    outer loop
      vertex 76.0981 22 3
      vertex 75.6213 21.3787 9
      vertex 75.6213 21.3787 3
    endloop
  endfacet
  facet normal -0.608809 -0.793316 0
    outer loop
      vertex 71.3787 21.3787 3
      vertex 72 20.9019 9
      vertex 71.3787 21.3787 9
    endloop
  endfacet
  facet normal -0.608809 -0.793316 -0
    outer loop
      vertex 72 20.9019 9
      vertex 71.3787 21.3787 3
      vertex 72 20.9019 3
    endloop
  endfacet
  facet normal -0.99145 -0.130491 0
    outer loop
      vertex 70.6022 22.7235 3
      vertex 70.5 23.5 9
      vertex 70.5 23.5 3
    endloop
  endfacet
  facet normal -0.99145 -0.130491 0
    outer loop
      vertex 70.5 23.5 9
      vertex 70.6022 22.7235 3
      vertex 70.6022 22.7235 9
    endloop
  endfacet
  facet normal -0.793316 -0.608809 0
    outer loop
      vertex 71.3787 21.3787 3
      vertex 70.9019 22 9
      vertex 70.9019 22 3
    endloop
  endfacet
  facet normal -0.793316 -0.608809 0
    outer loop
      vertex 70.9019 22 9
      vertex 71.3787 21.3787 3
      vertex 71.3787 21.3787 9
    endloop
  endfacet
  facet normal 0.608809 0.793316 -0
    outer loop
      vertex 75.6213 25.6213 3
      vertex 75 26.0981 9
      vertex 75.6213 25.6213 9
    endloop
  endfacet
  facet normal 0.608809 0.793316 0
    outer loop
      vertex 75 26.0981 9
      vertex 75.6213 25.6213 3
      vertex 75 26.0981 3
    endloop
  endfacet
  facet normal 0.130491 0.99145 -0
    outer loop
      vertex 74.2765 26.3978 3
      vertex 73.5 26.5 9
      vertex 74.2765 26.3978 9
    endloop
  endfacet
  facet normal 0.130491 0.99145 0
    outer loop
      vertex 73.5 26.5 9
      vertex 74.2765 26.3978 3
      vertex 73.5 26.5 3
    endloop
  endfacet
  facet normal -0.382701 -0.923872 0
    outer loop
      vertex 72 20.9019 3
      vertex 72.7235 20.6022 9
      vertex 72 20.9019 9
    endloop
  endfacet
  facet normal -0.382701 -0.923872 -0
    outer loop
      vertex 72.7235 20.6022 9
      vertex 72 20.9019 3
      vertex 72.7235 20.6022 3
    endloop
  endfacet
  facet normal -0.130491 -0.99145 0
    outer loop
      vertex 72.7235 20.6022 3
      vertex 73.5 20.5 9
      vertex 72.7235 20.6022 9
    endloop
  endfacet
  facet normal -0.130491 -0.99145 -0
    outer loop
      vertex 73.5 20.5 9
      vertex 72.7235 20.6022 3
      vertex 73.5 20.5 3
    endloop
  endfacet
  facet normal -0.99145 0.130491 0
    outer loop
      vertex 70.5 23.5 3
      vertex 70.6022 24.2765 9
      vertex 70.6022 24.2765 3
    endloop
  endfacet
  facet normal -0.99145 0.130491 0
    outer loop
      vertex 70.6022 24.2765 9
      vertex 70.5 23.5 3
      vertex 70.5 23.5 9
    endloop
  endfacet
  facet normal 0.130491 -0.99145 0
    outer loop
      vertex 15.5 69.5 3
      vertex 16.2765 69.6022 9
      vertex 15.5 69.5 9
    endloop
  endfacet
  facet normal 0.130491 -0.99145 0
    outer loop
      vertex 16.2765 69.6022 9
      vertex 15.5 69.5 3
      vertex 16.2765 69.6022 3
    endloop
  endfacet
  facet normal 0.923872 0.382701 0
    outer loop
      vertex 18.3978 73.2765 9
      vertex 18.0981 74 3
      vertex 18.0981 74 9
    endloop
  endfacet
  facet normal 0.923872 0.382701 0
    outer loop
      vertex 18.0981 74 3
      vertex 18.3978 73.2765 9
      vertex 18.3978 73.2765 3
    endloop
  endfacet
  facet normal 0.99145 0.130491 0
    outer loop
      vertex 18.5 72.5 9
      vertex 18.3978 73.2765 3
      vertex 18.3978 73.2765 9
    endloop
  endfacet
  facet normal 0.99145 0.130491 0
    outer loop
      vertex 18.3978 73.2765 3
      vertex 18.5 72.5 9
      vertex 18.5 72.5 3
    endloop
  endfacet
  facet normal -0.923872 -0.382701 0
    outer loop
      vertex 12.9019 71 3
      vertex 12.6022 71.7235 9
      vertex 12.6022 71.7235 3
    endloop
  endfacet
  facet normal -0.923872 -0.382701 0
    outer loop
      vertex 12.6022 71.7235 9
      vertex 12.9019 71 3
      vertex 12.9019 71 9
    endloop
  endfacet
  facet normal -0.130491 0.99145 0
    outer loop
      vertex 15.5 75.5 3
      vertex 14.7235 75.3978 9
      vertex 15.5 75.5 9
    endloop
  endfacet
  facet normal -0.130491 0.99145 0
    outer loop
      vertex 14.7235 75.3978 9
      vertex 15.5 75.5 3
      vertex 14.7235 75.3978 3
    endloop
  endfacet
  facet normal -0.793316 0.608809 0
    outer loop
      vertex 12.9019 74 3
      vertex 13.3787 74.6213 9
      vertex 13.3787 74.6213 3
    endloop
  endfacet
  facet normal -0.793316 0.608809 0
    outer loop
      vertex 13.3787 74.6213 9
      vertex 12.9019 74 3
      vertex 12.9019 74 9
    endloop
  endfacet
  facet normal -0.608809 0.793316 0
    outer loop
      vertex 14 75.0981 3
      vertex 13.3787 74.6213 9
      vertex 14 75.0981 9
    endloop
  endfacet
  facet normal -0.608809 0.793316 0
    outer loop
      vertex 13.3787 74.6213 9
      vertex 14 75.0981 3
      vertex 13.3787 74.6213 3
    endloop
  endfacet
  facet normal 0.793316 0.608809 0
    outer loop
      vertex 18.0981 74 9
      vertex 17.6213 74.6213 3
      vertex 17.6213 74.6213 9
    endloop
  endfacet
  facet normal 0.793316 0.608809 0
    outer loop
      vertex 17.6213 74.6213 3
      vertex 18.0981 74 9
      vertex 18.0981 74 3
    endloop
  endfacet
  facet normal 0.923872 -0.382701 0
    outer loop
      vertex 18.0981 71 9
      vertex 18.3978 71.7235 3
      vertex 18.3978 71.7235 9
    endloop
  endfacet
  facet normal 0.923872 -0.382701 0
    outer loop
      vertex 18.3978 71.7235 3
      vertex 18.0981 71 9
      vertex 18.0981 71 3
    endloop
  endfacet
  facet normal 0.608809 -0.793316 0
    outer loop
      vertex 17 69.9019 3
      vertex 17.6213 70.3787 9
      vertex 17 69.9019 9
    endloop
  endfacet
  facet normal 0.608809 -0.793316 0
    outer loop
      vertex 17.6213 70.3787 9
      vertex 17 69.9019 3
      vertex 17.6213 70.3787 3
    endloop
  endfacet
  facet normal 0.382701 0.923872 -0
    outer loop
      vertex 17 75.0981 3
      vertex 16.2765 75.3978 9
      vertex 17 75.0981 9
    endloop
  endfacet
  facet normal 0.382701 0.923872 0
    outer loop
      vertex 16.2765 75.3978 9
      vertex 17 75.0981 3
      vertex 16.2765 75.3978 3
    endloop
  endfacet
  facet normal 0.382701 -0.923872 0
    outer loop
      vertex 16.2765 69.6022 3
      vertex 17 69.9019 9
      vertex 16.2765 69.6022 9
    endloop
  endfacet
  facet normal 0.382701 -0.923872 0
    outer loop
      vertex 17 69.9019 9
      vertex 16.2765 69.6022 3
      vertex 17 69.9019 3
    endloop
  endfacet
  facet normal 0.99145 -0.130491 0
    outer loop
      vertex 18.3978 71.7235 9
      vertex 18.5 72.5 3
      vertex 18.5 72.5 9
    endloop
  endfacet
  facet normal 0.99145 -0.130491 0
    outer loop
      vertex 18.5 72.5 3
      vertex 18.3978 71.7235 9
      vertex 18.3978 71.7235 3
    endloop
  endfacet
  facet normal 0 0 1
    outer loop
      vertex 16.8 72.5 9
      vertex 18.5 72.5 9
      vertex 18.3978 73.2765 9
    endloop
  endfacet
  facet normal 0 0 1
    outer loop
      vertex 16.7364 72.9017 9
      vertex 18.3978 73.2765 9
      vertex 18.0981 74 9
    endloop
  endfacet
  facet normal 0 0 1
    outer loop
      vertex 18.5 72.5 9
      vertex 16.8 72.5 9
      vertex 18.3978 71.7235 9
    endloop
  endfacet
  facet normal 0 0 1
    outer loop
      vertex 16.5517 73.2641 9
      vertex 18.0981 74 9
      vertex 17.6213 74.6213 9
    endloop
  endfacet
  facet normal -0 0 1
    outer loop
      vertex 16.7364 72.0983 9
      vertex 18.3978 71.7235 9
      vertex 16.8 72.5 9
    endloop
  endfacet
  facet normal 0 0 1
    outer loop
      vertex 16.2641 73.5517 9
      vertex 17.6213 74.6213 9
      vertex 17 75.0981 9
    endloop
  endfacet
  facet normal 0 0 1
    outer loop
      vertex 18.3978 71.7235 9
      vertex 16.7364 72.0983 9
      vertex 18.0981 71 9
    endloop
  endfacet
  facet normal -0 0 1
    outer loop
      vertex 16.5517 71.7359 9
      vertex 18.0981 71 9
      vertex 16.7364 72.0983 9
    endloop
  endfacet
  facet normal 0 0 1
    outer loop
      vertex 18.3978 73.2765 9
      vertex 16.7364 72.9017 9
      vertex 16.8 72.5 9
    endloop
  endfacet
  facet normal 0 0 1
    outer loop
      vertex 18.0981 74 9
      vertex 16.5517 73.2641 9
      vertex 16.7364 72.9017 9
    endloop
  endfacet
  facet normal 0 0 1
    outer loop
      vertex 15.9017 73.7364 9
      vertex 17 75.0981 9
      vertex 16.2765 75.3978 9
    endloop
  endfacet
  facet normal 0 0 1
    outer loop
      vertex 17.6213 74.6213 9
      vertex 16.2641 73.5517 9
      vertex 16.5517 73.2641 9
    endloop
  endfacet
  facet normal 0 0 1
    outer loop
      vertex 17 75.0981 9
      vertex 15.9017 73.7364 9
      vertex 16.2641 73.5517 9
    endloop
  endfacet
  facet normal 0 0 1
    outer loop
      vertex 15.5 73.8 9
      vertex 16.2765 75.3978 9
      vertex 15.5 75.5 9
    endloop
  endfacet
  facet normal 0 0 1
    outer loop
      vertex 16.2765 75.3978 9
      vertex 15.5 73.8 9
      vertex 15.9017 73.7364 9
    endloop
  endfacet
  facet normal -0 0 1
    outer loop
      vertex 14.7235 75.3978 9
      vertex 15.5 73.8 9
      vertex 15.5 75.5 9
    endloop
  endfacet
  facet normal 0 0 1
    outer loop
      vertex 15.5 73.8 9
      vertex 14.7235 75.3978 9
      vertex 15.0983 73.7364 9
    endloop
  endfacet
  facet normal -0 0 1
    outer loop
      vertex 14 75.0981 9
      vertex 15.0983 73.7364 9
      vertex 14.7235 75.3978 9
    endloop
  endfacet
  facet normal 0 0 1
    outer loop
      vertex 15.0983 73.7364 9
      vertex 14 75.0981 9
      vertex 14.7359 73.5517 9
    endloop
  endfacet
  facet normal -0 0 1
    outer loop
      vertex 13.3787 74.6213 9
      vertex 14.7359 73.5517 9
      vertex 14 75.0981 9
    endloop
  endfacet
  facet normal -0 0 1
    outer loop
      vertex 12.9019 74 9
      vertex 14.4483 73.2641 9
      vertex 13.3787 74.6213 9
    endloop
  endfacet
  facet normal 0 0 1
    outer loop
      vertex 14.7359 73.5517 9
      vertex 13.3787 74.6213 9
      vertex 14.4483 73.2641 9
    endloop
  endfacet
  facet normal 0 0 1
    outer loop
      vertex 18.0981 71 9
      vertex 16.5517 71.7359 9
      vertex 17.6213 70.3787 9
    endloop
  endfacet
  facet normal -0 0 1
    outer loop
      vertex 16.2641 71.4483 9
      vertex 17.6213 70.3787 9
      vertex 16.5517 71.7359 9
    endloop
  endfacet
  facet normal 0 0 1
    outer loop
      vertex 17.6213 70.3787 9
      vertex 16.2641 71.4483 9
      vertex 17 69.9019 9
    endloop
  endfacet
  facet normal -0 0 1
    outer loop
      vertex 15.9017 71.2636 9
      vertex 17 69.9019 9
      vertex 16.2641 71.4483 9
    endloop
  endfacet
  facet normal 0 0 1
    outer loop
      vertex 17 69.9019 9
      vertex 15.9017 71.2636 9
      vertex 16.2765 69.6022 9
    endloop
  endfacet
  facet normal -0 0 1
    outer loop
      vertex 15.5 71.2 9
      vertex 16.2765 69.6022 9
      vertex 15.9017 71.2636 9
    endloop
  endfacet
  facet normal 0 0 1
    outer loop
      vertex 15.5 71.2 9
      vertex 15.5 69.5 9
      vertex 16.2765 69.6022 9
    endloop
  endfacet
  facet normal 0 0 1
    outer loop
      vertex 14.7235 69.6022 9
      vertex 15.5 71.2 9
      vertex 15.0983 71.2636 9
    endloop
  endfacet
  facet normal 0 0 1
    outer loop
      vertex 14 69.9019 9
      vertex 15.0983 71.2636 9
      vertex 14.7359 71.4483 9
    endloop
  endfacet
  facet normal 0 0 1
    outer loop
      vertex 15.5 71.2 9
      vertex 14.7235 69.6022 9
      vertex 15.5 69.5 9
    endloop
  endfacet
  facet normal 0 0 1
    outer loop
      vertex 13.3787 70.3787 9
      vertex 14.7359 71.4483 9
      vertex 14.4483 71.7359 9
    endloop
  endfacet
  facet normal 0 0 1
    outer loop
      vertex 12.9019 71 9
      vertex 14.4483 71.7359 9
      vertex 14.2636 72.0983 9
    endloop
  endfacet
  facet normal 0 0 1
    outer loop
      vertex 15.0983 71.2636 9
      vertex 14 69.9019 9
      vertex 14.7235 69.6022 9
    endloop
  endfacet
  facet normal 0 0 1
    outer loop
      vertex 12.6022 71.7235 9
      vertex 14.2636 72.0983 9
      vertex 14.2 72.5 9
    endloop
  endfacet
  facet normal 0 0 1
    outer loop
      vertex 14.4483 73.2641 9
      vertex 12.9019 74 9
      vertex 14.2636 72.9017 9
    endloop
  endfacet
  facet normal -0 0 1
    outer loop
      vertex 12.6022 73.2765 9
      vertex 14.2636 72.9017 9
      vertex 12.9019 74 9
    endloop
  endfacet
  facet normal 0 0 1
    outer loop
      vertex 14.7359 71.4483 9
      vertex 13.3787 70.3787 9
      vertex 14 69.9019 9
    endloop
  endfacet
  facet normal 0 0 1
    outer loop
      vertex 14.2636 72.9017 9
      vertex 12.6022 73.2765 9
      vertex 14.2 72.5 9
    endloop
  endfacet
  facet normal 0 0 1
    outer loop
      vertex 14.4483 71.7359 9
      vertex 12.9019 71 9
      vertex 13.3787 70.3787 9
    endloop
  endfacet
  facet normal 0 0 1
    outer loop
      vertex 12.5 72.5 9
      vertex 14.2 72.5 9
      vertex 12.6022 73.2765 9
    endloop
  endfacet
  facet normal 0 0 1
    outer loop
      vertex 14.2636 72.0983 9
      vertex 12.6022 71.7235 9
      vertex 12.9019 71 9
    endloop
  endfacet
  facet normal 0 0 1
    outer loop
      vertex 14.2 72.5 9
      vertex 12.5 72.5 9
      vertex 12.6022 71.7235 9
    endloop
  endfacet
  facet normal -0.382701 0.923872 0
    outer loop
      vertex 14.7235 75.3978 3
      vertex 14 75.0981 9
      vertex 14.7235 75.3978 9
    endloop
  endfacet
  facet normal -0.382701 0.923872 0
    outer loop
      vertex 14 75.0981 9
      vertex 14.7235 75.3978 3
      vertex 14 75.0981 3
    endloop
  endfacet
  facet normal -0.923872 0.382701 0
    outer loop
      vertex 12.6022 73.2765 3
      vertex 12.9019 74 9
      vertex 12.9019 74 3
    endloop
  endfacet
  facet normal -0.923872 0.382701 0
    outer loop
      vertex 12.9019 74 9
      vertex 12.6022 73.2765 3
      vertex 12.6022 73.2765 9
    endloop
  endfacet
  facet normal 0.793316 -0.608809 0
    outer loop
      vertex 17.6213 70.3787 9
      vertex 18.0981 71 3
      vertex 18.0981 71 9
    endloop
  endfacet
  facet normal 0.793316 -0.608809 0
    outer loop
      vertex 18.0981 71 3
      vertex 17.6213 70.3787 9
      vertex 17.6213 70.3787 3
    endloop
  endfacet
  facet normal -0.608809 -0.793316 0
    outer loop
      vertex 13.3787 70.3787 3
      vertex 14 69.9019 9
      vertex 13.3787 70.3787 9
    endloop
  endfacet
  facet normal -0.608809 -0.793316 -0
    outer loop
      vertex 14 69.9019 9
      vertex 13.3787 70.3787 3
      vertex 14 69.9019 3
    endloop
  endfacet
  facet normal -0.99145 -0.130491 0
    outer loop
      vertex 12.6022 71.7235 3
      vertex 12.5 72.5 9
      vertex 12.5 72.5 3
    endloop
  endfacet
  facet normal -0.99145 -0.130491 0
    outer loop
      vertex 12.5 72.5 9
      vertex 12.6022 71.7235 3
      vertex 12.6022 71.7235 9
    endloop
  endfacet
  facet normal -0.793316 -0.608809 0
    outer loop
      vertex 13.3787 70.3787 3
      vertex 12.9019 71 9
      vertex 12.9019 71 3
    endloop
  endfacet
  facet normal -0.793316 -0.608809 0
    outer loop
      vertex 12.9019 71 9
      vertex 13.3787 70.3787 3
      vertex 13.3787 70.3787 9
    endloop
  endfacet
  facet normal 0.608809 0.793316 -0
    outer loop
      vertex 17.6213 74.6213 3
      vertex 17 75.0981 9
      vertex 17.6213 74.6213 9
    endloop
  endfacet
  facet normal 0.608809 0.793316 0
    outer loop
      vertex 17 75.0981 9
      vertex 17.6213 74.6213 3
      vertex 17 75.0981 3
    endloop
  endfacet
  facet normal 0.130491 0.99145 -0
    outer loop
      vertex 16.2765 75.3978 3
      vertex 15.5 75.5 9
      vertex 16.2765 75.3978 9
    endloop
  endfacet
  facet normal 0.130491 0.99145 0
    outer loop
      vertex 15.5 75.5 9
      vertex 16.2765 75.3978 3
      vertex 15.5 75.5 3
    endloop
  endfacet
  facet normal -0.382701 -0.923872 0
    outer loop
      vertex 14 69.9019 3
      vertex 14.7235 69.6022 9
      vertex 14 69.9019 9
    endloop
  endfacet
  facet normal -0.382701 -0.923872 -0
    outer loop
      vertex 14.7235 69.6022 9
      vertex 14 69.9019 3
      vertex 14.7235 69.6022 3
    endloop
  endfacet
  facet normal -0.130491 -0.99145 0
    outer loop
      vertex 14.7235 69.6022 3
      vertex 15.5 69.5 9
      vertex 14.7235 69.6022 9
    endloop
  endfacet
  facet normal -0.130491 -0.99145 -0
    outer loop
      vertex 15.5 69.5 9
      vertex 14.7235 69.6022 3
      vertex 15.5 69.5 3
    endloop
  endfacet
  facet normal -0.99145 0.130491 0
    outer loop
      vertex 12.5 72.5 3
      vertex 12.6022 73.2765 9
      vertex 12.6022 73.2765 3
    endloop
  endfacet
  facet normal -0.99145 0.130491 0
    outer loop
      vertex 12.6022 73.2765 9
      vertex 12.5 72.5 3
      vertex 12.5 72.5 9
    endloop
  endfacet
  facet normal 0.130491 -0.99145 0
    outer loop
      vertex 73.5 69.5 4
      vertex 74.2765 69.6022 9
      vertex 73.5 69.5 9
    endloop
  endfacet
  facet normal 0.130491 -0.99145 0
    outer loop
      vertex 74.2765 69.6022 9
      vertex 73.5 69.5 4
      vertex 74.2765 69.6022 4
    endloop
  endfacet
  facet normal 0.923872 0.382701 0
    outer loop
      vertex 76.3978 73.2765 9
      vertex 76.0981 74 3
      vertex 76.0981 74 9
    endloop
  endfacet
  facet normal 0.923872 0.382701 0
    outer loop
      vertex 76.0981 74 3
      vertex 76.3978 73.2765 9
      vertex 76.3978 73.2765 3
    endloop
  endfacet
  facet normal 0.99145 0.130491 0
    outer loop
      vertex 76.5 72.5 9
      vertex 76.3978 73.2765 3
      vertex 76.3978 73.2765 9
    endloop
  endfacet
  facet normal 0.99145 0.130491 0
    outer loop
      vertex 76.3978 73.2765 3
      vertex 76.5 72.5 9
      vertex 76.5 72.5 3
    endloop
  endfacet
  facet normal -0.923872 -0.382701 0
    outer loop
      vertex 70.9019 71 3
      vertex 70.6022 71.7235 9
      vertex 70.6022 71.7235 3
    endloop
  endfacet
  facet normal -0.923872 -0.382701 0
    outer loop
      vertex 70.6022 71.7235 9
      vertex 70.9019 71 3
      vertex 70.9019 71 9
    endloop
  endfacet
  facet normal -0.130491 0.99145 0
    outer loop
      vertex 73.5 75.5 3
      vertex 72.7235 75.3978 9
      vertex 73.5 75.5 9
    endloop
  endfacet
  facet normal -0.130491 0.99145 0
    outer loop
      vertex 72.7235 75.3978 9
      vertex 73.5 75.5 3
      vertex 72.7235 75.3978 3
    endloop
  endfacet
  facet normal -0.793316 0.608809 0
    outer loop
      vertex 70.9019 74 3
      vertex 71.3787 74.6213 9
      vertex 71.3787 74.6213 3
    endloop
  endfacet
  facet normal -0.793316 0.608809 0
    outer loop
      vertex 71.3787 74.6213 9
      vertex 70.9019 74 3
      vertex 70.9019 74 9
    endloop
  endfacet
  facet normal -0.608809 0.793316 0
    outer loop
      vertex 72 75.0981 3
      vertex 71.3787 74.6213 9
      vertex 72 75.0981 9
    endloop
  endfacet
  facet normal -0.608809 0.793316 0
    outer loop
      vertex 71.3787 74.6213 9
      vertex 72 75.0981 3
      vertex 71.3787 74.6213 3
    endloop
  endfacet
  facet normal 0.793316 0.608809 0
    outer loop
      vertex 76.0981 74 9
      vertex 75.6213 74.6213 3
      vertex 75.6213 74.6213 9
    endloop
  endfacet
  facet normal 0.793316 0.608809 0
    outer loop
      vertex 75.6213 74.6213 3
      vertex 76.0981 74 9
      vertex 76.0981 74 3
    endloop
  endfacet
  facet normal 0.923872 -0.382701 0
    outer loop
      vertex 76.0981 71 9
      vertex 76.3978 71.7235 3
      vertex 76.3978 71.7235 9
    endloop
  endfacet
  facet normal 0.923872 -0.382701 0
    outer loop
      vertex 76.3978 71.7235 3
      vertex 76.0981 71 9
      vertex 76.0981 71 3
    endloop
  endfacet
  facet normal 0.608901 -0.793247 0
    outer loop
      vertex 75.1278 70 4
      vertex 75 69.9019 9
      vertex 75 69.9019 4
    endloop
  endfacet
  facet normal 0.608809 -0.793316 -3.70036e-06
    outer loop
      vertex 75 69.9019 9
      vertex 75.1278 70 4
      vertex 75.6213 70.3787 9
    endloop
  endfacet
  facet normal 0.608786 -0.793335 0
    outer loop
      vertex 75.6213 70.3787 3
      vertex 75.1278 70 4
      vertex 75.1278 70 3
    endloop
  endfacet
  facet normal 0.608786 -0.793335 0
    outer loop
      vertex 75.1278 70 4
      vertex 75.6213 70.3787 3
      vertex 75.6213 70.3787 9
    endloop
  endfacet
  facet normal 0.382701 0.923872 -0
    outer loop
      vertex 75 75.0981 3
      vertex 74.2765 75.3978 9
      vertex 75 75.0981 9
    endloop
  endfacet
  facet normal 0.382701 0.923872 0
    outer loop
      vertex 74.2765 75.3978 9
      vertex 75 75.0981 3
      vertex 74.2765 75.3978 3
    endloop
  endfacet
  facet normal 0.382701 -0.923872 0
    outer loop
      vertex 74.2765 69.6022 4
      vertex 75 69.9019 9
      vertex 74.2765 69.6022 9
    endloop
  endfacet
  facet normal 0.382701 -0.923872 0
    outer loop
      vertex 75 69.9019 9
      vertex 74.2765 69.6022 4
      vertex 75 69.9019 4
    endloop
  endfacet
  facet normal 0.99145 -0.130491 0
    outer loop
      vertex 76.3978 71.7235 9
      vertex 76.5 72.5 3
      vertex 76.5 72.5 9
    endloop
  endfacet
  facet normal 0.99145 -0.130491 0
    outer loop
      vertex 76.5 72.5 3
      vertex 76.3978 71.7235 9
      vertex 76.3978 71.7235 3
    endloop
  endfacet
  facet normal 0 0 1
    outer loop
      vertex 74.8 72.5 9
      vertex 76.5 72.5 9
      vertex 76.3978 73.2765 9
    endloop
  endfacet
  facet normal 0 0 1
    outer loop
      vertex 74.7364 72.9017 9
      vertex 76.3978 73.2765 9
      vertex 76.0981 74 9
    endloop
  endfacet
  facet normal 0 0 1
    outer loop
      vertex 76.5 72.5 9
      vertex 74.8 72.5 9
      vertex 76.3978 71.7235 9
    endloop
  endfacet
  facet normal 0 0 1
    outer loop
      vertex 74.5517 73.2641 9
      vertex 76.0981 74 9
      vertex 75.6213 74.6213 9
    endloop
  endfacet
  facet normal -0 0 1
    outer loop
      vertex 74.7364 72.0983 9
      vertex 76.3978 71.7235 9
      vertex 74.8 72.5 9
    endloop
  endfacet
  facet normal 0 0 1
    outer loop
      vertex 74.2641 73.5517 9
      vertex 75.6213 74.6213 9
      vertex 75 75.0981 9
    endloop
  endfacet
  facet normal 0 0 1
    outer loop
      vertex 76.3978 71.7235 9
      vertex 74.7364 72.0983 9
      vertex 76.0981 71 9
    endloop
  endfacet
  facet normal -0 0 1
    outer loop
      vertex 74.5517 71.7359 9
      vertex 76.0981 71 9
      vertex 74.7364 72.0983 9
    endloop
  endfacet
  facet normal 0 0 1
    outer loop
      vertex 76.3978 73.2765 9
      vertex 74.7364 72.9017 9
      vertex 74.8 72.5 9
    endloop
  endfacet
  facet normal 0 0 1
    outer loop
      vertex 76.0981 74 9
      vertex 74.5517 73.2641 9
      vertex 74.7364 72.9017 9
    endloop
  endfacet
  facet normal 0 0 1
    outer loop
      vertex 73.9017 73.7364 9
      vertex 75 75.0981 9
      vertex 74.2765 75.3978 9
    endloop
  endfacet
  facet normal 0 0 1
    outer loop
      vertex 75.6213 74.6213 9
      vertex 74.2641 73.5517 9
      vertex 74.5517 73.2641 9
    endloop
  endfacet
  facet normal 0 0 1
    outer loop
      vertex 75 75.0981 9
      vertex 73.9017 73.7364 9
      vertex 74.2641 73.5517 9
    endloop
  endfacet
  facet normal 0 0 1
    outer loop
      vertex 73.5 73.8 9
      vertex 74.2765 75.3978 9
      vertex 73.5 75.5 9
    endloop
  endfacet
  facet normal 0 0 1
    outer loop
      vertex 74.2765 75.3978 9
      vertex 73.5 73.8 9
      vertex 73.9017 73.7364 9
    endloop
  endfacet
  facet normal -0 0 1
    outer loop
      vertex 72.7235 75.3978 9
      vertex 73.5 73.8 9
      vertex 73.5 75.5 9
    endloop
  endfacet
  facet normal 0 0 1
    outer loop
      vertex 73.5 73.8 9
      vertex 72.7235 75.3978 9
      vertex 73.0983 73.7364 9
    endloop
  endfacet
  facet normal -0 0 1
    outer loop
      vertex 72 75.0981 9
      vertex 73.0983 73.7364 9
      vertex 72.7235 75.3978 9
    endloop
  endfacet
  facet normal 0 0 1
    outer loop
      vertex 73.0983 73.7364 9
      vertex 72 75.0981 9
      vertex 72.7359 73.5517 9
    endloop
  endfacet
  facet normal -0 0 1
    outer loop
      vertex 71.3787 74.6213 9
      vertex 72.7359 73.5517 9
      vertex 72 75.0981 9
    endloop
  endfacet
  facet normal -0 0 1
    outer loop
      vertex 70.9019 74 9
      vertex 72.4483 73.2641 9
      vertex 71.3787 74.6213 9
    endloop
  endfacet
  facet normal 0 0 1
    outer loop
      vertex 72.7359 73.5517 9
      vertex 71.3787 74.6213 9
      vertex 72.4483 73.2641 9
    endloop
  endfacet
  facet normal 0 0 1
    outer loop
      vertex 76.0981 71 9
      vertex 74.5517 71.7359 9
      vertex 75.6213 70.3787 9
    endloop
  endfacet
  facet normal -0 0 1
    outer loop
      vertex 74.2641 71.4483 9
      vertex 75.6213 70.3787 9
      vertex 74.5517 71.7359 9
    endloop
  endfacet
  facet normal 0 0 1
    outer loop
      vertex 75.6213 70.3787 9
      vertex 74.2641 71.4483 9
      vertex 75 69.9019 9
    endloop
  endfacet
  facet normal -0 0 1
    outer loop
      vertex 73.9017 71.2636 9
      vertex 75 69.9019 9
      vertex 74.2641 71.4483 9
    endloop
  endfacet
  facet normal 0 0 1
    outer loop
      vertex 75 69.9019 9
      vertex 73.9017 71.2636 9
      vertex 74.2765 69.6022 9
    endloop
  endfacet
  facet normal -0 0 1
    outer loop
      vertex 73.5 71.2 9
      vertex 74.2765 69.6022 9
      vertex 73.9017 71.2636 9
    endloop
  endfacet
  facet normal 0 0 1
    outer loop
      vertex 73.5 71.2 9
      vertex 73.5 69.5 9
      vertex 74.2765 69.6022 9
    endloop
  endfacet
  facet normal 0 0 1
    outer loop
      vertex 72.7235 69.6022 9
      vertex 73.5 71.2 9
      vertex 73.0983 71.2636 9
    endloop
  endfacet
  facet normal 0 0 1
    outer loop
      vertex 72 69.9019 9
      vertex 73.0983 71.2636 9
      vertex 72.7359 71.4483 9
    endloop
  endfacet
  facet normal 0 0 1
    outer loop
      vertex 73.5 71.2 9
      vertex 72.7235 69.6022 9
      vertex 73.5 69.5 9
    endloop
  endfacet
  facet normal 0 0 1
    outer loop
      vertex 71.3787 70.3787 9
      vertex 72.7359 71.4483 9
      vertex 72.4483 71.7359 9
    endloop
  endfacet
  facet normal 0 0 1
    outer loop
      vertex 70.9019 71 9
      vertex 72.4483 71.7359 9
      vertex 72.2636 72.0983 9
    endloop
  endfacet
  facet normal 0 0 1
    outer loop
      vertex 73.0983 71.2636 9
      vertex 72 69.9019 9
      vertex 72.7235 69.6022 9
    endloop
  endfacet
  facet normal 0 0 1
    outer loop
      vertex 70.6022 71.7235 9
      vertex 72.2636 72.0983 9
      vertex 72.2 72.5 9
    endloop
  endfacet
  facet normal 0 0 1
    outer loop
      vertex 72.4483 73.2641 9
      vertex 70.9019 74 9
      vertex 72.2636 72.9017 9
    endloop
  endfacet
  facet normal -0 0 1
    outer loop
      vertex 70.6022 73.2765 9
      vertex 72.2636 72.9017 9
      vertex 70.9019 74 9
    endloop
  endfacet
  facet normal 0 0 1
    outer loop
      vertex 72.7359 71.4483 9
      vertex 71.3787 70.3787 9
      vertex 72 69.9019 9
    endloop
  endfacet
  facet normal 0 0 1
    outer loop
      vertex 72.2636 72.9017 9
      vertex 70.6022 73.2765 9
      vertex 72.2 72.5 9
    endloop
  endfacet
  facet normal 0 0 1
    outer loop
      vertex 72.4483 71.7359 9
      vertex 70.9019 71 9
      vertex 71.3787 70.3787 9
    endloop
  endfacet
  facet normal 0 0 1
    outer loop
      vertex 70.5 72.5 9
      vertex 72.2 72.5 9
      vertex 70.6022 73.2765 9
    endloop
  endfacet
  facet normal 0 0 1
    outer loop
      vertex 72.2636 72.0983 9
      vertex 70.6022 71.7235 9
      vertex 70.9019 71 9
    endloop
  endfacet
  facet normal 0 0 1
    outer loop
      vertex 72.2 72.5 9
      vertex 70.5 72.5 9
      vertex 70.6022 71.7235 9
    endloop
  endfacet
  facet normal -0.382701 0.923872 0
    outer loop
      vertex 72.7235 75.3978 3
      vertex 72 75.0981 9
      vertex 72.7235 75.3978 9
    endloop
  endfacet
  facet normal -0.382701 0.923872 0
    outer loop
      vertex 72 75.0981 9
      vertex 72.7235 75.3978 3
      vertex 72 75.0981 3
    endloop
  endfacet
  facet normal -0.923872 0.382701 0
    outer loop
      vertex 70.6022 73.2765 3
      vertex 70.9019 74 9
      vertex 70.9019 74 3
    endloop
  endfacet
  facet normal -0.923872 0.382701 0
    outer loop
      vertex 70.9019 74 9
      vertex 70.6022 73.2765 3
      vertex 70.6022 73.2765 9
    endloop
  endfacet
  facet normal 0.793316 -0.608809 0
    outer loop
      vertex 75.6213 70.3787 9
      vertex 76.0981 71 3
      vertex 76.0981 71 9
    endloop
  endfacet
  facet normal 0.793316 -0.608809 0
    outer loop
      vertex 76.0981 71 3
      vertex 75.6213 70.3787 9
      vertex 75.6213 70.3787 3
    endloop
  endfacet
  facet normal -0.608809 -0.793316 -3.70036e-06
    outer loop
      vertex 71.3787 70.3787 9
      vertex 71.8722 70 4
      vertex 72 69.9019 9
    endloop
  endfacet
  facet normal -0.608786 -0.793335 0
    outer loop
      vertex 71.3787 70.3787 3
      vertex 71.8722 70 4
      vertex 71.3787 70.3787 9
    endloop
  endfacet
  facet normal -0.608786 -0.793335 -0
    outer loop
      vertex 71.8722 70 4
      vertex 71.3787 70.3787 3
      vertex 71.8722 70 3
    endloop
  endfacet
  facet normal -0.608901 -0.793247 -0
    outer loop
      vertex 72 69.9019 9
      vertex 71.8722 70 4
      vertex 72 69.9019 4
    endloop
  endfacet
  facet normal -0.99145 -0.130491 0
    outer loop
      vertex 70.6022 71.7235 3
      vertex 70.5 72.5 9
      vertex 70.5 72.5 3
    endloop
  endfacet
  facet normal -0.99145 -0.130491 0
    outer loop
      vertex 70.5 72.5 9
      vertex 70.6022 71.7235 3
      vertex 70.6022 71.7235 9
    endloop
  endfacet
  facet normal -0.793316 -0.608809 0
    outer loop
      vertex 71.3787 70.3787 3
      vertex 70.9019 71 9
      vertex 70.9019 71 3
    endloop
  endfacet
  facet normal -0.793316 -0.608809 0
    outer loop
      vertex 70.9019 71 9
      vertex 71.3787 70.3787 3
      vertex 71.3787 70.3787 9
    endloop
  endfacet
  facet normal 0.608809 0.793316 -0
    outer loop
      vertex 75.6213 74.6213 3
      vertex 75 75.0981 9
      vertex 75.6213 74.6213 9
    endloop
  endfacet
  facet normal 0.608809 0.793316 0
    outer loop
      vertex 75 75.0981 9
      vertex 75.6213 74.6213 3
      vertex 75 75.0981 3
    endloop
  endfacet
  facet normal 0.130491 0.99145 -0
    outer loop
      vertex 74.2765 75.3978 3
      vertex 73.5 75.5 9
      vertex 74.2765 75.3978 9
    endloop
  endfacet
  facet normal 0.130491 0.99145 0
    outer loop
      vertex 73.5 75.5 9
      vertex 74.2765 75.3978 3
      vertex 73.5 75.5 3
    endloop
  endfacet
  facet normal -0.382701 -0.923872 0
    outer loop
      vertex 72 69.9019 4
      vertex 72.7235 69.6022 9
      vertex 72 69.9019 9
    endloop
  endfacet
  facet normal -0.382701 -0.923872 -0
    outer loop
      vertex 72.7235 69.6022 9
      vertex 72 69.9019 4
      vertex 72.7235 69.6022 4
    endloop
  endfacet
  facet normal -0.130491 -0.99145 0
    outer loop
      vertex 72.7235 69.6022 4
      vertex 73.5 69.5 9
      vertex 72.7235 69.6022 9
    endloop
  endfacet
  facet normal -0.130491 -0.99145 -0
    outer loop
      vertex 73.5 69.5 9
      vertex 72.7235 69.6022 4
      vertex 73.5 69.5 4
    endloop
  endfacet
  facet normal -0.99145 0.130491 0
    outer loop
      vertex 70.5 72.5 3
      vertex 70.6022 73.2765 9
      vertex 70.6022 73.2765 3
    endloop
  endfacet
  facet normal -0.99145 0.130491 0
    outer loop
      vertex 70.6022 73.2765 9
      vertex 70.5 72.5 3
      vertex 70.5 72.5 9
    endloop
  endfacet
  facet normal 1 -0 0
    outer loop
      vertex 125 0 3
      vertex 125 95 0
      vertex 125 95 3
    endloop
  endfacet
  facet normal 1 0 0
    outer loop
      vertex 125 95 0
      vertex 125 0 3
      vertex 125 0 0
    endloop
  endfacet
  facet normal -0 0 -1
    outer loop
      vertex 14.7359 22.4483 0
      vertex 6.5694 8.12504 0
      vertex 14.4483 22.7359 0
    endloop
  endfacet
  facet normal 0 0 -1
    outer loop
      vertex 14.2636 23.9017 0
      vertex 8.12504 88.4306 0
      vertex 8.2 89 0
    endloop
  endfacet
  facet normal 0 0 -1
    outer loop
      vertex 6 8.2 0
      vertex 14.4483 22.7359 0
      vertex 6.5694 8.12504 0
    endloop
  endfacet
  facet normal 0 0 -1
    outer loop
      vertex 14.2636 23.9017 0
      vertex 7.90526 87.9 0
      vertex 8.12504 88.4306 0
    endloop
  endfacet
  facet normal -0 0 -1
    outer loop
      vertex 14.4483 22.7359 0
      vertex 6 8.2 0
      vertex 14.2636 23.0983 0
    endloop
  endfacet
  facet normal 0 0 -1
    outer loop
      vertex 14.2636 23.9017 0
      vertex 7.55563 87.4444 0
      vertex 7.90526 87.9 0
    endloop
  endfacet
  facet normal 0 0 -1
    outer loop
      vertex 5.4306 8.12504 0
      vertex 14.2636 23.0983 0
      vertex 6 8.2 0
    endloop
  endfacet
  facet normal 0 0 -1
    outer loop
      vertex 14.2636 23.9017 0
      vertex 7.1 87.0947 0
      vertex 7.55563 87.4444 0
    endloop
  endfacet
  facet normal -0 0 -1
    outer loop
      vertex 14.2636 23.0983 0
      vertex 5.4306 8.12504 0
      vertex 14.2 23.5 0
    endloop
  endfacet
  facet normal 0 0 -1
    outer loop
      vertex 14.2636 23.9017 0
      vertex 6.5694 86.875 0
      vertex 7.1 87.0947 0
    endloop
  endfacet
  facet normal 0 0 -1
    outer loop
      vertex 4.9 7.90526 0
      vertex 14.2 23.5 0
      vertex 5.4306 8.12504 0
    endloop
  endfacet
  facet normal 0 0 -1
    outer loop
      vertex 14.2636 23.9017 0
      vertex 6 86.8 0
      vertex 6.5694 86.875 0
    endloop
  endfacet
  facet normal -0 0 -1
    outer loop
      vertex 14.2 23.5 0
      vertex 4.9 7.90526 0
      vertex 14.2636 23.9017 0
    endloop
  endfacet
  facet normal 0 0 -1
    outer loop
      vertex 14.2636 23.9017 0
      vertex 5.4306 86.875 0
      vertex 6 86.8 0
    endloop
  endfacet
  facet normal 0 0 -1
    outer loop
      vertex 4.44436 7.55563 0
      vertex 14.2636 23.9017 0
      vertex 4.9 7.90526 0
    endloop
  endfacet
  facet normal 0 0 -1
    outer loop
      vertex 14.2636 23.9017 0
      vertex 4.9 87.0947 0
      vertex 5.4306 86.875 0
    endloop
  endfacet
  facet normal 0 0 -1
    outer loop
      vertex 4.44436 87.4444 0
      vertex 14.2636 23.9017 0
      vertex 4.44436 7.55563 0
    endloop
  endfacet
  facet normal 0 0 -1
    outer loop
      vertex 14.2636 23.9017 0
      vertex 4.44436 87.4444 0
      vertex 4.9 87.0947 0
    endloop
  endfacet
  facet normal 0 0 -1
    outer loop
      vertex 4.09474 7.1 0
      vertex 4.44436 87.4444 0
      vertex 4.44436 7.55563 0
    endloop
  endfacet
  facet normal 0 0 -1
    outer loop
      vertex 4.09474 7.1 0
      vertex 4.09474 87.9 0
      vertex 4.44436 87.4444 0
    endloop
  endfacet
  facet normal 0 0 -1
    outer loop
      vertex 0 0 0
      vertex 4.09474 7.1 0
      vertex 3.87496 6.5694 0
    endloop
  endfacet
  facet normal -0 0 -1
    outer loop
      vertex 4.09474 7.1 0
      vertex 0 0 0
      vertex 4.09474 87.9 0
    endloop
  endfacet
  facet normal 0 0 -1
    outer loop
      vertex 0 0 0
      vertex 3.87496 6.5694 0
      vertex 3.8 6 0
    endloop
  endfacet
  facet normal 0 0 -1
    outer loop
      vertex 0 95 0
      vertex 4.09474 87.9 0
      vertex 0 0 0
    endloop
  endfacet
  facet normal 0 0 -1
    outer loop
      vertex 25.2359 23.5517 0
      vertex 16.2641 24.5517 0
      vertex 25.5983 23.7364 0
    endloop
  endfacet
  facet normal 0 0 -1
    outer loop
      vertex 30 40 0
      vertex 16.7364 72.0983 0
      vertex 16.8 72.5 0
    endloop
  endfacet
  facet normal 0 0 -1
    outer loop
      vertex 25.5983 23.7364 0
      vertex 16.2641 24.5517 0
      vertex 30 40 0
    endloop
  endfacet
  facet normal 0 0 -1
    outer loop
      vertex 30 40 0
      vertex 16.5517 71.7359 0
      vertex 16.7364 72.0983 0
    endloop
  endfacet
  facet normal 0 0 -1
    outer loop
      vertex 15.9017 24.7364 0
      vertex 30 40 0
      vertex 16.2641 24.5517 0
    endloop
  endfacet
  facet normal 0 0 -1
    outer loop
      vertex 30 40 0
      vertex 16.2641 71.4483 0
      vertex 16.5517 71.7359 0
    endloop
  endfacet
  facet normal 0 0 -1
    outer loop
      vertex 15.5 24.8 0
      vertex 30 40 0
      vertex 15.9017 24.7364 0
    endloop
  endfacet
  facet normal 0 0 -1
    outer loop
      vertex 30 40 0
      vertex 15.9017 71.2636 0
      vertex 16.2641 71.4483 0
    endloop
  endfacet
  facet normal 0 0 -1
    outer loop
      vertex 15.0983 24.7364 0
      vertex 30 40 0
      vertex 15.5 24.8 0
    endloop
  endfacet
  facet normal 0 0 -1
    outer loop
      vertex 30 40 0
      vertex 15.5 71.2 0
      vertex 15.9017 71.2636 0
    endloop
  endfacet
  facet normal 0 0 -1
    outer loop
      vertex 15.0983 71.2636 0
      vertex 30 40 0
      vertex 15.0983 24.7364 0
    endloop
  endfacet
  facet normal 0 0 -1
    outer loop
      vertex 30 40 0
      vertex 15.0983 71.2636 0
      vertex 15.5 71.2 0
    endloop
  endfacet
  facet normal 0 0 -1
    outer loop
      vertex 14.7359 24.5517 0
      vertex 15.0983 71.2636 0
      vertex 15.0983 24.7364 0
    endloop
  endfacet
  facet normal 0 0 -1
    outer loop
      vertex 14.7359 24.5517 0
      vertex 14.7359 71.4483 0
      vertex 15.0983 71.2636 0
    endloop
  endfacet
  facet normal 0 0 -1
    outer loop
      vertex 14.4483 24.2641 0
      vertex 14.7359 71.4483 0
      vertex 14.7359 24.5517 0
    endloop
  endfacet
  facet normal 0 0 -1
    outer loop
      vertex 14.4483 24.2641 0
      vertex 14.4483 71.7359 0
      vertex 14.7359 71.4483 0
    endloop
  endfacet
  facet normal 0 0 -1
    outer loop
      vertex 14.2636 23.9017 0
      vertex 14.4483 71.7359 0
      vertex 14.4483 24.2641 0
    endloop
  endfacet
  facet normal 0 0 -1
    outer loop
      vertex 14.2636 23.9017 0
      vertex 14.2636 72.0983 0
      vertex 14.4483 71.7359 0
    endloop
  endfacet
  facet normal -0 0 -1
    outer loop
      vertex 15.0983 22.2636 0
      vertex 7.1 7.90526 0
      vertex 14.7359 22.4483 0
    endloop
  endfacet
  facet normal 0 0 -1
    outer loop
      vertex 14.2636 23.9017 0
      vertex 8.2 89 0
      vertex 14.2636 72.0983 0
    endloop
  endfacet
  facet normal 0 0 -1
    outer loop
      vertex 30 40 0
      vertex 27.3 69.4 0
      vertex 27.7017 69.4636 0
    endloop
  endfacet
  facet normal 0 0 -1
    outer loop
      vertex 27.0517 23.2641 0
      vertex 30 40 0
      vertex 27.2364 22.9017 0
    endloop
  endfacet
  facet normal 0 0 -1
    outer loop
      vertex 26.7641 23.5517 0
      vertex 30 40 0
      vertex 27.0517 23.2641 0
    endloop
  endfacet
  facet normal 0 0 -1
    outer loop
      vertex 26.4017 23.7364 0
      vertex 30 40 0
      vertex 26.7641 23.5517 0
    endloop
  endfacet
  facet normal 0 0 -1
    outer loop
      vertex 26 23.8 0
      vertex 30 40 0
      vertex 26.4017 23.7364 0
    endloop
  endfacet
  facet normal 0 0 -1
    outer loop
      vertex 25.5983 23.7364 0
      vertex 30 40 0
      vertex 26 23.8 0
    endloop
  endfacet
  facet normal 0 0 -1
    outer loop
      vertex 30 40 0
      vertex 26.8983 69.4636 0
      vertex 27.3 69.4 0
    endloop
  endfacet
  facet normal 0 0 -1
    outer loop
      vertex 24.9483 23.2641 0
      vertex 16.5517 24.2641 0
      vertex 25.2359 23.5517 0
    endloop
  endfacet
  facet normal 0 0 -1
    outer loop
      vertex 16.2641 24.5517 0
      vertex 25.2359 23.5517 0
      vertex 16.5517 24.2641 0
    endloop
  endfacet
  facet normal 0 0 -1
    outer loop
      vertex 30 40 0
      vertex 26.5359 69.6483 0
      vertex 26.8983 69.4636 0
    endloop
  endfacet
  facet normal 0 0 -1
    outer loop
      vertex 30 40 0
      vertex 16.8 72.5 0
      vertex 26.5359 69.6483 0
    endloop
  endfacet
  facet normal 0 0 -1
    outer loop
      vertex 26.5359 69.6483 0
      vertex 16.8 72.5 0
      vertex 26.2483 69.9359 0
    endloop
  endfacet
  facet normal 0 0 -1
    outer loop
      vertex 95 70 0
      vertex 74.7364 72.0983 0
      vertex 74.8 72.5 0
    endloop
  endfacet
  facet normal 0 0 -1
    outer loop
      vertex 95 70 0
      vertex 74.5517 71.7359 0
      vertex 74.7364 72.0983 0
    endloop
  endfacet
  facet normal 0 0 -1
    outer loop
      vertex 95 70 0
      vertex 74.2641 71.4483 0
      vertex 74.5517 71.7359 0
    endloop
  endfacet
  facet normal 0 0 -1
    outer loop
      vertex 95 70 0
      vertex 73.9017 71.2636 0
      vertex 74.2641 71.4483 0
    endloop
  endfacet
  facet normal 0 0 -1
    outer loop
      vertex 95 70 0
      vertex 73.5 71.2 0
      vertex 73.9017 71.2636 0
    endloop
  endfacet
  facet normal -0 0 -1
    outer loop
      vertex 72.2636 72.0983 0
      vertex 30 70 0
      vertex 72.2 72.5 0
    endloop
  endfacet
  facet normal -0 0 -1
    outer loop
      vertex 72.4483 71.7359 0
      vertex 30 70 0
      vertex 72.2636 72.0983 0
    endloop
  endfacet
  facet normal -0 0 -1
    outer loop
      vertex 72.7359 71.4483 0
      vertex 30 70 0
      vertex 72.4483 71.7359 0
    endloop
  endfacet
  facet normal -0 0 -1
    outer loop
      vertex 73.0983 71.2636 0
      vertex 30 70 0
      vertex 72.7359 71.4483 0
    endloop
  endfacet
  facet normal -0 0 -1
    outer loop
      vertex 73.5 71.2 0
      vertex 30 70 0
      vertex 73.0983 71.2636 0
    endloop
  endfacet
  facet normal 0 0 -1
    outer loop
      vertex 30 70 0
      vertex 73.5 71.2 0
      vertex 95 70 0
    endloop
  endfacet
  facet normal 0 0 -1
    outer loop
      vertex 125 0 0
      vertex 120.905 7.1 0
      vertex 125 95 0
    endloop
  endfacet
  facet normal 0 0 -1
    outer loop
      vertex 125 95 0
      vertex 121.125 88.4306 0
      vertex 121.2 89 0
    endloop
  endfacet
  facet normal 0 0 -1
    outer loop
      vertex 120.905 87.9 0
      vertex 125 95 0
      vertex 120.905 7.1 0
    endloop
  endfacet
  facet normal 0 0 -1
    outer loop
      vertex 125 95 0
      vertex 120.905 87.9 0
      vertex 121.125 88.4306 0
    endloop
  endfacet
  facet normal 0 0 -1
    outer loop
      vertex 120.556 7.55563 0
      vertex 120.905 87.9 0
      vertex 120.905 7.1 0
    endloop
  endfacet
  facet normal 0 0 -1
    outer loop
      vertex 120.556 7.55563 0
      vertex 120.556 87.4444 0
      vertex 120.905 87.9 0
    endloop
  endfacet
  facet normal 0 0 -1
    outer loop
      vertex 109.736 22.9017 0
      vertex 120.556 7.55563 0
      vertex 120.1 7.90526 0
    endloop
  endfacet
  facet normal 0 0 -1
    outer loop
      vertex 120.556 7.55563 0
      vertex 109.736 22.9017 0
      vertex 120.556 87.4444 0
    endloop
  endfacet
  facet normal 0 0 -1
    outer loop
      vertex 109.8 22.5 0
      vertex 120.1 7.90526 0
      vertex 119.569 8.12504 0
    endloop
  endfacet
  facet normal 0 0 -1
    outer loop
      vertex 109.552 23.2641 0
      vertex 120.556 87.4444 0
      vertex 109.736 22.9017 0
    endloop
  endfacet
  facet normal 0 0 -1
    outer loop
      vertex 109.736 22.0983 0
      vertex 119.569 8.12504 0
      vertex 119 8.2 0
    endloop
  endfacet
  facet normal 0 0 -1
    outer loop
      vertex 120.556 87.4444 0
      vertex 109.552 23.2641 0
      vertex 120.1 87.0947 0
    endloop
  endfacet
  facet normal 0 0 -1
    outer loop
      vertex 109.552 21.7359 0
      vertex 119 8.2 0
      vertex 118.431 8.12504 0
    endloop
  endfacet
  facet normal 0 0 -1
    outer loop
      vertex 103.436 70.2983 0
      vertex 120.1 87.0947 0
      vertex 109.552 23.2641 0
    endloop
  endfacet
  facet normal 0 0 -1
    outer loop
      vertex 109.264 21.4483 0
      vertex 118.431 8.12504 0
      vertex 117.9 7.90526 0
    endloop
  endfacet
  facet normal 0 0 -1
    outer loop
      vertex 120.1 87.0947 0
      vertex 103.436 70.2983 0
      vertex 119.569 86.875 0
    endloop
  endfacet
  facet normal 0 0 -1
    outer loop
      vertex 109.264 21.4483 0
      vertex 117.9 7.90526 0
      vertex 117.444 7.55563 0
    endloop
  endfacet
  facet normal 0 -0 -1
    outer loop
      vertex 103.5 70.7 0
      vertex 119.569 86.875 0
      vertex 103.436 70.2983 0
    endloop
  endfacet
  facet normal 0 0 -1
    outer loop
      vertex 108.902 21.2636 0
      vertex 117.444 7.55563 0
      vertex 117.095 7.1 0
    endloop
  endfacet
  facet normal 0 0 -1
    outer loop
      vertex 119.569 86.875 0
      vertex 103.5 70.7 0
      vertex 119 86.8 0
    endloop
  endfacet
  facet normal 0 0 -1
    outer loop
      vertex 108.5 21.2 0
      vertex 117.095 7.1 0
      vertex 116.875 6.5694 0
    endloop
  endfacet
  facet normal 0 0 -1
    outer loop
      vertex 103.436 71.1017 0
      vertex 119 86.8 0
      vertex 103.5 70.7 0
    endloop
  endfacet
  facet normal 0 0 -1
    outer loop
      vertex 108.098 21.2636 0
      vertex 116.875 6.5694 0
      vertex 116.8 6 0
    endloop
  endfacet
  facet normal -0 0 -1
    outer loop
      vertex 119 86.8 0
      vertex 103.436 71.1017 0
      vertex 118.431 86.875 0
    endloop
  endfacet
  facet normal 0 0 -1
    outer loop
      vertex 121.125 6.5694 0
      vertex 125 0 0
      vertex 121.2 6 0
    endloop
  endfacet
  facet normal 0 0 -1
    outer loop
      vertex 125 0 0
      vertex 121.125 5.4306 0
      vertex 121.2 6 0
    endloop
  endfacet
  facet normal 0 0 -1
    outer loop
      vertex 125 0 0
      vertex 120.905 4.9 0
      vertex 121.125 5.4306 0
    endloop
  endfacet
  facet normal 0 0 -1
    outer loop
      vertex 125 0 0
      vertex 120.556 4.44436 0
      vertex 120.905 4.9 0
    endloop
  endfacet
  facet normal 0 0 -1
    outer loop
      vertex 125 0 0
      vertex 120.1 4.09474 0
      vertex 120.556 4.44436 0
    endloop
  endfacet
  facet normal 0 0 -1
    outer loop
      vertex 125 0 0
      vertex 119.569 3.87496 0
      vertex 120.1 4.09474 0
    endloop
  endfacet
  facet normal 0 0 -1
    outer loop
      vertex 125 0 0
      vertex 119 3.8 0
      vertex 119.569 3.87496 0
    endloop
  endfacet
  facet normal 0 0 -1
    outer loop
      vertex 125 0 0
      vertex 118.431 3.87496 0
      vertex 119 3.8 0
    endloop
  endfacet
  facet normal 0 0 -1
    outer loop
      vertex 125 0 0
      vertex 117.9 4.09474 0
      vertex 118.431 3.87496 0
    endloop
  endfacet
  facet normal 0 0 -1
    outer loop
      vertex 120.1 7.90526 0
      vertex 109.8 22.5 0
      vertex 109.736 22.9017 0
    endloop
  endfacet
  facet normal 0 0 -1
    outer loop
      vertex 107.736 21.4483 0
      vertex 116.8 6 0
      vertex 116.875 5.4306 0
    endloop
  endfacet
  facet normal 0 0 -1
    outer loop
      vertex 73.9017 22.2636 0
      vertex 116.875 5.4306 0
      vertex 117.095 4.9 0
    endloop
  endfacet
  facet normal 0 0 -1
    outer loop
      vertex 119.569 8.12504 0
      vertex 109.736 22.0983 0
      vertex 109.8 22.5 0
    endloop
  endfacet
  facet normal 0 0 -1
    outer loop
      vertex 119 8.2 0
      vertex 109.552 21.7359 0
      vertex 109.736 22.0983 0
    endloop
  endfacet
  facet normal 0 0 -1
    outer loop
      vertex 118.431 8.12504 0
      vertex 109.264 21.4483 0
      vertex 109.552 21.7359 0
    endloop
  endfacet
  facet normal 0 0 -1
    outer loop
      vertex 117.444 7.55563 0
      vertex 108.902 21.2636 0
      vertex 109.264 21.4483 0
    endloop
  endfacet
  facet normal 0 0 -1
    outer loop
      vertex 117.095 7.1 0
      vertex 108.5 21.2 0
      vertex 108.902 21.2636 0
    endloop
  endfacet
  facet normal 0 0 -1
    outer loop
      vertex 116.875 6.5694 0
      vertex 108.098 21.2636 0
      vertex 108.5 21.2 0
    endloop
  endfacet
  facet normal 0 0 -1
    outer loop
      vertex 116.8 6 0
      vertex 107.736 21.4483 0
      vertex 108.098 21.2636 0
    endloop
  endfacet
  facet normal 0 0 -1
    outer loop
      vertex 116.875 5.4306 0
      vertex 74.2641 22.4483 0
      vertex 107.736 21.4483 0
    endloop
  endfacet
  facet normal 0 0 -1
    outer loop
      vertex 102.964 71.7517 0
      vertex 117.444 87.4444 0
      vertex 103.252 71.4641 0
    endloop
  endfacet
  facet normal 0 0 -1
    outer loop
      vertex 107.264 22.9017 0
      vertex 103.252 69.9359 0
      vertex 103.436 70.2983 0
    endloop
  endfacet
  facet normal 0 0 -1
    outer loop
      vertex 107.264 22.9017 0
      vertex 102.964 69.6483 0
      vertex 103.252 69.9359 0
    endloop
  endfacet
  facet normal 0 0 -1
    outer loop
      vertex 107.264 22.9017 0
      vertex 95 40 0
      vertex 102.964 69.6483 0
    endloop
  endfacet
  facet normal 0 0 -1
    outer loop
      vertex 102.964 69.6483 0
      vertex 95 40 0
      vertex 102.602 69.4636 0
    endloop
  endfacet
  facet normal 0 0 -1
    outer loop
      vertex 102.602 69.4636 0
      vertex 95 40 0
      vertex 102.2 69.4 0
    endloop
  endfacet
  facet normal -0 0 -1
    outer loop
      vertex 102.2 69.4 0
      vertex 95 40 0
      vertex 101.798 69.4636 0
    endloop
  endfacet
  facet normal 0 0 -1
    outer loop
      vertex 95 70 0
      vertex 101.798 69.4636 0
      vertex 95 40 0
    endloop
  endfacet
  facet normal 0 0 -1
    outer loop
      vertex 101.798 69.4636 0
      vertex 95 70 0
      vertex 101.436 69.6483 0
    endloop
  endfacet
  facet normal 0 0 -1
    outer loop
      vertex 101.436 69.6483 0
      vertex 95 70 0
      vertex 101.148 69.9359 0
    endloop
  endfacet
  facet normal 0 0 -1
    outer loop
      vertex 101.148 69.9359 0
      vertex 95 70 0
      vertex 100.964 70.2983 0
    endloop
  endfacet
  facet normal 0 0 -1
    outer loop
      vertex 79.1517 26.8359 0
      vertex 107.2 22.5 0
      vertex 107.264 22.0983 0
    endloop
  endfacet
  facet normal 0 0 -1
    outer loop
      vertex 78.8641 26.5483 0
      vertex 107.264 22.0983 0
      vertex 107.448 21.7359 0
    endloop
  endfacet
  facet normal 0 0 -1
    outer loop
      vertex 107.736 21.4483 0
      vertex 74.2641 22.4483 0
      vertex 107.448 21.7359 0
    endloop
  endfacet
  facet normal 0 0 -1
    outer loop
      vertex 107.264 22.9017 0
      vertex 79.3364 27.1983 0
      vertex 79.4 27.6 0
    endloop
  endfacet
  facet normal 0 0 -1
    outer loop
      vertex 73.9017 22.2636 0
      vertex 117.095 4.9 0
      vertex 117.444 4.44436 0
    endloop
  endfacet
  facet normal 0 0 -1
    outer loop
      vertex 73.5 22.2 0
      vertex 117.444 4.44436 0
      vertex 117.9 4.09474 0
    endloop
  endfacet
  facet normal 0 0 -1
    outer loop
      vertex 107.264 22.9017 0
      vertex 79.4 27.6 0
      vertex 95 40 0
    endloop
  endfacet
  facet normal 0 0 -1
    outer loop
      vertex 107.2 22.5 0
      vertex 79.1517 26.8359 0
      vertex 79.3364 27.1983 0
    endloop
  endfacet
  facet normal 0 0 -1
    outer loop
      vertex 107.264 22.0983 0
      vertex 78.8641 26.5483 0
      vertex 79.1517 26.8359 0
    endloop
  endfacet
  facet normal 0 0 -1
    outer loop
      vertex 7.1 4.09474 0
      vertex 117.9 4.09474 0
      vertex 125 0 0
    endloop
  endfacet
  facet normal 0 0 -1
    outer loop
      vertex 107.448 21.7359 0
      vertex 74.5517 22.7359 0
      vertex 78.8641 26.5483 0
    endloop
  endfacet
  facet normal 0 0 -1
    outer loop
      vertex 78.8641 26.5483 0
      vertex 74.5517 22.7359 0
      vertex 78.5017 26.3636 0
    endloop
  endfacet
  facet normal 0 -0 -1
    outer loop
      vertex 74.7364 23.0983 0
      vertex 78.5017 26.3636 0
      vertex 74.5517 22.7359 0
    endloop
  endfacet
  facet normal 0 0 -1
    outer loop
      vertex 78.5017 26.3636 0
      vertex 74.7364 23.0983 0
      vertex 78.1 26.3 0
    endloop
  endfacet
  facet normal -0 0 -1
    outer loop
      vertex 77.3359 26.5483 0
      vertex 74.5517 24.2641 0
      vertex 77.0483 26.8359 0
    endloop
  endfacet
  facet normal 0 0 -1
    outer loop
      vertex 74.5517 24.2641 0
      vertex 77.3359 26.5483 0
      vertex 74.7364 23.9017 0
    endloop
  endfacet
  facet normal -0 0 -1
    outer loop
      vertex 77.6983 26.3636 0
      vertex 74.7364 23.9017 0
      vertex 77.3359 26.5483 0
    endloop
  endfacet
  facet normal 0 -0 -1
    outer loop
      vertex 74.8 23.5 0
      vertex 78.1 26.3 0
      vertex 74.7364 23.0983 0
    endloop
  endfacet
  facet normal 0 0 -1
    outer loop
      vertex 74.7364 23.9017 0
      vertex 77.6983 26.3636 0
      vertex 74.8 23.5 0
    endloop
  endfacet
  facet normal -0 0 -1
    outer loop
      vertex 78.1 26.3 0
      vertex 74.8 23.5 0
      vertex 77.6983 26.3636 0
    endloop
  endfacet
  facet normal 0 0 -1
    outer loop
      vertex 107.448 21.7359 0
      vertex 74.2641 22.4483 0
      vertex 74.5517 22.7359 0
    endloop
  endfacet
  facet normal 0 0 -1
    outer loop
      vertex 116.875 5.4306 0
      vertex 73.9017 22.2636 0
      vertex 74.2641 22.4483 0
    endloop
  endfacet
  facet normal 0 0 -1
    outer loop
      vertex 117.444 4.44436 0
      vertex 73.5 22.2 0
      vertex 73.9017 22.2636 0
    endloop
  endfacet
  facet normal 0 0 -1
    outer loop
      vertex 117.9 4.09474 0
      vertex 7.1 4.09474 0
      vertex 73.5 22.2 0
    endloop
  endfacet
  facet normal 0 0 -1
    outer loop
      vertex 27.3 22.5 0
      vertex 72.2 23.5 0
      vertex 72.2636 23.0983 0
    endloop
  endfacet
  facet normal 0 0 -1
    outer loop
      vertex 27.2364 22.0983 0
      vertex 72.2636 23.0983 0
      vertex 72.4483 22.7359 0
    endloop
  endfacet
  facet normal 0 0 -1
    outer loop
      vertex 27.0517 21.7359 0
      vertex 72.4483 22.7359 0
      vertex 72.7359 22.4483 0
    endloop
  endfacet
  facet normal 0 0 -1
    outer loop
      vertex 26.7641 21.4483 0
      vertex 72.7359 22.4483 0
      vertex 73.0983 22.2636 0
    endloop
  endfacet
  facet normal 0 -0 -1
    outer loop
      vertex 7.55563 4.44436 0
      vertex 73.5 22.2 0
      vertex 7.1 4.09474 0
    endloop
  endfacet
  facet normal 0 0 -1
    outer loop
      vertex 27.7017 69.4636 0
      vertex 30 70 0
      vertex 30 40 0
    endloop
  endfacet
  facet normal 0 0 -1
    outer loop
      vertex 30 70 0
      vertex 28.5364 70.2983 0
      vertex 28.6 70.7 0
    endloop
  endfacet
  facet normal -0 0 -1
    outer loop
      vertex 30 70 0
      vertex 28.3517 69.9359 0
      vertex 28.5364 70.2983 0
    endloop
  endfacet
  facet normal 0 0 -1
    outer loop
      vertex 30 70 0
      vertex 28.0641 69.6483 0
      vertex 28.3517 69.9359 0
    endloop
  endfacet
  facet normal 0 0 -1
    outer loop
      vertex 30 70 0
      vertex 27.7017 69.4636 0
      vertex 28.0641 69.6483 0
    endloop
  endfacet
  facet normal -0 0 -1
    outer loop
      vertex 72.2636 23.9017 0
      vertex 27.2364 22.9017 0
      vertex 30 40 0
    endloop
  endfacet
  facet normal 0 0 -1
    outer loop
      vertex 27.2364 22.9017 0
      vertex 72.2 23.5 0
      vertex 27.3 22.5 0
    endloop
  endfacet
  facet normal 0 0 -1
    outer loop
      vertex 72.2636 23.0983 0
      vertex 27.2364 22.0983 0
      vertex 27.3 22.5 0
    endloop
  endfacet
  facet normal 0 0 -1
    outer loop
      vertex 72.4483 22.7359 0
      vertex 27.0517 21.7359 0
      vertex 27.2364 22.0983 0
    endloop
  endfacet
  facet normal 0 0 -1
    outer loop
      vertex 72.7359 22.4483 0
      vertex 26.7641 21.4483 0
      vertex 27.0517 21.7359 0
    endloop
  endfacet
  facet normal 0 -0 -1
    outer loop
      vertex 7.90526 4.9 0
      vertex 73.0983 22.2636 0
      vertex 7.55563 4.44436 0
    endloop
  endfacet
  facet normal 0 0 -1
    outer loop
      vertex 73.0983 22.2636 0
      vertex 7.90526 4.9 0
      vertex 26.7641 21.4483 0
    endloop
  endfacet
  facet normal 0 -0 -1
    outer loop
      vertex 8.12504 5.4306 0
      vertex 26.4017 21.2636 0
      vertex 7.90526 4.9 0
    endloop
  endfacet
  facet normal 0 0 -1
    outer loop
      vertex 16.7364 23.0983 0
      vertex 24.7 22.5 0
      vertex 24.7636 22.0983 0
    endloop
  endfacet
  facet normal 0 0 -1
    outer loop
      vertex 16.5517 22.7359 0
      vertex 24.7636 22.0983 0
      vertex 24.9483 21.7359 0
    endloop
  endfacet
  facet normal 0 0 -1
    outer loop
      vertex 16.2641 22.4483 0
      vertex 24.9483 21.7359 0
      vertex 25.2359 21.4483 0
    endloop
  endfacet
  facet normal 0 0 -1
    outer loop
      vertex 8.12504 6.5694 0
      vertex 25.5983 21.2636 0
      vertex 8.2 6 0
    endloop
  endfacet
  facet normal 0 0 -1
    outer loop
      vertex 24.7 22.5 0
      vertex 16.7364 23.0983 0
      vertex 16.8 23.5 0
    endloop
  endfacet
  facet normal 0 0 -1
    outer loop
      vertex 26.4017 21.2636 0
      vertex 8.12504 5.4306 0
      vertex 26 21.2 0
    endloop
  endfacet
  facet normal 0 0 -1
    outer loop
      vertex 24.7636 22.0983 0
      vertex 16.5517 22.7359 0
      vertex 16.7364 23.0983 0
    endloop
  endfacet
  facet normal -0 0 -1
    outer loop
      vertex 26 21.2 0
      vertex 8.2 6 0
      vertex 25.5983 21.2636 0
    endloop
  endfacet
  facet normal 0 0 -1
    outer loop
      vertex 24.9483 21.7359 0
      vertex 16.2641 22.4483 0
      vertex 16.5517 22.7359 0
    endloop
  endfacet
  facet normal -0 0 -1
    outer loop
      vertex 25.5983 21.2636 0
      vertex 8.12504 6.5694 0
      vertex 25.2359 21.4483 0
    endloop
  endfacet
  facet normal 0 0 -1
    outer loop
      vertex 25.2359 21.4483 0
      vertex 15.9017 22.2636 0
      vertex 16.2641 22.4483 0
    endloop
  endfacet
  facet normal 0 0 -1
    outer loop
      vertex 6.5694 8.12504 0
      vertex 14.7359 22.4483 0
      vertex 7.1 7.90526 0
    endloop
  endfacet
  facet normal 0 0 -1
    outer loop
      vertex 7.1 7.90526 0
      vertex 15.0983 22.2636 0
      vertex 7.55563 7.55563 0
    endloop
  endfacet
  facet normal -0 0 -1
    outer loop
      vertex 15.5 22.2 0
      vertex 7.55563 7.55563 0
      vertex 15.0983 22.2636 0
    endloop
  endfacet
  facet normal 0 0 -1
    outer loop
      vertex 7.55563 7.55563 0
      vertex 15.5 22.2 0
      vertex 7.90526 7.1 0
    endloop
  endfacet
  facet normal 0 0 -1
    outer loop
      vertex 15.9017 22.2636 0
      vertex 7.90526 7.1 0
      vertex 15.5 22.2 0
    endloop
  endfacet
  facet normal -0 0 -1
    outer loop
      vertex 25.2359 21.4483 0
      vertex 8.12504 6.5694 0
      vertex 15.9017 22.2636 0
    endloop
  endfacet
  facet normal 0 0 -1
    outer loop
      vertex 7.90526 7.1 0
      vertex 15.9017 22.2636 0
      vertex 8.12504 6.5694 0
    endloop
  endfacet
  facet normal 0 -0 -1
    outer loop
      vertex 8.2 6 0
      vertex 26 21.2 0
      vertex 8.12504 5.4306 0
    endloop
  endfacet
  facet normal 0 0 -1
    outer loop
      vertex 26.7641 21.4483 0
      vertex 7.90526 4.9 0
      vertex 26.4017 21.2636 0
    endloop
  endfacet
  facet normal -0 0 -1
    outer loop
      vertex 73.5 22.2 0
      vertex 7.55563 4.44436 0
      vertex 73.0983 22.2636 0
    endloop
  endfacet
  facet normal 0 0 -1
    outer loop
      vertex 0 0 0
      vertex 7.1 4.09474 0
      vertex 125 0 0
    endloop
  endfacet
  facet normal 0 0 -1
    outer loop
      vertex 7.1 4.09474 0
      vertex 0 0 0
      vertex 6.5694 3.87496 0
    endloop
  endfacet
  facet normal 0 0 -1
    outer loop
      vertex 4.09474 87.9 0
      vertex 0 95 0
      vertex 3.87496 88.4306 0
    endloop
  endfacet
  facet normal -0 0 -1
    outer loop
      vertex 3.87496 5.4306 0
      vertex 0 0 0
      vertex 3.8 6 0
    endloop
  endfacet
  facet normal -0 0 -1
    outer loop
      vertex 4.09474 4.9 0
      vertex 0 0 0
      vertex 3.87496 5.4306 0
    endloop
  endfacet
  facet normal -0 0 -1
    outer loop
      vertex 4.44436 4.44436 0
      vertex 0 0 0
      vertex 4.09474 4.9 0
    endloop
  endfacet
  facet normal -0 0 -1
    outer loop
      vertex 4.9 4.09474 0
      vertex 0 0 0
      vertex 4.44436 4.44436 0
    endloop
  endfacet
  facet normal -0 0 -1
    outer loop
      vertex 5.4306 3.87496 0
      vertex 0 0 0
      vertex 4.9 4.09474 0
    endloop
  endfacet
  facet normal -0 0 -1
    outer loop
      vertex 6 3.8 0
      vertex 0 0 0
      vertex 5.4306 3.87496 0
    endloop
  endfacet
  facet normal 0 0 -1
    outer loop
      vertex 6.5694 3.87496 0
      vertex 0 0 0
      vertex 6 3.8 0
    endloop
  endfacet
  facet normal 0 0 -1
    outer loop
      vertex 120.905 7.1 0
      vertex 125 0 0
      vertex 121.125 6.5694 0
    endloop
  endfacet
  facet normal 0 0 -1
    outer loop
      vertex 121.125 89.5694 0
      vertex 125 95 0
      vertex 121.2 89 0
    endloop
  endfacet
  facet normal 0 0 -1
    outer loop
      vertex 120.905 90.1 0
      vertex 125 95 0
      vertex 121.125 89.5694 0
    endloop
  endfacet
  facet normal 0 0 -1
    outer loop
      vertex 120.556 90.5556 0
      vertex 125 95 0
      vertex 120.905 90.1 0
    endloop
  endfacet
  facet normal 0 0 -1
    outer loop
      vertex 120.1 90.9053 0
      vertex 125 95 0
      vertex 120.556 90.5556 0
    endloop
  endfacet
  facet normal 0 0 -1
    outer loop
      vertex 119.569 91.125 0
      vertex 125 95 0
      vertex 120.1 90.9053 0
    endloop
  endfacet
  facet normal 0 0 -1
    outer loop
      vertex 119 91.2 0
      vertex 125 95 0
      vertex 119.569 91.125 0
    endloop
  endfacet
  facet normal 0 0 -1
    outer loop
      vertex 118.431 91.125 0
      vertex 125 95 0
      vertex 119 91.2 0
    endloop
  endfacet
  facet normal 0 0 -1
    outer loop
      vertex 117.9 90.9053 0
      vertex 125 95 0
      vertex 118.431 91.125 0
    endloop
  endfacet
  facet normal -0 0 -1
    outer loop
      vertex 118.431 86.875 0
      vertex 103.436 71.1017 0
      vertex 117.9 87.0947 0
    endloop
  endfacet
  facet normal 0 0 -1
    outer loop
      vertex 103.252 71.4641 0
      vertex 117.9 87.0947 0
      vertex 103.436 71.1017 0
    endloop
  endfacet
  facet normal 0 0 -1
    outer loop
      vertex 103.436 70.2983 0
      vertex 109.552 23.2641 0
      vertex 109.264 23.5517 0
    endloop
  endfacet
  facet normal 0 0 -1
    outer loop
      vertex 103.436 70.2983 0
      vertex 109.264 23.5517 0
      vertex 108.902 23.7364 0
    endloop
  endfacet
  facet normal 0 0 -1
    outer loop
      vertex 103.436 70.2983 0
      vertex 108.902 23.7364 0
      vertex 108.5 23.8 0
    endloop
  endfacet
  facet normal 0 0 -1
    outer loop
      vertex 103.436 70.2983 0
      vertex 108.5 23.8 0
      vertex 108.098 23.7364 0
    endloop
  endfacet
  facet normal -0 0 -1
    outer loop
      vertex 117.9 87.0947 0
      vertex 103.252 71.4641 0
      vertex 117.444 87.4444 0
    endloop
  endfacet
  facet normal 0 0 -1
    outer loop
      vertex 103.436 70.2983 0
      vertex 108.098 23.7364 0
      vertex 107.736 23.5517 0
    endloop
  endfacet
  facet normal 0 0 -1
    outer loop
      vertex 103.436 70.2983 0
      vertex 107.736 23.5517 0
      vertex 107.448 23.2641 0
    endloop
  endfacet
  facet normal 0 0 -1
    outer loop
      vertex 103.436 70.2983 0
      vertex 107.448 23.2641 0
      vertex 107.264 22.9017 0
    endloop
  endfacet
  facet normal 0 0 -1
    outer loop
      vertex 79.3364 27.1983 0
      vertex 107.264 22.9017 0
      vertex 107.2 22.5 0
    endloop
  endfacet
  facet normal -0 0 -1
    outer loop
      vertex 117.444 87.4444 0
      vertex 102.964 71.7517 0
      vertex 117.095 87.9 0
    endloop
  endfacet
  facet normal 0 0 -1
    outer loop
      vertex 102.602 71.9364 0
      vertex 117.095 87.9 0
      vertex 102.964 71.7517 0
    endloop
  endfacet
  facet normal -0 0 -1
    outer loop
      vertex 117.095 87.9 0
      vertex 102.602 71.9364 0
      vertex 116.875 88.4306 0
    endloop
  endfacet
  facet normal 0 0 -1
    outer loop
      vertex 102.2 72 0
      vertex 116.875 88.4306 0
      vertex 102.602 71.9364 0
    endloop
  endfacet
  facet normal -0 0 -1
    outer loop
      vertex 116.875 88.4306 0
      vertex 102.2 72 0
      vertex 116.8 89 0
    endloop
  endfacet
  facet normal 0 0 -1
    outer loop
      vertex 101.798 71.9364 0
      vertex 116.8 89 0
      vertex 102.2 72 0
    endloop
  endfacet
  facet normal -0 0 -1
    outer loop
      vertex 116.8 89 0
      vertex 101.798 71.9364 0
      vertex 116.875 89.5694 0
    endloop
  endfacet
  facet normal 0 0 -1
    outer loop
      vertex 95 70 0
      vertex 116.875 89.5694 0
      vertex 101.798 71.9364 0
    endloop
  endfacet
  facet normal 0 0 -1
    outer loop
      vertex 74.2641 73.5517 0
      vertex 116.875 89.5694 0
      vertex 95 70 0
    endloop
  endfacet
  facet normal 0 0 -1
    outer loop
      vertex 95 70 0
      vertex 101.798 71.9364 0
      vertex 101.436 71.7517 0
    endloop
  endfacet
  facet normal 0 0 -1
    outer loop
      vertex 95 70 0
      vertex 101.436 71.7517 0
      vertex 101.148 71.4641 0
    endloop
  endfacet
  facet normal -0 0 -1
    outer loop
      vertex 100.964 70.2983 0
      vertex 95 70 0
      vertex 100.9 70.7 0
    endloop
  endfacet
  facet normal -0 0 -1
    outer loop
      vertex 100.9 70.7 0
      vertex 95 70 0
      vertex 100.964 71.1017 0
    endloop
  endfacet
  facet normal 0 0 -1
    outer loop
      vertex 95 70 0
      vertex 101.148 71.4641 0
      vertex 100.964 71.1017 0
    endloop
  endfacet
  facet normal 0 0 -1
    outer loop
      vertex 73.9017 73.7364 0
      vertex 116.875 89.5694 0
      vertex 74.2641 73.5517 0
    endloop
  endfacet
  facet normal 0 0 -1
    outer loop
      vertex 74.7364 72.9017 0
      vertex 95 70 0
      vertex 74.8 72.5 0
    endloop
  endfacet
  facet normal 0 0 -1
    outer loop
      vertex 74.5517 73.2641 0
      vertex 95 70 0
      vertex 74.7364 72.9017 0
    endloop
  endfacet
  facet normal 0 0 -1
    outer loop
      vertex 74.2641 73.5517 0
      vertex 95 70 0
      vertex 74.5517 73.2641 0
    endloop
  endfacet
  facet normal -0 0 -1
    outer loop
      vertex 116.875 89.5694 0
      vertex 73.9017 73.7364 0
      vertex 117.095 90.1 0
    endloop
  endfacet
  facet normal -0 0 -1
    outer loop
      vertex 117.095 90.1 0
      vertex 73.9017 73.7364 0
      vertex 117.444 90.5556 0
    endloop
  endfacet
  facet normal 0 0 -1
    outer loop
      vertex 73.5 73.8 0
      vertex 117.444 90.5556 0
      vertex 73.9017 73.7364 0
    endloop
  endfacet
  facet normal -0 0 -1
    outer loop
      vertex 117.444 90.5556 0
      vertex 73.5 73.8 0
      vertex 117.9 90.9053 0
    endloop
  endfacet
  facet normal 0 0 -1
    outer loop
      vertex 7.1 90.9053 0
      vertex 117.9 90.9053 0
      vertex 73.5 73.8 0
    endloop
  endfacet
  facet normal 0 0 -1
    outer loop
      vertex 7.1 90.9053 0
      vertex 73.5 73.8 0
      vertex 73.0983 73.7364 0
    endloop
  endfacet
  facet normal 0 0 -1
    outer loop
      vertex 30 70 0
      vertex 72.2636 72.9017 0
      vertex 72.2 72.5 0
    endloop
  endfacet
  facet normal 0 0 -1
    outer loop
      vertex 30 70 0
      vertex 72.4483 73.2641 0
      vertex 72.2636 72.9017 0
    endloop
  endfacet
  facet normal 0 0 -1
    outer loop
      vertex 28.0641 71.7517 0
      vertex 72.4483 73.2641 0
      vertex 30 70 0
    endloop
  endfacet
  facet normal -0 0 -1
    outer loop
      vertex 72.4483 73.2641 0
      vertex 28.0641 71.7517 0
      vertex 72.7359 73.5517 0
    endloop
  endfacet
  facet normal 0 0 -1
    outer loop
      vertex 27.7017 71.9364 0
      vertex 72.7359 73.5517 0
      vertex 28.0641 71.7517 0
    endloop
  endfacet
  facet normal 0 0 -1
    outer loop
      vertex 28.5364 71.1017 0
      vertex 30 70 0
      vertex 28.6 70.7 0
    endloop
  endfacet
  facet normal 0 0 -1
    outer loop
      vertex 28.3517 71.4641 0
      vertex 30 70 0
      vertex 28.5364 71.1017 0
    endloop
  endfacet
  facet normal 0 0 -1
    outer loop
      vertex 28.0641 71.7517 0
      vertex 30 70 0
      vertex 28.3517 71.4641 0
    endloop
  endfacet
  facet normal 0 0 -1
    outer loop
      vertex 7.90526 90.1 0
      vertex 72.7359 73.5517 0
      vertex 27.7017 71.9364 0
    endloop
  endfacet
  facet normal 0 0 -1
    outer loop
      vertex 72.7359 73.5517 0
      vertex 7.90526 90.1 0
      vertex 73.0983 73.7364 0
    endloop
  endfacet
  facet normal 0 0 -1
    outer loop
      vertex 8.12504 89.5694 0
      vertex 27.7017 71.9364 0
      vertex 27.3 72 0
    endloop
  endfacet
  facet normal 0 0 -1
    outer loop
      vertex 8.2 89 0
      vertex 27.3 72 0
      vertex 26.8983 71.9364 0
    endloop
  endfacet
  facet normal 0 0 -1
    outer loop
      vertex 16.5517 24.2641 0
      vertex 24.9483 23.2641 0
      vertex 16.7364 23.9017 0
    endloop
  endfacet
  facet normal 0 0 -1
    outer loop
      vertex 24.7636 22.9017 0
      vertex 16.7364 23.9017 0
      vertex 24.9483 23.2641 0
    endloop
  endfacet
  facet normal 0 0 -1
    outer loop
      vertex 16.7364 23.9017 0
      vertex 24.7636 22.9017 0
      vertex 16.8 23.5 0
    endloop
  endfacet
  facet normal 0 0 -1
    outer loop
      vertex 16.8 23.5 0
      vertex 24.7636 22.9017 0
      vertex 24.7 22.5 0
    endloop
  endfacet
  facet normal 0 0 -1
    outer loop
      vertex 26.2483 69.9359 0
      vertex 16.8 72.5 0
      vertex 26.0636 70.2983 0
    endloop
  endfacet
  facet normal 0 0 -1
    outer loop
      vertex 26.0636 70.2983 0
      vertex 16.8 72.5 0
      vertex 26 70.7 0
    endloop
  endfacet
  facet normal 0 0 -1
    outer loop
      vertex 26 70.7 0
      vertex 16.8 72.5 0
      vertex 26.0636 71.1017 0
    endloop
  endfacet
  facet normal 0 0 -1
    outer loop
      vertex 16.7364 72.9017 0
      vertex 26.0636 71.1017 0
      vertex 16.8 72.5 0
    endloop
  endfacet
  facet normal 0 0 -1
    outer loop
      vertex 26.0636 71.1017 0
      vertex 16.7364 72.9017 0
      vertex 26.2483 71.4641 0
    endloop
  endfacet
  facet normal 0 0 -1
    outer loop
      vertex 16.5517 73.2641 0
      vertex 26.2483 71.4641 0
      vertex 16.7364 72.9017 0
    endloop
  endfacet
  facet normal 0 0 -1
    outer loop
      vertex 26.2483 71.4641 0
      vertex 16.5517 73.2641 0
      vertex 26.5359 71.7517 0
    endloop
  endfacet
  facet normal 0 0 -1
    outer loop
      vertex 16.2641 73.5517 0
      vertex 26.5359 71.7517 0
      vertex 16.5517 73.2641 0
    endloop
  endfacet
  facet normal 0 0 -1
    outer loop
      vertex 26.5359 71.7517 0
      vertex 16.2641 73.5517 0
      vertex 26.8983 71.9364 0
    endloop
  endfacet
  facet normal 0 0 -1
    outer loop
      vertex 8.2 89 0
      vertex 26.8983 71.9364 0
      vertex 16.2641 73.5517 0
    endloop
  endfacet
  facet normal 0 0 -1
    outer loop
      vertex 8.2 89 0
      vertex 16.2641 73.5517 0
      vertex 15.9017 73.7364 0
    endloop
  endfacet
  facet normal 0 0 -1
    outer loop
      vertex 8.2 89 0
      vertex 15.9017 73.7364 0
      vertex 15.5 73.8 0
    endloop
  endfacet
  facet normal 0 0 -1
    outer loop
      vertex 8.2 89 0
      vertex 15.5 73.8 0
      vertex 15.0983 73.7364 0
    endloop
  endfacet
  facet normal 0 0 -1
    outer loop
      vertex 14.2636 72.0983 0
      vertex 8.2 89 0
      vertex 14.2 72.5 0
    endloop
  endfacet
  facet normal 0 0 -1
    outer loop
      vertex 8.2 89 0
      vertex 14.2636 72.9017 0
      vertex 14.2 72.5 0
    endloop
  endfacet
  facet normal 0 0 -1
    outer loop
      vertex 8.2 89 0
      vertex 14.4483 73.2641 0
      vertex 14.2636 72.9017 0
    endloop
  endfacet
  facet normal 0 0 -1
    outer loop
      vertex 8.2 89 0
      vertex 14.7359 73.5517 0
      vertex 14.4483 73.2641 0
    endloop
  endfacet
  facet normal 0 0 -1
    outer loop
      vertex 8.2 89 0
      vertex 15.0983 73.7364 0
      vertex 14.7359 73.5517 0
    endloop
  endfacet
  facet normal 0 0 -1
    outer loop
      vertex 27.3 72 0
      vertex 8.2 89 0
      vertex 8.12504 89.5694 0
    endloop
  endfacet
  facet normal 0 0 -1
    outer loop
      vertex 27.7017 71.9364 0
      vertex 8.12504 89.5694 0
      vertex 7.90526 90.1 0
    endloop
  endfacet
  facet normal 0 0 -1
    outer loop
      vertex 7.55563 90.5556 0
      vertex 73.0983 73.7364 0
      vertex 7.90526 90.1 0
    endloop
  endfacet
  facet normal 0 0 -1
    outer loop
      vertex 7.1 90.9053 0
      vertex 73.0983 73.7364 0
      vertex 7.55563 90.5556 0
    endloop
  endfacet
  facet normal 0 0 -1
    outer loop
      vertex 117.9 90.9053 0
      vertex 7.1 90.9053 0
      vertex 125 95 0
    endloop
  endfacet
  facet normal 0 0 -1
    outer loop
      vertex 0 95 0
      vertex 7.1 90.9053 0
      vertex 6.5694 91.125 0
    endloop
  endfacet
  facet normal 0 0 -1
    outer loop
      vertex 0 95 0
      vertex 6.5694 91.125 0
      vertex 6 91.2 0
    endloop
  endfacet
  facet normal 0 0 -1
    outer loop
      vertex 7.1 90.9053 0
      vertex 0 95 0
      vertex 125 95 0
    endloop
  endfacet
  facet normal 0 0 -1
    outer loop
      vertex 5.4306 91.125 0
      vertex 0 95 0
      vertex 6 91.2 0
    endloop
  endfacet
  facet normal 0 0 -1
    outer loop
      vertex 4.9 90.9053 0
      vertex 0 95 0
      vertex 5.4306 91.125 0
    endloop
  endfacet
  facet normal 0 0 -1
    outer loop
      vertex 4.44436 90.5556 0
      vertex 0 95 0
      vertex 4.9 90.9053 0
    endloop
  endfacet
  facet normal 0 0 -1
    outer loop
      vertex 4.09474 90.1 0
      vertex 0 95 0
      vertex 4.44436 90.5556 0
    endloop
  endfacet
  facet normal 0 0 -1
    outer loop
      vertex 3.87496 89.5694 0
      vertex 0 95 0
      vertex 4.09474 90.1 0
    endloop
  endfacet
  facet normal 0 0 -1
    outer loop
      vertex 3.8 89 0
      vertex 0 95 0
      vertex 3.87496 89.5694 0
    endloop
  endfacet
  facet normal 0 0 -1
    outer loop
      vertex 3.87496 88.4306 0
      vertex 0 95 0
      vertex 3.8 89 0
    endloop
  endfacet
  facet normal 0 0 -1
    outer loop
      vertex 79.3364 28.0017 0
      vertex 95 40 0
      vertex 79.4 27.6 0
    endloop
  endfacet
  facet normal 0 0 -1
    outer loop
      vertex 79.1517 28.3641 0
      vertex 95 40 0
      vertex 79.3364 28.0017 0
    endloop
  endfacet
  facet normal 0 0 -1
    outer loop
      vertex 78.8641 28.6517 0
      vertex 95 40 0
      vertex 79.1517 28.3641 0
    endloop
  endfacet
  facet normal 0 0 -1
    outer loop
      vertex 78.5017 28.8364 0
      vertex 95 40 0
      vertex 78.8641 28.6517 0
    endloop
  endfacet
  facet normal 0 0 -1
    outer loop
      vertex 78.1 28.9 0
      vertex 95 40 0
      vertex 78.5017 28.8364 0
    endloop
  endfacet
  facet normal 0 0 -1
    outer loop
      vertex 77.6983 28.8364 0
      vertex 95 40 0
      vertex 78.1 28.9 0
    endloop
  endfacet
  facet normal 0 0 -1
    outer loop
      vertex 30 40 0
      vertex 77.6983 28.8364 0
      vertex 77.3359 28.6517 0
    endloop
  endfacet
  facet normal 0 0 -1
    outer loop
      vertex 74.2641 24.5517 0
      vertex 77.0483 26.8359 0
      vertex 74.5517 24.2641 0
    endloop
  endfacet
  facet normal -0 0 -1
    outer loop
      vertex 77.0483 26.8359 0
      vertex 74.2641 24.5517 0
      vertex 76.8636 27.1983 0
    endloop
  endfacet
  facet normal 0 0 -1
    outer loop
      vertex 73.9017 24.7364 0
      vertex 76.8636 27.1983 0
      vertex 74.2641 24.5517 0
    endloop
  endfacet
  facet normal -0 0 -1
    outer loop
      vertex 76.8636 27.1983 0
      vertex 73.9017 24.7364 0
      vertex 76.8 27.6 0
    endloop
  endfacet
  facet normal 0 0 -1
    outer loop
      vertex 73.5 24.8 0
      vertex 76.8 27.6 0
      vertex 73.9017 24.7364 0
    endloop
  endfacet
  facet normal -0 0 -1
    outer loop
      vertex 76.8 27.6 0
      vertex 73.5 24.8 0
      vertex 76.8636 28.0017 0
    endloop
  endfacet
  facet normal 0 0 -1
    outer loop
      vertex 73.0983 24.7364 0
      vertex 76.8636 28.0017 0
      vertex 73.5 24.8 0
    endloop
  endfacet
  facet normal -0 0 -1
    outer loop
      vertex 76.8636 28.0017 0
      vertex 73.0983 24.7364 0
      vertex 77.0483 28.3641 0
    endloop
  endfacet
  facet normal 0 0 -1
    outer loop
      vertex 72.7359 24.5517 0
      vertex 77.0483 28.3641 0
      vertex 73.0983 24.7364 0
    endloop
  endfacet
  facet normal 0 0 -1
    outer loop
      vertex 30 40 0
      vertex 77.0483 28.3641 0
      vertex 72.7359 24.5517 0
    endloop
  endfacet
  facet normal 0 0 -1
    outer loop
      vertex 77.6983 28.8364 0
      vertex 30 40 0
      vertex 95 40 0
    endloop
  endfacet
  facet normal 0 0 -1
    outer loop
      vertex 77.0483 28.3641 0
      vertex 30 40 0
      vertex 77.3359 28.6517 0
    endloop
  endfacet
  facet normal 0 0 -1
    outer loop
      vertex 72.4483 24.2641 0
      vertex 30 40 0
      vertex 72.7359 24.5517 0
    endloop
  endfacet
  facet normal 0 0 -1
    outer loop
      vertex 72.2636 23.9017 0
      vertex 30 40 0
      vertex 72.4483 24.2641 0
    endloop
  endfacet
  facet normal 0 0 -1
    outer loop
      vertex 27.2364 22.9017 0
      vertex 72.2636 23.9017 0
      vertex 72.2 23.5 0
    endloop
  endfacet
  facet normal -1 0 0
    outer loop
      vertex 0 0 0
      vertex 0 95 3
      vertex 0 95 0
    endloop
  endfacet
  facet normal -1 -0 0
    outer loop
      vertex 0 95 3
      vertex 0 0 0
      vertex 0 0 3
    endloop
  endfacet
  facet normal 0 1 -0
    outer loop
      vertex 125 95 0
      vertex 0 95 3
      vertex 125 95 3
    endloop
  endfacet
  facet normal 0 1 0
    outer loop
      vertex 0 95 3
      vertex 125 95 0
      vertex 0 95 0
    endloop
  endfacet
  facet normal 0 -1 0
    outer loop
      vertex 0 0 0
      vertex 125 0 3
      vertex 0 0 3
    endloop
  endfacet
  facet normal 0 -1 -0
    outer loop
      vertex 125 0 3
      vertex 0 0 0
      vertex 125 0 0
    endloop
  endfacet
  facet normal -0.890959 -0.454084 0
    outer loop
      vertex 27.2364 22.9017 0
      vertex 27.0517 23.2641 9
      vertex 27.0517 23.2641 0
    endloop
  endfacet
  facet normal -0.890959 -0.454084 0
    outer loop
      vertex 27.0517 23.2641 9
      vertex 27.2364 22.9017 0
      vertex 27.2364 22.9017 9
    endloop
  endfacet
  facet normal -0.987697 -0.156379 0
    outer loop
      vertex 27.3 22.5 0
      vertex 27.2364 22.9017 9
      vertex 27.2364 22.9017 0
    endloop
  endfacet
  facet normal -0.987697 -0.156379 0
    outer loop
      vertex 27.2364 22.9017 9
      vertex 27.3 22.5 0
      vertex 27.3 22.5 9
    endloop
  endfacet
  facet normal -0.454084 0.890959 0
    outer loop
      vertex 26.7641 21.4483 0
      vertex 26.4017 21.2636 9
      vertex 26.7641 21.4483 9
    endloop
  endfacet
  facet normal -0.454084 0.890959 0
    outer loop
      vertex 26.4017 21.2636 9
      vertex 26.7641 21.4483 0
      vertex 26.4017 21.2636 0
    endloop
  endfacet
  facet normal 0.454084 0.890959 -0
    outer loop
      vertex 25.5983 21.2636 0
      vertex 25.2359 21.4483 9
      vertex 25.5983 21.2636 9
    endloop
  endfacet
  facet normal 0.454084 0.890959 0
    outer loop
      vertex 25.2359 21.4483 9
      vertex 25.5983 21.2636 0
      vertex 25.2359 21.4483 0
    endloop
  endfacet
  facet normal -0.707107 -0.707107 0
    outer loop
      vertex 27.0517 23.2641 0
      vertex 26.7641 23.5517 9
      vertex 26.7641 23.5517 0
    endloop
  endfacet
  facet normal -0.707107 -0.707107 0
    outer loop
      vertex 26.7641 23.5517 9
      vertex 27.0517 23.2641 0
      vertex 27.0517 23.2641 9
    endloop
  endfacet
  facet normal 0.890959 0.454084 0
    outer loop
      vertex 24.9483 21.7359 9
      vertex 24.7636 22.0983 0
      vertex 24.7636 22.0983 9
    endloop
  endfacet
  facet normal 0.890959 0.454084 0
    outer loop
      vertex 24.7636 22.0983 0
      vertex 24.9483 21.7359 9
      vertex 24.9483 21.7359 0
    endloop
  endfacet
  facet normal -0.707107 0.707107 0
    outer loop
      vertex 26.7641 21.4483 0
      vertex 27.0517 21.7359 9
      vertex 27.0517 21.7359 0
    endloop
  endfacet
  facet normal -0.707107 0.707107 0
    outer loop
      vertex 27.0517 21.7359 9
      vertex 26.7641 21.4483 0
      vertex 26.7641 21.4483 9
    endloop
  endfacet
  facet normal 0.890959 -0.454084 0
    outer loop
      vertex 24.7636 22.9017 9
      vertex 24.9483 23.2641 0
      vertex 24.9483 23.2641 9
    endloop
  endfacet
  facet normal 0.890959 -0.454084 0
    outer loop
      vertex 24.9483 23.2641 0
      vertex 24.7636 22.9017 9
      vertex 24.7636 22.9017 0
    endloop
  endfacet
  facet normal -0.156379 0.987697 0
    outer loop
      vertex 26.4017 21.2636 0
      vertex 26 21.2 9
      vertex 26.4017 21.2636 9
    endloop
  endfacet
  facet normal -0.156379 0.987697 0
    outer loop
      vertex 26 21.2 9
      vertex 26.4017 21.2636 0
      vertex 26 21.2 0
    endloop
  endfacet
  facet normal 0.156379 -0.987697 0
    outer loop
      vertex 25.5983 23.7364 0
      vertex 26 23.8 9
      vertex 25.5983 23.7364 9
    endloop
  endfacet
  facet normal 0.156379 -0.987697 0
    outer loop
      vertex 26 23.8 9
      vertex 25.5983 23.7364 0
      vertex 26 23.8 0
    endloop
  endfacet
  facet normal 0.156379 0.987697 -0
    outer loop
      vertex 26 21.2 0
      vertex 25.5983 21.2636 9
      vertex 26 21.2 9
    endloop
  endfacet
  facet normal 0.156379 0.987697 0
    outer loop
      vertex 25.5983 21.2636 9
      vertex 26 21.2 0
      vertex 25.5983 21.2636 0
    endloop
  endfacet
  facet normal 0.454084 -0.890959 0
    outer loop
      vertex 25.2359 23.5517 0
      vertex 25.5983 23.7364 9
      vertex 25.2359 23.5517 9
    endloop
  endfacet
  facet normal 0.454084 -0.890959 0
    outer loop
      vertex 25.5983 23.7364 9
      vertex 25.2359 23.5517 0
      vertex 25.5983 23.7364 0
    endloop
  endfacet
  facet normal -0.987697 0.156379 0
    outer loop
      vertex 27.2364 22.0983 0
      vertex 27.3 22.5 9
      vertex 27.3 22.5 0
    endloop
  endfacet
  facet normal -0.987697 0.156379 0
    outer loop
      vertex 27.3 22.5 9
      vertex 27.2364 22.0983 0
      vertex 27.2364 22.0983 9
    endloop
  endfacet
  facet normal -0.890959 0.454084 0
    outer loop
      vertex 27.0517 21.7359 0
      vertex 27.2364 22.0983 9
      vertex 27.2364 22.0983 0
    endloop
  endfacet
  facet normal -0.890959 0.454084 0
    outer loop
      vertex 27.2364 22.0983 9
      vertex 27.0517 21.7359 0
      vertex 27.0517 21.7359 9
    endloop
  endfacet
  facet normal -0.156379 -0.987697 0
    outer loop
      vertex 26 23.8 0
      vertex 26.4017 23.7364 9
      vertex 26 23.8 9
    endloop
  endfacet
  facet normal -0.156379 -0.987697 -0
    outer loop
      vertex 26.4017 23.7364 9
      vertex 26 23.8 0
      vertex 26.4017 23.7364 0
    endloop
  endfacet
  facet normal -0.454084 -0.890959 0
    outer loop
      vertex 26.4017 23.7364 0
      vertex 26.7641 23.5517 9
      vertex 26.4017 23.7364 9
    endloop
  endfacet
  facet normal -0.454084 -0.890959 -0
    outer loop
      vertex 26.7641 23.5517 9
      vertex 26.4017 23.7364 0
      vertex 26.7641 23.5517 0
    endloop
  endfacet
  facet normal 0.987697 0.156379 0
    outer loop
      vertex 24.7636 22.0983 9
      vertex 24.7 22.5 0
      vertex 24.7 22.5 9
    endloop
  endfacet
  facet normal 0.987697 0.156379 0
    outer loop
      vertex 24.7 22.5 0
      vertex 24.7636 22.0983 9
      vertex 24.7636 22.0983 0
    endloop
  endfacet
  facet normal 0.987697 -0.156379 0
    outer loop
      vertex 24.7 22.5 9
      vertex 24.7636 22.9017 0
      vertex 24.7636 22.9017 9
    endloop
  endfacet
  facet normal 0.987697 -0.156379 0
    outer loop
      vertex 24.7636 22.9017 0
      vertex 24.7 22.5 9
      vertex 24.7 22.5 0
    endloop
  endfacet
  facet normal 0.707107 0.707107 0
    outer loop
      vertex 25.2359 21.4483 9
      vertex 24.9483 21.7359 0
      vertex 24.9483 21.7359 9
    endloop
  endfacet
  facet normal 0.707107 0.707107 0
    outer loop
      vertex 24.9483 21.7359 0
      vertex 25.2359 21.4483 9
      vertex 25.2359 21.4483 0
    endloop
  endfacet
  facet normal 0.707107 -0.707107 0
    outer loop
      vertex 24.9483 23.2641 9
      vertex 25.2359 23.5517 0
      vertex 25.2359 23.5517 9
    endloop
  endfacet
  facet normal 0.707107 -0.707107 0
    outer loop
      vertex 25.2359 23.5517 0
      vertex 24.9483 23.2641 9
      vertex 24.9483 23.2641 0
    endloop
  endfacet
  facet normal -0.890959 -0.454084 0
    outer loop
      vertex 28.5364 71.1017 0
      vertex 28.3517 71.4641 9
      vertex 28.3517 71.4641 0
    endloop
  endfacet
  facet normal -0.890959 -0.454084 0
    outer loop
      vertex 28.3517 71.4641 9
      vertex 28.5364 71.1017 0
      vertex 28.5364 71.1017 9
    endloop
  endfacet
  facet normal -0.987697 -0.156379 0
    outer loop
      vertex 28.6 70.7 0
      vertex 28.5364 71.1017 9
      vertex 28.5364 71.1017 0
    endloop
  endfacet
  facet normal -0.987697 -0.156379 0
    outer loop
      vertex 28.5364 71.1017 9
      vertex 28.6 70.7 0
      vertex 28.6 70.7 9
    endloop
  endfacet
  facet normal -0.707107 -0.707107 0
    outer loop
      vertex 28.3517 71.4641 0
      vertex 28.0641 71.7517 9
      vertex 28.0641 71.7517 0
    endloop
  endfacet
  facet normal -0.707107 -0.707107 0
    outer loop
      vertex 28.0641 71.7517 9
      vertex 28.3517 71.4641 0
      vertex 28.3517 71.4641 9
    endloop
  endfacet
  facet normal -0.987697 0.156379 0
    outer loop
      vertex 28.5364 70.2983 0
      vertex 28.6 70.7 9
      vertex 28.6 70.7 0
    endloop
  endfacet
  facet normal -0.987697 0.156379 0
    outer loop
      vertex 28.6 70.7 9
      vertex 28.5364 70.2983 0
      vertex 28.5364 70.2983 9
    endloop
  endfacet
  facet normal -0.454084 0.890959 0
    outer loop
      vertex 28.0641 69.6483 0
      vertex 27.7017 69.4636 9
      vertex 28.0641 69.6483 9
    endloop
  endfacet
  facet normal -0.454084 0.890959 0
    outer loop
      vertex 27.7017 69.4636 9
      vertex 28.0641 69.6483 0
      vertex 27.7017 69.4636 0
    endloop
  endfacet
  facet normal -0.890959 0.454084 0
    outer loop
      vertex 28.3517 69.9359 0
      vertex 28.5364 70.2983 9
      vertex 28.5364 70.2983 0
    endloop
  endfacet
  facet normal -0.890959 0.454084 0
    outer loop
      vertex 28.5364 70.2983 9
      vertex 28.3517 69.9359 0
      vertex 28.3517 69.9359 9
    endloop
  endfacet
  facet normal 0.707107 -0.707107 0
    outer loop
      vertex 26.2483 71.4641 9
      vertex 26.5359 71.7517 0
      vertex 26.5359 71.7517 9
    endloop
  endfacet
  facet normal 0.707107 -0.707107 0
    outer loop
      vertex 26.5359 71.7517 0
      vertex 26.2483 71.4641 9
      vertex 26.2483 71.4641 0
    endloop
  endfacet
  facet normal 0.987697 -0.156379 0
    outer loop
      vertex 26 70.7 9
      vertex 26.0636 71.1017 0
      vertex 26.0636 71.1017 9
    endloop
  endfacet
  facet normal 0.987697 -0.156379 0
    outer loop
      vertex 26.0636 71.1017 0
      vertex 26 70.7 9
      vertex 26 70.7 0
    endloop
  endfacet
  facet normal 0.987697 0.156379 0
    outer loop
      vertex 26.0636 70.2983 9
      vertex 26 70.7 0
      vertex 26 70.7 9
    endloop
  endfacet
  facet normal 0.987697 0.156379 0
    outer loop
      vertex 26 70.7 0
      vertex 26.0636 70.2983 9
      vertex 26.0636 70.2983 0
    endloop
  endfacet
  facet normal -0.707107 0.707107 0
    outer loop
      vertex 28.0641 69.6483 0
      vertex 28.3517 69.9359 9
      vertex 28.3517 69.9359 0
    endloop
  endfacet
  facet normal -0.707107 0.707107 0
    outer loop
      vertex 28.3517 69.9359 9
      vertex 28.0641 69.6483 0
      vertex 28.0641 69.6483 9
    endloop
  endfacet
  facet normal 0.156379 0.987697 -0
    outer loop
      vertex 27.3 69.4 0
      vertex 26.8983 69.4636 9
      vertex 27.3 69.4 9
    endloop
  endfacet
  facet normal 0.156379 0.987697 0
    outer loop
      vertex 26.8983 69.4636 9
      vertex 27.3 69.4 0
      vertex 26.8983 69.4636 0
    endloop
  endfacet
  facet normal 0.454084 0.890959 -0
    outer loop
      vertex 26.8983 69.4636 0
      vertex 26.5359 69.6483 9
      vertex 26.8983 69.4636 9
    endloop
  endfacet
  facet normal 0.454084 0.890959 0
    outer loop
      vertex 26.5359 69.6483 9
      vertex 26.8983 69.4636 0
      vertex 26.5359 69.6483 0
    endloop
  endfacet
  facet normal 0.454084 -0.890959 0
    outer loop
      vertex 26.5359 71.7517 0
      vertex 26.8983 71.9364 9
      vertex 26.5359 71.7517 9
    endloop
  endfacet
  facet normal 0.454084 -0.890959 0
    outer loop
      vertex 26.8983 71.9364 9
      vertex 26.5359 71.7517 0
      vertex 26.8983 71.9364 0
    endloop
  endfacet
  facet normal 0.890959 -0.454084 0
    outer loop
      vertex 26.0636 71.1017 9
      vertex 26.2483 71.4641 0
      vertex 26.2483 71.4641 9
    endloop
  endfacet
  facet normal 0.890959 -0.454084 0
    outer loop
      vertex 26.2483 71.4641 0
      vertex 26.0636 71.1017 9
      vertex 26.0636 71.1017 0
    endloop
  endfacet
  facet normal -0.156379 -0.987697 0
    outer loop
      vertex 27.3 72 0
      vertex 27.7017 71.9364 9
      vertex 27.3 72 9
    endloop
  endfacet
  facet normal -0.156379 -0.987697 -0
    outer loop
      vertex 27.7017 71.9364 9
      vertex 27.3 72 0
      vertex 27.7017 71.9364 0
    endloop
  endfacet
  facet normal -0.454084 -0.890959 0
    outer loop
      vertex 27.7017 71.9364 0
      vertex 28.0641 71.7517 9
      vertex 27.7017 71.9364 9
    endloop
  endfacet
  facet normal -0.454084 -0.890959 -0
    outer loop
      vertex 28.0641 71.7517 9
      vertex 27.7017 71.9364 0
      vertex 28.0641 71.7517 0
    endloop
  endfacet
  facet normal -0.156379 0.987697 0
    outer loop
      vertex 27.7017 69.4636 0
      vertex 27.3 69.4 9
      vertex 27.7017 69.4636 9
    endloop
  endfacet
  facet normal -0.156379 0.987697 0
    outer loop
      vertex 27.3 69.4 9
      vertex 27.7017 69.4636 0
      vertex 27.3 69.4 0
    endloop
  endfacet
  facet normal 0.156379 -0.987697 0
    outer loop
      vertex 26.8983 71.9364 0
      vertex 27.3 72 9
      vertex 26.8983 71.9364 9
    endloop
  endfacet
  facet normal 0.156379 -0.987697 0
    outer loop
      vertex 27.3 72 9
      vertex 26.8983 71.9364 0
      vertex 27.3 72 0
    endloop
  endfacet
  facet normal 0.707107 0.707107 0
    outer loop
      vertex 26.5359 69.6483 9
      vertex 26.2483 69.9359 0
      vertex 26.2483 69.9359 9
    endloop
  endfacet
  facet normal 0.707107 0.707107 0
    outer loop
      vertex 26.2483 69.9359 0
      vertex 26.5359 69.6483 9
      vertex 26.5359 69.6483 0
    endloop
  endfacet
  facet normal 0.890959 0.454084 0
    outer loop
      vertex 26.2483 69.9359 9
      vertex 26.0636 70.2983 0
      vertex 26.0636 70.2983 9
    endloop
  endfacet
  facet normal 0.890959 0.454084 0
    outer loop
      vertex 26.0636 70.2983 0
      vertex 26.2483 69.9359 9
      vertex 26.2483 69.9359 0
    endloop
  endfacet
  facet normal -0.156379 0.987697 0
    outer loop
      vertex 78.5017 26.3636 0
      vertex 78.1 26.3 9
      vertex 78.5017 26.3636 9
    endloop
  endfacet
  facet normal -0.156379 0.987697 0
    outer loop
      vertex 78.1 26.3 9
      vertex 78.5017 26.3636 0
      vertex 78.1 26.3 0
    endloop
  endfacet
  facet normal -0.890959 -0.454084 0
    outer loop
      vertex 79.3364 28.0017 0
      vertex 79.1517 28.3641 9
      vertex 79.1517 28.3641 0
    endloop
  endfacet
  facet normal -0.890959 -0.454084 0
    outer loop
      vertex 79.1517 28.3641 9
      vertex 79.3364 28.0017 0
      vertex 79.3364 28.0017 9
    endloop
  endfacet
  facet normal -0.987697 -0.156379 0
    outer loop
      vertex 79.4 27.6 0
      vertex 79.3364 28.0017 9
      vertex 79.3364 28.0017 0
    endloop
  endfacet
  facet normal -0.987697 -0.156379 0
    outer loop
      vertex 79.3364 28.0017 9
      vertex 79.4 27.6 0
      vertex 79.4 27.6 9
    endloop
  endfacet
  facet normal -0.707107 -0.707107 0
    outer loop
      vertex 79.1517 28.3641 0
      vertex 78.8641 28.6517 9
      vertex 78.8641 28.6517 0
    endloop
  endfacet
  facet normal -0.707107 -0.707107 0
    outer loop
      vertex 78.8641 28.6517 9
      vertex 79.1517 28.3641 0
      vertex 79.1517 28.3641 9
    endloop
  endfacet
  facet normal -0.987697 0.156379 0
    outer loop
      vertex 79.3364 27.1983 0
      vertex 79.4 27.6 9
      vertex 79.4 27.6 0
    endloop
  endfacet
  facet normal -0.987697 0.156379 0
    outer loop
      vertex 79.4 27.6 9
      vertex 79.3364 27.1983 0
      vertex 79.3364 27.1983 9
    endloop
  endfacet
  facet normal 0.707107 -0.707107 0
    outer loop
      vertex 77.0483 28.3641 9
      vertex 77.3359 28.6517 0
      vertex 77.3359 28.6517 9
    endloop
  endfacet
  facet normal 0.707107 -0.707107 0
    outer loop
      vertex 77.3359 28.6517 0
      vertex 77.0483 28.3641 9
      vertex 77.0483 28.3641 0
    endloop
  endfacet
  facet normal 0.156379 -0.987697 0
    outer loop
      vertex 77.6983 28.8364 0
      vertex 78.1 28.9 9
      vertex 77.6983 28.8364 9
    endloop
  endfacet
  facet normal 0.156379 -0.987697 0
    outer loop
      vertex 78.1 28.9 9
      vertex 77.6983 28.8364 0
      vertex 78.1 28.9 0
    endloop
  endfacet
  facet normal 0.987697 -0.156379 0
    outer loop
      vertex 76.8 27.6 9
      vertex 76.8636 28.0017 0
      vertex 76.8636 28.0017 9
    endloop
  endfacet
  facet normal 0.987697 -0.156379 0
    outer loop
      vertex 76.8636 28.0017 0
      vertex 76.8 27.6 9
      vertex 76.8 27.6 0
    endloop
  endfacet
  facet normal -0.454084 -0.890959 0
    outer loop
      vertex 78.5017 28.8364 0
      vertex 78.8641 28.6517 9
      vertex 78.5017 28.8364 9
    endloop
  endfacet
  facet normal -0.454084 -0.890959 -0
    outer loop
      vertex 78.8641 28.6517 9
      vertex 78.5017 28.8364 0
      vertex 78.8641 28.6517 0
    endloop
  endfacet
  facet normal -0.454084 0.890959 0
    outer loop
      vertex 78.8641 26.5483 0
      vertex 78.5017 26.3636 9
      vertex 78.8641 26.5483 9
    endloop
  endfacet
  facet normal -0.454084 0.890959 0
    outer loop
      vertex 78.5017 26.3636 9
      vertex 78.8641 26.5483 0
      vertex 78.5017 26.3636 0
    endloop
  endfacet
  facet normal -0.890959 0.454084 0
    outer loop
      vertex 79.1517 26.8359 0
      vertex 79.3364 27.1983 9
      vertex 79.3364 27.1983 0
    endloop
  endfacet
  facet normal -0.890959 0.454084 0
    outer loop
      vertex 79.3364 27.1983 9
      vertex 79.1517 26.8359 0
      vertex 79.1517 26.8359 9
    endloop
  endfacet
  facet normal -0.707107 0.707107 0
    outer loop
      vertex 78.8641 26.5483 0
      vertex 79.1517 26.8359 9
      vertex 79.1517 26.8359 0
    endloop
  endfacet
  facet normal -0.707107 0.707107 0
    outer loop
      vertex 79.1517 26.8359 9
      vertex 78.8641 26.5483 0
      vertex 78.8641 26.5483 9
    endloop
  endfacet
  facet normal 0.890959 0.454084 0
    outer loop
      vertex 77.0483 26.8359 9
      vertex 76.8636 27.1983 0
      vertex 76.8636 27.1983 9
    endloop
  endfacet
  facet normal 0.890959 0.454084 0
    outer loop
      vertex 76.8636 27.1983 0
      vertex 77.0483 26.8359 9
      vertex 77.0483 26.8359 0
    endloop
  endfacet
  facet normal 0.890959 -0.454084 0
    outer loop
      vertex 76.8636 28.0017 9
      vertex 77.0483 28.3641 0
      vertex 77.0483 28.3641 9
    endloop
  endfacet
  facet normal 0.890959 -0.454084 0
    outer loop
      vertex 77.0483 28.3641 0
      vertex 76.8636 28.0017 9
      vertex 76.8636 28.0017 0
    endloop
  endfacet
  facet normal 0.454084 -0.890959 0
    outer loop
      vertex 77.3359 28.6517 0
      vertex 77.6983 28.8364 9
      vertex 77.3359 28.6517 9
    endloop
  endfacet
  facet normal 0.454084 -0.890959 0
    outer loop
      vertex 77.6983 28.8364 9
      vertex 77.3359 28.6517 0
      vertex 77.6983 28.8364 0
    endloop
  endfacet
  facet normal 0.987697 0.156379 0
    outer loop
      vertex 76.8636 27.1983 9
      vertex 76.8 27.6 0
      vertex 76.8 27.6 9
    endloop
  endfacet
  facet normal 0.987697 0.156379 0
    outer loop
      vertex 76.8 27.6 0
      vertex 76.8636 27.1983 9
      vertex 76.8636 27.1983 0
    endloop
  endfacet
  facet normal -0.156379 -0.987697 0
    outer loop
      vertex 78.1 28.9 0
      vertex 78.5017 28.8364 9
      vertex 78.1 28.9 9
    endloop
  endfacet
  facet normal -0.156379 -0.987697 -0
    outer loop
      vertex 78.5017 28.8364 9
      vertex 78.1 28.9 0
      vertex 78.5017 28.8364 0
    endloop
  endfacet
  facet normal 0.707107 0.707107 0
    outer loop
      vertex 77.3359 26.5483 9
      vertex 77.0483 26.8359 0
      vertex 77.0483 26.8359 9
    endloop
  endfacet
  facet normal 0.707107 0.707107 0
    outer loop
      vertex 77.0483 26.8359 0
      vertex 77.3359 26.5483 9
      vertex 77.3359 26.5483 0
    endloop
  endfacet
  facet normal 0.454084 0.890959 -0
    outer loop
      vertex 77.6983 26.3636 0
      vertex 77.3359 26.5483 9
      vertex 77.6983 26.3636 9
    endloop
  endfacet
  facet normal 0.454084 0.890959 0
    outer loop
      vertex 77.3359 26.5483 9
      vertex 77.6983 26.3636 0
      vertex 77.3359 26.5483 0
    endloop
  endfacet
  facet normal 0.156379 0.987697 -0
    outer loop
      vertex 78.1 26.3 0
      vertex 77.6983 26.3636 9
      vertex 78.1 26.3 9
    endloop
  endfacet
  facet normal 0.156379 0.987697 0
    outer loop
      vertex 77.6983 26.3636 9
      vertex 78.1 26.3 0
      vertex 77.6983 26.3636 0
    endloop
  endfacet
  facet normal -0.890959 -0.454084 0
    outer loop
      vertex 79.3364 55.9017 4
      vertex 79.1517 56.2641 9
      vertex 79.1517 56.2641 4
    endloop
  endfacet
  facet normal -0.890959 -0.454084 0
    outer loop
      vertex 79.1517 56.2641 9
      vertex 79.3364 55.9017 4
      vertex 79.3364 55.9017 9
    endloop
  endfacet
  facet normal -0.987697 -0.156379 0
    outer loop
      vertex 79.4 55.5 4
      vertex 79.3364 55.9017 9
      vertex 79.3364 55.9017 4
    endloop
  endfacet
  facet normal -0.987697 -0.156379 0
    outer loop
      vertex 79.3364 55.9017 9
      vertex 79.4 55.5 4
      vertex 79.4 55.5 9
    endloop
  endfacet
  facet normal -0.707107 -0.707107 0
    outer loop
      vertex 79.1517 56.2641 4
      vertex 78.8641 56.5517 9
      vertex 78.8641 56.5517 4
    endloop
  endfacet
  facet normal -0.707107 -0.707107 0
    outer loop
      vertex 78.8641 56.5517 9
      vertex 79.1517 56.2641 4
      vertex 79.1517 56.2641 9
    endloop
  endfacet
  facet normal -0.454084 0.890959 0
    outer loop
      vertex 78.8641 54.4483 4
      vertex 78.5017 54.2636 9
      vertex 78.8641 54.4483 9
    endloop
  endfacet
  facet normal -0.454084 0.890959 0
    outer loop
      vertex 78.5017 54.2636 9
      vertex 78.8641 54.4483 4
      vertex 78.5017 54.2636 4
    endloop
  endfacet
  facet normal -0.156379 0.987697 0
    outer loop
      vertex 78.5017 54.2636 4
      vertex 78.1 54.2 9
      vertex 78.5017 54.2636 9
    endloop
  endfacet
  facet normal -0.156379 0.987697 0
    outer loop
      vertex 78.1 54.2 9
      vertex 78.5017 54.2636 4
      vertex 78.1 54.2 4
    endloop
  endfacet
  facet normal 0.707107 -0.707107 0
    outer loop
      vertex 77.0483 56.2641 9
      vertex 77.3359 56.5517 4
      vertex 77.3359 56.5517 9
    endloop
  endfacet
  facet normal 0.707107 -0.707107 0
    outer loop
      vertex 77.3359 56.5517 4
      vertex 77.0483 56.2641 9
      vertex 77.0483 56.2641 4
    endloop
  endfacet
  facet normal -0.987697 0.156379 0
    outer loop
      vertex 79.3364 55.0983 4
      vertex 79.4 55.5 9
      vertex 79.4 55.5 4
    endloop
  endfacet
  facet normal -0.987697 0.156379 0
    outer loop
      vertex 79.4 55.5 9
      vertex 79.3364 55.0983 4
      vertex 79.3364 55.0983 9
    endloop
  endfacet
  facet normal 0.156379 0.987697 -0
    outer loop
      vertex 78.1 54.2 4
      vertex 77.6983 54.2636 9
      vertex 78.1 54.2 9
    endloop
  endfacet
  facet normal 0.156379 0.987697 0
    outer loop
      vertex 77.6983 54.2636 9
      vertex 78.1 54.2 4
      vertex 77.6983 54.2636 4
    endloop
  endfacet
  facet normal -0.156379 -0.987697 0
    outer loop
      vertex 78.1 56.8 4
      vertex 78.5017 56.7364 9
      vertex 78.1 56.8 9
    endloop
  endfacet
  facet normal -0.156379 -0.987697 -0
    outer loop
      vertex 78.5017 56.7364 9
      vertex 78.1 56.8 4
      vertex 78.5017 56.7364 4
    endloop
  endfacet
  facet normal 0.454084 -0.890959 0
    outer loop
      vertex 77.3359 56.5517 4
      vertex 77.6983 56.7364 9
      vertex 77.3359 56.5517 9
    endloop
  endfacet
  facet normal 0.454084 -0.890959 0
    outer loop
      vertex 77.6983 56.7364 9
      vertex 77.3359 56.5517 4
      vertex 77.6983 56.7364 4
    endloop
  endfacet
  facet normal 0.987697 -0.156379 0
    outer loop
      vertex 76.8 55.5 9
      vertex 76.8636 55.9017 4
      vertex 76.8636 55.9017 9
    endloop
  endfacet
  facet normal 0.987697 -0.156379 0
    outer loop
      vertex 76.8636 55.9017 4
      vertex 76.8 55.5 9
      vertex 76.8 55.5 4
    endloop
  endfacet
  facet normal 0.890959 -0.454084 0
    outer loop
      vertex 76.8636 55.9017 9
      vertex 77.0483 56.2641 4
      vertex 77.0483 56.2641 9
    endloop
  endfacet
  facet normal 0.890959 -0.454084 0
    outer loop
      vertex 77.0483 56.2641 4
      vertex 76.8636 55.9017 9
      vertex 76.8636 55.9017 4
    endloop
  endfacet
  facet normal 0.987697 0.156379 0
    outer loop
      vertex 76.8636 55.0983 9
      vertex 76.8 55.5 4
      vertex 76.8 55.5 9
    endloop
  endfacet
  facet normal 0.987697 0.156379 0
    outer loop
      vertex 76.8 55.5 4
      vertex 76.8636 55.0983 9
      vertex 76.8636 55.0983 4
    endloop
  endfacet
  facet normal -0.890959 0.454084 0
    outer loop
      vertex 79.1517 54.7359 4
      vertex 79.3364 55.0983 9
      vertex 79.3364 55.0983 4
    endloop
  endfacet
  facet normal -0.890959 0.454084 0
    outer loop
      vertex 79.3364 55.0983 9
      vertex 79.1517 54.7359 4
      vertex 79.1517 54.7359 9
    endloop
  endfacet
  facet normal -0.454084 -0.890959 0
    outer loop
      vertex 78.5017 56.7364 4
      vertex 78.8641 56.5517 9
      vertex 78.5017 56.7364 9
    endloop
  endfacet
  facet normal -0.454084 -0.890959 -0
    outer loop
      vertex 78.8641 56.5517 9
      vertex 78.5017 56.7364 4
      vertex 78.8641 56.5517 4
    endloop
  endfacet
  facet normal 0.156379 -0.987697 0
    outer loop
      vertex 77.6983 56.7364 4
      vertex 78.1 56.8 9
      vertex 77.6983 56.7364 9
    endloop
  endfacet
  facet normal 0.156379 -0.987697 0
    outer loop
      vertex 78.1 56.8 9
      vertex 77.6983 56.7364 4
      vertex 78.1 56.8 4
    endloop
  endfacet
  facet normal -0.707107 0.707107 0
    outer loop
      vertex 78.8641 54.4483 4
      vertex 79.1517 54.7359 9
      vertex 79.1517 54.7359 4
    endloop
  endfacet
  facet normal -0.707107 0.707107 0
    outer loop
      vertex 79.1517 54.7359 9
      vertex 78.8641 54.4483 4
      vertex 78.8641 54.4483 9
    endloop
  endfacet
  facet normal 0.890959 0.454084 0
    outer loop
      vertex 77.0483 54.7359 9
      vertex 76.8636 55.0983 4
      vertex 76.8636 55.0983 9
    endloop
  endfacet
  facet normal 0.890959 0.454084 0
    outer loop
      vertex 76.8636 55.0983 4
      vertex 77.0483 54.7359 9
      vertex 77.0483 54.7359 4
    endloop
  endfacet
  facet normal 0.707107 0.707107 0
    outer loop
      vertex 77.3359 54.4483 9
      vertex 77.0483 54.7359 4
      vertex 77.0483 54.7359 9
    endloop
  endfacet
  facet normal 0.707107 0.707107 0
    outer loop
      vertex 77.0483 54.7359 4
      vertex 77.3359 54.4483 9
      vertex 77.3359 54.4483 4
    endloop
  endfacet
  facet normal 0.454084 0.890959 -0
    outer loop
      vertex 77.6983 54.2636 4
      vertex 77.3359 54.4483 9
      vertex 77.6983 54.2636 9
    endloop
  endfacet
  facet normal 0.454084 0.890959 0
    outer loop
      vertex 77.3359 54.4483 9
      vertex 77.6983 54.2636 4
      vertex 77.3359 54.4483 4
    endloop
  endfacet
  facet normal -0.891655 -0.452716 0
    outer loop
      vertex 103.436 71.1017 0
      vertex 103.252 71.4641 9
      vertex 103.252 71.4641 0
    endloop
  endfacet
  facet normal -0.891655 -0.452716 0
    outer loop
      vertex 103.252 71.4641 9
      vertex 103.436 71.1017 0
      vertex 103.436 71.1017 9
    endloop
  endfacet
  facet normal -0.987545 -0.157338 0
    outer loop
      vertex 103.5 70.7 0
      vertex 103.436 71.1017 9
      vertex 103.436 71.1017 0
    endloop
  endfacet
  facet normal -0.987545 -0.157338 0
    outer loop
      vertex 103.436 71.1017 9
      vertex 103.5 70.7 0
      vertex 103.5 70.7 9
    endloop
  endfacet
  facet normal 0.987545 -0.157338 0
    outer loop
      vertex 100.9 70.7 9
      vertex 100.964 71.1017 0
      vertex 100.964 71.1017 9
    endloop
  endfacet
  facet normal 0.987545 -0.157338 0
    outer loop
      vertex 100.964 71.1017 0
      vertex 100.9 70.7 9
      vertex 100.9 70.7 0
    endloop
  endfacet
  facet normal -0.156265 0.987715 0
    outer loop
      vertex 102.602 69.4636 0
      vertex 102.2 69.4 9
      vertex 102.602 69.4636 9
    endloop
  endfacet
  facet normal -0.156265 0.987715 0
    outer loop
      vertex 102.2 69.4 9
      vertex 102.602 69.4636 0
      vertex 102.2 69.4 0
    endloop
  endfacet
  facet normal -0.454482 0.890756 0
    outer loop
      vertex 102.964 69.6483 0
      vertex 102.602 69.4636 9
      vertex 102.964 69.6483 9
    endloop
  endfacet
  facet normal -0.454482 0.890756 0
    outer loop
      vertex 102.602 69.4636 9
      vertex 102.964 69.6483 0
      vertex 102.602 69.4636 0
    endloop
  endfacet
  facet normal -0.706615 0.707598 0
    outer loop
      vertex 102.964 69.6483 0
      vertex 103.252 69.9359 9
      vertex 103.252 69.9359 0
    endloop
  endfacet
  facet normal -0.706615 0.707598 0
    outer loop
      vertex 103.252 69.9359 9
      vertex 102.964 69.6483 0
      vertex 102.964 69.6483 9
    endloop
  endfacet
  facet normal -0.891655 0.452716 0
    outer loop
      vertex 103.252 69.9359 0
      vertex 103.436 70.2983 9
      vertex 103.436 70.2983 0
    endloop
  endfacet
  facet normal -0.891655 0.452716 0
    outer loop
      vertex 103.436 70.2983 9
      vertex 103.252 69.9359 0
      vertex 103.252 69.9359 9
    endloop
  endfacet
  facet normal 0.891655 -0.452716 0
    outer loop
      vertex 100.964 71.1017 9
      vertex 101.148 71.4641 0
      vertex 101.148 71.4641 9
    endloop
  endfacet
  facet normal 0.891655 -0.452716 0
    outer loop
      vertex 101.148 71.4641 0
      vertex 100.964 71.1017 9
      vertex 100.964 71.1017 0
    endloop
  endfacet
  facet normal 0.454482 0.890756 -0
    outer loop
      vertex 101.798 69.4636 0
      vertex 101.436 69.6483 9
      vertex 101.798 69.4636 9
    endloop
  endfacet
  facet normal 0.454482 0.890756 0
    outer loop
      vertex 101.436 69.6483 9
      vertex 101.798 69.4636 0
      vertex 101.436 69.6483 0
    endloop
  endfacet
  facet normal -0.987545 0.157338 0
    outer loop
      vertex 103.436 70.2983 0
      vertex 103.5 70.7 9
      vertex 103.5 70.7 0
    endloop
  endfacet
  facet normal -0.987545 0.157338 0
    outer loop
      vertex 103.5 70.7 9
      vertex 103.436 70.2983 0
      vertex 103.436 70.2983 9
    endloop
  endfacet
  facet normal 0.156265 -0.987715 0
    outer loop
      vertex 101.798 71.9364 0
      vertex 102.2 72 9
      vertex 101.798 71.9364 9
    endloop
  endfacet
  facet normal 0.156265 -0.987715 0
    outer loop
      vertex 102.2 72 9
      vertex 101.798 71.9364 0
      vertex 102.2 72 0
    endloop
  endfacet
  facet normal -0.156265 -0.987715 0
    outer loop
      vertex 102.2 72 0
      vertex 102.602 71.9364 9
      vertex 102.2 72 9
    endloop
  endfacet
  facet normal -0.156265 -0.987715 -0
    outer loop
      vertex 102.602 71.9364 9
      vertex 102.2 72 0
      vertex 102.602 71.9364 0
    endloop
  endfacet
  facet normal 0.706615 0.707598 0
    outer loop
      vertex 101.436 69.6483 9
      vertex 101.148 69.9359 0
      vertex 101.148 69.9359 9
    endloop
  endfacet
  facet normal 0.706615 0.707598 0
    outer loop
      vertex 101.148 69.9359 0
      vertex 101.436 69.6483 9
      vertex 101.436 69.6483 0
    endloop
  endfacet
  facet normal 0.454482 -0.890756 0
    outer loop
      vertex 101.436 71.7517 0
      vertex 101.798 71.9364 9
      vertex 101.436 71.7517 9
    endloop
  endfacet
  facet normal 0.454482 -0.890756 0
    outer loop
      vertex 101.798 71.9364 9
      vertex 101.436 71.7517 0
      vertex 101.798 71.9364 0
    endloop
  endfacet
  facet normal 0.156265 0.987715 -0
    outer loop
      vertex 102.2 69.4 0
      vertex 101.798 69.4636 9
      vertex 102.2 69.4 9
    endloop
  endfacet
  facet normal 0.156265 0.987715 0
    outer loop
      vertex 101.798 69.4636 9
      vertex 102.2 69.4 0
      vertex 101.798 69.4636 0
    endloop
  endfacet
  facet normal 0.987545 0.157338 0
    outer loop
      vertex 100.964 70.2983 9
      vertex 100.9 70.7 0
      vertex 100.9 70.7 9
    endloop
  endfacet
  facet normal 0.987545 0.157338 0
    outer loop
      vertex 100.9 70.7 0
      vertex 100.964 70.2983 9
      vertex 100.964 70.2983 0
    endloop
  endfacet
  facet normal 0.891655 0.452716 0
    outer loop
      vertex 101.148 69.9359 9
      vertex 100.964 70.2983 0
      vertex 100.964 70.2983 9
    endloop
  endfacet
  facet normal 0.891655 0.452716 0
    outer loop
      vertex 100.964 70.2983 0
      vertex 101.148 69.9359 9
      vertex 101.148 69.9359 0
    endloop
  endfacet
  facet normal -0.454482 -0.890756 0
    outer loop
      vertex 102.602 71.9364 0
      vertex 102.964 71.7517 9
      vertex 102.602 71.9364 9
    endloop
  endfacet
  facet normal -0.454482 -0.890756 -0
    outer loop
      vertex 102.964 71.7517 9
      vertex 102.602 71.9364 0
      vertex 102.964 71.7517 0
    endloop
  endfacet
  facet normal 0.706615 -0.707598 0
    outer loop
      vertex 101.148 71.4641 9
      vertex 101.436 71.7517 0
      vertex 101.436 71.7517 9
    endloop
  endfacet
  facet normal 0.706615 -0.707598 0
    outer loop
      vertex 101.436 71.7517 0
      vertex 101.148 71.4641 9
      vertex 101.148 71.4641 0
    endloop
  endfacet
  facet normal -0.706615 -0.707598 0
    outer loop
      vertex 103.252 71.4641 0
      vertex 102.964 71.7517 9
      vertex 102.964 71.7517 0
    endloop
  endfacet
  facet normal -0.706615 -0.707598 0
    outer loop
      vertex 102.964 71.7517 9
      vertex 103.252 71.4641 0
      vertex 103.252 71.4641 9
    endloop
  endfacet
  facet normal -0.891655 -0.452716 0
    outer loop
      vertex 109.736 22.9017 0
      vertex 109.552 23.2641 9
      vertex 109.552 23.2641 0
    endloop
  endfacet
  facet normal -0.891655 -0.452716 0
    outer loop
      vertex 109.552 23.2641 9
      vertex 109.736 22.9017 0
      vertex 109.736 22.9017 9
    endloop
  endfacet
  facet normal -0.987545 -0.157338 0
    outer loop
      vertex 109.8 22.5 0
      vertex 109.736 22.9017 9
      vertex 109.736 22.9017 0
    endloop
  endfacet
  facet normal -0.987545 -0.157338 0
    outer loop
      vertex 109.736 22.9017 9
      vertex 109.8 22.5 0
      vertex 109.8 22.5 9
    endloop
  endfacet
  facet normal -0.454482 0.890756 0
    outer loop
      vertex 109.264 21.4483 0
      vertex 108.902 21.2636 9
      vertex 109.264 21.4483 9
    endloop
  endfacet
  facet normal -0.454482 0.890756 0
    outer loop
      vertex 108.902 21.2636 9
      vertex 109.264 21.4483 0
      vertex 108.902 21.2636 0
    endloop
  endfacet
  facet normal 0.454482 0.890756 -0
    outer loop
      vertex 108.098 21.2636 0
      vertex 107.736 21.4483 9
      vertex 108.098 21.2636 9
    endloop
  endfacet
  facet normal 0.454482 0.890756 0
    outer loop
      vertex 107.736 21.4483 9
      vertex 108.098 21.2636 0
      vertex 107.736 21.4483 0
    endloop
  endfacet
  facet normal -0.706615 -0.707598 0
    outer loop
      vertex 109.552 23.2641 0
      vertex 109.264 23.5517 9
      vertex 109.264 23.5517 0
    endloop
  endfacet
  facet normal -0.706615 -0.707598 0
    outer loop
      vertex 109.264 23.5517 9
      vertex 109.552 23.2641 0
      vertex 109.552 23.2641 9
    endloop
  endfacet
  facet normal 0.891655 0.452716 0
    outer loop
      vertex 107.448 21.7359 9
      vertex 107.264 22.0983 0
      vertex 107.264 22.0983 9
    endloop
  endfacet
  facet normal 0.891655 0.452716 0
    outer loop
      vertex 107.264 22.0983 0
      vertex 107.448 21.7359 9
      vertex 107.448 21.7359 0
    endloop
  endfacet
  facet normal -0.706615 0.707598 0
    outer loop
      vertex 109.264 21.4483 0
      vertex 109.552 21.7359 9
      vertex 109.552 21.7359 0
    endloop
  endfacet
  facet normal -0.706615 0.707598 0
    outer loop
      vertex 109.552 21.7359 9
      vertex 109.264 21.4483 0
      vertex 109.264 21.4483 9
    endloop
  endfacet
  facet normal 0.891655 -0.452716 0
    outer loop
      vertex 107.264 22.9017 9
      vertex 107.448 23.2641 0
      vertex 107.448 23.2641 9
    endloop
  endfacet
  facet normal 0.891655 -0.452716 0
    outer loop
      vertex 107.448 23.2641 0
      vertex 107.264 22.9017 9
      vertex 107.264 22.9017 0
    endloop
  endfacet
  facet normal -0.156265 0.987715 0
    outer loop
      vertex 108.902 21.2636 0
      vertex 108.5 21.2 9
      vertex 108.902 21.2636 9
    endloop
  endfacet
  facet normal -0.156265 0.987715 0
    outer loop
      vertex 108.5 21.2 9
      vertex 108.902 21.2636 0
      vertex 108.5 21.2 0
    endloop
  endfacet
  facet normal 0.156265 -0.987715 0
    outer loop
      vertex 108.098 23.7364 0
      vertex 108.5 23.8 9
      vertex 108.098 23.7364 9
    endloop
  endfacet
  facet normal 0.156265 -0.987715 0
    outer loop
      vertex 108.5 23.8 9
      vertex 108.098 23.7364 0
      vertex 108.5 23.8 0
    endloop
  endfacet
  facet normal 0.156265 0.987715 -0
    outer loop
      vertex 108.5 21.2 0
      vertex 108.098 21.2636 9
      vertex 108.5 21.2 9
    endloop
  endfacet
  facet normal 0.156265 0.987715 0
    outer loop
      vertex 108.098 21.2636 9
      vertex 108.5 21.2 0
      vertex 108.098 21.2636 0
    endloop
  endfacet
  facet normal 0.454482 -0.890756 0
    outer loop
      vertex 107.736 23.5517 0
      vertex 108.098 23.7364 9
      vertex 107.736 23.5517 9
    endloop
  endfacet
  facet normal 0.454482 -0.890756 0
    outer loop
      vertex 108.098 23.7364 9
      vertex 107.736 23.5517 0
      vertex 108.098 23.7364 0
    endloop
  endfacet
  facet normal -0.987545 0.157338 0
    outer loop
      vertex 109.736 22.0983 0
      vertex 109.8 22.5 9
      vertex 109.8 22.5 0
    endloop
  endfacet
  facet normal -0.987545 0.157338 0
    outer loop
      vertex 109.8 22.5 9
      vertex 109.736 22.0983 0
      vertex 109.736 22.0983 9
    endloop
  endfacet
  facet normal -0.891655 0.452716 0
    outer loop
      vertex 109.552 21.7359 0
      vertex 109.736 22.0983 9
      vertex 109.736 22.0983 0
    endloop
  endfacet
  facet normal -0.891655 0.452716 0
    outer loop
      vertex 109.736 22.0983 9
      vertex 109.552 21.7359 0
      vertex 109.552 21.7359 9
    endloop
  endfacet
  facet normal -0.156265 -0.987715 0
    outer loop
      vertex 108.5 23.8 0
      vertex 108.902 23.7364 9
      vertex 108.5 23.8 9
    endloop
  endfacet
  facet normal -0.156265 -0.987715 -0
    outer loop
      vertex 108.902 23.7364 9
      vertex 108.5 23.8 0
      vertex 108.902 23.7364 0
    endloop
  endfacet
  facet normal -0.454482 -0.890756 0
    outer loop
      vertex 108.902 23.7364 0
      vertex 109.264 23.5517 9
      vertex 108.902 23.7364 9
    endloop
  endfacet
  facet normal -0.454482 -0.890756 -0
    outer loop
      vertex 109.264 23.5517 9
      vertex 108.902 23.7364 0
      vertex 109.264 23.5517 0
    endloop
  endfacet
  facet normal 0.987545 0.157338 0
    outer loop
      vertex 107.264 22.0983 9
      vertex 107.2 22.5 0
      vertex 107.2 22.5 9
    endloop
  endfacet
  facet normal 0.987545 0.157338 0
    outer loop
      vertex 107.2 22.5 0
      vertex 107.264 22.0983 9
      vertex 107.264 22.0983 0
    endloop
  endfacet
  facet normal 0.987545 -0.157338 0
    outer loop
      vertex 107.2 22.5 9
      vertex 107.264 22.9017 0
      vertex 107.264 22.9017 9
    endloop
  endfacet
  facet normal 0.987545 -0.157338 0
    outer loop
      vertex 107.264 22.9017 0
      vertex 107.2 22.5 9
      vertex 107.2 22.5 0
    endloop
  endfacet
  facet normal 0.706615 0.707598 0
    outer loop
      vertex 107.736 21.4483 9
      vertex 107.448 21.7359 0
      vertex 107.448 21.7359 9
    endloop
  endfacet
  facet normal 0.706615 0.707598 0
    outer loop
      vertex 107.448 21.7359 0
      vertex 107.736 21.4483 9
      vertex 107.736 21.4483 0
    endloop
  endfacet
  facet normal 0.706615 -0.707598 0
    outer loop
      vertex 107.448 23.2641 9
      vertex 107.736 23.5517 0
      vertex 107.736 23.5517 9
    endloop
  endfacet
  facet normal 0.706615 -0.707598 0
    outer loop
      vertex 107.736 23.5517 0
      vertex 107.448 23.2641 9
      vertex 107.448 23.2641 0
    endloop
  endfacet
  facet normal -0.890959 -0.454084 0
    outer loop
      vertex 16.7364 23.9017 0
      vertex 16.5517 24.2641 9
      vertex 16.5517 24.2641 0
    endloop
  endfacet
  facet normal -0.890959 -0.454084 0
    outer loop
      vertex 16.5517 24.2641 9
      vertex 16.7364 23.9017 0
      vertex 16.7364 23.9017 9
    endloop
  endfacet
  facet normal -0.987697 -0.156379 0
    outer loop
      vertex 16.8 23.5 0
      vertex 16.7364 23.9017 9
      vertex 16.7364 23.9017 0
    endloop
  endfacet
  facet normal -0.987697 -0.156379 0
    outer loop
      vertex 16.7364 23.9017 9
      vertex 16.8 23.5 0
      vertex 16.8 23.5 9
    endloop
  endfacet
  facet normal -0.454084 0.890959 0
    outer loop
      vertex 16.2641 22.4483 0
      vertex 15.9017 22.2636 9
      vertex 16.2641 22.4483 9
    endloop
  endfacet
  facet normal -0.454084 0.890959 0
    outer loop
      vertex 15.9017 22.2636 9
      vertex 16.2641 22.4483 0
      vertex 15.9017 22.2636 0
    endloop
  endfacet
  facet normal -0.707107 -0.707107 0
    outer loop
      vertex 16.5517 24.2641 0
      vertex 16.2641 24.5517 9
      vertex 16.2641 24.5517 0
    endloop
  endfacet
  facet normal -0.707107 -0.707107 0
    outer loop
      vertex 16.2641 24.5517 9
      vertex 16.5517 24.2641 0
      vertex 16.5517 24.2641 9
    endloop
  endfacet
  facet normal 0.890959 0.454084 0
    outer loop
      vertex 14.4483 22.7359 9
      vertex 14.2636 23.0983 0
      vertex 14.2636 23.0983 9
    endloop
  endfacet
  facet normal 0.890959 0.454084 0
    outer loop
      vertex 14.2636 23.0983 0
      vertex 14.4483 22.7359 9
      vertex 14.4483 22.7359 0
    endloop
  endfacet
  facet normal -0.707107 0.707107 0
    outer loop
      vertex 16.2641 22.4483 0
      vertex 16.5517 22.7359 9
      vertex 16.5517 22.7359 0
    endloop
  endfacet
  facet normal -0.707107 0.707107 0
    outer loop
      vertex 16.5517 22.7359 9
      vertex 16.2641 22.4483 0
      vertex 16.2641 22.4483 9
    endloop
  endfacet
  facet normal 0.890959 -0.454084 0
    outer loop
      vertex 14.2636 23.9017 9
      vertex 14.4483 24.2641 0
      vertex 14.4483 24.2641 9
    endloop
  endfacet
  facet normal 0.890959 -0.454084 0
    outer loop
      vertex 14.4483 24.2641 0
      vertex 14.2636 23.9017 9
      vertex 14.2636 23.9017 0
    endloop
  endfacet
  facet normal -0.156379 0.987697 0
    outer loop
      vertex 15.9017 22.2636 0
      vertex 15.5 22.2 9
      vertex 15.9017 22.2636 9
    endloop
  endfacet
  facet normal -0.156379 0.987697 0
    outer loop
      vertex 15.5 22.2 9
      vertex 15.9017 22.2636 0
      vertex 15.5 22.2 0
    endloop
  endfacet
  facet normal 0.156379 -0.987697 0
    outer loop
      vertex 15.0983 24.7364 0
      vertex 15.5 24.8 9
      vertex 15.0983 24.7364 9
    endloop
  endfacet
  facet normal 0.156379 -0.987697 0
    outer loop
      vertex 15.5 24.8 9
      vertex 15.0983 24.7364 0
      vertex 15.5 24.8 0
    endloop
  endfacet
  facet normal 0.156379 0.987697 -0
    outer loop
      vertex 15.5 22.2 0
      vertex 15.0983 22.2636 9
      vertex 15.5 22.2 9
    endloop
  endfacet
  facet normal 0.156379 0.987697 0
    outer loop
      vertex 15.0983 22.2636 9
      vertex 15.5 22.2 0
      vertex 15.0983 22.2636 0
    endloop
  endfacet
  facet normal 0.454084 -0.890959 0
    outer loop
      vertex 14.7359 24.5517 0
      vertex 15.0983 24.7364 9
      vertex 14.7359 24.5517 9
    endloop
  endfacet
  facet normal 0.454084 -0.890959 0
    outer loop
      vertex 15.0983 24.7364 9
      vertex 14.7359 24.5517 0
      vertex 15.0983 24.7364 0
    endloop
  endfacet
  facet normal -0.987697 0.156379 0
    outer loop
      vertex 16.7364 23.0983 0
      vertex 16.8 23.5 9
      vertex 16.8 23.5 0
    endloop
  endfacet
  facet normal -0.987697 0.156379 0
    outer loop
      vertex 16.8 23.5 9
      vertex 16.7364 23.0983 0
      vertex 16.7364 23.0983 9
    endloop
  endfacet
  facet normal 0.454084 0.890959 -0
    outer loop
      vertex 15.0983 22.2636 0
      vertex 14.7359 22.4483 9
      vertex 15.0983 22.2636 9
    endloop
  endfacet
  facet normal 0.454084 0.890959 0
    outer loop
      vertex 14.7359 22.4483 9
      vertex 15.0983 22.2636 0
      vertex 14.7359 22.4483 0
    endloop
  endfacet
  facet normal -0.890959 0.454084 0
    outer loop
      vertex 16.5517 22.7359 0
      vertex 16.7364 23.0983 9
      vertex 16.7364 23.0983 0
    endloop
  endfacet
  facet normal -0.890959 0.454084 0
    outer loop
      vertex 16.7364 23.0983 9
      vertex 16.5517 22.7359 0
      vertex 16.5517 22.7359 9
    endloop
  endfacet
  facet normal -0.156379 -0.987697 0
    outer loop
      vertex 15.5 24.8 0
      vertex 15.9017 24.7364 9
      vertex 15.5 24.8 9
    endloop
  endfacet
  facet normal -0.156379 -0.987697 -0
    outer loop
      vertex 15.9017 24.7364 9
      vertex 15.5 24.8 0
      vertex 15.9017 24.7364 0
    endloop
  endfacet
  facet normal -0.454084 -0.890959 0
    outer loop
      vertex 15.9017 24.7364 0
      vertex 16.2641 24.5517 9
      vertex 15.9017 24.7364 9
    endloop
  endfacet
  facet normal -0.454084 -0.890959 -0
    outer loop
      vertex 16.2641 24.5517 9
      vertex 15.9017 24.7364 0
      vertex 16.2641 24.5517 0
    endloop
  endfacet
  facet normal 0.987697 0.156379 0
    outer loop
      vertex 14.2636 23.0983 9
      vertex 14.2 23.5 0
      vertex 14.2 23.5 9
    endloop
  endfacet
  facet normal 0.987697 0.156379 0
    outer loop
      vertex 14.2 23.5 0
      vertex 14.2636 23.0983 9
      vertex 14.2636 23.0983 0
    endloop
  endfacet
  facet normal 0.987697 -0.156379 0
    outer loop
      vertex 14.2 23.5 9
      vertex 14.2636 23.9017 0
      vertex 14.2636 23.9017 9
    endloop
  endfacet
  facet normal 0.987697 -0.156379 0
    outer loop
      vertex 14.2636 23.9017 0
      vertex 14.2 23.5 9
      vertex 14.2 23.5 0
    endloop
  endfacet
  facet normal 0.707107 0.707107 0
    outer loop
      vertex 14.7359 22.4483 9
      vertex 14.4483 22.7359 0
      vertex 14.4483 22.7359 9
    endloop
  endfacet
  facet normal 0.707107 0.707107 0
    outer loop
      vertex 14.4483 22.7359 0
      vertex 14.7359 22.4483 9
      vertex 14.7359 22.4483 0
    endloop
  endfacet
  facet normal 0.707107 -0.707107 0
    outer loop
      vertex 14.4483 24.2641 9
      vertex 14.7359 24.5517 0
      vertex 14.7359 24.5517 9
    endloop
  endfacet
  facet normal 0.707107 -0.707107 0
    outer loop
      vertex 14.7359 24.5517 0
      vertex 14.4483 24.2641 9
      vertex 14.4483 24.2641 0
    endloop
  endfacet
  facet normal -0.890959 -0.454084 0
    outer loop
      vertex 74.7364 23.9017 0
      vertex 74.5517 24.2641 9
      vertex 74.5517 24.2641 0
    endloop
  endfacet
  facet normal -0.890959 -0.454084 0
    outer loop
      vertex 74.5517 24.2641 9
      vertex 74.7364 23.9017 0
      vertex 74.7364 23.9017 9
    endloop
  endfacet
  facet normal -0.987697 -0.156379 0
    outer loop
      vertex 74.8 23.5 0
      vertex 74.7364 23.9017 9
      vertex 74.7364 23.9017 0
    endloop
  endfacet
  facet normal -0.987697 -0.156379 0
    outer loop
      vertex 74.7364 23.9017 9
      vertex 74.8 23.5 0
      vertex 74.8 23.5 9
    endloop
  endfacet
  facet normal -0.454084 0.890959 0
    outer loop
      vertex 74.2641 22.4483 0
      vertex 73.9017 22.2636 9
      vertex 74.2641 22.4483 9
    endloop
  endfacet
  facet normal -0.454084 0.890959 0
    outer loop
      vertex 73.9017 22.2636 9
      vertex 74.2641 22.4483 0
      vertex 73.9017 22.2636 0
    endloop
  endfacet
  facet normal 0.454084 0.890959 -0
    outer loop
      vertex 73.0983 22.2636 0
      vertex 72.7359 22.4483 9
      vertex 73.0983 22.2636 9
    endloop
  endfacet
  facet normal 0.454084 0.890959 0
    outer loop
      vertex 72.7359 22.4483 9
      vertex 73.0983 22.2636 0
      vertex 72.7359 22.4483 0
    endloop
  endfacet
  facet normal -0.707107 -0.707107 0
    outer loop
      vertex 74.5517 24.2641 0
      vertex 74.2641 24.5517 9
      vertex 74.2641 24.5517 0
    endloop
  endfacet
  facet normal -0.707107 -0.707107 0
    outer loop
      vertex 74.2641 24.5517 9
      vertex 74.5517 24.2641 0
      vertex 74.5517 24.2641 9
    endloop
  endfacet
  facet normal 0.890959 0.454084 0
    outer loop
      vertex 72.4483 22.7359 9
      vertex 72.2636 23.0983 0
      vertex 72.2636 23.0983 9
    endloop
  endfacet
  facet normal 0.890959 0.454084 0
    outer loop
      vertex 72.2636 23.0983 0
      vertex 72.4483 22.7359 9
      vertex 72.4483 22.7359 0
    endloop
  endfacet
  facet normal -0.707107 0.707107 0
    outer loop
      vertex 74.2641 22.4483 0
      vertex 74.5517 22.7359 9
      vertex 74.5517 22.7359 0
    endloop
  endfacet
  facet normal -0.707107 0.707107 0
    outer loop
      vertex 74.5517 22.7359 9
      vertex 74.2641 22.4483 0
      vertex 74.2641 22.4483 9
    endloop
  endfacet
  facet normal 0.890959 -0.454084 0
    outer loop
      vertex 72.2636 23.9017 9
      vertex 72.4483 24.2641 0
      vertex 72.4483 24.2641 9
    endloop
  endfacet
  facet normal 0.890959 -0.454084 0
    outer loop
      vertex 72.4483 24.2641 0
      vertex 72.2636 23.9017 9
      vertex 72.2636 23.9017 0
    endloop
  endfacet
  facet normal -0.156379 0.987697 0
    outer loop
      vertex 73.9017 22.2636 0
      vertex 73.5 22.2 9
      vertex 73.9017 22.2636 9
    endloop
  endfacet
  facet normal -0.156379 0.987697 0
    outer loop
      vertex 73.5 22.2 9
      vertex 73.9017 22.2636 0
      vertex 73.5 22.2 0
    endloop
  endfacet
  facet normal 0.156379 -0.987697 0
    outer loop
      vertex 73.0983 24.7364 0
      vertex 73.5 24.8 9
      vertex 73.0983 24.7364 9
    endloop
  endfacet
  facet normal 0.156379 -0.987697 0
    outer loop
      vertex 73.5 24.8 9
      vertex 73.0983 24.7364 0
      vertex 73.5 24.8 0
    endloop
  endfacet
  facet normal 0.156379 0.987697 -0
    outer loop
      vertex 73.5 22.2 0
      vertex 73.0983 22.2636 9
      vertex 73.5 22.2 9
    endloop
  endfacet
  facet normal 0.156379 0.987697 0
    outer loop
      vertex 73.0983 22.2636 9
      vertex 73.5 22.2 0
      vertex 73.0983 22.2636 0
    endloop
  endfacet
  facet normal 0.454084 -0.890959 0
    outer loop
      vertex 72.7359 24.5517 0
      vertex 73.0983 24.7364 9
      vertex 72.7359 24.5517 9
    endloop
  endfacet
  facet normal 0.454084 -0.890959 0
    outer loop
      vertex 73.0983 24.7364 9
      vertex 72.7359 24.5517 0
      vertex 73.0983 24.7364 0
    endloop
  endfacet
  facet normal -0.987697 0.156379 0
    outer loop
      vertex 74.7364 23.0983 0
      vertex 74.8 23.5 9
      vertex 74.8 23.5 0
    endloop
  endfacet
  facet normal -0.987697 0.156379 0
    outer loop
      vertex 74.8 23.5 9
      vertex 74.7364 23.0983 0
      vertex 74.7364 23.0983 9
    endloop
  endfacet
  facet normal -0.890959 0.454084 0
    outer loop
      vertex 74.5517 22.7359 0
      vertex 74.7364 23.0983 9
      vertex 74.7364 23.0983 0
    endloop
  endfacet
  facet normal -0.890959 0.454084 0
    outer loop
      vertex 74.7364 23.0983 9
      vertex 74.5517 22.7359 0
      vertex 74.5517 22.7359 9
    endloop
  endfacet
  facet normal -0.156379 -0.987697 0
    outer loop
      vertex 73.5 24.8 0
      vertex 73.9017 24.7364 9
      vertex 73.5 24.8 9
    endloop
  endfacet
  facet normal -0.156379 -0.987697 -0
    outer loop
      vertex 73.9017 24.7364 9
      vertex 73.5 24.8 0
      vertex 73.9017 24.7364 0
    endloop
  endfacet
  facet normal -0.454084 -0.890959 0
    outer loop
      vertex 73.9017 24.7364 0
      vertex 74.2641 24.5517 9
      vertex 73.9017 24.7364 9
    endloop
  endfacet
  facet normal -0.454084 -0.890959 -0
    outer loop
      vertex 74.2641 24.5517 9
      vertex 73.9017 24.7364 0
      vertex 74.2641 24.5517 0
    endloop
  endfacet
  facet normal 0.987697 0.156379 0
    outer loop
      vertex 72.2636 23.0983 9
      vertex 72.2 23.5 0
      vertex 72.2 23.5 9
    endloop
  endfacet
  facet normal 0.987697 0.156379 0
    outer loop
      vertex 72.2 23.5 0
      vertex 72.2636 23.0983 9
      vertex 72.2636 23.0983 0
    endloop
  endfacet
  facet normal 0.987697 -0.156379 0
    outer loop
      vertex 72.2 23.5 9
      vertex 72.2636 23.9017 0
      vertex 72.2636 23.9017 9
    endloop
  endfacet
  facet normal 0.987697 -0.156379 0
    outer loop
      vertex 72.2636 23.9017 0
      vertex 72.2 23.5 9
      vertex 72.2 23.5 0
    endloop
  endfacet
  facet normal 0.707107 0.707107 0
    outer loop
      vertex 72.7359 22.4483 9
      vertex 72.4483 22.7359 0
      vertex 72.4483 22.7359 9
    endloop
  endfacet
  facet normal 0.707107 0.707107 0
    outer loop
      vertex 72.4483 22.7359 0
      vertex 72.7359 22.4483 9
      vertex 72.7359 22.4483 0
    endloop
  endfacet
  facet normal 0.707107 -0.707107 0
    outer loop
      vertex 72.4483 24.2641 9
      vertex 72.7359 24.5517 0
      vertex 72.7359 24.5517 9
    endloop
  endfacet
  facet normal 0.707107 -0.707107 0
    outer loop
      vertex 72.7359 24.5517 0
      vertex 72.4483 24.2641 9
      vertex 72.4483 24.2641 0
    endloop
  endfacet
  facet normal -0.890959 -0.454084 0
    outer loop
      vertex 16.7364 72.9017 0
      vertex 16.5517 73.2641 9
      vertex 16.5517 73.2641 0
    endloop
  endfacet
  facet normal -0.890959 -0.454084 0
    outer loop
      vertex 16.5517 73.2641 9
      vertex 16.7364 72.9017 0
      vertex 16.7364 72.9017 9
    endloop
  endfacet
  facet normal -0.987697 -0.156379 0
    outer loop
      vertex 16.8 72.5 0
      vertex 16.7364 72.9017 9
      vertex 16.7364 72.9017 0
    endloop
  endfacet
  facet normal -0.987697 -0.156379 0
    outer loop
      vertex 16.7364 72.9017 9
      vertex 16.8 72.5 0
      vertex 16.8 72.5 9
    endloop
  endfacet
  facet normal -0.454084 0.890959 0
    outer loop
      vertex 16.2641 71.4483 0
      vertex 15.9017 71.2636 9
      vertex 16.2641 71.4483 9
    endloop
  endfacet
  facet normal -0.454084 0.890959 0
    outer loop
      vertex 15.9017 71.2636 9
      vertex 16.2641 71.4483 0
      vertex 15.9017 71.2636 0
    endloop
  endfacet
  facet normal 0.454084 0.890959 -0
    outer loop
      vertex 15.0983 71.2636 0
      vertex 14.7359 71.4483 9
      vertex 15.0983 71.2636 9
    endloop
  endfacet
  facet normal 0.454084 0.890959 0
    outer loop
      vertex 14.7359 71.4483 9
      vertex 15.0983 71.2636 0
      vertex 14.7359 71.4483 0
    endloop
  endfacet
  facet normal -0.707107 -0.707107 0
    outer loop
      vertex 16.2641 73.5517 0
      vertex 16.5517 73.2641 9
      vertex 16.2641 73.5517 9
    endloop
  endfacet
  facet normal -0.707107 -0.707107 -0
    outer loop
      vertex 16.5517 73.2641 9
      vertex 16.2641 73.5517 0
      vertex 16.5517 73.2641 0
    endloop
  endfacet
  facet normal 0.890959 0.454084 0
    outer loop
      vertex 14.4483 71.7359 9
      vertex 14.2636 72.0983 0
      vertex 14.2636 72.0983 9
    endloop
  endfacet
  facet normal 0.890959 0.454084 0
    outer loop
      vertex 14.2636 72.0983 0
      vertex 14.4483 71.7359 9
      vertex 14.4483 71.7359 0
    endloop
  endfacet
  facet normal -0.707107 0.707107 0
    outer loop
      vertex 16.5517 71.7359 0
      vertex 16.2641 71.4483 9
      vertex 16.5517 71.7359 9
    endloop
  endfacet
  facet normal -0.707107 0.707107 0
    outer loop
      vertex 16.2641 71.4483 9
      vertex 16.5517 71.7359 0
      vertex 16.2641 71.4483 0
    endloop
  endfacet
  facet normal 0.890959 -0.454084 0
    outer loop
      vertex 14.2636 72.9017 9
      vertex 14.4483 73.2641 0
      vertex 14.4483 73.2641 9
    endloop
  endfacet
  facet normal 0.890959 -0.454084 0
    outer loop
      vertex 14.4483 73.2641 0
      vertex 14.2636 72.9017 9
      vertex 14.2636 72.9017 0
    endloop
  endfacet
  facet normal -0.156379 0.987697 0
    outer loop
      vertex 15.9017 71.2636 0
      vertex 15.5 71.2 9
      vertex 15.9017 71.2636 9
    endloop
  endfacet
  facet normal -0.156379 0.987697 0
    outer loop
      vertex 15.5 71.2 9
      vertex 15.9017 71.2636 0
      vertex 15.5 71.2 0
    endloop
  endfacet
  facet normal 0.156379 -0.987697 0
    outer loop
      vertex 15.0983 73.7364 0
      vertex 15.5 73.8 9
      vertex 15.0983 73.7364 9
    endloop
  endfacet
  facet normal 0.156379 -0.987697 0
    outer loop
      vertex 15.5 73.8 9
      vertex 15.0983 73.7364 0
      vertex 15.5 73.8 0
    endloop
  endfacet
  facet normal 0.156379 0.987697 -0
    outer loop
      vertex 15.5 71.2 0
      vertex 15.0983 71.2636 9
      vertex 15.5 71.2 9
    endloop
  endfacet
  facet normal 0.156379 0.987697 0
    outer loop
      vertex 15.0983 71.2636 9
      vertex 15.5 71.2 0
      vertex 15.0983 71.2636 0
    endloop
  endfacet
  facet normal 0.454084 -0.890959 0
    outer loop
      vertex 14.7359 73.5517 0
      vertex 15.0983 73.7364 9
      vertex 14.7359 73.5517 9
    endloop
  endfacet
  facet normal 0.454084 -0.890959 0
    outer loop
      vertex 15.0983 73.7364 9
      vertex 14.7359 73.5517 0
      vertex 15.0983 73.7364 0
    endloop
  endfacet
  facet normal -0.987697 0.156379 0
    outer loop
      vertex 16.7364 72.0983 0
      vertex 16.8 72.5 9
      vertex 16.8 72.5 0
    endloop
  endfacet
  facet normal -0.987697 0.156379 0
    outer loop
      vertex 16.8 72.5 9
      vertex 16.7364 72.0983 0
      vertex 16.7364 72.0983 9
    endloop
  endfacet
  facet normal -0.890959 0.454084 0
    outer loop
      vertex 16.5517 71.7359 0
      vertex 16.7364 72.0983 9
      vertex 16.7364 72.0983 0
    endloop
  endfacet
  facet normal -0.890959 0.454084 0
    outer loop
      vertex 16.7364 72.0983 9
      vertex 16.5517 71.7359 0
      vertex 16.5517 71.7359 9
    endloop
  endfacet
  facet normal -0.156379 -0.987697 0
    outer loop
      vertex 15.5 73.8 0
      vertex 15.9017 73.7364 9
      vertex 15.5 73.8 9
    endloop
  endfacet
  facet normal -0.156379 -0.987697 -0
    outer loop
      vertex 15.9017 73.7364 9
      vertex 15.5 73.8 0
      vertex 15.9017 73.7364 0
    endloop
  endfacet
  facet normal -0.454084 -0.890959 0
    outer loop
      vertex 15.9017 73.7364 0
      vertex 16.2641 73.5517 9
      vertex 15.9017 73.7364 9
    endloop
  endfacet
  facet normal -0.454084 -0.890959 -0
    outer loop
      vertex 16.2641 73.5517 9
      vertex 15.9017 73.7364 0
      vertex 16.2641 73.5517 0
    endloop
  endfacet
  facet normal 0.987697 0.156379 0
    outer loop
      vertex 14.2636 72.0983 9
      vertex 14.2 72.5 0
      vertex 14.2 72.5 9
    endloop
  endfacet
  facet normal 0.987697 0.156379 0
    outer loop
      vertex 14.2 72.5 0
      vertex 14.2636 72.0983 9
      vertex 14.2636 72.0983 0
    endloop
  endfacet
  facet normal 0.987697 -0.156379 0
    outer loop
      vertex 14.2 72.5 9
      vertex 14.2636 72.9017 0
      vertex 14.2636 72.9017 9
    endloop
  endfacet
  facet normal 0.987697 -0.156379 0
    outer loop
      vertex 14.2636 72.9017 0
      vertex 14.2 72.5 9
      vertex 14.2 72.5 0
    endloop
  endfacet
  facet normal 0.707107 0.707107 -0
    outer loop
      vertex 14.7359 71.4483 0
      vertex 14.4483 71.7359 9
      vertex 14.7359 71.4483 9
    endloop
  endfacet
  facet normal 0.707107 0.707107 0
    outer loop
      vertex 14.4483 71.7359 9
      vertex 14.7359 71.4483 0
      vertex 14.4483 71.7359 0
    endloop
  endfacet
  facet normal 0.707107 -0.707107 0
    outer loop
      vertex 14.4483 73.2641 0
      vertex 14.7359 73.5517 9
      vertex 14.4483 73.2641 9
    endloop
  endfacet
  facet normal 0.707107 -0.707107 0
    outer loop
      vertex 14.7359 73.5517 9
      vertex 14.4483 73.2641 0
      vertex 14.7359 73.5517 0
    endloop
  endfacet
  facet normal -0.890959 -0.454084 0
    outer loop
      vertex 74.7364 72.9017 0
      vertex 74.5517 73.2641 9
      vertex 74.5517 73.2641 0
    endloop
  endfacet
  facet normal -0.890959 -0.454084 0
    outer loop
      vertex 74.5517 73.2641 9
      vertex 74.7364 72.9017 0
      vertex 74.7364 72.9017 9
    endloop
  endfacet
  facet normal -0.987697 -0.156379 0
    outer loop
      vertex 74.8 72.5 0
      vertex 74.7364 72.9017 9
      vertex 74.7364 72.9017 0
    endloop
  endfacet
  facet normal -0.987697 -0.156379 0
    outer loop
      vertex 74.7364 72.9017 9
      vertex 74.8 72.5 0
      vertex 74.8 72.5 9
    endloop
  endfacet
  facet normal -0.454084 0.890959 0
    outer loop
      vertex 74.2641 71.4483 0
      vertex 73.9017 71.2636 9
      vertex 74.2641 71.4483 9
    endloop
  endfacet
  facet normal -0.454084 0.890959 0
    outer loop
      vertex 73.9017 71.2636 9
      vertex 74.2641 71.4483 0
      vertex 73.9017 71.2636 0
    endloop
  endfacet
  facet normal 0.454084 0.890959 -0
    outer loop
      vertex 73.0983 71.2636 0
      vertex 72.7359 71.4483 9
      vertex 73.0983 71.2636 9
    endloop
  endfacet
  facet normal 0.454084 0.890959 0
    outer loop
      vertex 72.7359 71.4483 9
      vertex 73.0983 71.2636 0
      vertex 72.7359 71.4483 0
    endloop
  endfacet
  facet normal -0.707107 -0.707107 0
    outer loop
      vertex 74.5517 73.2641 0
      vertex 74.2641 73.5517 9
      vertex 74.2641 73.5517 0
    endloop
  endfacet
  facet normal -0.707107 -0.707107 0
    outer loop
      vertex 74.2641 73.5517 9
      vertex 74.5517 73.2641 0
      vertex 74.5517 73.2641 9
    endloop
  endfacet
  facet normal 0.890959 0.454084 0
    outer loop
      vertex 72.4483 71.7359 9
      vertex 72.2636 72.0983 0
      vertex 72.2636 72.0983 9
    endloop
  endfacet
  facet normal 0.890959 0.454084 0
    outer loop
      vertex 72.2636 72.0983 0
      vertex 72.4483 71.7359 9
      vertex 72.4483 71.7359 0
    endloop
  endfacet
  facet normal -0.707107 0.707107 0
    outer loop
      vertex 74.2641 71.4483 0
      vertex 74.5517 71.7359 9
      vertex 74.5517 71.7359 0
    endloop
  endfacet
  facet normal -0.707107 0.707107 0
    outer loop
      vertex 74.5517 71.7359 9
      vertex 74.2641 71.4483 0
      vertex 74.2641 71.4483 9
    endloop
  endfacet
  facet normal 0.890959 -0.454084 0
    outer loop
      vertex 72.2636 72.9017 9
      vertex 72.4483 73.2641 0
      vertex 72.4483 73.2641 9
    endloop
  endfacet
  facet normal 0.890959 -0.454084 0
    outer loop
      vertex 72.4483 73.2641 0
      vertex 72.2636 72.9017 9
      vertex 72.2636 72.9017 0
    endloop
  endfacet
  facet normal -0.156379 0.987697 0
    outer loop
      vertex 73.9017 71.2636 0
      vertex 73.5 71.2 9
      vertex 73.9017 71.2636 9
    endloop
  endfacet
  facet normal -0.156379 0.987697 0
    outer loop
      vertex 73.5 71.2 9
      vertex 73.9017 71.2636 0
      vertex 73.5 71.2 0
    endloop
  endfacet
  facet normal 0.156379 -0.987697 0
    outer loop
      vertex 73.0983 73.7364 0
      vertex 73.5 73.8 9
      vertex 73.0983 73.7364 9
    endloop
  endfacet
  facet normal 0.156379 -0.987697 0
    outer loop
      vertex 73.5 73.8 9
      vertex 73.0983 73.7364 0
      vertex 73.5 73.8 0
    endloop
  endfacet
  facet normal 0.156379 0.987697 -0
    outer loop
      vertex 73.5 71.2 0
      vertex 73.0983 71.2636 9
      vertex 73.5 71.2 9
    endloop
  endfacet
  facet normal 0.156379 0.987697 0
    outer loop
      vertex 73.0983 71.2636 9
      vertex 73.5 71.2 0
      vertex 73.0983 71.2636 0
    endloop
  endfacet
  facet normal 0.454084 -0.890959 0
    outer loop
      vertex 72.7359 73.5517 0
      vertex 73.0983 73.7364 9
      vertex 72.7359 73.5517 9
    endloop
  endfacet
  facet normal 0.454084 -0.890959 0
    outer loop
      vertex 73.0983 73.7364 9
      vertex 72.7359 73.5517 0
      vertex 73.0983 73.7364 0
    endloop
  endfacet
  facet normal -0.987697 0.156379 0
    outer loop
      vertex 74.7364 72.0983 0
      vertex 74.8 72.5 9
      vertex 74.8 72.5 0
    endloop
  endfacet
  facet normal -0.987697 0.156379 0
    outer loop
      vertex 74.8 72.5 9
      vertex 74.7364 72.0983 0
      vertex 74.7364 72.0983 9
    endloop
  endfacet
  facet normal -0.890959 0.454084 0
    outer loop
      vertex 74.5517 71.7359 0
      vertex 74.7364 72.0983 9
      vertex 74.7364 72.0983 0
    endloop
  endfacet
  facet normal -0.890959 0.454084 0
    outer loop
      vertex 74.7364 72.0983 9
      vertex 74.5517 71.7359 0
      vertex 74.5517 71.7359 9
    endloop
  endfacet
  facet normal -0.156379 -0.987697 0
    outer loop
      vertex 73.5 73.8 0
      vertex 73.9017 73.7364 9
      vertex 73.5 73.8 9
    endloop
  endfacet
  facet normal -0.156379 -0.987697 -0
    outer loop
      vertex 73.9017 73.7364 9
      vertex 73.5 73.8 0
      vertex 73.9017 73.7364 0
    endloop
  endfacet
  facet normal -0.454084 -0.890959 0
    outer loop
      vertex 73.9017 73.7364 0
      vertex 74.2641 73.5517 9
      vertex 73.9017 73.7364 9
    endloop
  endfacet
  facet normal -0.454084 -0.890959 -0
    outer loop
      vertex 74.2641 73.5517 9
      vertex 73.9017 73.7364 0
      vertex 74.2641 73.5517 0
    endloop
  endfacet
  facet normal 0.987697 0.156379 0
    outer loop
      vertex 72.2636 72.0983 9
      vertex 72.2 72.5 0
      vertex 72.2 72.5 9
    endloop
  endfacet
  facet normal 0.987697 0.156379 0
    outer loop
      vertex 72.2 72.5 0
      vertex 72.2636 72.0983 9
      vertex 72.2636 72.0983 0
    endloop
  endfacet
  facet normal 0.987697 -0.156379 0
    outer loop
      vertex 72.2 72.5 9
      vertex 72.2636 72.9017 0
      vertex 72.2636 72.9017 9
    endloop
  endfacet
  facet normal 0.987697 -0.156379 0
    outer loop
      vertex 72.2636 72.9017 0
      vertex 72.2 72.5 9
      vertex 72.2 72.5 0
    endloop
  endfacet
  facet normal 0.707107 0.707107 0
    outer loop
      vertex 72.7359 71.4483 9
      vertex 72.4483 71.7359 0
      vertex 72.4483 71.7359 9
    endloop
  endfacet
  facet normal 0.707107 0.707107 0
    outer loop
      vertex 72.4483 71.7359 0
      vertex 72.7359 71.4483 9
      vertex 72.7359 71.4483 0
    endloop
  endfacet
  facet normal 0.707107 -0.707107 0
    outer loop
      vertex 72.4483 73.2641 9
      vertex 72.7359 73.5517 0
      vertex 72.7359 73.5517 9
    endloop
  endfacet
  facet normal 0.707107 -0.707107 0
    outer loop
      vertex 72.7359 73.5517 0
      vertex 72.4483 73.2641 9
      vertex 72.4483 73.2641 0
    endloop
  endfacet
  facet normal 0.991446 -0.130521 0
    outer loop
      vertex 3.8 6 3
      vertex 3.87496 6.5694 0
      vertex 3.87496 6.5694 3
    endloop
  endfacet
  facet normal 0.991446 -0.130521 0
    outer loop
      vertex 3.87496 6.5694 0
      vertex 3.8 6 3
      vertex 3.8 6 0
    endloop
  endfacet
  facet normal -0.130521 0.991446 0
    outer loop
      vertex 6.5694 3.87496 0
      vertex 6 3.8 3
      vertex 6.5694 3.87496 3
    endloop
  endfacet
  facet normal -0.130521 0.991446 0
    outer loop
      vertex 6 3.8 3
      vertex 6.5694 3.87496 0
      vertex 6 3.8 0
    endloop
  endfacet
  facet normal -0.923881 -0.382681 0
    outer loop
      vertex 8.12504 6.5694 0
      vertex 7.90526 7.1 3
      vertex 7.90526 7.1 0
    endloop
  endfacet
  facet normal -0.923881 -0.382681 0
    outer loop
      vertex 7.90526 7.1 3
      vertex 8.12504 6.5694 0
      vertex 8.12504 6.5694 3
    endloop
  endfacet
  facet normal -0.991446 -0.130521 0
    outer loop
      vertex 8.2 6 0
      vertex 8.12504 6.5694 3
      vertex 8.12504 6.5694 0
    endloop
  endfacet
  facet normal -0.991446 -0.130521 0
    outer loop
      vertex 8.12504 6.5694 3
      vertex 8.2 6 0
      vertex 8.2 6 3
    endloop
  endfacet
  facet normal -0.793343 -0.608775 0
    outer loop
      vertex 7.90526 7.1 0
      vertex 7.55563 7.55563 3
      vertex 7.55563 7.55563 0
    endloop
  endfacet
  facet normal -0.793343 -0.608775 0
    outer loop
      vertex 7.55563 7.55563 3
      vertex 7.90526 7.1 0
      vertex 7.90526 7.1 3
    endloop
  endfacet
  facet normal -0.793349 0.608767 0
    outer loop
      vertex 7.55563 4.44436 0
      vertex 7.90526 4.9 3
      vertex 7.90526 4.9 0
    endloop
  endfacet
  facet normal -0.793349 0.608767 0
    outer loop
      vertex 7.90526 4.9 3
      vertex 7.55563 4.44436 0
      vertex 7.55563 4.44436 3
    endloop
  endfacet
  facet normal -0.608775 -0.793343 0
    outer loop
      vertex 7.1 7.90526 0
      vertex 7.55563 7.55563 3
      vertex 7.1 7.90526 3
    endloop
  endfacet
  facet normal -0.608775 -0.793343 -0
    outer loop
      vertex 7.55563 7.55563 3
      vertex 7.1 7.90526 0
      vertex 7.55563 7.55563 0
    endloop
  endfacet
  facet normal 0.793351 -0.608765 0
    outer loop
      vertex 4.09474 7.1 3
      vertex 4.44436 7.55563 0
      vertex 4.44436 7.55563 3
    endloop
  endfacet
  facet normal 0.793351 -0.608765 0
    outer loop
      vertex 4.44436 7.55563 0
      vertex 4.09474 7.1 3
      vertex 4.09474 7.1 0
    endloop
  endfacet
  facet normal 0.923881 0.382681 0
    outer loop
      vertex 4.09474 4.9 3
      vertex 3.87496 5.4306 0
      vertex 3.87496 5.4306 3
    endloop
  endfacet
  facet normal 0.923881 0.382681 0
    outer loop
      vertex 3.87496 5.4306 0
      vertex 4.09474 4.9 3
      vertex 4.09474 4.9 0
    endloop
  endfacet
  facet normal -0.923881 0.382681 0
    outer loop
      vertex 7.90526 4.9 0
      vertex 8.12504 5.4306 3
      vertex 8.12504 5.4306 0
    endloop
  endfacet
  facet normal -0.923881 0.382681 0
    outer loop
      vertex 8.12504 5.4306 3
      vertex 7.90526 4.9 0
      vertex 7.90526 4.9 3
    endloop
  endfacet
  facet normal -0.991446 0.130521 0
    outer loop
      vertex 8.12504 5.4306 0
      vertex 8.2 6 3
      vertex 8.2 6 0
    endloop
  endfacet
  facet normal -0.991446 0.130521 0
    outer loop
      vertex 8.2 6 3
      vertex 8.12504 5.4306 0
      vertex 8.12504 5.4306 3
    endloop
  endfacet
  facet normal -0.130521 -0.991446 0
    outer loop
      vertex 6 8.2 0
      vertex 6.5694 8.12504 3
      vertex 6 8.2 3
    endloop
  endfacet
  facet normal -0.130521 -0.991446 -0
    outer loop
      vertex 6.5694 8.12504 3
      vertex 6 8.2 0
      vertex 6.5694 8.12504 0
    endloop
  endfacet
  facet normal 0.130521 0.991446 -0
    outer loop
      vertex 6 3.8 0
      vertex 5.4306 3.87496 3
      vertex 6 3.8 3
    endloop
  endfacet
  facet normal 0.130521 0.991446 0
    outer loop
      vertex 5.4306 3.87496 3
      vertex 6 3.8 0
      vertex 5.4306 3.87496 0
    endloop
  endfacet
  facet normal 0.608756 0.793357 -0
    outer loop
      vertex 4.9 4.09474 0
      vertex 4.44436 4.44436 3
      vertex 4.9 4.09474 3
    endloop
  endfacet
  facet normal 0.608756 0.793357 0
    outer loop
      vertex 4.44436 4.44436 3
      vertex 4.9 4.09474 0
      vertex 4.44436 4.44436 0
    endloop
  endfacet
  facet normal -0.382681 0.923881 0
    outer loop
      vertex 7.1 4.09474 0
      vertex 6.5694 3.87496 3
      vertex 7.1 4.09474 3
    endloop
  endfacet
  facet normal -0.382681 0.923881 0
    outer loop
      vertex 6.5694 3.87496 3
      vertex 7.1 4.09474 0
      vertex 6.5694 3.87496 0
    endloop
  endfacet
  facet normal 0.793357 0.608756 0
    outer loop
      vertex 4.44436 4.44436 3
      vertex 4.09474 4.9 0
      vertex 4.09474 4.9 3
    endloop
  endfacet
  facet normal 0.793357 0.608756 0
    outer loop
      vertex 4.09474 4.9 0
      vertex 4.44436 4.44436 3
      vertex 4.44436 4.44436 0
    endloop
  endfacet
  facet normal 0.130521 -0.991446 0
    outer loop
      vertex 5.4306 8.12504 0
      vertex 6 8.2 3
      vertex 5.4306 8.12504 3
    endloop
  endfacet
  facet normal 0.130521 -0.991446 0
    outer loop
      vertex 6 8.2 3
      vertex 5.4306 8.12504 0
      vertex 6 8.2 0
    endloop
  endfacet
  facet normal 0.991446 0.130521 0
    outer loop
      vertex 3.87496 5.4306 3
      vertex 3.8 6 0
      vertex 3.8 6 3
    endloop
  endfacet
  facet normal 0.991446 0.130521 0
    outer loop
      vertex 3.8 6 0
      vertex 3.87496 5.4306 3
      vertex 3.87496 5.4306 0
    endloop
  endfacet
  facet normal 0.382681 0.923881 -0
    outer loop
      vertex 5.4306 3.87496 0
      vertex 4.9 4.09474 3
      vertex 5.4306 3.87496 3
    endloop
  endfacet
  facet normal 0.382681 0.923881 0
    outer loop
      vertex 4.9 4.09474 3
      vertex 5.4306 3.87496 0
      vertex 4.9 4.09474 0
    endloop
  endfacet
  facet normal 0.382681 -0.923881 0
    outer loop
      vertex 4.9 7.90526 0
      vertex 5.4306 8.12504 3
      vertex 4.9 7.90526 3
    endloop
  endfacet
  facet normal 0.382681 -0.923881 0
    outer loop
      vertex 5.4306 8.12504 3
      vertex 4.9 7.90526 0
      vertex 5.4306 8.12504 0
    endloop
  endfacet
  facet normal 0.608767 -0.793349 0
    outer loop
      vertex 4.44436 7.55563 0
      vertex 4.9 7.90526 3
      vertex 4.44436 7.55563 3
    endloop
  endfacet
  facet normal 0.608767 -0.793349 0
    outer loop
      vertex 4.9 7.90526 3
      vertex 4.44436 7.55563 0
      vertex 4.9 7.90526 0
    endloop
  endfacet
  facet normal -0.382681 -0.923881 0
    outer loop
      vertex 6.5694 8.12504 0
      vertex 7.1 7.90526 3
      vertex 6.5694 8.12504 3
    endloop
  endfacet
  facet normal -0.382681 -0.923881 -0
    outer loop
      vertex 7.1 7.90526 3
      vertex 6.5694 8.12504 0
      vertex 7.1 7.90526 0
    endloop
  endfacet
  facet normal -0.608765 0.793351 0
    outer loop
      vertex 7.55563 4.44436 0
      vertex 7.1 4.09474 3
      vertex 7.55563 4.44436 3
    endloop
  endfacet
  facet normal -0.608765 0.793351 0
    outer loop
      vertex 7.1 4.09474 3
      vertex 7.55563 4.44436 0
      vertex 7.1 4.09474 0
    endloop
  endfacet
  facet normal 0.923881 -0.382681 0
    outer loop
      vertex 3.87496 6.5694 3
      vertex 4.09474 7.1 0
      vertex 4.09474 7.1 3
    endloop
  endfacet
  facet normal 0.923881 -0.382681 0
    outer loop
      vertex 4.09474 7.1 0
      vertex 3.87496 6.5694 3
      vertex 3.87496 6.5694 0
    endloop
  endfacet
  facet normal 0.991446 -0.130521 0
    outer loop
      vertex 3.8 89 3
      vertex 3.87496 89.5694 0
      vertex 3.87496 89.5694 3
    endloop
  endfacet
  facet normal 0.991446 -0.130521 0
    outer loop
      vertex 3.87496 89.5694 0
      vertex 3.8 89 3
      vertex 3.8 89 0
    endloop
  endfacet
  facet normal -0.13059 0.991437 0
    outer loop
      vertex 6.5694 86.875 0
      vertex 6 86.8 3
      vertex 6.5694 86.875 3
    endloop
  endfacet
  facet normal -0.13059 0.991437 0
    outer loop
      vertex 6 86.8 3
      vertex 6.5694 86.875 0
      vertex 6 86.8 0
    endloop
  endfacet
  facet normal -0.923881 -0.382681 0
    outer loop
      vertex 8.12504 89.5694 0
      vertex 7.90526 90.1 3
      vertex 7.90526 90.1 0
    endloop
  endfacet
  facet normal -0.923881 -0.382681 0
    outer loop
      vertex 7.90526 90.1 3
      vertex 8.12504 89.5694 0
      vertex 8.12504 89.5694 3
    endloop
  endfacet
  facet normal -0.991446 -0.130521 0
    outer loop
      vertex 8.2 89 0
      vertex 8.12504 89.5694 3
      vertex 8.12504 89.5694 0
    endloop
  endfacet
  facet normal -0.991446 -0.130521 0
    outer loop
      vertex 8.12504 89.5694 3
      vertex 8.2 89 0
      vertex 8.2 89 3
    endloop
  endfacet
  facet normal -0.793323 -0.608801 0
    outer loop
      vertex 7.90526 90.1 0
      vertex 7.55563 90.5556 3
      vertex 7.55563 90.5556 0
    endloop
  endfacet
  facet normal -0.793323 -0.608801 0
    outer loop
      vertex 7.55563 90.5556 3
      vertex 7.90526 90.1 0
      vertex 7.90526 90.1 3
    endloop
  endfacet
  facet normal -0.793323 0.608801 0
    outer loop
      vertex 7.55563 87.4444 0
      vertex 7.90526 87.9 3
      vertex 7.90526 87.9 0
    endloop
  endfacet
  facet normal -0.793323 0.608801 0
    outer loop
      vertex 7.90526 87.9 3
      vertex 7.55563 87.4444 0
      vertex 7.55563 87.4444 3
    endloop
  endfacet
  facet normal -0.608852 -0.793284 0
    outer loop
      vertex 7.1 90.9053 0
      vertex 7.55563 90.5556 3
      vertex 7.1 90.9053 3
    endloop
  endfacet
  facet normal -0.608852 -0.793284 -0
    outer loop
      vertex 7.55563 90.5556 3
      vertex 7.1 90.9053 0
      vertex 7.55563 90.5556 0
    endloop
  endfacet
  facet normal 0.793332 -0.60879 0
    outer loop
      vertex 4.09474 90.1 3
      vertex 4.44436 90.5556 0
      vertex 4.44436 90.5556 3
    endloop
  endfacet
  facet normal 0.793332 -0.60879 0
    outer loop
      vertex 4.44436 90.5556 0
      vertex 4.09474 90.1 3
      vertex 4.09474 90.1 0
    endloop
  endfacet
  facet normal 0.923881 0.382681 0
    outer loop
      vertex 4.09474 87.9 3
      vertex 3.87496 88.4306 0
      vertex 3.87496 88.4306 3
    endloop
  endfacet
  facet normal 0.923881 0.382681 0
    outer loop
      vertex 3.87496 88.4306 0
      vertex 4.09474 87.9 3
      vertex 4.09474 87.9 0
    endloop
  endfacet
  facet normal -0.923881 0.382681 0
    outer loop
      vertex 7.90526 87.9 0
      vertex 8.12504 88.4306 3
      vertex 8.12504 88.4306 0
    endloop
  endfacet
  facet normal -0.923881 0.382681 0
    outer loop
      vertex 8.12504 88.4306 3
      vertex 7.90526 87.9 0
      vertex 7.90526 87.9 3
    endloop
  endfacet
  facet normal -0.991446 0.130521 0
    outer loop
      vertex 8.12504 88.4306 0
      vertex 8.2 89 3
      vertex 8.2 89 0
    endloop
  endfacet
  facet normal -0.991446 0.130521 0
    outer loop
      vertex 8.2 89 3
      vertex 8.12504 88.4306 0
      vertex 8.12504 88.4306 3
    endloop
  endfacet
  facet normal -0.13059 -0.991437 0
    outer loop
      vertex 6 91.2 0
      vertex 6.5694 91.125 3
      vertex 6 91.2 3
    endloop
  endfacet
  facet normal -0.13059 -0.991437 -0
    outer loop
      vertex 6.5694 91.125 3
      vertex 6 91.2 0
      vertex 6.5694 91.125 0
    endloop
  endfacet
  facet normal 0.13059 0.991437 -0
    outer loop
      vertex 6 86.8 0
      vertex 5.4306 86.875 3
      vertex 6 86.8 3
    endloop
  endfacet
  facet normal 0.13059 0.991437 0
    outer loop
      vertex 5.4306 86.875 3
      vertex 6 86.8 0
      vertex 5.4306 86.875 0
    endloop
  endfacet
  facet normal 0.608844 0.79329 -0
    outer loop
      vertex 4.9 87.0947 0
      vertex 4.44436 87.4444 3
      vertex 4.9 87.0947 3
    endloop
  endfacet
  facet normal 0.608844 0.79329 0
    outer loop
      vertex 4.44436 87.4444 3
      vertex 4.9 87.0947 0
      vertex 4.44436 87.4444 0
    endloop
  endfacet
  facet normal -0.382562 0.92393 0
    outer loop
      vertex 7.1 87.0947 0
      vertex 6.5694 86.875 3
      vertex 7.1 87.0947 3
    endloop
  endfacet
  facet normal -0.382562 0.92393 0
    outer loop
      vertex 6.5694 86.875 3
      vertex 7.1 87.0947 0
      vertex 6.5694 86.875 0
    endloop
  endfacet
  facet normal 0.793332 0.60879 0
    outer loop
      vertex 4.44436 87.4444 3
      vertex 4.09474 87.9 0
      vertex 4.09474 87.9 3
    endloop
  endfacet
  facet normal 0.793332 0.60879 0
    outer loop
      vertex 4.09474 87.9 0
      vertex 4.44436 87.4444 3
      vertex 4.44436 87.4444 0
    endloop
  endfacet
  facet normal 0.13059 -0.991437 0
    outer loop
      vertex 5.4306 91.125 0
      vertex 6 91.2 3
      vertex 5.4306 91.125 3
    endloop
  endfacet
  facet normal 0.13059 -0.991437 0
    outer loop
      vertex 6 91.2 3
      vertex 5.4306 91.125 0
      vertex 6 91.2 0
    endloop
  endfacet
  facet normal 0.991446 0.130521 0
    outer loop
      vertex 3.87496 88.4306 3
      vertex 3.8 89 0
      vertex 3.8 89 3
    endloop
  endfacet
  facet normal 0.991446 0.130521 0
    outer loop
      vertex 3.8 89 0
      vertex 3.87496 88.4306 3
      vertex 3.87496 88.4306 0
    endloop
  endfacet
  facet normal 0.382562 0.92393 -0
    outer loop
      vertex 5.4306 86.875 0
      vertex 4.9 87.0947 3
      vertex 5.4306 86.875 3
    endloop
  endfacet
  facet normal 0.382562 0.92393 0
    outer loop
      vertex 4.9 87.0947 3
      vertex 5.4306 86.875 0
      vertex 4.9 87.0947 0
    endloop
  endfacet
  facet normal 0.382562 -0.92393 0
    outer loop
      vertex 4.9 90.9053 0
      vertex 5.4306 91.125 3
      vertex 4.9 90.9053 3
    endloop
  endfacet
  facet normal 0.382562 -0.92393 0
    outer loop
      vertex 5.4306 91.125 3
      vertex 4.9 90.9053 0
      vertex 5.4306 91.125 0
    endloop
  endfacet
  facet normal 0.608844 -0.79329 0
    outer loop
      vertex 4.44436 90.5556 0
      vertex 4.9 90.9053 3
      vertex 4.44436 90.5556 3
    endloop
  endfacet
  facet normal 0.608844 -0.79329 0
    outer loop
      vertex 4.9 90.9053 3
      vertex 4.44436 90.5556 0
      vertex 4.9 90.9053 0
    endloop
  endfacet
  facet normal -0.382562 -0.92393 0
    outer loop
      vertex 6.5694 91.125 0
      vertex 7.1 90.9053 3
      vertex 6.5694 91.125 3
    endloop
  endfacet
  facet normal -0.382562 -0.92393 -0
    outer loop
      vertex 7.1 90.9053 3
      vertex 6.5694 91.125 0
      vertex 7.1 90.9053 0
    endloop
  endfacet
  facet normal -0.608852 0.793284 0
    outer loop
      vertex 7.55563 87.4444 0
      vertex 7.1 87.0947 3
      vertex 7.55563 87.4444 3
    endloop
  endfacet
  facet normal -0.608852 0.793284 0
    outer loop
      vertex 7.1 87.0947 3
      vertex 7.55563 87.4444 0
      vertex 7.1 87.0947 0
    endloop
  endfacet
  facet normal 0.923881 -0.382681 0
    outer loop
      vertex 3.87496 89.5694 3
      vertex 4.09474 90.1 0
      vertex 4.09474 90.1 3
    endloop
  endfacet
  facet normal 0.923881 -0.382681 0
    outer loop
      vertex 4.09474 90.1 0
      vertex 3.87496 89.5694 3
      vertex 3.87496 89.5694 0
    endloop
  endfacet
  facet normal 0.991437 -0.13059 0
    outer loop
      vertex 116.8 6 3
      vertex 116.875 6.5694 0
      vertex 116.875 6.5694 3
    endloop
  endfacet
  facet normal 0.991437 -0.13059 0
    outer loop
      vertex 116.875 6.5694 0
      vertex 116.8 6 3
      vertex 116.8 6 0
    endloop
  endfacet
  facet normal -0.130611 0.991434 0
    outer loop
      vertex 119.569 3.87496 0
      vertex 119 3.8 3
      vertex 119.569 3.87496 3
    endloop
  endfacet
  facet normal -0.130611 0.991434 0
    outer loop
      vertex 119 3.8 3
      vertex 119.569 3.87496 0
      vertex 119 3.8 0
    endloop
  endfacet
  facet normal -0.923745 -0.383008 0
    outer loop
      vertex 121.125 6.5694 0
      vertex 120.905 7.1 3
      vertex 120.905 7.1 0
    endloop
  endfacet
  facet normal -0.923745 -0.383008 0
    outer loop
      vertex 120.905 7.1 3
      vertex 121.125 6.5694 0
      vertex 121.125 6.5694 3
    endloop
  endfacet
  facet normal -0.991437 -0.13059 0
    outer loop
      vertex 121.2 6 0
      vertex 121.125 6.5694 3
      vertex 121.125 6.5694 0
    endloop
  endfacet
  facet normal -0.991437 -0.13059 0
    outer loop
      vertex 121.125 6.5694 3
      vertex 121.2 6 0
      vertex 121.2 6 3
    endloop
  endfacet
  facet normal -0.793872 -0.608084 0
    outer loop
      vertex 120.905 7.1 0
      vertex 120.556 7.55563 3
      vertex 120.556 7.55563 0
    endloop
  endfacet
  facet normal -0.793872 -0.608084 0
    outer loop
      vertex 120.556 7.55563 3
      vertex 120.905 7.1 0
      vertex 120.905 7.1 3
    endloop
  endfacet
  facet normal -0.793879 0.608076 0
    outer loop
      vertex 120.556 4.44436 0
      vertex 120.905 4.9 3
      vertex 120.905 4.9 0
    endloop
  endfacet
  facet normal -0.793879 0.608076 0
    outer loop
      vertex 120.905 4.9 3
      vertex 120.556 4.44436 0
      vertex 120.556 4.44436 3
    endloop
  endfacet
  facet normal -0.608464 -0.793581 0
    outer loop
      vertex 120.1 7.90526 0
      vertex 120.556 7.55563 3
      vertex 120.1 7.90526 3
    endloop
  endfacet
  facet normal -0.608464 -0.793581 -0
    outer loop
      vertex 120.556 7.55563 3
      vertex 120.1 7.90526 0
      vertex 120.556 7.55563 0
    endloop
  endfacet
  facet normal 0.793872 -0.608084 0
    outer loop
      vertex 117.095 7.1 3
      vertex 117.444 7.55563 0
      vertex 117.444 7.55563 3
    endloop
  endfacet
  facet normal 0.793872 -0.608084 0
    outer loop
      vertex 117.444 7.55563 0
      vertex 117.095 7.1 3
      vertex 117.095 7.1 0
    endloop
  endfacet
  facet normal 0.923745 0.383008 0
    outer loop
      vertex 117.095 4.9 3
      vertex 116.875 5.4306 0
      vertex 116.875 5.4306 3
    endloop
  endfacet
  facet normal 0.923745 0.383008 0
    outer loop
      vertex 116.875 5.4306 0
      vertex 117.095 4.9 3
      vertex 117.095 4.9 0
    endloop
  endfacet
  facet normal -0.923745 0.383008 0
    outer loop
      vertex 120.905 4.9 0
      vertex 121.125 5.4306 3
      vertex 121.125 5.4306 0
    endloop
  endfacet
  facet normal -0.923745 0.383008 0
    outer loop
      vertex 121.125 5.4306 3
      vertex 120.905 4.9 0
      vertex 120.905 4.9 3
    endloop
  endfacet
  facet normal -0.991437 0.13059 0
    outer loop
      vertex 121.125 5.4306 0
      vertex 121.2 6 3
      vertex 121.2 6 0
    endloop
  endfacet
  facet normal -0.991437 0.13059 0
    outer loop
      vertex 121.2 6 3
      vertex 121.125 5.4306 0
      vertex 121.125 5.4306 3
    endloop
  endfacet
  facet normal -0.130611 -0.991434 0
    outer loop
      vertex 119 8.2 0
      vertex 119.569 8.12504 3
      vertex 119 8.2 3
    endloop
  endfacet
  facet normal -0.130611 -0.991434 -0
    outer loop
      vertex 119.569 8.12504 3
      vertex 119 8.2 0
      vertex 119.569 8.12504 0
    endloop
  endfacet
  facet normal 0.130611 0.991434 -0
    outer loop
      vertex 119 3.8 0
      vertex 118.431 3.87496 3
      vertex 119 3.8 3
    endloop
  endfacet
  facet normal 0.130611 0.991434 0
    outer loop
      vertex 118.431 3.87496 3
      vertex 119 3.8 0
      vertex 118.431 3.87496 0
    endloop
  endfacet
  facet normal 0.608453 0.79359 -0
    outer loop
      vertex 117.9 4.09474 0
      vertex 117.444 4.44436 3
      vertex 117.9 4.09474 3
    endloop
  endfacet
  facet normal 0.608453 0.79359 0
    outer loop
      vertex 117.444 4.44436 3
      vertex 117.9 4.09474 0
      vertex 117.444 4.44436 0
    endloop
  endfacet
  facet normal -0.382435 0.923982 0
    outer loop
      vertex 120.1 4.09474 0
      vertex 119.569 3.87496 3
      vertex 120.1 4.09474 3
    endloop
  endfacet
  facet normal -0.382435 0.923982 0
    outer loop
      vertex 119.569 3.87496 3
      vertex 120.1 4.09474 0
      vertex 119.569 3.87496 0
    endloop
  endfacet
  facet normal 0.793879 0.608076 0
    outer loop
      vertex 117.444 4.44436 3
      vertex 117.095 4.9 0
      vertex 117.095 4.9 3
    endloop
  endfacet
  facet normal 0.793879 0.608076 0
    outer loop
      vertex 117.095 4.9 0
      vertex 117.444 4.44436 3
      vertex 117.444 4.44436 0
    endloop
  endfacet
  facet normal 0.130611 -0.991434 0
    outer loop
      vertex 118.431 8.12504 0
      vertex 119 8.2 3
      vertex 118.431 8.12504 3
    endloop
  endfacet
  facet normal 0.130611 -0.991434 0
    outer loop
      vertex 119 8.2 3
      vertex 118.431 8.12504 0
      vertex 119 8.2 0
    endloop
  endfacet
  facet normal 0.382435 -0.923982 0
    outer loop
      vertex 117.9 7.90526 0
      vertex 118.431 8.12504 3
      vertex 117.9 7.90526 3
    endloop
  endfacet
  facet normal 0.382435 -0.923982 0
    outer loop
      vertex 118.431 8.12504 3
      vertex 117.9 7.90526 0
      vertex 118.431 8.12504 0
    endloop
  endfacet
  facet normal 0.991437 0.13059 0
    outer loop
      vertex 116.875 5.4306 3
      vertex 116.8 6 0
      vertex 116.8 6 3
    endloop
  endfacet
  facet normal 0.991437 0.13059 0
    outer loop
      vertex 116.8 6 0
      vertex 116.875 5.4306 3
      vertex 116.875 5.4306 0
    endloop
  endfacet
  facet normal 0.382435 0.923982 -0
    outer loop
      vertex 118.431 3.87496 0
      vertex 117.9 4.09474 3
      vertex 118.431 3.87496 3
    endloop
  endfacet
  facet normal 0.382435 0.923982 0
    outer loop
      vertex 117.9 4.09474 3
      vertex 118.431 3.87496 0
      vertex 117.9 4.09474 0
    endloop
  endfacet
  facet normal 0.608464 -0.793581 0
    outer loop
      vertex 117.444 7.55563 0
      vertex 117.9 7.90526 3
      vertex 117.444 7.55563 3
    endloop
  endfacet
  facet normal 0.608464 -0.793581 0
    outer loop
      vertex 117.9 7.90526 3
      vertex 117.444 7.55563 0
      vertex 117.9 7.90526 0
    endloop
  endfacet
  facet normal -0.382435 -0.923982 0
    outer loop
      vertex 119.569 8.12504 0
      vertex 120.1 7.90526 3
      vertex 119.569 8.12504 3
    endloop
  endfacet
  facet normal -0.382435 -0.923982 -0
    outer loop
      vertex 120.1 7.90526 3
      vertex 119.569 8.12504 0
      vertex 120.1 7.90526 0
    endloop
  endfacet
  facet normal -0.608453 0.79359 0
    outer loop
      vertex 120.556 4.44436 0
      vertex 120.1 4.09474 3
      vertex 120.556 4.44436 3
    endloop
  endfacet
  facet normal -0.608453 0.79359 0
    outer loop
      vertex 120.1 4.09474 3
      vertex 120.556 4.44436 0
      vertex 120.1 4.09474 0
    endloop
  endfacet
  facet normal 0.923745 -0.383008 0
    outer loop
      vertex 116.875 6.5694 3
      vertex 117.095 7.1 0
      vertex 117.095 7.1 3
    endloop
  endfacet
  facet normal 0.923745 -0.383008 0
    outer loop
      vertex 117.095 7.1 0
      vertex 116.875 6.5694 3
      vertex 116.875 6.5694 0
    endloop
  endfacet
  facet normal 0.991437 -0.13059 0
    outer loop
      vertex 116.8 89 3
      vertex 116.875 89.5694 0
      vertex 116.875 89.5694 3
    endloop
  endfacet
  facet normal 0.991437 -0.13059 0
    outer loop
      vertex 116.875 89.5694 0
      vertex 116.8 89 3
      vertex 116.8 89 0
    endloop
  endfacet
  facet normal -0.13068 0.991425 0
    outer loop
      vertex 119.569 86.875 0
      vertex 119 86.8 3
      vertex 119.569 86.875 3
    endloop
  endfacet
  facet normal -0.13068 0.991425 0
    outer loop
      vertex 119 86.8 3
      vertex 119.569 86.875 0
      vertex 119 86.8 0
    endloop
  endfacet
  facet normal -0.923745 -0.383008 0
    outer loop
      vertex 121.125 89.5694 0
      vertex 120.905 90.1 3
      vertex 120.905 90.1 0
    endloop
  endfacet
  facet normal -0.923745 -0.383008 0
    outer loop
      vertex 120.905 90.1 3
      vertex 121.125 89.5694 0
      vertex 121.125 89.5694 3
    endloop
  endfacet
  facet normal -0.991437 -0.13059 0
    outer loop
      vertex 121.2 89 0
      vertex 121.125 89.5694 3
      vertex 121.125 89.5694 0
    endloop
  endfacet
  facet normal -0.991437 -0.13059 0
    outer loop
      vertex 121.125 89.5694 3
      vertex 121.2 89 0
      vertex 121.2 89 3
    endloop
  endfacet
  facet normal -0.793853 -0.60811 0
    outer loop
      vertex 120.905 90.1 0
      vertex 120.556 90.5556 3
      vertex 120.556 90.5556 0
    endloop
  endfacet
  facet normal -0.793853 -0.60811 0
    outer loop
      vertex 120.556 90.5556 3
      vertex 120.905 90.1 0
      vertex 120.905 90.1 3
    endloop
  endfacet
  facet normal -0.793853 0.60811 0
    outer loop
      vertex 120.556 87.4444 0
      vertex 120.905 87.9 3
      vertex 120.905 87.9 0
    endloop
  endfacet
  facet normal -0.793853 0.60811 0
    outer loop
      vertex 120.905 87.9 3
      vertex 120.556 87.4444 0
      vertex 120.556 87.4444 3
    endloop
  endfacet
  facet normal -0.608541 -0.793522 0
    outer loop
      vertex 120.1 90.9053 0
      vertex 120.556 90.5556 3
      vertex 120.1 90.9053 3
    endloop
  endfacet
  facet normal -0.608541 -0.793522 -0
    outer loop
      vertex 120.556 90.5556 3
      vertex 120.1 90.9053 0
      vertex 120.556 90.5556 0
    endloop
  endfacet
  facet normal 0.793853 -0.60811 0
    outer loop
      vertex 117.095 90.1 3
      vertex 117.444 90.5556 0
      vertex 117.444 90.5556 3
    endloop
  endfacet
  facet normal 0.793853 -0.60811 0
    outer loop
      vertex 117.444 90.5556 0
      vertex 117.095 90.1 3
      vertex 117.095 90.1 0
    endloop
  endfacet
  facet normal 0.923745 0.383008 0
    outer loop
      vertex 117.095 87.9 3
      vertex 116.875 88.4306 0
      vertex 116.875 88.4306 3
    endloop
  endfacet
  facet normal 0.923745 0.383008 0
    outer loop
      vertex 116.875 88.4306 0
      vertex 117.095 87.9 3
      vertex 117.095 87.9 0
    endloop
  endfacet
  facet normal -0.923745 0.383008 0
    outer loop
      vertex 120.905 87.9 0
      vertex 121.125 88.4306 3
      vertex 121.125 88.4306 0
    endloop
  endfacet
  facet normal -0.923745 0.383008 0
    outer loop
      vertex 121.125 88.4306 3
      vertex 120.905 87.9 0
      vertex 120.905 87.9 3
    endloop
  endfacet
  facet normal -0.991437 0.13059 0
    outer loop
      vertex 121.125 88.4306 0
      vertex 121.2 89 3
      vertex 121.2 89 0
    endloop
  endfacet
  facet normal -0.991437 0.13059 0
    outer loop
      vertex 121.2 89 3
      vertex 121.125 88.4306 0
      vertex 121.125 88.4306 3
    endloop
  endfacet
  facet normal -0.13068 -0.991425 0
    outer loop
      vertex 119 91.2 0
      vertex 119.569 91.125 3
      vertex 119 91.2 3
    endloop
  endfacet
  facet normal -0.13068 -0.991425 -0
    outer loop
      vertex 119.569 91.125 3
      vertex 119 91.2 0
      vertex 119.569 91.125 0
    endloop
  endfacet
  facet normal 0.13068 0.991425 -0
    outer loop
      vertex 119 86.8 0
      vertex 118.431 86.875 3
      vertex 119 86.8 3
    endloop
  endfacet
  facet normal 0.13068 0.991425 0
    outer loop
      vertex 118.431 86.875 3
      vertex 119 86.8 0
      vertex 118.431 86.875 0
    endloop
  endfacet
  facet normal 0.608541 0.793522 -0
    outer loop
      vertex 117.9 87.0947 0
      vertex 117.444 87.4444 3
      vertex 117.9 87.0947 3
    endloop
  endfacet
  facet normal 0.608541 0.793522 0
    outer loop
      vertex 117.444 87.4444 3
      vertex 117.9 87.0947 0
      vertex 117.444 87.4444 0
    endloop
  endfacet
  facet normal -0.382316 0.924032 0
    outer loop
      vertex 120.1 87.0947 0
      vertex 119.569 86.875 3
      vertex 120.1 87.0947 3
    endloop
  endfacet
  facet normal -0.382316 0.924032 0
    outer loop
      vertex 119.569 86.875 3
      vertex 120.1 87.0947 0
      vertex 119.569 86.875 0
    endloop
  endfacet
  facet normal 0.793853 0.60811 0
    outer loop
      vertex 117.444 87.4444 3
      vertex 117.095 87.9 0
      vertex 117.095 87.9 3
    endloop
  endfacet
  facet normal 0.793853 0.60811 0
    outer loop
      vertex 117.095 87.9 0
      vertex 117.444 87.4444 3
      vertex 117.444 87.4444 0
    endloop
  endfacet
  facet normal 0.13068 -0.991425 0
    outer loop
      vertex 118.431 91.125 0
      vertex 119 91.2 3
      vertex 118.431 91.125 3
    endloop
  endfacet
  facet normal 0.13068 -0.991425 0
    outer loop
      vertex 119 91.2 3
      vertex 118.431 91.125 0
      vertex 119 91.2 0
    endloop
  endfacet
  facet normal 0.382316 -0.924032 0
    outer loop
      vertex 117.9 90.9053 0
      vertex 118.431 91.125 3
      vertex 117.9 90.9053 3
    endloop
  endfacet
  facet normal 0.382316 -0.924032 0
    outer loop
      vertex 118.431 91.125 3
      vertex 117.9 90.9053 0
      vertex 118.431 91.125 0
    endloop
  endfacet
  facet normal 0.991437 0.13059 0
    outer loop
      vertex 116.875 88.4306 3
      vertex 116.8 89 0
      vertex 116.8 89 3
    endloop
  endfacet
  facet normal 0.991437 0.13059 0
    outer loop
      vertex 116.8 89 0
      vertex 116.875 88.4306 3
      vertex 116.875 88.4306 0
    endloop
  endfacet
  facet normal 0.382316 0.924032 -0
    outer loop
      vertex 118.431 86.875 0
      vertex 117.9 87.0947 3
      vertex 118.431 86.875 3
    endloop
  endfacet
  facet normal 0.382316 0.924032 0
    outer loop
      vertex 117.9 87.0947 3
      vertex 118.431 86.875 0
      vertex 117.9 87.0947 0
    endloop
  endfacet
  facet normal 0.608541 -0.793522 0
    outer loop
      vertex 117.444 90.5556 0
      vertex 117.9 90.9053 3
      vertex 117.444 90.5556 3
    endloop
  endfacet
  facet normal 0.608541 -0.793522 0
    outer loop
      vertex 117.9 90.9053 3
      vertex 117.444 90.5556 0
      vertex 117.9 90.9053 0
    endloop
  endfacet
  facet normal -0.382316 -0.924032 0
    outer loop
      vertex 119.569 91.125 0
      vertex 120.1 90.9053 3
      vertex 119.569 91.125 3
    endloop
  endfacet
  facet normal -0.382316 -0.924032 -0
    outer loop
      vertex 120.1 90.9053 3
      vertex 119.569 91.125 0
      vertex 120.1 90.9053 0
    endloop
  endfacet
  facet normal -0.608541 0.793522 0
    outer loop
      vertex 120.556 87.4444 0
      vertex 120.1 87.0947 3
      vertex 120.556 87.4444 3
    endloop
  endfacet
  facet normal -0.608541 0.793522 0
    outer loop
      vertex 120.1 87.0947 3
      vertex 120.556 87.4444 0
      vertex 120.1 87.0947 0
    endloop
  endfacet
  facet normal 0.923745 -0.383008 0
    outer loop
      vertex 116.875 89.5694 3
      vertex 117.095 90.1 0
      vertex 117.095 90.1 3
    endloop
  endfacet
  facet normal 0.923745 -0.383008 0
    outer loop
      vertex 117.095 90.1 0
      vertex 116.875 89.5694 3
      vertex 116.875 89.5694 0
    endloop
  endfacet
  facet normal -1 0 0
    outer loop
      vertex 95 40 0
      vertex 95 70 3
      vertex 95 70 0
    endloop
  endfacet
  facet normal -1 -0 0
    outer loop
      vertex 95 70 3
      vertex 95 40 0
      vertex 95 40 3
    endloop
  endfacet
  facet normal 0 0 -1
    outer loop
      vertex 30 70 4
      vertex 30.1978 69.9235 4
      vertex 30 69.4461 4
    endloop
  endfacet
  facet normal 0 0 -1
    outer loop
      vertex 30.1978 69.9235 4
      vertex 30 70 4
      vertex 30.2078 70 4
    endloop
  endfacet
  facet normal 0 0 -1
    outer loop
      vertex 74.2765 69.6022 4
      vertex 75.1278 70 4
      vertex 75 69.9019 4
    endloop
  endfacet
  facet normal 0 0 -1
    outer loop
      vertex 73.5 69.5 4
      vertex 75.1278 70 4
      vertex 74.2765 69.6022 4
    endloop
  endfacet
  facet normal 0 0 -1
    outer loop
      vertex 72.7235 69.6022 4
      vertex 75.1278 70 4
      vertex 73.5 69.5 4
    endloop
  endfacet
  facet normal 0 0 -1
    outer loop
      vertex 71.8722 70 4
      vertex 72.7235 69.6022 4
      vertex 72 69.9019 4
    endloop
  endfacet
  facet normal 0 0 -1
    outer loop
      vertex 72.7235 69.6022 4
      vertex 71.8722 70 4
      vertex 75.1278 70 4
    endloop
  endfacet
  facet normal 0 0 -1
    outer loop
      vertex 79.4 55.5 4
      vertex 81.1 55.5 4
      vertex 80.9978 54.7235 4
    endloop
  endfacet
  facet normal 0 0 -1
    outer loop
      vertex 79.3364 55.0983 4
      vertex 80.9978 54.7235 4
      vertex 80.6981 54 4
    endloop
  endfacet
  facet normal 0 0 -1
    outer loop
      vertex 81.1 55.5 4
      vertex 79.4 55.5 4
      vertex 80.9978 56.2765 4
    endloop
  endfacet
  facet normal 0 0 -1
    outer loop
      vertex 79.1517 54.7359 4
      vertex 80.6981 54 4
      vertex 80.2213 53.3787 4
    endloop
  endfacet
  facet normal 0 0 -1
    outer loop
      vertex 79.3364 55.9017 4
      vertex 80.9978 56.2765 4
      vertex 79.4 55.5 4
    endloop
  endfacet
  facet normal 0 0 -1
    outer loop
      vertex 78.8641 54.4483 4
      vertex 80.2213 53.3787 4
      vertex 79.6 52.9019 4
    endloop
  endfacet
  facet normal -0 0 -1
    outer loop
      vertex 80.9978 56.2765 4
      vertex 79.3364 55.9017 4
      vertex 80.6981 57 4
    endloop
  endfacet
  facet normal 0 0 -1
    outer loop
      vertex 79.1517 56.2641 4
      vertex 80.6981 57 4
      vertex 79.3364 55.9017 4
    endloop
  endfacet
  facet normal 0 0 -1
    outer loop
      vertex 80.9978 54.7235 4
      vertex 79.3364 55.0983 4
      vertex 79.4 55.5 4
    endloop
  endfacet
  facet normal 0 0 -1
    outer loop
      vertex 80.6981 54 4
      vertex 79.1517 54.7359 4
      vertex 79.3364 55.0983 4
    endloop
  endfacet
  facet normal 0 0 -1
    outer loop
      vertex 78.5017 54.2636 4
      vertex 79.6 52.9019 4
      vertex 78.8765 52.6022 4
    endloop
  endfacet
  facet normal 0 0 -1
    outer loop
      vertex 80.2213 53.3787 4
      vertex 78.8641 54.4483 4
      vertex 79.1517 54.7359 4
    endloop
  endfacet
  facet normal 0 0 -1
    outer loop
      vertex 79.6 52.9019 4
      vertex 78.5017 54.2636 4
      vertex 78.8641 54.4483 4
    endloop
  endfacet
  facet normal 0 0 -1
    outer loop
      vertex 78.1 54.2 4
      vertex 78.8765 52.6022 4
      vertex 78.1 52.5 4
    endloop
  endfacet
  facet normal 0 0 -1
    outer loop
      vertex 78.8765 52.6022 4
      vertex 78.1 54.2 4
      vertex 78.5017 54.2636 4
    endloop
  endfacet
  facet normal 0 0 -1
    outer loop
      vertex 77.3235 52.6022 4
      vertex 78.1 54.2 4
      vertex 78.1 52.5 4
    endloop
  endfacet
  facet normal -0 0 -1
    outer loop
      vertex 78.1 54.2 4
      vertex 77.3235 52.6022 4
      vertex 77.6983 54.2636 4
    endloop
  endfacet
  facet normal 0 0 -1
    outer loop
      vertex 76.6 52.9019 4
      vertex 77.6983 54.2636 4
      vertex 77.3235 52.6022 4
    endloop
  endfacet
  facet normal -0 0 -1
    outer loop
      vertex 77.6983 54.2636 4
      vertex 76.6 52.9019 4
      vertex 77.3359 54.4483 4
    endloop
  endfacet
  facet normal 0 0 -1
    outer loop
      vertex 75.9787 53.3787 4
      vertex 77.3359 54.4483 4
      vertex 76.6 52.9019 4
    endloop
  endfacet
  facet normal 0 0 -1
    outer loop
      vertex 75.5019 54 4
      vertex 77.0483 54.7359 4
      vertex 75.9787 53.3787 4
    endloop
  endfacet
  facet normal -0 0 -1
    outer loop
      vertex 77.3359 54.4483 4
      vertex 75.9787 53.3787 4
      vertex 77.0483 54.7359 4
    endloop
  endfacet
  facet normal -0 0 -1
    outer loop
      vertex 80.6981 57 4
      vertex 79.1517 56.2641 4
      vertex 80.2213 57.6213 4
    endloop
  endfacet
  facet normal 0 0 -1
    outer loop
      vertex 78.8641 56.5517 4
      vertex 80.2213 57.6213 4
      vertex 79.1517 56.2641 4
    endloop
  endfacet
  facet normal -0 0 -1
    outer loop
      vertex 80.2213 57.6213 4
      vertex 78.8641 56.5517 4
      vertex 79.6 58.0981 4
    endloop
  endfacet
  facet normal 0 0 -1
    outer loop
      vertex 78.5017 56.7364 4
      vertex 79.6 58.0981 4
      vertex 78.8641 56.5517 4
    endloop
  endfacet
  facet normal -0 0 -1
    outer loop
      vertex 79.6 58.0981 4
      vertex 78.5017 56.7364 4
      vertex 78.8765 58.3978 4
    endloop
  endfacet
  facet normal 0 0 -1
    outer loop
      vertex 78.1 56.8 4
      vertex 78.8765 58.3978 4
      vertex 78.5017 56.7364 4
    endloop
  endfacet
  facet normal 0 0 -1
    outer loop
      vertex 78.1 56.8 4
      vertex 78.1 58.5 4
      vertex 78.8765 58.3978 4
    endloop
  endfacet
  facet normal 0 0 -1
    outer loop
      vertex 77.3235 58.3978 4
      vertex 78.1 56.8 4
      vertex 77.6983 56.7364 4
    endloop
  endfacet
  facet normal 0 0 -1
    outer loop
      vertex 76.6 58.0981 4
      vertex 77.6983 56.7364 4
      vertex 77.3359 56.5517 4
    endloop
  endfacet
  facet normal 0 0 -1
    outer loop
      vertex 78.1 56.8 4
      vertex 77.3235 58.3978 4
      vertex 78.1 58.5 4
    endloop
  endfacet
  facet normal 0 0 -1
    outer loop
      vertex 75.9787 57.6213 4
      vertex 77.3359 56.5517 4
      vertex 77.0483 56.2641 4
    endloop
  endfacet
  facet normal 0 0 -1
    outer loop
      vertex 75.5019 57 4
      vertex 77.0483 56.2641 4
      vertex 76.8636 55.9017 4
    endloop
  endfacet
  facet normal 0 0 -1
    outer loop
      vertex 77.6983 56.7364 4
      vertex 76.6 58.0981 4
      vertex 77.3235 58.3978 4
    endloop
  endfacet
  facet normal 0 0 -1
    outer loop
      vertex 75.2022 56.2765 4
      vertex 76.8636 55.9017 4
      vertex 76.8 55.5 4
    endloop
  endfacet
  facet normal -0 0 -1
    outer loop
      vertex 77.0483 54.7359 4
      vertex 75.5019 54 4
      vertex 76.8636 55.0983 4
    endloop
  endfacet
  facet normal 0 0 -1
    outer loop
      vertex 75.2022 54.7235 4
      vertex 76.8636 55.0983 4
      vertex 75.5019 54 4
    endloop
  endfacet
  facet normal 0 0 -1
    outer loop
      vertex 77.3359 56.5517 4
      vertex 75.9787 57.6213 4
      vertex 76.6 58.0981 4
    endloop
  endfacet
  facet normal -0 0 -1
    outer loop
      vertex 76.8636 55.0983 4
      vertex 75.2022 54.7235 4
      vertex 76.8 55.5 4
    endloop
  endfacet
  facet normal 0 0 -1
    outer loop
      vertex 77.0483 56.2641 4
      vertex 75.5019 57 4
      vertex 75.9787 57.6213 4
    endloop
  endfacet
  facet normal 0 0 -1
    outer loop
      vertex 75.1 55.5 4
      vertex 76.8 55.5 4
      vertex 75.2022 54.7235 4
    endloop
  endfacet
  facet normal 0 0 -1
    outer loop
      vertex 76.8636 55.9017 4
      vertex 75.2022 56.2765 4
      vertex 75.5019 57 4
    endloop
  endfacet
  facet normal 0 0 -1
    outer loop
      vertex 76.8 55.5 4
      vertex 75.1 55.5 4
      vertex 75.2022 56.2765 4
    endloop
  endfacet
  facet normal 1 0 0
    outer loop
      vertex 30 69.4461 3
      vertex 30 70 4
      vertex 30 69.4461 4
    endloop
  endfacet
  facet normal 1 0 0
    outer loop
      vertex 30 70 4
      vertex 30 69.4461 3
      vertex 30 70 0
    endloop
  endfacet
  facet normal 1 0 0
    outer loop
      vertex 30 40 0
      vertex 30 69.4461 3
      vertex 30 40 3
    endloop
  endfacet
  facet normal 1 0 0
    outer loop
      vertex 30 69.4461 3
      vertex 30 40 0
      vertex 30 70 0
    endloop
  endfacet
  facet normal 0 -1 0
    outer loop
      vertex 30 70 4
      vertex 30.2078 70 3
      vertex 30.2078 70 4
    endloop
  endfacet
  facet normal 0 -1 0
    outer loop
      vertex 30 70 0
      vertex 71.8722 70 3
      vertex 30.2078 70 3
    endloop
  endfacet
  facet normal 0 -1 0
    outer loop
      vertex 95 70 0
      vertex 71.8722 70 3
      vertex 30 70 0
    endloop
  endfacet
  facet normal 0 -1 0
    outer loop
      vertex 30 70 0
      vertex 30.2078 70 3
      vertex 30 70 4
    endloop
  endfacet
  facet normal 0 -1 0
    outer loop
      vertex 71.8722 70 3
      vertex 95 70 0
      vertex 75.1278 70 3
    endloop
  endfacet
  facet normal 0 -1 0
    outer loop
      vertex 75.1278 70 3
      vertex 95 70 0
      vertex 95 70 3
    endloop
  endfacet
  facet normal 0 -1 0
    outer loop
      vertex 71.8722 70 3
      vertex 75.1278 70 4
      vertex 71.8722 70 4
    endloop
  endfacet
  facet normal 0 -1 -0
    outer loop
      vertex 75.1278 70 4
      vertex 71.8722 70 3
      vertex 75.1278 70 3
    endloop
  endfacet
  facet normal 0 1 -0
    outer loop
      vertex 95 40 0
      vertex 30 40 3
      vertex 95 40 3
    endloop
  endfacet
  facet normal 0 1 0
    outer loop
      vertex 30 40 3
      vertex 95 40 0
      vertex 30 40 0
    endloop
  endfacet
endsolid OpenSCAD_Model
