solid OpenSCAD_Model
  facet normal -0.77718 0.0218516 0.628899
    outer loop
      vertex 40.185 -43.3006 2.90544
      vertex 54.2104 -36.4585 20
      vertex 54.2353 -35.5729 20
    endloop
  endfacet
  facet normal -0.777178 0.0218393 0.628902
    outer loop
      vertex 54.2104 -36.4585 20
      vertex 40.185 -43.3006 2.90544
      vertex 40.3441 -44.085 3.12929
    endloop
  endfacet
  facet normal -0.788037 0.0835424 0.609934
    outer loop
      vertex 40.3441 -44.085 3.12929
      vertex 54.1152 -37.3565 20
      vertex 54.2104 -36.4585 20
    endloop
  endfacet
  facet normal -0.788048 0.0836326 0.609907
    outer loop
      vertex 54.1152 -37.3565 20
      vertex 40.3441 -44.085 3.12929
      vertex 40.4605 -44.8665 3.38685
    endloop
  endfacet
  facet normal -0.088287 0.932893 -0.349164
    outer loop
      vertex 31.851 -55.3168 15.1872
      vertex 34.7437 -53.2417 20
      vertex 35.8067 -53.1411 20
    endloop
  endfacet
  facet normal -0.088246 0.932889 -0.349187
    outer loop
      vertex 34.7437 -53.2417 20
      vertex 31.851 -55.3168 15.1872
      vertex 31.1899 -55.1963 15.6762
    endloop
  endfacet
  facet normal 0.458155 0.60587 -0.650397
    outer loop
      vertex 24.8572 -51.4062 19.1678
      vertex 24.8508 -50.508 20
      vertex 25.5411 -51.03 20
    endloop
  endfacet
  facet normal 0.458102 0.605888 -0.650417
    outer loop
      vertex 24.8508 -50.508 20
      vertex 24.8572 -51.4062 19.1678
      vertex 24.3117 -50.8045 19.3441
    endloop
  endfacet
  facet normal -0.797461 0.324092 0.508941
    outer loop
      vertex 40.5504 -47.1605 4.35002
      vertex 53.0441 -40.9946 20
      vertex 53.4134 -40.0859 20
    endloop
  endfacet
  facet normal -0.797459 0.324113 0.508931
    outer loop
      vertex 53.0441 -40.9946 20
      vertex 40.5504 -47.1605 4.35002
      vertex 40.4934 -47.8974 4.73
    endloop
  endfacet
  facet normal -0.431075 0.900765 -0.0528856
    outer loop
      vertex 36.1512 -54.7313 11.3882
      vertex 42.203 -51.3295 20
      vertex 43.2294 -50.8383 20
    endloop
  endfacet
  facet normal -0.431034 0.900782 -0.0529212
    outer loop
      vertex 42.203 -51.3295 20
      vertex 36.1512 -54.7313 11.3882
      vertex 35.5907 -54.9662 11.9551
    endloop
  endfacet
  facet normal 0.599495 0.323085 0.732272
    outer loop
      vertex 40.5639 -46.4076 3.99852
      vertex 40.3957 -46.3549 4.11297
      vertex 40.3958 -46.3581 4.1143
    endloop
  endfacet
  facet normal 0.599381 0.329755 0.729386
    outer loop
      vertex 40.5339 -45.6418 3.67701
      vertex 40.3663 -45.605 3.7981
      vertex 40.3957 -46.3549 4.11297
    endloop
  endfacet
  facet normal 0.599384 0.329717 0.729401
    outer loop
      vertex 40.5339 -45.6418 3.67701
      vertex 40.366 -45.6018 3.7969
      vertex 40.3663 -45.605 3.7981
    endloop
  endfacet
  facet normal 0.599615 0.329647 0.729243
    outer loop
      vertex 40.2942 -44.8425 3.51274
      vertex 40.4605 -44.8665 3.38685
      vertex 40.3441 -44.085 3.12929
    endloop
  endfacet
  facet normal 0.599618 0.329616 0.729254
    outer loop
      vertex 40.4605 -44.8665 3.38685
      vertex 40.2942 -44.8425 3.51274
      vertex 40.366 -45.6018 3.7969
    endloop
  endfacet
  facet normal 0.599355 0.329727 0.72942
    outer loop
      vertex 40.1796 -44.0739 3.25944
      vertex 40.3441 -44.085 3.12929
      vertex 40.185 -43.3006 2.90544
    endloop
  endfacet
  facet normal 0.59929 0.329774 0.729452
    outer loop
      vertex 40.3441 -44.085 3.12929
      vertex 40.1801 -44.0772 3.2605
      vertex 40.2942 -44.8425 3.51274
    endloop
  endfacet
  facet normal 0.600071 0.325621 0.730675
    outer loop
      vertex 40.3441 -44.085 3.12929
      vertex 40.1796 -44.0739 3.25944
      vertex 40.1801 -44.0772 3.2605
    endloop
  endfacet
  facet normal 0.599249 0.329761 0.729492
    outer loop
      vertex 40.185 -43.3006 2.90544
      vertex 40.0238 -43.3058 3.04021
      vertex 40.1796 -44.0739 3.25944
    endloop
  endfacet
  facet normal 0.602505 0.316079 0.732859
    outer loop
      vertex 40.185 -43.3006 2.90544
      vertex 40.0232 -43.3025 3.03928
      vertex 40.0238 -43.3058 3.04021
    endloop
  endfacet
  facet normal 0.599868 0.327865 0.729838
    outer loop
      vertex 40.185 -43.3006 2.90544
      vertex 40.0224 -43.2993 3.0385
      vertex 40.0232 -43.3025 3.03928
    endloop
  endfacet
  facet normal 0.599464 0.329737 0.729326
    outer loop
      vertex 39.984 -42.5167 2.71624
      vertex 40.0224 -43.2993 3.0385
      vertex 40.185 -43.3006 2.90544
    endloop
  endfacet
  facet normal 0.599602 0.329703 0.729228
    outer loop
      vertex 39.984 -42.5167 2.71624
      vertex 39.8256 -42.5316 2.85322
      vertex 40.0224 -43.2993 3.0385
    endloop
  endfacet
  facet normal 0.599594 0.329731 0.729221
    outer loop
      vertex 39.742 -41.7367 2.56253
      vertex 39.8256 -42.5316 2.85322
      vertex 39.984 -42.5167 2.71624
    endloop
  endfacet
  facet normal 0.599598 0.329731 0.729219
    outer loop
      vertex 39.742 -41.7367 2.56253
      vertex 39.5886 -41.7677 2.70268
      vertex 39.8256 -42.5316 2.85322
    endloop
  endfacet
  facet normal 0.601627 0.323917 0.730153
    outer loop
      vertex 39.742 -41.7367 2.56253
      vertex 39.5876 -41.7644 2.70204
      vertex 39.5886 -41.7677 2.70268
    endloop
  endfacet
  facet normal 0.599678 0.329733 0.729152
    outer loop
      vertex 39.46 -40.9638 2.44494
      vertex 39.5876 -41.7644 2.70204
      vertex 39.742 -41.7367 2.56253
    endloop
  endfacet
  facet normal 0.599578 0.329742 0.72923
    outer loop
      vertex 39.46 -40.9638 2.44494
      vertex 39.3114 -41.0075 2.58688
      vertex 39.5876 -41.7644 2.70204
    endloop
  endfacet
  facet normal 0.594238 0.342693 0.727628
    outer loop
      vertex 39.46 -40.9638 2.44494
      vertex 39.3102 -41.0044 2.5864
      vertex 39.3114 -41.0075 2.58688
    endloop
  endfacet
  facet normal 0.59941 0.329715 0.72938
    outer loop
      vertex 39.1392 -40.2015 2.36398
      vertex 39.3102 -41.0044 2.5864
      vertex 39.46 -40.9638 2.44494
    endloop
  endfacet
  facet normal 0.599557 0.329713 0.729261
    outer loop
      vertex 39.1392 -40.2015 2.36398
      vertex 38.996 -40.2577 2.50712
      vertex 39.3102 -41.0044 2.5864
    endloop
  endfacet
  facet normal 0.598901 0.331125 0.729159
    outer loop
      vertex 39.1392 -40.2015 2.36398
      vertex 38.9947 -40.2546 2.50678
      vertex 38.996 -40.2577 2.50712
    endloop
  endfacet
  facet normal 0.599538 0.32971 0.729277
    outer loop
      vertex 38.781 -39.4529 2.32001
      vertex 38.9947 -40.2546 2.50678
      vertex 39.1392 -40.2015 2.36398
    endloop
  endfacet
  facet normal 0.599499 0.329707 0.729311
    outer loop
      vertex 38.781 -39.4529 2.32001
      vertex 38.6439 -39.5215 2.46372
      vertex 38.9947 -40.2546 2.50678
    endloop
  endfacet
  facet normal 0.597377 0.333747 0.729214
    outer loop
      vertex 38.781 -39.4529 2.32001
      vertex 38.6424 -39.5184 2.46353
      vertex 38.6439 -39.5215 2.46372
    endloop
  endfacet
  facet normal 0.605665 0.317309 0.729716
    outer loop
      vertex 38.781 -39.4529 2.32001
      vertex 38.6408 -39.5153 2.46351
      vertex 38.6424 -39.5184 2.46353
    endloop
  endfacet
  facet normal 0.599609 0.329741 0.729205
    outer loop
      vertex 38.3869 -38.7212 2.3132
      vertex 38.6408 -39.5153 2.46351
      vertex 38.781 -39.4529 2.32001
    endloop
  endfacet
  facet normal 0.599413 0.329712 0.729379
    outer loop
      vertex 38.3869 -38.7212 2.3132
      vertex 38.2548 -38.7988 2.45684
      vertex 38.6408 -39.5153 2.46351
    endloop
  endfacet
  facet normal 0.59936 0.329639 0.729456
    outer loop
      vertex 37.8353 -38.102 2.48661
      vertex 38.3869 -38.7212 2.3132
      vertex 37.9586 -38.0097 2.34359
    endloop
  endfacet
  facet normal 0.599415 0.329708 0.729379
    outer loop
      vertex 38.3869 -38.7212 2.3132
      vertex 37.8353 -38.102 2.48661
      vertex 38.2548 -38.7988 2.45684
    endloop
  endfacet
  facet normal 0.60333 0.323514 0.728925
    outer loop
      vertex 37.9586 -38.0097 2.34359
      vertex 37.8336 -38.0991 2.48673
      vertex 37.8353 -38.102 2.48661
    endloop
  endfacet
  facet normal 0.602713 0.324495 0.728999
    outer loop
      vertex 37.9586 -38.0097 2.34359
      vertex 37.8317 -38.0962 2.48701
      vertex 37.8336 -38.0991 2.48673
    endloop
  endfacet
  facet normal 0.599383 0.329635 0.729438
    outer loop
      vertex 37.3805 -37.4221 2.55308
      vertex 37.9586 -38.0097 2.34359
      vertex 37.4979 -37.3213 2.41106
    endloop
  endfacet
  facet normal 0.599469 0.329766 0.729308
    outer loop
      vertex 37.9586 -38.0097 2.34359
      vertex 37.3805 -37.4221 2.55308
      vertex 37.8317 -38.0962 2.48701
    endloop
  endfacet
  facet normal 0.605606 0.320735 0.728265
    outer loop
      vertex 37.4979 -37.3213 2.41106
      vertex 37.3785 -37.4193 2.55351
      vertex 37.3805 -37.4221 2.55308
    endloop
  endfacet
  facet normal 0.599381 0.329638 0.729439
    outer loop
      vertex 36.8975 -36.7707 2.65559
      vertex 37.4979 -37.3213 2.41106
      vertex 37.0068 -36.659 2.5153
    endloop
  endfacet
  facet normal 0.599452 0.329768 0.729322
    outer loop
      vertex 37.4979 -37.3213 2.41106
      vertex 36.8975 -36.7707 2.65559
      vertex 37.3785 -37.4193 2.55351
    endloop
  endfacet
  facet normal 0.599485 0.329733 0.729311
    outer loop
      vertex 36.3889 -36.1504 2.79326
      vertex 37.0068 -36.659 2.5153
      vertex 36.4874 -36.0256 2.65587
    endloop
  endfacet
  facet normal 0.599419 0.329589 0.729429
    outer loop
      vertex 37.0068 -36.659 2.5153
      vertex 36.3889 -36.1504 2.79326
      vertex 36.8975 -36.7707 2.65559
    endloop
  endfacet
  facet normal 0.592201 0.337909 0.731515
    outer loop
      vertex 36.4874 -36.0256 2.65587
      vertex 36.3867 -36.1478 2.79384
      vertex 36.3889 -36.1504 2.79326
    endloop
  endfacet
  facet normal 0.606483 0.321343 0.727267
    outer loop
      vertex 36.4874 -36.0256 2.65587
      vertex 36.3845 -36.1453 2.79457
      vertex 36.3867 -36.1478 2.79384
    endloop
  endfacet
  facet normal 0.599517 0.329855 0.729229
    outer loop
      vertex 35.8503 -35.556 2.96723
      vertex 36.4874 -36.0256 2.65587
      vertex 35.9419 -35.4239 2.83217
    endloop
  endfacet
  facet normal 0.599475 0.329741 0.729315
    outer loop
      vertex 36.4874 -36.0256 2.65587
      vertex 35.8503 -35.556 2.96723
      vertex 36.3845 -36.1453 2.79457
    endloop
  endfacet
  facet normal 0.599504 0.329794 0.729267
    outer loop
      vertex 35.4003 -35.1074 3.13427
      vertex 35.9419 -35.4239 2.83217
      vertex 35.4803 -34.9637 3.00352
    endloop
  endfacet
  facet normal 0.599518 0.329854 0.729229
    outer loop
      vertex 35.9419 -35.4239 2.83217
      vertex 35.4003 -35.1074 3.13427
      vertex 35.8503 -35.556 2.96723
    endloop
  endfacet
  facet normal 0.599535 0.329672 0.729297
    outer loop
      vertex 40.3957 -46.3549 4.11297
      vertex 40.5639 -46.4076 3.99852
      vertex 40.5339 -45.6418 3.67701
    endloop
  endfacet
  facet normal 0.599576 0.329627 0.729284
    outer loop
      vertex 40.3825 -47.0986 4.45998
      vertex 40.5639 -46.4076 3.99852
      vertex 40.3958 -46.3612 4.11575
    endloop
  endfacet
  facet normal 0.599383 0.329726 0.729397
    outer loop
      vertex 40.366 -45.6018 3.7969
      vertex 40.5339 -45.6418 3.67701
      vertex 40.4605 -44.8665 3.38685
    endloop
  endfacet
  facet normal 0.599305 0.339169 0.725119
    outer loop
      vertex 40.5639 -46.4076 3.99852
      vertex 40.3958 -46.3581 4.1143
      vertex 40.3958 -46.3612 4.11575
    endloop
  endfacet
  facet normal 0.599302 0.329798 0.729432
    outer loop
      vertex 40.5639 -46.4076 3.99852
      vertex 40.3825 -47.0986 4.45998
      vertex 40.5504 -47.1605 4.35002
    endloop
  endfacet
  facet normal 0.599301 0.329776 0.729443
    outer loop
      vertex 40.3267 -47.8203 4.8321
      vertex 40.5504 -47.1605 4.35002
      vertex 40.3825 -47.0986 4.45998
    endloop
  endfacet
  facet normal 0.599295 0.32978 0.729446
    outer loop
      vertex 40.5504 -47.1605 4.35002
      vertex 40.3267 -47.8203 4.8321
      vertex 40.4934 -47.8974 4.73
    endloop
  endfacet
  facet normal 0.600403 0.339014 0.724282
    outer loop
      vertex 40.3265 -47.8233 4.83367
      vertex 40.4934 -47.8974 4.73
      vertex 40.3267 -47.8203 4.8321
    endloop
  endfacet
  facet normal 0.599427 0.329685 0.72938
    outer loop
      vertex 40.2283 -48.5262 5.23209
      vertex 40.4934 -47.8974 4.73
      vertex 40.3265 -47.8233 4.83367
    endloop
  endfacet
  facet normal 0.599586 0.329559 0.729306
    outer loop
      vertex 40.4934 -47.8974 4.73
      vertex 40.2283 -48.5262 5.23209
      vertex 40.3931 -48.6152 5.13682
    endloop
  endfacet
  facet normal 0.599434 0.328759 0.729792
    outer loop
      vertex 40.2279 -48.5292 5.23377
      vertex 40.3931 -48.6152 5.13682
      vertex 40.2283 -48.5262 5.23209
    endloop
  endfacet
  facet normal 0.599579 0.329599 0.729293
    outer loop
      vertex 40.0878 -49.2103 5.65677
      vertex 40.3931 -48.6152 5.13682
      vertex 40.2279 -48.5292 5.23377
    endloop
  endfacet
  facet normal 0.599369 0.329785 0.729382
    outer loop
      vertex 40.3931 -48.6152 5.13682
      vertex 40.0878 -49.2103 5.65677
      vertex 40.2501 -49.3106 5.56875
    endloop
  endfacet
  facet normal 0.600761 0.335226 0.725748
    outer loop
      vertex 40.0872 -49.2131 5.65856
      vertex 40.2501 -49.3106 5.56875
      vertex 40.0878 -49.2103 5.65677
    endloop
  endfacet
  facet normal 0.599454 0.32974 0.729333
    outer loop
      vertex 39.9059 -49.8695 6.10434
      vertex 40.2501 -49.3106 5.56875
      vertex 40.0872 -49.2131 5.65856
    endloop
  endfacet
  facet normal 0.599538 0.329657 0.729301
    outer loop
      vertex 40.2501 -49.3106 5.56875
      vertex 39.9059 -49.8695 6.10434
      vertex 40.0649 -49.9808 6.02394
    endloop
  endfacet
  facet normal 0.59714 0.322515 0.734444
    outer loop
      vertex 39.9051 -49.8723 6.10622
      vertex 40.0649 -49.9808 6.02394
      vertex 39.9059 -49.8695 6.10434
    endloop
  endfacet
  facet normal 0.602315 0.339067 0.722669
    outer loop
      vertex 39.9042 -49.8749 6.10819
      vertex 40.0649 -49.9808 6.02394
      vertex 39.9051 -49.8723 6.10622
    endloop
  endfacet
  facet normal 0.599569 0.329637 0.729284
    outer loop
      vertex 39.6823 -50.5037 6.57484
      vertex 40.0649 -49.9808 6.02394
      vertex 39.9042 -49.8749 6.10819
    endloop
  endfacet
  facet normal 0.599653 0.329547 0.729256
    outer loop
      vertex 40.0649 -49.9808 6.02394
      vertex 39.6823 -50.5037 6.57484
      vertex 39.8383 -50.6229 6.50043
    endloop
  endfacet
  facet normal 0.599648 0.329533 0.729267
    outer loop
      vertex 39.4208 -51.1023 7.06035
      vertex 39.8383 -50.6229 6.50043
      vertex 39.6823 -50.5037 6.57484
    endloop
  endfacet
  facet normal 0.59955 0.329651 0.729295
    outer loop
      vertex 39.8383 -50.6229 6.50043
      vertex 39.4208 -51.1023 7.06035
      vertex 39.5713 -51.2341 6.9962
    endloop
  endfacet
  facet normal 0.600741 0.332011 0.72724
    outer loop
      vertex 39.4197 -51.1048 7.0624
      vertex 39.5713 -51.2341 6.9962
      vertex 39.4208 -51.1023 7.06035
    endloop
  endfacet
  facet normal 0.597127 0.324537 0.733563
    outer loop
      vertex 39.4184 -51.1072 7.06452
      vertex 39.5713 -51.2341 6.9962
      vertex 39.4197 -51.1048 7.0624
    endloop
  endfacet
  facet normal 0.59951 0.3297 0.729305
    outer loop
      vertex 39.1185 -51.673 7.56683
      vertex 39.5713 -51.2341 6.9962
      vertex 39.4184 -51.1072 7.06452
    endloop
  endfacet
  facet normal 0.599518 0.32969 0.729303
    outer loop
      vertex 39.5713 -51.2341 6.9962
      vertex 39.1185 -51.673 7.56683
      vertex 39.2651 -51.8119 7.50911
    endloop
  endfacet
  facet normal 0.59184 0.316613 0.74127
    outer loop
      vertex 39.117 -51.6753 7.56901
      vertex 39.2651 -51.8119 7.50911
      vertex 39.1185 -51.673 7.56683
    endloop
  endfacet
  facet normal 0.599289 0.329895 0.729399
    outer loop
      vertex 38.7799 -52.2059 8.08596
      vertex 39.2651 -51.8119 7.50911
      vertex 39.117 -51.6753 7.56901
    endloop
  endfacet
  facet normal 0.599431 0.329687 0.729376
    outer loop
      vertex 39.2651 -51.8119 7.50911
      vertex 38.7799 -52.2059 8.08596
      vertex 38.9208 -52.3537 8.03697
    endloop
  endfacet
  facet normal 0.599438 0.329697 0.729365
    outer loop
      vertex 38.407 -52.699 8.61533
      vertex 38.9208 -52.3537 8.03697
      vertex 38.7799 -52.2059 8.08596
    endloop
  endfacet
  facet normal 0.59933 0.329873 0.729374
    outer loop
      vertex 38.9208 -52.3537 8.03697
      vertex 38.407 -52.699 8.61533
      vertex 38.5401 -52.8572 8.57751
    endloop
  endfacet
  facet normal 0.61014 0.342543 0.714418
    outer loop
      vertex 38.4055 -52.701 8.61757
      vertex 38.5401 -52.8572 8.57751
      vertex 38.407 -52.699 8.61533
    endloop
  endfacet
  facet normal 0.596376 0.325755 0.733634
    outer loop
      vertex 38.4038 -52.703 8.61984
      vertex 38.5401 -52.8572 8.57751
      vertex 38.4055 -52.701 8.61757
    endloop
  endfacet
  facet normal 0.599452 0.329641 0.729379
    outer loop
      vertex 37.9967 -53.1565 9.15938
      vertex 38.5401 -52.8572 8.57751
      vertex 38.4038 -52.703 8.61984
    endloop
  endfacet
  facet normal 0.599279 0.329955 0.729379
    outer loop
      vertex 38.5401 -52.8572 8.57751
      vertex 37.9967 -53.1565 9.15938
      vertex 38.1245 -53.3202 9.12843
    endloop
  endfacet
  facet normal 0.599289 0.329965 0.729366
    outer loop
      vertex 37.5573 -53.5684 9.70676
      vertex 38.1245 -53.3202 9.12843
      vertex 37.9967 -53.1565 9.15938
    endloop
  endfacet
  facet normal 0.599402 0.329735 0.729378
    outer loop
      vertex 38.1245 -53.3202 9.12843
      vertex 37.5573 -53.5684 9.70676
      vertex 37.6758 -53.7409 9.68736
    endloop
  endfacet
  facet normal 0.601456 0.331422 0.726918
    outer loop
      vertex 37.5555 -53.5702 9.70907
      vertex 37.6758 -53.7409 9.68736
      vertex 37.5573 -53.5684 9.70676
    endloop
  endfacet
  facet normal 0.599501 0.329742 0.729294
    outer loop
      vertex 37.0856 -53.9388 10.262
      vertex 37.6758 -53.7409 9.68736
      vertex 37.5555 -53.5702 9.70907
    endloop
  endfacet
  facet normal 0.599577 0.329565 0.729311
    outer loop
      vertex 37.6758 -53.7409 9.68736
      vertex 37.0856 -53.9388 10.262
      vertex 37.196 -54.1173 10.2519
    endloop
  endfacet
  facet normal 0.590901 0.323652 0.738976
    outer loop
      vertex 37.0836 -53.9404 10.2643
      vertex 37.196 -54.1173 10.2519
      vertex 37.0856 -53.9388 10.262
    endloop
  endfacet
  facet normal 0.597668 0.328485 0.731362
    outer loop
      vertex 37.0815 -53.9417 10.2666
      vertex 37.196 -54.1173 10.2519
      vertex 37.0836 -53.9404 10.2643
    endloop
  endfacet
  facet normal 0.599452 0.329821 0.729298
    outer loop
      vertex 36.5831 -54.2655 10.8227
      vertex 37.196 -54.1173 10.2519
      vertex 37.0815 -53.9417 10.2666
    endloop
  endfacet
  facet normal 0.599617 0.329381 0.729361
    outer loop
      vertex 37.196 -54.1173 10.2519
      vertex 36.5831 -54.2655 10.8227
      vertex 36.687 -54.448 10.8197
    endloop
  endfacet
  facet normal 0.599657 0.329405 0.729317
    outer loop
      vertex 36.5831 -54.2655 10.8227
      vertex 36.1512 -54.7313 11.3882
      vertex 36.687 -54.448 10.8197
    endloop
  endfacet
  facet normal 0.599352 0.329785 0.729397
    outer loop
      vertex 36.0583 -54.543 11.3794
      vertex 36.1512 -54.7313 11.3882
      vertex 36.5831 -54.2655 10.8227
    endloop
  endfacet
  facet normal 0.6063 0.332877 0.722214
    outer loop
      vertex 36.0561 -54.5442 11.3818
      vertex 36.1512 -54.7313 11.3882
      vertex 36.0583 -54.543 11.3794
    endloop
  endfacet
  facet normal 0.593451 0.326802 0.735538
    outer loop
      vertex 36.0538 -54.5452 11.3841
      vertex 36.1512 -54.7313 11.3882
      vertex 36.0561 -54.5442 11.3818
    endloop
  endfacet
  facet normal 0.599435 0.329797 0.729322
    outer loop
      vertex 36.0538 -54.5452 11.3841
      vertex 35.5907 -54.9662 11.9551
      vertex 36.1512 -54.7313 11.3882
    endloop
  endfacet
  facet normal 0.599541 0.329652 0.729301
    outer loop
      vertex 35.5049 -54.7752 11.9393
      vertex 35.5907 -54.9662 11.9551
      vertex 36.0538 -54.5452 11.3841
    endloop
  endfacet
  facet normal 0.582555 0.323378 0.745692
    outer loop
      vertex 35.5024 -54.776 11.9416
      vertex 35.5907 -54.9662 11.9551
      vertex 35.5049 -54.7752 11.9393
    endloop
  endfacet
  facet normal 0.599281 0.329984 0.729364
    outer loop
      vertex 35.5024 -54.776 11.9416
      vertex 35.008 -55.1517 12.5178
      vertex 35.5907 -54.9662 11.9551
    endloop
  endfacet
  facet normal 0.59969 0.329362 0.729309
    outer loop
      vertex 34.9318 -54.9576 12.4928
      vertex 35.008 -55.1517 12.5178
      vertex 35.5024 -54.776 11.9416
    endloop
  endfacet
  facet normal 0.595662 0.328268 0.733094
    outer loop
      vertex 34.9293 -54.9582 12.4951
      vertex 35.008 -55.1517 12.5178
      vertex 34.9318 -54.9576 12.4928
    endloop
  endfacet
  facet normal 0.59955 0.329416 0.729401
    outer loop
      vertex 34.9293 -54.9582 12.4951
      vertex 34.4055 -55.2869 13.0741
      vertex 35.008 -55.1517 12.5178
    endloop
  endfacet
  facet normal 0.599438 0.329605 0.729407
    outer loop
      vertex 34.3393 -55.0906 13.0398
      vertex 34.4055 -55.2869 13.0741
      vertex 34.9293 -54.9582 12.4951
    endloop
  endfacet
  facet normal 0.603701 0.330366 0.725536
    outer loop
      vertex 34.3367 -55.0909 13.0421
      vertex 34.4055 -55.2869 13.0741
      vertex 34.3393 -55.0906 13.0398
    endloop
  endfacet
  facet normal 0.599536 0.329529 0.729361
    outer loop
      vertex 34.3367 -55.0909 13.0421
      vertex 33.7859 -55.3712 13.6215
      vertex 34.4055 -55.2869 13.0741
    endloop
  endfacet
  facet normal 0.599519 0.329562 0.72936
    outer loop
      vertex 33.7299 -55.1735 13.5782
      vertex 33.7859 -55.3712 13.6215
      vertex 34.3367 -55.0909 13.0421
    endloop
  endfacet
  facet normal 0.599507 0.329561 0.729371
    outer loop
      vertex 33.7299 -55.1735 13.5782
      vertex 33.1518 -55.4044 14.1577
      vertex 33.7859 -55.3712 13.6215
    endloop
  endfacet
  facet normal 0.599482 0.329614 0.729367
    outer loop
      vertex 33.1089 -55.206 14.1033
      vertex 33.1518 -55.4044 14.1577
      vertex 33.7299 -55.1735 13.5782
    endloop
  endfacet
  facet normal 0.602431 0.329587 0.726945
    outer loop
      vertex 33.1063 -55.2061 14.1055
      vertex 33.1518 -55.4044 14.1577
      vertex 33.1089 -55.206 14.1033
    endloop
  endfacet
  facet normal 0.579716 0.32922 0.745349
    outer loop
      vertex 33.1036 -55.2061 14.1076
      vertex 33.1518 -55.4044 14.1577
      vertex 33.1063 -55.2061 14.1055
    endloop
  endfacet
  facet normal 0.599378 0.329945 0.729302
    outer loop
      vertex 33.1036 -55.2061 14.1076
      vertex 32.5059 -55.3862 14.6803
      vertex 33.1518 -55.4044 14.1577
    endloop
  endfacet
  facet normal 0.599559 0.329506 0.729353
    outer loop
      vertex 32.4711 -55.1883 14.6195
      vertex 32.5059 -55.3862 14.6803
      vertex 33.1036 -55.2061 14.1076
    endloop
  endfacet
  facet normal 0.602221 0.329325 0.727238
    outer loop
      vertex 32.4684 -55.188 14.6216
      vertex 32.5059 -55.3862 14.6803
      vertex 32.4711 -55.1883 14.6195
    endloop
  endfacet
  facet normal 0.599496 0.329457 0.729426
    outer loop
      vertex 32.4684 -55.188 14.6216
      vertex 31.851 -55.3168 15.1872
      vertex 32.5059 -55.3862 14.6803
    endloop
  endfacet
  facet normal 0.599452 0.329582 0.729406
    outer loop
      vertex 31.827 -55.12 15.118
      vertex 31.851 -55.3168 15.1872
      vertex 32.4684 -55.188 14.6216
    endloop
  endfacet
  facet normal 0.599544 0.329569 0.729336
    outer loop
      vertex 31.827 -55.12 15.118
      vertex 31.1899 -55.1963 15.6762
      vertex 31.851 -55.3168 15.1872
    endloop
  endfacet
  facet normal 0.599475 0.3298 0.729289
    outer loop
      vertex 31.1796 -55.002 15.5968
      vertex 31.1899 -55.1963 15.6762
      vertex 31.827 -55.12 15.118
    endloop
  endfacet
  facet normal 0.603513 0.32883 0.726391
    outer loop
      vertex 31.1768 -55.0015 15.5989
      vertex 31.1899 -55.1963 15.6762
      vertex 31.1796 -55.002 15.5968
    endloop
  endfacet
  facet normal 0.599403 0.329812 0.729342
    outer loop
      vertex 30.5254 -55.0255 16.1451
      vertex 31.1768 -55.0015 15.5989
      vertex 30.526 -54.8342 16.0581
    endloop
  endfacet
  facet normal 0.599422 0.329734 0.729362
    outer loop
      vertex 31.1768 -55.0015 15.5989
      vertex 30.5254 -55.0255 16.1451
      vertex 31.1899 -55.1963 15.6762
    endloop
  endfacet
  facet normal 0.598983 0.329944 0.729628
    outer loop
      vertex 30.5233 -54.8335 16.06
      vertex 30.5254 -55.0255 16.1451
      vertex 30.526 -54.8342 16.0581
    endloop
  endfacet
  facet normal 0.600375 0.329534 0.728668
    outer loop
      vertex 30.5205 -54.8326 16.0619
      vertex 30.5254 -55.0255 16.1451
      vertex 30.5233 -54.8335 16.06
    endloop
  endfacet
  facet normal 0.599479 0.329579 0.729385
    outer loop
      vertex 29.8603 -54.8049 16.592
      vertex 30.5205 -54.8326 16.0619
      vertex 29.8692 -54.6166 16.4996
    endloop
  endfacet
  facet normal 0.599438 0.329792 0.729322
    outer loop
      vertex 30.5205 -54.8326 16.0619
      vertex 29.8603 -54.8049 16.592
      vertex 30.5254 -55.0255 16.1451
    endloop
  endfacet
  facet normal 0.599488 0.3298 0.729278
    outer loop
      vertex 29.1976 -54.5355 17.015
      vertex 29.8692 -54.6166 16.4996
      vertex 29.2202 -54.3528 16.9138
    endloop
  endfacet
  facet normal 0.595702 0.331546 0.731585
    outer loop
      vertex 29.1976 -54.5355 17.015
      vertex 29.2202 -54.3528 16.9138
      vertex 29.2175 -54.3517 16.9155
    endloop
  endfacet
  facet normal 0.599521 0.329564 0.729357
    outer loop
      vertex 29.8692 -54.6166 16.4996
      vertex 29.1976 -54.5355 17.015
      vertex 29.8603 -54.8049 16.592
    endloop
  endfacet
  facet normal 0.599482 0.329599 0.729373
    outer loop
      vertex 28.54 -54.2186 17.4122
      vertex 29.2175 -54.3517 16.9155
      vertex 28.5735 -54.0412 17.3045
    endloop
  endfacet
  facet normal 0.597219 0.330818 0.730677
    outer loop
      vertex 28.54 -54.2186 17.4122
      vertex 28.5735 -54.0412 17.3045
      vertex 28.5707 -54.0399 17.3062
    endloop
  endfacet
  facet normal 0.599458 0.329883 0.729264
    outer loop
      vertex 29.2175 -54.3517 16.9155
      vertex 28.54 -54.2186 17.4122
      vertex 29.1976 -54.5355 17.015
    endloop
  endfacet
  facet normal 0.599459 0.329727 0.729335
    outer loop
      vertex 27.8904 -53.8553 17.7819
      vertex 28.5707 -54.0399 17.3062
      vertex 27.9345 -53.6842 17.6683
    endloop
  endfacet
  facet normal 0.606346 0.325443 0.725556
    outer loop
      vertex 27.8904 -53.8553 17.7819
      vertex 27.9345 -53.6842 17.6683
      vertex 27.9319 -53.6827 17.6698
    endloop
  endfacet
  facet normal 0.599461 0.329655 0.729366
    outer loop
      vertex 28.5707 -54.0399 17.3062
      vertex 27.8904 -53.8553 17.7819
      vertex 28.54 -54.2186 17.4122
    endloop
  endfacet
  facet normal 0.599418 0.329779 0.729345
    outer loop
      vertex 27.2515 -53.4474 18.1226
      vertex 27.9319 -53.6827 17.6698
      vertex 27.3062 -53.2832 18.0034
    endloop
  endfacet
  facet normal 0.607177 0.324308 0.725369
    outer loop
      vertex 27.2515 -53.4474 18.1226
      vertex 27.3062 -53.2832 18.0034
      vertex 27.3035 -53.2815 18.0049
    endloop
  endfacet
  facet normal 0.586711 0.338138 0.735821
    outer loop
      vertex 27.2515 -53.4474 18.1226
      vertex 27.3035 -53.2815 18.0049
      vertex 27.3009 -53.2796 18.0061
    endloop
  endfacet
  facet normal 0.599414 0.32962 0.72942
    outer loop
      vertex 27.9319 -53.6827 17.6698
      vertex 27.2515 -53.4474 18.1226
      vertex 27.8904 -53.8553 17.7819
    endloop
  endfacet
  facet normal 0.599494 0.329702 0.729318
    outer loop
      vertex 26.6261 -52.9965 18.4328
      vertex 27.3009 -53.2796 18.0061
      vertex 26.6885 -52.8381 18.3099
    endloop
  endfacet
  facet normal 0.599504 0.329816 0.729258
    outer loop
      vertex 27.3009 -53.2796 18.0061
      vertex 26.6261 -52.9965 18.4328
      vertex 27.2515 -53.4474 18.1226
    endloop
  endfacet
  facet normal 0.599454 0.329767 0.72932
    outer loop
      vertex 26.0168 -52.5046 18.7112
      vertex 26.6885 -52.8381 18.3099
      vertex 26.0918 -52.3563 18.5825
    endloop
  endfacet
  facet normal 0.606997 0.323116 0.726051
    outer loop
      vertex 26.0168 -52.5046 18.7112
      vertex 26.0918 -52.3563 18.5825
      vertex 26.0893 -52.3543 18.5837
    endloop
  endfacet
  facet normal 0.602804 0.326729 0.727926
    outer loop
      vertex 26.0168 -52.5046 18.7112
      vertex 26.0893 -52.3543 18.5837
      vertex 26.0869 -52.3521 18.5847
    endloop
  endfacet
  facet normal 0.59945 0.329735 0.729339
    outer loop
      vertex 26.6885 -52.8381 18.3099
      vertex 26.0168 -52.5046 18.7112
      vertex 26.6261 -52.9965 18.4328
    endloop
  endfacet
  facet normal 0.599325 0.329434 0.729577
    outer loop
      vertex 25.4263 -51.9737 18.9565
      vertex 26.0869 -52.3521 18.5847
      vertex 25.5086 -51.8322 18.825
    endloop
  endfacet
  facet normal 0.601089 0.32776 0.728879
    outer loop
      vertex 25.4263 -51.9737 18.9565
      vertex 25.5086 -51.8322 18.825
      vertex 25.5062 -51.8298 18.8259
    endloop
  endfacet
  facet normal 0.599361 0.329596 0.729475
    outer loop
      vertex 26.0869 -52.3521 18.5847
      vertex 25.4263 -51.9737 18.9565
      vertex 26.0168 -52.5046 18.7112
    endloop
  endfacet
  facet normal 0.599437 0.329713 0.729359
    outer loop
      vertex 24.8572 -51.4062 19.1678
      vertex 25.5062 -51.8298 18.8259
      vertex 24.9488 -51.2741 19.0328
    endloop
  endfacet
  facet normal 0.599339 0.329377 0.729591
    outer loop
      vertex 25.5062 -51.8298 18.8259
      vertex 24.8572 -51.4062 19.1678
      vertex 25.4263 -51.9737 18.9565
    endloop
  endfacet
  facet normal 0.599441 0.329781 0.729325
    outer loop
      vertex 24.3117 -50.8045 19.3441
      vertex 24.9488 -51.2741 19.0328
      vertex 24.4146 -50.6848 19.2054
    endloop
  endfacet
  facet normal 0.61574 0.310048 0.724386
    outer loop
      vertex 24.3117 -50.8045 19.3441
      vertex 24.4146 -50.6848 19.2054
      vertex 24.4124 -50.6823 19.2062
    endloop
  endfacet
  facet normal 0.580975 0.35031 0.734678
    outer loop
      vertex 24.3117 -50.8045 19.3441
      vertex 24.4124 -50.6823 19.2062
      vertex 24.4102 -50.6797 19.2067
    endloop
  endfacet
  facet normal 0.599422 0.329729 0.729364
    outer loop
      vertex 24.9488 -51.2741 19.0328
      vertex 24.3117 -50.8045 19.3441
      vertex 24.8572 -51.4062 19.1678
    endloop
  endfacet
  facet normal 0.599453 0.329588 0.729402
    outer loop
      vertex 23.7923 -50.1711 19.4847
      vertex 24.4102 -50.6797 19.2067
      vertex 23.9016 -50.0594 19.3444
    endloop
  endfacet
  facet normal 0.599519 0.329733 0.729282
    outer loop
      vertex 24.4102 -50.6797 19.2067
      vertex 23.7923 -50.1711 19.4847
      vertex 24.3117 -50.8045 19.3441
    endloop
  endfacet
  facet normal 0.599323 0.329469 0.729563
    outer loop
      vertex 23.3792 -49.614 19.5724
      vertex 23.9016 -50.0594 19.3444
      vertex 23.4967 -49.5133 19.4304
    endloop
  endfacet
  facet normal 0.599408 0.329646 0.729413
    outer loop
      vertex 23.9016 -50.0594 19.3444
      vertex 23.3792 -49.614 19.5724
      vertex 23.7923 -50.1711 19.4847
    endloop
  endfacet
  facet normal -0.241779 0.943244 -0.227671
    outer loop
      vertex 33.7859 -55.3712 13.6215
      vertex 37.9537 -52.7633 20
      vertex 39.0285 -52.4878 20
    endloop
  endfacet
  facet normal -0.241859 0.943237 -0.227616
    outer loop
      vertex 37.9537 -52.7633 20
      vertex 33.7859 -55.3712 13.6215
      vertex 33.1518 -55.4044 14.1577
    endloop
  endfacet
  facet normal -0.745542 -0.101541 0.658678
    outer loop
      vertex 39.742 -41.7367 2.56253
      vertex 54.1899 -34.7035 20
      vertex 54.0742 -33.854 20
    endloop
  endfacet
  facet normal -0.745551 -0.101511 0.658673
    outer loop
      vertex 54.1899 -34.7035 20
      vertex 39.742 -41.7367 2.56253
      vertex 39.984 -42.5167 2.71624
    endloop
  endfacet
  facet normal -0.368535 -0.695205 0.617148
    outer loop
      vertex 46.5663 -27.8443 17.626
      vertex 49.3096 -27.1911 20
      vertex 48.5175 -26.7712 20
    endloop
  endfacet
  facet normal -0.368583 -0.695145 0.617187
    outer loop
      vertex 44.2866 -29.5913 14.2969
      vertex 49.3096 -27.1911 20
      vertex 46.5663 -27.8443 17.626
    endloop
  endfacet
  facet normal -0.368686 -0.695046 0.617236
    outer loop
      vertex 43.2563 -30.294 12.8902
      vertex 49.3096 -27.1911 20
      vertex 44.2866 -29.5913 14.2969
    endloop
  endfacet
  facet normal -0.368477 -0.69524 0.617143
    outer loop
      vertex 49.3096 -27.1911 20
      vertex 43.2563 -30.294 12.8902
      vertex 41.5401 -31.4644 10.547
    endloop
  endfacet
  facet normal -0.684884 0.682866 0.254219
    outer loop
      vertex 39.2651 -51.8119 7.50911
      vertex 48.7534 -46.9457 20
      vertex 49.5315 -46.1653 20
    endloop
  endfacet
  facet normal -0.684873 0.682883 0.254204
    outer loop
      vertex 48.7534 -46.9457 20
      vertex 39.2651 -51.8119 7.50911
      vertex 38.9208 -52.3537 8.03697
    endloop
  endfacet
  facet normal 0.368588 0.69514 -0.61719
    outer loop
      vertex 26.0168 -52.5046 18.7112
      vertex 26.284 -51.502 20
      vertex 27.0761 -51.922 20
    endloop
  endfacet
  facet normal 0.368591 0.695139 -0.617189
    outer loop
      vertex 26.284 -51.502 20
      vertex 26.0168 -52.5046 18.7112
      vertex 25.4263 -51.9737 18.9565
    endloop
  endfacet
  facet normal -0.724929 -0.162626 0.669351
    outer loop
      vertex 39.46 -40.9638 2.44494
      vertex 54.0742 -33.854 20
      vertex 53.8889 -33.028 20
    endloop
  endfacet
  facet normal -0.724919 -0.162657 0.669355
    outer loop
      vertex 54.0742 -33.854 20
      vertex 39.46 -40.9638 2.44494
      vertex 39.742 -41.7367 2.56253
    endloop
  endfacet
  facet normal -0.791264 0.381415 0.477937
    outer loop
      vertex 40.4934 -47.8974 4.73
      vertex 52.6095 -41.8962 20
      vertex 53.0441 -40.9946 20
    endloop
  endfacet
  facet normal -0.791261 0.381434 0.477926
    outer loop
      vertex 52.6095 -41.8962 20
      vertex 40.4934 -47.8974 4.73
      vertex 40.3931 -48.6152 5.13682
    endloop
  endfacet
  facet normal -0.140157 0.940379 -0.309907
    outer loop
      vertex 32.5059 -55.3862 14.6803
      vertex 35.8067 -53.1411 20
      vertex 36.8782 -52.9814 20
    endloop
  endfacet
  facet normal -0.1402 0.940381 -0.309882
    outer loop
      vertex 35.8067 -53.1411 20
      vertex 32.5059 -55.3862 14.6803
      vertex 31.851 -55.3168 15.1872
    endloop
  endfacet
  facet normal -0.414205 -0.651934 0.63515
    outer loop
      vertex 41.5401 -31.4644 10.547
      vertex 50.0525 -27.6631 20
      vertex 49.3096 -27.1911 20
    endloop
  endfacet
  facet normal -0.414322 -0.651807 0.635204
    outer loop
      vertex 41.2578 -31.6582 10.164
      vertex 50.0525 -27.6631 20
      vertex 41.5401 -31.4644 10.547
    endloop
  endfacet
  facet normal -0.414358 -0.651793 0.635195
    outer loop
      vertex 35.9419 -35.4239 2.83217
      vertex 41.2578 -31.6582 10.164
      vertex 39.4451 -32.758 7.85298
    endloop
  endfacet
  facet normal -0.414175 -0.651952 0.635152
    outer loop
      vertex 35.9419 -35.4239 2.83217
      vertex 39.4451 -32.758 7.85298
      vertex 38.2088 -33.5082 6.27676
    endloop
  endfacet
  facet normal -0.414179 -0.651948 0.635153
    outer loop
      vertex 35.9419 -35.4239 2.83217
      vertex 38.2088 -33.5082 6.27676
      vertex 35.6286 -34.8846 3.18143
    endloop
  endfacet
  facet normal -0.414207 -0.651951 0.635132
    outer loop
      vertex 35.9419 -35.4239 2.83217
      vertex 35.6286 -34.8846 3.18143
      vertex 35.4803 -34.9637 3.00352
    endloop
  endfacet
  facet normal -0.414223 -0.651914 0.635159
    outer loop
      vertex 41.2578 -31.6582 10.164
      vertex 35.9419 -35.4239 2.83217
      vertex 50.0525 -27.6631 20
    endloop
  endfacet
  facet normal -0.539876 -0.506172 0.67255
    outer loop
      vertex 51.3778 -28.755 20
      vertex 37.4979 -37.3213 2.41106
      vertex 51.9545 -29.3701 20
    endloop
  endfacet
  facet normal -0.539874 -0.506174 0.67255
    outer loop
      vertex 37.4979 -37.3213 2.41106
      vertex 51.3778 -28.755 20
      vertex 37.0068 -36.659 2.5153
    endloop
  endfacet
  facet normal 0.172083 0.836809 -0.519748
    outer loop
      vertex 28.54 -54.2186 17.4122
      vertex 29.7134 -52.8526 20
      vertex 30.667 -53.0487 20
    endloop
  endfacet
  facet normal 0.17217 0.836777 -0.519771
    outer loop
      vertex 29.7134 -52.8526 20
      vertex 28.54 -54.2186 17.4122
      vertex 27.8904 -53.8553 17.7819
    endloop
  endfacet
  facet normal -0.577347 -0.452997 0.679312
    outer loop
      vertex 51.9545 -29.3701 20
      vertex 37.9586 -38.0097 2.34359
      vertex 52.4707 -30.028 20
    endloop
  endfacet
  facet normal -0.577365 -0.452971 0.679313
    outer loop
      vertex 37.9586 -38.0097 2.34359
      vertex 51.9545 -29.3701 20
      vertex 37.4979 -37.3213 2.41106
    endloop
  endfacet
  facet normal -0.624951 0.762122 0.169134
    outer loop
      vertex 38.5401 -52.8572 8.57751
      vertex 47.06 -48.4057 20
      vertex 47.9284 -47.6936 20
    endloop
  endfacet
  facet normal -0.624921 0.762154 0.169099
    outer loop
      vertex 47.06 -48.4057 20
      vertex 38.5401 -52.8572 8.57751
      vertex 38.1245 -53.3202 9.12843
    endloop
  endfacet
  facet normal -0.768765 0.490834 0.409978
    outer loop
      vertex 40.2501 -49.3106 5.56875
      vertex 51.5521 -43.6629 20
      vertex 52.1114 -42.7869 20
    endloop
  endfacet
  facet normal -0.768754 0.49087 0.409956
    outer loop
      vertex 51.5521 -43.6629 20
      vertex 40.2501 -49.3106 5.56875
      vertex 40.0649 -49.9808 6.02394
    endloop
  endfacet
  facet normal -0.79959 0.205624 0.564246
    outer loop
      vertex 40.5339 -45.6418 3.67701
      vertex 53.7158 -39.174 20
      vertex 53.9501 -38.2629 20
    endloop
  endfacet
  facet normal -0.79959 0.205575 0.564265
    outer loop
      vertex 53.7158 -39.174 20
      vertex 40.5339 -45.6418 3.67701
      vertex 40.5639 -46.4076 3.99852
    endloop
  endfacet
  facet normal -0.795518 0.144903 0.588349
    outer loop
      vertex 40.4605 -44.8665 3.38685
      vertex 53.9501 -38.2629 20
      vertex 54.1152 -37.3565 20
    endloop
  endfacet
  facet normal -0.795516 0.144882 0.588357
    outer loop
      vertex 53.9501 -38.2629 20
      vertex 40.4605 -44.8665 3.38685
      vertex 40.5339 -45.6418 3.67701
    endloop
  endfacet
  facet normal -0.710492 0.638794 0.2952
    outer loop
      vertex 39.5713 -51.2341 6.9962
      vertex 49.5315 -46.1653 20
      vertex 50.2594 -45.3557 20
    endloop
  endfacet
  facet normal -0.710555 0.638682 0.295292
    outer loop
      vertex 49.5315 -46.1653 20
      vertex 39.5713 -51.2341 6.9962
      vertex 39.2651 -51.8119 7.50911
    endloop
  endfacet
  facet normal -0.781672 0.437129 0.444868
    outer loop
      vertex 40.3931 -48.6152 5.13682
      vertex 52.1114 -42.7869 20
      vertex 52.6095 -41.8962 20
    endloop
  endfacet
  facet normal -0.781684 0.437079 0.444896
    outer loop
      vertex 52.1114 -42.7869 20
      vertex 40.3931 -48.6152 5.13682
      vertex 40.2501 -49.3106 5.56875
    endloop
  endfacet
  facet normal 0.414205 0.651934 -0.635151
    outer loop
      vertex 25.4263 -51.9737 18.9565
      vertex 25.5411 -51.03 20
      vertex 26.284 -51.502 20
    endloop
  endfacet
  facet normal 0.41426 0.651912 -0.635138
    outer loop
      vertex 25.5411 -51.03 20
      vertex 25.4263 -51.9737 18.9565
      vertex 24.8572 -51.4062 19.1678
    endloop
  endfacet
  facet normal -0.701161 -0.223161 0.67718
    outer loop
      vertex 39.1392 -40.2015 2.36398
      vertex 53.8889 -33.028 20
      vertex 53.6346 -32.229 20
    endloop
  endfacet
  facet normal -0.701164 -0.223152 0.677179
    outer loop
      vertex 53.8889 -33.028 20
      vertex 39.1392 -40.2015 2.36398
      vertex 39.46 -40.9638 2.44494
    endloop
  endfacet
  facet normal -0.674418 -0.282668 0.682099
    outer loop
      vertex 38.781 -39.4529 2.32001
      vertex 53.6346 -32.229 20
      vertex 53.3125 -31.4605 20
    endloop
  endfacet
  facet normal -0.674428 -0.282645 0.682098
    outer loop
      vertex 53.6346 -32.229 20
      vertex 38.781 -39.4529 2.32001
      vertex 39.1392 -40.2015 2.36398
    endloop
  endfacet
  facet normal -0.656349 0.724011 0.212167
    outer loop
      vertex 38.9208 -52.3537 8.03697
      vertex 47.9284 -47.6936 20
      vertex 48.7534 -46.9457 20
    endloop
  endfacet
  facet normal -0.656338 0.724024 0.212154
    outer loop
      vertex 47.9284 -47.6936 20
      vertex 38.9208 -52.3537 8.03697
      vertex 38.5401 -52.8572 8.57751
    endloop
  endfacet
  facet normal -0.474199 0.880379 -0.0082248
    outer loop
      vertex 36.687 -54.448 10.8197
      vertex 43.2294 -50.8383 20
      vertex 44.2325 -50.298 20
    endloop
  endfacet
  facet normal -0.474208 0.880374 -0.00821606
    outer loop
      vertex 43.2294 -50.8383 20
      vertex 36.687 -54.448 10.8197
      vertex 36.1512 -54.7313 11.3882
    endloop
  endfacet
  facet normal -0.385967 0.917351 -0.0974534
    outer loop
      vertex 35.5907 -54.9662 11.9551
      vertex 41.1577 -51.7693 20
      vertex 42.203 -51.3295 20
    endloop
  endfacet
  facet normal -0.386059 0.91732 -0.0973769
    outer loop
      vertex 41.1577 -51.7693 20
      vertex 35.5907 -54.9662 11.9551
      vertex 35.008 -55.1517 12.5178
    endloop
  endfacet
  facet normal 0.0163227 0.905997 -0.42297
    outer loop
      vertex 30.5254 -55.0255 16.1451
      vertex 32.6614 -53.2643 20
      vertex 33.6938 -53.2829 20
    endloop
  endfacet
  facet normal 0.0163024 0.906001 -0.422961
    outer loop
      vertex 32.6614 -53.2643 20
      vertex 30.5254 -55.0255 16.1451
      vertex 29.8603 -54.8049 16.592
    endloop
  endfacet
  facet normal -0.291194 0.938612 -0.18497
    outer loop
      vertex 34.4055 -55.2869 13.0741
      vertex 39.0285 -52.4878 20
      vertex 40.098 -52.156 20
    endloop
  endfacet
  facet normal -0.291149 0.938619 -0.185002
    outer loop
      vertex 39.0285 -52.4878 20
      vertex 34.4055 -55.2869 13.0741
      vertex 33.7859 -55.3712 13.6215
    endloop
  endfacet
  facet normal -0.500078 -0.557202 0.662908
    outer loop
      vertex 50.7428 -28.1851 20
      vertex 37.0068 -36.659 2.5153
      vertex 51.3778 -28.755 20
    endloop
  endfacet
  facet normal -0.500083 -0.557197 0.662909
    outer loop
      vertex 37.0068 -36.659 2.5153
      vertex 50.7428 -28.1851 20
      vertex 36.4874 -36.0256 2.65587
    endloop
  endfacet
  facet normal -0.0361592 0.921444 -0.386825
    outer loop
      vertex 31.1899 -55.1963 15.6762
      vertex 33.6938 -53.2829 20
      vertex 34.7437 -53.2417 20
    endloop
  endfacet
  facet normal -0.0361287 0.921439 -0.38684
    outer loop
      vertex 33.6938 -53.2829 20
      vertex 31.1899 -55.1963 15.6762
      vertex 30.5254 -55.0255 16.1451
    endloop
  endfacet
  facet normal -0.339355 0.929958 -0.141477
    outer loop
      vertex 35.008 -55.1517 12.5178
      vertex 40.098 -52.156 20
      vertex 41.1577 -51.7693 20
    endloop
  endfacet
  facet normal -0.339329 0.929965 -0.141497
    outer loop
      vertex 40.098 -52.156 20
      vertex 35.008 -55.1517 12.5178
      vertex 34.4055 -55.2869 13.0741
    endloop
  endfacet
  facet normal -0.590888 0.796948 0.125398
    outer loop
      vertex 38.1245 -53.3202 9.12843
      vertex 46.1519 -49.079 20
      vertex 47.06 -48.4057 20
    endloop
  endfacet
  facet normal -0.590927 0.796913 0.125441
    outer loop
      vertex 46.1519 -49.079 20
      vertex 38.1245 -53.3202 9.12843
      vertex 37.6758 -53.7409 9.68736
    endloop
  endfacet
  facet normal -0.191398 0.943829 -0.269358
    outer loop
      vertex 33.1518 -55.4044 14.1577
      vertex 36.8782 -52.9814 20
      vertex 37.9537 -52.7633 20
    endloop
  endfacet
  facet normal -0.191362 0.94383 -0.269381
    outer loop
      vertex 36.8782 -52.9814 20
      vertex 33.1518 -55.4044 14.1577
      vertex 32.5059 -55.3862 14.6803
    endloop
  endfacet
  facet normal -0.458139 -0.605849 0.650428
    outer loop
      vertex 50.0525 -27.6631 20
      vertex 36.4874 -36.0256 2.65587
      vertex 50.7428 -28.1851 20
    endloop
  endfacet
  facet normal -0.458101 -0.605888 0.650418
    outer loop
      vertex 36.4874 -36.0256 2.65587
      vertex 50.0525 -27.6631 20
      vertex 35.9419 -35.4239 2.83217
    endloop
  endfacet
  facet normal -0.763015 -0.0398446 0.645151
    outer loop
      vertex 39.984 -42.5167 2.71624
      vertex 54.2353 -35.5729 20
      vertex 54.1899 -34.7035 20
    endloop
  endfacet
  facet normal -0.762997 -0.0399243 0.645168
    outer loop
      vertex 54.2353 -35.5729 20
      vertex 39.984 -42.5167 2.71624
      vertex 40.185 -43.3006 2.90544
    endloop
  endfacet
  facet normal -0.644792 -0.340958 0.684098
    outer loop
      vertex 38.3869 -38.7212 2.3132
      vertex 53.3125 -31.4605 20
      vertex 52.924 -30.7258 20
    endloop
  endfacet
  facet normal -0.644806 -0.340931 0.684099
    outer loop
      vertex 53.3125 -31.4605 20
      vertex 38.3869 -38.7212 2.3132
      vertex 38.781 -39.4529 2.32001
    endloop
  endfacet
  facet normal -0.61239 -0.397817 0.683169
    outer loop
      vertex 52.4707 -30.028 20
      vertex 38.3869 -38.7212 2.3132
      vertex 52.924 -30.7258 20
    endloop
  endfacet
  facet normal -0.612389 -0.397818 0.683169
    outer loop
      vertex 38.3869 -38.7212 2.3132
      vertex 52.4707 -30.028 20
      vertex 37.9586 -38.0097 2.34359
    endloop
  endfacet
  facet normal 0.0685406 0.886727 -0.457183
    outer loop
      vertex 29.8603 -54.8049 16.592
      vertex 31.651 -53.1862 20
      vertex 32.6614 -53.2643 20
    endloop
  endfacet
  facet normal 0.0686223 0.886705 -0.457216
    outer loop
      vertex 31.651 -53.1862 20
      vertex 29.8603 -54.8049 16.592
      vertex 29.1976 -54.5355 17.015
    endloop
  endfacet
  facet normal -0.752543 0.542533 0.373277
    outer loop
      vertex 40.0649 -49.9808 6.02394
      vertex 50.9339 -44.5204 20
      vertex 51.5521 -43.6629 20
    endloop
  endfacet
  facet normal -0.752533 0.54256 0.373259
    outer loop
      vertex 50.9339 -44.5204 20
      vertex 40.0649 -49.9808 6.02394
      vertex 39.8383 -50.6229 6.50043
    endloop
  endfacet
  facet normal 0.272683 0.772587 -0.57337
    outer loop
      vertex 27.2515 -53.4474 18.1226
      vertex 27.9142 -52.288 20
      vertex 28.7945 -52.5987 20
    endloop
  endfacet
  facet normal 0.272641 0.772605 -0.573366
    outer loop
      vertex 27.9142 -52.288 20
      vertex 27.2515 -53.4474 18.1226
      vertex 26.6261 -52.9965 18.4328
    endloop
  endfacet
  facet normal -0.80024 0.265372 0.537768
    outer loop
      vertex 40.5639 -46.4076 3.99852
      vertex 53.4134 -40.0859 20
      vertex 53.7158 -39.174 20
    endloop
  endfacet
  facet normal -0.800238 0.265405 0.537753
    outer loop
      vertex 53.4134 -40.0859 20
      vertex 40.5639 -46.4076 3.99852
      vertex 40.5504 -47.1605 4.35002
    endloop
  endfacet
  facet normal 0.500073 0.557207 -0.662908
    outer loop
      vertex 24.3117 -50.8045 19.3441
      vertex 24.2159 -49.9382 20
      vertex 24.8508 -50.508 20
    endloop
  endfacet
  facet normal 0.50006 0.557211 -0.662915
    outer loop
      vertex 24.2159 -49.9382 20
      vertex 24.3117 -50.8045 19.3441
      vertex 23.7923 -50.1711 19.4847
    endloop
  endfacet
  facet normal 0.539834 0.506206 -0.672558
    outer loop
      vertex 23.7923 -50.1711 19.4847
      vertex 23.8471 -49.5449 20
      vertex 24.2159 -49.9382 20
    endloop
  endfacet
  facet normal 0.539864 0.506193 -0.672545
    outer loop
      vertex 23.8471 -49.5449 20
      vertex 23.7923 -50.1711 19.4847
      vertex 23.3792 -49.614 19.5724
    endloop
  endfacet
  facet normal -0.554385 0.828287 0.0812241
    outer loop
      vertex 37.6758 -53.7409 9.68736
      vertex 45.2081 -49.7107 20
      vertex 46.1519 -49.079 20
    endloop
  endfacet
  facet normal -0.554325 0.828333 0.0811622
    outer loop
      vertex 45.2081 -49.7107 20
      vertex 37.6758 -53.7409 9.68736
      vertex 37.196 -54.1173 10.2519
    endloop
  endfacet
  facet normal -0.733078 0.591956 0.334939
    outer loop
      vertex 39.8383 -50.6229 6.50043
      vertex 50.2594 -45.3557 20
      vertex 50.9339 -44.5204 20
    endloop
  endfacet
  facet normal -0.733086 0.591939 0.334952
    outer loop
      vertex 50.2594 -45.3557 20
      vertex 39.8383 -50.6229 6.50043
      vertex 39.5713 -51.2341 6.9962
    endloop
  endfacet
  facet normal -0.515403 0.856167 0.0365889
    outer loop
      vertex 37.196 -54.1173 10.2519
      vertex 44.2325 -50.298 20
      vertex 45.2081 -49.7107 20
    endloop
  endfacet
  facet normal -0.515418 0.856157 0.0366036
    outer loop
      vertex 44.2325 -50.298 20
      vertex 37.196 -54.1173 10.2519
      vertex 36.687 -54.448 10.8197
    endloop
  endfacet
  facet normal -0.321388 -0.735409 0.596559
    outer loop
      vertex 47.2844 -27.2996 18.6843
      vertex 48.5175 -26.7712 20
      vertex 48.115 -26.5953 20
    endloop
  endfacet
  facet normal -0.322161 -0.73471 0.597004
    outer loop
      vertex 47.051 -27.4767 18.3404
      vertex 48.5175 -26.7712 20
      vertex 47.2844 -27.2996 18.6843
    endloop
  endfacet
  facet normal -0.320828 -0.735854 0.596312
    outer loop
      vertex 48.5175 -26.7712 20
      vertex 47.051 -27.4767 18.3404
      vertex 46.5663 -27.8443 17.626
    endloop
  endfacet
  facet normal 0.120674 0.863586 -0.489547
    outer loop
      vertex 29.1976 -54.5355 17.015
      vertex 30.667 -53.0487 20
      vertex 31.651 -53.1862 20
    endloop
  endfacet
  facet normal 0.120525 0.863635 -0.489498
    outer loop
      vertex 30.667 -53.0487 20
      vertex 29.1976 -54.5355 17.015
      vertex 28.54 -54.2186 17.4122
    endloop
  endfacet
  facet normal 0.321205 0.735523 -0.596517
    outer loop
      vertex 26.6261 -52.9965 18.4328
      vertex 27.0761 -51.922 20
      vertex 27.9142 -52.288 20
    endloop
  endfacet
  facet normal 0.321233 0.735511 -0.596517
    outer loop
      vertex 27.0761 -51.922 20
      vertex 26.6261 -52.9965 18.4328
      vertex 26.0168 -52.5046 18.7112
    endloop
  endfacet
  facet normal 0.222831 0.806456 -0.5477
    outer loop
      vertex 27.8904 -53.8553 17.7819
      vertex 28.7945 -52.5987 20
      vertex 29.7134 -52.8526 20
    endloop
  endfacet
  facet normal 0.222814 0.806463 -0.547697
    outer loop
      vertex 28.7945 -52.5987 20
      vertex 27.8904 -53.8553 17.7819
      vertex 27.2515 -53.4474 18.1226
    endloop
  endfacet
  facet normal -0.981633 -0.172932 -0.0805748
    outer loop
      vertex 40.2961 -44.847 3.49945
      vertex 40.1801 -44.0772 3.2605
      vertex 40.1814 -44.0778 3.24595
    endloop
  endfacet
  facet normal -0.981488 -0.173246 -0.081657
    outer loop
      vertex 40.1801 -44.0772 3.2605
      vertex 40.2961 -44.847 3.49945
      vertex 40.2942 -44.8425 3.51274
    endloop
  endfacet
  facet normal -0.942484 0.187044 -0.277018
    outer loop
      vertex 39.6837 -50.5127 6.564
      vertex 39.4208 -51.1023 7.06035
      vertex 39.6823 -50.5037 6.57484
    endloop
  endfacet
  facet normal -0.942394 0.186362 -0.277781
    outer loop
      vertex 39.4208 -51.1023 7.06035
      vertex 39.6837 -50.5127 6.564
      vertex 39.4209 -51.1143 7.05196
    endloop
  endfacet
  facet normal -0.728366 0.406179 -0.551816
    outer loop
      vertex 35.503 -54.7876 11.9327
      vertex 36.0538 -54.5452 11.3841
      vertex 36.0546 -54.5564 11.3748
    endloop
  endfacet
  facet normal -0.728449 0.405524 -0.552189
    outer loop
      vertex 36.0538 -54.5452 11.3841
      vertex 35.503 -54.7876 11.9327
      vertex 35.5049 -54.7752 11.9393
    endloop
  endfacet
  facet normal -0.832104 -0.55349 -0.0353765
    outer loop
      vertex 37.3801 -37.4206 2.53902
      vertex 37.8317 -38.0962 2.48701
      vertex 37.3805 -37.4221 2.55308
    endloop
  endfacet
  facet normal -0.832069 -0.553807 -0.0309583
    outer loop
      vertex 37.8317 -38.0962 2.48701
      vertex 37.3801 -37.4206 2.53902
      vertex 37.8335 -38.0981 2.47262
    endloop
  endfacet
  facet normal -0.758698 0.393857 -0.518896
    outer loop
      vertex 36.582 -54.2775 10.8152
      vertex 36.0583 -54.543 11.3794
      vertex 36.5831 -54.2655 10.8227
    endloop
  endfacet
  facet normal -0.759296 0.388793 -0.521834
    outer loop
      vertex 36.0583 -54.543 11.3794
      vertex 36.582 -54.2775 10.8152
      vertex 36.0546 -54.5564 11.3748
    endloop
  endfacet
  facet normal -0.84171 0.330037 -0.427318
    outer loop
      vertex 37.9968 -53.1676 9.15061
      vertex 37.5573 -53.5684 9.70676
      vertex 37.9967 -53.1565 9.15938
    endloop
  endfacet
  facet normal -0.841727 0.329106 -0.428002
    outer loop
      vertex 37.5573 -53.5684 9.70676
      vertex 37.9968 -53.1676 9.15061
      vertex 37.5552 -53.5816 9.70074
    endloop
  endfacet
  facet normal -0.805523 -0.59131 -0.0385256
    outer loop
      vertex 36.8967 -36.7687 2.64162
      vertex 37.3785 -37.4193 2.55351
      vertex 36.8975 -36.7707 2.65559
    endloop
  endfacet
  facet normal -0.805431 -0.591603 -0.0358596
    outer loop
      vertex 37.3785 -37.4193 2.55351
      vertex 36.8967 -36.7687 2.64162
      vertex 37.3801 -37.4206 2.53902
    endloop
  endfacet
  facet normal -0.813623 0.353427 -0.461636
    outer loop
      vertex 37.0836 -53.9404 10.2643
      vertex 37.0856 -53.9388 10.262
      vertex 37.083 -53.9521 10.2564
    endloop
  endfacet
  facet normal -0.953479 -0.297895 -0.0462119
    outer loop
      vertex 39.5889 -41.7664 2.68811
      vertex 39.5886 -41.7677 2.70268
      vertex 39.5876 -41.7644 2.70204
    endloop
  endfacet
  facet normal -0.951405 -0.304373 -0.0467472
    outer loop
      vertex 39.8271 -42.5342 2.83941
      vertex 39.5886 -41.7677 2.70268
      vertex 39.5889 -41.7664 2.68811
    endloop
  endfacet
  facet normal -0.951471 -0.304271 -0.046061
    outer loop
      vertex 39.5886 -41.7677 2.70268
      vertex 39.8271 -42.5342 2.83941
      vertex 39.8256 -42.5316 2.85322
    endloop
  endfacet
  facet normal -0.958339 0.14549 -0.245803
    outer loop
      vertex 39.9051 -49.8723 6.10622
      vertex 39.9067 -49.8807 6.09501
      vertex 39.9042 -49.8749 6.10819
    endloop
  endfacet
  facet normal -0.683272 0.42189 -0.595943
    outer loop
      vertex 35.5049 -54.7752 11.9393
      vertex 35.503 -54.7876 11.9327
      vertex 35.5024 -54.776 11.9416
    endloop
  endfacet
  facet normal -0.522968 0.431805 -0.73488
    outer loop
      vertex 32.4668 -55.201 14.6151
      vertex 31.827 -55.12 15.118
      vertex 32.4684 -55.188 14.6216
    endloop
  endfacet
  facet normal -0.522751 0.43238 -0.734696
    outer loop
      vertex 31.827 -55.12 15.118
      vertex 32.4668 -55.201 14.6151
      vertex 31.8222 -55.1326 15.114
    endloop
  endfacet
  facet normal -0.72839 0.406162 -0.551798
    outer loop
      vertex 36.0561 -54.5442 11.3818
      vertex 36.0546 -54.5564 11.3748
      vertex 36.0538 -54.5452 11.3841
    endloop
  endfacet
  facet normal -0.592443 0.431094 -0.680565
    outer loop
      vertex 33.1063 -55.2061 14.1055
      vertex 33.1089 -55.206 14.1033
      vertex 33.1025 -55.2189 14.1007
    endloop
  endfacet
  facet normal -0.871327 0.299105 -0.389007
    outer loop
      vertex 38.4055 -52.701 8.61757
      vertex 38.4059 -52.7118 8.60837
      vertex 38.4038 -52.703 8.61984
    endloop
  endfacet
  facet normal -0.0702052 0.160988 -0.984456
    outer loop
      vertex 23.8904 -50.068 19.3438
      vertex 24.4102 -50.6797 19.2067
      vertex 24.4016 -50.6914 19.2054
    endloop
  endfacet
  facet normal -0.0706136 0.160647 -0.984483
    outer loop
      vertex 24.4102 -50.6797 19.2067
      vertex 23.8904 -50.068 19.3438
      vertex 23.9016 -50.0594 19.3444
    endloop
  endfacet
  facet normal -0.97641 0.0751183 -0.202439
    outer loop
      vertex 40.2298 -48.5366 5.22186
      vertex 40.0878 -49.2103 5.65677
      vertex 40.2279 -48.5292 5.23377
    endloop
  endfacet
  facet normal -0.976382 0.0749963 -0.202619
    outer loop
      vertex 40.0878 -49.2103 5.65677
      vertex 40.2298 -48.5366 5.22186
      vertex 40.089 -49.2211 5.64699
    endloop
  endfacet
  facet normal -0.788497 0.36892 -0.492109
    outer loop
      vertex 36.582 -54.2775 10.8152
      vertex 37.0815 -53.9417 10.2666
      vertex 37.083 -53.9521 10.2564
    endloop
  endfacet
  facet normal -0.788041 0.376606 -0.48699
    outer loop
      vertex 37.0815 -53.9417 10.2666
      vertex 36.582 -54.2775 10.8152
      vertex 36.5831 -54.2655 10.8227
    endloop
  endfacet
  facet normal -0.0507263 0.147045 -0.987828
    outer loop
      vertex 24.4102 -50.6797 19.2067
      vertex 24.4124 -50.6823 19.2062
      vertex 24.4016 -50.6914 19.2054
    endloop
  endfacet
  facet normal -0.448165 0.417264 -0.790594
    outer loop
      vertex 30.5233 -54.8335 16.06
      vertex 30.526 -54.8342 16.0581
      vertex 30.5174 -54.8459 16.0568
    endloop
  endfacet
  facet normal -0.983708 0.0321081 -0.17688
    outer loop
      vertex 40.2283 -48.5262 5.23209
      vertex 40.2298 -48.5366 5.22186
      vertex 40.2279 -48.5292 5.23377
    endloop
  endfacet
  facet normal -0.553855 0.431463 -0.712099
    outer loop
      vertex 33.1036 -55.2061 14.1076
      vertex 33.1063 -55.2061 14.1055
      vertex 33.1025 -55.2189 14.1007
    endloop
  endfacet
  facet normal -0.767815 -0.638815 -0.0487488
    outer loop
      vertex 36.3889 -36.1504 2.79326
      vertex 36.3867 -36.1478 2.79384
      vertex 36.3855 -36.1453 2.77998
    endloop
  endfacet
  facet normal -0.987796 -0.00390928 -0.155703
    outer loop
      vertex 40.3845 -47.1049 4.44745
      vertex 40.3267 -47.8203 4.8321
      vertex 40.3825 -47.0986 4.45998
    endloop
  endfacet
  facet normal -0.987983 -0.00326243 -0.154528
    outer loop
      vertex 40.3267 -47.8203 4.8321
      vertex 40.3845 -47.1049 4.44745
      vertex 40.3284 -47.8302 4.82144
    endloop
  endfacet
  facet normal -0.78015 0.377066 -0.499187
    outer loop
      vertex 37.0836 -53.9404 10.2643
      vertex 37.083 -53.9521 10.2564
      vertex 37.0815 -53.9417 10.2666
    endloop
  endfacet
  facet normal -0.983891 0.0385028 -0.174576
    outer loop
      vertex 40.3284 -47.8302 4.82144
      vertex 40.2283 -48.5262 5.23209
      vertex 40.3265 -47.8233 4.83367
    endloop
  endfacet
  facet normal -0.983047 0.0352152 -0.179942
    outer loop
      vertex 40.2283 -48.5262 5.23209
      vertex 40.3284 -47.8302 4.82144
      vertex 40.2298 -48.5366 5.22186
    endloop
  endfacet
  facet normal -0.41198 0.408374 -0.814557
    outer loop
      vertex 30.5174 -54.8459 16.0568
      vertex 29.8692 -54.6166 16.4996
      vertex 30.5205 -54.8326 16.0619
    endloop
  endfacet
  facet normal -0.411446 0.409406 -0.814309
    outer loop
      vertex 29.8692 -54.6166 16.4996
      vertex 30.5174 -54.8459 16.0568
      vertex 29.8628 -54.6288 16.4967
    endloop
  endfacet
  facet normal -0.879794 -0.47427 -0.0321052
    outer loop
      vertex 38.2551 -38.7984 2.44271
      vertex 38.6408 -39.5153 2.46351
      vertex 38.2548 -38.7988 2.45684
    endloop
  endfacet
  facet normal -0.87989 -0.474251 -0.0296564
    outer loop
      vertex 38.6408 -39.5153 2.46351
      vertex 38.2551 -38.7984 2.44271
      vertex 38.643 -39.5185 2.44941
    endloop
  endfacet
  facet normal -0.418921 0.40859 -0.8109
    outer loop
      vertex 30.5205 -54.8326 16.0619
      vertex 30.5233 -54.8335 16.06
      vertex 30.5174 -54.8459 16.0568
    endloop
  endfacet
  facet normal -0.370668 0.391669 -0.842141
    outer loop
      vertex 29.2175 -54.3517 16.9155
      vertex 29.2202 -54.3528 16.9138
      vertex 29.2105 -54.3637 16.913
    endloop
  endfacet
  facet normal -0.929211 -0.366739 -0.0454948
    outer loop
      vertex 39.3114 -41.0057 2.57237
      vertex 39.3114 -41.0075 2.58688
      vertex 39.3102 -41.0044 2.5864
    endloop
  endfacet
  facet normal -0.697246 0.4133 -0.585689
    outer loop
      vertex 34.9294 -54.9702 12.4867
      vertex 35.5024 -54.776 11.9416
      vertex 35.503 -54.7876 11.9327
    endloop
  endfacet
  facet normal -0.696871 0.415684 -0.584446
    outer loop
      vertex 35.5024 -54.776 11.9416
      vertex 34.9294 -54.9702 12.4867
      vertex 34.9318 -54.9576 12.4928
    endloop
  endfacet
  facet normal -0.1974 0.286049 -0.937662
    outer loop
      vertex 26.6795 -52.8489 18.3085
      vertex 26.0918 -52.3563 18.5825
      vertex 26.6885 -52.8381 18.3099
    endloop
  endfacet
  facet normal -0.198988 0.284268 -0.937867
    outer loop
      vertex 26.0918 -52.3563 18.5825
      vertex 26.6795 -52.8489 18.3085
      vertex 26.0798 -52.3647 18.5825
    endloop
  endfacet
  facet normal -0.901887 0.264425 -0.341584
    outer loop
      vertex 39.1185 -51.673 7.56683
      vertex 39.1194 -51.6829 7.55679
      vertex 39.117 -51.6753 7.56901
    endloop
  endfacet
  facet normal -0.888036 0.280352 -0.364409
    outer loop
      vertex 38.7806 -52.2162 8.07633
      vertex 38.407 -52.699 8.61533
      vertex 38.7799 -52.2059 8.08596
    endloop
  endfacet
  facet normal -0.887862 0.276338 -0.367884
    outer loop
      vertex 38.407 -52.699 8.61533
      vertex 38.7806 -52.2162 8.07633
      vertex 38.4059 -52.7118 8.60837
    endloop
  endfacet
  facet normal -0.81591 -0.576906 -0.0383353
    outer loop
      vertex 37.3801 -37.4206 2.53902
      vertex 37.3805 -37.4221 2.55308
      vertex 37.3785 -37.4193 2.55351
    endloop
  endfacet
  facet normal -0.986784 -0.129675 -0.0971673
    outer loop
      vertex 40.2961 -44.847 3.49945
      vertex 40.366 -45.6018 3.7969
      vertex 40.2942 -44.8425 3.51274
    endloop
  endfacet
  facet normal -0.986385 -0.130687 -0.0998298
    outer loop
      vertex 40.366 -45.6018 3.7969
      vertex 40.2961 -44.847 3.49945
      vertex 40.3683 -45.6101 3.78504
    endloop
  endfacet
  facet normal -0.777142 -0.627911 -0.0421735
    outer loop
      vertex 36.8967 -36.7687 2.64162
      vertex 36.3889 -36.1504 2.79326
      vertex 36.3855 -36.1453 2.77998
    endloop
  endfacet
  facet normal -0.777408 -0.627364 -0.0452971
    outer loop
      vertex 36.3889 -36.1504 2.79326
      vertex 36.8967 -36.7687 2.64162
      vertex 36.8975 -36.7707 2.65559
    endloop
  endfacet
  facet normal -0.919657 -0.390993 -0.0368275
    outer loop
      vertex 39.3114 -41.0057 2.57237
      vertex 38.996 -40.2577 2.50712
      vertex 38.9956 -40.2554 2.49269
    endloop
  endfacet
  facet normal -0.91928 -0.391317 -0.042368
    outer loop
      vertex 38.996 -40.2577 2.50712
      vertex 39.3114 -41.0057 2.57237
      vertex 39.3102 -41.0044 2.5864
    endloop
  endfacet
  facet normal -0.936433 -0.348178 -0.0431923
    outer loop
      vertex 39.5889 -41.7664 2.68811
      vertex 39.3114 -41.0075 2.58688
      vertex 39.3114 -41.0057 2.57237
    endloop
  endfacet
  facet normal -0.936895 -0.347592 -0.0375291
    outer loop
      vertex 39.3114 -41.0075 2.58688
      vertex 39.5889 -41.7664 2.68811
      vertex 39.5876 -41.7644 2.70204
    endloop
  endfacet
  facet normal -0.965694 0.121991 -0.229245
    outer loop
      vertex 39.9059 -49.8695 6.10434
      vertex 39.9067 -49.8807 6.09501
      vertex 39.9051 -49.8723 6.10622
    endloop
  endfacet
  facet normal -0.300116 0.362245 -0.882445
    outer loop
      vertex 27.9319 -53.6827 17.6698
      vertex 27.9345 -53.6842 17.6683
      vertex 27.9239 -53.6942 17.6678
    endloop
  endfacet
  facet normal -0.210764 0.299322 -0.930583
    outer loop
      vertex 27.3009 -53.2796 18.0061
      vertex 27.3035 -53.2815 18.0049
      vertex 27.2951 -53.2927 18.0032
    endloop
  endfacet
  facet normal -0.990433 -0.0433794 -0.131001
    outer loop
      vertex 40.3845 -47.1049 4.44745
      vertex 40.3958 -46.3612 4.11575
      vertex 40.3978 -46.3638 4.10149
    endloop
  endfacet
  facet normal -0.98978 -0.0452723 -0.135223
    outer loop
      vertex 40.3958 -46.3612 4.11575
      vertex 40.3845 -47.1049 4.44745
      vertex 40.3825 -47.0986 4.45998
    endloop
  endfacet
  facet normal -0.975571 0.0776848 -0.205489
    outer loop
      vertex 40.0878 -49.2103 5.65677
      vertex 40.089 -49.2211 5.64699
      vertex 40.0872 -49.2131 5.65856
    endloop
  endfacet
  facet normal -0.767896 0.387208 -0.5103
    outer loop
      vertex 36.0561 -54.5442 11.3818
      vertex 36.0583 -54.543 11.3794
      vertex 36.0546 -54.5564 11.3748
    endloop
  endfacet
  facet normal -0.894034 0.270864 -0.356841
    outer loop
      vertex 38.407 -52.699 8.61533
      vertex 38.4059 -52.7118 8.60837
      vertex 38.4055 -52.701 8.61757
    endloop
  endfacet
  facet normal -0.926203 0.218018 -0.307598
    outer loop
      vertex 39.1194 -51.6829 7.55679
      vertex 39.4184 -51.1072 7.06452
      vertex 39.4209 -51.1143 7.05196
    endloop
  endfacet
  facet normal -0.926766 0.222604 -0.302577
    outer loop
      vertex 39.4184 -51.1072 7.06452
      vertex 39.1194 -51.6829 7.55679
      vertex 39.1185 -51.673 7.56683
    endloop
  endfacet
  facet normal -0.923281 0.225284 -0.311124
    outer loop
      vertex 39.4197 -51.1048 7.0624
      vertex 39.4209 -51.1143 7.05196
      vertex 39.4184 -51.1072 7.06452
    endloop
  endfacet
  facet normal -0.85688 -0.514449 -0.0331642
    outer loop
      vertex 38.2551 -38.7984 2.44271
      vertex 37.8353 -38.102 2.48661
      vertex 37.8335 -38.0981 2.47262
    endloop
  endfacet
  facet normal -0.85688 -0.514475 -0.0327568
    outer loop
      vertex 37.8353 -38.102 2.48661
      vertex 38.2551 -38.7984 2.44271
      vertex 38.2548 -38.7988 2.45684
    endloop
  endfacet
  facet normal -0.865812 0.307689 -0.394584
    outer loop
      vertex 37.9968 -53.1676 9.15061
      vertex 38.4038 -52.703 8.61984
      vertex 38.4059 -52.7118 8.60837
    endloop
  endfacet
  facet normal -0.865737 0.305456 -0.396481
    outer loop
      vertex 38.4038 -52.703 8.61984
      vertex 37.9968 -53.1676 9.15061
      vertex 37.9967 -53.1565 9.15938
    endloop
  endfacet
  facet normal -0.5234 0.431728 -0.734618
    outer loop
      vertex 32.4684 -55.188 14.6216
      vertex 32.4711 -55.1883 14.6195
      vertex 32.4668 -55.201 14.6151
    endloop
  endfacet
  facet normal -0.908303 0.251107 -0.334561
    outer loop
      vertex 38.7806 -52.2162 8.07633
      vertex 39.117 -51.6753 7.56901
      vertex 39.1194 -51.6829 7.55679
    endloop
  endfacet
  facet normal -0.908301 0.251087 -0.334581
    outer loop
      vertex 39.117 -51.6753 7.56901
      vertex 38.7806 -52.2162 8.07633
      vertex 38.7799 -52.2059 8.08596
    endloop
  endfacet
  facet normal -0.594172 0.436368 -0.675679
    outer loop
      vertex 33.7266 -55.1862 13.5729
      vertex 33.1089 -55.206 14.1033
      vertex 33.7299 -55.1735 13.5782
    endloop
  endfacet
  facet normal -0.595478 0.431954 -0.677364
    outer loop
      vertex 33.1089 -55.206 14.1033
      vertex 33.7266 -55.1862 13.5729
      vertex 33.1025 -55.2189 14.1007
    endloop
  endfacet
  facet normal -0.208648 0.298068 -0.931462
    outer loop
      vertex 26.0893 -52.3543 18.5837
      vertex 26.0918 -52.3563 18.5825
      vertex 26.0798 -52.3647 18.5825
    endloop
  endfacet
  facet normal -0.263795 0.340465 -0.902494
    outer loop
      vertex 27.9239 -53.6942 17.6678
      vertex 27.3062 -53.2832 18.0034
      vertex 27.9319 -53.6827 17.6698
    endloop
  endfacet
  facet normal -0.269072 0.333412 -0.903569
    outer loop
      vertex 27.3062 -53.2832 18.0034
      vertex 27.9239 -53.6942 17.6678
      vertex 27.2951 -53.2927 18.0032
    endloop
  endfacet
  facet normal -0.920136 -0.389882 -0.0366371
    outer loop
      vertex 38.9956 -40.2554 2.49269
      vertex 38.996 -40.2577 2.50712
      vertex 38.9947 -40.2546 2.50678
    endloop
  endfacet
  facet normal -0.989212 -0.0879658 -0.117136
    outer loop
      vertex 40.3683 -45.6101 3.78504
      vertex 40.3957 -46.3549 4.11297
      vertex 40.3663 -45.605 3.7981
    endloop
  endfacet
  facet normal -0.98971 -0.0865718 -0.113929
    outer loop
      vertex 40.3957 -46.3549 4.11297
      vertex 40.3683 -45.6101 3.78504
      vertex 40.3978 -46.3638 4.10149
    endloop
  endfacet
  facet normal -0.986421 -0.130076 -0.100264
    outer loop
      vertex 40.3683 -45.6101 3.78504
      vertex 40.3663 -45.605 3.7981
      vertex 40.366 -45.6018 3.7969
    endloop
  endfacet
  facet normal -0.989668 -0.0802973 -0.118785
    outer loop
      vertex 40.3978 -46.3638 4.10149
      vertex 40.3958 -46.3581 4.1143
      vertex 40.3957 -46.3549 4.11297
    endloop
  endfacet
  facet normal -0.374357 0.395725 -0.838605
    outer loop
      vertex 29.8628 -54.6288 16.4967
      vertex 29.2202 -54.3528 16.9138
      vertex 29.8692 -54.6166 16.4996
    endloop
  endfacet
  facet normal -0.374744 0.395047 -0.838752
    outer loop
      vertex 29.2202 -54.3528 16.9138
      vertex 29.8628 -54.6288 16.4967
      vertex 29.2105 -54.3637 16.913
    endloop
  endfacet
  facet normal -0.837459 -0.54552 -0.0327267
    outer loop
      vertex 37.8335 -38.0981 2.47262
      vertex 37.8336 -38.0991 2.48673
      vertex 37.8317 -38.0962 2.48701
    endloop
  endfacet
  facet normal -0.956431 0.152915 -0.248709
    outer loop
      vertex 39.6837 -50.5127 6.564
      vertex 39.9042 -49.8749 6.10819
      vertex 39.9067 -49.8807 6.09501
    endloop
  endfacet
  facet normal -0.956282 0.152095 -0.249783
    outer loop
      vertex 39.9042 -49.8749 6.10819
      vertex 39.6837 -50.5127 6.564
      vertex 39.6823 -50.5037 6.57484
    endloop
  endfacet
  facet normal -0.235039 0.308137 -0.921851
    outer loop
      vertex 26.6795 -52.8489 18.3085
      vertex 27.3009 -53.2796 18.0061
      vertex 27.2951 -53.2927 18.0032
    endloop
  endfacet
  facet normal -0.231705 0.312506 -0.921224
    outer loop
      vertex 27.3009 -53.2796 18.0061
      vertex 26.6795 -52.8489 18.3085
      vertex 26.6885 -52.8381 18.3099
    endloop
  endfacet
  facet normal -0.942265 0.186572 -0.278079
    outer loop
      vertex 39.4208 -51.1023 7.06035
      vertex 39.4209 -51.1143 7.05196
      vertex 39.4197 -51.1048 7.0624
    endloop
  endfacet
  facet normal -0.0976255 0.197213 -0.975488
    outer loop
      vertex 24.9384 -51.2837 19.0319
      vertex 24.4146 -50.6848 19.2054
      vertex 24.9488 -51.2741 19.0328
    endloop
  endfacet
  facet normal -0.099368 0.195725 -0.975611
    outer loop
      vertex 24.4146 -50.6848 19.2054
      vertex 24.9384 -51.2837 19.0319
      vertex 24.4016 -50.6914 19.2054
    endloop
  endfacet
  facet normal -0.716283 -0.694928 -0.0633556
    outer loop
      vertex 35.8503 -35.556 2.96723
      vertex 35.398 -35.1038 3.12078
      vertex 35.8487 -35.5531 2.95351
    endloop
  endfacet
  facet normal -0.71628 -0.694934 -0.0633297
    outer loop
      vertex 35.398 -35.1038 3.12078
      vertex 35.8503 -35.556 2.96723
      vertex 35.4003 -35.1074 3.13427
    endloop
  endfacet
  facet normal -0.560722 0.429717 -0.707767
    outer loop
      vertex 33.1025 -55.2189 14.1007
      vertex 32.4711 -55.1883 14.6195
      vertex 33.1036 -55.2061 14.1076
    endloop
  endfacet
  facet normal -0.559277 0.434051 -0.706264
    outer loop
      vertex 32.4711 -55.1883 14.6195
      vertex 33.1025 -55.2189 14.1007
      vertex 32.4668 -55.201 14.6151
    endloop
  endfacet
  facet normal -0.343257 0.382469 -0.857841
    outer loop
      vertex 28.5707 -54.0399 17.3062
      vertex 28.5735 -54.0412 17.3045
      vertex 28.5633 -54.0517 17.3039
    endloop
  endfacet
  facet normal -0.747363 -0.662438 -0.0512244
    outer loop
      vertex 36.3845 -36.1453 2.79457
      vertex 35.8487 -35.5531 2.95351
      vertex 36.3855 -36.1453 2.77998
    endloop
  endfacet
  facet normal -0.747509 -0.662151 -0.0527859
    outer loop
      vertex 35.8487 -35.5531 2.95351
      vertex 36.3845 -36.1453 2.79457
      vertex 35.8503 -35.556 2.96723
    endloop
  endfacet
  facet normal -0.757169 -0.651155 -0.0518964
    outer loop
      vertex 36.3855 -36.1453 2.77998
      vertex 36.3867 -36.1478 2.79384
      vertex 36.3845 -36.1453 2.79457
    endloop
  endfacet
  facet normal -0.492274 0.427596 -0.758174
    outer loop
      vertex 31.1768 -55.0015 15.5989
      vertex 31.1796 -55.002 15.5968
      vertex 31.1714 -55.0141 15.5953
    endloop
  endfacet
  facet normal -0.10899 0.214676 -0.970585
    outer loop
      vertex 24.4124 -50.6823 19.2062
      vertex 24.4146 -50.6848 19.2054
      vertex 24.4016 -50.6914 19.2054
    endloop
  endfacet
  facet normal 0.599461 0.329689 0.72935
    outer loop
      vertex 30.4376 -42.2276 10.4182
      vertex 40.3978 -46.3638 4.10149
      vertex 40.3683 -45.6101 3.78504
    endloop
  endfacet
  facet normal 0.599463 0.329711 0.729338
    outer loop
      vertex 40.3978 -46.3638 4.10149
      vertex 30.4376 -42.2276 10.4182
      vertex 40.3845 -47.1049 4.44745
    endloop
  endfacet
  facet normal 0.599461 0.329678 0.729355
    outer loop
      vertex 30.4376 -42.2276 10.4182
      vertex 40.3683 -45.6101 3.78504
      vertex 40.2961 -44.847 3.49945
    endloop
  endfacet
  facet normal 0.599462 0.329707 0.729341
    outer loop
      vertex 29.2194 -43.7299 12.0986
      vertex 40.3845 -47.1049 4.44745
      vertex 30.4376 -42.2276 10.4182
    endloop
  endfacet
  facet normal 0.599459 0.329748 0.729326
    outer loop
      vertex 30.4376 -42.2276 10.4182
      vertex 40.2961 -44.847 3.49945
      vertex 40.1814 -44.0778 3.24595
    endloop
  endfacet
  facet normal 0.599462 0.329707 0.729341
    outer loop
      vertex 40.3845 -47.1049 4.44745
      vertex 29.2194 -43.7299 12.0986
      vertex 40.3284 -47.8302 4.82144
    endloop
  endfacet
  facet normal 0.59946 0.329644 0.729371
    outer loop
      vertex 31.4471 -40.9827 9.0257
      vertex 40.1814 -44.0778 3.24595
      vertex 40.0249 -43.3057 3.02562
    endloop
  endfacet
  facet normal 0.599464 0.329741 0.729324
    outer loop
      vertex 40.3284 -47.8302 4.82144
      vertex 29.2194 -43.7299 12.0986
      vertex 40.2298 -48.5366 5.22186
    endloop
  endfacet
  facet normal 0.599458 0.329725 0.729337
    outer loop
      vertex 31.4471 -40.9827 9.0257
      vertex 40.0249 -43.3057 3.02562
      vertex 39.8271 -42.5342 2.83941
    endloop
  endfacet
  facet normal 0.599458 0.329682 0.729356
    outer loop
      vertex 40.2298 -48.5366 5.22186
      vertex 29.2194 -43.7299 12.0986
      vertex 40.089 -49.2211 5.64699
    endloop
  endfacet
  facet normal 0.59946 0.329697 0.729347
    outer loop
      vertex 31.4471 -40.9827 9.0257
      vertex 39.8271 -42.5342 2.83941
      vertex 39.5889 -41.7664 2.68811
    endloop
  endfacet
  facet normal 0.599462 0.32971 0.72934
    outer loop
      vertex 40.089 -49.2211 5.64699
      vertex 29.2194 -43.7299 12.0986
      vertex 39.9067 -49.8807 6.09501
    endloop
  endfacet
  facet normal 0.599467 0.329655 0.729361
    outer loop
      vertex 31.4471 -40.9827 9.0257
      vertex 39.5889 -41.7664 2.68811
      vertex 39.3114 -41.0057 2.57237
    endloop
  endfacet
  facet normal 0.599462 0.329706 0.729342
    outer loop
      vertex 39.9067 -49.8807 6.09501
      vertex 29.2194 -43.7299 12.0986
      vertex 39.6837 -50.5127 6.564
    endloop
  endfacet
  facet normal 0.599448 0.32976 0.729329
    outer loop
      vertex 32.2831 -39.8189 7.81245
      vertex 39.3114 -41.0057 2.57237
      vertex 38.9956 -40.2554 2.49269
    endloop
  endfacet
  facet normal 0.599462 0.329706 0.729342
    outer loop
      vertex 39.6837 -50.5127 6.564
      vertex 29.2194 -43.7299 12.0986
      vertex 39.4209 -51.1143 7.05196
    endloop
  endfacet
  facet normal 0.599463 0.329675 0.729355
    outer loop
      vertex 32.2831 -39.8189 7.81245
      vertex 38.9956 -40.2554 2.49269
      vertex 38.643 -39.5185 2.44941
    endloop
  endfacet
  facet normal 0.599457 0.329692 0.729352
    outer loop
      vertex 39.4209 -51.1143 7.05196
      vertex 29.2194 -43.7299 12.0986
      vertex 39.1194 -51.6829 7.55679
    endloop
  endfacet
  facet normal 0.599459 0.3297 0.729347
    outer loop
      vertex 33.4705 -38.1658 6.08926
      vertex 38.643 -39.5185 2.44941
      vertex 38.2551 -38.7984 2.44271
    endloop
  endfacet
  facet normal 0.599462 0.329706 0.729341
    outer loop
      vertex 40.1814 -44.0778 3.24595
      vertex 31.4471 -40.9827 9.0257
      vertex 30.4376 -42.2276 10.4182
    endloop
  endfacet
  facet normal 0.599454 0.329738 0.729334
    outer loop
      vertex 33.4705 -38.1658 6.08926
      vertex 38.2551 -38.7984 2.44271
      vertex 37.8335 -38.0981 2.47262
    endloop
  endfacet
  facet normal 0.599459 0.329698 0.729347
    outer loop
      vertex 39.1194 -51.6829 7.55679
      vertex 29.2194 -43.7299 12.0986
      vertex 38.7806 -52.2162 8.07633
    endloop
  endfacet
  facet normal 0.599464 0.329695 0.729345
    outer loop
      vertex 33.4705 -38.1658 6.08926
      vertex 37.8335 -38.0981 2.47262
      vertex 37.3801 -37.4206 2.53902
    endloop
  endfacet
  facet normal 0.599475 0.329728 0.729321
    outer loop
      vertex 28.4419 -44.5802 13.1221
      vertex 38.7806 -52.2162 8.07633
      vertex 29.2194 -43.7299 12.0986
    endloop
  endfacet
  facet normal 0.599457 0.329724 0.729338
    outer loop
      vertex 33.9808 -37.3613 5.30616
      vertex 37.3801 -37.4206 2.53902
      vertex 36.8967 -36.7687 2.64162
    endloop
  endfacet
  facet normal 0.599452 0.329724 0.729342
    outer loop
      vertex 39.3114 -41.0057 2.57237
      vertex 32.2831 -39.8189 7.81245
      vertex 31.4471 -40.9827 9.0257
    endloop
  endfacet
  facet normal 0.599465 0.3297 0.729342
    outer loop
      vertex 33.9808 -37.3613 5.30616
      vertex 36.8967 -36.7687 2.64162
      vertex 36.3855 -36.1453 2.77998
    endloop
  endfacet
  facet normal 0.599472 0.32972 0.729327
    outer loop
      vertex 38.7806 -52.2162 8.07633
      vertex 28.4419 -44.5802 13.1221
      vertex 38.4059 -52.7118 8.60837
    endloop
  endfacet
  facet normal 0.599476 0.329679 0.729342
    outer loop
      vertex 33.9808 -37.3613 5.30616
      vertex 36.3855 -36.1453 2.77998
      vertex 35.8487 -35.5531 2.95351
    endloop
  endfacet
  facet normal 0.599459 0.329691 0.729351
    outer loop
      vertex 38.643 -39.5185 2.44941
      vertex 33.4705 -38.1658 6.08926
      vertex 32.2831 -39.8189 7.81245
    endloop
  endfacet
  facet normal 0.599486 0.32986 0.729252
    outer loop
      vertex 35.2928 -35.2928 3.29275
      vertex 35.8487 -35.5531 2.95351
      vertex 35.398 -35.1038 3.12078
    endloop
  endfacet
  facet normal 0.599465 0.329694 0.729345
    outer loop
      vertex 33.9808 -37.3613 5.30616
      vertex 35.8487 -35.5531 2.95351
      vertex 35.2928 -35.2928 3.29275
    endloop
  endfacet
  facet normal 0.599461 0.329701 0.729344
    outer loop
      vertex 37.3801 -37.4206 2.53902
      vertex 33.9808 -37.3613 5.30616
      vertex 33.4705 -38.1658 6.08926
    endloop
  endfacet
  facet normal 0.599447 0.329665 0.729373
    outer loop
      vertex 38.4059 -52.7118 8.60837
      vertex 28.4419 -44.5802 13.1221
      vertex 37.9968 -53.1676 9.15061
    endloop
  endfacet
  facet normal 0.599472 0.329711 0.729331
    outer loop
      vertex 37.9968 -53.1676 9.15061
      vertex 28.4419 -44.5802 13.1221
      vertex 37.5552 -53.5816 9.70074
    endloop
  endfacet
  facet normal 0.599488 0.329737 0.729306
    outer loop
      vertex 37.5552 -53.5816 9.70074
      vertex 28.4419 -44.5802 13.1221
      vertex 37.083 -53.9521 10.2564
    endloop
  endfacet
  facet normal 0.599429 0.329656 0.729391
    outer loop
      vertex 37.083 -53.9521 10.2564
      vertex 28.4419 -44.5802 13.1221
      vertex 36.582 -54.2775 10.8152
    endloop
  endfacet
  facet normal 0.599483 0.32972 0.729318
    outer loop
      vertex 36.582 -54.2775 10.8152
      vertex 28.4419 -44.5802 13.1221
      vertex 36.0546 -54.5564 11.3748
    endloop
  endfacet
  facet normal 0.59947 0.329707 0.729335
    outer loop
      vertex 36.0546 -54.5564 11.3748
      vertex 28.4419 -44.5802 13.1221
      vertex 35.503 -54.7876 11.9327
    endloop
  endfacet
  facet normal 0.599464 0.329701 0.729343
    outer loop
      vertex 35.503 -54.7876 11.9327
      vertex 28.4419 -44.5802 13.1221
      vertex 34.9294 -54.9702 12.4867
    endloop
  endfacet
  facet normal 0.59945 0.329692 0.729357
    outer loop
      vertex 34.9294 -54.9702 12.4867
      vertex 28.4419 -44.5802 13.1221
      vertex 34.3364 -55.1032 13.0342
    endloop
  endfacet
  facet normal 0.599447 0.32969 0.729361
    outer loop
      vertex 34.3364 -55.1032 13.0342
      vertex 28.4419 -44.5802 13.1221
      vertex 33.7266 -55.1862 13.5729
    endloop
  endfacet
  facet normal 0.599499 0.329714 0.729308
    outer loop
      vertex 33.7266 -55.1862 13.5729
      vertex 28.4419 -44.5802 13.1221
      vertex 33.1025 -55.2189 14.1007
    endloop
  endfacet
  facet normal 0.59946 0.3297 0.729346
    outer loop
      vertex 33.1025 -55.2189 14.1007
      vertex 28.4419 -44.5802 13.1221
      vertex 32.4668 -55.201 14.6151
    endloop
  endfacet
  facet normal 0.599469 0.329703 0.729337
    outer loop
      vertex 32.4668 -55.201 14.6151
      vertex 28.4419 -44.5802 13.1221
      vertex 31.8222 -55.1326 15.114
    endloop
  endfacet
  facet normal 0.599436 0.329698 0.729366
    outer loop
      vertex 31.8222 -55.1326 15.114
      vertex 28.4419 -44.5802 13.1221
      vertex 31.1714 -55.0141 15.5953
    endloop
  endfacet
  facet normal 0.599462 0.329699 0.729345
    outer loop
      vertex 31.1714 -55.0141 15.5953
      vertex 28.4419 -44.5802 13.1221
      vertex 30.5174 -54.8459 16.0568
    endloop
  endfacet
  facet normal 0.59947 0.329699 0.729338
    outer loop
      vertex 30.5174 -54.8459 16.0568
      vertex 28.4419 -44.5802 13.1221
      vertex 29.8628 -54.6288 16.4967
    endloop
  endfacet
  facet normal 0.599462 0.3297 0.729344
    outer loop
      vertex 29.8628 -54.6288 16.4967
      vertex 28.4419 -44.5802 13.1221
      vertex 29.2105 -54.3637 16.913
    endloop
  endfacet
  facet normal 0.599438 0.329705 0.729362
    outer loop
      vertex 26.7848 -46.3926 15.3033
      vertex 29.2105 -54.3637 16.913
      vertex 28.4419 -44.5802 13.1221
    endloop
  endfacet
  facet normal 0.599458 0.329707 0.729344
    outer loop
      vertex 29.2105 -54.3637 16.913
      vertex 26.7848 -46.3926 15.3033
      vertex 28.5633 -54.0517 17.3039
    endloop
  endfacet
  facet normal 0.599442 0.329707 0.729357
    outer loop
      vertex 28.5633 -54.0517 17.3039
      vertex 26.7848 -46.3926 15.3033
      vertex 27.9239 -53.6942 17.6678
    endloop
  endfacet
  facet normal 0.599523 0.329699 0.729295
    outer loop
      vertex 27.9239 -53.6942 17.6678
      vertex 26.7848 -46.3926 15.3033
      vertex 27.2951 -53.2927 18.0032
    endloop
  endfacet
  facet normal 0.599424 0.32972 0.729366
    outer loop
      vertex 26.7848 -46.3926 15.3033
      vertex 26.6795 -52.8489 18.3085
      vertex 27.2951 -53.2927 18.0032
    endloop
  endfacet
  facet normal 0.599488 0.329699 0.729323
    outer loop
      vertex 26.2937 -46.8687 15.9222
      vertex 26.6795 -52.8489 18.3085
      vertex 26.7848 -46.3926 15.3033
    endloop
  endfacet
  facet normal 0.599446 0.329709 0.729354
    outer loop
      vertex 26.2937 -46.8687 15.9222
      vertex 26.0798 -52.3647 18.5825
      vertex 26.6795 -52.8489 18.3085
    endloop
  endfacet
  facet normal 0.599525 0.32968 0.729301
    outer loop
      vertex 26.2937 -46.8687 15.9222
      vertex 25.4987 -51.8422 18.824
      vertex 26.0798 -52.3647 18.5825
    endloop
  endfacet
  facet normal 0.599354 0.329767 0.729403
    outer loop
      vertex 26.2937 -46.8687 15.9222
      vertex 24.9384 -51.2837 19.0319
      vertex 25.4987 -51.8422 18.824
    endloop
  endfacet
  facet normal 0.599496 0.329671 0.729329
    outer loop
      vertex 24.1419 -48.9548 18.6339
      vertex 24.9384 -51.2837 19.0319
      vertex 26.2937 -46.8687 15.9222
    endloop
  endfacet
  facet normal 0.599485 0.329669 0.729339
    outer loop
      vertex 24.9384 -51.2837 19.0319
      vertex 24.1419 -48.9548 18.6339
      vertex 24.4016 -50.6914 19.2054
    endloop
  endfacet
  facet normal 0.599389 0.329725 0.729393
    outer loop
      vertex 23.8904 -50.068 19.3438
      vertex 24.1419 -48.9548 18.6339
      vertex 23.991 -49.0842 18.8164
    endloop
  endfacet
  facet normal 0.599485 0.329669 0.72934
    outer loop
      vertex 24.1419 -48.9548 18.6339
      vertex 23.8904 -50.068 19.3438
      vertex 24.4016 -50.6914 19.2054
    endloop
  endfacet
  facet normal 0.599458 0.329695 0.72935
    outer loop
      vertex 23.8904 -50.068 19.3438
      vertex 23.991 -49.0842 18.8164
      vertex 23.4835 -49.5193 19.4302
    endloop
  endfacet
  facet normal -0.977161 -0.198812 -0.0750348
    outer loop
      vertex 40.0249 -43.3057 3.02562
      vertex 40.0238 -43.3058 3.04021
      vertex 40.0232 -43.3025 3.03928
    endloop
  endfacet
  facet normal -0.963865 -0.260516 -0.0556448
    outer loop
      vertex 39.8271 -42.5342 2.83941
      vertex 40.0224 -43.2993 3.0385
      vertex 39.8256 -42.5316 2.85322
    endloop
  endfacet
  facet normal -0.963653 -0.260918 -0.0573958
    outer loop
      vertex 40.0224 -43.2993 3.0385
      vertex 39.8271 -42.5342 2.83941
      vertex 40.0249 -43.3057 3.02562
    endloop
  endfacet
  facet normal -0.0425439 0.124566 -0.991299
    outer loop
      vertex 23.8904 -50.068 19.3438
      vertex 23.4967 -49.5133 19.4304
      vertex 23.9016 -50.0594 19.3444
    endloop
  endfacet
  facet normal -0.0418299 0.125068 -0.991266
    outer loop
      vertex 23.4967 -49.5133 19.4304
      vertex 23.8904 -50.068 19.3438
      vertex 23.4835 -49.5193 19.4302
    endloop
  endfacet
  facet normal -0.989022 -0.0111757 -0.147345
    outer loop
      vertex 40.3267 -47.8203 4.8321
      vertex 40.3284 -47.8302 4.82144
      vertex 40.3265 -47.8233 4.83367
    endloop
  endfacet
  facet normal -0.888001 -0.458546 -0.0344863
    outer loop
      vertex 38.643 -39.5185 2.44941
      vertex 38.6424 -39.5184 2.46353
      vertex 38.6408 -39.5153 2.46351
    endloop
  endfacet
  facet normal -0.851936 0.323372 -0.411868
    outer loop
      vertex 37.5555 -53.5702 9.70907
      vertex 37.5573 -53.5684 9.70676
      vertex 37.5552 -53.5816 9.70074
    endloop
  endfacet
  facet normal -0.862854 -0.504584 -0.0296455
    outer loop
      vertex 37.8353 -38.102 2.48661
      vertex 37.8336 -38.0991 2.48673
      vertex 37.8335 -38.0981 2.47262
    endloop
  endfacet
  facet normal -0.967153 0.11224 -0.228073
    outer loop
      vertex 40.089 -49.2211 5.64699
      vertex 39.9059 -49.8695 6.10434
      vertex 40.0872 -49.2131 5.65856
    endloop
  endfacet
  facet normal -0.967943 0.11631 -0.222619
    outer loop
      vertex 39.9059 -49.8695 6.10434
      vertex 40.089 -49.2211 5.64699
      vertex 39.9067 -49.8807 6.09501
    endloop
  endfacet
  facet normal -0.972946 -0.218571 -0.0748525
    outer loop
      vertex 40.1814 -44.0778 3.24595
      vertex 40.0238 -43.3058 3.04021
      vertex 40.0249 -43.3057 3.02562
    endloop
  endfacet
  facet normal -0.973905 -0.21675 -0.0672872
    outer loop
      vertex 40.0238 -43.3058 3.04021
      vertex 40.1814 -44.0778 3.24595
      vertex 40.1796 -44.0739 3.25944
    endloop
  endfacet
  facet normal -0.989976 -0.0598409 -0.127936
    outer loop
      vertex 40.3958 -46.3581 4.1143
      vertex 40.3978 -46.3638 4.10149
      vertex 40.3958 -46.3612 4.11575
    endloop
  endfacet
  facet normal -0.629787 0.430591 -0.646498
    outer loop
      vertex 34.3364 -55.1032 13.0342
      vertex 33.7299 -55.1735 13.5782
      vertex 34.3367 -55.0909 13.0421
    endloop
  endfacet
  facet normal -0.629194 0.43289 -0.64554
    outer loop
      vertex 33.7299 -55.1735 13.5782
      vertex 34.3364 -55.1032 13.0342
      vertex 33.7266 -55.1862 13.5729
    endloop
  endfacet
  facet normal -0.96484 -0.255868 -0.0601354
    outer loop
      vertex 40.0249 -43.3057 3.02562
      vertex 40.0232 -43.3025 3.03928
      vertex 40.0224 -43.2993 3.0385
    endloop
  endfacet
  facet normal -0.133272 0.22838 -0.964407
    outer loop
      vertex 25.5062 -51.8298 18.8259
      vertex 25.5086 -51.8322 18.825
      vertex 25.4987 -51.8422 18.824
    endloop
  endfacet
  facet normal -0.486012 0.427189 -0.762432
    outer loop
      vertex 31.8222 -55.1326 15.114
      vertex 31.1796 -55.002 15.5968
      vertex 31.827 -55.12 15.118
    endloop
  endfacet
  facet normal -0.487066 0.424684 -0.763158
    outer loop
      vertex 31.1796 -55.002 15.5968
      vertex 31.8222 -55.1326 15.114
      vertex 31.1714 -55.0141 15.5953
    endloop
  endfacet
  facet normal -0.3008 0.360716 -0.882838
    outer loop
      vertex 28.5633 -54.0517 17.3039
      vertex 27.9345 -53.6842 17.6683
      vertex 28.5707 -54.0399 17.3062
    endloop
  endfacet
  facet normal -0.299901 0.362026 -0.882608
    outer loop
      vertex 27.9345 -53.6842 17.6683
      vertex 28.5633 -54.0517 17.3039
      vertex 27.9239 -53.6942 17.6678
    endloop
  endfacet
  facet normal -0.663603 0.425279 -0.615442
    outer loop
      vertex 34.3364 -55.1032 13.0342
      vertex 34.9293 -54.9582 12.4951
      vertex 34.9294 -54.9702 12.4867
    endloop
  endfacet
  facet normal -0.663451 0.426061 -0.615065
    outer loop
      vertex 34.9293 -54.9582 12.4951
      vertex 34.3364 -55.1032 13.0342
      vertex 34.3393 -55.0906 13.0398
    endloop
  endfacet
  facet normal -0.338784 0.377196 -0.861945
    outer loop
      vertex 29.2105 -54.3637 16.913
      vertex 28.5735 -54.0412 17.3045
      vertex 29.2175 -54.3517 16.9155
    endloop
  endfacet
  facet normal -0.338335 0.377915 -0.861806
    outer loop
      vertex 28.5735 -54.0412 17.3045
      vertex 29.2105 -54.3637 16.913
      vertex 28.5633 -54.0517 17.3039
    endloop
  endfacet
  facet normal -0.163419 0.258331 -0.952134
    outer loop
      vertex 25.4987 -51.8422 18.824
      vertex 26.0869 -52.3521 18.5847
      vertex 26.0798 -52.3647 18.5825
    endloop
  endfacet
  facet normal -0.164054 0.257635 -0.952213
    outer loop
      vertex 26.0869 -52.3521 18.5847
      vertex 25.4987 -51.8422 18.824
      vertex 25.5086 -51.8322 18.825
    endloop
  endfacet
  facet normal -0.66621 0.423934 -0.61355
    outer loop
      vertex 34.9318 -54.9576 12.4928
      vertex 34.9294 -54.9702 12.4867
      vertex 34.9293 -54.9582 12.4951
    endloop
  endfacet
  facet normal -0.279827 0.345811 -0.895607
    outer loop
      vertex 27.3035 -53.2815 18.0049
      vertex 27.3062 -53.2832 18.0034
      vertex 27.2951 -53.2927 18.0032
    endloop
  endfacet
  facet normal -0.815765 0.355077 -0.456561
    outer loop
      vertex 37.5552 -53.5816 9.70074
      vertex 37.0856 -53.9388 10.262
      vertex 37.5555 -53.5702 9.70907
    endloop
  endfacet
  facet normal -0.8159 0.35248 -0.458328
    outer loop
      vertex 37.0856 -53.9388 10.262
      vertex 37.5552 -53.5816 9.70074
      vertex 37.083 -53.9521 10.2564
    endloop
  endfacet
  facet normal -0.89876 -0.437035 -0.0350958
    outer loop
      vertex 38.643 -39.5185 2.44941
      vertex 38.6439 -39.5215 2.46372
      vertex 38.6424 -39.5184 2.46353
    endloop
  endfacet
  facet normal -0.900746 -0.433003 -0.0341256
    outer loop
      vertex 38.9956 -40.2554 2.49269
      vertex 38.6439 -39.5215 2.46372
      vertex 38.643 -39.5185 2.44941
    endloop
  endfacet
  facet normal -0.9008 -0.432983 -0.0329548
    outer loop
      vertex 38.6439 -39.5215 2.46372
      vertex 38.9956 -40.2554 2.49269
      vertex 38.9947 -40.2546 2.50678
    endloop
  endfacet
  facet normal -0.449477 0.418168 -0.789371
    outer loop
      vertex 31.1714 -55.0141 15.5953
      vertex 30.526 -54.8342 16.0581
      vertex 31.1768 -55.0015 15.5989
    endloop
  endfacet
  facet normal -0.449503 0.418113 -0.789385
    outer loop
      vertex 30.526 -54.8342 16.0581
      vertex 31.1714 -55.0141 15.5953
      vertex 30.5174 -54.8459 16.0568
    endloop
  endfacet
  facet normal -0.131422 0.227338 -0.964907
    outer loop
      vertex 24.9384 -51.2837 19.0319
      vertex 25.5062 -51.8298 18.8259
      vertex 25.4987 -51.8422 18.824
    endloop
  endfacet
  facet normal -0.128798 0.229966 -0.964638
    outer loop
      vertex 25.5062 -51.8298 18.8259
      vertex 24.9384 -51.2837 19.0319
      vertex 24.9488 -51.2741 19.0328
    endloop
  endfacet
  facet normal -0.981355 -0.174542 -0.0804836
    outer loop
      vertex 40.1814 -44.0778 3.24595
      vertex 40.1801 -44.0772 3.2605
      vertex 40.1796 -44.0739 3.25944
    endloop
  endfacet
  facet normal -0.161226 0.257213 -0.95281
    outer loop
      vertex 26.0869 -52.3521 18.5847
      vertex 26.0893 -52.3543 18.5837
      vertex 26.0798 -52.3647 18.5825
    endloop
  endfacet
  facet normal -0.62484 0.43266 -0.649907
    outer loop
      vertex 34.3367 -55.0909 13.0421
      vertex 34.3393 -55.0906 13.0398
      vertex 34.3364 -55.1032 13.0342
    endloop
  endfacet
  facet normal -0.923901 -0.38263 0
    outer loop
      vertex 61.3978 34.94 -3
      vertex 61.228 35.35 20
      vertex 61.228 35.35 -3
    endloop
  endfacet
  facet normal -0.923901 -0.38263 0
    outer loop
      vertex 61.228 35.35 20
      vertex 61.3978 34.94 -3
      vertex 61.3978 34.94 20
    endloop
  endfacet
  facet normal -0.991424 -0.130688 0
    outer loop
      vertex 61.4558 34.5 -3
      vertex 61.3978 34.94 20
      vertex 61.3978 34.94 -3
    endloop
  endfacet
  facet normal -0.991424 -0.130688 0
    outer loop
      vertex 61.3978 34.94 20
      vertex 61.4558 34.5 -3
      vertex 61.4558 34.5 20
    endloop
  endfacet
  facet normal -0.793327 -0.608796 0
    outer loop
      vertex 61.228 35.35 -3
      vertex 60.9578 35.7021 20
      vertex 60.9578 35.7021 -3
    endloop
  endfacet
  facet normal -0.793327 -0.608796 0
    outer loop
      vertex 60.9578 35.7021 20
      vertex 61.228 35.35 -3
      vertex 61.228 35.35 20
    endloop
  endfacet
  facet normal -0.793327 0.608796 0
    outer loop
      vertex 60.9578 33.2979 -3
      vertex 61.228 33.65 20
      vertex 61.228 33.65 -3
    endloop
  endfacet
  facet normal -0.793327 0.608796 0
    outer loop
      vertex 61.228 33.65 20
      vertex 60.9578 33.2979 -3
      vertex 60.9578 33.2979 20
    endloop
  endfacet
  facet normal -0.608763 -0.793352 0
    outer loop
      vertex 60.6058 35.9722 -3
      vertex 60.9578 35.7021 20
      vertex 60.6058 35.9722 20
    endloop
  endfacet
  facet normal -0.608763 -0.793352 -0
    outer loop
      vertex 60.9578 35.7021 20
      vertex 60.6058 35.9722 -3
      vertex 60.9578 35.7021 -3
    endloop
  endfacet
  facet normal 0.793327 -0.608796 0
    outer loop
      vertex 58.2835 35.35 20
      vertex 58.5537 35.7021 -3
      vertex 58.5537 35.7021 20
    endloop
  endfacet
  facet normal 0.793327 -0.608796 0
    outer loop
      vertex 58.5537 35.7021 -3
      vertex 58.2835 35.35 20
      vertex 58.2835 35.35 -3
    endloop
  endfacet
  facet normal 0.793327 0.608796 0
    outer loop
      vertex 58.5537 33.2979 20
      vertex 58.2835 33.65 -3
      vertex 58.2835 33.65 20
    endloop
  endfacet
  facet normal 0.793327 0.608796 0
    outer loop
      vertex 58.2835 33.65 -3
      vertex 58.5537 33.2979 20
      vertex 58.5537 33.2979 -3
    endloop
  endfacet
  facet normal 0.382823 0.923822 -0
    outer loop
      vertex 59.3158 32.8579 -3
      vertex 58.9058 33.0278 20
      vertex 59.3158 32.8579 20
    endloop
  endfacet
  facet normal 0.382823 0.923822 0
    outer loop
      vertex 58.9058 33.0278 20
      vertex 59.3158 32.8579 -3
      vertex 58.9058 33.0278 -3
    endloop
  endfacet
  facet normal -0.382743 0.923855 0
    outer loop
      vertex 60.6058 33.0278 -3
      vertex 60.1957 32.8579 20
      vertex 60.6058 33.0278 20
    endloop
  endfacet
  facet normal -0.382743 0.923855 0
    outer loop
      vertex 60.1957 32.8579 20
      vertex 60.6058 33.0278 -3
      vertex 60.1957 32.8579 -3
    endloop
  endfacet
  facet normal -0.608763 0.793352 0
    outer loop
      vertex 60.9578 33.2979 -3
      vertex 60.6058 33.0278 20
      vertex 60.9578 33.2979 20
    endloop
  endfacet
  facet normal -0.608763 0.793352 0
    outer loop
      vertex 60.6058 33.0278 20
      vertex 60.9578 33.2979 -3
      vertex 60.6058 33.0278 -3
    endloop
  endfacet
  facet normal 0.923901 -0.38263 0
    outer loop
      vertex 58.1137 34.94 20
      vertex 58.2835 35.35 -3
      vertex 58.2835 35.35 20
    endloop
  endfacet
  facet normal 0.923901 -0.38263 0
    outer loop
      vertex 58.2835 35.35 -3
      vertex 58.1137 34.94 20
      vertex 58.1137 34.94 -3
    endloop
  endfacet
  facet normal -0.923901 0.38263 0
    outer loop
      vertex 61.228 33.65 -3
      vertex 61.3978 34.06 20
      vertex 61.3978 34.06 -3
    endloop
  endfacet
  facet normal -0.923901 0.38263 0
    outer loop
      vertex 61.3978 34.06 20
      vertex 61.228 33.65 -3
      vertex 61.228 33.65 20
    endloop
  endfacet
  facet normal -0.382743 -0.923855 0
    outer loop
      vertex 60.1957 36.1421 -3
      vertex 60.6058 35.9722 20
      vertex 60.1957 36.1421 20
    endloop
  endfacet
  facet normal -0.382743 -0.923855 -0
    outer loop
      vertex 60.6058 35.9722 20
      vertex 60.1957 36.1421 -3
      vertex 60.6058 35.9722 -3
    endloop
  endfacet
  facet normal 0.130466 -0.991453 0
    outer loop
      vertex 59.3158 36.1421 -3
      vertex 59.7558 36.2 20
      vertex 59.3158 36.1421 20
    endloop
  endfacet
  facet normal 0.130466 -0.991453 0
    outer loop
      vertex 59.7558 36.2 20
      vertex 59.3158 36.1421 -3
      vertex 59.7558 36.2 -3
    endloop
  endfacet
  facet normal 0.130466 0.991453 -0
    outer loop
      vertex 59.7558 32.8 -3
      vertex 59.3158 32.8579 20
      vertex 59.7558 32.8 20
    endloop
  endfacet
  facet normal 0.130466 0.991453 0
    outer loop
      vertex 59.3158 32.8579 20
      vertex 59.7558 32.8 -3
      vertex 59.3158 32.8579 -3
    endloop
  endfacet
  facet normal 0.991453 0.130466 0
    outer loop
      vertex 58.1137 34.06 20
      vertex 58.0558 34.5 -3
      vertex 58.0558 34.5 20
    endloop
  endfacet
  facet normal 0.991453 0.130466 0
    outer loop
      vertex 58.0558 34.5 -3
      vertex 58.1137 34.06 20
      vertex 58.1137 34.06 -3
    endloop
  endfacet
  facet normal 0.382823 -0.923822 0
    outer loop
      vertex 58.9058 35.9722 -3
      vertex 59.3158 36.1421 20
      vertex 58.9058 35.9722 20
    endloop
  endfacet
  facet normal 0.382823 -0.923822 0
    outer loop
      vertex 59.3158 36.1421 20
      vertex 58.9058 35.9722 -3
      vertex 59.3158 36.1421 -3
    endloop
  endfacet
  facet normal 0.923901 0.38263 0
    outer loop
      vertex 58.2835 33.65 20
      vertex 58.1137 34.06 -3
      vertex 58.1137 34.06 20
    endloop
  endfacet
  facet normal 0.923901 0.38263 0
    outer loop
      vertex 58.1137 34.06 -3
      vertex 58.2835 33.65 20
      vertex 58.2835 33.65 -3
    endloop
  endfacet
  facet normal -0.130495 -0.991449 0
    outer loop
      vertex 59.7558 36.2 -3
      vertex 60.1957 36.1421 20
      vertex 59.7558 36.2 20
    endloop
  endfacet
  facet normal -0.130495 -0.991449 -0
    outer loop
      vertex 60.1957 36.1421 20
      vertex 59.7558 36.2 -3
      vertex 60.1957 36.1421 -3
    endloop
  endfacet
  facet normal -0.991424 0.130688 0
    outer loop
      vertex 61.3978 34.06 -3
      vertex 61.4558 34.5 20
      vertex 61.4558 34.5 -3
    endloop
  endfacet
  facet normal -0.991424 0.130688 0
    outer loop
      vertex 61.4558 34.5 20
      vertex 61.3978 34.06 -3
      vertex 61.3978 34.06 20
    endloop
  endfacet
  facet normal 0.608654 -0.793436 0
    outer loop
      vertex 58.5537 35.7021 -3
      vertex 58.9058 35.9722 20
      vertex 58.5537 35.7021 20
    endloop
  endfacet
  facet normal 0.608654 -0.793436 0
    outer loop
      vertex 58.9058 35.9722 20
      vertex 58.5537 35.7021 -3
      vertex 58.9058 35.9722 -3
    endloop
  endfacet
  facet normal -0.130495 0.991449 0
    outer loop
      vertex 60.1957 32.8579 -3
      vertex 59.7558 32.8 20
      vertex 60.1957 32.8579 20
    endloop
  endfacet
  facet normal -0.130495 0.991449 0
    outer loop
      vertex 59.7558 32.8 20
      vertex 60.1957 32.8579 -3
      vertex 59.7558 32.8 -3
    endloop
  endfacet
  facet normal 0.608654 0.793436 -0
    outer loop
      vertex 58.9058 33.0278 -3
      vertex 58.5537 33.2979 20
      vertex 58.9058 33.0278 20
    endloop
  endfacet
  facet normal 0.608654 0.793436 0
    outer loop
      vertex 58.5537 33.2979 20
      vertex 58.9058 33.0278 -3
      vertex 58.5537 33.2979 -3
    endloop
  endfacet
  facet normal 0.991453 -0.130466 0
    outer loop
      vertex 58.0558 34.5 20
      vertex 58.1137 34.94 -3
      vertex 58.1137 34.94 20
    endloop
  endfacet
  facet normal 0.991453 -0.130466 0
    outer loop
      vertex 58.1137 34.94 -3
      vertex 58.0558 34.5 20
      vertex 58.0558 34.5 -3
    endloop
  endfacet
  facet normal -0.923901 -0.38263 0
    outer loop
      vertex -58.1137 34.94 -3
      vertex -58.2835 35.35 20
      vertex -58.2835 35.35 -3
    endloop
  endfacet
  facet normal -0.923901 -0.38263 0
    outer loop
      vertex -58.2835 35.35 20
      vertex -58.1137 34.94 -3
      vertex -58.1137 34.94 20
    endloop
  endfacet
  facet normal -0.991453 -0.130466 0
    outer loop
      vertex -58.0558 34.5 -3
      vertex -58.1137 34.94 20
      vertex -58.1137 34.94 -3
    endloop
  endfacet
  facet normal -0.991453 -0.130466 0
    outer loop
      vertex -58.1137 34.94 20
      vertex -58.0558 34.5 -3
      vertex -58.0558 34.5 20
    endloop
  endfacet
  facet normal -0.130466 0.991453 0
    outer loop
      vertex -59.3158 32.8579 -3
      vertex -59.7558 32.8 20
      vertex -59.3158 32.8579 20
    endloop
  endfacet
  facet normal -0.130466 0.991453 0
    outer loop
      vertex -59.7558 32.8 20
      vertex -59.3158 32.8579 -3
      vertex -59.7558 32.8 -3
    endloop
  endfacet
  facet normal -0.608654 0.793436 0
    outer loop
      vertex -58.5537 33.2979 -3
      vertex -58.9058 33.0278 20
      vertex -58.5537 33.2979 20
    endloop
  endfacet
  facet normal -0.608654 0.793436 0
    outer loop
      vertex -58.9058 33.0278 20
      vertex -58.5537 33.2979 -3
      vertex -58.9058 33.0278 -3
    endloop
  endfacet
  facet normal -0.382823 -0.923822 0
    outer loop
      vertex -59.3158 36.1421 -3
      vertex -58.9058 35.9722 20
      vertex -59.3158 36.1421 20
    endloop
  endfacet
  facet normal -0.382823 -0.923822 -0
    outer loop
      vertex -58.9058 35.9722 20
      vertex -59.3158 36.1421 -3
      vertex -58.9058 35.9722 -3
    endloop
  endfacet
  facet normal 0.382743 0.923855 -0
    outer loop
      vertex -60.1957 32.8579 -3
      vertex -60.6058 33.0278 20
      vertex -60.1957 32.8579 20
    endloop
  endfacet
  facet normal 0.382743 0.923855 0
    outer loop
      vertex -60.6058 33.0278 20
      vertex -60.1957 32.8579 -3
      vertex -60.6058 33.0278 -3
    endloop
  endfacet
  facet normal -0.923901 0.38263 0
    outer loop
      vertex -58.2835 33.65 -3
      vertex -58.1137 34.06 20
      vertex -58.1137 34.06 -3
    endloop
  endfacet
  facet normal -0.923901 0.38263 0
    outer loop
      vertex -58.1137 34.06 20
      vertex -58.2835 33.65 -3
      vertex -58.2835 33.65 20
    endloop
  endfacet
  facet normal 0.608763 -0.793352 0
    outer loop
      vertex -60.9578 35.7021 -3
      vertex -60.6058 35.9722 20
      vertex -60.9578 35.7021 20
    endloop
  endfacet
  facet normal 0.608763 -0.793352 0
    outer loop
      vertex -60.6058 35.9722 20
      vertex -60.9578 35.7021 -3
      vertex -60.6058 35.9722 -3
    endloop
  endfacet
  facet normal 0.793327 -0.608796 0
    outer loop
      vertex -61.228 35.35 20
      vertex -60.9578 35.7021 -3
      vertex -60.9578 35.7021 20
    endloop
  endfacet
  facet normal 0.793327 -0.608796 0
    outer loop
      vertex -60.9578 35.7021 -3
      vertex -61.228 35.35 20
      vertex -61.228 35.35 -3
    endloop
  endfacet
  facet normal 0.793327 0.608796 0
    outer loop
      vertex -60.9578 33.2979 20
      vertex -61.228 33.65 -3
      vertex -61.228 33.65 20
    endloop
  endfacet
  facet normal 0.793327 0.608796 0
    outer loop
      vertex -61.228 33.65 -3
      vertex -60.9578 33.2979 20
      vertex -60.9578 33.2979 -3
    endloop
  endfacet
  facet normal -0.130466 -0.991453 0
    outer loop
      vertex -59.7558 36.2 -3
      vertex -59.3158 36.1421 20
      vertex -59.7558 36.2 20
    endloop
  endfacet
  facet normal -0.130466 -0.991453 -0
    outer loop
      vertex -59.3158 36.1421 20
      vertex -59.7558 36.2 -3
      vertex -59.3158 36.1421 -3
    endloop
  endfacet
  facet normal -0.991453 0.130466 0
    outer loop
      vertex -58.1137 34.06 -3
      vertex -58.0558 34.5 20
      vertex -58.0558 34.5 -3
    endloop
  endfacet
  facet normal -0.991453 0.130466 0
    outer loop
      vertex -58.0558 34.5 20
      vertex -58.1137 34.06 -3
      vertex -58.1137 34.06 20
    endloop
  endfacet
  facet normal -0.793327 0.608796 0
    outer loop
      vertex -58.5537 33.2979 -3
      vertex -58.2835 33.65 20
      vertex -58.2835 33.65 -3
    endloop
  endfacet
  facet normal -0.793327 0.608796 0
    outer loop
      vertex -58.2835 33.65 20
      vertex -58.5537 33.2979 -3
      vertex -58.5537 33.2979 20
    endloop
  endfacet
  facet normal 0.923901 -0.38263 0
    outer loop
      vertex -61.3978 34.94 20
      vertex -61.228 35.35 -3
      vertex -61.228 35.35 20
    endloop
  endfacet
  facet normal 0.923901 -0.38263 0
    outer loop
      vertex -61.228 35.35 -3
      vertex -61.3978 34.94 20
      vertex -61.3978 34.94 -3
    endloop
  endfacet
  facet normal -0.382823 0.923822 0
    outer loop
      vertex -58.9058 33.0278 -3
      vertex -59.3158 32.8579 20
      vertex -58.9058 33.0278 20
    endloop
  endfacet
  facet normal -0.382823 0.923822 0
    outer loop
      vertex -59.3158 32.8579 20
      vertex -58.9058 33.0278 -3
      vertex -59.3158 32.8579 -3
    endloop
  endfacet
  facet normal 0.991424 0.130688 0
    outer loop
      vertex -61.3978 34.06 20
      vertex -61.4558 34.5 -3
      vertex -61.4558 34.5 20
    endloop
  endfacet
  facet normal 0.991424 0.130688 0
    outer loop
      vertex -61.4558 34.5 -3
      vertex -61.3978 34.06 20
      vertex -61.3978 34.06 -3
    endloop
  endfacet
  facet normal 0.382743 -0.923855 0
    outer loop
      vertex -60.6058 35.9722 -3
      vertex -60.1957 36.1421 20
      vertex -60.6058 35.9722 20
    endloop
  endfacet
  facet normal 0.382743 -0.923855 0
    outer loop
      vertex -60.1957 36.1421 20
      vertex -60.6058 35.9722 -3
      vertex -60.1957 36.1421 -3
    endloop
  endfacet
  facet normal 0.608763 0.793352 -0
    outer loop
      vertex -60.6058 33.0278 -3
      vertex -60.9578 33.2979 20
      vertex -60.6058 33.0278 20
    endloop
  endfacet
  facet normal 0.608763 0.793352 0
    outer loop
      vertex -60.9578 33.2979 20
      vertex -60.6058 33.0278 -3
      vertex -60.9578 33.2979 -3
    endloop
  endfacet
  facet normal 0.130495 0.991449 -0
    outer loop
      vertex -59.7558 32.8 -3
      vertex -60.1957 32.8579 20
      vertex -59.7558 32.8 20
    endloop
  endfacet
  facet normal 0.130495 0.991449 0
    outer loop
      vertex -60.1957 32.8579 20
      vertex -59.7558 32.8 -3
      vertex -60.1957 32.8579 -3
    endloop
  endfacet
  facet normal -0.608654 -0.793436 0
    outer loop
      vertex -58.9058 35.9722 -3
      vertex -58.5537 35.7021 20
      vertex -58.9058 35.9722 20
    endloop
  endfacet
  facet normal -0.608654 -0.793436 -0
    outer loop
      vertex -58.5537 35.7021 20
      vertex -58.9058 35.9722 -3
      vertex -58.5537 35.7021 -3
    endloop
  endfacet
  facet normal 0.130495 -0.991449 0
    outer loop
      vertex -60.1957 36.1421 -3
      vertex -59.7558 36.2 20
      vertex -60.1957 36.1421 20
    endloop
  endfacet
  facet normal 0.130495 -0.991449 0
    outer loop
      vertex -59.7558 36.2 20
      vertex -60.1957 36.1421 -3
      vertex -59.7558 36.2 -3
    endloop
  endfacet
  facet normal -0.793327 -0.608796 0
    outer loop
      vertex -58.2835 35.35 -3
      vertex -58.5537 35.7021 20
      vertex -58.5537 35.7021 -3
    endloop
  endfacet
  facet normal -0.793327 -0.608796 0
    outer loop
      vertex -58.5537 35.7021 20
      vertex -58.2835 35.35 -3
      vertex -58.2835 35.35 20
    endloop
  endfacet
  facet normal 0.923901 0.38263 0
    outer loop
      vertex -61.228 33.65 20
      vertex -61.3978 34.06 -3
      vertex -61.3978 34.06 20
    endloop
  endfacet
  facet normal 0.923901 0.38263 0
    outer loop
      vertex -61.3978 34.06 -3
      vertex -61.228 33.65 20
      vertex -61.228 33.65 -3
    endloop
  endfacet
  facet normal 0.991424 -0.130688 0
    outer loop
      vertex -61.4558 34.5 20
      vertex -61.3978 34.94 -3
      vertex -61.3978 34.94 20
    endloop
  endfacet
  facet normal 0.991424 -0.130688 0
    outer loop
      vertex -61.3978 34.94 -3
      vertex -61.4558 34.5 20
      vertex -61.4558 34.5 -3
    endloop
  endfacet
  facet normal 0.923878 0.382688 0
    outer loop
      vertex -1.47224 -69.85 20
      vertex -1.64207 -69.44 -3
      vertex -1.64207 -69.44 20
    endloop
  endfacet
  facet normal 0.923878 0.382688 0
    outer loop
      vertex -1.64207 -69.44 -3
      vertex -1.47224 -69.85 20
      vertex -1.47224 -69.85 -3
    endloop
  endfacet
  facet normal -0.923878 -0.382688 0
    outer loop
      vertex 1.64207 -68.56 -3
      vertex 1.47224 -68.15 20
      vertex 1.47224 -68.15 -3
    endloop
  endfacet
  facet normal -0.923878 -0.382688 0
    outer loop
      vertex 1.47224 -68.15 20
      vertex 1.64207 -68.56 -3
      vertex 1.64207 -68.56 20
    endloop
  endfacet
  facet normal -0.991444 -0.130533 0
    outer loop
      vertex 1.7 -69 -3
      vertex 1.64207 -68.56 20
      vertex 1.64207 -68.56 -3
    endloop
  endfacet
  facet normal -0.991444 -0.130533 0
    outer loop
      vertex 1.64207 -68.56 20
      vertex 1.7 -69 -3
      vertex 1.7 -69 20
    endloop
  endfacet
  facet normal -0.793371 -0.608739 0
    outer loop
      vertex 1.47224 -68.15 -3
      vertex 1.20208 -67.7979 20
      vertex 1.20208 -67.7979 -3
    endloop
  endfacet
  facet normal -0.793371 -0.608739 0
    outer loop
      vertex 1.20208 -67.7979 20
      vertex 1.47224 -68.15 -3
      vertex 1.47224 -68.15 20
    endloop
  endfacet
  facet normal -0.608675 -0.79342 0
    outer loop
      vertex 0.849999 -67.5278 -3
      vertex 1.20208 -67.7979 20
      vertex 0.849999 -67.5278 20
    endloop
  endfacet
  facet normal -0.608675 -0.79342 -0
    outer loop
      vertex 1.20208 -67.7979 20
      vertex 0.849999 -67.5278 -3
      vertex 1.20208 -67.7979 -3
    endloop
  endfacet
  facet normal -0.130469 -0.991452 0
    outer loop
      vertex 0 -67.3 -3
      vertex 0.439992 -67.3579 20
      vertex 0 -67.3 20
    endloop
  endfacet
  facet normal -0.130469 -0.991452 -0
    outer loop
      vertex 0.439992 -67.3579 20
      vertex 0 -67.3 -3
      vertex 0.439992 -67.3579 -3
    endloop
  endfacet
  facet normal 0.991444 -0.130533 0
    outer loop
      vertex -1.7 -69 20
      vertex -1.64207 -68.56 -3
      vertex -1.64207 -68.56 20
    endloop
  endfacet
  facet normal 0.991444 -0.130533 0
    outer loop
      vertex -1.64207 -68.56 -3
      vertex -1.7 -69 20
      vertex -1.7 -69 -3
    endloop
  endfacet
  facet normal 0.382817 0.923824 -0
    outer loop
      vertex -0.439992 -70.6421 -3
      vertex -0.849999 -70.4722 20
      vertex -0.439992 -70.6421 20
    endloop
  endfacet
  facet normal 0.382817 0.923824 0
    outer loop
      vertex -0.849999 -70.4722 20
      vertex -0.439992 -70.6421 -3
      vertex -0.849999 -70.4722 -3
    endloop
  endfacet
  facet normal -0.382817 0.923824 0
    outer loop
      vertex 0.849999 -70.4722 -3
      vertex 0.439992 -70.6421 20
      vertex 0.849999 -70.4722 20
    endloop
  endfacet
  facet normal -0.382817 0.923824 0
    outer loop
      vertex 0.439992 -70.6421 20
      vertex 0.849999 -70.4722 -3
      vertex 0.439992 -70.6421 -3
    endloop
  endfacet
  facet normal 0.793371 -0.608739 0
    outer loop
      vertex -1.47224 -68.15 20
      vertex -1.20208 -67.7979 -3
      vertex -1.20208 -67.7979 20
    endloop
  endfacet
  facet normal 0.793371 -0.608739 0
    outer loop
      vertex -1.20208 -67.7979 -3
      vertex -1.47224 -68.15 20
      vertex -1.47224 -68.15 -3
    endloop
  endfacet
  facet normal 0.608675 -0.79342 0
    outer loop
      vertex -1.20208 -67.7979 -3
      vertex -0.849999 -67.5278 20
      vertex -1.20208 -67.7979 20
    endloop
  endfacet
  facet normal 0.608675 -0.79342 0
    outer loop
      vertex -0.849999 -67.5278 20
      vertex -1.20208 -67.7979 -3
      vertex -0.849999 -67.5278 -3
    endloop
  endfacet
  facet normal -0.382817 -0.923824 0
    outer loop
      vertex 0.439992 -67.3579 -3
      vertex 0.849999 -67.5278 20
      vertex 0.439992 -67.3579 20
    endloop
  endfacet
  facet normal -0.382817 -0.923824 -0
    outer loop
      vertex 0.849999 -67.5278 20
      vertex 0.439992 -67.3579 -3
      vertex 0.849999 -67.5278 -3
    endloop
  endfacet
  facet normal -0.991444 0.130533 0
    outer loop
      vertex 1.64207 -69.44 -3
      vertex 1.7 -69 20
      vertex 1.7 -69 -3
    endloop
  endfacet
  facet normal -0.991444 0.130533 0
    outer loop
      vertex 1.7 -69 20
      vertex 1.64207 -69.44 -3
      vertex 1.64207 -69.44 20
    endloop
  endfacet
  facet normal 0.793371 0.608739 0
    outer loop
      vertex -1.20208 -70.2021 20
      vertex -1.47224 -69.85 -3
      vertex -1.47224 -69.85 20
    endloop
  endfacet
  facet normal 0.793371 0.608739 0
    outer loop
      vertex -1.47224 -69.85 -3
      vertex -1.20208 -70.2021 20
      vertex -1.20208 -70.2021 -3
    endloop
  endfacet
  facet normal 0.130469 -0.991452 0
    outer loop
      vertex -0.439992 -67.3579 -3
      vertex 0 -67.3 20
      vertex -0.439992 -67.3579 20
    endloop
  endfacet
  facet normal 0.130469 -0.991452 0
    outer loop
      vertex 0 -67.3 20
      vertex -0.439992 -67.3579 -3
      vertex 0 -67.3 -3
    endloop
  endfacet
  facet normal 0.382817 -0.923824 0
    outer loop
      vertex -0.849999 -67.5278 -3
      vertex -0.439992 -67.3579 20
      vertex -0.849999 -67.5278 20
    endloop
  endfacet
  facet normal 0.382817 -0.923824 0
    outer loop
      vertex -0.439992 -67.3579 20
      vertex -0.849999 -67.5278 -3
      vertex -0.439992 -67.3579 -3
    endloop
  endfacet
  facet normal -0.793371 0.608739 0
    outer loop
      vertex 1.20208 -70.2021 -3
      vertex 1.47224 -69.85 20
      vertex 1.47224 -69.85 -3
    endloop
  endfacet
  facet normal -0.793371 0.608739 0
    outer loop
      vertex 1.47224 -69.85 20
      vertex 1.20208 -70.2021 -3
      vertex 1.20208 -70.2021 20
    endloop
  endfacet
  facet normal 0.923878 -0.382688 0
    outer loop
      vertex -1.64207 -68.56 20
      vertex -1.47224 -68.15 -3
      vertex -1.47224 -68.15 20
    endloop
  endfacet
  facet normal 0.923878 -0.382688 0
    outer loop
      vertex -1.47224 -68.15 -3
      vertex -1.64207 -68.56 20
      vertex -1.64207 -68.56 -3
    endloop
  endfacet
  facet normal -0.130469 0.991452 0
    outer loop
      vertex 0.439992 -70.6421 -3
      vertex 0 -70.7 20
      vertex 0.439992 -70.6421 20
    endloop
  endfacet
  facet normal -0.130469 0.991452 0
    outer loop
      vertex 0 -70.7 20
      vertex 0.439992 -70.6421 -3
      vertex 0 -70.7 -3
    endloop
  endfacet
  facet normal 0.608675 0.79342 -0
    outer loop
      vertex -0.849999 -70.4722 -3
      vertex -1.20208 -70.2021 20
      vertex -0.849999 -70.4722 20
    endloop
  endfacet
  facet normal 0.608675 0.79342 0
    outer loop
      vertex -1.20208 -70.2021 20
      vertex -0.849999 -70.4722 -3
      vertex -1.20208 -70.2021 -3
    endloop
  endfacet
  facet normal 0.991444 0.130533 0
    outer loop
      vertex -1.64207 -69.44 20
      vertex -1.7 -69 -3
      vertex -1.7 -69 20
    endloop
  endfacet
  facet normal 0.991444 0.130533 0
    outer loop
      vertex -1.7 -69 -3
      vertex -1.64207 -69.44 20
      vertex -1.64207 -69.44 -3
    endloop
  endfacet
  facet normal -0.608675 0.79342 0
    outer loop
      vertex 1.20208 -70.2021 -3
      vertex 0.849999 -70.4722 20
      vertex 1.20208 -70.2021 20
    endloop
  endfacet
  facet normal -0.608675 0.79342 0
    outer loop
      vertex 0.849999 -70.4722 20
      vertex 1.20208 -70.2021 -3
      vertex 0.849999 -70.4722 -3
    endloop
  endfacet
  facet normal -0.923878 0.382688 0
    outer loop
      vertex 1.47224 -69.85 -3
      vertex 1.64207 -69.44 20
      vertex 1.64207 -69.44 -3
    endloop
  endfacet
  facet normal -0.923878 0.382688 0
    outer loop
      vertex 1.64207 -69.44 20
      vertex 1.47224 -69.85 -3
      vertex 1.47224 -69.85 20
    endloop
  endfacet
  facet normal 0.130469 0.991452 -0
    outer loop
      vertex 0 -70.7 -3
      vertex -0.439992 -70.6421 20
      vertex 0 -70.7 20
    endloop
  endfacet
  facet normal 0.130469 0.991452 0
    outer loop
      vertex -0.439992 -70.6421 20
      vertex 0 -70.7 -3
      vertex -0.439992 -70.6421 -3
    endloop
  endfacet
  facet normal 0.991445 -0.130523 0
    outer loop
      vertex -44.0131 -44.9399 20
      vertex -43.9688 -44.6034 14
      vertex -43.9688 -44.6034 20
    endloop
  endfacet
  facet normal 0.991445 -0.130523 0
    outer loop
      vertex -43.9688 -44.6034 14
      vertex -44.0131 -44.9399 20
      vertex -44.0131 -44.9399 14
    endloop
  endfacet
  facet normal -0.923834 -0.382794 0
    outer loop
      vertex -41.4574 -44.6034 14
      vertex -41.5873 -44.2899 20
      vertex -41.5873 -44.2899 14
    endloop
  endfacet
  facet normal -0.923834 -0.382794 0
    outer loop
      vertex -41.5873 -44.2899 20
      vertex -41.4574 -44.6034 14
      vertex -41.4574 -44.6034 20
    endloop
  endfacet
  facet normal -0.991445 -0.130523 0
    outer loop
      vertex -41.4131 -44.9399 14
      vertex -41.4574 -44.6034 20
      vertex -41.4574 -44.6034 14
    endloop
  endfacet
  facet normal -0.991445 -0.130523 0
    outer loop
      vertex -41.4574 -44.6034 20
      vertex -41.4131 -44.9399 14
      vertex -41.4131 -44.9399 20
    endloop
  endfacet
  facet normal -0.99144 0.130561 0
    outer loop
      vertex -41.4574 -45.2763 14
      vertex -41.4131 -44.9399 20
      vertex -41.4131 -44.9399 14
    endloop
  endfacet
  facet normal -0.99144 0.130561 0
    outer loop
      vertex -41.4131 -44.9399 20
      vertex -41.4574 -45.2763 14
      vertex -41.4574 -45.2763 20
    endloop
  endfacet
  facet normal 0 0 1
    outer loop
      vertex -41.4574 -44.6034 14
      vertex -41.4574 -45.2763 14
      vertex -41.4131 -44.9399 14
    endloop
  endfacet
  facet normal 0 0 1
    outer loop
      vertex -41.5873 -44.2899 14
      vertex -41.4574 -45.2763 14
      vertex -41.4574 -44.6034 14
    endloop
  endfacet
  facet normal 0 0 1
    outer loop
      vertex -41.5873 -44.2899 14
      vertex -41.5873 -45.5899 14
      vertex -41.4574 -45.2763 14
    endloop
  endfacet
  facet normal 0 0 1
    outer loop
      vertex -41.7939 -44.0206 14
      vertex -41.5873 -45.5899 14
      vertex -41.5873 -44.2899 14
    endloop
  endfacet
  facet normal 0 0 1
    outer loop
      vertex -41.7939 -44.0206 14
      vertex -41.7939 -45.8591 14
      vertex -41.5873 -45.5899 14
    endloop
  endfacet
  facet normal 0 0 1
    outer loop
      vertex -42.0631 -43.814 14
      vertex -41.7939 -45.8591 14
      vertex -41.7939 -44.0206 14
    endloop
  endfacet
  facet normal 0 0 1
    outer loop
      vertex -42.0631 -43.814 14
      vertex -42.0631 -46.0657 14
      vertex -41.7939 -45.8591 14
    endloop
  endfacet
  facet normal 0 0 1
    outer loop
      vertex -42.3766 -43.6842 14
      vertex -42.0631 -46.0657 14
      vertex -42.0631 -43.814 14
    endloop
  endfacet
  facet normal 0 0 1
    outer loop
      vertex -42.3766 -43.6842 14
      vertex -42.3766 -46.1956 14
      vertex -42.0631 -46.0657 14
    endloop
  endfacet
  facet normal 0 0 1
    outer loop
      vertex -42.7131 -43.6399 14
      vertex -42.3766 -46.1956 14
      vertex -42.3766 -43.6842 14
    endloop
  endfacet
  facet normal 0 0 1
    outer loop
      vertex -42.7131 -43.6399 14
      vertex -42.7131 -46.2399 14
      vertex -42.3766 -46.1956 14
    endloop
  endfacet
  facet normal -0 0 1
    outer loop
      vertex -43.0496 -43.6842 14
      vertex -42.7131 -46.2399 14
      vertex -42.7131 -43.6399 14
    endloop
  endfacet
  facet normal 0 0 1
    outer loop
      vertex -43.0496 -43.6842 14
      vertex -43.0496 -46.1956 14
      vertex -42.7131 -46.2399 14
    endloop
  endfacet
  facet normal -0 0 1
    outer loop
      vertex -43.3631 -43.814 14
      vertex -43.0496 -46.1956 14
      vertex -43.0496 -43.6842 14
    endloop
  endfacet
  facet normal 0 0 1
    outer loop
      vertex -43.3631 -43.814 14
      vertex -43.3631 -46.0657 14
      vertex -43.0496 -46.1956 14
    endloop
  endfacet
  facet normal -0 0 1
    outer loop
      vertex -43.6323 -44.0206 14
      vertex -43.3631 -46.0657 14
      vertex -43.3631 -43.814 14
    endloop
  endfacet
  facet normal 0 0 1
    outer loop
      vertex -43.6323 -44.0206 14
      vertex -43.6323 -45.8591 14
      vertex -43.3631 -46.0657 14
    endloop
  endfacet
  facet normal -0 0 1
    outer loop
      vertex -43.8389 -44.2899 14
      vertex -43.6323 -45.8591 14
      vertex -43.6323 -44.0206 14
    endloop
  endfacet
  facet normal 0 0 1
    outer loop
      vertex -43.8389 -44.2899 14
      vertex -43.8389 -45.5899 14
      vertex -43.6323 -45.8591 14
    endloop
  endfacet
  facet normal -0 0 1
    outer loop
      vertex -43.9688 -44.6034 14
      vertex -43.8389 -45.5899 14
      vertex -43.8389 -44.2899 14
    endloop
  endfacet
  facet normal 0 0 1
    outer loop
      vertex -43.9688 -44.6034 14
      vertex -43.9688 -45.2763 14
      vertex -43.8389 -45.5899 14
    endloop
  endfacet
  facet normal 0 -0 1
    outer loop
      vertex -43.9688 -45.2763 14
      vertex -43.9688 -44.6034 14
      vertex -44.0131 -44.9399 14
    endloop
  endfacet
  facet normal 0.99144 0.130561 0
    outer loop
      vertex -43.9688 -45.2763 20
      vertex -44.0131 -44.9399 14
      vertex -44.0131 -44.9399 20
    endloop
  endfacet
  facet normal 0.99144 0.130561 0
    outer loop
      vertex -44.0131 -44.9399 14
      vertex -43.9688 -45.2763 20
      vertex -43.9688 -45.2763 14
    endloop
  endfacet
  facet normal -0.608827 0.793303 0
    outer loop
      vertex -41.7939 -45.8591 14
      vertex -42.0631 -46.0657 20
      vertex -41.7939 -45.8591 20
    endloop
  endfacet
  facet normal -0.608827 0.793303 0
    outer loop
      vertex -42.0631 -46.0657 20
      vertex -41.7939 -45.8591 14
      vertex -42.0631 -46.0657 14
    endloop
  endfacet
  facet normal 0.793303 0.608827 0
    outer loop
      vertex -43.6323 -45.8591 20
      vertex -43.8389 -45.5899 14
      vertex -43.8389 -45.5899 20
    endloop
  endfacet
  facet normal 0.793303 0.608827 0
    outer loop
      vertex -43.8389 -45.5899 14
      vertex -43.6323 -45.8591 20
      vertex -43.6323 -45.8591 14
    endloop
  endfacet
  facet normal 0.382794 0.923834 -0
    outer loop
      vertex -43.0496 -46.1956 14
      vertex -43.3631 -46.0657 20
      vertex -43.0496 -46.1956 20
    endloop
  endfacet
  facet normal 0.382794 0.923834 0
    outer loop
      vertex -43.3631 -46.0657 20
      vertex -43.0496 -46.1956 14
      vertex -43.3631 -46.0657 14
    endloop
  endfacet
  facet normal -0.793303 0.608827 0
    outer loop
      vertex -41.7939 -45.8591 14
      vertex -41.5873 -45.5899 20
      vertex -41.5873 -45.5899 14
    endloop
  endfacet
  facet normal -0.793303 0.608827 0
    outer loop
      vertex -41.5873 -45.5899 20
      vertex -41.7939 -45.8591 14
      vertex -41.7939 -45.8591 20
    endloop
  endfacet
  facet normal -0.923877 0.38269 0
    outer loop
      vertex -41.5873 -45.5899 14
      vertex -41.4574 -45.2763 20
      vertex -41.4574 -45.2763 14
    endloop
  endfacet
  facet normal -0.923877 0.38269 0
    outer loop
      vertex -41.4574 -45.2763 20
      vertex -41.5873 -45.5899 14
      vertex -41.5873 -45.5899 20
    endloop
  endfacet
  facet normal -0.382543 -0.923938 0
    outer loop
      vertex -42.3766 -43.6842 14
      vertex -42.0631 -43.814 20
      vertex -42.3766 -43.6842 20
    endloop
  endfacet
  facet normal -0.382543 -0.923938 -0
    outer loop
      vertex -42.0631 -43.814 20
      vertex -42.3766 -43.6842 14
      vertex -42.0631 -43.814 14
    endloop
  endfacet
  facet normal 0.608827 -0.793303 0
    outer loop
      vertex -43.6323 -44.0206 14
      vertex -43.3631 -43.814 20
      vertex -43.6323 -44.0206 20
    endloop
  endfacet
  facet normal 0.608827 -0.793303 0
    outer loop
      vertex -43.3631 -43.814 20
      vertex -43.6323 -44.0206 14
      vertex -43.3631 -43.814 14
    endloop
  endfacet
  facet normal -0.382794 0.923834 0
    outer loop
      vertex -42.0631 -46.0657 14
      vertex -42.3766 -46.1956 20
      vertex -42.0631 -46.0657 20
    endloop
  endfacet
  facet normal -0.382794 0.923834 0
    outer loop
      vertex -42.3766 -46.1956 20
      vertex -42.0631 -46.0657 14
      vertex -42.3766 -46.1956 14
    endloop
  endfacet
  facet normal -0.130523 -0.991445 0
    outer loop
      vertex -42.7131 -43.6399 14
      vertex -42.3766 -43.6842 20
      vertex -42.7131 -43.6399 20
    endloop
  endfacet
  facet normal -0.130523 -0.991445 -0
    outer loop
      vertex -42.3766 -43.6842 20
      vertex -42.7131 -43.6399 14
      vertex -42.3766 -43.6842 14
    endloop
  endfacet
  facet normal 0.793412 -0.608685 0
    outer loop
      vertex -43.8389 -44.2899 20
      vertex -43.6323 -44.0206 14
      vertex -43.6323 -44.0206 20
    endloop
  endfacet
  facet normal 0.793412 -0.608685 0
    outer loop
      vertex -43.6323 -44.0206 14
      vertex -43.8389 -44.2899 20
      vertex -43.8389 -44.2899 14
    endloop
  endfacet
  facet normal 0.382543 -0.923938 0
    outer loop
      vertex -43.3631 -43.814 14
      vertex -43.0496 -43.6842 20
      vertex -43.3631 -43.814 20
    endloop
  endfacet
  facet normal 0.382543 -0.923938 0
    outer loop
      vertex -43.0496 -43.6842 20
      vertex -43.3631 -43.814 14
      vertex -43.0496 -43.6842 14
    endloop
  endfacet
  facet normal 0.130523 0.991445 -0
    outer loop
      vertex -42.7131 -46.2399 14
      vertex -43.0496 -46.1956 20
      vertex -42.7131 -46.2399 20
    endloop
  endfacet
  facet normal 0.130523 0.991445 0
    outer loop
      vertex -43.0496 -46.1956 20
      vertex -42.7131 -46.2399 14
      vertex -43.0496 -46.1956 14
    endloop
  endfacet
  facet normal 0.923877 0.38269 0
    outer loop
      vertex -43.8389 -45.5899 20
      vertex -43.9688 -45.2763 14
      vertex -43.9688 -45.2763 20
    endloop
  endfacet
  facet normal 0.923877 0.38269 0
    outer loop
      vertex -43.9688 -45.2763 14
      vertex -43.8389 -45.5899 20
      vertex -43.8389 -45.5899 14
    endloop
  endfacet
  facet normal -0.608827 -0.793303 0
    outer loop
      vertex -42.0631 -43.814 14
      vertex -41.7939 -44.0206 20
      vertex -42.0631 -43.814 20
    endloop
  endfacet
  facet normal -0.608827 -0.793303 -0
    outer loop
      vertex -41.7939 -44.0206 20
      vertex -42.0631 -43.814 14
      vertex -41.7939 -44.0206 14
    endloop
  endfacet
  facet normal 0.923834 -0.382794 0
    outer loop
      vertex -43.9688 -44.6034 20
      vertex -43.8389 -44.2899 14
      vertex -43.8389 -44.2899 20
    endloop
  endfacet
  facet normal 0.923834 -0.382794 0
    outer loop
      vertex -43.8389 -44.2899 14
      vertex -43.9688 -44.6034 20
      vertex -43.9688 -44.6034 14
    endloop
  endfacet
  facet normal 0.130523 -0.991445 0
    outer loop
      vertex -43.0496 -43.6842 14
      vertex -42.7131 -43.6399 20
      vertex -43.0496 -43.6842 20
    endloop
  endfacet
  facet normal 0.130523 -0.991445 0
    outer loop
      vertex -42.7131 -43.6399 20
      vertex -43.0496 -43.6842 14
      vertex -42.7131 -43.6399 14
    endloop
  endfacet
  facet normal -0.793412 -0.608685 0
    outer loop
      vertex -41.5873 -44.2899 14
      vertex -41.7939 -44.0206 20
      vertex -41.7939 -44.0206 14
    endloop
  endfacet
  facet normal -0.793412 -0.608685 0
    outer loop
      vertex -41.7939 -44.0206 20
      vertex -41.5873 -44.2899 14
      vertex -41.5873 -44.2899 20
    endloop
  endfacet
  facet normal 0.608827 0.793303 -0
    outer loop
      vertex -43.3631 -46.0657 14
      vertex -43.6323 -45.8591 20
      vertex -43.3631 -46.0657 20
    endloop
  endfacet
  facet normal 0.608827 0.793303 0
    outer loop
      vertex -43.6323 -45.8591 20
      vertex -43.3631 -46.0657 14
      vertex -43.6323 -45.8591 14
    endloop
  endfacet
  facet normal -0.130523 0.991445 0
    outer loop
      vertex -42.3766 -46.1956 14
      vertex -42.7131 -46.2399 20
      vertex -42.3766 -46.1956 20
    endloop
  endfacet
  facet normal -0.130523 0.991445 0
    outer loop
      vertex -42.7131 -46.2399 20
      vertex -42.3766 -46.1956 14
      vertex -42.7131 -46.2399 14
    endloop
  endfacet
  facet normal -0.923834 -0.382794 0
    outer loop
      vertex -32.016 -51.9798 14
      vertex -32.1459 -51.6663 20
      vertex -32.1459 -51.6663 14
    endloop
  endfacet
  facet normal -0.923834 -0.382794 0
    outer loop
      vertex -32.1459 -51.6663 20
      vertex -32.016 -51.9798 14
      vertex -32.016 -51.9798 20
    endloop
  endfacet
  facet normal -0.991445 -0.130523 0
    outer loop
      vertex -31.9717 -52.3163 14
      vertex -32.016 -51.9798 20
      vertex -32.016 -51.9798 14
    endloop
  endfacet
  facet normal -0.991445 -0.130523 0
    outer loop
      vertex -32.016 -51.9798 20
      vertex -31.9717 -52.3163 14
      vertex -31.9717 -52.3163 20
    endloop
  endfacet
  facet normal -0.793412 -0.608685 0
    outer loop
      vertex -32.1459 -51.6663 14
      vertex -32.3525 -51.397 20
      vertex -32.3525 -51.397 14
    endloop
  endfacet
  facet normal -0.793412 -0.608685 0
    outer loop
      vertex -32.3525 -51.397 20
      vertex -32.1459 -51.6663 14
      vertex -32.1459 -51.6663 20
    endloop
  endfacet
  facet normal -0.608827 -0.793303 0
    outer loop
      vertex -32.6217 -51.1904 14
      vertex -32.3525 -51.397 20
      vertex -32.6217 -51.1904 20
    endloop
  endfacet
  facet normal -0.608827 -0.793303 -0
    outer loop
      vertex -32.3525 -51.397 20
      vertex -32.6217 -51.1904 14
      vertex -32.3525 -51.397 14
    endloop
  endfacet
  facet normal 0.130523 0.991445 -0
    outer loop
      vertex -33.2717 -53.6163 14
      vertex -33.6082 -53.572 20
      vertex -33.2717 -53.6163 20
    endloop
  endfacet
  facet normal 0.130523 0.991445 0
    outer loop
      vertex -33.6082 -53.572 20
      vertex -33.2717 -53.6163 14
      vertex -33.6082 -53.572 14
    endloop
  endfacet
  facet normal -0.793303 0.608827 0
    outer loop
      vertex -32.3525 -53.2355 14
      vertex -32.1459 -52.9663 20
      vertex -32.1459 -52.9663 14
    endloop
  endfacet
  facet normal -0.793303 0.608827 0
    outer loop
      vertex -32.1459 -52.9663 20
      vertex -32.3525 -53.2355 14
      vertex -32.3525 -53.2355 20
    endloop
  endfacet
  facet normal -0.608827 0.793303 0
    outer loop
      vertex -32.3525 -53.2355 14
      vertex -32.6217 -53.4421 20
      vertex -32.3525 -53.2355 20
    endloop
  endfacet
  facet normal -0.608827 0.793303 0
    outer loop
      vertex -32.6217 -53.4421 20
      vertex -32.3525 -53.2355 14
      vertex -32.6217 -53.4421 14
    endloop
  endfacet
  facet normal 0.793303 0.608827 0
    outer loop
      vertex -34.191 -53.2355 20
      vertex -34.3976 -52.9663 14
      vertex -34.3976 -52.9663 20
    endloop
  endfacet
  facet normal 0.793303 0.608827 0
    outer loop
      vertex -34.3976 -52.9663 14
      vertex -34.191 -53.2355 20
      vertex -34.191 -53.2355 14
    endloop
  endfacet
  facet normal -0.923877 0.38269 0
    outer loop
      vertex -32.1459 -52.9663 14
      vertex -32.016 -52.6527 20
      vertex -32.016 -52.6527 14
    endloop
  endfacet
  facet normal -0.923877 0.38269 0
    outer loop
      vertex -32.016 -52.6527 20
      vertex -32.1459 -52.9663 14
      vertex -32.1459 -52.9663 20
    endloop
  endfacet
  facet normal 0.923938 -0.382543 0
    outer loop
      vertex -34.5274 -51.9798 20
      vertex -34.3976 -51.6663 14
      vertex -34.3976 -51.6663 20
    endloop
  endfacet
  facet normal 0.923938 -0.382543 0
    outer loop
      vertex -34.3976 -51.6663 14
      vertex -34.5274 -51.9798 20
      vertex -34.5274 -51.9798 14
    endloop
  endfacet
  facet normal -0.99144 0.130561 0
    outer loop
      vertex -32.016 -52.6527 14
      vertex -31.9717 -52.3163 20
      vertex -31.9717 -52.3163 14
    endloop
  endfacet
  facet normal -0.99144 0.130561 0
    outer loop
      vertex -31.9717 -52.3163 20
      vertex -32.016 -52.6527 14
      vertex -32.016 -52.6527 20
    endloop
  endfacet
  facet normal 0.608685 -0.793412 0
    outer loop
      vertex -34.191 -51.397 14
      vertex -33.9217 -51.1904 20
      vertex -34.191 -51.397 20
    endloop
  endfacet
  facet normal 0.608685 -0.793412 0
    outer loop
      vertex -33.9217 -51.1904 20
      vertex -34.191 -51.397 14
      vertex -33.9217 -51.1904 14
    endloop
  endfacet
  facet normal -0.382439 -0.923981 0
    outer loop
      vertex -32.9353 -51.0606 14
      vertex -32.6217 -51.1904 20
      vertex -32.9353 -51.0606 20
    endloop
  endfacet
  facet normal -0.382439 -0.923981 -0
    outer loop
      vertex -32.6217 -51.1904 20
      vertex -32.9353 -51.0606 14
      vertex -32.6217 -51.1904 14
    endloop
  endfacet
  facet normal 0.382543 -0.923938 0
    outer loop
      vertex -33.9217 -51.1904 14
      vertex -33.6082 -51.0606 20
      vertex -33.9217 -51.1904 20
    endloop
  endfacet
  facet normal 0.382543 -0.923938 0
    outer loop
      vertex -33.6082 -51.0606 20
      vertex -33.9217 -51.1904 14
      vertex -33.6082 -51.0606 14
    endloop
  endfacet
  facet normal 0 0 1
    outer loop
      vertex -32.016 -51.9798 14
      vertex -32.016 -52.6527 14
      vertex -31.9717 -52.3163 14
    endloop
  endfacet
  facet normal 0 0 1
    outer loop
      vertex -32.1459 -51.6663 14
      vertex -32.016 -52.6527 14
      vertex -32.016 -51.9798 14
    endloop
  endfacet
  facet normal 0 0 1
    outer loop
      vertex -32.1459 -51.6663 14
      vertex -32.1459 -52.9663 14
      vertex -32.016 -52.6527 14
    endloop
  endfacet
  facet normal 0 0 1
    outer loop
      vertex -32.3525 -51.397 14
      vertex -32.1459 -52.9663 14
      vertex -32.1459 -51.6663 14
    endloop
  endfacet
  facet normal 0 0 1
    outer loop
      vertex -32.3525 -51.397 14
      vertex -32.3525 -53.2355 14
      vertex -32.1459 -52.9663 14
    endloop
  endfacet
  facet normal 0 0 1
    outer loop
      vertex -32.6217 -51.1904 14
      vertex -32.3525 -53.2355 14
      vertex -32.3525 -51.397 14
    endloop
  endfacet
  facet normal 0 0 1
    outer loop
      vertex -32.6217 -51.1904 14
      vertex -32.6217 -53.4421 14
      vertex -32.3525 -53.2355 14
    endloop
  endfacet
  facet normal 0 0 1
    outer loop
      vertex -32.9353 -51.0606 14
      vertex -32.6217 -53.4421 14
      vertex -32.6217 -51.1904 14
    endloop
  endfacet
  facet normal 0 0 1
    outer loop
      vertex -32.9353 -51.0606 14
      vertex -32.9353 -53.572 14
      vertex -32.6217 -53.4421 14
    endloop
  endfacet
  facet normal 0 0 1
    outer loop
      vertex -33.2717 -51.0163 14
      vertex -32.9353 -53.572 14
      vertex -32.9353 -51.0606 14
    endloop
  endfacet
  facet normal 0 0 1
    outer loop
      vertex -33.2717 -51.0163 14
      vertex -33.2717 -53.6163 14
      vertex -32.9353 -53.572 14
    endloop
  endfacet
  facet normal -0 0 1
    outer loop
      vertex -33.6082 -51.0606 14
      vertex -33.2717 -53.6163 14
      vertex -33.2717 -51.0163 14
    endloop
  endfacet
  facet normal 0 0 1
    outer loop
      vertex -33.6082 -51.0606 14
      vertex -33.6082 -53.572 14
      vertex -33.2717 -53.6163 14
    endloop
  endfacet
  facet normal -0 0 1
    outer loop
      vertex -33.9217 -51.1904 14
      vertex -33.6082 -53.572 14
      vertex -33.6082 -51.0606 14
    endloop
  endfacet
  facet normal 0 0 1
    outer loop
      vertex -33.9217 -51.1904 14
      vertex -33.9217 -53.4421 14
      vertex -33.6082 -53.572 14
    endloop
  endfacet
  facet normal -0 0 1
    outer loop
      vertex -34.191 -51.397 14
      vertex -33.9217 -53.4421 14
      vertex -33.9217 -51.1904 14
    endloop
  endfacet
  facet normal 0 0 1
    outer loop
      vertex -34.191 -51.397 14
      vertex -34.191 -53.2355 14
      vertex -33.9217 -53.4421 14
    endloop
  endfacet
  facet normal -0 0 1
    outer loop
      vertex -34.3976 -51.6663 14
      vertex -34.191 -53.2355 14
      vertex -34.191 -51.397 14
    endloop
  endfacet
  facet normal 0 0 1
    outer loop
      vertex -34.3976 -51.6663 14
      vertex -34.3976 -52.9663 14
      vertex -34.191 -53.2355 14
    endloop
  endfacet
  facet normal -0 0 1
    outer loop
      vertex -34.5274 -51.9798 14
      vertex -34.3976 -52.9663 14
      vertex -34.3976 -51.6663 14
    endloop
  endfacet
  facet normal 0 0 1
    outer loop
      vertex -34.5274 -51.9798 14
      vertex -34.5274 -52.6527 14
      vertex -34.3976 -52.9663 14
    endloop
  endfacet
  facet normal 0 -0 1
    outer loop
      vertex -34.5274 -52.6527 14
      vertex -34.5274 -51.9798 14
      vertex -34.5717 -52.3163 14
    endloop
  endfacet
  facet normal -0.38269 0.923877 0
    outer loop
      vertex -32.6217 -53.4421 14
      vertex -32.9353 -53.572 20
      vertex -32.6217 -53.4421 20
    endloop
  endfacet
  facet normal -0.38269 0.923877 0
    outer loop
      vertex -32.9353 -53.572 20
      vertex -32.6217 -53.4421 14
      vertex -32.9353 -53.572 14
    endloop
  endfacet
  facet normal 0.991445 -0.130523 0
    outer loop
      vertex -34.5717 -52.3163 20
      vertex -34.5274 -51.9798 14
      vertex -34.5274 -51.9798 20
    endloop
  endfacet
  facet normal 0.991445 -0.130523 0
    outer loop
      vertex -34.5274 -51.9798 14
      vertex -34.5717 -52.3163 20
      vertex -34.5717 -52.3163 14
    endloop
  endfacet
  facet normal 0.923981 0.382439 0
    outer loop
      vertex -34.3976 -52.9663 20
      vertex -34.5274 -52.6527 14
      vertex -34.5274 -52.6527 20
    endloop
  endfacet
  facet normal 0.923981 0.382439 0
    outer loop
      vertex -34.5274 -52.6527 14
      vertex -34.3976 -52.9663 20
      vertex -34.3976 -52.9663 14
    endloop
  endfacet
  facet normal 0.793412 -0.608685 0
    outer loop
      vertex -34.3976 -51.6663 20
      vertex -34.191 -51.397 14
      vertex -34.191 -51.397 20
    endloop
  endfacet
  facet normal 0.793412 -0.608685 0
    outer loop
      vertex -34.191 -51.397 14
      vertex -34.3976 -51.6663 20
      vertex -34.3976 -51.6663 14
    endloop
  endfacet
  facet normal -0.130561 -0.99144 0
    outer loop
      vertex -33.2717 -51.0163 14
      vertex -32.9353 -51.0606 20
      vertex -33.2717 -51.0163 20
    endloop
  endfacet
  facet normal -0.130561 -0.99144 -0
    outer loop
      vertex -32.9353 -51.0606 20
      vertex -33.2717 -51.0163 14
      vertex -32.9353 -51.0606 14
    endloop
  endfacet
  facet normal 0.130523 -0.991445 0
    outer loop
      vertex -33.6082 -51.0606 14
      vertex -33.2717 -51.0163 20
      vertex -33.6082 -51.0606 20
    endloop
  endfacet
  facet normal 0.130523 -0.991445 0
    outer loop
      vertex -33.2717 -51.0163 20
      vertex -33.6082 -51.0606 14
      vertex -33.2717 -51.0163 14
    endloop
  endfacet
  facet normal 0.608685 0.793412 -0
    outer loop
      vertex -33.9217 -53.4421 14
      vertex -34.191 -53.2355 20
      vertex -33.9217 -53.4421 20
    endloop
  endfacet
  facet normal 0.608685 0.793412 0
    outer loop
      vertex -34.191 -53.2355 20
      vertex -33.9217 -53.4421 14
      vertex -34.191 -53.2355 14
    endloop
  endfacet
  facet normal 0.382794 0.923834 -0
    outer loop
      vertex -33.6082 -53.572 14
      vertex -33.9217 -53.4421 20
      vertex -33.6082 -53.572 20
    endloop
  endfacet
  facet normal 0.382794 0.923834 0
    outer loop
      vertex -33.9217 -53.4421 20
      vertex -33.6082 -53.572 14
      vertex -33.9217 -53.4421 14
    endloop
  endfacet
  facet normal 0.99144 0.130561 0
    outer loop
      vertex -34.5274 -52.6527 20
      vertex -34.5717 -52.3163 14
      vertex -34.5717 -52.3163 20
    endloop
  endfacet
  facet normal 0.99144 0.130561 0
    outer loop
      vertex -34.5717 -52.3163 14
      vertex -34.5274 -52.6527 20
      vertex -34.5274 -52.6527 14
    endloop
  endfacet
  facet normal -0.130561 0.99144 0
    outer loop
      vertex -32.9353 -53.572 14
      vertex -33.2717 -53.6163 20
      vertex -32.9353 -53.572 20
    endloop
  endfacet
  facet normal -0.130561 0.99144 0
    outer loop
      vertex -33.2717 -53.6163 20
      vertex -32.9353 -53.572 14
      vertex -33.2717 -53.6163 14
    endloop
  endfacet
  facet normal 0.956146 -0.0312972 0.291212
    outer loop
      vertex -49 0 0.299988
      vertex -48.8951 3.20475 0.299988
      vertex -55 0 20
    endloop
  endfacet
  facet normal 0.956147 -0.0313119 0.29121
    outer loop
      vertex -48.8951 3.20475 0.299988
      vertex -54.8822 3.59717 20
      vertex -55 0 20
    endloop
  endfacet
  facet normal 0.999465 -0.0327151 0
    outer loop
      vertex -49 0 0.299988
      vertex -48.8951 3.20475 -0.199997
      vertex -48.8951 3.20475 0.299988
    endloop
  endfacet
  facet normal 0.999465 -0.0327151 0
    outer loop
      vertex -48.8951 3.20475 -0.199997
      vertex -49 0 0.299988
      vertex -49 0 -0.199997
    endloop
  endfacet
  facet normal 0 0 -1
    outer loop
      vertex 49 0 -0.199997
      vertex 67 0 -0.199997
      vertex 66.8565 -4.38201 -0.199997
    endloop
  endfacet
  facet normal 0 0 -1
    outer loop
      vertex 48.8951 -3.20475 -0.199997
      vertex 66.8565 -4.38201 -0.199997
      vertex 66.4268 -8.74525 -0.199997
    endloop
  endfacet
  facet normal 0 0 -1
    outer loop
      vertex 67 0 -0.199997
      vertex 49 0 -0.199997
      vertex 66.8565 4.38201 -0.199997
    endloop
  endfacet
  facet normal 0 0 -1
    outer loop
      vertex 48.5808 -6.39578 -0.199997
      vertex 66.4268 -8.74525 -0.199997
      vertex 65.7126 -13.0711 -0.199997
    endloop
  endfacet
  facet normal 0 0 -1
    outer loop
      vertex 48.8951 3.20475 -0.199997
      vertex 66.8565 4.38201 -0.199997
      vertex 49 0 -0.199997
    endloop
  endfacet
  facet normal 0 0 -1
    outer loop
      vertex 48.0585 -9.55943 -0.199997
      vertex 65.7126 -13.0711 -0.199997
      vertex 64.717 -17.3409 -0.199997
    endloop
  endfacet
  facet normal -0 0 -1
    outer loop
      vertex 66.8565 4.38201 -0.199997
      vertex 48.8951 3.20475 -0.199997
      vertex 66.4268 8.74525 -0.199997
    endloop
  endfacet
  facet normal 0 0 -1
    outer loop
      vertex 47.3304 -12.6821 -0.199997
      vertex 64.717 -17.3409 -0.199997
      vertex 63.4443 -21.5364 -0.199997
    endloop
  endfacet
  facet normal 0 0 -1
    outer loop
      vertex 48.5808 6.39578 -0.199997
      vertex 66.4268 8.74525 -0.199997
      vertex 48.8951 3.20475 -0.199997
    endloop
  endfacet
  facet normal 0 0 -1
    outer loop
      vertex 46.3996 -15.7505 -0.199997
      vertex 63.4443 -21.5364 -0.199997
      vertex 61.8999 -25.6398 -0.199997
    endloop
  endfacet
  facet normal -0 0 -1
    outer loop
      vertex 66.4268 8.74525 -0.199997
      vertex 48.5808 6.39578 -0.199997
      vertex 65.7126 13.0711 -0.199997
    endloop
  endfacet
  facet normal 0 0 -1
    outer loop
      vertex 45.2701 -18.7515 -0.199997
      vertex 61.8999 -25.6398 -0.199997
      vertex 60.0905 -29.6333 -0.199997
    endloop
  endfacet
  facet normal 0 0 -1
    outer loop
      vertex 48.0585 9.55943 -0.199997
      vertex 65.7126 13.0711 -0.199997
      vertex 48.5808 6.39578 -0.199997
    endloop
  endfacet
  facet normal 0 0 -1
    outer loop
      vertex 43.9468 -21.6721 -0.199997
      vertex 60.0905 -29.6333 -0.199997
      vertex 58.0237 -33.5 -0.199997
    endloop
  endfacet
  facet normal -0 0 -1
    outer loop
      vertex 65.7126 13.0711 -0.199997
      vertex 48.0585 9.55943 -0.199997
      vertex 64.717 17.3409 -0.199997
    endloop
  endfacet
  facet normal 0 0 -1
    outer loop
      vertex 42.4352 -24.5 -0.199997
      vertex 58.0237 -33.5 -0.199997
      vertex 55.7085 -37.2232 -0.199997
    endloop
  endfacet
  facet normal 0 0 -1
    outer loop
      vertex 47.3304 12.6821 -0.199997
      vertex 64.717 17.3409 -0.199997
      vertex 48.0585 9.55943 -0.199997
    endloop
  endfacet
  facet normal 0 0 -1
    outer loop
      vertex 40.742 -27.2229 -0.199997
      vertex 55.7085 -37.2232 -0.199997
      vertex 53.1547 -40.787 -0.199997
    endloop
  endfacet
  facet normal -0 0 -1
    outer loop
      vertex 64.717 17.3409 -0.199997
      vertex 47.3304 12.6821 -0.199997
      vertex 63.4443 21.5364 -0.199997
    endloop
  endfacet
  facet normal 0 0 -1
    outer loop
      vertex 38.8743 -29.8293 -0.199997
      vertex 53.1547 -40.787 -0.199997
      vertex 50.3733 -44.1762 -0.199997
    endloop
  endfacet
  facet normal 0 0 -1
    outer loop
      vertex 46.3996 15.7505 -0.199997
      vertex 63.4443 21.5364 -0.199997
      vertex 47.3304 12.6821 -0.199997
    endloop
  endfacet
  facet normal -0 0 -1
    outer loop
      vertex 63.4443 21.5364 -0.199997
      vertex 46.3996 15.7505 -0.199997
      vertex 61.8999 25.6398 -0.199997
    endloop
  endfacet
  facet normal 0 0 -1
    outer loop
      vertex 66.8565 -4.38201 -0.199997
      vertex 48.8951 -3.20475 -0.199997
      vertex 49 0 -0.199997
    endloop
  endfacet
  facet normal 0 0 -1
    outer loop
      vertex 66.4268 -8.74525 -0.199997
      vertex 48.5808 -6.39578 -0.199997
      vertex 48.8951 -3.20475 -0.199997
    endloop
  endfacet
  facet normal 0 0 -1
    outer loop
      vertex 65.7126 -13.0711 -0.199997
      vertex 48.0585 -9.55943 -0.199997
      vertex 48.5808 -6.39578 -0.199997
    endloop
  endfacet
  facet normal 0 0 -1
    outer loop
      vertex 36.8401 -32.3079 -0.199997
      vertex 50.3733 -44.1762 -0.199997
      vertex 47.3762 -47.3762 -0.199997
    endloop
  endfacet
  facet normal 0 0 -1
    outer loop
      vertex 64.717 -17.3409 -0.199997
      vertex 47.3304 -12.6821 -0.199997
      vertex 48.0585 -9.55943 -0.199997
    endloop
  endfacet
  facet normal 0 0 -1
    outer loop
      vertex 63.4443 -21.5364 -0.199997
      vertex 46.3996 -15.7505 -0.199997
      vertex 47.3304 -12.6821 -0.199997
    endloop
  endfacet
  facet normal 0 0 -1
    outer loop
      vertex 61.8999 -25.6398 -0.199997
      vertex 45.2701 -18.7515 -0.199997
      vertex 46.3996 -15.7505 -0.199997
    endloop
  endfacet
  facet normal 0 0 -1
    outer loop
      vertex 34.6482 -34.6482 -0.199997
      vertex 47.3762 -47.3762 -0.199997
      vertex 44.1762 -50.3733 -0.199997
    endloop
  endfacet
  facet normal 0 0 -1
    outer loop
      vertex 60.0905 -29.6333 -0.199997
      vertex 43.9468 -21.6721 -0.199997
      vertex 45.2701 -18.7515 -0.199997
    endloop
  endfacet
  facet normal 0 0 -1
    outer loop
      vertex 58.0237 -33.5 -0.199997
      vertex 42.4352 -24.5 -0.199997
      vertex 43.9468 -21.6721 -0.199997
    endloop
  endfacet
  facet normal 0 0 -1
    outer loop
      vertex 32.3079 -36.8401 -0.199997
      vertex 44.1762 -50.3733 -0.199997
      vertex 40.787 -53.1547 -0.199997
    endloop
  endfacet
  facet normal 0 0 -1
    outer loop
      vertex 55.7085 -37.2232 -0.199997
      vertex 40.742 -27.2229 -0.199997
      vertex 42.4352 -24.5 -0.199997
    endloop
  endfacet
  facet normal 0 0 -1
    outer loop
      vertex 53.1547 -40.787 -0.199997
      vertex 38.8743 -29.8293 -0.199997
      vertex 40.742 -27.2229 -0.199997
    endloop
  endfacet
  facet normal 0 0 -1
    outer loop
      vertex 29.8293 -38.8743 -0.199997
      vertex 40.787 -53.1547 -0.199997
      vertex 37.2232 -55.7085 -0.199997
    endloop
  endfacet
  facet normal 0 0 -1
    outer loop
      vertex 50.3733 -44.1762 -0.199997
      vertex 36.8401 -32.3079 -0.199997
      vertex 38.8743 -29.8293 -0.199997
    endloop
  endfacet
  facet normal 0 0 -1
    outer loop
      vertex 47.3762 -47.3762 -0.199997
      vertex 34.6482 -34.6482 -0.199997
      vertex 36.8401 -32.3079 -0.199997
    endloop
  endfacet
  facet normal 0 0 -1
    outer loop
      vertex 27.2229 -40.742 -0.199997
      vertex 37.2232 -55.7085 -0.199997
      vertex 33.5 -58.0237 -0.199997
    endloop
  endfacet
  facet normal 0 0 -1
    outer loop
      vertex 44.1762 -50.3733 -0.199997
      vertex 32.3079 -36.8401 -0.199997
      vertex 34.6482 -34.6482 -0.199997
    endloop
  endfacet
  facet normal 0 0 -1
    outer loop
      vertex 40.787 -53.1547 -0.199997
      vertex 29.8293 -38.8743 -0.199997
      vertex 32.3079 -36.8401 -0.199997
    endloop
  endfacet
  facet normal 0 0 -1
    outer loop
      vertex 24.5 -42.4352 -0.199997
      vertex 33.5 -58.0237 -0.199997
      vertex 29.6333 -60.0905 -0.199997
    endloop
  endfacet
  facet normal 0 0 -1
    outer loop
      vertex 37.2232 -55.7085 -0.199997
      vertex 27.2229 -40.742 -0.199997
      vertex 29.8293 -38.8743 -0.199997
    endloop
  endfacet
  facet normal 0 0 -1
    outer loop
      vertex 21.6721 -43.9468 -0.199997
      vertex 29.6333 -60.0905 -0.199997
      vertex 25.6398 -61.8999 -0.199997
    endloop
  endfacet
  facet normal 0 0 -1
    outer loop
      vertex 33.5 -58.0237 -0.199997
      vertex 24.5 -42.4352 -0.199997
      vertex 27.2229 -40.742 -0.199997
    endloop
  endfacet
  facet normal 0 0 -1
    outer loop
      vertex 29.6333 -60.0905 -0.199997
      vertex 21.6721 -43.9468 -0.199997
      vertex 24.5 -42.4352 -0.199997
    endloop
  endfacet
  facet normal 0 0 -1
    outer loop
      vertex 18.7515 -45.2701 -0.199997
      vertex 25.6398 -61.8999 -0.199997
      vertex 21.5364 -63.4443 -0.199997
    endloop
  endfacet
  facet normal 0 0 -1
    outer loop
      vertex 25.6398 -61.8999 -0.199997
      vertex 18.7515 -45.2701 -0.199997
      vertex 21.6721 -43.9468 -0.199997
    endloop
  endfacet
  facet normal 0 0 -1
    outer loop
      vertex 15.7505 -46.3996 -0.199997
      vertex 21.5364 -63.4443 -0.199997
      vertex 17.3409 -64.717 -0.199997
    endloop
  endfacet
  facet normal 0 0 -1
    outer loop
      vertex 21.5364 -63.4443 -0.199997
      vertex 15.7505 -46.3996 -0.199997
      vertex 18.7515 -45.2701 -0.199997
    endloop
  endfacet
  facet normal 0 0 -1
    outer loop
      vertex 12.6821 -47.3304 -0.199997
      vertex 17.3409 -64.717 -0.199997
      vertex 13.0711 -65.7126 -0.199997
    endloop
  endfacet
  facet normal 0 0 -1
    outer loop
      vertex 17.3409 -64.717 -0.199997
      vertex 12.6821 -47.3304 -0.199997
      vertex 15.7505 -46.3996 -0.199997
    endloop
  endfacet
  facet normal 0 0 -1
    outer loop
      vertex 13.0711 -65.7126 -0.199997
      vertex 9.55943 -48.0585 -0.199997
      vertex 12.6821 -47.3304 -0.199997
    endloop
  endfacet
  facet normal 0 0 -1
    outer loop
      vertex 8.74525 -66.4268 -0.199997
      vertex 9.55943 -48.0585 -0.199997
      vertex 13.0711 -65.7126 -0.199997
    endloop
  endfacet
  facet normal 0 0 -1
    outer loop
      vertex 8.74525 -66.4268 -0.199997
      vertex 6.39578 -48.5808 -0.199997
      vertex 9.55943 -48.0585 -0.199997
    endloop
  endfacet
  facet normal 0 0 -1
    outer loop
      vertex 4.38201 -66.8565 -0.199997
      vertex 6.39578 -48.5808 -0.199997
      vertex 8.74525 -66.4268 -0.199997
    endloop
  endfacet
  facet normal 0 0 -1
    outer loop
      vertex 4.38201 -66.8565 -0.199997
      vertex 3.20475 -48.8951 -0.199997
      vertex 6.39578 -48.5808 -0.199997
    endloop
  endfacet
  facet normal 0 0 -1
    outer loop
      vertex 0 -67 -0.199997
      vertex 3.20475 -48.8951 -0.199997
      vertex 4.38201 -66.8565 -0.199997
    endloop
  endfacet
  facet normal 0 0 -1
    outer loop
      vertex 0 -67 -0.199997
      vertex 0 -49 -0.199997
      vertex 3.20475 -48.8951 -0.199997
    endloop
  endfacet
  facet normal 0 0 -1
    outer loop
      vertex 0 -67 -0.199997
      vertex -3.20475 -48.8951 -0.199997
      vertex 0 -49 -0.199997
    endloop
  endfacet
  facet normal 0 0 -1
    outer loop
      vertex -4.38201 -66.8565 -0.199997
      vertex -3.20475 -48.8951 -0.199997
      vertex 0 -67 -0.199997
    endloop
  endfacet
  facet normal 0 0 -1
    outer loop
      vertex -4.38201 -66.8565 -0.199997
      vertex -6.39578 -48.5808 -0.199997
      vertex -3.20475 -48.8951 -0.199997
    endloop
  endfacet
  facet normal 0 0 -1
    outer loop
      vertex -8.74525 -66.4268 -0.199997
      vertex -6.39578 -48.5808 -0.199997
      vertex -4.38201 -66.8565 -0.199997
    endloop
  endfacet
  facet normal 0 0 -1
    outer loop
      vertex -8.74525 -66.4268 -0.199997
      vertex -9.55943 -48.0585 -0.199997
      vertex -6.39578 -48.5808 -0.199997
    endloop
  endfacet
  facet normal 0 0 -1
    outer loop
      vertex -13.0711 -65.7126 -0.199997
      vertex -9.55943 -48.0585 -0.199997
      vertex -8.74525 -66.4268 -0.199997
    endloop
  endfacet
  facet normal -0 0 -1
    outer loop
      vertex -9.55943 -48.0585 -0.199997
      vertex -13.0711 -65.7126 -0.199997
      vertex -12.6821 -47.3304 -0.199997
    endloop
  endfacet
  facet normal 0 0 -1
    outer loop
      vertex -17.3409 -64.717 -0.199997
      vertex -12.6821 -47.3304 -0.199997
      vertex -13.0711 -65.7126 -0.199997
    endloop
  endfacet
  facet normal -0 0 -1
    outer loop
      vertex -12.6821 -47.3304 -0.199997
      vertex -17.3409 -64.717 -0.199997
      vertex -15.7505 -46.3996 -0.199997
    endloop
  endfacet
  facet normal 0 0 -1
    outer loop
      vertex -21.5364 -63.4443 -0.199997
      vertex -15.7505 -46.3996 -0.199997
      vertex -17.3409 -64.717 -0.199997
    endloop
  endfacet
  facet normal -0 0 -1
    outer loop
      vertex -15.7505 -46.3996 -0.199997
      vertex -21.5364 -63.4443 -0.199997
      vertex -18.7515 -45.2701 -0.199997
    endloop
  endfacet
  facet normal 0 0 -1
    outer loop
      vertex -25.6398 -61.8999 -0.199997
      vertex -18.7515 -45.2701 -0.199997
      vertex -21.5364 -63.4443 -0.199997
    endloop
  endfacet
  facet normal -0 0 -1
    outer loop
      vertex -18.7515 -45.2701 -0.199997
      vertex -25.6398 -61.8999 -0.199997
      vertex -21.6721 -43.9468 -0.199997
    endloop
  endfacet
  facet normal 0 0 -1
    outer loop
      vertex -29.6333 -60.0905 -0.199997
      vertex -21.6721 -43.9468 -0.199997
      vertex -25.6398 -61.8999 -0.199997
    endloop
  endfacet
  facet normal -0 0 -1
    outer loop
      vertex -21.6721 -43.9468 -0.199997
      vertex -29.6333 -60.0905 -0.199997
      vertex -24.5 -42.4352 -0.199997
    endloop
  endfacet
  facet normal 0 0 -1
    outer loop
      vertex -33.5 -58.0237 -0.199997
      vertex -24.5 -42.4352 -0.199997
      vertex -29.6333 -60.0905 -0.199997
    endloop
  endfacet
  facet normal -0 0 -1
    outer loop
      vertex -24.5 -42.4352 -0.199997
      vertex -33.5 -58.0237 -0.199997
      vertex -27.2229 -40.742 -0.199997
    endloop
  endfacet
  facet normal 0 0 -1
    outer loop
      vertex -37.2232 -55.7085 -0.199997
      vertex -27.2229 -40.742 -0.199997
      vertex -33.5 -58.0237 -0.199997
    endloop
  endfacet
  facet normal -0 0 -1
    outer loop
      vertex -27.2229 -40.742 -0.199997
      vertex -37.2232 -55.7085 -0.199997
      vertex -29.8293 -38.8743 -0.199997
    endloop
  endfacet
  facet normal 0 0 -1
    outer loop
      vertex -40.787 -53.1547 -0.199997
      vertex -29.8293 -38.8743 -0.199997
      vertex -37.2232 -55.7085 -0.199997
    endloop
  endfacet
  facet normal -0 0 -1
    outer loop
      vertex -29.8293 -38.8743 -0.199997
      vertex -40.787 -53.1547 -0.199997
      vertex -32.3079 -36.8401 -0.199997
    endloop
  endfacet
  facet normal 0 0 -1
    outer loop
      vertex -44.1762 -50.3733 -0.199997
      vertex -32.3079 -36.8401 -0.199997
      vertex -40.787 -53.1547 -0.199997
    endloop
  endfacet
  facet normal -0 0 -1
    outer loop
      vertex -32.3079 -36.8401 -0.199997
      vertex -44.1762 -50.3733 -0.199997
      vertex -34.6482 -34.6482 -0.199997
    endloop
  endfacet
  facet normal 0 0 -1
    outer loop
      vertex -47.3762 -47.3762 -0.199997
      vertex -34.6482 -34.6482 -0.199997
      vertex -44.1762 -50.3733 -0.199997
    endloop
  endfacet
  facet normal -0 0 -1
    outer loop
      vertex -34.6482 -34.6482 -0.199997
      vertex -47.3762 -47.3762 -0.199997
      vertex -36.8401 -32.3079 -0.199997
    endloop
  endfacet
  facet normal 0 0 -1
    outer loop
      vertex -50.3733 -44.1762 -0.199997
      vertex -36.8401 -32.3079 -0.199997
      vertex -47.3762 -47.3762 -0.199997
    endloop
  endfacet
  facet normal -0 0 -1
    outer loop
      vertex -36.8401 -32.3079 -0.199997
      vertex -50.3733 -44.1762 -0.199997
      vertex -38.8743 -29.8293 -0.199997
    endloop
  endfacet
  facet normal 0 0 -1
    outer loop
      vertex -53.1547 -40.787 -0.199997
      vertex -38.8743 -29.8293 -0.199997
      vertex -50.3733 -44.1762 -0.199997
    endloop
  endfacet
  facet normal -0 0 -1
    outer loop
      vertex -38.8743 -29.8293 -0.199997
      vertex -53.1547 -40.787 -0.199997
      vertex -40.742 -27.2229 -0.199997
    endloop
  endfacet
  facet normal 0 0 -1
    outer loop
      vertex -55.7085 -37.2232 -0.199997
      vertex -40.742 -27.2229 -0.199997
      vertex -53.1547 -40.787 -0.199997
    endloop
  endfacet
  facet normal -0 0 -1
    outer loop
      vertex -40.742 -27.2229 -0.199997
      vertex -55.7085 -37.2232 -0.199997
      vertex -42.4352 -24.5 -0.199997
    endloop
  endfacet
  facet normal 0 0 -1
    outer loop
      vertex -58.0237 -33.5 -0.199997
      vertex -42.4352 -24.5 -0.199997
      vertex -55.7085 -37.2232 -0.199997
    endloop
  endfacet
  facet normal -0 0 -1
    outer loop
      vertex -42.4352 -24.5 -0.199997
      vertex -58.0237 -33.5 -0.199997
      vertex -43.9468 -21.6721 -0.199997
    endloop
  endfacet
  facet normal 0 0 -1
    outer loop
      vertex -60.0905 -29.6333 -0.199997
      vertex -43.9468 -21.6721 -0.199997
      vertex -58.0237 -33.5 -0.199997
    endloop
  endfacet
  facet normal -0 0 -1
    outer loop
      vertex -43.9468 -21.6721 -0.199997
      vertex -60.0905 -29.6333 -0.199997
      vertex -45.2701 -18.7515 -0.199997
    endloop
  endfacet
  facet normal -0 0 -1
    outer loop
      vertex -45.2701 -18.7515 -0.199997
      vertex -61.8999 -25.6398 -0.199997
      vertex -46.3996 -15.7505 -0.199997
    endloop
  endfacet
  facet normal 0 0 -1
    outer loop
      vertex -61.8999 -25.6398 -0.199997
      vertex -45.2701 -18.7515 -0.199997
      vertex -60.0905 -29.6333 -0.199997
    endloop
  endfacet
  facet normal 0 0 -1
    outer loop
      vertex 45.2701 18.7515 -0.199997
      vertex 61.8999 25.6398 -0.199997
      vertex 46.3996 15.7505 -0.199997
    endloop
  endfacet
  facet normal -0 0 -1
    outer loop
      vertex 61.8999 25.6398 -0.199997
      vertex 45.2701 18.7515 -0.199997
      vertex 60.0905 29.6333 -0.199997
    endloop
  endfacet
  facet normal 0 0 -1
    outer loop
      vertex 43.9468 21.6721 -0.199997
      vertex 60.0905 29.6333 -0.199997
      vertex 45.2701 18.7515 -0.199997
    endloop
  endfacet
  facet normal -0 0 -1
    outer loop
      vertex 60.0905 29.6333 -0.199997
      vertex 43.9468 21.6721 -0.199997
      vertex 58.0237 33.5 -0.199997
    endloop
  endfacet
  facet normal 0 0 -1
    outer loop
      vertex 42.4352 24.5 -0.199997
      vertex 58.0237 33.5 -0.199997
      vertex 43.9468 21.6721 -0.199997
    endloop
  endfacet
  facet normal -0 0 -1
    outer loop
      vertex 58.0237 33.5 -0.199997
      vertex 42.4352 24.5 -0.199997
      vertex 55.7085 37.2232 -0.199997
    endloop
  endfacet
  facet normal 0 0 -1
    outer loop
      vertex 40.742 27.2229 -0.199997
      vertex 55.7085 37.2232 -0.199997
      vertex 42.4352 24.5 -0.199997
    endloop
  endfacet
  facet normal -0 0 -1
    outer loop
      vertex 55.7085 37.2232 -0.199997
      vertex 40.742 27.2229 -0.199997
      vertex 53.1547 40.787 -0.199997
    endloop
  endfacet
  facet normal 0 0 -1
    outer loop
      vertex 38.8743 29.8293 -0.199997
      vertex 53.1547 40.787 -0.199997
      vertex 40.742 27.2229 -0.199997
    endloop
  endfacet
  facet normal -0 0 -1
    outer loop
      vertex 53.1547 40.787 -0.199997
      vertex 38.8743 29.8293 -0.199997
      vertex 50.3733 44.1762 -0.199997
    endloop
  endfacet
  facet normal 0 0 -1
    outer loop
      vertex 36.8401 32.3079 -0.199997
      vertex 50.3733 44.1762 -0.199997
      vertex 38.8743 29.8293 -0.199997
    endloop
  endfacet
  facet normal -0 0 -1
    outer loop
      vertex 50.3733 44.1762 -0.199997
      vertex 36.8401 32.3079 -0.199997
      vertex 47.3762 47.3762 -0.199997
    endloop
  endfacet
  facet normal 0 0 -1
    outer loop
      vertex 34.6482 34.6482 -0.199997
      vertex 47.3762 47.3762 -0.199997
      vertex 36.8401 32.3079 -0.199997
    endloop
  endfacet
  facet normal -0 0 -1
    outer loop
      vertex 47.3762 47.3762 -0.199997
      vertex 34.6482 34.6482 -0.199997
      vertex 44.1762 50.3733 -0.199997
    endloop
  endfacet
  facet normal 0 0 -1
    outer loop
      vertex 32.3079 36.8401 -0.199997
      vertex 44.1762 50.3733 -0.199997
      vertex 34.6482 34.6482 -0.199997
    endloop
  endfacet
  facet normal -0 0 -1
    outer loop
      vertex 44.1762 50.3733 -0.199997
      vertex 32.3079 36.8401 -0.199997
      vertex 40.787 53.1547 -0.199997
    endloop
  endfacet
  facet normal 0 0 -1
    outer loop
      vertex 29.8293 38.8743 -0.199997
      vertex 40.787 53.1547 -0.199997
      vertex 32.3079 36.8401 -0.199997
    endloop
  endfacet
  facet normal -0 0 -1
    outer loop
      vertex 40.787 53.1547 -0.199997
      vertex 29.8293 38.8743 -0.199997
      vertex 37.2232 55.7085 -0.199997
    endloop
  endfacet
  facet normal 0 0 -1
    outer loop
      vertex 27.2229 40.742 -0.199997
      vertex 37.2232 55.7085 -0.199997
      vertex 29.8293 38.8743 -0.199997
    endloop
  endfacet
  facet normal -0 0 -1
    outer loop
      vertex 37.2232 55.7085 -0.199997
      vertex 27.2229 40.742 -0.199997
      vertex 33.5 58.0237 -0.199997
    endloop
  endfacet
  facet normal 0 0 -1
    outer loop
      vertex 24.5 42.4352 -0.199997
      vertex 33.5 58.0237 -0.199997
      vertex 27.2229 40.742 -0.199997
    endloop
  endfacet
  facet normal -0 0 -1
    outer loop
      vertex 33.5 58.0237 -0.199997
      vertex 24.5 42.4352 -0.199997
      vertex 29.6333 60.0905 -0.199997
    endloop
  endfacet
  facet normal 0 0 -1
    outer loop
      vertex 21.6721 43.9468 -0.199997
      vertex 29.6333 60.0905 -0.199997
      vertex 24.5 42.4352 -0.199997
    endloop
  endfacet
  facet normal -0 0 -1
    outer loop
      vertex 29.6333 60.0905 -0.199997
      vertex 21.6721 43.9468 -0.199997
      vertex 25.6398 61.8999 -0.199997
    endloop
  endfacet
  facet normal 0 0 -1
    outer loop
      vertex 18.7515 45.2701 -0.199997
      vertex 25.6398 61.8999 -0.199997
      vertex 21.6721 43.9468 -0.199997
    endloop
  endfacet
  facet normal -0 0 -1
    outer loop
      vertex 25.6398 61.8999 -0.199997
      vertex 18.7515 45.2701 -0.199997
      vertex 21.5364 63.4443 -0.199997
    endloop
  endfacet
  facet normal 0 0 -1
    outer loop
      vertex 15.7505 46.3996 -0.199997
      vertex 21.5364 63.4443 -0.199997
      vertex 18.7515 45.2701 -0.199997
    endloop
  endfacet
  facet normal -0 0 -1
    outer loop
      vertex 21.5364 63.4443 -0.199997
      vertex 15.7505 46.3996 -0.199997
      vertex 17.3409 64.717 -0.199997
    endloop
  endfacet
  facet normal 0 0 -1
    outer loop
      vertex 12.6821 47.3304 -0.199997
      vertex 17.3409 64.717 -0.199997
      vertex 15.7505 46.3996 -0.199997
    endloop
  endfacet
  facet normal -0 0 -1
    outer loop
      vertex 17.3409 64.717 -0.199997
      vertex 12.6821 47.3304 -0.199997
      vertex 13.0711 65.7126 -0.199997
    endloop
  endfacet
  facet normal 0 0 -1
    outer loop
      vertex 9.55943 48.0585 -0.199997
      vertex 13.0711 65.7126 -0.199997
      vertex 12.6821 47.3304 -0.199997
    endloop
  endfacet
  facet normal 0 0 -1
    outer loop
      vertex 9.55943 48.0585 -0.199997
      vertex 8.74525 66.4268 -0.199997
      vertex 13.0711 65.7126 -0.199997
    endloop
  endfacet
  facet normal 0 0 -1
    outer loop
      vertex 6.39578 48.5808 -0.199997
      vertex 8.74525 66.4268 -0.199997
      vertex 9.55943 48.0585 -0.199997
    endloop
  endfacet
  facet normal 0 0 -1
    outer loop
      vertex 6.39578 48.5808 -0.199997
      vertex 4.38201 66.8565 -0.199997
      vertex 8.74525 66.4268 -0.199997
    endloop
  endfacet
  facet normal 0 0 -1
    outer loop
      vertex 3.20475 48.8951 -0.199997
      vertex 4.38201 66.8565 -0.199997
      vertex 6.39578 48.5808 -0.199997
    endloop
  endfacet
  facet normal 0 0 -1
    outer loop
      vertex 0 49 -0.199997
      vertex 4.38201 66.8565 -0.199997
      vertex 3.20475 48.8951 -0.199997
    endloop
  endfacet
  facet normal 0 0 -1
    outer loop
      vertex 0 49 -0.199997
      vertex 0 67 -0.199997
      vertex 4.38201 66.8565 -0.199997
    endloop
  endfacet
  facet normal 0 0 -1
    outer loop
      vertex -3.20475 48.8951 -0.199997
      vertex 0 67 -0.199997
      vertex 0 49 -0.199997
    endloop
  endfacet
  facet normal 0 0 -1
    outer loop
      vertex -3.20475 48.8951 -0.199997
      vertex -4.38201 66.8565 -0.199997
      vertex 0 67 -0.199997
    endloop
  endfacet
  facet normal 0 0 -1
    outer loop
      vertex -6.39578 48.5808 -0.199997
      vertex -4.38201 66.8565 -0.199997
      vertex -3.20475 48.8951 -0.199997
    endloop
  endfacet
  facet normal 0 0 -1
    outer loop
      vertex -6.39578 48.5808 -0.199997
      vertex -8.74525 66.4268 -0.199997
      vertex -4.38201 66.8565 -0.199997
    endloop
  endfacet
  facet normal 0 0 -1
    outer loop
      vertex -9.55943 48.0585 -0.199997
      vertex -8.74525 66.4268 -0.199997
      vertex -6.39578 48.5808 -0.199997
    endloop
  endfacet
  facet normal 0 0 -1
    outer loop
      vertex -13.0711 65.7126 -0.199997
      vertex -9.55943 48.0585 -0.199997
      vertex -12.6821 47.3304 -0.199997
    endloop
  endfacet
  facet normal 0 0 -1
    outer loop
      vertex -9.55943 48.0585 -0.199997
      vertex -13.0711 65.7126 -0.199997
      vertex -8.74525 66.4268 -0.199997
    endloop
  endfacet
  facet normal 0 0 -1
    outer loop
      vertex -17.3409 64.717 -0.199997
      vertex -12.6821 47.3304 -0.199997
      vertex -15.7505 46.3996 -0.199997
    endloop
  endfacet
  facet normal 0 0 -1
    outer loop
      vertex -12.6821 47.3304 -0.199997
      vertex -17.3409 64.717 -0.199997
      vertex -13.0711 65.7126 -0.199997
    endloop
  endfacet
  facet normal 0 0 -1
    outer loop
      vertex -21.5364 63.4443 -0.199997
      vertex -15.7505 46.3996 -0.199997
      vertex -18.7515 45.2701 -0.199997
    endloop
  endfacet
  facet normal 0 0 -1
    outer loop
      vertex -15.7505 46.3996 -0.199997
      vertex -21.5364 63.4443 -0.199997
      vertex -17.3409 64.717 -0.199997
    endloop
  endfacet
  facet normal 0 0 -1
    outer loop
      vertex -25.6398 61.8999 -0.199997
      vertex -18.7515 45.2701 -0.199997
      vertex -21.6721 43.9468 -0.199997
    endloop
  endfacet
  facet normal 0 0 -1
    outer loop
      vertex -29.6333 60.0905 -0.199997
      vertex -21.6721 43.9468 -0.199997
      vertex -24.5 42.4352 -0.199997
    endloop
  endfacet
  facet normal 0 0 -1
    outer loop
      vertex -18.7515 45.2701 -0.199997
      vertex -25.6398 61.8999 -0.199997
      vertex -21.5364 63.4443 -0.199997
    endloop
  endfacet
  facet normal 0 0 -1
    outer loop
      vertex -33.5 58.0237 -0.199997
      vertex -24.5 42.4352 -0.199997
      vertex -27.2229 40.742 -0.199997
    endloop
  endfacet
  facet normal 0 0 -1
    outer loop
      vertex -21.6721 43.9468 -0.199997
      vertex -29.6333 60.0905 -0.199997
      vertex -25.6398 61.8999 -0.199997
    endloop
  endfacet
  facet normal 0 0 -1
    outer loop
      vertex -37.2232 55.7085 -0.199997
      vertex -27.2229 40.742 -0.199997
      vertex -29.8293 38.8743 -0.199997
    endloop
  endfacet
  facet normal 0 0 -1
    outer loop
      vertex -40.787 53.1547 -0.199997
      vertex -29.8293 38.8743 -0.199997
      vertex -32.3079 36.8401 -0.199997
    endloop
  endfacet
  facet normal 0 0 -1
    outer loop
      vertex -24.5 42.4352 -0.199997
      vertex -33.5 58.0237 -0.199997
      vertex -29.6333 60.0905 -0.199997
    endloop
  endfacet
  facet normal 0 0 -1
    outer loop
      vertex -44.1762 50.3733 -0.199997
      vertex -32.3079 36.8401 -0.199997
      vertex -34.6482 34.6482 -0.199997
    endloop
  endfacet
  facet normal 0 0 -1
    outer loop
      vertex -47.3762 47.3762 -0.199997
      vertex -34.6482 34.6482 -0.199997
      vertex -36.8401 32.3079 -0.199997
    endloop
  endfacet
  facet normal 0 0 -1
    outer loop
      vertex -27.2229 40.742 -0.199997
      vertex -37.2232 55.7085 -0.199997
      vertex -33.5 58.0237 -0.199997
    endloop
  endfacet
  facet normal 0 0 -1
    outer loop
      vertex -50.3733 44.1762 -0.199997
      vertex -36.8401 32.3079 -0.199997
      vertex -38.8743 29.8293 -0.199997
    endloop
  endfacet
  facet normal 0 0 -1
    outer loop
      vertex -53.1547 40.787 -0.199997
      vertex -38.8743 29.8293 -0.199997
      vertex -40.742 27.2229 -0.199997
    endloop
  endfacet
  facet normal 0 0 -1
    outer loop
      vertex -29.8293 38.8743 -0.199997
      vertex -40.787 53.1547 -0.199997
      vertex -37.2232 55.7085 -0.199997
    endloop
  endfacet
  facet normal 0 0 -1
    outer loop
      vertex -55.7085 37.2232 -0.199997
      vertex -40.742 27.2229 -0.199997
      vertex -42.4352 24.5 -0.199997
    endloop
  endfacet
  facet normal 0 0 -1
    outer loop
      vertex -58.0237 33.5 -0.199997
      vertex -42.4352 24.5 -0.199997
      vertex -43.9468 21.6721 -0.199997
    endloop
  endfacet
  facet normal 0 0 -1
    outer loop
      vertex -32.3079 36.8401 -0.199997
      vertex -44.1762 50.3733 -0.199997
      vertex -40.787 53.1547 -0.199997
    endloop
  endfacet
  facet normal 0 0 -1
    outer loop
      vertex -60.0905 29.6333 -0.199997
      vertex -43.9468 21.6721 -0.199997
      vertex -45.2701 18.7515 -0.199997
    endloop
  endfacet
  facet normal 0 0 -1
    outer loop
      vertex -61.8999 25.6398 -0.199997
      vertex -45.2701 18.7515 -0.199997
      vertex -46.3996 15.7505 -0.199997
    endloop
  endfacet
  facet normal 0 0 -1
    outer loop
      vertex -63.4443 21.5364 -0.199997
      vertex -46.3996 15.7505 -0.199997
      vertex -47.3304 12.6821 -0.199997
    endloop
  endfacet
  facet normal 0 0 -1
    outer loop
      vertex -34.6482 34.6482 -0.199997
      vertex -47.3762 47.3762 -0.199997
      vertex -44.1762 50.3733 -0.199997
    endloop
  endfacet
  facet normal 0 0 -1
    outer loop
      vertex -64.717 17.3409 -0.199997
      vertex -47.3304 12.6821 -0.199997
      vertex -48.0585 9.55943 -0.199997
    endloop
  endfacet
  facet normal 0 0 -1
    outer loop
      vertex -65.7126 13.0711 -0.199997
      vertex -48.0585 9.55943 -0.199997
      vertex -48.5808 6.39578 -0.199997
    endloop
  endfacet
  facet normal 0 0 -1
    outer loop
      vertex -66.4268 8.74525 -0.199997
      vertex -48.5808 6.39578 -0.199997
      vertex -48.8951 3.20475 -0.199997
    endloop
  endfacet
  facet normal 0 0 -1
    outer loop
      vertex -36.8401 32.3079 -0.199997
      vertex -50.3733 44.1762 -0.199997
      vertex -47.3762 47.3762 -0.199997
    endloop
  endfacet
  facet normal 0 0 -1
    outer loop
      vertex -66.8565 4.38201 -0.199997
      vertex -48.8951 3.20475 -0.199997
      vertex -49 0 -0.199997
    endloop
  endfacet
  facet normal 0 0 -1
    outer loop
      vertex -63.4443 -21.5364 -0.199997
      vertex -46.3996 -15.7505 -0.199997
      vertex -61.8999 -25.6398 -0.199997
    endloop
  endfacet
  facet normal -0 0 -1
    outer loop
      vertex -46.3996 -15.7505 -0.199997
      vertex -63.4443 -21.5364 -0.199997
      vertex -47.3304 -12.6821 -0.199997
    endloop
  endfacet
  facet normal 0 0 -1
    outer loop
      vertex -38.8743 29.8293 -0.199997
      vertex -53.1547 40.787 -0.199997
      vertex -50.3733 44.1762 -0.199997
    endloop
  endfacet
  facet normal 0 0 -1
    outer loop
      vertex -64.717 -17.3409 -0.199997
      vertex -47.3304 -12.6821 -0.199997
      vertex -63.4443 -21.5364 -0.199997
    endloop
  endfacet
  facet normal 0 0 -1
    outer loop
      vertex -40.742 27.2229 -0.199997
      vertex -55.7085 37.2232 -0.199997
      vertex -53.1547 40.787 -0.199997
    endloop
  endfacet
  facet normal -0 0 -1
    outer loop
      vertex -47.3304 -12.6821 -0.199997
      vertex -64.717 -17.3409 -0.199997
      vertex -48.0585 -9.55943 -0.199997
    endloop
  endfacet
  facet normal 0 0 -1
    outer loop
      vertex -42.4352 24.5 -0.199997
      vertex -58.0237 33.5 -0.199997
      vertex -55.7085 37.2232 -0.199997
    endloop
  endfacet
  facet normal 0 0 -1
    outer loop
      vertex -65.7126 -13.0711 -0.199997
      vertex -48.0585 -9.55943 -0.199997
      vertex -64.717 -17.3409 -0.199997
    endloop
  endfacet
  facet normal 0 0 -1
    outer loop
      vertex -43.9468 21.6721 -0.199997
      vertex -60.0905 29.6333 -0.199997
      vertex -58.0237 33.5 -0.199997
    endloop
  endfacet
  facet normal -0 0 -1
    outer loop
      vertex -48.0585 -9.55943 -0.199997
      vertex -65.7126 -13.0711 -0.199997
      vertex -48.5808 -6.39578 -0.199997
    endloop
  endfacet
  facet normal 0 0 -1
    outer loop
      vertex -45.2701 18.7515 -0.199997
      vertex -61.8999 25.6398 -0.199997
      vertex -60.0905 29.6333 -0.199997
    endloop
  endfacet
  facet normal 0 0 -1
    outer loop
      vertex -66.4268 -8.74525 -0.199997
      vertex -48.5808 -6.39578 -0.199997
      vertex -65.7126 -13.0711 -0.199997
    endloop
  endfacet
  facet normal 0 0 -1
    outer loop
      vertex -46.3996 15.7505 -0.199997
      vertex -63.4443 21.5364 -0.199997
      vertex -61.8999 25.6398 -0.199997
    endloop
  endfacet
  facet normal -0 0 -1
    outer loop
      vertex -48.5808 -6.39578 -0.199997
      vertex -66.4268 -8.74525 -0.199997
      vertex -48.8951 -3.20475 -0.199997
    endloop
  endfacet
  facet normal 0 0 -1
    outer loop
      vertex -47.3304 12.6821 -0.199997
      vertex -64.717 17.3409 -0.199997
      vertex -63.4443 21.5364 -0.199997
    endloop
  endfacet
  facet normal 0 0 -1
    outer loop
      vertex -66.8565 -4.38201 -0.199997
      vertex -48.8951 -3.20475 -0.199997
      vertex -66.4268 -8.74525 -0.199997
    endloop
  endfacet
  facet normal 0 0 -1
    outer loop
      vertex -48.0585 9.55943 -0.199997
      vertex -65.7126 13.0711 -0.199997
      vertex -64.717 17.3409 -0.199997
    endloop
  endfacet
  facet normal -0 0 -1
    outer loop
      vertex -48.8951 -3.20475 -0.199997
      vertex -66.8565 -4.38201 -0.199997
      vertex -49 0 -0.199997
    endloop
  endfacet
  facet normal 0 0 -1
    outer loop
      vertex -48.5808 6.39578 -0.199997
      vertex -66.4268 8.74525 -0.199997
      vertex -65.7126 13.0711 -0.199997
    endloop
  endfacet
  facet normal 0 0 -1
    outer loop
      vertex -67 0 -0.199997
      vertex -49 0 -0.199997
      vertex -66.8565 -4.38201 -0.199997
    endloop
  endfacet
  facet normal 0 0 -1
    outer loop
      vertex -48.8951 3.20475 -0.199997
      vertex -66.8565 4.38201 -0.199997
      vertex -66.4268 8.74525 -0.199997
    endloop
  endfacet
  facet normal 0 0 -1
    outer loop
      vertex -49 0 -0.199997
      vertex -67 0 -0.199997
      vertex -66.8565 4.38201 -0.199997
    endloop
  endfacet
  facet normal 0.999464 -0.03273 0
    outer loop
      vertex -67 0 -0.199997
      vertex -66.8565 4.38201 -3
      vertex -66.8565 4.38201 -0.199997
    endloop
  endfacet
  facet normal 0.999464 -0.03273 0
    outer loop
      vertex -66.8565 4.38201 -3
      vertex -67 0 -0.199997
      vertex -67 0 -3
    endloop
  endfacet
  facet normal 0 0 -1
    outer loop
      vertex -58.0237 33.5 -3
      vertex -58.1137 34.06 -3
      vertex -58.0558 34.5 -3
    endloop
  endfacet
  facet normal 0 0 -1
    outer loop
      vertex -58.0237 33.5 -3
      vertex -58.2835 33.65 -3
      vertex -58.1137 34.06 -3
    endloop
  endfacet
  facet normal -0 0 -1
    outer loop
      vertex -58.0237 33.5 -3
      vertex -58.5537 33.2979 -3
      vertex -58.2835 33.65 -3
    endloop
  endfacet
  facet normal 0 0 -1
    outer loop
      vertex -58.0237 33.5 -3
      vertex -58.9058 33.0278 -3
      vertex -58.5537 33.2979 -3
    endloop
  endfacet
  facet normal 0 0 -1
    outer loop
      vertex -60.0905 29.6333 -3
      vertex -58.9058 33.0278 -3
      vertex -58.0237 33.5 -3
    endloop
  endfacet
  facet normal 0 0 -1
    outer loop
      vertex -60.0905 29.6333 -3
      vertex -59.3158 32.8579 -3
      vertex -58.9058 33.0278 -3
    endloop
  endfacet
  facet normal 0 0 -1
    outer loop
      vertex -60.0905 29.6333 -3
      vertex -59.7558 32.8 -3
      vertex -59.3158 32.8579 -3
    endloop
  endfacet
  facet normal 0 0 -1
    outer loop
      vertex -60.0905 29.6333 -3
      vertex -60.1957 32.8579 -3
      vertex -59.7558 32.8 -3
    endloop
  endfacet
  facet normal 0 0 -1
    outer loop
      vertex -60.0905 29.6333 -3
      vertex -60.6058 33.0278 -3
      vertex -60.1957 32.8579 -3
    endloop
  endfacet
  facet normal 0 0 -1
    outer loop
      vertex -63.678 31.4025 -3
      vertex -60.6058 33.0278 -3
      vertex -60.0905 29.6333 -3
    endloop
  endfacet
  facet normal -0 0 -1
    outer loop
      vertex -60.6058 33.0278 -3
      vertex -63.678 31.4025 -3
      vertex -60.9578 33.2979 -3
    endloop
  endfacet
  facet normal -0 0 -1
    outer loop
      vertex -60.9578 33.2979 -3
      vertex -63.678 31.4025 -3
      vertex -61.228 33.65 -3
    endloop
  endfacet
  facet normal 0 0 -1
    outer loop
      vertex -63.678 31.4025 -3
      vertex -60.0905 29.6333 -3
      vertex -61.8999 25.6398 -3
    endloop
  endfacet
  facet normal -0 0 -1
    outer loop
      vertex -61.228 33.65 -3
      vertex -63.678 31.4025 -3
      vertex -61.3978 34.06 -3
    endloop
  endfacet
  facet normal -0 0 -1
    outer loop
      vertex -61.3978 34.06 -3
      vertex -63.678 31.4025 -3
      vertex -61.4558 34.5 -3
    endloop
  endfacet
  facet normal 0 0 -1
    outer loop
      vertex -65.5954 27.1705 -3
      vertex -61.8999 25.6398 -3
      vertex -63.4443 21.5364 -3
    endloop
  endfacet
  facet normal -0 0 -1
    outer loop
      vertex -61.4558 34.5 -3
      vertex -63.678 31.4025 -3
      vertex -61.4878 35.5 -3
    endloop
  endfacet
  facet normal 0 0 -1
    outer loop
      vertex -67.232 22.8222 -3
      vertex -63.4443 21.5364 -3
      vertex -64.717 17.3409 -3
    endloop
  endfacet
  facet normal 0 0 -1
    outer loop
      vertex -61.8999 25.6398 -3
      vertex -65.5954 27.1705 -3
      vertex -63.678 31.4025 -3
    endloop
  endfacet
  facet normal 0 0 -1
    outer loop
      vertex -68.5807 18.3762 -3
      vertex -64.717 17.3409 -3
      vertex -65.7126 13.0711 -3
    endloop
  endfacet
  facet normal 0 0 -1
    outer loop
      vertex -69.6358 13.8514 -3
      vertex -65.7126 13.0711 -3
      vertex -66.4268 8.74525 -3
    endloop
  endfacet
  facet normal 0 0 -1
    outer loop
      vertex -70.3926 9.26736 -3
      vertex -66.4268 8.74525 -3
      vertex -66.8565 4.38201 -3
    endloop
  endfacet
  facet normal 0 0 -1
    outer loop
      vertex -63.4443 21.5364 -3
      vertex -67.232 22.8222 -3
      vertex -65.5954 27.1705 -3
    endloop
  endfacet
  facet normal 0 0 -1
    outer loop
      vertex -70.848 4.64362 -3
      vertex -66.8565 4.38201 -3
      vertex -67 0 -3
    endloop
  endfacet
  facet normal 0 0 -1
    outer loop
      vertex -70.3926 -9.26736 -3
      vertex -66.4268 -8.74525 -3
      vertex -69.6358 -13.8514 -3
    endloop
  endfacet
  facet normal -0 0 -1
    outer loop
      vertex -66.4268 -8.74525 -3
      vertex -70.3926 -9.26736 -3
      vertex -66.8565 -4.38201 -3
    endloop
  endfacet
  facet normal 0 0 -1
    outer loop
      vertex -64.717 17.3409 -3
      vertex -68.5807 18.3762 -3
      vertex -67.232 22.8222 -3
    endloop
  endfacet
  facet normal 0 0 -1
    outer loop
      vertex -70.848 -4.64362 -3
      vertex -66.8565 -4.38201 -3
      vertex -70.3926 -9.26736 -3
    endloop
  endfacet
  facet normal 0 0 -1
    outer loop
      vertex -65.7126 13.0711 -3
      vertex -69.6358 13.8514 -3
      vertex -68.5807 18.3762 -3
    endloop
  endfacet
  facet normal -0 0 -1
    outer loop
      vertex -66.8565 -4.38201 -3
      vertex -70.848 -4.64362 -3
      vertex -67 0 -3
    endloop
  endfacet
  facet normal 0 0 -1
    outer loop
      vertex -66.4268 8.74525 -3
      vertex -70.3926 9.26736 -3
      vertex -69.6358 13.8514 -3
    endloop
  endfacet
  facet normal 0 0 -1
    outer loop
      vertex -71 0 -3
      vertex -67 0 -3
      vertex -70.848 -4.64362 -3
    endloop
  endfacet
  facet normal 0 0 -1
    outer loop
      vertex -66.8565 4.38201 -3
      vertex -70.848 4.64362 -3
      vertex -70.3926 9.26736 -3
    endloop
  endfacet
  facet normal 0 0 -1
    outer loop
      vertex -67 0 -3
      vertex -71 0 -3
      vertex -70.848 4.64362 -3
    endloop
  endfacet
  facet normal 0 0 -1
    outer loop
      vertex 1.64207 -68.56 -3
      vertex 4.38201 -66.8565 -3
      vertex 1.7 -69 -3
    endloop
  endfacet
  facet normal 0 0 -1
    outer loop
      vertex 1.47224 -68.15 -3
      vertex 4.38201 -66.8565 -3
      vertex 1.64207 -68.56 -3
    endloop
  endfacet
  facet normal 0 0 -1
    outer loop
      vertex 1.20208 -67.7979 -3
      vertex 4.38201 -66.8565 -3
      vertex 1.47224 -68.15 -3
    endloop
  endfacet
  facet normal 0 0 -1
    outer loop
      vertex 0.849999 -67.5278 -3
      vertex 4.38201 -66.8565 -3
      vertex 1.20208 -67.7979 -3
    endloop
  endfacet
  facet normal 0 0 -1
    outer loop
      vertex 0 -67 -3
      vertex 0.849999 -67.5278 -3
      vertex 0.439992 -67.3579 -3
    endloop
  endfacet
  facet normal 0 0 -1
    outer loop
      vertex 0 -67 -3
      vertex 0.439992 -67.3579 -3
      vertex 0 -67.3 -3
    endloop
  endfacet
  facet normal 0 0 -1
    outer loop
      vertex 0.849999 -67.5278 -3
      vertex 0 -67 -3
      vertex 4.38201 -66.8565 -3
    endloop
  endfacet
  facet normal 0 0 -1
    outer loop
      vertex -0.439992 -67.3579 -3
      vertex 0 -67 -3
      vertex 0 -67.3 -3
    endloop
  endfacet
  facet normal 0 0 -1
    outer loop
      vertex -0.849999 -67.5278 -3
      vertex 0 -67 -3
      vertex -0.439992 -67.3579 -3
    endloop
  endfacet
  facet normal 0 0 -1
    outer loop
      vertex -0.849999 -67.5278 -3
      vertex -4.38201 -66.8565 -3
      vertex 0 -67 -3
    endloop
  endfacet
  facet normal 0 0 -1
    outer loop
      vertex -1.20208 -67.7979 -3
      vertex -4.38201 -66.8565 -3
      vertex -0.849999 -67.5278 -3
    endloop
  endfacet
  facet normal 0 0 -1
    outer loop
      vertex -1.47224 -68.15 -3
      vertex -4.38201 -66.8565 -3
      vertex -1.20208 -67.7979 -3
    endloop
  endfacet
  facet normal 0 0 -1
    outer loop
      vertex -1.64207 -68.56 -3
      vertex -4.38201 -66.8565 -3
      vertex -1.47224 -68.15 -3
    endloop
  endfacet
  facet normal 0 0 -1
    outer loop
      vertex -4.38201 -66.8565 -3
      vertex -1.64207 -68.56 -3
      vertex -1.7 -69 -3
    endloop
  endfacet
  facet normal 0 0 -1
    outer loop
      vertex 67 0 -3
      vertex 71 0 -3
      vertex 70.848 -4.64362 -3
    endloop
  endfacet
  facet normal 0 0 -1
    outer loop
      vertex 66.8565 -4.38201 -3
      vertex 70.848 -4.64362 -3
      vertex 70.3926 -9.26736 -3
    endloop
  endfacet
  facet normal 0 0 -1
    outer loop
      vertex 71 0 -3
      vertex 67 0 -3
      vertex 70.848 4.64362 -3
    endloop
  endfacet
  facet normal 0 0 -1
    outer loop
      vertex 66.4268 -8.74525 -3
      vertex 70.3926 -9.26736 -3
      vertex 69.6358 -13.8514 -3
    endloop
  endfacet
  facet normal 0 0 -1
    outer loop
      vertex 66.8565 4.38201 -3
      vertex 70.848 4.64362 -3
      vertex 67 0 -3
    endloop
  endfacet
  facet normal 0 0 -1
    outer loop
      vertex 65.7126 -13.0711 -3
      vertex 69.6358 -13.8514 -3
      vertex 68.5807 -18.3762 -3
    endloop
  endfacet
  facet normal -0 0 -1
    outer loop
      vertex 70.848 4.64362 -3
      vertex 66.8565 4.38201 -3
      vertex 70.3926 9.26736 -3
    endloop
  endfacet
  facet normal 0 0 -1
    outer loop
      vertex 64.717 -17.3409 -3
      vertex 68.5807 -18.3762 -3
      vertex 67.232 -22.8222 -3
    endloop
  endfacet
  facet normal 0 0 -1
    outer loop
      vertex 66.4268 8.74525 -3
      vertex 70.3926 9.26736 -3
      vertex 66.8565 4.38201 -3
    endloop
  endfacet
  facet normal -0 0 -1
    outer loop
      vertex 70.3926 9.26736 -3
      vertex 66.4268 8.74525 -3
      vertex 69.6358 13.8514 -3
    endloop
  endfacet
  facet normal 0 0 -1
    outer loop
      vertex 70.848 -4.64362 -3
      vertex 66.8565 -4.38201 -3
      vertex 67 0 -3
    endloop
  endfacet
  facet normal 0 0 -1
    outer loop
      vertex 70.3926 -9.26736 -3
      vertex 66.4268 -8.74525 -3
      vertex 66.8565 -4.38201 -3
    endloop
  endfacet
  facet normal 0 0 -1
    outer loop
      vertex 69.6358 -13.8514 -3
      vertex 65.7126 -13.0711 -3
      vertex 66.4268 -8.74525 -3
    endloop
  endfacet
  facet normal 0 0 -1
    outer loop
      vertex 63.4443 -21.5364 -3
      vertex 67.232 -22.8222 -3
      vertex 65.5954 -27.1705 -3
    endloop
  endfacet
  facet normal 0 0 -1
    outer loop
      vertex 68.5807 -18.3762 -3
      vertex 64.717 -17.3409 -3
      vertex 65.7126 -13.0711 -3
    endloop
  endfacet
  facet normal 0 0 -1
    outer loop
      vertex 61.8999 -25.6398 -3
      vertex 65.5954 -27.1705 -3
      vertex 63.678 -31.4025 -3
    endloop
  endfacet
  facet normal 0 0 -1
    outer loop
      vertex 67.232 -22.8222 -3
      vertex 63.4443 -21.5364 -3
      vertex 64.717 -17.3409 -3
    endloop
  endfacet
  facet normal 0 0 -1
    outer loop
      vertex 65.5954 -27.1705 -3
      vertex 61.8999 -25.6398 -3
      vertex 63.4443 -21.5364 -3
    endloop
  endfacet
  facet normal 0 0 -1
    outer loop
      vertex 60.0905 -29.6333 -3
      vertex 63.678 -31.4025 -3
      vertex 61.4878 -35.5 -3
    endloop
  endfacet
  facet normal 0 0 -1
    outer loop
      vertex 63.678 -31.4025 -3
      vertex 60.0905 -29.6333 -3
      vertex 61.8999 -25.6398 -3
    endloop
  endfacet
  facet normal 0 0 -1
    outer loop
      vertex 58.0237 -33.5 -3
      vertex 61.4878 -35.5 -3
      vertex 59.0343 -39.4455 -3
    endloop
  endfacet
  facet normal 0 0 -1
    outer loop
      vertex 61.4878 -35.5 -3
      vertex 58.0237 -33.5 -3
      vertex 60.0905 -29.6333 -3
    endloop
  endfacet
  facet normal 0 0 -1
    outer loop
      vertex 55.7085 -37.2232 -3
      vertex 59.0343 -39.4455 -3
      vertex 56.3281 -43.2221 -3
    endloop
  endfacet
  facet normal 0 0 -1
    outer loop
      vertex 59.0343 -39.4455 -3
      vertex 55.7085 -37.2232 -3
      vertex 58.0237 -33.5 -3
    endloop
  endfacet
  facet normal 0 0 -1
    outer loop
      vertex 53.1547 -40.787 -3
      vertex 56.3281 -43.2221 -3
      vertex 53.3806 -46.8136 -3
    endloop
  endfacet
  facet normal 0 0 -1
    outer loop
      vertex 56.3281 -43.2221 -3
      vertex 53.1547 -40.787 -3
      vertex 55.7085 -37.2232 -3
    endloop
  endfacet
  facet normal 0 0 -1
    outer loop
      vertex 53.3806 -46.8136 -3
      vertex 50.3733 -44.1762 -3
      vertex 53.1547 -40.787 -3
    endloop
  endfacet
  facet normal 0 0 -1
    outer loop
      vertex 50.2046 -50.2046 -3
      vertex 50.3733 -44.1762 -3
      vertex 53.3806 -46.8136 -3
    endloop
  endfacet
  facet normal 0 0 -1
    outer loop
      vertex 50.2046 -50.2046 -3
      vertex 47.3762 -47.3762 -3
      vertex 50.3733 -44.1762 -3
    endloop
  endfacet
  facet normal 0 0 -1
    outer loop
      vertex 46.8136 -53.3806 -3
      vertex 47.3762 -47.3762 -3
      vertex 50.2046 -50.2046 -3
    endloop
  endfacet
  facet normal 0 0 -1
    outer loop
      vertex 46.8136 -53.3806 -3
      vertex 44.1762 -50.3733 -3
      vertex 47.3762 -47.3762 -3
    endloop
  endfacet
  facet normal 0 0 -1
    outer loop
      vertex 43.2221 -56.3281 -3
      vertex 44.1762 -50.3733 -3
      vertex 46.8136 -53.3806 -3
    endloop
  endfacet
  facet normal 0 0 -1
    outer loop
      vertex 43.2221 -56.3281 -3
      vertex 40.787 -53.1547 -3
      vertex 44.1762 -50.3733 -3
    endloop
  endfacet
  facet normal 0 0 -1
    outer loop
      vertex 39.4455 -59.0343 -3
      vertex 40.787 -53.1547 -3
      vertex 43.2221 -56.3281 -3
    endloop
  endfacet
  facet normal 0 0 -1
    outer loop
      vertex 39.4455 -59.0343 -3
      vertex 37.2232 -55.7085 -3
      vertex 40.787 -53.1547 -3
    endloop
  endfacet
  facet normal 0 0 -1
    outer loop
      vertex 35.5 -61.4878 -3
      vertex 37.2232 -55.7085 -3
      vertex 39.4455 -59.0343 -3
    endloop
  endfacet
  facet normal 0 0 -1
    outer loop
      vertex 35.5 -61.4878 -3
      vertex 33.5 -58.0237 -3
      vertex 37.2232 -55.7085 -3
    endloop
  endfacet
  facet normal 0 0 -1
    outer loop
      vertex 31.4025 -63.678 -3
      vertex 33.5 -58.0237 -3
      vertex 35.5 -61.4878 -3
    endloop
  endfacet
  facet normal 0 0 -1
    outer loop
      vertex 31.4025 -63.678 -3
      vertex 29.6333 -60.0905 -3
      vertex 33.5 -58.0237 -3
    endloop
  endfacet
  facet normal 0 0 -1
    outer loop
      vertex 27.1705 -65.5954 -3
      vertex 29.6333 -60.0905 -3
      vertex 31.4025 -63.678 -3
    endloop
  endfacet
  facet normal 0 0 -1
    outer loop
      vertex 27.1705 -65.5954 -3
      vertex 25.6398 -61.8999 -3
      vertex 29.6333 -60.0905 -3
    endloop
  endfacet
  facet normal 0 0 -1
    outer loop
      vertex 22.8222 -67.232 -3
      vertex 25.6398 -61.8999 -3
      vertex 27.1705 -65.5954 -3
    endloop
  endfacet
  facet normal 0 0 -1
    outer loop
      vertex 22.8222 -67.232 -3
      vertex 21.5364 -63.4443 -3
      vertex 25.6398 -61.8999 -3
    endloop
  endfacet
  facet normal 0 0 -1
    outer loop
      vertex 18.3762 -68.5807 -3
      vertex 21.5364 -63.4443 -3
      vertex 22.8222 -67.232 -3
    endloop
  endfacet
  facet normal 0 0 -1
    outer loop
      vertex 18.3762 -68.5807 -3
      vertex 17.3409 -64.717 -3
      vertex 21.5364 -63.4443 -3
    endloop
  endfacet
  facet normal 0 0 -1
    outer loop
      vertex 13.8514 -69.6358 -3
      vertex 17.3409 -64.717 -3
      vertex 18.3762 -68.5807 -3
    endloop
  endfacet
  facet normal 0 0 -1
    outer loop
      vertex 13.8514 -69.6358 -3
      vertex 13.0711 -65.7126 -3
      vertex 17.3409 -64.717 -3
    endloop
  endfacet
  facet normal 0 0 -1
    outer loop
      vertex 9.26736 -70.3926 -3
      vertex 13.0711 -65.7126 -3
      vertex 13.8514 -69.6358 -3
    endloop
  endfacet
  facet normal 0 0 -1
    outer loop
      vertex 9.26736 -70.3926 -3
      vertex 8.74525 -66.4268 -3
      vertex 13.0711 -65.7126 -3
    endloop
  endfacet
  facet normal 0 0 -1
    outer loop
      vertex 4.64362 -70.848 -3
      vertex 8.74525 -66.4268 -3
      vertex 9.26736 -70.3926 -3
    endloop
  endfacet
  facet normal 0 0 -1
    outer loop
      vertex 4.64362 -70.848 -3
      vertex 4.38201 -66.8565 -3
      vertex 8.74525 -66.4268 -3
    endloop
  endfacet
  facet normal 0 0 -1
    outer loop
      vertex 4.64362 -70.848 -3
      vertex 1.7 -69 -3
      vertex 4.38201 -66.8565 -3
    endloop
  endfacet
  facet normal 0 0 -1
    outer loop
      vertex 4.64362 -70.848 -3
      vertex 1.64207 -69.44 -3
      vertex 1.7 -69 -3
    endloop
  endfacet
  facet normal 0 0 -1
    outer loop
      vertex 4.64362 -70.848 -3
      vertex 1.47224 -69.85 -3
      vertex 1.64207 -69.44 -3
    endloop
  endfacet
  facet normal 0 0 -1
    outer loop
      vertex 4.64362 -70.848 -3
      vertex 1.20208 -70.2021 -3
      vertex 1.47224 -69.85 -3
    endloop
  endfacet
  facet normal 0 0 -1
    outer loop
      vertex 4.64362 -70.848 -3
      vertex 0.849999 -70.4722 -3
      vertex 1.20208 -70.2021 -3
    endloop
  endfacet
  facet normal 0 0 -1
    outer loop
      vertex 0 -71 -3
      vertex 0.849999 -70.4722 -3
      vertex 4.64362 -70.848 -3
    endloop
  endfacet
  facet normal 0 0 -1
    outer loop
      vertex 0.849999 -70.4722 -3
      vertex 0 -71 -3
      vertex 0.439992 -70.6421 -3
    endloop
  endfacet
  facet normal 0 0 -1
    outer loop
      vertex 0 -71 -3
      vertex 0 -70.7 -3
      vertex 0.439992 -70.6421 -3
    endloop
  endfacet
  facet normal 0 0 -1
    outer loop
      vertex 0 -71 -3
      vertex -0.439992 -70.6421 -3
      vertex 0 -70.7 -3
    endloop
  endfacet
  facet normal 0 0 -1
    outer loop
      vertex 0 -71 -3
      vertex -0.849999 -70.4722 -3
      vertex -0.439992 -70.6421 -3
    endloop
  endfacet
  facet normal 0 0 -1
    outer loop
      vertex -4.64362 -70.848 -3
      vertex -1.7 -69 -3
      vertex -1.64207 -69.44 -3
    endloop
  endfacet
  facet normal 0 0 -1
    outer loop
      vertex -4.64362 -70.848 -3
      vertex -1.64207 -69.44 -3
      vertex -1.47224 -69.85 -3
    endloop
  endfacet
  facet normal 0 0 -1
    outer loop
      vertex -4.64362 -70.848 -3
      vertex -1.47224 -69.85 -3
      vertex -1.20208 -70.2021 -3
    endloop
  endfacet
  facet normal 0 0 -1
    outer loop
      vertex -4.64362 -70.848 -3
      vertex -0.849999 -70.4722 -3
      vertex 0 -71 -3
    endloop
  endfacet
  facet normal 0 0 -1
    outer loop
      vertex -4.64362 -70.848 -3
      vertex -1.20208 -70.2021 -3
      vertex -0.849999 -70.4722 -3
    endloop
  endfacet
  facet normal -0 0 -1
    outer loop
      vertex -1.7 -69 -3
      vertex -4.64362 -70.848 -3
      vertex -4.38201 -66.8565 -3
    endloop
  endfacet
  facet normal 0 0 -1
    outer loop
      vertex -4.64362 -70.848 -3
      vertex -8.74525 -66.4268 -3
      vertex -4.38201 -66.8565 -3
    endloop
  endfacet
  facet normal 0 0 -1
    outer loop
      vertex -9.26736 -70.3926 -3
      vertex -8.74525 -66.4268 -3
      vertex -4.64362 -70.848 -3
    endloop
  endfacet
  facet normal 0 0 -1
    outer loop
      vertex -9.26736 -70.3926 -3
      vertex -13.0711 -65.7126 -3
      vertex -8.74525 -66.4268 -3
    endloop
  endfacet
  facet normal 0 0 -1
    outer loop
      vertex -13.8514 -69.6358 -3
      vertex -13.0711 -65.7126 -3
      vertex -9.26736 -70.3926 -3
    endloop
  endfacet
  facet normal 0 0 -1
    outer loop
      vertex -13.8514 -69.6358 -3
      vertex -17.3409 -64.717 -3
      vertex -13.0711 -65.7126 -3
    endloop
  endfacet
  facet normal 0 0 -1
    outer loop
      vertex -18.3762 -68.5807 -3
      vertex -17.3409 -64.717 -3
      vertex -13.8514 -69.6358 -3
    endloop
  endfacet
  facet normal 0 0 -1
    outer loop
      vertex -18.3762 -68.5807 -3
      vertex -21.5364 -63.4443 -3
      vertex -17.3409 -64.717 -3
    endloop
  endfacet
  facet normal 0 0 -1
    outer loop
      vertex -22.8222 -67.232 -3
      vertex -21.5364 -63.4443 -3
      vertex -18.3762 -68.5807 -3
    endloop
  endfacet
  facet normal 0 0 -1
    outer loop
      vertex -22.8222 -67.232 -3
      vertex -25.6398 -61.8999 -3
      vertex -21.5364 -63.4443 -3
    endloop
  endfacet
  facet normal 0 0 -1
    outer loop
      vertex -27.1705 -65.5954 -3
      vertex -25.6398 -61.8999 -3
      vertex -22.8222 -67.232 -3
    endloop
  endfacet
  facet normal 0 0 -1
    outer loop
      vertex -27.1705 -65.5954 -3
      vertex -29.6333 -60.0905 -3
      vertex -25.6398 -61.8999 -3
    endloop
  endfacet
  facet normal 0 0 -1
    outer loop
      vertex -31.4025 -63.678 -3
      vertex -29.6333 -60.0905 -3
      vertex -27.1705 -65.5954 -3
    endloop
  endfacet
  facet normal 0 0 -1
    outer loop
      vertex -31.4025 -63.678 -3
      vertex -33.5 -58.0237 -3
      vertex -29.6333 -60.0905 -3
    endloop
  endfacet
  facet normal 0 0 -1
    outer loop
      vertex -35.5 -61.4878 -3
      vertex -33.5 -58.0237 -3
      vertex -31.4025 -63.678 -3
    endloop
  endfacet
  facet normal 0 0 -1
    outer loop
      vertex -35.5 -61.4878 -3
      vertex -37.2232 -55.7085 -3
      vertex -33.5 -58.0237 -3
    endloop
  endfacet
  facet normal 0 0 -1
    outer loop
      vertex -39.4455 -59.0343 -3
      vertex -37.2232 -55.7085 -3
      vertex -35.5 -61.4878 -3
    endloop
  endfacet
  facet normal 0 0 -1
    outer loop
      vertex -39.4455 -59.0343 -3
      vertex -40.787 -53.1547 -3
      vertex -37.2232 -55.7085 -3
    endloop
  endfacet
  facet normal 0 0 -1
    outer loop
      vertex -43.2221 -56.3281 -3
      vertex -40.787 -53.1547 -3
      vertex -39.4455 -59.0343 -3
    endloop
  endfacet
  facet normal 0 0 -1
    outer loop
      vertex -43.2221 -56.3281 -3
      vertex -44.1762 -50.3733 -3
      vertex -40.787 -53.1547 -3
    endloop
  endfacet
  facet normal 0 0 -1
    outer loop
      vertex -46.8136 -53.3806 -3
      vertex -44.1762 -50.3733 -3
      vertex -43.2221 -56.3281 -3
    endloop
  endfacet
  facet normal 0 0 -1
    outer loop
      vertex -46.8136 -53.3806 -3
      vertex -47.3762 -47.3762 -3
      vertex -44.1762 -50.3733 -3
    endloop
  endfacet
  facet normal 0 0 -1
    outer loop
      vertex -50.2046 -50.2046 -3
      vertex -47.3762 -47.3762 -3
      vertex -46.8136 -53.3806 -3
    endloop
  endfacet
  facet normal 0 0 -1
    outer loop
      vertex -50.2046 -50.2046 -3
      vertex -50.3733 -44.1762 -3
      vertex -47.3762 -47.3762 -3
    endloop
  endfacet
  facet normal 0 0 -1
    outer loop
      vertex -53.3806 -46.8136 -3
      vertex -50.3733 -44.1762 -3
      vertex -50.2046 -50.2046 -3
    endloop
  endfacet
  facet normal -0 0 -1
    outer loop
      vertex -50.3733 -44.1762 -3
      vertex -53.3806 -46.8136 -3
      vertex -53.1547 -40.787 -3
    endloop
  endfacet
  facet normal 0 0 -1
    outer loop
      vertex -56.3281 -43.2221 -3
      vertex -53.1547 -40.787 -3
      vertex -53.3806 -46.8136 -3
    endloop
  endfacet
  facet normal -0 0 -1
    outer loop
      vertex -53.1547 -40.787 -3
      vertex -56.3281 -43.2221 -3
      vertex -55.7085 -37.2232 -3
    endloop
  endfacet
  facet normal 0 0 -1
    outer loop
      vertex -59.0343 -39.4455 -3
      vertex -55.7085 -37.2232 -3
      vertex -56.3281 -43.2221 -3
    endloop
  endfacet
  facet normal -0 0 -1
    outer loop
      vertex -55.7085 -37.2232 -3
      vertex -59.0343 -39.4455 -3
      vertex -58.0237 -33.5 -3
    endloop
  endfacet
  facet normal 0 0 -1
    outer loop
      vertex -61.4878 -35.5 -3
      vertex -58.0237 -33.5 -3
      vertex -59.0343 -39.4455 -3
    endloop
  endfacet
  facet normal -0 0 -1
    outer loop
      vertex -58.0237 -33.5 -3
      vertex -61.4878 -35.5 -3
      vertex -60.0905 -29.6333 -3
    endloop
  endfacet
  facet normal 0 0 -1
    outer loop
      vertex -63.678 -31.4025 -3
      vertex -60.0905 -29.6333 -3
      vertex -61.4878 -35.5 -3
    endloop
  endfacet
  facet normal -0 0 -1
    outer loop
      vertex -60.0905 -29.6333 -3
      vertex -63.678 -31.4025 -3
      vertex -61.8999 -25.6398 -3
    endloop
  endfacet
  facet normal 0 0 -1
    outer loop
      vertex -65.5954 -27.1705 -3
      vertex -61.8999 -25.6398 -3
      vertex -63.678 -31.4025 -3
    endloop
  endfacet
  facet normal -0 0 -1
    outer loop
      vertex -61.8999 -25.6398 -3
      vertex -65.5954 -27.1705 -3
      vertex -63.4443 -21.5364 -3
    endloop
  endfacet
  facet normal 0 0 -1
    outer loop
      vertex -67.232 -22.8222 -3
      vertex -63.4443 -21.5364 -3
      vertex -65.5954 -27.1705 -3
    endloop
  endfacet
  facet normal -0 0 -1
    outer loop
      vertex -63.4443 -21.5364 -3
      vertex -67.232 -22.8222 -3
      vertex -64.717 -17.3409 -3
    endloop
  endfacet
  facet normal 0 0 -1
    outer loop
      vertex -68.5807 -18.3762 -3
      vertex -64.717 -17.3409 -3
      vertex -67.232 -22.8222 -3
    endloop
  endfacet
  facet normal -0 0 -1
    outer loop
      vertex -64.717 -17.3409 -3
      vertex -68.5807 -18.3762 -3
      vertex -65.7126 -13.0711 -3
    endloop
  endfacet
  facet normal -0 0 -1
    outer loop
      vertex -65.7126 -13.0711 -3
      vertex -69.6358 -13.8514 -3
      vertex -66.4268 -8.74525 -3
    endloop
  endfacet
  facet normal 0 0 -1
    outer loop
      vertex -69.6358 -13.8514 -3
      vertex -65.7126 -13.0711 -3
      vertex -68.5807 -18.3762 -3
    endloop
  endfacet
  facet normal 0 0 -1
    outer loop
      vertex 65.7126 13.0711 -3
      vertex 69.6358 13.8514 -3
      vertex 66.4268 8.74525 -3
    endloop
  endfacet
  facet normal -0 0 -1
    outer loop
      vertex 69.6358 13.8514 -3
      vertex 65.7126 13.0711 -3
      vertex 68.5807 18.3762 -3
    endloop
  endfacet
  facet normal 0 0 -1
    outer loop
      vertex 64.717 17.3409 -3
      vertex 68.5807 18.3762 -3
      vertex 65.7126 13.0711 -3
    endloop
  endfacet
  facet normal -0 0 -1
    outer loop
      vertex 68.5807 18.3762 -3
      vertex 64.717 17.3409 -3
      vertex 67.232 22.8222 -3
    endloop
  endfacet
  facet normal 0 0 -1
    outer loop
      vertex 63.4443 21.5364 -3
      vertex 67.232 22.8222 -3
      vertex 64.717 17.3409 -3
    endloop
  endfacet
  facet normal -0 0 -1
    outer loop
      vertex 67.232 22.8222 -3
      vertex 63.4443 21.5364 -3
      vertex 65.5954 27.1705 -3
    endloop
  endfacet
  facet normal 0 0 -1
    outer loop
      vertex 61.8999 25.6398 -3
      vertex 65.5954 27.1705 -3
      vertex 63.4443 21.5364 -3
    endloop
  endfacet
  facet normal -0 0 -1
    outer loop
      vertex 65.5954 27.1705 -3
      vertex 61.8999 25.6398 -3
      vertex 63.678 31.4025 -3
    endloop
  endfacet
  facet normal 0 0 -1
    outer loop
      vertex 60.0905 29.6333 -3
      vertex 63.678 31.4025 -3
      vertex 61.8999 25.6398 -3
    endloop
  endfacet
  facet normal 0 0 -1
    outer loop
      vertex 63.678 31.4025 -3
      vertex 61.4558 34.5 -3
      vertex 61.4878 35.5 -3
    endloop
  endfacet
  facet normal 0 0 -1
    outer loop
      vertex 63.678 31.4025 -3
      vertex 61.3978 34.06 -3
      vertex 61.4558 34.5 -3
    endloop
  endfacet
  facet normal 0 0 -1
    outer loop
      vertex 63.678 31.4025 -3
      vertex 61.228 33.65 -3
      vertex 61.3978 34.06 -3
    endloop
  endfacet
  facet normal 0 -0 -1
    outer loop
      vertex 60.6058 33.0278 -3
      vertex 63.678 31.4025 -3
      vertex 60.0905 29.6333 -3
    endloop
  endfacet
  facet normal 0 0 -1
    outer loop
      vertex 63.678 31.4025 -3
      vertex 60.9578 33.2979 -3
      vertex 61.228 33.65 -3
    endloop
  endfacet
  facet normal 0 0 -1
    outer loop
      vertex 63.678 31.4025 -3
      vertex 60.6058 33.0278 -3
      vertex 60.9578 33.2979 -3
    endloop
  endfacet
  facet normal 0 0 -1
    outer loop
      vertex 60.6058 33.0278 -3
      vertex 60.0905 29.6333 -3
      vertex 60.1957 32.8579 -3
    endloop
  endfacet
  facet normal 0 0 -1
    outer loop
      vertex 60.0905 29.6333 -3
      vertex 59.7558 32.8 -3
      vertex 60.1957 32.8579 -3
    endloop
  endfacet
  facet normal 0 0 -1
    outer loop
      vertex 60.0905 29.6333 -3
      vertex 59.3158 32.8579 -3
      vertex 59.7558 32.8 -3
    endloop
  endfacet
  facet normal 0 0 -1
    outer loop
      vertex 60.0905 29.6333 -3
      vertex 58.9058 33.0278 -3
      vertex 59.3158 32.8579 -3
    endloop
  endfacet
  facet normal 0 0 -1
    outer loop
      vertex 58.0237 33.5 -3
      vertex 58.9058 33.0278 -3
      vertex 60.0905 29.6333 -3
    endloop
  endfacet
  facet normal 0 0 -1
    outer loop
      vertex 58.9058 33.0278 -3
      vertex 58.0237 33.5 -3
      vertex 58.5537 33.2979 -3
    endloop
  endfacet
  facet normal -0 0 -1
    outer loop
      vertex 58.1137 34.06 -3
      vertex 58.0237 33.5 -3
      vertex 58.0558 34.5 -3
    endloop
  endfacet
  facet normal -0 0 -1
    outer loop
      vertex 58.2835 33.65 -3
      vertex 58.0237 33.5 -3
      vertex 58.1137 34.06 -3
    endloop
  endfacet
  facet normal 0 0 -1
    outer loop
      vertex 58.5537 33.2979 -3
      vertex 58.0237 33.5 -3
      vertex 58.2835 33.65 -3
    endloop
  endfacet
  facet normal 0 0 -1
    outer loop
      vertex 61.3978 34.94 -3
      vertex 61.4878 35.5 -3
      vertex 61.4558 34.5 -3
    endloop
  endfacet
  facet normal 0 0 -1
    outer loop
      vertex 61.228 35.35 -3
      vertex 61.4878 35.5 -3
      vertex 61.3978 34.94 -3
    endloop
  endfacet
  facet normal 0 0 -1
    outer loop
      vertex 60.9578 35.7021 -3
      vertex 61.4878 35.5 -3
      vertex 61.228 35.35 -3
    endloop
  endfacet
  facet normal 0 0 -1
    outer loop
      vertex 60.6058 35.9722 -3
      vertex 61.4878 35.5 -3
      vertex 60.9578 35.7021 -3
    endloop
  endfacet
  facet normal 0 0 -1
    outer loop
      vertex 60.6058 35.9722 -3
      vertex 59.0343 39.4455 -3
      vertex 61.4878 35.5 -3
    endloop
  endfacet
  facet normal 0 0 -1
    outer loop
      vertex 60.1957 36.1421 -3
      vertex 59.0343 39.4455 -3
      vertex 60.6058 35.9722 -3
    endloop
  endfacet
  facet normal 0 0 -1
    outer loop
      vertex 59.7558 36.2 -3
      vertex 59.0343 39.4455 -3
      vertex 60.1957 36.1421 -3
    endloop
  endfacet
  facet normal 0 0 -1
    outer loop
      vertex 59.3158 36.1421 -3
      vertex 59.0343 39.4455 -3
      vertex 59.7558 36.2 -3
    endloop
  endfacet
  facet normal 0 0 -1
    outer loop
      vertex 58.9058 35.9722 -3
      vertex 59.0343 39.4455 -3
      vertex 59.3158 36.1421 -3
    endloop
  endfacet
  facet normal 0 0 -1
    outer loop
      vertex 55.7085 37.2232 -3
      vertex 58.9058 35.9722 -3
      vertex 58.5537 35.7021 -3
    endloop
  endfacet
  facet normal 0 0 -1
    outer loop
      vertex 55.7085 37.2232 -3
      vertex 58.5537 35.7021 -3
      vertex 58.2835 35.35 -3
    endloop
  endfacet
  facet normal 0 0 -1
    outer loop
      vertex 55.7085 37.2232 -3
      vertex 58.2835 35.35 -3
      vertex 58.1137 34.94 -3
    endloop
  endfacet
  facet normal 0 0 -1
    outer loop
      vertex 58.9058 35.9722 -3
      vertex 55.7085 37.2232 -3
      vertex 59.0343 39.4455 -3
    endloop
  endfacet
  facet normal 0 0 -1
    outer loop
      vertex 55.7085 37.2232 -3
      vertex 58.1137 34.94 -3
      vertex 58.0558 34.5 -3
    endloop
  endfacet
  facet normal 0 0 -1
    outer loop
      vertex 55.7085 37.2232 -3
      vertex 58.0558 34.5 -3
      vertex 58.0237 33.5 -3
    endloop
  endfacet
  facet normal -0 0 -1
    outer loop
      vertex 59.0343 39.4455 -3
      vertex 55.7085 37.2232 -3
      vertex 56.3281 43.2221 -3
    endloop
  endfacet
  facet normal 0 0 -1
    outer loop
      vertex 53.1547 40.787 -3
      vertex 56.3281 43.2221 -3
      vertex 55.7085 37.2232 -3
    endloop
  endfacet
  facet normal -0 0 -1
    outer loop
      vertex 56.3281 43.2221 -3
      vertex 53.1547 40.787 -3
      vertex 53.3806 46.8136 -3
    endloop
  endfacet
  facet normal 0 0 -1
    outer loop
      vertex 50.3733 44.1762 -3
      vertex 53.3806 46.8136 -3
      vertex 53.1547 40.787 -3
    endloop
  endfacet
  facet normal 0 0 -1
    outer loop
      vertex 50.3733 44.1762 -3
      vertex 50.2046 50.2046 -3
      vertex 53.3806 46.8136 -3
    endloop
  endfacet
  facet normal 0 0 -1
    outer loop
      vertex 47.3762 47.3762 -3
      vertex 50.2046 50.2046 -3
      vertex 50.3733 44.1762 -3
    endloop
  endfacet
  facet normal 0 0 -1
    outer loop
      vertex 47.3762 47.3762 -3
      vertex 46.8136 53.3806 -3
      vertex 50.2046 50.2046 -3
    endloop
  endfacet
  facet normal 0 0 -1
    outer loop
      vertex 44.1762 50.3733 -3
      vertex 46.8136 53.3806 -3
      vertex 47.3762 47.3762 -3
    endloop
  endfacet
  facet normal 0 0 -1
    outer loop
      vertex 44.1762 50.3733 -3
      vertex 43.2221 56.3281 -3
      vertex 46.8136 53.3806 -3
    endloop
  endfacet
  facet normal 0 0 -1
    outer loop
      vertex 40.787 53.1547 -3
      vertex 43.2221 56.3281 -3
      vertex 44.1762 50.3733 -3
    endloop
  endfacet
  facet normal 0 0 -1
    outer loop
      vertex 40.787 53.1547 -3
      vertex 39.4455 59.0343 -3
      vertex 43.2221 56.3281 -3
    endloop
  endfacet
  facet normal 0 0 -1
    outer loop
      vertex 37.2232 55.7085 -3
      vertex 39.4455 59.0343 -3
      vertex 40.787 53.1547 -3
    endloop
  endfacet
  facet normal 0 0 -1
    outer loop
      vertex 37.2232 55.7085 -3
      vertex 35.5 61.4878 -3
      vertex 39.4455 59.0343 -3
    endloop
  endfacet
  facet normal 0 0 -1
    outer loop
      vertex 33.5 58.0237 -3
      vertex 35.5 61.4878 -3
      vertex 37.2232 55.7085 -3
    endloop
  endfacet
  facet normal 0 0 -1
    outer loop
      vertex 33.5 58.0237 -3
      vertex 31.4025 63.678 -3
      vertex 35.5 61.4878 -3
    endloop
  endfacet
  facet normal 0 0 -1
    outer loop
      vertex 29.6333 60.0905 -3
      vertex 31.4025 63.678 -3
      vertex 33.5 58.0237 -3
    endloop
  endfacet
  facet normal 0 0 -1
    outer loop
      vertex 29.6333 60.0905 -3
      vertex 27.1705 65.5954 -3
      vertex 31.4025 63.678 -3
    endloop
  endfacet
  facet normal 0 0 -1
    outer loop
      vertex 25.6398 61.8999 -3
      vertex 27.1705 65.5954 -3
      vertex 29.6333 60.0905 -3
    endloop
  endfacet
  facet normal 0 0 -1
    outer loop
      vertex 25.6398 61.8999 -3
      vertex 22.8222 67.232 -3
      vertex 27.1705 65.5954 -3
    endloop
  endfacet
  facet normal 0 0 -1
    outer loop
      vertex 21.5364 63.4443 -3
      vertex 22.8222 67.232 -3
      vertex 25.6398 61.8999 -3
    endloop
  endfacet
  facet normal 0 0 -1
    outer loop
      vertex 21.5364 63.4443 -3
      vertex 18.3762 68.5807 -3
      vertex 22.8222 67.232 -3
    endloop
  endfacet
  facet normal 0 0 -1
    outer loop
      vertex 17.3409 64.717 -3
      vertex 18.3762 68.5807 -3
      vertex 21.5364 63.4443 -3
    endloop
  endfacet
  facet normal 0 0 -1
    outer loop
      vertex 17.3409 64.717 -3
      vertex 13.8514 69.6358 -3
      vertex 18.3762 68.5807 -3
    endloop
  endfacet
  facet normal 0 0 -1
    outer loop
      vertex 13.0711 65.7126 -3
      vertex 13.8514 69.6358 -3
      vertex 17.3409 64.717 -3
    endloop
  endfacet
  facet normal 0 0 -1
    outer loop
      vertex 13.0711 65.7126 -3
      vertex 9.26736 70.3926 -3
      vertex 13.8514 69.6358 -3
    endloop
  endfacet
  facet normal 0 0 -1
    outer loop
      vertex 8.74525 66.4268 -3
      vertex 9.26736 70.3926 -3
      vertex 13.0711 65.7126 -3
    endloop
  endfacet
  facet normal 0 0 -1
    outer loop
      vertex 8.74525 66.4268 -3
      vertex 4.64362 70.848 -3
      vertex 9.26736 70.3926 -3
    endloop
  endfacet
  facet normal 0 0 -1
    outer loop
      vertex 4.38201 66.8565 -3
      vertex 4.64362 70.848 -3
      vertex 8.74525 66.4268 -3
    endloop
  endfacet
  facet normal 0 0 -1
    outer loop
      vertex 0 67 -3
      vertex 4.64362 70.848 -3
      vertex 4.38201 66.8565 -3
    endloop
  endfacet
  facet normal 0 0 -1
    outer loop
      vertex 0 67 -3
      vertex 0 71 -3
      vertex 4.64362 70.848 -3
    endloop
  endfacet
  facet normal 0 0 -1
    outer loop
      vertex -4.38201 66.8565 -3
      vertex 0 71 -3
      vertex 0 67 -3
    endloop
  endfacet
  facet normal 0 0 -1
    outer loop
      vertex -4.38201 66.8565 -3
      vertex -4.64362 70.848 -3
      vertex 0 71 -3
    endloop
  endfacet
  facet normal 0 0 -1
    outer loop
      vertex -8.74525 66.4268 -3
      vertex -4.64362 70.848 -3
      vertex -4.38201 66.8565 -3
    endloop
  endfacet
  facet normal 0 0 -1
    outer loop
      vertex -8.74525 66.4268 -3
      vertex -9.26736 70.3926 -3
      vertex -4.64362 70.848 -3
    endloop
  endfacet
  facet normal 0 0 -1
    outer loop
      vertex -13.0711 65.7126 -3
      vertex -9.26736 70.3926 -3
      vertex -8.74525 66.4268 -3
    endloop
  endfacet
  facet normal 0 0 -1
    outer loop
      vertex -13.0711 65.7126 -3
      vertex -13.8514 69.6358 -3
      vertex -9.26736 70.3926 -3
    endloop
  endfacet
  facet normal 0 0 -1
    outer loop
      vertex -17.3409 64.717 -3
      vertex -13.8514 69.6358 -3
      vertex -13.0711 65.7126 -3
    endloop
  endfacet
  facet normal 0 0 -1
    outer loop
      vertex -17.3409 64.717 -3
      vertex -18.3762 68.5807 -3
      vertex -13.8514 69.6358 -3
    endloop
  endfacet
  facet normal 0 0 -1
    outer loop
      vertex -21.5364 63.4443 -3
      vertex -18.3762 68.5807 -3
      vertex -17.3409 64.717 -3
    endloop
  endfacet
  facet normal 0 0 -1
    outer loop
      vertex -21.5364 63.4443 -3
      vertex -22.8222 67.232 -3
      vertex -18.3762 68.5807 -3
    endloop
  endfacet
  facet normal 0 0 -1
    outer loop
      vertex -25.6398 61.8999 -3
      vertex -22.8222 67.232 -3
      vertex -21.5364 63.4443 -3
    endloop
  endfacet
  facet normal 0 0 -1
    outer loop
      vertex -25.6398 61.8999 -3
      vertex -27.1705 65.5954 -3
      vertex -22.8222 67.232 -3
    endloop
  endfacet
  facet normal 0 0 -1
    outer loop
      vertex -29.6333 60.0905 -3
      vertex -27.1705 65.5954 -3
      vertex -25.6398 61.8999 -3
    endloop
  endfacet
  facet normal 0 0 -1
    outer loop
      vertex -29.6333 60.0905 -3
      vertex -31.4025 63.678 -3
      vertex -27.1705 65.5954 -3
    endloop
  endfacet
  facet normal 0 0 -1
    outer loop
      vertex -33.5 58.0237 -3
      vertex -31.4025 63.678 -3
      vertex -29.6333 60.0905 -3
    endloop
  endfacet
  facet normal 0 0 -1
    outer loop
      vertex -33.5 58.0237 -3
      vertex -35.5 61.4878 -3
      vertex -31.4025 63.678 -3
    endloop
  endfacet
  facet normal 0 0 -1
    outer loop
      vertex -37.2232 55.7085 -3
      vertex -35.5 61.4878 -3
      vertex -33.5 58.0237 -3
    endloop
  endfacet
  facet normal 0 0 -1
    outer loop
      vertex -37.2232 55.7085 -3
      vertex -39.4455 59.0343 -3
      vertex -35.5 61.4878 -3
    endloop
  endfacet
  facet normal 0 0 -1
    outer loop
      vertex -40.787 53.1547 -3
      vertex -39.4455 59.0343 -3
      vertex -37.2232 55.7085 -3
    endloop
  endfacet
  facet normal 0 0 -1
    outer loop
      vertex -40.787 53.1547 -3
      vertex -43.2221 56.3281 -3
      vertex -39.4455 59.0343 -3
    endloop
  endfacet
  facet normal 0 0 -1
    outer loop
      vertex -44.1762 50.3733 -3
      vertex -43.2221 56.3281 -3
      vertex -40.787 53.1547 -3
    endloop
  endfacet
  facet normal 0 0 -1
    outer loop
      vertex -44.1762 50.3733 -3
      vertex -46.8136 53.3806 -3
      vertex -43.2221 56.3281 -3
    endloop
  endfacet
  facet normal 0 0 -1
    outer loop
      vertex -47.3762 47.3762 -3
      vertex -46.8136 53.3806 -3
      vertex -44.1762 50.3733 -3
    endloop
  endfacet
  facet normal 0 0 -1
    outer loop
      vertex -47.3762 47.3762 -3
      vertex -50.2046 50.2046 -3
      vertex -46.8136 53.3806 -3
    endloop
  endfacet
  facet normal 0 0 -1
    outer loop
      vertex -50.3733 44.1762 -3
      vertex -50.2046 50.2046 -3
      vertex -47.3762 47.3762 -3
    endloop
  endfacet
  facet normal 0 0 -1
    outer loop
      vertex -53.3806 46.8136 -3
      vertex -50.3733 44.1762 -3
      vertex -53.1547 40.787 -3
    endloop
  endfacet
  facet normal 0 0 -1
    outer loop
      vertex -50.3733 44.1762 -3
      vertex -53.3806 46.8136 -3
      vertex -50.2046 50.2046 -3
    endloop
  endfacet
  facet normal 0 0 -1
    outer loop
      vertex -56.3281 43.2221 -3
      vertex -53.1547 40.787 -3
      vertex -55.7085 37.2232 -3
    endloop
  endfacet
  facet normal 0 0 -1
    outer loop
      vertex -53.1547 40.787 -3
      vertex -56.3281 43.2221 -3
      vertex -53.3806 46.8136 -3
    endloop
  endfacet
  facet normal 0 0 -1
    outer loop
      vertex -58.0558 34.5 -3
      vertex -55.7085 37.2232 -3
      vertex -58.0237 33.5 -3
    endloop
  endfacet
  facet normal 0 0 -1
    outer loop
      vertex -58.1137 34.94 -3
      vertex -55.7085 37.2232 -3
      vertex -58.0558 34.5 -3
    endloop
  endfacet
  facet normal 0 0 -1
    outer loop
      vertex -58.2835 35.35 -3
      vertex -55.7085 37.2232 -3
      vertex -58.1137 34.94 -3
    endloop
  endfacet
  facet normal 0 0 -1
    outer loop
      vertex -58.5537 35.7021 -3
      vertex -55.7085 37.2232 -3
      vertex -58.2835 35.35 -3
    endloop
  endfacet
  facet normal 0 0 -1
    outer loop
      vertex -58.9058 35.9722 -3
      vertex -55.7085 37.2232 -3
      vertex -58.5537 35.7021 -3
    endloop
  endfacet
  facet normal -0 0 -1
    outer loop
      vertex -55.7085 37.2232 -3
      vertex -58.9058 35.9722 -3
      vertex -59.0343 39.4455 -3
    endloop
  endfacet
  facet normal 0 0 -1
    outer loop
      vertex -55.7085 37.2232 -3
      vertex -59.0343 39.4455 -3
      vertex -56.3281 43.2221 -3
    endloop
  endfacet
  facet normal 0 0 -1
    outer loop
      vertex -59.3158 36.1421 -3
      vertex -59.0343 39.4455 -3
      vertex -58.9058 35.9722 -3
    endloop
  endfacet
  facet normal 0 0 -1
    outer loop
      vertex -59.7558 36.2 -3
      vertex -59.0343 39.4455 -3
      vertex -59.3158 36.1421 -3
    endloop
  endfacet
  facet normal 0 0 -1
    outer loop
      vertex -60.1957 36.1421 -3
      vertex -59.0343 39.4455 -3
      vertex -59.7558 36.2 -3
    endloop
  endfacet
  facet normal 0 0 -1
    outer loop
      vertex -60.6058 35.9722 -3
      vertex -59.0343 39.4455 -3
      vertex -60.1957 36.1421 -3
    endloop
  endfacet
  facet normal 0 0 -1
    outer loop
      vertex -61.4878 35.5 -3
      vertex -60.6058 35.9722 -3
      vertex -60.9578 35.7021 -3
    endloop
  endfacet
  facet normal 0 0 -1
    outer loop
      vertex -61.4878 35.5 -3
      vertex -60.9578 35.7021 -3
      vertex -61.228 35.35 -3
    endloop
  endfacet
  facet normal -0 0 -1
    outer loop
      vertex -60.6058 35.9722 -3
      vertex -61.4878 35.5 -3
      vertex -59.0343 39.4455 -3
    endloop
  endfacet
  facet normal 0 0 -1
    outer loop
      vertex -61.3978 34.94 -3
      vertex -61.4878 35.5 -3
      vertex -61.228 35.35 -3
    endloop
  endfacet
  facet normal 0 0 -1
    outer loop
      vertex -61.4878 35.5 -3
      vertex -61.3978 34.94 -3
      vertex -61.4558 34.5 -3
    endloop
  endfacet
  facet normal -0.999465 0.0327156 0
    outer loop
      vertex -71 0 -3
      vertex -70.848 4.64362 20
      vertex -70.848 4.64362 -3
    endloop
  endfacet
  facet normal -0.999465 0.0327156 0
    outer loop
      vertex -70.848 4.64362 20
      vertex -71 0 -3
      vertex -71 0 20
    endloop
  endfacet
  facet normal 0.952052 -0.0937723 0.29121
    outer loop
      vertex -48.8951 3.20475 0.299988
      vertex -48.5808 6.39578 0.299988
      vertex -54.8822 3.59717 20
    endloop
  endfacet
  facet normal 0.952054 -0.0937495 0.291213
    outer loop
      vertex -48.5808 6.39578 0.299988
      vertex -54.5295 7.17894 20
      vertex -54.8822 3.59717 20
    endloop
  endfacet
  facet normal 0.995184 -0.0980205 0
    outer loop
      vertex -48.8951 3.20475 0.299988
      vertex -48.5808 6.39578 -0.199997
      vertex -48.5808 6.39578 0.299988
    endloop
  endfacet
  facet normal 0.995184 -0.0980205 0
    outer loop
      vertex -48.5808 6.39578 -0.199997
      vertex -48.8951 3.20475 0.299988
      vertex -48.8951 3.20475 -0.199997
    endloop
  endfacet
  facet normal 0.995186 -0.0980077 0
    outer loop
      vertex -66.8565 4.38201 -0.199997
      vertex -66.4268 8.74525 -3
      vertex -66.4268 8.74525 -0.199997
    endloop
  endfacet
  facet normal 0.995186 -0.0980077 0
    outer loop
      vertex -66.4268 8.74525 -3
      vertex -66.8565 4.38201 -0.199997
      vertex -66.8565 4.38201 -3
    endloop
  endfacet
  facet normal -0.995185 0.0980174 0
    outer loop
      vertex -70.848 4.64362 -3
      vertex -70.3926 9.26736 20
      vertex -70.3926 9.26736 -3
    endloop
  endfacet
  facet normal -0.995185 0.0980174 0
    outer loop
      vertex -70.3926 9.26736 20
      vertex -70.848 4.64362 -3
      vertex -70.848 4.64362 20
    endloop
  endfacet
  facet normal 0.943881 -0.155829 0.291213
    outer loop
      vertex -48.5808 6.39578 0.299988
      vertex -48.0585 9.55943 0.299988
      vertex -54.5295 7.17894 20
    endloop
  endfacet
  facet normal 0.94388 -0.15584 0.291212
    outer loop
      vertex -48.0585 9.55943 0.299988
      vertex -53.9432 10.73 20
      vertex -54.5295 7.17894 20
    endloop
  endfacet
  facet normal 0.986644 -0.162889 0
    outer loop
      vertex -48.5808 6.39578 0.299988
      vertex -48.0585 9.55943 -0.199997
      vertex -48.0585 9.55943 0.299988
    endloop
  endfacet
  facet normal 0.986644 -0.162889 0
    outer loop
      vertex -48.0585 9.55943 -0.199997
      vertex -48.5808 6.39578 0.299988
      vertex -48.5808 6.39578 -0.199997
    endloop
  endfacet
  facet normal 0.986643 -0.162895 0
    outer loop
      vertex -66.4268 8.74525 -0.199997
      vertex -65.7126 13.0711 -3
      vertex -65.7126 13.0711 -0.199997
    endloop
  endfacet
  facet normal 0.986643 -0.162895 0
    outer loop
      vertex -65.7126 13.0711 -3
      vertex -66.4268 8.74525 -0.199997
      vertex -66.4268 8.74525 -3
    endloop
  endfacet
  facet normal -0.986644 0.16289 0
    outer loop
      vertex -70.3926 9.26736 -3
      vertex -69.6358 13.8514 20
      vertex -69.6358 13.8514 -3
    endloop
  endfacet
  facet normal -0.986644 0.16289 0
    outer loop
      vertex -69.6358 13.8514 20
      vertex -70.3926 9.26736 -3
      vertex -70.3926 9.26736 20
    endloop
  endfacet
  facet normal 0.931668 -0.217233 0.291212
    outer loop
      vertex -48.0585 9.55943 0.299988
      vertex -47.3304 12.6821 0.299988
      vertex -53.9432 10.73 20
    endloop
  endfacet
  facet normal 0.931666 -0.217247 0.29121
    outer loop
      vertex -47.3304 12.6821 0.299988
      vertex -53.1259 14.235 20
      vertex -53.9432 10.73 20
    endloop
  endfacet
  facet normal 0.973877 -0.227075 0
    outer loop
      vertex -48.0585 9.55943 0.299988
      vertex -47.3304 12.6821 -0.199997
      vertex -47.3304 12.6821 0.299988
    endloop
  endfacet
  facet normal 0.973877 -0.227075 0
    outer loop
      vertex -47.3304 12.6821 -0.199997
      vertex -48.0585 9.55943 0.299988
      vertex -48.0585 9.55943 -0.199997
    endloop
  endfacet
  facet normal 0.973876 -0.227081 0
    outer loop
      vertex -65.7126 13.0711 -0.199997
      vertex -64.717 17.3409 -3
      vertex -64.717 17.3409 -0.199997
    endloop
  endfacet
  facet normal 0.973876 -0.227081 0
    outer loop
      vertex -64.717 17.3409 -3
      vertex -65.7126 13.0711 -0.199997
      vertex -65.7126 13.0711 -3
    endloop
  endfacet
  facet normal -0.973874 0.227089 0
    outer loop
      vertex -69.6358 13.8514 -3
      vertex -68.5807 18.3762 20
      vertex -68.5807 18.3762 -3
    endloop
  endfacet
  facet normal -0.973874 0.227089 0
    outer loop
      vertex -68.5807 18.3762 20
      vertex -69.6358 13.8514 -3
      vertex -69.6358 13.8514 20
    endloop
  endfacet
  facet normal 0.915465 -0.277707 0.291209
    outer loop
      vertex -47.3304 12.6821 0.299988
      vertex -46.3996 15.7505 0.299988
      vertex -53.1259 14.235 20
    endloop
  endfacet
  facet normal 0.915471 -0.277682 0.291213
    outer loop
      vertex -46.3996 15.7505 0.299988
      vertex -52.0812 17.6792 20
      vertex -53.1259 14.235 20
    endloop
  endfacet
  facet normal 0.956939 -0.290288 0
    outer loop
      vertex -47.3304 12.6821 0.299988
      vertex -46.3996 15.7505 -0.199997
      vertex -46.3996 15.7505 0.299988
    endloop
  endfacet
  facet normal 0.956939 -0.290288 0
    outer loop
      vertex -46.3996 15.7505 -0.199997
      vertex -47.3304 12.6821 0.299988
      vertex -47.3304 12.6821 -0.199997
    endloop
  endfacet
  facet normal 0.95694 -0.290287 0
    outer loop
      vertex -64.717 17.3409 -0.199997
      vertex -63.4443 21.5364 -3
      vertex -63.4443 21.5364 -0.199997
    endloop
  endfacet
  facet normal 0.95694 -0.290287 0
    outer loop
      vertex -63.4443 21.5364 -3
      vertex -64.717 17.3409 -0.199997
      vertex -64.717 17.3409 -3
    endloop
  endfacet
  facet normal -0.956939 0.290289 0
    outer loop
      vertex -68.5807 18.3762 -3
      vertex -67.232 22.8222 20
      vertex -67.232 22.8222 -3
    endloop
  endfacet
  facet normal -0.956939 0.290289 0
    outer loop
      vertex -67.232 22.8222 20
      vertex -68.5807 18.3762 -3
      vertex -68.5807 18.3762 20
    endloop
  endfacet
  facet normal 0.895342 -0.336984 0.291214
    outer loop
      vertex -46.3996 15.7505 0.299988
      vertex -45.2701 18.7515 0.299988
      vertex -52.0812 17.6792 20
    endloop
  endfacet
  facet normal 0.89534 -0.336989 0.291213
    outer loop
      vertex -45.2701 18.7515 0.299988
      vertex -50.8134 21.0476 20
      vertex -52.0812 17.6792 20
    endloop
  endfacet
  facet normal 0.935906 -0.352251 0
    outer loop
      vertex -46.3996 15.7505 0.299988
      vertex -45.2701 18.7515 -0.199997
      vertex -45.2701 18.7515 0.299988
    endloop
  endfacet
  facet normal 0.935906 -0.352251 0
    outer loop
      vertex -45.2701 18.7515 -0.199997
      vertex -46.3996 15.7505 0.299988
      vertex -46.3996 15.7505 -0.199997
    endloop
  endfacet
  facet normal 0.935907 -0.352248 0
    outer loop
      vertex -63.4443 21.5364 -0.199997
      vertex -61.8999 25.6398 -3
      vertex -61.8999 25.6398 -0.199997
    endloop
  endfacet
  facet normal 0.935907 -0.352248 0
    outer loop
      vertex -61.8999 25.6398 -3
      vertex -63.4443 21.5364 -0.199997
      vertex -63.4443 21.5364 -3
    endloop
  endfacet
  facet normal -0.935905 0.352253 0
    outer loop
      vertex -67.232 22.8222 -3
      vertex -65.5954 27.1705 20
      vertex -65.5954 27.1705 -3
    endloop
  endfacet
  facet normal -0.935905 0.352253 0
    outer loop
      vertex -65.5954 27.1705 20
      vertex -67.232 22.8222 -3
      vertex -67.232 22.8222 20
    endloop
  endfacet
  facet normal 0.871386 -0.394818 0.291213
    outer loop
      vertex -45.2701 18.7515 0.299988
      vertex -43.9468 21.6721 0.299988
      vertex -50.8134 21.0476 20
    endloop
  endfacet
  facet normal 0.871384 -0.394825 0.291212
    outer loop
      vertex -43.9468 21.6721 0.299988
      vertex -49.328 24.3259 20
      vertex -50.8134 21.0476 20
    endloop
  endfacet
  facet normal 0.910865 -0.412705 0
    outer loop
      vertex -45.2701 18.7515 0.299988
      vertex -43.9468 21.6721 -0.199997
      vertex -43.9468 21.6721 0.299988
    endloop
  endfacet
  facet normal 0.910865 -0.412705 0
    outer loop
      vertex -43.9468 21.6721 -0.199997
      vertex -45.2701 18.7515 0.299988
      vertex -45.2701 18.7515 -0.199997
    endloop
  endfacet
  facet normal 0.910867 -0.412701 0
    outer loop
      vertex -61.8999 25.6398 -0.199997
      vertex -60.0905 29.6333 -3
      vertex -60.0905 29.6333 -0.199997
    endloop
  endfacet
  facet normal 0.910867 -0.412701 0
    outer loop
      vertex -60.0905 29.6333 -3
      vertex -61.8999 25.6398 -0.199997
      vertex -61.8999 25.6398 -3
    endloop
  endfacet
  facet normal -0.910871 0.41269 0
    outer loop
      vertex -65.5954 27.1705 -3
      vertex -63.678 31.4025 20
      vertex -63.678 31.4025 -3
    endloop
  endfacet
  facet normal -0.910871 0.41269 0
    outer loop
      vertex -63.678 31.4025 20
      vertex -65.5954 27.1705 -3
      vertex -65.5954 27.1705 20
    endloop
  endfacet
  facet normal 0.843691 -0.450979 0.291212
    outer loop
      vertex -43.9468 21.6721 0.299988
      vertex -42.4352 24.5 0.299988
      vertex -49.328 24.3259 20
    endloop
  endfacet
  facet normal 0.843696 -0.450967 0.291214
    outer loop
      vertex -42.4352 24.5 0.299988
      vertex -47.6314 27.5 20
      vertex -49.328 24.3259 20
    endloop
  endfacet
  facet normal 0.881914 -0.47141 0
    outer loop
      vertex -43.9468 21.6721 0.299988
      vertex -42.4352 24.5 -0.199997
      vertex -42.4352 24.5 0.299988
    endloop
  endfacet
  facet normal 0.881914 -0.47141 0
    outer loop
      vertex -42.4352 24.5 -0.199997
      vertex -43.9468 21.6721 0.299988
      vertex -43.9468 21.6721 -0.199997
    endloop
  endfacet
  facet normal 0.881921 -0.471398 0
    outer loop
      vertex -60.0905 29.6333 -0.199997
      vertex -58.0237 33.5 -3
      vertex -58.0237 33.5 -0.199997
    endloop
  endfacet
  facet normal 0.881921 -0.471398 0
    outer loop
      vertex -58.0237 33.5 -3
      vertex -60.0905 29.6333 -0.199997
      vertex -60.0905 29.6333 -3
    endloop
  endfacet
  facet normal -0.881918 0.471404 0
    outer loop
      vertex -63.678 31.4025 -3
      vertex -61.4878 35.5 20
      vertex -61.4878 35.5 -3
    endloop
  endfacet
  facet normal -0.881918 0.471404 0
    outer loop
      vertex -61.4878 35.5 20
      vertex -63.678 31.4025 -3
      vertex -63.678 31.4025 20
    endloop
  endfacet
  facet normal 0.812397 -0.505179 0.291214
    outer loop
      vertex -42.4352 24.5 0.299988
      vertex -40.742 27.2229 0.299988
      vertex -47.6314 27.5 20
    endloop
  endfacet
  facet normal 0.812395 -0.505182 0.291213
    outer loop
      vertex -40.742 27.2229 0.299988
      vertex -45.7308 30.5564 20
      vertex -47.6314 27.5 20
    endloop
  endfacet
  facet normal 0.849203 -0.528066 0
    outer loop
      vertex -42.4352 24.5 0.299988
      vertex -40.742 27.2229 -0.199997
      vertex -40.742 27.2229 0.299988
    endloop
  endfacet
  facet normal 0.849203 -0.528066 0
    outer loop
      vertex -40.742 27.2229 -0.199997
      vertex -42.4352 24.5 0.299988
      vertex -42.4352 24.5 -0.199997
    endloop
  endfacet
  facet normal 0.849206 -0.528062 0
    outer loop
      vertex -58.0237 33.5 -0.199997
      vertex -55.7085 37.2232 -3
      vertex -55.7085 37.2232 -0.199997
    endloop
  endfacet
  facet normal 0.849206 -0.528062 0
    outer loop
      vertex -55.7085 37.2232 -3
      vertex -58.0237 33.5 -0.199997
      vertex -58.0237 33.5 -3
    endloop
  endfacet
  facet normal -0.849199 0.528073 0
    outer loop
      vertex -61.4878 35.5 -3
      vertex -59.0343 39.4455 20
      vertex -59.0343 39.4455 -3
    endloop
  endfacet
  facet normal -0.849199 0.528073 0
    outer loop
      vertex -59.0343 39.4455 20
      vertex -61.4878 35.5 -3
      vertex -61.4878 35.5 20
    endloop
  endfacet
  facet normal 0.777619 -0.557228 0.291213
    outer loop
      vertex -40.742 27.2229 0.299988
      vertex -38.8743 29.8293 0.299988
      vertex -45.7308 30.5564 20
    endloop
  endfacet
  facet normal 0.777615 -0.557235 0.291212
    outer loop
      vertex -38.8743 29.8293 0.299988
      vertex -43.6344 33.4819 20
      vertex -45.7308 30.5564 20
    endloop
  endfacet
  facet normal 0.81285 -0.582474 0
    outer loop
      vertex -40.742 27.2229 0.299988
      vertex -38.8743 29.8293 -0.199997
      vertex -38.8743 29.8293 0.299988
    endloop
  endfacet
  facet normal 0.81285 -0.582474 0
    outer loop
      vertex -38.8743 29.8293 -0.199997
      vertex -40.742 27.2229 0.299988
      vertex -40.742 27.2229 -0.199997
    endloop
  endfacet
  facet normal 0.812845 -0.58248 0
    outer loop
      vertex -55.7085 37.2232 -0.199997
      vertex -53.1547 40.787 -3
      vertex -53.1547 40.787 -0.199997
    endloop
  endfacet
  facet normal 0.812845 -0.58248 0
    outer loop
      vertex -53.1547 40.787 -3
      vertex -55.7085 37.2232 -0.199997
      vertex -55.7085 37.2232 -3
    endloop
  endfacet
  facet normal -0.812854 0.582467 0
    outer loop
      vertex -59.0343 39.4455 -3
      vertex -56.3281 43.2221 20
      vertex -56.3281 43.2221 -3
    endloop
  endfacet
  facet normal -0.812854 0.582467 0
    outer loop
      vertex -56.3281 43.2221 20
      vertex -59.0343 39.4455 -3
      vertex -59.0343 39.4455 20
    endloop
  endfacet
  facet normal 0.739497 -0.606909 0.291212
    outer loop
      vertex -38.8743 29.8293 0.299988
      vertex -36.8401 32.3079 0.299988
      vertex -43.6344 33.4819 20
    endloop
  endfacet
  facet normal 0.739508 -0.606896 0.291215
    outer loop
      vertex -36.8401 32.3079 0.299988
      vertex -41.3512 36.264 20
      vertex -43.6344 33.4819 20
    endloop
  endfacet
  facet normal 0.773 -0.634405 0
    outer loop
      vertex -38.8743 29.8293 0.299988
      vertex -36.8401 32.3079 -0.199997
      vertex -36.8401 32.3079 0.299988
    endloop
  endfacet
  facet normal 0.773 -0.634405 0
    outer loop
      vertex -36.8401 32.3079 -0.199997
      vertex -38.8743 29.8293 0.299988
      vertex -38.8743 29.8293 -0.199997
    endloop
  endfacet
  facet normal 0.773015 -0.634387 0
    outer loop
      vertex -53.1547 40.787 -0.199997
      vertex -50.3733 44.1762 -3
      vertex -50.3733 44.1762 -0.199997
    endloop
  endfacet
  facet normal 0.773015 -0.634387 0
    outer loop
      vertex -50.3733 44.1762 -3
      vertex -53.1547 40.787 -0.199997
      vertex -53.1547 40.787 -3
    endloop
  endfacet
  facet normal -0.773007 0.634397 0
    outer loop
      vertex -56.3281 43.2221 -3
      vertex -53.3806 46.8136 20
      vertex -53.3806 46.8136 -3
    endloop
  endfacet
  facet normal -0.773007 0.634397 0
    outer loop
      vertex -53.3806 46.8136 20
      vertex -56.3281 43.2221 -3
      vertex -56.3281 43.2221 20
    endloop
  endfacet
  facet normal 0.698235 -0.653959 0.291215
    outer loop
      vertex -36.8401 32.3079 0.299988
      vertex -34.6482 34.6482 0.299988
      vertex -41.3512 36.264 20
    endloop
  endfacet
  facet normal 0.698238 -0.653955 0.291216
    outer loop
      vertex -34.6482 34.6482 0.299988
      vertex -38.8909 38.8909 20
      vertex -41.3512 36.264 20
    endloop
  endfacet
  facet normal 0.729869 -0.683587 0
    outer loop
      vertex -36.8401 32.3079 0.299988
      vertex -34.6482 34.6482 -0.199997
      vertex -34.6482 34.6482 0.299988
    endloop
  endfacet
  facet normal 0.729869 -0.683587 0
    outer loop
      vertex -34.6482 34.6482 -0.199997
      vertex -36.8401 32.3079 0.299988
      vertex -36.8401 32.3079 -0.199997
    endloop
  endfacet
  facet normal 0.729867 -0.683589 0
    outer loop
      vertex -50.3733 44.1762 -0.199997
      vertex -47.3762 47.3762 -3
      vertex -47.3762 47.3762 -0.199997
    endloop
  endfacet
  facet normal 0.729867 -0.683589 0
    outer loop
      vertex -47.3762 47.3762 -3
      vertex -50.3733 44.1762 -0.199997
      vertex -50.3733 44.1762 -3
    endloop
  endfacet
  facet normal -0.729866 0.68359 0
    outer loop
      vertex -53.3806 46.8136 -3
      vertex -50.2046 50.2046 20
      vertex -50.2046 50.2046 -3
    endloop
  endfacet
  facet normal -0.729866 0.68359 0
    outer loop
      vertex -50.2046 50.2046 20
      vertex -53.3806 46.8136 -3
      vertex -53.3806 46.8136 20
    endloop
  endfacet
  facet normal 0.653959 -0.698234 0.291216
    outer loop
      vertex -34.6482 34.6482 0.299988
      vertex -32.3079 36.8401 0.299988
      vertex -38.8909 38.8909 20
    endloop
  endfacet
  facet normal 0.653955 -0.698238 0.291215
    outer loop
      vertex -32.3079 36.8401 0.299988
      vertex -36.264 41.3512 20
      vertex -38.8909 38.8909 20
    endloop
  endfacet
  facet normal 0.683587 -0.729869 0
    outer loop
      vertex -34.6482 34.6482 -0.199997
      vertex -32.3079 36.8401 0.299988
      vertex -34.6482 34.6482 0.299988
    endloop
  endfacet
  facet normal 0.683587 -0.729869 0
    outer loop
      vertex -32.3079 36.8401 0.299988
      vertex -34.6482 34.6482 -0.199997
      vertex -32.3079 36.8401 -0.199997
    endloop
  endfacet
  facet normal 0.683589 -0.729867 0
    outer loop
      vertex -47.3762 47.3762 -3
      vertex -44.1762 50.3733 -0.199997
      vertex -47.3762 47.3762 -0.199997
    endloop
  endfacet
  facet normal 0.683589 -0.729867 0
    outer loop
      vertex -44.1762 50.3733 -0.199997
      vertex -47.3762 47.3762 -3
      vertex -44.1762 50.3733 -3
    endloop
  endfacet
  facet normal -0.68359 0.729866 0
    outer loop
      vertex -46.8136 53.3806 -3
      vertex -50.2046 50.2046 20
      vertex -46.8136 53.3806 20
    endloop
  endfacet
  facet normal -0.68359 0.729866 0
    outer loop
      vertex -50.2046 50.2046 20
      vertex -46.8136 53.3806 -3
      vertex -50.2046 50.2046 -3
    endloop
  endfacet
  facet normal 0.606909 -0.739497 0.291215
    outer loop
      vertex -32.3079 36.8401 0.299988
      vertex -29.8293 38.8743 0.299988
      vertex -36.264 41.3512 20
    endloop
  endfacet
  facet normal 0.606896 -0.739508 0.291212
    outer loop
      vertex -29.8293 38.8743 0.299988
      vertex -33.4819 43.6344 20
      vertex -36.264 41.3512 20
    endloop
  endfacet
  facet normal 0.634405 -0.773 0
    outer loop
      vertex -32.3079 36.8401 -0.199997
      vertex -29.8293 38.8743 0.299988
      vertex -32.3079 36.8401 0.299988
    endloop
  endfacet
  facet normal 0.634405 -0.773 0
    outer loop
      vertex -29.8293 38.8743 0.299988
      vertex -32.3079 36.8401 -0.199997
      vertex -29.8293 38.8743 -0.199997
    endloop
  endfacet
  facet normal 0.634387 -0.773015 0
    outer loop
      vertex -44.1762 50.3733 -3
      vertex -40.787 53.1547 -0.199997
      vertex -44.1762 50.3733 -0.199997
    endloop
  endfacet
  facet normal 0.634387 -0.773015 0
    outer loop
      vertex -40.787 53.1547 -0.199997
      vertex -44.1762 50.3733 -3
      vertex -40.787 53.1547 -3
    endloop
  endfacet
  facet normal -0.634397 0.773007 0
    outer loop
      vertex -43.2221 56.3281 -3
      vertex -46.8136 53.3806 20
      vertex -43.2221 56.3281 20
    endloop
  endfacet
  facet normal -0.634397 0.773007 0
    outer loop
      vertex -46.8136 53.3806 20
      vertex -43.2221 56.3281 -3
      vertex -46.8136 53.3806 -3
    endloop
  endfacet
  facet normal 0.557228 -0.77762 0.291212
    outer loop
      vertex -29.8293 38.8743 0.299988
      vertex -27.2229 40.742 0.299988
      vertex -33.4819 43.6344 20
    endloop
  endfacet
  facet normal 0.557235 -0.777614 0.291213
    outer loop
      vertex -27.2229 40.742 0.299988
      vertex -30.5564 45.7308 20
      vertex -33.4819 43.6344 20
    endloop
  endfacet
  facet normal 0.582474 -0.81285 0
    outer loop
      vertex -29.8293 38.8743 -0.199997
      vertex -27.2229 40.742 0.299988
      vertex -29.8293 38.8743 0.299988
    endloop
  endfacet
  facet normal 0.582474 -0.81285 0
    outer loop
      vertex -27.2229 40.742 0.299988
      vertex -29.8293 38.8743 -0.199997
      vertex -27.2229 40.742 -0.199997
    endloop
  endfacet
  facet normal 0.58248 -0.812845 0
    outer loop
      vertex -40.787 53.1547 -3
      vertex -37.2232 55.7085 -0.199997
      vertex -40.787 53.1547 -0.199997
    endloop
  endfacet
  facet normal 0.58248 -0.812845 0
    outer loop
      vertex -37.2232 55.7085 -0.199997
      vertex -40.787 53.1547 -3
      vertex -37.2232 55.7085 -3
    endloop
  endfacet
  facet normal -0.582467 0.812854 0
    outer loop
      vertex -39.4455 59.0343 -3
      vertex -43.2221 56.3281 20
      vertex -39.4455 59.0343 20
    endloop
  endfacet
  facet normal -0.582467 0.812854 0
    outer loop
      vertex -43.2221 56.3281 20
      vertex -39.4455 59.0343 -3
      vertex -43.2221 56.3281 -3
    endloop
  endfacet
  facet normal 0.505179 -0.812397 0.291213
    outer loop
      vertex -27.2229 40.742 0.299988
      vertex -24.5 42.4352 0.299988
      vertex -30.5564 45.7308 20
    endloop
  endfacet
  facet normal 0.505182 -0.812395 0.291214
    outer loop
      vertex -24.5 42.4352 0.299988
      vertex -27.5 47.6314 20
      vertex -30.5564 45.7308 20
    endloop
  endfacet
  facet normal 0.528066 -0.849203 0
    outer loop
      vertex -27.2229 40.742 -0.199997
      vertex -24.5 42.4352 0.299988
      vertex -27.2229 40.742 0.299988
    endloop
  endfacet
  facet normal 0.528066 -0.849203 0
    outer loop
      vertex -24.5 42.4352 0.299988
      vertex -27.2229 40.742 -0.199997
      vertex -24.5 42.4352 -0.199997
    endloop
  endfacet
  facet normal 0.528062 -0.849206 0
    outer loop
      vertex -37.2232 55.7085 -3
      vertex -33.5 58.0237 -0.199997
      vertex -37.2232 55.7085 -0.199997
    endloop
  endfacet
  facet normal 0.528062 -0.849206 0
    outer loop
      vertex -33.5 58.0237 -0.199997
      vertex -37.2232 55.7085 -3
      vertex -33.5 58.0237 -3
    endloop
  endfacet
  facet normal -0.528073 0.849199 0
    outer loop
      vertex -35.5 61.4878 -3
      vertex -39.4455 59.0343 20
      vertex -35.5 61.4878 20
    endloop
  endfacet
  facet normal -0.528073 0.849199 0
    outer loop
      vertex -39.4455 59.0343 20
      vertex -35.5 61.4878 -3
      vertex -39.4455 59.0343 -3
    endloop
  endfacet
  facet normal 0.450978 -0.84369 0.291214
    outer loop
      vertex -24.5 42.4352 0.299988
      vertex -21.6721 43.9468 0.299988
      vertex -27.5 47.6314 20
    endloop
  endfacet
  facet normal 0.450967 -0.843697 0.291212
    outer loop
      vertex -21.6721 43.9468 0.299988
      vertex -24.3259 49.328 20
      vertex -27.5 47.6314 20
    endloop
  endfacet
  facet normal 0.47141 -0.881914 0
    outer loop
      vertex -24.5 42.4352 -0.199997
      vertex -21.6721 43.9468 0.299988
      vertex -24.5 42.4352 0.299988
    endloop
  endfacet
  facet normal 0.47141 -0.881914 0
    outer loop
      vertex -21.6721 43.9468 0.299988
      vertex -24.5 42.4352 -0.199997
      vertex -21.6721 43.9468 -0.199997
    endloop
  endfacet
  facet normal 0.471398 -0.881921 0
    outer loop
      vertex -33.5 58.0237 -3
      vertex -29.6333 60.0905 -0.199997
      vertex -33.5 58.0237 -0.199997
    endloop
  endfacet
  facet normal 0.471398 -0.881921 0
    outer loop
      vertex -29.6333 60.0905 -0.199997
      vertex -33.5 58.0237 -3
      vertex -29.6333 60.0905 -3
    endloop
  endfacet
  facet normal -0.471404 0.881918 0
    outer loop
      vertex -31.4025 63.678 -3
      vertex -35.5 61.4878 20
      vertex -31.4025 63.678 20
    endloop
  endfacet
  facet normal -0.471404 0.881918 0
    outer loop
      vertex -35.5 61.4878 20
      vertex -31.4025 63.678 -3
      vertex -35.5 61.4878 -3
    endloop
  endfacet
  facet normal 0.394818 -0.871386 0.291212
    outer loop
      vertex -21.6721 43.9468 0.299988
      vertex -18.7515 45.2701 0.299988
      vertex -24.3259 49.328 20
    endloop
  endfacet
  facet normal 0.394824 -0.871383 0.291213
    outer loop
      vertex -18.7515 45.2701 0.299988
      vertex -21.0476 50.8134 20
      vertex -24.3259 49.328 20
    endloop
  endfacet
  facet normal 0.412705 -0.910865 0
    outer loop
      vertex -21.6721 43.9468 -0.199997
      vertex -18.7515 45.2701 0.299988
      vertex -21.6721 43.9468 0.299988
    endloop
  endfacet
  facet normal 0.412705 -0.910865 0
    outer loop
      vertex -18.7515 45.2701 0.299988
      vertex -21.6721 43.9468 -0.199997
      vertex -18.7515 45.2701 -0.199997
    endloop
  endfacet
  facet normal 0.412701 -0.910867 0
    outer loop
      vertex -29.6333 60.0905 -3
      vertex -25.6398 61.8999 -0.199997
      vertex -29.6333 60.0905 -0.199997
    endloop
  endfacet
  facet normal 0.412701 -0.910867 0
    outer loop
      vertex -25.6398 61.8999 -0.199997
      vertex -29.6333 60.0905 -3
      vertex -25.6398 61.8999 -3
    endloop
  endfacet
  facet normal -0.41269 0.910871 0
    outer loop
      vertex -27.1705 65.5954 -3
      vertex -31.4025 63.678 20
      vertex -27.1705 65.5954 20
    endloop
  endfacet
  facet normal -0.41269 0.910871 0
    outer loop
      vertex -31.4025 63.678 20
      vertex -27.1705 65.5954 -3
      vertex -31.4025 63.678 -3
    endloop
  endfacet
  facet normal 0.336984 -0.895342 0.291213
    outer loop
      vertex -18.7515 45.2701 0.299988
      vertex -15.7505 46.3996 0.299988
      vertex -21.0476 50.8134 20
    endloop
  endfacet
  facet normal 0.336988 -0.89534 0.291214
    outer loop
      vertex -15.7505 46.3996 0.299988
      vertex -17.6792 52.0812 20
      vertex -21.0476 50.8134 20
    endloop
  endfacet
  facet normal 0.352251 -0.935906 0
    outer loop
      vertex -18.7515 45.2701 -0.199997
      vertex -15.7505 46.3996 0.299988
      vertex -18.7515 45.2701 0.299988
    endloop
  endfacet
  facet normal 0.352251 -0.935906 0
    outer loop
      vertex -15.7505 46.3996 0.299988
      vertex -18.7515 45.2701 -0.199997
      vertex -15.7505 46.3996 -0.199997
    endloop
  endfacet
  facet normal 0.352248 -0.935907 0
    outer loop
      vertex -25.6398 61.8999 -3
      vertex -21.5364 63.4443 -0.199997
      vertex -25.6398 61.8999 -0.199997
    endloop
  endfacet
  facet normal 0.352248 -0.935907 0
    outer loop
      vertex -21.5364 63.4443 -0.199997
      vertex -25.6398 61.8999 -3
      vertex -21.5364 63.4443 -3
    endloop
  endfacet
  facet normal -0.352253 0.935905 0
    outer loop
      vertex -22.8222 67.232 -3
      vertex -27.1705 65.5954 20
      vertex -22.8222 67.232 20
    endloop
  endfacet
  facet normal -0.352253 0.935905 0
    outer loop
      vertex -27.1705 65.5954 20
      vertex -22.8222 67.232 -3
      vertex -27.1705 65.5954 -3
    endloop
  endfacet
  facet normal 0.277706 -0.915464 0.291214
    outer loop
      vertex -15.7505 46.3996 0.299988
      vertex -12.6821 47.3304 0.299988
      vertex -17.6792 52.0812 20
    endloop
  endfacet
  facet normal 0.277682 -0.915472 0.29121
    outer loop
      vertex -12.6821 47.3304 0.299988
      vertex -14.235 53.1259 20
      vertex -17.6792 52.0812 20
    endloop
  endfacet
  facet normal 0.290288 -0.956939 0
    outer loop
      vertex -15.7505 46.3996 -0.199997
      vertex -12.6821 47.3304 0.299988
      vertex -15.7505 46.3996 0.299988
    endloop
  endfacet
  facet normal 0.290288 -0.956939 0
    outer loop
      vertex -12.6821 47.3304 0.299988
      vertex -15.7505 46.3996 -0.199997
      vertex -12.6821 47.3304 -0.199997
    endloop
  endfacet
  facet normal 0.290287 -0.95694 0
    outer loop
      vertex -21.5364 63.4443 -3
      vertex -17.3409 64.717 -0.199997
      vertex -21.5364 63.4443 -0.199997
    endloop
  endfacet
  facet normal 0.290287 -0.95694 0
    outer loop
      vertex -17.3409 64.717 -0.199997
      vertex -21.5364 63.4443 -3
      vertex -17.3409 64.717 -3
    endloop
  endfacet
  facet normal -0.290289 0.956939 0
    outer loop
      vertex -18.3762 68.5807 -3
      vertex -22.8222 67.232 20
      vertex -18.3762 68.5807 20
    endloop
  endfacet
  facet normal -0.290289 0.956939 0
    outer loop
      vertex -22.8222 67.232 20
      vertex -18.3762 68.5807 -3
      vertex -22.8222 67.232 -3
    endloop
  endfacet
  facet normal 0.217233 -0.931669 0.291209
    outer loop
      vertex -12.6821 47.3304 0.299988
      vertex -9.55943 48.0585 0.299988
      vertex -14.235 53.1259 20
    endloop
  endfacet
  facet normal 0.217247 -0.931665 0.291212
    outer loop
      vertex -9.55943 48.0585 0.299988
      vertex -10.73 53.9432 20
      vertex -14.235 53.1259 20
    endloop
  endfacet
  facet normal 0.227075 -0.973877 0
    outer loop
      vertex -12.6821 47.3304 -0.199997
      vertex -9.55943 48.0585 0.299988
      vertex -12.6821 47.3304 0.299988
    endloop
  endfacet
  facet normal 0.227075 -0.973877 0
    outer loop
      vertex -9.55943 48.0585 0.299988
      vertex -12.6821 47.3304 -0.199997
      vertex -9.55943 48.0585 -0.199997
    endloop
  endfacet
  facet normal 0.227081 -0.973876 0
    outer loop
      vertex -17.3409 64.717 -3
      vertex -13.0711 65.7126 -0.199997
      vertex -17.3409 64.717 -0.199997
    endloop
  endfacet
  facet normal 0.227081 -0.973876 0
    outer loop
      vertex -13.0711 65.7126 -0.199997
      vertex -17.3409 64.717 -3
      vertex -13.0711 65.7126 -3
    endloop
  endfacet
  facet normal -0.227089 0.973874 0
    outer loop
      vertex -13.8514 69.6358 -3
      vertex -18.3762 68.5807 20
      vertex -13.8514 69.6358 20
    endloop
  endfacet
  facet normal -0.227089 0.973874 0
    outer loop
      vertex -18.3762 68.5807 20
      vertex -13.8514 69.6358 -3
      vertex -18.3762 68.5807 -3
    endloop
  endfacet
  facet normal 0.155829 -0.943882 0.291212
    outer loop
      vertex -9.55943 48.0585 0.299988
      vertex -6.39578 48.5808 0.299988
      vertex -10.73 53.9432 20
    endloop
  endfacet
  facet normal 0.15584 -0.94388 0.291213
    outer loop
      vertex -6.39578 48.5808 0.299988
      vertex -7.17894 54.5295 20
      vertex -10.73 53.9432 20
    endloop
  endfacet
  facet normal 0.162889 -0.986644 0
    outer loop
      vertex -9.55943 48.0585 -0.199997
      vertex -6.39578 48.5808 0.299988
      vertex -9.55943 48.0585 0.299988
    endloop
  endfacet
  facet normal 0.162889 -0.986644 0
    outer loop
      vertex -6.39578 48.5808 0.299988
      vertex -9.55943 48.0585 -0.199997
      vertex -6.39578 48.5808 -0.199997
    endloop
  endfacet
  facet normal 0.162895 -0.986643 0
    outer loop
      vertex -13.0711 65.7126 -3
      vertex -8.74525 66.4268 -0.199997
      vertex -13.0711 65.7126 -0.199997
    endloop
  endfacet
  facet normal 0.162895 -0.986643 0
    outer loop
      vertex -8.74525 66.4268 -0.199997
      vertex -13.0711 65.7126 -3
      vertex -8.74525 66.4268 -3
    endloop
  endfacet
  facet normal -0.16289 0.986644 0
    outer loop
      vertex -9.26736 70.3926 -3
      vertex -13.8514 69.6358 20
      vertex -9.26736 70.3926 20
    endloop
  endfacet
  facet normal -0.16289 0.986644 0
    outer loop
      vertex -13.8514 69.6358 20
      vertex -9.26736 70.3926 -3
      vertex -13.8514 69.6358 -3
    endloop
  endfacet
  facet normal 0.0937721 -0.952051 0.291213
    outer loop
      vertex -6.39578 48.5808 0.299988
      vertex -3.20475 48.8951 0.299988
      vertex -7.17894 54.5295 20
    endloop
  endfacet
  facet normal 0.0937496 -0.952055 0.29121
    outer loop
      vertex -3.20475 48.8951 0.299988
      vertex -3.59717 54.8822 20
      vertex -7.17894 54.5295 20
    endloop
  endfacet
  facet normal 0.0980205 -0.995184 0
    outer loop
      vertex -6.39578 48.5808 -0.199997
      vertex -3.20475 48.8951 0.299988
      vertex -6.39578 48.5808 0.299988
    endloop
  endfacet
  facet normal 0.0980205 -0.995184 0
    outer loop
      vertex -3.20475 48.8951 0.299988
      vertex -6.39578 48.5808 -0.199997
      vertex -3.20475 48.8951 -0.199997
    endloop
  endfacet
  facet normal 0.0980077 -0.995186 0
    outer loop
      vertex -8.74525 66.4268 -3
      vertex -4.38201 66.8565 -0.199997
      vertex -8.74525 66.4268 -0.199997
    endloop
  endfacet
  facet normal 0.0980077 -0.995186 0
    outer loop
      vertex -4.38201 66.8565 -0.199997
      vertex -8.74525 66.4268 -3
      vertex -4.38201 66.8565 -3
    endloop
  endfacet
  facet normal -0.0980174 0.995185 0
    outer loop
      vertex -4.64362 70.848 -3
      vertex -9.26736 70.3926 20
      vertex -4.64362 70.848 20
    endloop
  endfacet
  facet normal -0.0980174 0.995185 0
    outer loop
      vertex -9.26736 70.3926 20
      vertex -4.64362 70.848 -3
      vertex -9.26736 70.3926 -3
    endloop
  endfacet
  facet normal 0.0312972 -0.956147 0.29121
    outer loop
      vertex -3.20475 48.8951 0.299988
      vertex 0 49 0.299988
      vertex -3.59717 54.8822 20
    endloop
  endfacet
  facet normal 0.0313118 -0.956146 0.291212
    outer loop
      vertex 0 49 0.299988
      vertex 0 55 20
      vertex -3.59717 54.8822 20
    endloop
  endfacet
  facet normal 0.0327151 -0.999465 0
    outer loop
      vertex -3.20475 48.8951 -0.199997
      vertex 0 49 0.299988
      vertex -3.20475 48.8951 0.299988
    endloop
  endfacet
  facet normal 0.0327151 -0.999465 0
    outer loop
      vertex 0 49 0.299988
      vertex -3.20475 48.8951 -0.199997
      vertex 0 49 -0.199997
    endloop
  endfacet
  facet normal 0.03273 -0.999464 0
    outer loop
      vertex -4.38201 66.8565 -3
      vertex 0 67 -0.199997
      vertex -4.38201 66.8565 -0.199997
    endloop
  endfacet
  facet normal 0.03273 -0.999464 0
    outer loop
      vertex 0 67 -0.199997
      vertex -4.38201 66.8565 -3
      vertex 0 67 -3
    endloop
  endfacet
  facet normal -0.0327156 0.999465 0
    outer loop
      vertex 0 71 -3
      vertex -4.64362 70.848 20
      vertex 0 71 20
    endloop
  endfacet
  facet normal -0.0327156 0.999465 0
    outer loop
      vertex -4.64362 70.848 20
      vertex 0 71 -3
      vertex -4.64362 70.848 -3
    endloop
  endfacet
  facet normal -0.0312972 -0.956146 0.291212
    outer loop
      vertex 3.20475 48.8951 0.299988
      vertex 0 55 20
      vertex 0 49 0.299988
    endloop
  endfacet
  facet normal -0.0313119 -0.956147 0.29121
    outer loop
      vertex 3.20475 48.8951 0.299988
      vertex 3.59717 54.8822 20
      vertex 0 55 20
    endloop
  endfacet
  facet normal -0.0327151 -0.999465 0
    outer loop
      vertex 0 49 -0.199997
      vertex 3.20475 48.8951 0.299988
      vertex 0 49 0.299988
    endloop
  endfacet
  facet normal -0.0327151 -0.999465 -0
    outer loop
      vertex 3.20475 48.8951 0.299988
      vertex 0 49 -0.199997
      vertex 3.20475 48.8951 -0.199997
    endloop
  endfacet
  facet normal -0.03273 -0.999464 0
    outer loop
      vertex 0 67 -3
      vertex 4.38201 66.8565 -0.199997
      vertex 0 67 -0.199997
    endloop
  endfacet
  facet normal -0.03273 -0.999464 -0
    outer loop
      vertex 4.38201 66.8565 -0.199997
      vertex 0 67 -3
      vertex 4.38201 66.8565 -3
    endloop
  endfacet
  facet normal 0.0327156 0.999465 -0
    outer loop
      vertex 4.64362 70.848 -3
      vertex 0 71 20
      vertex 4.64362 70.848 20
    endloop
  endfacet
  facet normal 0.0327156 0.999465 0
    outer loop
      vertex 0 71 20
      vertex 4.64362 70.848 -3
      vertex 0 71 -3
    endloop
  endfacet
  facet normal -0.0937723 -0.952052 0.29121
    outer loop
      vertex 6.39578 48.5808 0.299988
      vertex 3.59717 54.8822 20
      vertex 3.20475 48.8951 0.299988
    endloop
  endfacet
  facet normal -0.0937495 -0.952054 0.291213
    outer loop
      vertex 6.39578 48.5808 0.299988
      vertex 7.17894 54.5295 20
      vertex 3.59717 54.8822 20
    endloop
  endfacet
  facet normal -0.0980205 -0.995184 0
    outer loop
      vertex 3.20475 48.8951 -0.199997
      vertex 6.39578 48.5808 0.299988
      vertex 3.20475 48.8951 0.299988
    endloop
  endfacet
  facet normal -0.0980205 -0.995184 -0
    outer loop
      vertex 6.39578 48.5808 0.299988
      vertex 3.20475 48.8951 -0.199997
      vertex 6.39578 48.5808 -0.199997
    endloop
  endfacet
  facet normal -0.0980077 -0.995186 0
    outer loop
      vertex 4.38201 66.8565 -3
      vertex 8.74525 66.4268 -0.199997
      vertex 4.38201 66.8565 -0.199997
    endloop
  endfacet
  facet normal -0.0980077 -0.995186 -0
    outer loop
      vertex 8.74525 66.4268 -0.199997
      vertex 4.38201 66.8565 -3
      vertex 8.74525 66.4268 -3
    endloop
  endfacet
  facet normal 0.0980174 0.995185 -0
    outer loop
      vertex 9.26736 70.3926 -3
      vertex 4.64362 70.848 20
      vertex 9.26736 70.3926 20
    endloop
  endfacet
  facet normal 0.0980174 0.995185 0
    outer loop
      vertex 4.64362 70.848 20
      vertex 9.26736 70.3926 -3
      vertex 4.64362 70.848 -3
    endloop
  endfacet
  facet normal -0.155829 -0.943881 0.291213
    outer loop
      vertex 9.55943 48.0585 0.299988
      vertex 7.17894 54.5295 20
      vertex 6.39578 48.5808 0.299988
    endloop
  endfacet
  facet normal -0.15584 -0.94388 0.291212
    outer loop
      vertex 9.55943 48.0585 0.299988
      vertex 10.73 53.9432 20
      vertex 7.17894 54.5295 20
    endloop
  endfacet
  facet normal -0.162889 -0.986644 0
    outer loop
      vertex 6.39578 48.5808 -0.199997
      vertex 9.55943 48.0585 0.299988
      vertex 6.39578 48.5808 0.299988
    endloop
  endfacet
  facet normal -0.162889 -0.986644 -0
    outer loop
      vertex 9.55943 48.0585 0.299988
      vertex 6.39578 48.5808 -0.199997
      vertex 9.55943 48.0585 -0.199997
    endloop
  endfacet
  facet normal -0.162895 -0.986643 0
    outer loop
      vertex 8.74525 66.4268 -3
      vertex 13.0711 65.7126 -0.199997
      vertex 8.74525 66.4268 -0.199997
    endloop
  endfacet
  facet normal -0.162895 -0.986643 -0
    outer loop
      vertex 13.0711 65.7126 -0.199997
      vertex 8.74525 66.4268 -3
      vertex 13.0711 65.7126 -3
    endloop
  endfacet
  facet normal 0.16289 0.986644 -0
    outer loop
      vertex 13.8514 69.6358 -3
      vertex 9.26736 70.3926 20
      vertex 13.8514 69.6358 20
    endloop
  endfacet
  facet normal 0.16289 0.986644 0
    outer loop
      vertex 9.26736 70.3926 20
      vertex 13.8514 69.6358 -3
      vertex 9.26736 70.3926 -3
    endloop
  endfacet
  facet normal -0.217233 -0.931668 0.291212
    outer loop
      vertex 12.6821 47.3304 0.299988
      vertex 10.73 53.9432 20
      vertex 9.55943 48.0585 0.299988
    endloop
  endfacet
  facet normal -0.217247 -0.931666 0.29121
    outer loop
      vertex 12.6821 47.3304 0.299988
      vertex 14.235 53.1259 20
      vertex 10.73 53.9432 20
    endloop
  endfacet
  facet normal -0.227075 -0.973877 0
    outer loop
      vertex 9.55943 48.0585 -0.199997
      vertex 12.6821 47.3304 0.299988
      vertex 9.55943 48.0585 0.299988
    endloop
  endfacet
  facet normal -0.227075 -0.973877 -0
    outer loop
      vertex 12.6821 47.3304 0.299988
      vertex 9.55943 48.0585 -0.199997
      vertex 12.6821 47.3304 -0.199997
    endloop
  endfacet
  facet normal -0.227081 -0.973876 0
    outer loop
      vertex 13.0711 65.7126 -3
      vertex 17.3409 64.717 -0.199997
      vertex 13.0711 65.7126 -0.199997
    endloop
  endfacet
  facet normal -0.227081 -0.973876 -0
    outer loop
      vertex 17.3409 64.717 -0.199997
      vertex 13.0711 65.7126 -3
      vertex 17.3409 64.717 -3
    endloop
  endfacet
  facet normal 0.227089 0.973874 -0
    outer loop
      vertex 18.3762 68.5807 -3
      vertex 13.8514 69.6358 20
      vertex 18.3762 68.5807 20
    endloop
  endfacet
  facet normal 0.227089 0.973874 0
    outer loop
      vertex 13.8514 69.6358 20
      vertex 18.3762 68.5807 -3
      vertex 13.8514 69.6358 -3
    endloop
  endfacet
  facet normal -0.277707 -0.915465 0.291209
    outer loop
      vertex 15.7505 46.3996 0.299988
      vertex 14.235 53.1259 20
      vertex 12.6821 47.3304 0.299988
    endloop
  endfacet
  facet normal -0.277682 -0.915471 0.291213
    outer loop
      vertex 15.7505 46.3996 0.299988
      vertex 17.6792 52.0812 20
      vertex 14.235 53.1259 20
    endloop
  endfacet
  facet normal -0.290288 -0.956939 0
    outer loop
      vertex 12.6821 47.3304 -0.199997
      vertex 15.7505 46.3996 0.299988
      vertex 12.6821 47.3304 0.299988
    endloop
  endfacet
  facet normal -0.290288 -0.956939 -0
    outer loop
      vertex 15.7505 46.3996 0.299988
      vertex 12.6821 47.3304 -0.199997
      vertex 15.7505 46.3996 -0.199997
    endloop
  endfacet
  facet normal -0.290287 -0.95694 0
    outer loop
      vertex 17.3409 64.717 -3
      vertex 21.5364 63.4443 -0.199997
      vertex 17.3409 64.717 -0.199997
    endloop
  endfacet
  facet normal -0.290287 -0.95694 -0
    outer loop
      vertex 21.5364 63.4443 -0.199997
      vertex 17.3409 64.717 -3
      vertex 21.5364 63.4443 -3
    endloop
  endfacet
  facet normal 0.290289 0.956939 -0
    outer loop
      vertex 22.8222 67.232 -3
      vertex 18.3762 68.5807 20
      vertex 22.8222 67.232 20
    endloop
  endfacet
  facet normal 0.290289 0.956939 0
    outer loop
      vertex 18.3762 68.5807 20
      vertex 22.8222 67.232 -3
      vertex 18.3762 68.5807 -3
    endloop
  endfacet
  facet normal -0.336984 -0.895342 0.291214
    outer loop
      vertex 18.7515 45.2701 0.299988
      vertex 17.6792 52.0812 20
      vertex 15.7505 46.3996 0.299988
    endloop
  endfacet
  facet normal -0.336989 -0.89534 0.291213
    outer loop
      vertex 18.7515 45.2701 0.299988
      vertex 21.0476 50.8134 20
      vertex 17.6792 52.0812 20
    endloop
  endfacet
  facet normal -0.352251 -0.935906 0
    outer loop
      vertex 15.7505 46.3996 -0.199997
      vertex 18.7515 45.2701 0.299988
      vertex 15.7505 46.3996 0.299988
    endloop
  endfacet
  facet normal -0.352251 -0.935906 -0
    outer loop
      vertex 18.7515 45.2701 0.299988
      vertex 15.7505 46.3996 -0.199997
      vertex 18.7515 45.2701 -0.199997
    endloop
  endfacet
  facet normal -0.352248 -0.935907 0
    outer loop
      vertex 21.5364 63.4443 -3
      vertex 25.6398 61.8999 -0.199997
      vertex 21.5364 63.4443 -0.199997
    endloop
  endfacet
  facet normal -0.352248 -0.935907 -0
    outer loop
      vertex 25.6398 61.8999 -0.199997
      vertex 21.5364 63.4443 -3
      vertex 25.6398 61.8999 -3
    endloop
  endfacet
  facet normal 0.352253 0.935905 -0
    outer loop
      vertex 27.1705 65.5954 -3
      vertex 22.8222 67.232 20
      vertex 27.1705 65.5954 20
    endloop
  endfacet
  facet normal 0.352253 0.935905 0
    outer loop
      vertex 22.8222 67.232 20
      vertex 27.1705 65.5954 -3
      vertex 22.8222 67.232 -3
    endloop
  endfacet
  facet normal -0.394818 -0.871386 0.291213
    outer loop
      vertex 21.6721 43.9468 0.299988
      vertex 21.0476 50.8134 20
      vertex 18.7515 45.2701 0.299988
    endloop
  endfacet
  facet normal -0.394825 -0.871384 0.291212
    outer loop
      vertex 21.6721 43.9468 0.299988
      vertex 24.3259 49.328 20
      vertex 21.0476 50.8134 20
    endloop
  endfacet
  facet normal -0.412705 -0.910865 0
    outer loop
      vertex 18.7515 45.2701 -0.199997
      vertex 21.6721 43.9468 0.299988
      vertex 18.7515 45.2701 0.299988
    endloop
  endfacet
  facet normal -0.412705 -0.910865 -0
    outer loop
      vertex 21.6721 43.9468 0.299988
      vertex 18.7515 45.2701 -0.199997
      vertex 21.6721 43.9468 -0.199997
    endloop
  endfacet
  facet normal -0.412701 -0.910867 0
    outer loop
      vertex 25.6398 61.8999 -3
      vertex 29.6333 60.0905 -0.199997
      vertex 25.6398 61.8999 -0.199997
    endloop
  endfacet
  facet normal -0.412701 -0.910867 -0
    outer loop
      vertex 29.6333 60.0905 -0.199997
      vertex 25.6398 61.8999 -3
      vertex 29.6333 60.0905 -3
    endloop
  endfacet
  facet normal 0.41269 0.910871 -0
    outer loop
      vertex 31.4025 63.678 -3
      vertex 27.1705 65.5954 20
      vertex 31.4025 63.678 20
    endloop
  endfacet
  facet normal 0.41269 0.910871 0
    outer loop
      vertex 27.1705 65.5954 20
      vertex 31.4025 63.678 -3
      vertex 27.1705 65.5954 -3
    endloop
  endfacet
  facet normal -0.450979 -0.843691 0.291212
    outer loop
      vertex 24.5 42.4352 0.299988
      vertex 24.3259 49.328 20
      vertex 21.6721 43.9468 0.299988
    endloop
  endfacet
  facet normal -0.450967 -0.843696 0.291214
    outer loop
      vertex 24.5 42.4352 0.299988
      vertex 27.5 47.6314 20
      vertex 24.3259 49.328 20
    endloop
  endfacet
  facet normal -0.47141 -0.881914 0
    outer loop
      vertex 21.6721 43.9468 -0.199997
      vertex 24.5 42.4352 0.299988
      vertex 21.6721 43.9468 0.299988
    endloop
  endfacet
  facet normal -0.47141 -0.881914 -0
    outer loop
      vertex 24.5 42.4352 0.299988
      vertex 21.6721 43.9468 -0.199997
      vertex 24.5 42.4352 -0.199997
    endloop
  endfacet
  facet normal -0.471398 -0.881921 0
    outer loop
      vertex 29.6333 60.0905 -3
      vertex 33.5 58.0237 -0.199997
      vertex 29.6333 60.0905 -0.199997
    endloop
  endfacet
  facet normal -0.471398 -0.881921 -0
    outer loop
      vertex 33.5 58.0237 -0.199997
      vertex 29.6333 60.0905 -3
      vertex 33.5 58.0237 -3
    endloop
  endfacet
  facet normal 0.471404 0.881918 -0
    outer loop
      vertex 35.5 61.4878 -3
      vertex 31.4025 63.678 20
      vertex 35.5 61.4878 20
    endloop
  endfacet
  facet normal 0.471404 0.881918 0
    outer loop
      vertex 31.4025 63.678 20
      vertex 35.5 61.4878 -3
      vertex 31.4025 63.678 -3
    endloop
  endfacet
  facet normal -0.505179 -0.812397 0.291214
    outer loop
      vertex 27.2229 40.742 0.299988
      vertex 27.5 47.6314 20
      vertex 24.5 42.4352 0.299988
    endloop
  endfacet
  facet normal -0.505182 -0.812395 0.291213
    outer loop
      vertex 30.5564 45.7308 20
      vertex 27.5 47.6314 20
      vertex 27.2229 40.742 0.299988
    endloop
  endfacet
  facet normal -0.528066 -0.849203 0
    outer loop
      vertex 24.5 42.4352 -0.199997
      vertex 27.2229 40.742 0.299988
      vertex 24.5 42.4352 0.299988
    endloop
  endfacet
  facet normal -0.528066 -0.849203 -0
    outer loop
      vertex 27.2229 40.742 0.299988
      vertex 24.5 42.4352 -0.199997
      vertex 27.2229 40.742 -0.199997
    endloop
  endfacet
  facet normal -0.528062 -0.849206 0
    outer loop
      vertex 33.5 58.0237 -3
      vertex 37.2232 55.7085 -0.199997
      vertex 33.5 58.0237 -0.199997
    endloop
  endfacet
  facet normal -0.528062 -0.849206 -0
    outer loop
      vertex 37.2232 55.7085 -0.199997
      vertex 33.5 58.0237 -3
      vertex 37.2232 55.7085 -3
    endloop
  endfacet
  facet normal 0.528073 0.849199 -0
    outer loop
      vertex 39.4455 59.0343 -3
      vertex 35.5 61.4878 20
      vertex 39.4455 59.0343 20
    endloop
  endfacet
  facet normal 0.528073 0.849199 0
    outer loop
      vertex 35.5 61.4878 20
      vertex 39.4455 59.0343 -3
      vertex 35.5 61.4878 -3
    endloop
  endfacet
  facet normal -0.557228 -0.777619 0.291213
    outer loop
      vertex 29.8293 38.8743 0.299988
      vertex 30.5564 45.7308 20
      vertex 27.2229 40.742 0.299988
    endloop
  endfacet
  facet normal -0.557235 -0.777615 0.291212
    outer loop
      vertex 33.4819 43.6344 20
      vertex 30.5564 45.7308 20
      vertex 29.8293 38.8743 0.299988
    endloop
  endfacet
  facet normal -0.582474 -0.81285 0
    outer loop
      vertex 27.2229 40.742 -0.199997
      vertex 29.8293 38.8743 0.299988
      vertex 27.2229 40.742 0.299988
    endloop
  endfacet
  facet normal -0.582474 -0.81285 -0
    outer loop
      vertex 29.8293 38.8743 0.299988
      vertex 27.2229 40.742 -0.199997
      vertex 29.8293 38.8743 -0.199997
    endloop
  endfacet
  facet normal -0.58248 -0.812845 0
    outer loop
      vertex 37.2232 55.7085 -3
      vertex 40.787 53.1547 -0.199997
      vertex 37.2232 55.7085 -0.199997
    endloop
  endfacet
  facet normal -0.58248 -0.812845 -0
    outer loop
      vertex 40.787 53.1547 -0.199997
      vertex 37.2232 55.7085 -3
      vertex 40.787 53.1547 -3
    endloop
  endfacet
  facet normal 0.582467 0.812854 -0
    outer loop
      vertex 43.2221 56.3281 -3
      vertex 39.4455 59.0343 20
      vertex 43.2221 56.3281 20
    endloop
  endfacet
  facet normal 0.582467 0.812854 0
    outer loop
      vertex 39.4455 59.0343 20
      vertex 43.2221 56.3281 -3
      vertex 39.4455 59.0343 -3
    endloop
  endfacet
  facet normal -0.606909 -0.739497 0.291212
    outer loop
      vertex 32.3079 36.8401 0.299988
      vertex 33.4819 43.6344 20
      vertex 29.8293 38.8743 0.299988
    endloop
  endfacet
  facet normal -0.606896 -0.739508 0.291215
    outer loop
      vertex 36.264 41.3512 20
      vertex 33.4819 43.6344 20
      vertex 32.3079 36.8401 0.299988
    endloop
  endfacet
  facet normal -0.634405 -0.773 0
    outer loop
      vertex 29.8293 38.8743 -0.199997
      vertex 32.3079 36.8401 0.299988
      vertex 29.8293 38.8743 0.299988
    endloop
  endfacet
  facet normal -0.634405 -0.773 -0
    outer loop
      vertex 32.3079 36.8401 0.299988
      vertex 29.8293 38.8743 -0.199997
      vertex 32.3079 36.8401 -0.199997
    endloop
  endfacet
  facet normal -0.634387 -0.773015 0
    outer loop
      vertex 40.787 53.1547 -3
      vertex 44.1762 50.3733 -0.199997
      vertex 40.787 53.1547 -0.199997
    endloop
  endfacet
  facet normal -0.634387 -0.773015 -0
    outer loop
      vertex 44.1762 50.3733 -0.199997
      vertex 40.787 53.1547 -3
      vertex 44.1762 50.3733 -3
    endloop
  endfacet
  facet normal 0.634397 0.773007 -0
    outer loop
      vertex 46.8136 53.3806 -3
      vertex 43.2221 56.3281 20
      vertex 46.8136 53.3806 20
    endloop
  endfacet
  facet normal 0.634397 0.773007 0
    outer loop
      vertex 43.2221 56.3281 20
      vertex 46.8136 53.3806 -3
      vertex 43.2221 56.3281 -3
    endloop
  endfacet
  facet normal -0.653959 -0.698235 0.291215
    outer loop
      vertex 34.6482 34.6482 0.299988
      vertex 36.264 41.3512 20
      vertex 32.3079 36.8401 0.299988
    endloop
  endfacet
  facet normal -0.653955 -0.698238 0.291216
    outer loop
      vertex 38.8909 38.8909 20
      vertex 36.264 41.3512 20
      vertex 34.6482 34.6482 0.299988
    endloop
  endfacet
  facet normal -0.683587 -0.729869 0
    outer loop
      vertex 32.3079 36.8401 -0.199997
      vertex 34.6482 34.6482 0.299988
      vertex 32.3079 36.8401 0.299988
    endloop
  endfacet
  facet normal -0.683587 -0.729869 -0
    outer loop
      vertex 34.6482 34.6482 0.299988
      vertex 32.3079 36.8401 -0.199997
      vertex 34.6482 34.6482 -0.199997
    endloop
  endfacet
  facet normal -0.683589 -0.729867 0
    outer loop
      vertex 44.1762 50.3733 -3
      vertex 47.3762 47.3762 -0.199997
      vertex 44.1762 50.3733 -0.199997
    endloop
  endfacet
  facet normal -0.683589 -0.729867 -0
    outer loop
      vertex 47.3762 47.3762 -0.199997
      vertex 44.1762 50.3733 -3
      vertex 47.3762 47.3762 -3
    endloop
  endfacet
  facet normal 0.68359 0.729866 -0
    outer loop
      vertex 50.2046 50.2046 -3
      vertex 46.8136 53.3806 20
      vertex 50.2046 50.2046 20
    endloop
  endfacet
  facet normal 0.68359 0.729866 0
    outer loop
      vertex 46.8136 53.3806 20
      vertex 50.2046 50.2046 -3
      vertex 46.8136 53.3806 -3
    endloop
  endfacet
  facet normal -0.698234 -0.653959 0.291216
    outer loop
      vertex 36.8401 32.3079 0.299988
      vertex 38.8909 38.8909 20
      vertex 34.6482 34.6482 0.299988
    endloop
  endfacet
  facet normal -0.698238 -0.653955 0.291215
    outer loop
      vertex 41.3512 36.264 20
      vertex 38.8909 38.8909 20
      vertex 36.8401 32.3079 0.299988
    endloop
  endfacet
  facet normal -0.729869 -0.683587 0
    outer loop
      vertex 36.8401 32.3079 -0.199997
      vertex 34.6482 34.6482 0.299988
      vertex 34.6482 34.6482 -0.199997
    endloop
  endfacet
  facet normal -0.729869 -0.683587 0
    outer loop
      vertex 34.6482 34.6482 0.299988
      vertex 36.8401 32.3079 -0.199997
      vertex 36.8401 32.3079 0.299988
    endloop
  endfacet
  facet normal -0.729867 -0.683589 0
    outer loop
      vertex 50.3733 44.1762 -3
      vertex 47.3762 47.3762 -0.199997
      vertex 47.3762 47.3762 -3
    endloop
  endfacet
  facet normal -0.729867 -0.683589 0
    outer loop
      vertex 47.3762 47.3762 -0.199997
      vertex 50.3733 44.1762 -3
      vertex 50.3733 44.1762 -0.199997
    endloop
  endfacet
  facet normal 0.729866 0.68359 0
    outer loop
      vertex 53.3806 46.8136 20
      vertex 50.2046 50.2046 -3
      vertex 50.2046 50.2046 20
    endloop
  endfacet
  facet normal 0.729866 0.68359 0
    outer loop
      vertex 50.2046 50.2046 -3
      vertex 53.3806 46.8136 20
      vertex 53.3806 46.8136 -3
    endloop
  endfacet
  facet normal -0.739497 -0.606909 0.291215
    outer loop
      vertex 38.8743 29.8293 0.299988
      vertex 41.3512 36.264 20
      vertex 36.8401 32.3079 0.299988
    endloop
  endfacet
  facet normal -0.739508 -0.606896 0.291212
    outer loop
      vertex 43.6344 33.4819 20
      vertex 41.3512 36.264 20
      vertex 38.8743 29.8293 0.299988
    endloop
  endfacet
  facet normal -0.773 -0.634405 0
    outer loop
      vertex 38.8743 29.8293 -0.199997
      vertex 36.8401 32.3079 0.299988
      vertex 36.8401 32.3079 -0.199997
    endloop
  endfacet
  facet normal -0.773 -0.634405 0
    outer loop
      vertex 36.8401 32.3079 0.299988
      vertex 38.8743 29.8293 -0.199997
      vertex 38.8743 29.8293 0.299988
    endloop
  endfacet
  facet normal -0.773015 -0.634387 0
    outer loop
      vertex 53.1547 40.787 -3
      vertex 50.3733 44.1762 -0.199997
      vertex 50.3733 44.1762 -3
    endloop
  endfacet
  facet normal -0.773015 -0.634387 0
    outer loop
      vertex 50.3733 44.1762 -0.199997
      vertex 53.1547 40.787 -3
      vertex 53.1547 40.787 -0.199997
    endloop
  endfacet
  facet normal 0.773007 0.634397 0
    outer loop
      vertex 56.3281 43.2221 20
      vertex 53.3806 46.8136 -3
      vertex 53.3806 46.8136 20
    endloop
  endfacet
  facet normal 0.773007 0.634397 0
    outer loop
      vertex 53.3806 46.8136 -3
      vertex 56.3281 43.2221 20
      vertex 56.3281 43.2221 -3
    endloop
  endfacet
  facet normal -0.77762 -0.557228 0.291212
    outer loop
      vertex 40.742 27.2229 0.299988
      vertex 43.6344 33.4819 20
      vertex 38.8743 29.8293 0.299988
    endloop
  endfacet
  facet normal -0.777614 -0.557235 0.291213
    outer loop
      vertex 45.7308 30.5564 20
      vertex 43.6344 33.4819 20
      vertex 40.742 27.2229 0.299988
    endloop
  endfacet
  facet normal -0.81285 -0.582474 0
    outer loop
      vertex 40.742 27.2229 -0.199997
      vertex 38.8743 29.8293 0.299988
      vertex 38.8743 29.8293 -0.199997
    endloop
  endfacet
  facet normal -0.81285 -0.582474 0
    outer loop
      vertex 38.8743 29.8293 0.299988
      vertex 40.742 27.2229 -0.199997
      vertex 40.742 27.2229 0.299988
    endloop
  endfacet
  facet normal -0.812845 -0.58248 0
    outer loop
      vertex 55.7085 37.2232 -3
      vertex 53.1547 40.787 -0.199997
      vertex 53.1547 40.787 -3
    endloop
  endfacet
  facet normal -0.812845 -0.58248 0
    outer loop
      vertex 53.1547 40.787 -0.199997
      vertex 55.7085 37.2232 -3
      vertex 55.7085 37.2232 -0.199997
    endloop
  endfacet
  facet normal 0.812854 0.582467 0
    outer loop
      vertex 59.0343 39.4455 20
      vertex 56.3281 43.2221 -3
      vertex 56.3281 43.2221 20
    endloop
  endfacet
  facet normal 0.812854 0.582467 0
    outer loop
      vertex 56.3281 43.2221 -3
      vertex 59.0343 39.4455 20
      vertex 59.0343 39.4455 -3
    endloop
  endfacet
  facet normal -0.812397 -0.505179 0.291213
    outer loop
      vertex 42.4352 24.5 0.299988
      vertex 45.7308 30.5564 20
      vertex 40.742 27.2229 0.299988
    endloop
  endfacet
  facet normal -0.812395 -0.505182 0.291214
    outer loop
      vertex 47.6314 27.5 20
      vertex 45.7308 30.5564 20
      vertex 42.4352 24.5 0.299988
    endloop
  endfacet
  facet normal -0.849203 -0.528066 0
    outer loop
      vertex 42.4352 24.5 -0.199997
      vertex 40.742 27.2229 0.299988
      vertex 40.742 27.2229 -0.199997
    endloop
  endfacet
  facet normal -0.849203 -0.528066 0
    outer loop
      vertex 40.742 27.2229 0.299988
      vertex 42.4352 24.5 -0.199997
      vertex 42.4352 24.5 0.299988
    endloop
  endfacet
  facet normal -0.849206 -0.528062 0
    outer loop
      vertex 58.0237 33.5 -3
      vertex 55.7085 37.2232 -0.199997
      vertex 55.7085 37.2232 -3
    endloop
  endfacet
  facet normal -0.849206 -0.528062 0
    outer loop
      vertex 55.7085 37.2232 -0.199997
      vertex 58.0237 33.5 -3
      vertex 58.0237 33.5 -0.199997
    endloop
  endfacet
  facet normal 0.849199 0.528073 0
    outer loop
      vertex 61.4878 35.5 20
      vertex 59.0343 39.4455 -3
      vertex 59.0343 39.4455 20
    endloop
  endfacet
  facet normal 0.849199 0.528073 0
    outer loop
      vertex 59.0343 39.4455 -3
      vertex 61.4878 35.5 20
      vertex 61.4878 35.5 -3
    endloop
  endfacet
  facet normal -0.84369 -0.450978 0.291214
    outer loop
      vertex 43.9468 21.6721 0.299988
      vertex 47.6314 27.5 20
      vertex 42.4352 24.5 0.299988
    endloop
  endfacet
  facet normal -0.843697 -0.450967 0.291212
    outer loop
      vertex 49.328 24.3259 20
      vertex 47.6314 27.5 20
      vertex 43.9468 21.6721 0.299988
    endloop
  endfacet
  facet normal -0.881914 -0.47141 0
    outer loop
      vertex 43.9468 21.6721 -0.199997
      vertex 42.4352 24.5 0.299988
      vertex 42.4352 24.5 -0.199997
    endloop
  endfacet
  facet normal -0.881914 -0.47141 0
    outer loop
      vertex 42.4352 24.5 0.299988
      vertex 43.9468 21.6721 -0.199997
      vertex 43.9468 21.6721 0.299988
    endloop
  endfacet
  facet normal -0.881921 -0.471398 0
    outer loop
      vertex 60.0905 29.6333 -3
      vertex 58.0237 33.5 -0.199997
      vertex 58.0237 33.5 -3
    endloop
  endfacet
  facet normal -0.881921 -0.471398 0
    outer loop
      vertex 58.0237 33.5 -0.199997
      vertex 60.0905 29.6333 -3
      vertex 60.0905 29.6333 -0.199997
    endloop
  endfacet
  facet normal 0.881918 0.471404 0
    outer loop
      vertex 63.678 31.4025 20
      vertex 61.4878 35.5 -3
      vertex 61.4878 35.5 20
    endloop
  endfacet
  facet normal 0.881918 0.471404 0
    outer loop
      vertex 61.4878 35.5 -3
      vertex 63.678 31.4025 20
      vertex 63.678 31.4025 -3
    endloop
  endfacet
  facet normal -0.871386 -0.394818 0.291212
    outer loop
      vertex 45.2701 18.7515 0.299988
      vertex 49.328 24.3259 20
      vertex 43.9468 21.6721 0.299988
    endloop
  endfacet
  facet normal -0.871383 -0.394824 0.291213
    outer loop
      vertex 50.8134 21.0476 20
      vertex 49.328 24.3259 20
      vertex 45.2701 18.7515 0.299988
    endloop
  endfacet
  facet normal -0.910865 -0.412705 0
    outer loop
      vertex 45.2701 18.7515 -0.199997
      vertex 43.9468 21.6721 0.299988
      vertex 43.9468 21.6721 -0.199997
    endloop
  endfacet
  facet normal -0.910865 -0.412705 0
    outer loop
      vertex 43.9468 21.6721 0.299988
      vertex 45.2701 18.7515 -0.199997
      vertex 45.2701 18.7515 0.299988
    endloop
  endfacet
  facet normal -0.910867 -0.412701 0
    outer loop
      vertex 61.8999 25.6398 -3
      vertex 60.0905 29.6333 -0.199997
      vertex 60.0905 29.6333 -3
    endloop
  endfacet
  facet normal -0.910867 -0.412701 0
    outer loop
      vertex 60.0905 29.6333 -0.199997
      vertex 61.8999 25.6398 -3
      vertex 61.8999 25.6398 -0.199997
    endloop
  endfacet
  facet normal 0.910871 0.41269 0
    outer loop
      vertex 65.5954 27.1705 20
      vertex 63.678 31.4025 -3
      vertex 63.678 31.4025 20
    endloop
  endfacet
  facet normal 0.910871 0.41269 0
    outer loop
      vertex 63.678 31.4025 -3
      vertex 65.5954 27.1705 20
      vertex 65.5954 27.1705 -3
    endloop
  endfacet
  facet normal -0.895342 -0.336984 0.291213
    outer loop
      vertex 46.3996 15.7505 0.299988
      vertex 50.8134 21.0476 20
      vertex 45.2701 18.7515 0.299988
    endloop
  endfacet
  facet normal -0.89534 -0.336988 0.291214
    outer loop
      vertex 52.0812 17.6792 20
      vertex 50.8134 21.0476 20
      vertex 46.3996 15.7505 0.299988
    endloop
  endfacet
  facet normal -0.935906 -0.352251 0
    outer loop
      vertex 46.3996 15.7505 -0.199997
      vertex 45.2701 18.7515 0.299988
      vertex 45.2701 18.7515 -0.199997
    endloop
  endfacet
  facet normal -0.935906 -0.352251 0
    outer loop
      vertex 45.2701 18.7515 0.299988
      vertex 46.3996 15.7505 -0.199997
      vertex 46.3996 15.7505 0.299988
    endloop
  endfacet
  facet normal -0.935907 -0.352248 0
    outer loop
      vertex 63.4443 21.5364 -3
      vertex 61.8999 25.6398 -0.199997
      vertex 61.8999 25.6398 -3
    endloop
  endfacet
  facet normal -0.935907 -0.352248 0
    outer loop
      vertex 61.8999 25.6398 -0.199997
      vertex 63.4443 21.5364 -3
      vertex 63.4443 21.5364 -0.199997
    endloop
  endfacet
  facet normal 0.935905 0.352253 0
    outer loop
      vertex 67.232 22.8222 20
      vertex 65.5954 27.1705 -3
      vertex 65.5954 27.1705 20
    endloop
  endfacet
  facet normal 0.935905 0.352253 0
    outer loop
      vertex 65.5954 27.1705 -3
      vertex 67.232 22.8222 20
      vertex 67.232 22.8222 -3
    endloop
  endfacet
  facet normal -0.915464 -0.277706 0.291214
    outer loop
      vertex 47.3304 12.6821 0.299988
      vertex 52.0812 17.6792 20
      vertex 46.3996 15.7505 0.299988
    endloop
  endfacet
  facet normal -0.915472 -0.277682 0.29121
    outer loop
      vertex 53.1259 14.235 20
      vertex 52.0812 17.6792 20
      vertex 47.3304 12.6821 0.299988
    endloop
  endfacet
  facet normal -0.956939 -0.290288 0
    outer loop
      vertex 47.3304 12.6821 -0.199997
      vertex 46.3996 15.7505 0.299988
      vertex 46.3996 15.7505 -0.199997
    endloop
  endfacet
  facet normal -0.956939 -0.290288 0
    outer loop
      vertex 46.3996 15.7505 0.299988
      vertex 47.3304 12.6821 -0.199997
      vertex 47.3304 12.6821 0.299988
    endloop
  endfacet
  facet normal -0.95694 -0.290287 0
    outer loop
      vertex 64.717 17.3409 -3
      vertex 63.4443 21.5364 -0.199997
      vertex 63.4443 21.5364 -3
    endloop
  endfacet
  facet normal -0.95694 -0.290287 0
    outer loop
      vertex 63.4443 21.5364 -0.199997
      vertex 64.717 17.3409 -3
      vertex 64.717 17.3409 -0.199997
    endloop
  endfacet
  facet normal 0.956939 0.290289 0
    outer loop
      vertex 68.5807 18.3762 20
      vertex 67.232 22.8222 -3
      vertex 67.232 22.8222 20
    endloop
  endfacet
  facet normal 0.956939 0.290289 0
    outer loop
      vertex 67.232 22.8222 -3
      vertex 68.5807 18.3762 20
      vertex 68.5807 18.3762 -3
    endloop
  endfacet
  facet normal -0.931669 -0.217233 0.291209
    outer loop
      vertex 48.0585 9.55943 0.299988
      vertex 53.1259 14.235 20
      vertex 47.3304 12.6821 0.299988
    endloop
  endfacet
  facet normal -0.931665 -0.217247 0.291212
    outer loop
      vertex 53.9432 10.73 20
      vertex 53.1259 14.235 20
      vertex 48.0585 9.55943 0.299988
    endloop
  endfacet
  facet normal -0.973877 -0.227075 0
    outer loop
      vertex 48.0585 9.55943 -0.199997
      vertex 47.3304 12.6821 0.299988
      vertex 47.3304 12.6821 -0.199997
    endloop
  endfacet
  facet normal -0.973877 -0.227075 0
    outer loop
      vertex 47.3304 12.6821 0.299988
      vertex 48.0585 9.55943 -0.199997
      vertex 48.0585 9.55943 0.299988
    endloop
  endfacet
  facet normal -0.973876 -0.227081 0
    outer loop
      vertex 65.7126 13.0711 -3
      vertex 64.717 17.3409 -0.199997
      vertex 64.717 17.3409 -3
    endloop
  endfacet
  facet normal -0.973876 -0.227081 0
    outer loop
      vertex 64.717 17.3409 -0.199997
      vertex 65.7126 13.0711 -3
      vertex 65.7126 13.0711 -0.199997
    endloop
  endfacet
  facet normal 0.973874 0.227089 0
    outer loop
      vertex 69.6358 13.8514 20
      vertex 68.5807 18.3762 -3
      vertex 68.5807 18.3762 20
    endloop
  endfacet
  facet normal 0.973874 0.227089 0
    outer loop
      vertex 68.5807 18.3762 -3
      vertex 69.6358 13.8514 20
      vertex 69.6358 13.8514 -3
    endloop
  endfacet
  facet normal -0.943882 -0.155829 0.291212
    outer loop
      vertex 48.5808 6.39578 0.299988
      vertex 53.9432 10.73 20
      vertex 48.0585 9.55943 0.299988
    endloop
  endfacet
  facet normal -0.94388 -0.15584 0.291213
    outer loop
      vertex 54.5295 7.17894 20
      vertex 53.9432 10.73 20
      vertex 48.5808 6.39578 0.299988
    endloop
  endfacet
  facet normal -0.986644 -0.162889 0
    outer loop
      vertex 48.5808 6.39578 -0.199997
      vertex 48.0585 9.55943 0.299988
      vertex 48.0585 9.55943 -0.199997
    endloop
  endfacet
  facet normal -0.986644 -0.162889 0
    outer loop
      vertex 48.0585 9.55943 0.299988
      vertex 48.5808 6.39578 -0.199997
      vertex 48.5808 6.39578 0.299988
    endloop
  endfacet
  facet normal -0.986643 -0.162895 0
    outer loop
      vertex 66.4268 8.74525 -3
      vertex 65.7126 13.0711 -0.199997
      vertex 65.7126 13.0711 -3
    endloop
  endfacet
  facet normal -0.986643 -0.162895 0
    outer loop
      vertex 65.7126 13.0711 -0.199997
      vertex 66.4268 8.74525 -3
      vertex 66.4268 8.74525 -0.199997
    endloop
  endfacet
  facet normal 0.986644 0.16289 0
    outer loop
      vertex 70.3926 9.26736 20
      vertex 69.6358 13.8514 -3
      vertex 69.6358 13.8514 20
    endloop
  endfacet
  facet normal 0.986644 0.16289 0
    outer loop
      vertex 69.6358 13.8514 -3
      vertex 70.3926 9.26736 20
      vertex 70.3926 9.26736 -3
    endloop
  endfacet
  facet normal -0.952051 -0.0937721 0.291213
    outer loop
      vertex 48.8951 3.20475 0.299988
      vertex 54.5295 7.17894 20
      vertex 48.5808 6.39578 0.299988
    endloop
  endfacet
  facet normal -0.952055 -0.0937496 0.29121
    outer loop
      vertex 54.8822 3.59717 20
      vertex 54.5295 7.17894 20
      vertex 48.8951 3.20475 0.299988
    endloop
  endfacet
  facet normal -0.995184 -0.0980205 0
    outer loop
      vertex 48.8951 3.20475 -0.199997
      vertex 48.5808 6.39578 0.299988
      vertex 48.5808 6.39578 -0.199997
    endloop
  endfacet
  facet normal -0.995184 -0.0980205 0
    outer loop
      vertex 48.5808 6.39578 0.299988
      vertex 48.8951 3.20475 -0.199997
      vertex 48.8951 3.20475 0.299988
    endloop
  endfacet
  facet normal -0.995186 -0.0980077 0
    outer loop
      vertex 66.8565 4.38201 -3
      vertex 66.4268 8.74525 -0.199997
      vertex 66.4268 8.74525 -3
    endloop
  endfacet
  facet normal -0.995186 -0.0980077 0
    outer loop
      vertex 66.4268 8.74525 -0.199997
      vertex 66.8565 4.38201 -3
      vertex 66.8565 4.38201 -0.199997
    endloop
  endfacet
  facet normal 0.995185 0.0980174 0
    outer loop
      vertex 70.848 4.64362 20
      vertex 70.3926 9.26736 -3
      vertex 70.3926 9.26736 20
    endloop
  endfacet
  facet normal 0.995185 0.0980174 0
    outer loop
      vertex 70.3926 9.26736 -3
      vertex 70.848 4.64362 20
      vertex 70.848 4.64362 -3
    endloop
  endfacet
  facet normal -0.956147 -0.0312972 0.29121
    outer loop
      vertex 49 0 0.299988
      vertex 54.8822 3.59717 20
      vertex 48.8951 3.20475 0.299988
    endloop
  endfacet
  facet normal -0.956146 -0.0313118 0.291212
    outer loop
      vertex 55 0 20
      vertex 54.8822 3.59717 20
      vertex 49 0 0.299988
    endloop
  endfacet
  facet normal -0.999465 -0.0327151 0
    outer loop
      vertex 49 0 -0.199997
      vertex 48.8951 3.20475 0.299988
      vertex 48.8951 3.20475 -0.199997
    endloop
  endfacet
  facet normal -0.999465 -0.0327151 0
    outer loop
      vertex 48.8951 3.20475 0.299988
      vertex 49 0 -0.199997
      vertex 49 0 0.299988
    endloop
  endfacet
  facet normal -0.999464 -0.03273 0
    outer loop
      vertex 67 0 -3
      vertex 66.8565 4.38201 -0.199997
      vertex 66.8565 4.38201 -3
    endloop
  endfacet
  facet normal -0.999464 -0.03273 0
    outer loop
      vertex 66.8565 4.38201 -0.199997
      vertex 67 0 -3
      vertex 67 0 -0.199997
    endloop
  endfacet
  facet normal 0.999465 0.0327156 0
    outer loop
      vertex 71 0 20
      vertex 70.848 4.64362 -3
      vertex 70.848 4.64362 20
    endloop
  endfacet
  facet normal 0.999465 0.0327156 0
    outer loop
      vertex 70.848 4.64362 -3
      vertex 71 0 20
      vertex 71 0 -3
    endloop
  endfacet
  facet normal -0.956146 0.0312972 0.291212
    outer loop
      vertex 55 0 20
      vertex 49 0 0.299988
      vertex 48.8951 -3.20475 0.299988
    endloop
  endfacet
  facet normal -0.956147 0.0313119 0.29121
    outer loop
      vertex 54.8822 -3.59717 20
      vertex 55 0 20
      vertex 48.8951 -3.20475 0.299988
    endloop
  endfacet
  facet normal -0.999465 0.0327151 0
    outer loop
      vertex 48.8951 -3.20475 -0.199997
      vertex 49 0 0.299988
      vertex 49 0 -0.199997
    endloop
  endfacet
  facet normal -0.999465 0.0327151 0
    outer loop
      vertex 49 0 0.299988
      vertex 48.8951 -3.20475 -0.199997
      vertex 48.8951 -3.20475 0.299988
    endloop
  endfacet
  facet normal -0.999464 0.03273 0
    outer loop
      vertex 66.8565 -4.38201 -3
      vertex 67 0 -0.199997
      vertex 67 0 -3
    endloop
  endfacet
  facet normal -0.999464 0.03273 0
    outer loop
      vertex 67 0 -0.199997
      vertex 66.8565 -4.38201 -3
      vertex 66.8565 -4.38201 -0.199997
    endloop
  endfacet
  facet normal 0.999465 -0.0327156 0
    outer loop
      vertex 70.848 -4.64362 20
      vertex 71 0 -3
      vertex 71 0 20
    endloop
  endfacet
  facet normal 0.999465 -0.0327156 0
    outer loop
      vertex 71 0 -3
      vertex 70.848 -4.64362 20
      vertex 70.848 -4.64362 -3
    endloop
  endfacet
  facet normal -0.952052 0.0937723 0.29121
    outer loop
      vertex 54.8822 -3.59717 20
      vertex 48.8951 -3.20475 0.299988
      vertex 48.5808 -6.39578 0.299988
    endloop
  endfacet
  facet normal -0.952054 0.0937495 0.291213
    outer loop
      vertex 54.5295 -7.17894 20
      vertex 54.8822 -3.59717 20
      vertex 48.5808 -6.39578 0.299988
    endloop
  endfacet
  facet normal -0.995184 0.0980205 0
    outer loop
      vertex 48.5808 -6.39578 -0.199997
      vertex 48.8951 -3.20475 0.299988
      vertex 48.8951 -3.20475 -0.199997
    endloop
  endfacet
  facet normal -0.995184 0.0980205 0
    outer loop
      vertex 48.8951 -3.20475 0.299988
      vertex 48.5808 -6.39578 -0.199997
      vertex 48.5808 -6.39578 0.299988
    endloop
  endfacet
  facet normal -0.995186 0.0980077 0
    outer loop
      vertex 66.4268 -8.74525 -3
      vertex 66.8565 -4.38201 -0.199997
      vertex 66.8565 -4.38201 -3
    endloop
  endfacet
  facet normal -0.995186 0.0980077 0
    outer loop
      vertex 66.8565 -4.38201 -0.199997
      vertex 66.4268 -8.74525 -3
      vertex 66.4268 -8.74525 -0.199997
    endloop
  endfacet
  facet normal 0.995185 -0.0980174 0
    outer loop
      vertex 70.3926 -9.26736 20
      vertex 70.848 -4.64362 -3
      vertex 70.848 -4.64362 20
    endloop
  endfacet
  facet normal 0.995185 -0.0980174 0
    outer loop
      vertex 70.848 -4.64362 -3
      vertex 70.3926 -9.26736 20
      vertex 70.3926 -9.26736 -3
    endloop
  endfacet
  facet normal -0.943881 0.155829 0.291213
    outer loop
      vertex 54.5295 -7.17894 20
      vertex 48.5808 -6.39578 0.299988
      vertex 48.0585 -9.55943 0.299988
    endloop
  endfacet
  facet normal -0.94388 0.15584 0.291212
    outer loop
      vertex 53.9432 -10.73 20
      vertex 54.5295 -7.17894 20
      vertex 48.0585 -9.55943 0.299988
    endloop
  endfacet
  facet normal -0.986644 0.162889 0
    outer loop
      vertex 48.0585 -9.55943 -0.199997
      vertex 48.5808 -6.39578 0.299988
      vertex 48.5808 -6.39578 -0.199997
    endloop
  endfacet
  facet normal -0.986644 0.162889 0
    outer loop
      vertex 48.5808 -6.39578 0.299988
      vertex 48.0585 -9.55943 -0.199997
      vertex 48.0585 -9.55943 0.299988
    endloop
  endfacet
  facet normal -0.986643 0.162895 0
    outer loop
      vertex 65.7126 -13.0711 -3
      vertex 66.4268 -8.74525 -0.199997
      vertex 66.4268 -8.74525 -3
    endloop
  endfacet
  facet normal -0.986643 0.162895 0
    outer loop
      vertex 66.4268 -8.74525 -0.199997
      vertex 65.7126 -13.0711 -3
      vertex 65.7126 -13.0711 -0.199997
    endloop
  endfacet
  facet normal 0.986644 -0.16289 0
    outer loop
      vertex 69.6358 -13.8514 20
      vertex 70.3926 -9.26736 -3
      vertex 70.3926 -9.26736 20
    endloop
  endfacet
  facet normal 0.986644 -0.16289 0
    outer loop
      vertex 70.3926 -9.26736 -3
      vertex 69.6358 -13.8514 20
      vertex 69.6358 -13.8514 -3
    endloop
  endfacet
  facet normal -0.931668 0.217233 0.291212
    outer loop
      vertex 53.9432 -10.73 20
      vertex 48.0585 -9.55943 0.299988
      vertex 47.3304 -12.6821 0.299988
    endloop
  endfacet
  facet normal -0.931666 0.217247 0.29121
    outer loop
      vertex 53.1259 -14.235 20
      vertex 53.9432 -10.73 20
      vertex 47.3304 -12.6821 0.299988
    endloop
  endfacet
  facet normal -0.973877 0.227075 0
    outer loop
      vertex 47.3304 -12.6821 -0.199997
      vertex 48.0585 -9.55943 0.299988
      vertex 48.0585 -9.55943 -0.199997
    endloop
  endfacet
  facet normal -0.973877 0.227075 0
    outer loop
      vertex 48.0585 -9.55943 0.299988
      vertex 47.3304 -12.6821 -0.199997
      vertex 47.3304 -12.6821 0.299988
    endloop
  endfacet
  facet normal -0.973876 0.227081 0
    outer loop
      vertex 64.717 -17.3409 -3
      vertex 65.7126 -13.0711 -0.199997
      vertex 65.7126 -13.0711 -3
    endloop
  endfacet
  facet normal -0.973876 0.227081 0
    outer loop
      vertex 65.7126 -13.0711 -0.199997
      vertex 64.717 -17.3409 -3
      vertex 64.717 -17.3409 -0.199997
    endloop
  endfacet
  facet normal 0.973874 -0.227089 0
    outer loop
      vertex 68.5807 -18.3762 20
      vertex 69.6358 -13.8514 -3
      vertex 69.6358 -13.8514 20
    endloop
  endfacet
  facet normal 0.973874 -0.227089 0
    outer loop
      vertex 69.6358 -13.8514 -3
      vertex 68.5807 -18.3762 20
      vertex 68.5807 -18.3762 -3
    endloop
  endfacet
  facet normal -0.915465 0.277707 0.291209
    outer loop
      vertex 53.1259 -14.235 20
      vertex 47.3304 -12.6821 0.299988
      vertex 46.3996 -15.7505 0.299988
    endloop
  endfacet
  facet normal -0.915471 0.277682 0.291213
    outer loop
      vertex 52.0812 -17.6792 20
      vertex 53.1259 -14.235 20
      vertex 46.3996 -15.7505 0.299988
    endloop
  endfacet
  facet normal -0.956939 0.290288 0
    outer loop
      vertex 46.3996 -15.7505 -0.199997
      vertex 47.3304 -12.6821 0.299988
      vertex 47.3304 -12.6821 -0.199997
    endloop
  endfacet
  facet normal -0.956939 0.290288 0
    outer loop
      vertex 47.3304 -12.6821 0.299988
      vertex 46.3996 -15.7505 -0.199997
      vertex 46.3996 -15.7505 0.299988
    endloop
  endfacet
  facet normal -0.95694 0.290287 0
    outer loop
      vertex 63.4443 -21.5364 -3
      vertex 64.717 -17.3409 -0.199997
      vertex 64.717 -17.3409 -3
    endloop
  endfacet
  facet normal -0.95694 0.290287 0
    outer loop
      vertex 64.717 -17.3409 -0.199997
      vertex 63.4443 -21.5364 -3
      vertex 63.4443 -21.5364 -0.199997
    endloop
  endfacet
  facet normal 0.956939 -0.290289 0
    outer loop
      vertex 67.232 -22.8222 20
      vertex 68.5807 -18.3762 -3
      vertex 68.5807 -18.3762 20
    endloop
  endfacet
  facet normal 0.956939 -0.290289 0
    outer loop
      vertex 68.5807 -18.3762 -3
      vertex 67.232 -22.8222 20
      vertex 67.232 -22.8222 -3
    endloop
  endfacet
  facet normal -0.895342 0.336984 0.291214
    outer loop
      vertex 52.0812 -17.6792 20
      vertex 46.3996 -15.7505 0.299988
      vertex 45.2701 -18.7515 0.299988
    endloop
  endfacet
  facet normal -0.89534 0.336989 0.291213
    outer loop
      vertex 50.8134 -21.0476 20
      vertex 52.0812 -17.6792 20
      vertex 45.2701 -18.7515 0.299988
    endloop
  endfacet
  facet normal -0.935906 0.352251 0
    outer loop
      vertex 45.2701 -18.7515 -0.199997
      vertex 46.3996 -15.7505 0.299988
      vertex 46.3996 -15.7505 -0.199997
    endloop
  endfacet
  facet normal -0.935906 0.352251 0
    outer loop
      vertex 46.3996 -15.7505 0.299988
      vertex 45.2701 -18.7515 -0.199997
      vertex 45.2701 -18.7515 0.299988
    endloop
  endfacet
  facet normal -0.935907 0.352248 0
    outer loop
      vertex 61.8999 -25.6398 -3
      vertex 63.4443 -21.5364 -0.199997
      vertex 63.4443 -21.5364 -3
    endloop
  endfacet
  facet normal -0.935907 0.352248 0
    outer loop
      vertex 63.4443 -21.5364 -0.199997
      vertex 61.8999 -25.6398 -3
      vertex 61.8999 -25.6398 -0.199997
    endloop
  endfacet
  facet normal 0.935905 -0.352253 0
    outer loop
      vertex 65.5954 -27.1705 20
      vertex 67.232 -22.8222 -3
      vertex 67.232 -22.8222 20
    endloop
  endfacet
  facet normal 0.935905 -0.352253 0
    outer loop
      vertex 67.232 -22.8222 -3
      vertex 65.5954 -27.1705 20
      vertex 65.5954 -27.1705 -3
    endloop
  endfacet
  facet normal -0.871386 0.394818 0.291213
    outer loop
      vertex 50.8134 -21.0476 20
      vertex 45.2701 -18.7515 0.299988
      vertex 43.9468 -21.6721 0.299988
    endloop
  endfacet
  facet normal -0.871384 0.394825 0.291212
    outer loop
      vertex 49.328 -24.3259 20
      vertex 50.8134 -21.0476 20
      vertex 43.9468 -21.6721 0.299988
    endloop
  endfacet
  facet normal -0.910865 0.412705 0
    outer loop
      vertex 43.9468 -21.6721 -0.199997
      vertex 45.2701 -18.7515 0.299988
      vertex 45.2701 -18.7515 -0.199997
    endloop
  endfacet
  facet normal -0.910865 0.412705 0
    outer loop
      vertex 45.2701 -18.7515 0.299988
      vertex 43.9468 -21.6721 -0.199997
      vertex 43.9468 -21.6721 0.299988
    endloop
  endfacet
  facet normal -0.910867 0.412701 0
    outer loop
      vertex 60.0905 -29.6333 -3
      vertex 61.8999 -25.6398 -0.199997
      vertex 61.8999 -25.6398 -3
    endloop
  endfacet
  facet normal -0.910867 0.412701 0
    outer loop
      vertex 61.8999 -25.6398 -0.199997
      vertex 60.0905 -29.6333 -3
      vertex 60.0905 -29.6333 -0.199997
    endloop
  endfacet
  facet normal 0.910871 -0.41269 0
    outer loop
      vertex 63.678 -31.4025 20
      vertex 65.5954 -27.1705 -3
      vertex 65.5954 -27.1705 20
    endloop
  endfacet
  facet normal 0.910871 -0.41269 0
    outer loop
      vertex 65.5954 -27.1705 -3
      vertex 63.678 -31.4025 20
      vertex 63.678 -31.4025 -3
    endloop
  endfacet
  facet normal -0.843691 0.450979 0.291212
    outer loop
      vertex 49.328 -24.3259 20
      vertex 43.9468 -21.6721 0.299988
      vertex 42.4352 -24.5 0.299988
    endloop
  endfacet
  facet normal -0.843698 0.450963 0.291214
    outer loop
      vertex 47.2844 -27.2996 18.6843
      vertex 49.328 -24.3259 20
      vertex 42.4352 -24.5 0.299988
    endloop
  endfacet
  facet normal -0.843697 0.450958 0.291225
    outer loop
      vertex 49.328 -24.3259 20
      vertex 47.2844 -27.2996 18.6843
      vertex 48.115 -26.5953 20
    endloop
  endfacet
  facet normal -0.881914 0.47141 0
    outer loop
      vertex 42.4352 -24.5 -0.199997
      vertex 43.9468 -21.6721 0.299988
      vertex 43.9468 -21.6721 -0.199997
    endloop
  endfacet
  facet normal -0.881914 0.47141 0
    outer loop
      vertex 43.9468 -21.6721 0.299988
      vertex 42.4352 -24.5 -0.199997
      vertex 42.4352 -24.5 0.299988
    endloop
  endfacet
  facet normal -0.881921 0.471398 0
    outer loop
      vertex 58.0237 -33.5 -3
      vertex 60.0905 -29.6333 -0.199997
      vertex 60.0905 -29.6333 -3
    endloop
  endfacet
  facet normal -0.881921 0.471398 0
    outer loop
      vertex 60.0905 -29.6333 -0.199997
      vertex 58.0237 -33.5 -3
      vertex 58.0237 -33.5 -0.199997
    endloop
  endfacet
  facet normal 0.881918 -0.471404 0
    outer loop
      vertex 61.4878 -35.5 20
      vertex 63.678 -31.4025 -3
      vertex 63.678 -31.4025 20
    endloop
  endfacet
  facet normal 0.881918 -0.471404 0
    outer loop
      vertex 63.678 -31.4025 -3
      vertex 61.4878 -35.5 20
      vertex 61.4878 -35.5 -3
    endloop
  endfacet
  facet normal -0.812397 0.505179 0.291214
    outer loop
      vertex 47.051 -27.4767 18.3404
      vertex 42.4352 -24.5 0.299988
      vertex 40.742 -27.2229 0.299988
    endloop
  endfacet
  facet normal -0.812401 0.505172 0.291214
    outer loop
      vertex 42.4352 -24.5 0.299988
      vertex 47.051 -27.4767 18.3404
      vertex 47.2844 -27.2996 18.6843
    endloop
  endfacet
  facet normal -0.812373 0.505221 0.291207
    outer loop
      vertex 40.742 -27.2229 0.299988
      vertex 46.5663 -27.8443 17.626
      vertex 47.051 -27.4767 18.3404
    endloop
  endfacet
  facet normal -0.812398 0.505178 0.291213
    outer loop
      vertex 46.5663 -27.8443 17.626
      vertex 40.742 -27.2229 0.299988
      vertex 44.2866 -29.5913 14.2969
    endloop
  endfacet
  facet normal -0.849203 0.528066 0
    outer loop
      vertex 40.742 -27.2229 -0.199997
      vertex 42.4352 -24.5 0.299988
      vertex 42.4352 -24.5 -0.199997
    endloop
  endfacet
  facet normal -0.849203 0.528066 0
    outer loop
      vertex 42.4352 -24.5 0.299988
      vertex 40.742 -27.2229 -0.199997
      vertex 40.742 -27.2229 0.299988
    endloop
  endfacet
  facet normal -0.849206 0.528062 0
    outer loop
      vertex 55.7085 -37.2232 -3
      vertex 58.0237 -33.5 -0.199997
      vertex 58.0237 -33.5 -3
    endloop
  endfacet
  facet normal -0.849206 0.528062 0
    outer loop
      vertex 58.0237 -33.5 -0.199997
      vertex 55.7085 -37.2232 -3
      vertex 55.7085 -37.2232 -0.199997
    endloop
  endfacet
  facet normal 0.849199 -0.528073 0
    outer loop
      vertex 59.0343 -39.4455 20
      vertex 61.4878 -35.5 -3
      vertex 61.4878 -35.5 20
    endloop
  endfacet
  facet normal 0.849199 -0.528073 0
    outer loop
      vertex 61.4878 -35.5 -3
      vertex 59.0343 -39.4455 20
      vertex 59.0343 -39.4455 -3
    endloop
  endfacet
  facet normal -0.777619 0.557228 0.291216
    outer loop
      vertex 43.2563 -30.294 12.8902
      vertex 40.742 -27.2229 0.299988
      vertex 38.8743 -29.8293 0.299988
    endloop
  endfacet
  facet normal -0.777636 0.557205 0.291214
    outer loop
      vertex 40.742 -27.2229 0.299988
      vertex 43.2563 -30.294 12.8902
      vertex 44.2866 -29.5913 14.2969
    endloop
  endfacet
  facet normal -0.777621 0.557224 0.291217
    outer loop
      vertex 38.8743 -29.8293 0.299988
      vertex 41.5401 -31.4644 10.547
      vertex 43.2563 -30.294 12.8902
    endloop
  endfacet
  facet normal -0.777627 0.557215 0.291217
    outer loop
      vertex 41.5401 -31.4644 10.547
      vertex 38.8743 -29.8293 0.299988
      vertex 41.2578 -31.6582 10.164
    endloop
  endfacet
  facet normal -0.81285 0.582474 0
    outer loop
      vertex 38.8743 -29.8293 -0.199997
      vertex 40.742 -27.2229 0.299988
      vertex 40.742 -27.2229 -0.199997
    endloop
  endfacet
  facet normal -0.81285 0.582474 0
    outer loop
      vertex 40.742 -27.2229 0.299988
      vertex 38.8743 -29.8293 -0.199997
      vertex 38.8743 -29.8293 0.299988
    endloop
  endfacet
  facet normal -0.812845 0.58248 0
    outer loop
      vertex 53.1547 -40.787 -3
      vertex 55.7085 -37.2232 -0.199997
      vertex 55.7085 -37.2232 -3
    endloop
  endfacet
  facet normal -0.812845 0.58248 0
    outer loop
      vertex 55.7085 -37.2232 -0.199997
      vertex 53.1547 -40.787 -3
      vertex 53.1547 -40.787 -0.199997
    endloop
  endfacet
  facet normal 0.812854 -0.582467 0
    outer loop
      vertex 56.3281 -43.2221 20
      vertex 59.0343 -39.4455 -3
      vertex 59.0343 -39.4455 20
    endloop
  endfacet
  facet normal 0.812854 -0.582467 0
    outer loop
      vertex 59.0343 -39.4455 -3
      vertex 56.3281 -43.2221 20
      vertex 56.3281 -43.2221 -3
    endloop
  endfacet
  facet normal -0.739496 0.606909 0.291217
    outer loop
      vertex 39.4451 -32.758 7.85298
      vertex 38.8743 -29.8293 0.299988
      vertex 36.8401 -32.3079 0.299988
    endloop
  endfacet
  facet normal -0.739497 0.606908 0.291217
    outer loop
      vertex 38.8743 -29.8293 0.299988
      vertex 39.4451 -32.758 7.85298
      vertex 41.2578 -31.6582 10.164
    endloop
  endfacet
  facet normal -0.739543 0.606846 0.291229
    outer loop
      vertex 38.2088 -33.5082 6.27676
      vertex 39.4451 -32.758 7.85298
      vertex 36.8401 -32.3079 0.299988
    endloop
  endfacet
  facet normal -0.773 0.634405 0
    outer loop
      vertex 36.8401 -32.3079 -0.199997
      vertex 38.8743 -29.8293 0.299988
      vertex 38.8743 -29.8293 -0.199997
    endloop
  endfacet
  facet normal -0.773 0.634405 0
    outer loop
      vertex 38.8743 -29.8293 0.299988
      vertex 36.8401 -32.3079 -0.199997
      vertex 36.8401 -32.3079 0.299988
    endloop
  endfacet
  facet normal -0.773015 0.634387 0
    outer loop
      vertex 50.3733 -44.1762 -3
      vertex 53.1547 -40.787 -0.199997
      vertex 53.1547 -40.787 -3
    endloop
  endfacet
  facet normal -0.773015 0.634387 0
    outer loop
      vertex 53.1547 -40.787 -0.199997
      vertex 50.3733 -44.1762 -3
      vertex 50.3733 -44.1762 -0.199997
    endloop
  endfacet
  facet normal 0.773007 -0.634397 0
    outer loop
      vertex 53.3806 -46.8136 20
      vertex 56.3281 -43.2221 -3
      vertex 56.3281 -43.2221 20
    endloop
  endfacet
  facet normal 0.773007 -0.634397 0
    outer loop
      vertex 56.3281 -43.2221 -3
      vertex 53.3806 -46.8136 20
      vertex 53.3806 -46.8136 -3
    endloop
  endfacet
  facet normal -0.698233 0.653957 0.291223
    outer loop
      vertex 35.6286 -34.8846 3.18143
      vertex 36.8401 -32.3079 0.299988
      vertex 34.6482 -34.6482 0.299988
    endloop
  endfacet
  facet normal -0.698226 0.653961 0.291229
    outer loop
      vertex 36.8401 -32.3079 0.299988
      vertex 35.6286 -34.8846 3.18143
      vertex 38.2088 -33.5082 6.27676
    endloop
  endfacet
  facet normal -0.69819 0.654007 0.291213
    outer loop
      vertex 34.6482 -34.6482 0.299988
      vertex 35.4803 -34.9637 3.00352
      vertex 35.6286 -34.8846 3.18143
    endloop
  endfacet
  facet normal -0.698258 0.65393 0.291225
    outer loop
      vertex 34.6482 -34.6482 0.299988
      vertex 35.398 -35.1038 3.12078
      vertex 35.4803 -34.9637 3.00352
    endloop
  endfacet
  facet normal -0.698422 0.653748 0.291239
    outer loop
      vertex 35.398 -35.1038 3.12078
      vertex 34.6482 -34.6482 0.299988
      vertex 35.2928 -35.2928 3.29275
    endloop
  endfacet
  facet normal -0.696497 0.654793 0.293491
    outer loop
      vertex 35.4803 -34.9637 3.00352
      vertex 35.398 -35.1038 3.12078
      vertex 35.4003 -35.1074 3.13427
    endloop
  endfacet
  facet normal -0.729869 0.683587 0
    outer loop
      vertex 34.6482 -34.6482 -0.199997
      vertex 36.8401 -32.3079 0.299988
      vertex 36.8401 -32.3079 -0.199997
    endloop
  endfacet
  facet normal -0.729869 0.683587 0
    outer loop
      vertex 36.8401 -32.3079 0.299988
      vertex 34.6482 -34.6482 -0.199997
      vertex 34.6482 -34.6482 0.299988
    endloop
  endfacet
  facet normal -0.729867 0.683589 0
    outer loop
      vertex 47.3762 -47.3762 -3
      vertex 50.3733 -44.1762 -0.199997
      vertex 50.3733 -44.1762 -3
    endloop
  endfacet
  facet normal -0.729867 0.683589 0
    outer loop
      vertex 50.3733 -44.1762 -0.199997
      vertex 47.3762 -47.3762 -3
      vertex 47.3762 -47.3762 -0.199997
    endloop
  endfacet
  facet normal 0.729866 -0.68359 0
    outer loop
      vertex 50.2046 -50.2046 20
      vertex 53.3806 -46.8136 -3
      vertex 53.3806 -46.8136 20
    endloop
  endfacet
  facet normal 0.729866 -0.68359 0
    outer loop
      vertex 53.3806 -46.8136 -3
      vertex 50.2046 -50.2046 20
      vertex 50.2046 -50.2046 -3
    endloop
  endfacet
  facet normal -0.653953 0.698229 0.291242
    outer loop
      vertex 32.3079 -36.8401 0.299988
      vertex 35.2928 -35.2928 3.29275
      vertex 34.6482 -34.6482 0.299988
    endloop
  endfacet
  facet normal -0.653943 0.698246 0.291222
    outer loop
      vertex 35.2928 -35.2928 3.29275
      vertex 32.3079 -36.8401 0.299988
      vertex 33.9808 -37.3613 5.30616
    endloop
  endfacet
  facet normal -0.653927 0.698263 0.291218
    outer loop
      vertex 33.4705 -38.1658 6.08926
      vertex 33.9808 -37.3613 5.30616
      vertex 32.3079 -36.8401 0.299988
    endloop
  endfacet
  facet normal -0.683587 0.729869 0
    outer loop
      vertex 34.6482 -34.6482 -0.199997
      vertex 32.3079 -36.8401 0.299988
      vertex 34.6482 -34.6482 0.299988
    endloop
  endfacet
  facet normal -0.683587 0.729869 0
    outer loop
      vertex 32.3079 -36.8401 0.299988
      vertex 34.6482 -34.6482 -0.199997
      vertex 32.3079 -36.8401 -0.199997
    endloop
  endfacet
  facet normal -0.683589 0.729867 0
    outer loop
      vertex 47.3762 -47.3762 -3
      vertex 44.1762 -50.3733 -0.199997
      vertex 47.3762 -47.3762 -0.199997
    endloop
  endfacet
  facet normal -0.683589 0.729867 0
    outer loop
      vertex 44.1762 -50.3733 -0.199997
      vertex 47.3762 -47.3762 -3
      vertex 44.1762 -50.3733 -3
    endloop
  endfacet
  facet normal 0.68359 -0.729866 0
    outer loop
      vertex 46.8136 -53.3806 -3
      vertex 50.2046 -50.2046 20
      vertex 46.8136 -53.3806 20
    endloop
  endfacet
  facet normal 0.68359 -0.729866 0
    outer loop
      vertex 50.2046 -50.2046 20
      vertex 46.8136 -53.3806 -3
      vertex 50.2046 -50.2046 -3
    endloop
  endfacet
  facet normal -0.606908 0.739496 0.291218
    outer loop
      vertex 29.8293 -38.8743 0.299988
      vertex 33.4705 -38.1658 6.08926
      vertex 32.3079 -36.8401 0.299988
    endloop
  endfacet
  facet normal -0.606907 0.739498 0.291217
    outer loop
      vertex 33.4705 -38.1658 6.08926
      vertex 29.8293 -38.8743 0.299988
      vertex 32.2831 -39.8189 7.81245
    endloop
  endfacet
  facet normal -0.606876 0.739525 0.291211
    outer loop
      vertex 31.4471 -40.9827 9.0257
      vertex 32.2831 -39.8189 7.81245
      vertex 29.8293 -38.8743 0.299988
    endloop
  endfacet
  facet normal -0.634405 0.773 0
    outer loop
      vertex 32.3079 -36.8401 -0.199997
      vertex 29.8293 -38.8743 0.299988
      vertex 32.3079 -36.8401 0.299988
    endloop
  endfacet
  facet normal -0.634405 0.773 0
    outer loop
      vertex 29.8293 -38.8743 0.299988
      vertex 32.3079 -36.8401 -0.199997
      vertex 29.8293 -38.8743 -0.199997
    endloop
  endfacet
  facet normal -0.634387 0.773015 0
    outer loop
      vertex 44.1762 -50.3733 -3
      vertex 40.787 -53.1547 -0.199997
      vertex 44.1762 -50.3733 -0.199997
    endloop
  endfacet
  facet normal -0.634387 0.773015 0
    outer loop
      vertex 40.787 -53.1547 -0.199997
      vertex 44.1762 -50.3733 -3
      vertex 40.787 -53.1547 -3
    endloop
  endfacet
  facet normal 0.634397 -0.773007 0
    outer loop
      vertex 43.2221 -56.3281 -3
      vertex 46.8136 -53.3806 20
      vertex 43.2221 -56.3281 20
    endloop
  endfacet
  facet normal 0.634397 -0.773007 0
    outer loop
      vertex 46.8136 -53.3806 20
      vertex 43.2221 -56.3281 -3
      vertex 46.8136 -53.3806 -3
    endloop
  endfacet
  facet normal -0.557229 0.77762 0.29121
    outer loop
      vertex 27.2229 -40.742 0.299988
      vertex 31.4471 -40.9827 9.0257
      vertex 29.8293 -38.8743 0.299988
    endloop
  endfacet
  facet normal -0.557238 0.777611 0.291215
    outer loop
      vertex 31.4471 -40.9827 9.0257
      vertex 27.2229 -40.742 0.299988
      vertex 30.4376 -42.2276 10.4182
    endloop
  endfacet
  facet normal -0.557246 0.777605 0.291216
    outer loop
      vertex 29.2194 -43.7299 12.0986
      vertex 30.4376 -42.2276 10.4182
      vertex 27.2229 -40.742 0.299988
    endloop
  endfacet
  facet normal -0.582474 0.81285 0
    outer loop
      vertex 29.8293 -38.8743 -0.199997
      vertex 27.2229 -40.742 0.299988
      vertex 29.8293 -38.8743 0.299988
    endloop
  endfacet
  facet normal -0.582474 0.81285 0
    outer loop
      vertex 27.2229 -40.742 0.299988
      vertex 29.8293 -38.8743 -0.199997
      vertex 27.2229 -40.742 -0.199997
    endloop
  endfacet
  facet normal -0.58248 0.812845 0
    outer loop
      vertex 40.787 -53.1547 -3
      vertex 37.2232 -55.7085 -0.199997
      vertex 40.787 -53.1547 -0.199997
    endloop
  endfacet
  facet normal -0.58248 0.812845 0
    outer loop
      vertex 37.2232 -55.7085 -0.199997
      vertex 40.787 -53.1547 -3
      vertex 37.2232 -55.7085 -3
    endloop
  endfacet
  facet normal 0.582467 -0.812854 0
    outer loop
      vertex 39.4455 -59.0343 -3
      vertex 43.2221 -56.3281 20
      vertex 39.4455 -59.0343 20
    endloop
  endfacet
  facet normal 0.582467 -0.812854 0
    outer loop
      vertex 43.2221 -56.3281 20
      vertex 39.4455 -59.0343 -3
      vertex 43.2221 -56.3281 -3
    endloop
  endfacet
  facet normal -0.505178 0.812396 0.291216
    outer loop
      vertex 24.5 -42.4352 0.299988
      vertex 29.2194 -43.7299 12.0986
      vertex 27.2229 -40.742 0.299988
    endloop
  endfacet
  facet normal -0.505146 0.81242 0.291206
    outer loop
      vertex 29.2194 -43.7299 12.0986
      vertex 24.5 -42.4352 0.299988
      vertex 28.4419 -44.5802 13.1221
    endloop
  endfacet
  facet normal -0.505198 0.812384 0.291216
    outer loop
      vertex 26.7848 -46.3926 15.3033
      vertex 28.4419 -44.5802 13.1221
      vertex 24.5 -42.4352 0.299988
    endloop
  endfacet
  facet normal -0.528066 0.849203 0
    outer loop
      vertex 27.2229 -40.742 -0.199997
      vertex 24.5 -42.4352 0.299988
      vertex 27.2229 -40.742 0.299988
    endloop
  endfacet
  facet normal -0.528066 0.849203 0
    outer loop
      vertex 24.5 -42.4352 0.299988
      vertex 27.2229 -40.742 -0.199997
      vertex 24.5 -42.4352 -0.199997
    endloop
  endfacet
  facet normal -0.528062 0.849206 0
    outer loop
      vertex 37.2232 -55.7085 -3
      vertex 33.5 -58.0237 -0.199997
      vertex 37.2232 -55.7085 -0.199997
    endloop
  endfacet
  facet normal -0.528062 0.849206 0
    outer loop
      vertex 33.5 -58.0237 -0.199997
      vertex 37.2232 -55.7085 -3
      vertex 33.5 -58.0237 -3
    endloop
  endfacet
  facet normal 0.528073 -0.849199 0
    outer loop
      vertex 35.5 -61.4878 -3
      vertex 39.4455 -59.0343 20
      vertex 35.5 -61.4878 20
    endloop
  endfacet
  facet normal 0.528073 -0.849199 0
    outer loop
      vertex 39.4455 -59.0343 20
      vertex 35.5 -61.4878 -3
      vertex 39.4455 -59.0343 -3
    endloop
  endfacet
  facet normal -0.450978 0.843689 0.291216
    outer loop
      vertex 21.6721 -43.9468 0.299988
      vertex 26.7848 -46.3926 15.3033
      vertex 24.5 -42.4352 0.299988
    endloop
  endfacet
  facet normal -0.450947 0.843708 0.291209
    outer loop
      vertex 26.7848 -46.3926 15.3033
      vertex 21.6721 -43.9468 0.299988
      vertex 26.2937 -46.8687 15.9222
    endloop
  endfacet
  facet normal -0.450958 0.843702 0.291211
    outer loop
      vertex 24.1419 -48.9548 18.6339
      vertex 26.2937 -46.8687 15.9222
      vertex 21.6721 -43.9468 0.299988
    endloop
  endfacet
  facet normal -0.47141 0.881914 0
    outer loop
      vertex 24.5 -42.4352 -0.199997
      vertex 21.6721 -43.9468 0.299988
      vertex 24.5 -42.4352 0.299988
    endloop
  endfacet
  facet normal -0.47141 0.881914 0
    outer loop
      vertex 21.6721 -43.9468 0.299988
      vertex 24.5 -42.4352 -0.199997
      vertex 21.6721 -43.9468 -0.199997
    endloop
  endfacet
  facet normal -0.471398 0.881921 0
    outer loop
      vertex 33.5 -58.0237 -3
      vertex 29.6333 -60.0905 -0.199997
      vertex 33.5 -58.0237 -0.199997
    endloop
  endfacet
  facet normal -0.471398 0.881921 0
    outer loop
      vertex 29.6333 -60.0905 -0.199997
      vertex 33.5 -58.0237 -3
      vertex 29.6333 -60.0905 -3
    endloop
  endfacet
  facet normal 0.471404 -0.881918 0
    outer loop
      vertex 31.4025 -63.678 -3
      vertex 35.5 -61.4878 20
      vertex 31.4025 -63.678 20
    endloop
  endfacet
  facet normal 0.471404 -0.881918 0
    outer loop
      vertex 35.5 -61.4878 20
      vertex 31.4025 -63.678 -3
      vertex 35.5 -61.4878 -3
    endloop
  endfacet
  facet normal -0.394818 0.871387 0.29121
    outer loop
      vertex 18.7515 -45.2701 0.299988
      vertex 24.1419 -48.9548 18.6339
      vertex 21.6721 -43.9468 0.299988
    endloop
  endfacet
  facet normal -0.394951 0.871318 0.291236
    outer loop
      vertex 24.1419 -48.9548 18.6339
      vertex 18.7515 -45.2701 0.299988
      vertex 23.991 -49.0842 18.8164
    endloop
  endfacet
  facet normal -0.394833 0.871373 0.291232
    outer loop
      vertex 23.3792 -49.614 19.5724
      vertex 21.0476 -50.8134 20
      vertex 23.8471 -49.5449 20
    endloop
  endfacet
  facet normal -0.400067 0.870603 0.286351
    outer loop
      vertex 23.4835 -49.5193 19.4302
      vertex 23.3792 -49.614 19.5724
      vertex 23.4967 -49.5133 19.4304
    endloop
  endfacet
  facet normal -0.394999 0.871489 0.290659
    outer loop
      vertex 23.3792 -49.614 19.5724
      vertex 23.4835 -49.5193 19.4302
      vertex 21.0476 -50.8134 20
    endloop
  endfacet
  facet normal -0.394799 0.871379 0.291262
    outer loop
      vertex 23.991 -49.0842 18.8164
      vertex 21.0476 -50.8134 20
      vertex 23.4835 -49.5193 19.4302
    endloop
  endfacet
  facet normal -0.394822 0.871384 0.291213
    outer loop
      vertex 21.0476 -50.8134 20
      vertex 23.991 -49.0842 18.8164
      vertex 18.7515 -45.2701 0.299988
    endloop
  endfacet
  facet normal -0.412705 0.910865 0
    outer loop
      vertex 21.6721 -43.9468 -0.199997
      vertex 18.7515 -45.2701 0.299988
      vertex 21.6721 -43.9468 0.299988
    endloop
  endfacet
  facet normal -0.412705 0.910865 0
    outer loop
      vertex 18.7515 -45.2701 0.299988
      vertex 21.6721 -43.9468 -0.199997
      vertex 18.7515 -45.2701 -0.199997
    endloop
  endfacet
  facet normal -0.412701 0.910867 0
    outer loop
      vertex 29.6333 -60.0905 -3
      vertex 25.6398 -61.8999 -0.199997
      vertex 29.6333 -60.0905 -0.199997
    endloop
  endfacet
  facet normal -0.412701 0.910867 0
    outer loop
      vertex 25.6398 -61.8999 -0.199997
      vertex 29.6333 -60.0905 -3
      vertex 25.6398 -61.8999 -3
    endloop
  endfacet
  facet normal 0.41269 -0.910871 0
    outer loop
      vertex 27.1705 -65.5954 -3
      vertex 31.4025 -63.678 20
      vertex 27.1705 -65.5954 20
    endloop
  endfacet
  facet normal 0.41269 -0.910871 0
    outer loop
      vertex 31.4025 -63.678 20
      vertex 27.1705 -65.5954 -3
      vertex 31.4025 -63.678 -3
    endloop
  endfacet
  facet normal -0.336984 0.895342 0.291213
    outer loop
      vertex 21.0476 -50.8134 20
      vertex 18.7515 -45.2701 0.299988
      vertex 15.7505 -46.3996 0.299988
    endloop
  endfacet
  facet normal -0.336988 0.89534 0.291214
    outer loop
      vertex 17.6792 -52.0812 20
      vertex 21.0476 -50.8134 20
      vertex 15.7505 -46.3996 0.299988
    endloop
  endfacet
  facet normal -0.352251 0.935906 0
    outer loop
      vertex 18.7515 -45.2701 -0.199997
      vertex 15.7505 -46.3996 0.299988
      vertex 18.7515 -45.2701 0.299988
    endloop
  endfacet
  facet normal -0.352251 0.935906 0
    outer loop
      vertex 15.7505 -46.3996 0.299988
      vertex 18.7515 -45.2701 -0.199997
      vertex 15.7505 -46.3996 -0.199997
    endloop
  endfacet
  facet normal -0.352248 0.935907 0
    outer loop
      vertex 25.6398 -61.8999 -3
      vertex 21.5364 -63.4443 -0.199997
      vertex 25.6398 -61.8999 -0.199997
    endloop
  endfacet
  facet normal -0.352248 0.935907 0
    outer loop
      vertex 21.5364 -63.4443 -0.199997
      vertex 25.6398 -61.8999 -3
      vertex 21.5364 -63.4443 -3
    endloop
  endfacet
  facet normal 0.352253 -0.935905 0
    outer loop
      vertex 22.8222 -67.232 -3
      vertex 27.1705 -65.5954 20
      vertex 22.8222 -67.232 20
    endloop
  endfacet
  facet normal 0.352253 -0.935905 0
    outer loop
      vertex 27.1705 -65.5954 20
      vertex 22.8222 -67.232 -3
      vertex 27.1705 -65.5954 -3
    endloop
  endfacet
  facet normal -0.277706 0.915464 0.291214
    outer loop
      vertex 17.6792 -52.0812 20
      vertex 15.7505 -46.3996 0.299988
      vertex 12.6821 -47.3304 0.299988
    endloop
  endfacet
  facet normal -0.277682 0.915472 0.29121
    outer loop
      vertex 14.235 -53.1259 20
      vertex 17.6792 -52.0812 20
      vertex 12.6821 -47.3304 0.299988
    endloop
  endfacet
  facet normal -0.290288 0.956939 0
    outer loop
      vertex 15.7505 -46.3996 -0.199997
      vertex 12.6821 -47.3304 0.299988
      vertex 15.7505 -46.3996 0.299988
    endloop
  endfacet
  facet normal -0.290288 0.956939 0
    outer loop
      vertex 12.6821 -47.3304 0.299988
      vertex 15.7505 -46.3996 -0.199997
      vertex 12.6821 -47.3304 -0.199997
    endloop
  endfacet
  facet normal -0.290287 0.95694 0
    outer loop
      vertex 21.5364 -63.4443 -3
      vertex 17.3409 -64.717 -0.199997
      vertex 21.5364 -63.4443 -0.199997
    endloop
  endfacet
  facet normal -0.290287 0.95694 0
    outer loop
      vertex 17.3409 -64.717 -0.199997
      vertex 21.5364 -63.4443 -3
      vertex 17.3409 -64.717 -3
    endloop
  endfacet
  facet normal 0.290289 -0.956939 0
    outer loop
      vertex 18.3762 -68.5807 -3
      vertex 22.8222 -67.232 20
      vertex 18.3762 -68.5807 20
    endloop
  endfacet
  facet normal 0.290289 -0.956939 0
    outer loop
      vertex 22.8222 -67.232 20
      vertex 18.3762 -68.5807 -3
      vertex 22.8222 -67.232 -3
    endloop
  endfacet
  facet normal -0.217233 0.931669 0.291209
    outer loop
      vertex 14.235 -53.1259 20
      vertex 12.6821 -47.3304 0.299988
      vertex 9.55943 -48.0585 0.299988
    endloop
  endfacet
  facet normal -0.217247 0.931665 0.291212
    outer loop
      vertex 10.73 -53.9432 20
      vertex 14.235 -53.1259 20
      vertex 9.55943 -48.0585 0.299988
    endloop
  endfacet
  facet normal -0.227075 0.973877 0
    outer loop
      vertex 12.6821 -47.3304 -0.199997
      vertex 9.55943 -48.0585 0.299988
      vertex 12.6821 -47.3304 0.299988
    endloop
  endfacet
  facet normal -0.227075 0.973877 0
    outer loop
      vertex 9.55943 -48.0585 0.299988
      vertex 12.6821 -47.3304 -0.199997
      vertex 9.55943 -48.0585 -0.199997
    endloop
  endfacet
  facet normal -0.227081 0.973876 0
    outer loop
      vertex 17.3409 -64.717 -3
      vertex 13.0711 -65.7126 -0.199997
      vertex 17.3409 -64.717 -0.199997
    endloop
  endfacet
  facet normal -0.227081 0.973876 0
    outer loop
      vertex 13.0711 -65.7126 -0.199997
      vertex 17.3409 -64.717 -3
      vertex 13.0711 -65.7126 -3
    endloop
  endfacet
  facet normal 0.227089 -0.973874 0
    outer loop
      vertex 13.8514 -69.6358 -3
      vertex 18.3762 -68.5807 20
      vertex 13.8514 -69.6358 20
    endloop
  endfacet
  facet normal 0.227089 -0.973874 0
    outer loop
      vertex 18.3762 -68.5807 20
      vertex 13.8514 -69.6358 -3
      vertex 18.3762 -68.5807 -3
    endloop
  endfacet
  facet normal -0.155829 0.943882 0.291212
    outer loop
      vertex 10.73 -53.9432 20
      vertex 9.55943 -48.0585 0.299988
      vertex 6.39578 -48.5808 0.299988
    endloop
  endfacet
  facet normal -0.15584 0.94388 0.291213
    outer loop
      vertex 7.17894 -54.5295 20
      vertex 10.73 -53.9432 20
      vertex 6.39578 -48.5808 0.299988
    endloop
  endfacet
  facet normal -0.162889 0.986644 0
    outer loop
      vertex 9.55943 -48.0585 -0.199997
      vertex 6.39578 -48.5808 0.299988
      vertex 9.55943 -48.0585 0.299988
    endloop
  endfacet
  facet normal -0.162889 0.986644 0
    outer loop
      vertex 6.39578 -48.5808 0.299988
      vertex 9.55943 -48.0585 -0.199997
      vertex 6.39578 -48.5808 -0.199997
    endloop
  endfacet
  facet normal -0.162895 0.986643 0
    outer loop
      vertex 13.0711 -65.7126 -3
      vertex 8.74525 -66.4268 -0.199997
      vertex 13.0711 -65.7126 -0.199997
    endloop
  endfacet
  facet normal -0.162895 0.986643 0
    outer loop
      vertex 8.74525 -66.4268 -0.199997
      vertex 13.0711 -65.7126 -3
      vertex 8.74525 -66.4268 -3
    endloop
  endfacet
  facet normal 0.16289 -0.986644 0
    outer loop
      vertex 9.26736 -70.3926 -3
      vertex 13.8514 -69.6358 20
      vertex 9.26736 -70.3926 20
    endloop
  endfacet
  facet normal 0.16289 -0.986644 0
    outer loop
      vertex 13.8514 -69.6358 20
      vertex 9.26736 -70.3926 -3
      vertex 13.8514 -69.6358 -3
    endloop
  endfacet
  facet normal -0.0937721 0.952051 0.291213
    outer loop
      vertex 7.17894 -54.5295 20
      vertex 6.39578 -48.5808 0.299988
      vertex 3.20475 -48.8951 0.299988
    endloop
  endfacet
  facet normal -0.0937496 0.952055 0.29121
    outer loop
      vertex 3.59717 -54.8822 20
      vertex 7.17894 -54.5295 20
      vertex 3.20475 -48.8951 0.299988
    endloop
  endfacet
  facet normal -0.0980205 0.995184 0
    outer loop
      vertex 6.39578 -48.5808 -0.199997
      vertex 3.20475 -48.8951 0.299988
      vertex 6.39578 -48.5808 0.299988
    endloop
  endfacet
  facet normal -0.0980205 0.995184 0
    outer loop
      vertex 3.20475 -48.8951 0.299988
      vertex 6.39578 -48.5808 -0.199997
      vertex 3.20475 -48.8951 -0.199997
    endloop
  endfacet
  facet normal -0.0980077 0.995186 0
    outer loop
      vertex 8.74525 -66.4268 -3
      vertex 4.38201 -66.8565 -0.199997
      vertex 8.74525 -66.4268 -0.199997
    endloop
  endfacet
  facet normal -0.0980077 0.995186 0
    outer loop
      vertex 4.38201 -66.8565 -0.199997
      vertex 8.74525 -66.4268 -3
      vertex 4.38201 -66.8565 -3
    endloop
  endfacet
  facet normal 0.0980174 -0.995185 0
    outer loop
      vertex 4.64362 -70.848 -3
      vertex 9.26736 -70.3926 20
      vertex 4.64362 -70.848 20
    endloop
  endfacet
  facet normal 0.0980174 -0.995185 0
    outer loop
      vertex 9.26736 -70.3926 20
      vertex 4.64362 -70.848 -3
      vertex 9.26736 -70.3926 -3
    endloop
  endfacet
  facet normal -0.0312972 0.956147 0.29121
    outer loop
      vertex 3.59717 -54.8822 20
      vertex 3.20475 -48.8951 0.299988
      vertex 0 -49 0.299988
    endloop
  endfacet
  facet normal -0.0313118 0.956146 0.291212
    outer loop
      vertex 3.59717 -54.8822 20
      vertex 0 -49 0.299988
      vertex 0 -55 20
    endloop
  endfacet
  facet normal -0.0327151 0.999465 0
    outer loop
      vertex 3.20475 -48.8951 -0.199997
      vertex 0 -49 0.299988
      vertex 3.20475 -48.8951 0.299988
    endloop
  endfacet
  facet normal -0.0327151 0.999465 0
    outer loop
      vertex 0 -49 0.299988
      vertex 3.20475 -48.8951 -0.199997
      vertex 0 -49 -0.199997
    endloop
  endfacet
  facet normal -0.03273 0.999464 0
    outer loop
      vertex 4.38201 -66.8565 -3
      vertex 0 -67 -0.199997
      vertex 4.38201 -66.8565 -0.199997
    endloop
  endfacet
  facet normal -0.03273 0.999464 0
    outer loop
      vertex 0 -67 -0.199997
      vertex 4.38201 -66.8565 -3
      vertex 0 -67 -3
    endloop
  endfacet
  facet normal 0.0327156 -0.999465 0
    outer loop
      vertex 0 -71 -3
      vertex 4.64362 -70.848 20
      vertex 0 -71 20
    endloop
  endfacet
  facet normal 0.0327156 -0.999465 0
    outer loop
      vertex 4.64362 -70.848 20
      vertex 0 -71 -3
      vertex 4.64362 -70.848 -3
    endloop
  endfacet
  facet normal 0.0312972 0.956146 0.291212
    outer loop
      vertex 0 -55 20
      vertex 0 -49 0.299988
      vertex -3.20475 -48.8951 0.299988
    endloop
  endfacet
  facet normal 0.0313119 0.956147 0.29121
    outer loop
      vertex 0 -55 20
      vertex -3.20475 -48.8951 0.299988
      vertex -3.59717 -54.8822 20
    endloop
  endfacet
  facet normal 0.0327151 0.999465 -0
    outer loop
      vertex 0 -49 -0.199997
      vertex -3.20475 -48.8951 0.299988
      vertex 0 -49 0.299988
    endloop
  endfacet
  facet normal 0.0327151 0.999465 0
    outer loop
      vertex -3.20475 -48.8951 0.299988
      vertex 0 -49 -0.199997
      vertex -3.20475 -48.8951 -0.199997
    endloop
  endfacet
  facet normal 0.03273 0.999464 -0
    outer loop
      vertex 0 -67 -3
      vertex -4.38201 -66.8565 -0.199997
      vertex 0 -67 -0.199997
    endloop
  endfacet
  facet normal 0.03273 0.999464 0
    outer loop
      vertex -4.38201 -66.8565 -0.199997
      vertex 0 -67 -3
      vertex -4.38201 -66.8565 -3
    endloop
  endfacet
  facet normal -0.0327156 -0.999465 0
    outer loop
      vertex -4.64362 -70.848 -3
      vertex 0 -71 20
      vertex -4.64362 -70.848 20
    endloop
  endfacet
  facet normal -0.0327156 -0.999465 -0
    outer loop
      vertex 0 -71 20
      vertex -4.64362 -70.848 -3
      vertex 0 -71 -3
    endloop
  endfacet
  facet normal 0.0937723 0.952052 0.29121
    outer loop
      vertex -3.59717 -54.8822 20
      vertex -3.20475 -48.8951 0.299988
      vertex -6.39578 -48.5808 0.299988
    endloop
  endfacet
  facet normal 0.0937495 0.952054 0.291213
    outer loop
      vertex -3.59717 -54.8822 20
      vertex -6.39578 -48.5808 0.299988
      vertex -7.17894 -54.5295 20
    endloop
  endfacet
  facet normal 0.0980205 0.995184 -0
    outer loop
      vertex -3.20475 -48.8951 -0.199997
      vertex -6.39578 -48.5808 0.299988
      vertex -3.20475 -48.8951 0.299988
    endloop
  endfacet
  facet normal 0.0980205 0.995184 0
    outer loop
      vertex -6.39578 -48.5808 0.299988
      vertex -3.20475 -48.8951 -0.199997
      vertex -6.39578 -48.5808 -0.199997
    endloop
  endfacet
  facet normal 0.0980077 0.995186 -0
    outer loop
      vertex -4.38201 -66.8565 -3
      vertex -8.74525 -66.4268 -0.199997
      vertex -4.38201 -66.8565 -0.199997
    endloop
  endfacet
  facet normal 0.0980077 0.995186 0
    outer loop
      vertex -8.74525 -66.4268 -0.199997
      vertex -4.38201 -66.8565 -3
      vertex -8.74525 -66.4268 -3
    endloop
  endfacet
  facet normal -0.0980174 -0.995185 0
    outer loop
      vertex -9.26736 -70.3926 -3
      vertex -4.64362 -70.848 20
      vertex -9.26736 -70.3926 20
    endloop
  endfacet
  facet normal -0.0980174 -0.995185 -0
    outer loop
      vertex -4.64362 -70.848 20
      vertex -9.26736 -70.3926 -3
      vertex -4.64362 -70.848 -3
    endloop
  endfacet
  facet normal 0.155829 0.943881 0.291213
    outer loop
      vertex -7.17894 -54.5295 20
      vertex -6.39578 -48.5808 0.299988
      vertex -9.55943 -48.0585 0.299988
    endloop
  endfacet
  facet normal 0.15584 0.94388 0.291212
    outer loop
      vertex -7.17894 -54.5295 20
      vertex -9.55943 -48.0585 0.299988
      vertex -10.73 -53.9432 20
    endloop
  endfacet
  facet normal 0.162889 0.986644 -0
    outer loop
      vertex -6.39578 -48.5808 -0.199997
      vertex -9.55943 -48.0585 0.299988
      vertex -6.39578 -48.5808 0.299988
    endloop
  endfacet
  facet normal 0.162889 0.986644 0
    outer loop
      vertex -9.55943 -48.0585 0.299988
      vertex -6.39578 -48.5808 -0.199997
      vertex -9.55943 -48.0585 -0.199997
    endloop
  endfacet
  facet normal 0.162895 0.986643 -0
    outer loop
      vertex -8.74525 -66.4268 -3
      vertex -13.0711 -65.7126 -0.199997
      vertex -8.74525 -66.4268 -0.199997
    endloop
  endfacet
  facet normal 0.162895 0.986643 0
    outer loop
      vertex -13.0711 -65.7126 -0.199997
      vertex -8.74525 -66.4268 -3
      vertex -13.0711 -65.7126 -3
    endloop
  endfacet
  facet normal -0.16289 -0.986644 0
    outer loop
      vertex -13.8514 -69.6358 -3
      vertex -9.26736 -70.3926 20
      vertex -13.8514 -69.6358 20
    endloop
  endfacet
  facet normal -0.16289 -0.986644 -0
    outer loop
      vertex -9.26736 -70.3926 20
      vertex -13.8514 -69.6358 -3
      vertex -9.26736 -70.3926 -3
    endloop
  endfacet
  facet normal 0.217233 0.931668 0.291212
    outer loop
      vertex -10.73 -53.9432 20
      vertex -9.55943 -48.0585 0.299988
      vertex -12.6821 -47.3304 0.299988
    endloop
  endfacet
  facet normal 0.217247 0.931666 0.29121
    outer loop
      vertex -10.73 -53.9432 20
      vertex -12.6821 -47.3304 0.299988
      vertex -14.235 -53.1259 20
    endloop
  endfacet
  facet normal 0.227075 0.973877 -0
    outer loop
      vertex -9.55943 -48.0585 -0.199997
      vertex -12.6821 -47.3304 0.299988
      vertex -9.55943 -48.0585 0.299988
    endloop
  endfacet
  facet normal 0.227075 0.973877 0
    outer loop
      vertex -12.6821 -47.3304 0.299988
      vertex -9.55943 -48.0585 -0.199997
      vertex -12.6821 -47.3304 -0.199997
    endloop
  endfacet
  facet normal 0.227081 0.973876 -0
    outer loop
      vertex -13.0711 -65.7126 -3
      vertex -17.3409 -64.717 -0.199997
      vertex -13.0711 -65.7126 -0.199997
    endloop
  endfacet
  facet normal 0.227081 0.973876 0
    outer loop
      vertex -17.3409 -64.717 -0.199997
      vertex -13.0711 -65.7126 -3
      vertex -17.3409 -64.717 -3
    endloop
  endfacet
  facet normal -0.227089 -0.973874 0
    outer loop
      vertex -18.3762 -68.5807 -3
      vertex -13.8514 -69.6358 20
      vertex -18.3762 -68.5807 20
    endloop
  endfacet
  facet normal -0.227089 -0.973874 -0
    outer loop
      vertex -13.8514 -69.6358 20
      vertex -18.3762 -68.5807 -3
      vertex -13.8514 -69.6358 -3
    endloop
  endfacet
  facet normal 0.277707 0.915465 0.291209
    outer loop
      vertex -14.235 -53.1259 20
      vertex -12.6821 -47.3304 0.299988
      vertex -15.7505 -46.3996 0.299988
    endloop
  endfacet
  facet normal 0.277682 0.915471 0.291213
    outer loop
      vertex -14.235 -53.1259 20
      vertex -15.7505 -46.3996 0.299988
      vertex -17.6792 -52.0812 20
    endloop
  endfacet
  facet normal 0.290288 0.956939 -0
    outer loop
      vertex -12.6821 -47.3304 -0.199997
      vertex -15.7505 -46.3996 0.299988
      vertex -12.6821 -47.3304 0.299988
    endloop
  endfacet
  facet normal 0.290288 0.956939 0
    outer loop
      vertex -15.7505 -46.3996 0.299988
      vertex -12.6821 -47.3304 -0.199997
      vertex -15.7505 -46.3996 -0.199997
    endloop
  endfacet
  facet normal 0.290287 0.95694 -0
    outer loop
      vertex -17.3409 -64.717 -3
      vertex -21.5364 -63.4443 -0.199997
      vertex -17.3409 -64.717 -0.199997
    endloop
  endfacet
  facet normal 0.290287 0.95694 0
    outer loop
      vertex -21.5364 -63.4443 -0.199997
      vertex -17.3409 -64.717 -3
      vertex -21.5364 -63.4443 -3
    endloop
  endfacet
  facet normal -0.290289 -0.956939 0
    outer loop
      vertex -22.8222 -67.232 -3
      vertex -18.3762 -68.5807 20
      vertex -22.8222 -67.232 20
    endloop
  endfacet
  facet normal -0.290289 -0.956939 -0
    outer loop
      vertex -18.3762 -68.5807 20
      vertex -22.8222 -67.232 -3
      vertex -18.3762 -68.5807 -3
    endloop
  endfacet
  facet normal 0.336984 0.895342 0.291214
    outer loop
      vertex -17.6792 -52.0812 20
      vertex -15.7505 -46.3996 0.299988
      vertex -18.7515 -45.2701 0.299988
    endloop
  endfacet
  facet normal 0.336989 0.89534 0.291213
    outer loop
      vertex -17.6792 -52.0812 20
      vertex -18.7515 -45.2701 0.299988
      vertex -21.0476 -50.8134 20
    endloop
  endfacet
  facet normal 0.352251 0.935906 -0
    outer loop
      vertex -15.7505 -46.3996 -0.199997
      vertex -18.7515 -45.2701 0.299988
      vertex -15.7505 -46.3996 0.299988
    endloop
  endfacet
  facet normal 0.352251 0.935906 0
    outer loop
      vertex -18.7515 -45.2701 0.299988
      vertex -15.7505 -46.3996 -0.199997
      vertex -18.7515 -45.2701 -0.199997
    endloop
  endfacet
  facet normal 0.352248 0.935907 -0
    outer loop
      vertex -21.5364 -63.4443 -3
      vertex -25.6398 -61.8999 -0.199997
      vertex -21.5364 -63.4443 -0.199997
    endloop
  endfacet
  facet normal 0.352248 0.935907 0
    outer loop
      vertex -25.6398 -61.8999 -0.199997
      vertex -21.5364 -63.4443 -3
      vertex -25.6398 -61.8999 -3
    endloop
  endfacet
  facet normal -0.352253 -0.935905 0
    outer loop
      vertex -27.1705 -65.5954 -3
      vertex -22.8222 -67.232 20
      vertex -27.1705 -65.5954 20
    endloop
  endfacet
  facet normal -0.352253 -0.935905 -0
    outer loop
      vertex -22.8222 -67.232 20
      vertex -27.1705 -65.5954 -3
      vertex -22.8222 -67.232 -3
    endloop
  endfacet
  facet normal 0.394818 0.871386 0.291213
    outer loop
      vertex -21.0476 -50.8134 20
      vertex -18.7515 -45.2701 0.299988
      vertex -21.6721 -43.9468 0.299988
    endloop
  endfacet
  facet normal 0.394825 0.871384 0.291212
    outer loop
      vertex -21.0476 -50.8134 20
      vertex -21.6721 -43.9468 0.299988
      vertex -24.3259 -49.328 20
    endloop
  endfacet
  facet normal 0.412705 0.910865 -0
    outer loop
      vertex -18.7515 -45.2701 -0.199997
      vertex -21.6721 -43.9468 0.299988
      vertex -18.7515 -45.2701 0.299988
    endloop
  endfacet
  facet normal 0.412705 0.910865 0
    outer loop
      vertex -21.6721 -43.9468 0.299988
      vertex -18.7515 -45.2701 -0.199997
      vertex -21.6721 -43.9468 -0.199997
    endloop
  endfacet
  facet normal 0.412701 0.910867 -0
    outer loop
      vertex -25.6398 -61.8999 -3
      vertex -29.6333 -60.0905 -0.199997
      vertex -25.6398 -61.8999 -0.199997
    endloop
  endfacet
  facet normal 0.412701 0.910867 0
    outer loop
      vertex -29.6333 -60.0905 -0.199997
      vertex -25.6398 -61.8999 -3
      vertex -29.6333 -60.0905 -3
    endloop
  endfacet
  facet normal -0.41269 -0.910871 0
    outer loop
      vertex -31.4025 -63.678 -3
      vertex -27.1705 -65.5954 20
      vertex -31.4025 -63.678 20
    endloop
  endfacet
  facet normal -0.41269 -0.910871 -0
    outer loop
      vertex -27.1705 -65.5954 20
      vertex -31.4025 -63.678 -3
      vertex -27.1705 -65.5954 -3
    endloop
  endfacet
  facet normal 0.450979 0.843691 0.291212
    outer loop
      vertex -24.3259 -49.328 20
      vertex -21.6721 -43.9468 0.299988
      vertex -24.5 -42.4352 0.299988
    endloop
  endfacet
  facet normal 0.450967 0.843696 0.291214
    outer loop
      vertex -24.3259 -49.328 20
      vertex -24.5 -42.4352 0.299988
      vertex -27.5 -47.6314 20
    endloop
  endfacet
  facet normal 0.47141 0.881914 -0
    outer loop
      vertex -21.6721 -43.9468 -0.199997
      vertex -24.5 -42.4352 0.299988
      vertex -21.6721 -43.9468 0.299988
    endloop
  endfacet
  facet normal 0.47141 0.881914 0
    outer loop
      vertex -24.5 -42.4352 0.299988
      vertex -21.6721 -43.9468 -0.199997
      vertex -24.5 -42.4352 -0.199997
    endloop
  endfacet
  facet normal 0.471398 0.881921 -0
    outer loop
      vertex -29.6333 -60.0905 -3
      vertex -33.5 -58.0237 -0.199997
      vertex -29.6333 -60.0905 -0.199997
    endloop
  endfacet
  facet normal 0.471398 0.881921 0
    outer loop
      vertex -33.5 -58.0237 -0.199997
      vertex -29.6333 -60.0905 -3
      vertex -33.5 -58.0237 -3
    endloop
  endfacet
  facet normal -0.471404 -0.881918 0
    outer loop
      vertex -35.5 -61.4878 -3
      vertex -31.4025 -63.678 20
      vertex -35.5 -61.4878 20
    endloop
  endfacet
  facet normal -0.471404 -0.881918 -0
    outer loop
      vertex -31.4025 -63.678 20
      vertex -35.5 -61.4878 -3
      vertex -31.4025 -63.678 -3
    endloop
  endfacet
  facet normal 0.505179 0.812397 0.291214
    outer loop
      vertex -24.5 -42.4352 0.299988
      vertex -27.2229 -40.742 0.299988
      vertex -27.5 -47.6314 20
    endloop
  endfacet
  facet normal 0.505182 0.812395 0.291213
    outer loop
      vertex -27.5 -47.6314 20
      vertex -27.2229 -40.742 0.299988
      vertex -30.5564 -45.7308 20
    endloop
  endfacet
  facet normal 0.528066 0.849203 -0
    outer loop
      vertex -24.5 -42.4352 -0.199997
      vertex -27.2229 -40.742 0.299988
      vertex -24.5 -42.4352 0.299988
    endloop
  endfacet
  facet normal 0.528066 0.849203 0
    outer loop
      vertex -27.2229 -40.742 0.299988
      vertex -24.5 -42.4352 -0.199997
      vertex -27.2229 -40.742 -0.199997
    endloop
  endfacet
  facet normal 0.528062 0.849206 -0
    outer loop
      vertex -33.5 -58.0237 -3
      vertex -37.2232 -55.7085 -0.199997
      vertex -33.5 -58.0237 -0.199997
    endloop
  endfacet
  facet normal 0.528062 0.849206 0
    outer loop
      vertex -37.2232 -55.7085 -0.199997
      vertex -33.5 -58.0237 -3
      vertex -37.2232 -55.7085 -3
    endloop
  endfacet
  facet normal -0.528073 -0.849199 0
    outer loop
      vertex -39.4455 -59.0343 -3
      vertex -35.5 -61.4878 20
      vertex -39.4455 -59.0343 20
    endloop
  endfacet
  facet normal -0.528073 -0.849199 -0
    outer loop
      vertex -35.5 -61.4878 20
      vertex -39.4455 -59.0343 -3
      vertex -35.5 -61.4878 -3
    endloop
  endfacet
  facet normal 0.557228 0.777619 0.291213
    outer loop
      vertex -27.2229 -40.742 0.299988
      vertex -29.8293 -38.8743 0.299988
      vertex -30.5564 -45.7308 20
    endloop
  endfacet
  facet normal 0.557235 0.777615 0.291212
    outer loop
      vertex -30.5564 -45.7308 20
      vertex -29.8293 -38.8743 0.299988
      vertex -33.4819 -43.6344 20
    endloop
  endfacet
  facet normal 0.582474 0.81285 -0
    outer loop
      vertex -27.2229 -40.742 -0.199997
      vertex -29.8293 -38.8743 0.299988
      vertex -27.2229 -40.742 0.299988
    endloop
  endfacet
  facet normal 0.582474 0.81285 0
    outer loop
      vertex -29.8293 -38.8743 0.299988
      vertex -27.2229 -40.742 -0.199997
      vertex -29.8293 -38.8743 -0.199997
    endloop
  endfacet
  facet normal 0.58248 0.812845 -0
    outer loop
      vertex -37.2232 -55.7085 -3
      vertex -40.787 -53.1547 -0.199997
      vertex -37.2232 -55.7085 -0.199997
    endloop
  endfacet
  facet normal 0.58248 0.812845 0
    outer loop
      vertex -40.787 -53.1547 -0.199997
      vertex -37.2232 -55.7085 -3
      vertex -40.787 -53.1547 -3
    endloop
  endfacet
  facet normal -0.582467 -0.812854 0
    outer loop
      vertex -43.2221 -56.3281 -3
      vertex -39.4455 -59.0343 20
      vertex -43.2221 -56.3281 20
    endloop
  endfacet
  facet normal -0.582467 -0.812854 -0
    outer loop
      vertex -39.4455 -59.0343 20
      vertex -43.2221 -56.3281 -3
      vertex -39.4455 -59.0343 -3
    endloop
  endfacet
  facet normal 0.606909 0.739497 0.291212
    outer loop
      vertex -29.8293 -38.8743 0.299988
      vertex -32.3079 -36.8401 0.299988
      vertex -33.4819 -43.6344 20
    endloop
  endfacet
  facet normal 0.606896 0.739508 0.291215
    outer loop
      vertex -33.4819 -43.6344 20
      vertex -32.3079 -36.8401 0.299988
      vertex -36.264 -41.3512 20
    endloop
  endfacet
  facet normal 0.634405 0.773 -0
    outer loop
      vertex -29.8293 -38.8743 -0.199997
      vertex -32.3079 -36.8401 0.299988
      vertex -29.8293 -38.8743 0.299988
    endloop
  endfacet
  facet normal 0.634405 0.773 0
    outer loop
      vertex -32.3079 -36.8401 0.299988
      vertex -29.8293 -38.8743 -0.199997
      vertex -32.3079 -36.8401 -0.199997
    endloop
  endfacet
  facet normal 0.634387 0.773015 -0
    outer loop
      vertex -40.787 -53.1547 -3
      vertex -44.1762 -50.3733 -0.199997
      vertex -40.787 -53.1547 -0.199997
    endloop
  endfacet
  facet normal 0.634387 0.773015 0
    outer loop
      vertex -44.1762 -50.3733 -0.199997
      vertex -40.787 -53.1547 -3
      vertex -44.1762 -50.3733 -3
    endloop
  endfacet
  facet normal -0.634397 -0.773007 0
    outer loop
      vertex -46.8136 -53.3806 -3
      vertex -43.2221 -56.3281 20
      vertex -46.8136 -53.3806 20
    endloop
  endfacet
  facet normal -0.634397 -0.773007 -0
    outer loop
      vertex -43.2221 -56.3281 20
      vertex -46.8136 -53.3806 -3
      vertex -43.2221 -56.3281 -3
    endloop
  endfacet
  facet normal 0.653959 0.698235 0.291215
    outer loop
      vertex -32.3079 -36.8401 0.299988
      vertex -34.6482 -34.6482 0.299988
      vertex -36.264 -41.3512 20
    endloop
  endfacet
  facet normal 0.653955 0.698238 0.291216
    outer loop
      vertex -36.264 -41.3512 20
      vertex -34.6482 -34.6482 0.299988
      vertex -38.8909 -38.8909 20
    endloop
  endfacet
  facet normal 0.683587 0.729869 -0
    outer loop
      vertex -32.3079 -36.8401 -0.199997
      vertex -34.6482 -34.6482 0.299988
      vertex -32.3079 -36.8401 0.299988
    endloop
  endfacet
  facet normal 0.683587 0.729869 0
    outer loop
      vertex -34.6482 -34.6482 0.299988
      vertex -32.3079 -36.8401 -0.199997
      vertex -34.6482 -34.6482 -0.199997
    endloop
  endfacet
  facet normal 0.683589 0.729867 -0
    outer loop
      vertex -44.1762 -50.3733 -3
      vertex -47.3762 -47.3762 -0.199997
      vertex -44.1762 -50.3733 -0.199997
    endloop
  endfacet
  facet normal 0.683589 0.729867 0
    outer loop
      vertex -47.3762 -47.3762 -0.199997
      vertex -44.1762 -50.3733 -3
      vertex -47.3762 -47.3762 -3
    endloop
  endfacet
  facet normal -0.68359 -0.729866 0
    outer loop
      vertex -50.2046 -50.2046 -3
      vertex -46.8136 -53.3806 20
      vertex -50.2046 -50.2046 20
    endloop
  endfacet
  facet normal -0.68359 -0.729866 -0
    outer loop
      vertex -46.8136 -53.3806 20
      vertex -50.2046 -50.2046 -3
      vertex -46.8136 -53.3806 -3
    endloop
  endfacet
  facet normal 0.698234 0.653959 0.291216
    outer loop
      vertex -34.6482 -34.6482 0.299988
      vertex -36.8401 -32.3079 0.299988
      vertex -38.8909 -38.8909 20
    endloop
  endfacet
  facet normal 0.698238 0.653955 0.291215
    outer loop
      vertex -38.8909 -38.8909 20
      vertex -36.8401 -32.3079 0.299988
      vertex -41.3512 -36.264 20
    endloop
  endfacet
  facet normal 0.729869 0.683587 0
    outer loop
      vertex -34.6482 -34.6482 0.299988
      vertex -36.8401 -32.3079 -0.199997
      vertex -36.8401 -32.3079 0.299988
    endloop
  endfacet
  facet normal 0.729869 0.683587 0
    outer loop
      vertex -36.8401 -32.3079 -0.199997
      vertex -34.6482 -34.6482 0.299988
      vertex -34.6482 -34.6482 -0.199997
    endloop
  endfacet
  facet normal 0.729867 0.683589 0
    outer loop
      vertex -47.3762 -47.3762 -0.199997
      vertex -50.3733 -44.1762 -3
      vertex -50.3733 -44.1762 -0.199997
    endloop
  endfacet
  facet normal 0.729867 0.683589 0
    outer loop
      vertex -50.3733 -44.1762 -3
      vertex -47.3762 -47.3762 -0.199997
      vertex -47.3762 -47.3762 -3
    endloop
  endfacet
  facet normal -0.729866 -0.68359 0
    outer loop
      vertex -50.2046 -50.2046 -3
      vertex -53.3806 -46.8136 20
      vertex -53.3806 -46.8136 -3
    endloop
  endfacet
  facet normal -0.729866 -0.68359 0
    outer loop
      vertex -53.3806 -46.8136 20
      vertex -50.2046 -50.2046 -3
      vertex -50.2046 -50.2046 20
    endloop
  endfacet
  facet normal 0.739497 0.606909 0.291215
    outer loop
      vertex -36.8401 -32.3079 0.299988
      vertex -38.8743 -29.8293 0.299988
      vertex -41.3512 -36.264 20
    endloop
  endfacet
  facet normal 0.739508 0.606896 0.291212
    outer loop
      vertex -41.3512 -36.264 20
      vertex -38.8743 -29.8293 0.299988
      vertex -43.6344 -33.4819 20
    endloop
  endfacet
  facet normal 0.773 0.634405 0
    outer loop
      vertex -36.8401 -32.3079 0.299988
      vertex -38.8743 -29.8293 -0.199997
      vertex -38.8743 -29.8293 0.299988
    endloop
  endfacet
  facet normal 0.773 0.634405 0
    outer loop
      vertex -38.8743 -29.8293 -0.199997
      vertex -36.8401 -32.3079 0.299988
      vertex -36.8401 -32.3079 -0.199997
    endloop
  endfacet
  facet normal 0.773015 0.634387 0
    outer loop
      vertex -50.3733 -44.1762 -0.199997
      vertex -53.1547 -40.787 -3
      vertex -53.1547 -40.787 -0.199997
    endloop
  endfacet
  facet normal 0.773015 0.634387 0
    outer loop
      vertex -53.1547 -40.787 -3
      vertex -50.3733 -44.1762 -0.199997
      vertex -50.3733 -44.1762 -3
    endloop
  endfacet
  facet normal -0.773007 -0.634397 0
    outer loop
      vertex -53.3806 -46.8136 -3
      vertex -56.3281 -43.2221 20
      vertex -56.3281 -43.2221 -3
    endloop
  endfacet
  facet normal -0.773007 -0.634397 0
    outer loop
      vertex -56.3281 -43.2221 20
      vertex -53.3806 -46.8136 -3
      vertex -53.3806 -46.8136 20
    endloop
  endfacet
  facet normal 0.77762 0.557228 0.291212
    outer loop
      vertex -38.8743 -29.8293 0.299988
      vertex -40.742 -27.2229 0.299988
      vertex -43.6344 -33.4819 20
    endloop
  endfacet
  facet normal 0.777614 0.557235 0.291213
    outer loop
      vertex -43.6344 -33.4819 20
      vertex -40.742 -27.2229 0.299988
      vertex -45.7308 -30.5564 20
    endloop
  endfacet
  facet normal 0.81285 0.582474 0
    outer loop
      vertex -38.8743 -29.8293 0.299988
      vertex -40.742 -27.2229 -0.199997
      vertex -40.742 -27.2229 0.299988
    endloop
  endfacet
  facet normal 0.81285 0.582474 0
    outer loop
      vertex -40.742 -27.2229 -0.199997
      vertex -38.8743 -29.8293 0.299988
      vertex -38.8743 -29.8293 -0.199997
    endloop
  endfacet
  facet normal 0.812845 0.58248 0
    outer loop
      vertex -53.1547 -40.787 -0.199997
      vertex -55.7085 -37.2232 -3
      vertex -55.7085 -37.2232 -0.199997
    endloop
  endfacet
  facet normal 0.812845 0.58248 0
    outer loop
      vertex -55.7085 -37.2232 -3
      vertex -53.1547 -40.787 -0.199997
      vertex -53.1547 -40.787 -3
    endloop
  endfacet
  facet normal -0.812854 -0.582467 0
    outer loop
      vertex -56.3281 -43.2221 -3
      vertex -59.0343 -39.4455 20
      vertex -59.0343 -39.4455 -3
    endloop
  endfacet
  facet normal -0.812854 -0.582467 0
    outer loop
      vertex -59.0343 -39.4455 20
      vertex -56.3281 -43.2221 -3
      vertex -56.3281 -43.2221 20
    endloop
  endfacet
  facet normal 0.812397 0.505179 0.291213
    outer loop
      vertex -40.742 -27.2229 0.299988
      vertex -42.4352 -24.5 0.299988
      vertex -45.7308 -30.5564 20
    endloop
  endfacet
  facet normal 0.812395 0.505182 0.291214
    outer loop
      vertex -45.7308 -30.5564 20
      vertex -42.4352 -24.5 0.299988
      vertex -47.6314 -27.5 20
    endloop
  endfacet
  facet normal 0.849203 0.528066 0
    outer loop
      vertex -40.742 -27.2229 0.299988
      vertex -42.4352 -24.5 -0.199997
      vertex -42.4352 -24.5 0.299988
    endloop
  endfacet
  facet normal 0.849203 0.528066 0
    outer loop
      vertex -42.4352 -24.5 -0.199997
      vertex -40.742 -27.2229 0.299988
      vertex -40.742 -27.2229 -0.199997
    endloop
  endfacet
  facet normal 0.849206 0.528062 0
    outer loop
      vertex -55.7085 -37.2232 -0.199997
      vertex -58.0237 -33.5 -3
      vertex -58.0237 -33.5 -0.199997
    endloop
  endfacet
  facet normal 0.849206 0.528062 0
    outer loop
      vertex -58.0237 -33.5 -3
      vertex -55.7085 -37.2232 -0.199997
      vertex -55.7085 -37.2232 -3
    endloop
  endfacet
  facet normal -0.849199 -0.528073 0
    outer loop
      vertex -59.0343 -39.4455 -3
      vertex -61.4878 -35.5 20
      vertex -61.4878 -35.5 -3
    endloop
  endfacet
  facet normal -0.849199 -0.528073 0
    outer loop
      vertex -61.4878 -35.5 20
      vertex -59.0343 -39.4455 -3
      vertex -59.0343 -39.4455 20
    endloop
  endfacet
  facet normal 0.84369 0.450978 0.291214
    outer loop
      vertex -42.4352 -24.5 0.299988
      vertex -43.9468 -21.6721 0.299988
      vertex -47.6314 -27.5 20
    endloop
  endfacet
  facet normal 0.843697 0.450967 0.291212
    outer loop
      vertex -47.6314 -27.5 20
      vertex -43.9468 -21.6721 0.299988
      vertex -49.328 -24.3259 20
    endloop
  endfacet
  facet normal 0.881914 0.47141 0
    outer loop
      vertex -42.4352 -24.5 0.299988
      vertex -43.9468 -21.6721 -0.199997
      vertex -43.9468 -21.6721 0.299988
    endloop
  endfacet
  facet normal 0.881914 0.47141 0
    outer loop
      vertex -43.9468 -21.6721 -0.199997
      vertex -42.4352 -24.5 0.299988
      vertex -42.4352 -24.5 -0.199997
    endloop
  endfacet
  facet normal 0.881921 0.471398 0
    outer loop
      vertex -58.0237 -33.5 -0.199997
      vertex -60.0905 -29.6333 -3
      vertex -60.0905 -29.6333 -0.199997
    endloop
  endfacet
  facet normal 0.881921 0.471398 0
    outer loop
      vertex -60.0905 -29.6333 -3
      vertex -58.0237 -33.5 -0.199997
      vertex -58.0237 -33.5 -3
    endloop
  endfacet
  facet normal -0.881918 -0.471404 0
    outer loop
      vertex -61.4878 -35.5 -3
      vertex -63.678 -31.4025 20
      vertex -63.678 -31.4025 -3
    endloop
  endfacet
  facet normal -0.881918 -0.471404 0
    outer loop
      vertex -63.678 -31.4025 20
      vertex -61.4878 -35.5 -3
      vertex -61.4878 -35.5 20
    endloop
  endfacet
  facet normal 0.871386 0.394818 0.291212
    outer loop
      vertex -43.9468 -21.6721 0.299988
      vertex -45.2701 -18.7515 0.299988
      vertex -49.328 -24.3259 20
    endloop
  endfacet
  facet normal 0.871383 0.394824 0.291213
    outer loop
      vertex -49.328 -24.3259 20
      vertex -45.2701 -18.7515 0.299988
      vertex -50.8134 -21.0476 20
    endloop
  endfacet
  facet normal 0.910865 0.412705 0
    outer loop
      vertex -43.9468 -21.6721 0.299988
      vertex -45.2701 -18.7515 -0.199997
      vertex -45.2701 -18.7515 0.299988
    endloop
  endfacet
  facet normal 0.910865 0.412705 0
    outer loop
      vertex -45.2701 -18.7515 -0.199997
      vertex -43.9468 -21.6721 0.299988
      vertex -43.9468 -21.6721 -0.199997
    endloop
  endfacet
  facet normal 0.910867 0.412701 0
    outer loop
      vertex -60.0905 -29.6333 -0.199997
      vertex -61.8999 -25.6398 -3
      vertex -61.8999 -25.6398 -0.199997
    endloop
  endfacet
  facet normal 0.910867 0.412701 0
    outer loop
      vertex -61.8999 -25.6398 -3
      vertex -60.0905 -29.6333 -0.199997
      vertex -60.0905 -29.6333 -3
    endloop
  endfacet
  facet normal -0.910871 -0.41269 0
    outer loop
      vertex -63.678 -31.4025 -3
      vertex -65.5954 -27.1705 20
      vertex -65.5954 -27.1705 -3
    endloop
  endfacet
  facet normal -0.910871 -0.41269 0
    outer loop
      vertex -65.5954 -27.1705 20
      vertex -63.678 -31.4025 -3
      vertex -63.678 -31.4025 20
    endloop
  endfacet
  facet normal 0.895342 0.336984 0.291213
    outer loop
      vertex -45.2701 -18.7515 0.299988
      vertex -46.3996 -15.7505 0.299988
      vertex -50.8134 -21.0476 20
    endloop
  endfacet
  facet normal 0.89534 0.336988 0.291214
    outer loop
      vertex -50.8134 -21.0476 20
      vertex -46.3996 -15.7505 0.299988
      vertex -52.0812 -17.6792 20
    endloop
  endfacet
  facet normal 0.935906 0.352251 0
    outer loop
      vertex -45.2701 -18.7515 0.299988
      vertex -46.3996 -15.7505 -0.199997
      vertex -46.3996 -15.7505 0.299988
    endloop
  endfacet
  facet normal 0.935906 0.352251 0
    outer loop
      vertex -46.3996 -15.7505 -0.199997
      vertex -45.2701 -18.7515 0.299988
      vertex -45.2701 -18.7515 -0.199997
    endloop
  endfacet
  facet normal 0.935907 0.352248 0
    outer loop
      vertex -61.8999 -25.6398 -0.199997
      vertex -63.4443 -21.5364 -3
      vertex -63.4443 -21.5364 -0.199997
    endloop
  endfacet
  facet normal 0.935907 0.352248 0
    outer loop
      vertex -63.4443 -21.5364 -3
      vertex -61.8999 -25.6398 -0.199997
      vertex -61.8999 -25.6398 -3
    endloop
  endfacet
  facet normal -0.935905 -0.352253 0
    outer loop
      vertex -65.5954 -27.1705 -3
      vertex -67.232 -22.8222 20
      vertex -67.232 -22.8222 -3
    endloop
  endfacet
  facet normal -0.935905 -0.352253 0
    outer loop
      vertex -67.232 -22.8222 20
      vertex -65.5954 -27.1705 -3
      vertex -65.5954 -27.1705 20
    endloop
  endfacet
  facet normal 0.915464 0.277706 0.291214
    outer loop
      vertex -46.3996 -15.7505 0.299988
      vertex -47.3304 -12.6821 0.299988
      vertex -52.0812 -17.6792 20
    endloop
  endfacet
  facet normal 0.915472 0.277682 0.29121
    outer loop
      vertex -52.0812 -17.6792 20
      vertex -47.3304 -12.6821 0.299988
      vertex -53.1259 -14.235 20
    endloop
  endfacet
  facet normal 0.956939 0.290288 0
    outer loop
      vertex -46.3996 -15.7505 0.299988
      vertex -47.3304 -12.6821 -0.199997
      vertex -47.3304 -12.6821 0.299988
    endloop
  endfacet
  facet normal 0.956939 0.290288 0
    outer loop
      vertex -47.3304 -12.6821 -0.199997
      vertex -46.3996 -15.7505 0.299988
      vertex -46.3996 -15.7505 -0.199997
    endloop
  endfacet
  facet normal 0.95694 0.290287 0
    outer loop
      vertex -63.4443 -21.5364 -0.199997
      vertex -64.717 -17.3409 -3
      vertex -64.717 -17.3409 -0.199997
    endloop
  endfacet
  facet normal 0.95694 0.290287 0
    outer loop
      vertex -64.717 -17.3409 -3
      vertex -63.4443 -21.5364 -0.199997
      vertex -63.4443 -21.5364 -3
    endloop
  endfacet
  facet normal -0.956939 -0.290289 0
    outer loop
      vertex -67.232 -22.8222 -3
      vertex -68.5807 -18.3762 20
      vertex -68.5807 -18.3762 -3
    endloop
  endfacet
  facet normal -0.956939 -0.290289 0
    outer loop
      vertex -68.5807 -18.3762 20
      vertex -67.232 -22.8222 -3
      vertex -67.232 -22.8222 20
    endloop
  endfacet
  facet normal 0.931669 0.217233 0.291209
    outer loop
      vertex -47.3304 -12.6821 0.299988
      vertex -48.0585 -9.55943 0.299988
      vertex -53.1259 -14.235 20
    endloop
  endfacet
  facet normal 0.931665 0.217247 0.291212
    outer loop
      vertex -53.1259 -14.235 20
      vertex -48.0585 -9.55943 0.299988
      vertex -53.9432 -10.73 20
    endloop
  endfacet
  facet normal 0.973877 0.227075 0
    outer loop
      vertex -47.3304 -12.6821 0.299988
      vertex -48.0585 -9.55943 -0.199997
      vertex -48.0585 -9.55943 0.299988
    endloop
  endfacet
  facet normal 0.973877 0.227075 0
    outer loop
      vertex -48.0585 -9.55943 -0.199997
      vertex -47.3304 -12.6821 0.299988
      vertex -47.3304 -12.6821 -0.199997
    endloop
  endfacet
  facet normal 0.973876 0.227081 0
    outer loop
      vertex -64.717 -17.3409 -0.199997
      vertex -65.7126 -13.0711 -3
      vertex -65.7126 -13.0711 -0.199997
    endloop
  endfacet
  facet normal 0.973876 0.227081 0
    outer loop
      vertex -65.7126 -13.0711 -3
      vertex -64.717 -17.3409 -0.199997
      vertex -64.717 -17.3409 -3
    endloop
  endfacet
  facet normal -0.973874 -0.227089 0
    outer loop
      vertex -68.5807 -18.3762 -3
      vertex -69.6358 -13.8514 20
      vertex -69.6358 -13.8514 -3
    endloop
  endfacet
  facet normal -0.973874 -0.227089 0
    outer loop
      vertex -69.6358 -13.8514 20
      vertex -68.5807 -18.3762 -3
      vertex -68.5807 -18.3762 20
    endloop
  endfacet
  facet normal 0.943882 0.155829 0.291212
    outer loop
      vertex -48.0585 -9.55943 0.299988
      vertex -48.5808 -6.39578 0.299988
      vertex -53.9432 -10.73 20
    endloop
  endfacet
  facet normal 0.94388 0.15584 0.291213
    outer loop
      vertex -53.9432 -10.73 20
      vertex -48.5808 -6.39578 0.299988
      vertex -54.5295 -7.17894 20
    endloop
  endfacet
  facet normal 0.986644 0.162889 0
    outer loop
      vertex -48.0585 -9.55943 0.299988
      vertex -48.5808 -6.39578 -0.199997
      vertex -48.5808 -6.39578 0.299988
    endloop
  endfacet
  facet normal 0.986644 0.162889 0
    outer loop
      vertex -48.5808 -6.39578 -0.199997
      vertex -48.0585 -9.55943 0.299988
      vertex -48.0585 -9.55943 -0.199997
    endloop
  endfacet
  facet normal 0.986643 0.162895 0
    outer loop
      vertex -65.7126 -13.0711 -0.199997
      vertex -66.4268 -8.74525 -3
      vertex -66.4268 -8.74525 -0.199997
    endloop
  endfacet
  facet normal 0.986643 0.162895 0
    outer loop
      vertex -66.4268 -8.74525 -3
      vertex -65.7126 -13.0711 -0.199997
      vertex -65.7126 -13.0711 -3
    endloop
  endfacet
  facet normal -0.986644 -0.16289 0
    outer loop
      vertex -69.6358 -13.8514 -3
      vertex -70.3926 -9.26736 20
      vertex -70.3926 -9.26736 -3
    endloop
  endfacet
  facet normal -0.986644 -0.16289 0
    outer loop
      vertex -70.3926 -9.26736 20
      vertex -69.6358 -13.8514 -3
      vertex -69.6358 -13.8514 20
    endloop
  endfacet
  facet normal 0.952051 0.0937721 0.291213
    outer loop
      vertex -48.5808 -6.39578 0.299988
      vertex -48.8951 -3.20475 0.299988
      vertex -54.5295 -7.17894 20
    endloop
  endfacet
  facet normal 0.952055 0.0937496 0.29121
    outer loop
      vertex -54.5295 -7.17894 20
      vertex -48.8951 -3.20475 0.299988
      vertex -54.8822 -3.59717 20
    endloop
  endfacet
  facet normal 0.995184 0.0980205 0
    outer loop
      vertex -48.5808 -6.39578 0.299988
      vertex -48.8951 -3.20475 -0.199997
      vertex -48.8951 -3.20475 0.299988
    endloop
  endfacet
  facet normal 0.995184 0.0980205 0
    outer loop
      vertex -48.8951 -3.20475 -0.199997
      vertex -48.5808 -6.39578 0.299988
      vertex -48.5808 -6.39578 -0.199997
    endloop
  endfacet
  facet normal 0.995186 0.0980077 0
    outer loop
      vertex -66.4268 -8.74525 -0.199997
      vertex -66.8565 -4.38201 -3
      vertex -66.8565 -4.38201 -0.199997
    endloop
  endfacet
  facet normal 0.995186 0.0980077 0
    outer loop
      vertex -66.8565 -4.38201 -3
      vertex -66.4268 -8.74525 -0.199997
      vertex -66.4268 -8.74525 -3
    endloop
  endfacet
  facet normal -0.995185 -0.0980174 0
    outer loop
      vertex -70.3926 -9.26736 -3
      vertex -70.848 -4.64362 20
      vertex -70.848 -4.64362 -3
    endloop
  endfacet
  facet normal -0.995185 -0.0980174 0
    outer loop
      vertex -70.848 -4.64362 20
      vertex -70.3926 -9.26736 -3
      vertex -70.3926 -9.26736 20
    endloop
  endfacet
  facet normal -0 0 1
    outer loop
      vertex -67.232 22.8222 20
      vertex -52.0812 17.6792 20
      vertex -65.5954 27.1705 20
    endloop
  endfacet
  facet normal -0 0 1
    outer loop
      vertex -68.5807 18.3762 20
      vertex -53.1259 14.235 20
      vertex -67.232 22.8222 20
    endloop
  endfacet
  facet normal -0 0 1
    outer loop
      vertex -69.6358 13.8514 20
      vertex -53.9432 10.73 20
      vertex -68.5807 18.3762 20
    endloop
  endfacet
  facet normal 0 0 1
    outer loop
      vertex -53.9432 10.73 20
      vertex -69.6358 13.8514 20
      vertex -54.5295 7.17894 20
    endloop
  endfacet
  facet normal 0 0 1
    outer loop
      vertex -55 0 20
      vertex -59.0343 -39.4455 20
      vertex -56.3281 -43.2221 20
    endloop
  endfacet
  facet normal 0 0 1
    outer loop
      vertex -52.0812 17.6792 20
      vertex -67.232 22.8222 20
      vertex -53.1259 14.235 20
    endloop
  endfacet
  facet normal 0 0 1
    outer loop
      vertex -65.5954 27.1705 20
      vertex -59.3158 32.8579 20
      vertex -59.7558 32.8 20
    endloop
  endfacet
  facet normal 0 0 1
    outer loop
      vertex -63.678 31.4025 20
      vertex -59.7558 32.8 20
      vertex -60.1957 32.8579 20
    endloop
  endfacet
  facet normal 0 0 1
    outer loop
      vertex -63.678 31.4025 20
      vertex -60.1957 32.8579 20
      vertex -60.6058 33.0278 20
    endloop
  endfacet
  facet normal 0 0 1
    outer loop
      vertex -63.678 31.4025 20
      vertex -60.6058 33.0278 20
      vertex -60.9578 33.2979 20
    endloop
  endfacet
  facet normal 0 0 1
    outer loop
      vertex -63.678 31.4025 20
      vertex -60.9578 33.2979 20
      vertex -61.228 33.65 20
    endloop
  endfacet
  facet normal 0 0 1
    outer loop
      vertex -63.678 31.4025 20
      vertex -61.228 33.65 20
      vertex -61.3978 34.06 20
    endloop
  endfacet
  facet normal 0 0 1
    outer loop
      vertex -63.678 31.4025 20
      vertex -61.3978 34.06 20
      vertex -61.4558 34.5 20
    endloop
  endfacet
  facet normal 0 0 1
    outer loop
      vertex -55 0 20
      vertex -61.4878 -35.5 20
      vertex -59.0343 -39.4455 20
    endloop
  endfacet
  facet normal 0 0 1
    outer loop
      vertex -63.678 31.4025 20
      vertex -61.4558 34.5 20
      vertex -61.4878 35.5 20
    endloop
  endfacet
  facet normal 0 0 1
    outer loop
      vertex -59.7558 32.8 20
      vertex -63.678 31.4025 20
      vertex -65.5954 27.1705 20
    endloop
  endfacet
  facet normal 0 0 1
    outer loop
      vertex -55 0 20
      vertex -63.678 -31.4025 20
      vertex -61.4878 -35.5 20
    endloop
  endfacet
  facet normal 0 0 1
    outer loop
      vertex -53.1259 14.235 20
      vertex -68.5807 18.3762 20
      vertex -53.9432 10.73 20
    endloop
  endfacet
  facet normal 0 0 1
    outer loop
      vertex -55 0 20
      vertex -65.5954 -27.1705 20
      vertex -63.678 -31.4025 20
    endloop
  endfacet
  facet normal -0 0 1
    outer loop
      vertex -70.3926 9.26736 20
      vertex -54.5295 7.17894 20
      vertex -69.6358 13.8514 20
    endloop
  endfacet
  facet normal 0 0 1
    outer loop
      vertex -55 0 20
      vertex -67.232 -22.8222 20
      vertex -65.5954 -27.1705 20
    endloop
  endfacet
  facet normal 0 0 1
    outer loop
      vertex -54.5295 7.17894 20
      vertex -70.3926 9.26736 20
      vertex -54.8822 3.59717 20
    endloop
  endfacet
  facet normal 0 0 1
    outer loop
      vertex -55 0 20
      vertex -68.5807 -18.3762 20
      vertex -67.232 -22.8222 20
    endloop
  endfacet
  facet normal -0 0 1
    outer loop
      vertex -70.848 4.64362 20
      vertex -54.8822 3.59717 20
      vertex -70.3926 9.26736 20
    endloop
  endfacet
  facet normal 0 0 1
    outer loop
      vertex -55 0 20
      vertex -69.6358 -13.8514 20
      vertex -68.5807 -18.3762 20
    endloop
  endfacet
  facet normal 0 0 1
    outer loop
      vertex -54.8822 3.59717 20
      vertex -70.848 4.64362 20
      vertex -55 0 20
    endloop
  endfacet
  facet normal 0 0 1
    outer loop
      vertex -55 0 20
      vertex -70.3926 -9.26736 20
      vertex -69.6358 -13.8514 20
    endloop
  endfacet
  facet normal 0 0 1
    outer loop
      vertex -55 0 20
      vertex -70.848 4.64362 20
      vertex -71 0 20
    endloop
  endfacet
  facet normal 0 0 1
    outer loop
      vertex -55 0 20
      vertex -70.848 -4.64362 20
      vertex -70.3926 -9.26736 20
    endloop
  endfacet
  facet normal 0 0 1
    outer loop
      vertex -55 0 20
      vertex -71 0 20
      vertex -70.848 -4.64362 20
    endloop
  endfacet
  facet normal 0 0 1
    outer loop
      vertex -36.264 -41.3512 20
      vertex -41.4574 -44.6034 20
      vertex -41.4131 -44.9399 20
    endloop
  endfacet
  facet normal 0 0 1
    outer loop
      vertex -38.8909 -38.8909 20
      vertex -41.5873 -44.2899 20
      vertex -41.4574 -44.6034 20
    endloop
  endfacet
  facet normal 0 0 1
    outer loop
      vertex -38.8909 -38.8909 20
      vertex -41.7939 -44.0206 20
      vertex -41.5873 -44.2899 20
    endloop
  endfacet
  facet normal 0 0 1
    outer loop
      vertex -38.8909 -38.8909 20
      vertex -42.0631 -43.814 20
      vertex -41.7939 -44.0206 20
    endloop
  endfacet
  facet normal 0 0 1
    outer loop
      vertex -38.8909 -38.8909 20
      vertex -42.3766 -43.6842 20
      vertex -42.0631 -43.814 20
    endloop
  endfacet
  facet normal 0 0 1
    outer loop
      vertex -38.8909 -38.8909 20
      vertex -42.7131 -43.6399 20
      vertex -42.3766 -43.6842 20
    endloop
  endfacet
  facet normal 0 0 1
    outer loop
      vertex -41.3512 -36.264 20
      vertex -43.0496 -43.6842 20
      vertex -42.7131 -43.6399 20
    endloop
  endfacet
  facet normal 0 0 1
    outer loop
      vertex -41.3512 -36.264 20
      vertex -43.3631 -43.814 20
      vertex -43.0496 -43.6842 20
    endloop
  endfacet
  facet normal 0 0 1
    outer loop
      vertex -43.6344 -33.4819 20
      vertex -43.3631 -43.814 20
      vertex -41.3512 -36.264 20
    endloop
  endfacet
  facet normal 0 0 1
    outer loop
      vertex -43.3631 -43.814 20
      vertex -43.6344 -33.4819 20
      vertex -43.6323 -44.0206 20
    endloop
  endfacet
  facet normal -0 0 1
    outer loop
      vertex -56.3281 -43.2221 20
      vertex -43.6323 -44.0206 20
      vertex -43.6344 -33.4819 20
    endloop
  endfacet
  facet normal 0 0 1
    outer loop
      vertex -43.6323 -44.0206 20
      vertex -56.3281 -43.2221 20
      vertex -43.8389 -44.2899 20
    endloop
  endfacet
  facet normal 0 -0 1
    outer loop
      vertex -53.3806 -46.8136 20
      vertex -43.8389 -44.2899 20
      vertex -56.3281 -43.2221 20
    endloop
  endfacet
  facet normal 0 0 1
    outer loop
      vertex -56.3281 -43.2221 20
      vertex -43.6344 -33.4819 20
      vertex -45.7308 -30.5564 20
    endloop
  endfacet
  facet normal 0 0 1
    outer loop
      vertex -21.0476 -50.8134 20
      vertex -32.1459 -52.9663 20
      vertex -27.1705 -65.5954 20
    endloop
  endfacet
  facet normal -0 0 1
    outer loop
      vertex -32.3525 -53.2355 20
      vertex -27.1705 -65.5954 20
      vertex -32.1459 -52.9663 20
    endloop
  endfacet
  facet normal 0 0 1
    outer loop
      vertex -27.1705 -65.5954 20
      vertex -32.3525 -53.2355 20
      vertex -31.4025 -63.678 20
    endloop
  endfacet
  facet normal -0 0 1
    outer loop
      vertex -32.6217 -53.4421 20
      vertex -31.4025 -63.678 20
      vertex -32.3525 -53.2355 20
    endloop
  endfacet
  facet normal -0 0 1
    outer loop
      vertex -32.9353 -53.572 20
      vertex -31.4025 -63.678 20
      vertex -32.6217 -53.4421 20
    endloop
  endfacet
  facet normal 0 0 1
    outer loop
      vertex -35.5 -61.4878 20
      vertex -32.9353 -53.572 20
      vertex -33.2717 -53.6163 20
    endloop
  endfacet
  facet normal 0 0 1
    outer loop
      vertex -35.5 -61.4878 20
      vertex -33.2717 -53.6163 20
      vertex -33.6082 -53.572 20
    endloop
  endfacet
  facet normal 0 0 1
    outer loop
      vertex -35.5 -61.4878 20
      vertex -33.6082 -53.572 20
      vertex -33.9217 -53.4421 20
    endloop
  endfacet
  facet normal 0 0 1
    outer loop
      vertex -39.4455 -59.0343 20
      vertex -33.9217 -53.4421 20
      vertex -34.191 -53.2355 20
    endloop
  endfacet
  facet normal 0 0 1
    outer loop
      vertex -39.4455 -59.0343 20
      vertex -34.191 -53.2355 20
      vertex -34.3976 -52.9663 20
    endloop
  endfacet
  facet normal 0 0 1
    outer loop
      vertex -39.4455 -59.0343 20
      vertex -34.3976 -52.9663 20
      vertex -34.5274 -52.6527 20
    endloop
  endfacet
  facet normal 0 0 1
    outer loop
      vertex -32.9353 -53.572 20
      vertex -35.5 -61.4878 20
      vertex -31.4025 -63.678 20
    endloop
  endfacet
  facet normal 0 0 1
    outer loop
      vertex -43.2221 -56.3281 20
      vertex -34.5274 -52.6527 20
      vertex -34.5717 -52.3163 20
    endloop
  endfacet
  facet normal 0 0 1
    outer loop
      vertex 4.64362 -70.848 20
      vertex 1.64207 -68.56 20
      vertex 1.7 -69 20
    endloop
  endfacet
  facet normal 0 0 1
    outer loop
      vertex 7.17894 -54.5295 20
      vertex 1.47224 -68.15 20
      vertex 1.64207 -68.56 20
    endloop
  endfacet
  facet normal 0 0 1
    outer loop
      vertex 7.17894 -54.5295 20
      vertex 1.20208 -67.7979 20
      vertex 1.47224 -68.15 20
    endloop
  endfacet
  facet normal 0 0 1
    outer loop
      vertex 3.59717 -54.8822 20
      vertex 0.849999 -67.5278 20
      vertex 1.20208 -67.7979 20
    endloop
  endfacet
  facet normal 0 0 1
    outer loop
      vertex 3.59717 -54.8822 20
      vertex 0.439992 -67.3579 20
      vertex 0.849999 -67.5278 20
    endloop
  endfacet
  facet normal -0 0 1
    outer loop
      vertex 0 -55 20
      vertex 0.439992 -67.3579 20
      vertex 3.59717 -54.8822 20
    endloop
  endfacet
  facet normal 0 0 1
    outer loop
      vertex 0 -55 20
      vertex 0 -67.3 20
      vertex 0.439992 -67.3579 20
    endloop
  endfacet
  facet normal 0 0 1
    outer loop
      vertex 0 -55 20
      vertex -0.439992 -67.3579 20
      vertex 0 -67.3 20
    endloop
  endfacet
  facet normal 0 0 1
    outer loop
      vertex -3.59717 -54.8822 20
      vertex -0.439992 -67.3579 20
      vertex 0 -55 20
    endloop
  endfacet
  facet normal 0 0 1
    outer loop
      vertex -0.439992 -67.3579 20
      vertex -3.59717 -54.8822 20
      vertex -0.849999 -67.5278 20
    endloop
  endfacet
  facet normal 0 0 1
    outer loop
      vertex -0.849999 -67.5278 20
      vertex -3.59717 -54.8822 20
      vertex -1.20208 -67.7979 20
    endloop
  endfacet
  facet normal 0 0 1
    outer loop
      vertex -7.17894 -54.5295 20
      vertex -1.20208 -67.7979 20
      vertex -3.59717 -54.8822 20
    endloop
  endfacet
  facet normal 0 0 1
    outer loop
      vertex -9.26736 -70.3926 20
      vertex -1.20208 -67.7979 20
      vertex -7.17894 -54.5295 20
    endloop
  endfacet
  facet normal 0 0 1
    outer loop
      vertex -1.20208 -67.7979 20
      vertex -9.26736 -70.3926 20
      vertex -1.47224 -68.15 20
    endloop
  endfacet
  facet normal 0 0 1
    outer loop
      vertex 61.4878 -35.5 20
      vertex 54.1899 -34.7035 20
      vertex 54.2353 -35.5729 20
    endloop
  endfacet
  facet normal 0 0 1
    outer loop
      vertex 65.5954 -27.1705 20
      vertex 54.0742 -33.854 20
      vertex 54.1899 -34.7035 20
    endloop
  endfacet
  facet normal -0 0 1
    outer loop
      vertex 52.0812 -17.6792 20
      vertex 67.232 -22.8222 20
      vertex 53.1259 -14.235 20
    endloop
  endfacet
  facet normal 0 0 1
    outer loop
      vertex 65.5954 -27.1705 20
      vertex 53.8889 -33.028 20
      vertex 54.0742 -33.854 20
    endloop
  endfacet
  facet normal 0 0 1
    outer loop
      vertex 67.232 -22.8222 20
      vertex 52.0812 -17.6792 20
      vertex 65.5954 -27.1705 20
    endloop
  endfacet
  facet normal 0 0 1
    outer loop
      vertex 65.5954 -27.1705 20
      vertex 53.6346 -32.229 20
      vertex 53.8889 -33.028 20
    endloop
  endfacet
  facet normal 0 0 1
    outer loop
      vertex 65.5954 -27.1705 20
      vertex 53.3125 -31.4605 20
      vertex 53.6346 -32.229 20
    endloop
  endfacet
  facet normal -0 0 1
    outer loop
      vertex 50.8134 -21.0476 20
      vertex 65.5954 -27.1705 20
      vertex 52.0812 -17.6792 20
    endloop
  endfacet
  facet normal 0 0 1
    outer loop
      vertex 65.5954 -27.1705 20
      vertex 52.924 -30.7258 20
      vertex 53.3125 -31.4605 20
    endloop
  endfacet
  facet normal 0 0 1
    outer loop
      vertex 65.5954 -27.1705 20
      vertex 52.4707 -30.028 20
      vertex 52.924 -30.7258 20
    endloop
  endfacet
  facet normal 0 -0 1
    outer loop
      vertex 51.9545 -29.3701 20
      vertex 65.5954 -27.1705 20
      vertex 50.8134 -21.0476 20
    endloop
  endfacet
  facet normal 0 0 1
    outer loop
      vertex 65.5954 -27.1705 20
      vertex 51.9545 -29.3701 20
      vertex 52.4707 -30.028 20
    endloop
  endfacet
  facet normal 0 0 1
    outer loop
      vertex 51.9545 -29.3701 20
      vertex 50.8134 -21.0476 20
      vertex 51.3778 -28.755 20
    endloop
  endfacet
  facet normal 0 0 1
    outer loop
      vertex 50.8134 -21.0476 20
      vertex 50.7428 -28.1851 20
      vertex 51.3778 -28.755 20
    endloop
  endfacet
  facet normal -0 0 1
    outer loop
      vertex 49.328 -24.3259 20
      vertex 50.7428 -28.1851 20
      vertex 50.8134 -21.0476 20
    endloop
  endfacet
  facet normal 0 0 1
    outer loop
      vertex 50.7428 -28.1851 20
      vertex 49.328 -24.3259 20
      vertex 50.0525 -27.6631 20
    endloop
  endfacet
  facet normal 0 0 1
    outer loop
      vertex 49.328 -24.3259 20
      vertex 49.3096 -27.1911 20
      vertex 50.0525 -27.6631 20
    endloop
  endfacet
  facet normal 0 0 1
    outer loop
      vertex 49.328 -24.3259 20
      vertex 48.5175 -26.7712 20
      vertex 49.3096 -27.1911 20
    endloop
  endfacet
  facet normal 0 -0 1
    outer loop
      vertex 48.5175 -26.7712 20
      vertex 49.328 -24.3259 20
      vertex 48.115 -26.5953 20
    endloop
  endfacet
  facet normal -0 0 1
    outer loop
      vertex 54.1899 -34.7035 20
      vertex 61.4878 -35.5 20
      vertex 63.678 -31.4025 20
    endloop
  endfacet
  facet normal 0 0 1
    outer loop
      vertex 61.4878 -35.5 20
      vertex 54.2353 -35.5729 20
      vertex 59.0343 -39.4455 20
    endloop
  endfacet
  facet normal -0 0 1
    outer loop
      vertex 54.2104 -36.4585 20
      vertex 59.0343 -39.4455 20
      vertex 54.2353 -35.5729 20
    endloop
  endfacet
  facet normal -0 0 1
    outer loop
      vertex 54.1152 -37.3565 20
      vertex 59.0343 -39.4455 20
      vertex 54.2104 -36.4585 20
    endloop
  endfacet
  facet normal -0 0 1
    outer loop
      vertex 53.9501 -38.2629 20
      vertex 59.0343 -39.4455 20
      vertex 54.1152 -37.3565 20
    endloop
  endfacet
  facet normal -0 0 1
    outer loop
      vertex 53.7158 -39.174 20
      vertex 59.0343 -39.4455 20
      vertex 53.9501 -38.2629 20
    endloop
  endfacet
  facet normal 0 0 1
    outer loop
      vertex 59.0343 -39.4455 20
      vertex 53.7158 -39.174 20
      vertex 56.3281 -43.2221 20
    endloop
  endfacet
  facet normal -0 0 1
    outer loop
      vertex 53.4134 -40.0859 20
      vertex 56.3281 -43.2221 20
      vertex 53.7158 -39.174 20
    endloop
  endfacet
  facet normal -0 0 1
    outer loop
      vertex 53.0441 -40.9946 20
      vertex 56.3281 -43.2221 20
      vertex 53.4134 -40.0859 20
    endloop
  endfacet
  facet normal -0 0 1
    outer loop
      vertex 52.6095 -41.8962 20
      vertex 56.3281 -43.2221 20
      vertex 53.0441 -40.9946 20
    endloop
  endfacet
  facet normal -0 0 1
    outer loop
      vertex 52.1114 -42.7869 20
      vertex 56.3281 -43.2221 20
      vertex 52.6095 -41.8962 20
    endloop
  endfacet
  facet normal 0 0 1
    outer loop
      vertex 56.3281 -43.2221 20
      vertex 52.1114 -42.7869 20
      vertex 53.3806 -46.8136 20
    endloop
  endfacet
  facet normal -0 0 1
    outer loop
      vertex 51.5521 -43.6629 20
      vertex 53.3806 -46.8136 20
      vertex 52.1114 -42.7869 20
    endloop
  endfacet
  facet normal -0 0 1
    outer loop
      vertex 50.9339 -44.5204 20
      vertex 53.3806 -46.8136 20
      vertex 51.5521 -43.6629 20
    endloop
  endfacet
  facet normal -0 0 1
    outer loop
      vertex 50.2594 -45.3557 20
      vertex 53.3806 -46.8136 20
      vertex 50.9339 -44.5204 20
    endloop
  endfacet
  facet normal -0 0 1
    outer loop
      vertex 49.5315 -46.1653 20
      vertex 53.3806 -46.8136 20
      vertex 50.2594 -45.3557 20
    endloop
  endfacet
  facet normal 0 0 1
    outer loop
      vertex 53.3806 -46.8136 20
      vertex 49.5315 -46.1653 20
      vertex 50.2046 -50.2046 20
    endloop
  endfacet
  facet normal -0 0 1
    outer loop
      vertex 48.7534 -46.9457 20
      vertex 50.2046 -50.2046 20
      vertex 49.5315 -46.1653 20
    endloop
  endfacet
  facet normal -0 0 1
    outer loop
      vertex 47.9284 -47.6936 20
      vertex 50.2046 -50.2046 20
      vertex 48.7534 -46.9457 20
    endloop
  endfacet
  facet normal -0 0 1
    outer loop
      vertex 47.06 -48.4057 20
      vertex 50.2046 -50.2046 20
      vertex 47.9284 -47.6936 20
    endloop
  endfacet
  facet normal -0 0 1
    outer loop
      vertex 46.1519 -49.079 20
      vertex 50.2046 -50.2046 20
      vertex 47.06 -48.4057 20
    endloop
  endfacet
  facet normal 0 0 1
    outer loop
      vertex 50.2046 -50.2046 20
      vertex 46.1519 -49.079 20
      vertex 46.8136 -53.3806 20
    endloop
  endfacet
  facet normal -0 0 1
    outer loop
      vertex 45.2081 -49.7107 20
      vertex 46.8136 -53.3806 20
      vertex 46.1519 -49.079 20
    endloop
  endfacet
  facet normal -0 0 1
    outer loop
      vertex 44.2325 -50.298 20
      vertex 46.8136 -53.3806 20
      vertex 45.2081 -49.7107 20
    endloop
  endfacet
  facet normal -0 0 1
    outer loop
      vertex 43.2294 -50.8383 20
      vertex 46.8136 -53.3806 20
      vertex 44.2325 -50.298 20
    endloop
  endfacet
  facet normal 0 0 1
    outer loop
      vertex 43.2294 -50.8383 20
      vertex 43.2221 -56.3281 20
      vertex 46.8136 -53.3806 20
    endloop
  endfacet
  facet normal -0 0 1
    outer loop
      vertex 42.203 -51.3295 20
      vertex 43.2221 -56.3281 20
      vertex 43.2294 -50.8383 20
    endloop
  endfacet
  facet normal -0 0 1
    outer loop
      vertex 41.1577 -51.7693 20
      vertex 43.2221 -56.3281 20
      vertex 42.203 -51.3295 20
    endloop
  endfacet
  facet normal -0 0 1
    outer loop
      vertex 40.098 -52.156 20
      vertex 43.2221 -56.3281 20
      vertex 41.1577 -51.7693 20
    endloop
  endfacet
  facet normal -0 0 1
    outer loop
      vertex 39.0285 -52.4878 20
      vertex 43.2221 -56.3281 20
      vertex 40.098 -52.156 20
    endloop
  endfacet
  facet normal 0 0 1
    outer loop
      vertex 43.2221 -56.3281 20
      vertex 39.0285 -52.4878 20
      vertex 39.4455 -59.0343 20
    endloop
  endfacet
  facet normal -0 0 1
    outer loop
      vertex 37.9537 -52.7633 20
      vertex 39.4455 -59.0343 20
      vertex 39.0285 -52.4878 20
    endloop
  endfacet
  facet normal -0 0 1
    outer loop
      vertex 36.8782 -52.9814 20
      vertex 39.4455 -59.0343 20
      vertex 37.9537 -52.7633 20
    endloop
  endfacet
  facet normal -0 0 1
    outer loop
      vertex 35.8067 -53.1411 20
      vertex 39.4455 -59.0343 20
      vertex 36.8782 -52.9814 20
    endloop
  endfacet
  facet normal 0 0 1
    outer loop
      vertex 35.8067 -53.1411 20
      vertex 35.5 -61.4878 20
      vertex 39.4455 -59.0343 20
    endloop
  endfacet
  facet normal -0 0 1
    outer loop
      vertex 34.7437 -53.2417 20
      vertex 35.5 -61.4878 20
      vertex 35.8067 -53.1411 20
    endloop
  endfacet
  facet normal -0 0 1
    outer loop
      vertex 33.6938 -53.2829 20
      vertex 35.5 -61.4878 20
      vertex 34.7437 -53.2417 20
    endloop
  endfacet
  facet normal 0 0 1
    outer loop
      vertex 32.6614 -53.2643 20
      vertex 35.5 -61.4878 20
      vertex 33.6938 -53.2829 20
    endloop
  endfacet
  facet normal 0 0 1
    outer loop
      vertex 31.651 -53.1862 20
      vertex 35.5 -61.4878 20
      vertex 32.6614 -53.2643 20
    endloop
  endfacet
  facet normal 0 0 1
    outer loop
      vertex 31.651 -53.1862 20
      vertex 31.4025 -63.678 20
      vertex 35.5 -61.4878 20
    endloop
  endfacet
  facet normal 0 0 1
    outer loop
      vertex 30.667 -53.0487 20
      vertex 31.4025 -63.678 20
      vertex 31.651 -53.1862 20
    endloop
  endfacet
  facet normal 0 0 1
    outer loop
      vertex 29.7134 -52.8526 20
      vertex 31.4025 -63.678 20
      vertex 30.667 -53.0487 20
    endloop
  endfacet
  facet normal 0 0 1
    outer loop
      vertex 28.7945 -52.5987 20
      vertex 31.4025 -63.678 20
      vertex 29.7134 -52.8526 20
    endloop
  endfacet
  facet normal 0 0 1
    outer loop
      vertex 27.1705 -65.5954 20
      vertex 28.7945 -52.5987 20
      vertex 27.9142 -52.288 20
    endloop
  endfacet
  facet normal 0 0 1
    outer loop
      vertex 28.7945 -52.5987 20
      vertex 27.1705 -65.5954 20
      vertex 31.4025 -63.678 20
    endloop
  endfacet
  facet normal 0 0 1
    outer loop
      vertex 27.0761 -51.922 20
      vertex 27.1705 -65.5954 20
      vertex 27.9142 -52.288 20
    endloop
  endfacet
  facet normal 0 0 1
    outer loop
      vertex 26.284 -51.502 20
      vertex 27.1705 -65.5954 20
      vertex 27.0761 -51.922 20
    endloop
  endfacet
  facet normal 0 0 1
    outer loop
      vertex 21.0476 -50.8134 20
      vertex 26.284 -51.502 20
      vertex 25.5411 -51.03 20
    endloop
  endfacet
  facet normal -0 0 1
    outer loop
      vertex 21.0476 -50.8134 20
      vertex 25.5411 -51.03 20
      vertex 24.8508 -50.508 20
    endloop
  endfacet
  facet normal 0 0 1
    outer loop
      vertex 21.0476 -50.8134 20
      vertex 24.8508 -50.508 20
      vertex 24.2159 -49.9382 20
    endloop
  endfacet
  facet normal 0 0 1
    outer loop
      vertex 21.0476 -50.8134 20
      vertex 24.2159 -49.9382 20
      vertex 23.8471 -49.5449 20
    endloop
  endfacet
  facet normal 0 0 1
    outer loop
      vertex 26.284 -51.502 20
      vertex 21.0476 -50.8134 20
      vertex 27.1705 -65.5954 20
    endloop
  endfacet
  facet normal 0 0 1
    outer loop
      vertex 27.1705 -65.5954 20
      vertex 21.0476 -50.8134 20
      vertex 22.8222 -67.232 20
    endloop
  endfacet
  facet normal -0 0 1
    outer loop
      vertex 17.6792 -52.0812 20
      vertex 22.8222 -67.232 20
      vertex 21.0476 -50.8134 20
    endloop
  endfacet
  facet normal 0 0 1
    outer loop
      vertex 22.8222 -67.232 20
      vertex 17.6792 -52.0812 20
      vertex 18.3762 -68.5807 20
    endloop
  endfacet
  facet normal -0 0 1
    outer loop
      vertex 14.235 -53.1259 20
      vertex 18.3762 -68.5807 20
      vertex 17.6792 -52.0812 20
    endloop
  endfacet
  facet normal 0 0 1
    outer loop
      vertex 14.235 -53.1259 20
      vertex 13.8514 -69.6358 20
      vertex 18.3762 -68.5807 20
    endloop
  endfacet
  facet normal -0 0 1
    outer loop
      vertex 10.73 -53.9432 20
      vertex 13.8514 -69.6358 20
      vertex 14.235 -53.1259 20
    endloop
  endfacet
  facet normal 0 0 1
    outer loop
      vertex 10.73 -53.9432 20
      vertex 9.26736 -70.3926 20
      vertex 13.8514 -69.6358 20
    endloop
  endfacet
  facet normal -0 0 1
    outer loop
      vertex 7.17894 -54.5295 20
      vertex 9.26736 -70.3926 20
      vertex 10.73 -53.9432 20
    endloop
  endfacet
  facet normal -0 0 1
    outer loop
      vertex 1.64207 -68.56 20
      vertex 9.26736 -70.3926 20
      vertex 7.17894 -54.5295 20
    endloop
  endfacet
  facet normal 0 0 1
    outer loop
      vertex 1.20208 -67.7979 20
      vertex 7.17894 -54.5295 20
      vertex 3.59717 -54.8822 20
    endloop
  endfacet
  facet normal 0 0 1
    outer loop
      vertex 1.64207 -68.56 20
      vertex 4.64362 -70.848 20
      vertex 9.26736 -70.3926 20
    endloop
  endfacet
  facet normal -0 0 1
    outer loop
      vertex 1.64207 -69.44 20
      vertex 4.64362 -70.848 20
      vertex 1.7 -69 20
    endloop
  endfacet
  facet normal -0 0 1
    outer loop
      vertex 1.47224 -69.85 20
      vertex 4.64362 -70.848 20
      vertex 1.64207 -69.44 20
    endloop
  endfacet
  facet normal -0 0 1
    outer loop
      vertex 1.20208 -70.2021 20
      vertex 4.64362 -70.848 20
      vertex 1.47224 -69.85 20
    endloop
  endfacet
  facet normal -0 0 1
    outer loop
      vertex 0.849999 -70.4722 20
      vertex 4.64362 -70.848 20
      vertex 1.20208 -70.2021 20
    endloop
  endfacet
  facet normal 0 0 1
    outer loop
      vertex 0 -71 20
      vertex 0.849999 -70.4722 20
      vertex 0.439992 -70.6421 20
    endloop
  endfacet
  facet normal 0 0 1
    outer loop
      vertex 0 -71 20
      vertex 0.439992 -70.6421 20
      vertex 0 -70.7 20
    endloop
  endfacet
  facet normal 0 0 1
    outer loop
      vertex 0.849999 -70.4722 20
      vertex 0 -71 20
      vertex 4.64362 -70.848 20
    endloop
  endfacet
  facet normal 0 0 1
    outer loop
      vertex -0.439992 -70.6421 20
      vertex 0 -71 20
      vertex 0 -70.7 20
    endloop
  endfacet
  facet normal 0 0 1
    outer loop
      vertex -0.849999 -70.4722 20
      vertex 0 -71 20
      vertex -0.439992 -70.6421 20
    endloop
  endfacet
  facet normal 0 -0 1
    outer loop
      vertex -4.64362 -70.848 20
      vertex -1.47224 -68.15 20
      vertex -9.26736 -70.3926 20
    endloop
  endfacet
  facet normal 0 0 1
    outer loop
      vertex -0.849999 -70.4722 20
      vertex -4.64362 -70.848 20
      vertex 0 -71 20
    endloop
  endfacet
  facet normal 0 0 1
    outer loop
      vertex -1.20208 -70.2021 20
      vertex -4.64362 -70.848 20
      vertex -0.849999 -70.4722 20
    endloop
  endfacet
  facet normal 0 0 1
    outer loop
      vertex -1.47224 -69.85 20
      vertex -4.64362 -70.848 20
      vertex -1.20208 -70.2021 20
    endloop
  endfacet
  facet normal 0 0 1
    outer loop
      vertex -1.64207 -69.44 20
      vertex -4.64362 -70.848 20
      vertex -1.47224 -69.85 20
    endloop
  endfacet
  facet normal 0 0 1
    outer loop
      vertex -1.47224 -68.15 20
      vertex -4.64362 -70.848 20
      vertex -1.64207 -68.56 20
    endloop
  endfacet
  facet normal 0 0 1
    outer loop
      vertex -1.64207 -68.56 20
      vertex -4.64362 -70.848 20
      vertex -1.7 -69 20
    endloop
  endfacet
  facet normal 0 0 1
    outer loop
      vertex -1.7 -69 20
      vertex -4.64362 -70.848 20
      vertex -1.64207 -69.44 20
    endloop
  endfacet
  facet normal 0 0 1
    outer loop
      vertex -10.73 -53.9432 20
      vertex -9.26736 -70.3926 20
      vertex -7.17894 -54.5295 20
    endloop
  endfacet
  facet normal 0 0 1
    outer loop
      vertex -10.73 -53.9432 20
      vertex -13.8514 -69.6358 20
      vertex -9.26736 -70.3926 20
    endloop
  endfacet
  facet normal 0 0 1
    outer loop
      vertex -14.235 -53.1259 20
      vertex -13.8514 -69.6358 20
      vertex -10.73 -53.9432 20
    endloop
  endfacet
  facet normal 0 0 1
    outer loop
      vertex -18.3762 -68.5807 20
      vertex -14.235 -53.1259 20
      vertex -17.6792 -52.0812 20
    endloop
  endfacet
  facet normal 0 0 1
    outer loop
      vertex -14.235 -53.1259 20
      vertex -18.3762 -68.5807 20
      vertex -13.8514 -69.6358 20
    endloop
  endfacet
  facet normal 0 0 1
    outer loop
      vertex -22.8222 -67.232 20
      vertex -17.6792 -52.0812 20
      vertex -21.0476 -50.8134 20
    endloop
  endfacet
  facet normal 0 0 1
    outer loop
      vertex -17.6792 -52.0812 20
      vertex -22.8222 -67.232 20
      vertex -18.3762 -68.5807 20
    endloop
  endfacet
  facet normal 0 0 1
    outer loop
      vertex -32.016 -52.6527 20
      vertex -24.3259 -49.328 20
      vertex -31.9717 -52.3163 20
    endloop
  endfacet
  facet normal 0 0 1
    outer loop
      vertex -21.0476 -50.8134 20
      vertex -27.1705 -65.5954 20
      vertex -22.8222 -67.232 20
    endloop
  endfacet
  facet normal 0 0 1
    outer loop
      vertex -31.9717 -52.3163 20
      vertex -24.3259 -49.328 20
      vertex -27.5 -47.6314 20
    endloop
  endfacet
  facet normal 0 0 1
    outer loop
      vertex -32.3525 -51.397 20
      vertex -27.5 -47.6314 20
      vertex -30.5564 -45.7308 20
    endloop
  endfacet
  facet normal 0 0 1
    outer loop
      vertex -32.1459 -52.9663 20
      vertex -24.3259 -49.328 20
      vertex -32.016 -52.6527 20
    endloop
  endfacet
  facet normal 0 0 1
    outer loop
      vertex -24.3259 -49.328 20
      vertex -32.1459 -52.9663 20
      vertex -21.0476 -50.8134 20
    endloop
  endfacet
  facet normal 0 0 1
    outer loop
      vertex -27.5 -47.6314 20
      vertex -32.016 -51.9798 20
      vertex -31.9717 -52.3163 20
    endloop
  endfacet
  facet normal 0 0 1
    outer loop
      vertex -27.5 -47.6314 20
      vertex -32.1459 -51.6663 20
      vertex -32.016 -51.9798 20
    endloop
  endfacet
  facet normal 0 0 1
    outer loop
      vertex -27.5 -47.6314 20
      vertex -32.3525 -51.397 20
      vertex -32.1459 -51.6663 20
    endloop
  endfacet
  facet normal 0 0 1
    outer loop
      vertex -30.5564 -45.7308 20
      vertex -32.6217 -51.1904 20
      vertex -32.3525 -51.397 20
    endloop
  endfacet
  facet normal 0 0 1
    outer loop
      vertex -30.5564 -45.7308 20
      vertex -32.9353 -51.0606 20
      vertex -32.6217 -51.1904 20
    endloop
  endfacet
  facet normal 0 0 1
    outer loop
      vertex -30.5564 -45.7308 20
      vertex -33.2717 -51.0163 20
      vertex -32.9353 -51.0606 20
    endloop
  endfacet
  facet normal 0 0 1
    outer loop
      vertex -33.4819 -43.6344 20
      vertex -33.2717 -51.0163 20
      vertex -30.5564 -45.7308 20
    endloop
  endfacet
  facet normal 0 0 1
    outer loop
      vertex -33.4819 -43.6344 20
      vertex -33.6082 -51.0606 20
      vertex -33.2717 -51.0163 20
    endloop
  endfacet
  facet normal 0 0 1
    outer loop
      vertex -33.4819 -43.6344 20
      vertex -33.9217 -51.1904 20
      vertex -33.6082 -51.0606 20
    endloop
  endfacet
  facet normal -0 0 1
    outer loop
      vertex -41.4574 -45.2763 20
      vertex -33.9217 -51.1904 20
      vertex -33.4819 -43.6344 20
    endloop
  endfacet
  facet normal -0 0 1
    outer loop
      vertex -41.5873 -45.5899 20
      vertex -33.9217 -51.1904 20
      vertex -41.4574 -45.2763 20
    endloop
  endfacet
  facet normal -0 0 1
    outer loop
      vertex -41.7939 -45.8591 20
      vertex -34.191 -51.397 20
      vertex -41.5873 -45.5899 20
    endloop
  endfacet
  facet normal 0 0 1
    outer loop
      vertex -34.191 -51.397 20
      vertex -41.7939 -45.8591 20
      vertex -34.3976 -51.6663 20
    endloop
  endfacet
  facet normal 0 0 1
    outer loop
      vertex -41.4131 -44.9399 20
      vertex -33.4819 -43.6344 20
      vertex -36.264 -41.3512 20
    endloop
  endfacet
  facet normal 0 0 1
    outer loop
      vertex -33.9217 -51.1904 20
      vertex -41.5873 -45.5899 20
      vertex -34.191 -51.397 20
    endloop
  endfacet
  facet normal 0 0 1
    outer loop
      vertex -41.4574 -44.6034 20
      vertex -36.264 -41.3512 20
      vertex -38.8909 -38.8909 20
    endloop
  endfacet
  facet normal -0 0 1
    outer loop
      vertex -42.0631 -46.0657 20
      vertex -34.3976 -51.6663 20
      vertex -41.7939 -45.8591 20
    endloop
  endfacet
  facet normal 0 0 1
    outer loop
      vertex -42.7131 -43.6399 20
      vertex -38.8909 -38.8909 20
      vertex -41.3512 -36.264 20
    endloop
  endfacet
  facet normal 0 0 1
    outer loop
      vertex -33.4819 -43.6344 20
      vertex -41.4131 -44.9399 20
      vertex -41.4574 -45.2763 20
    endloop
  endfacet
  facet normal 0 0 1
    outer loop
      vertex -34.3976 -51.6663 20
      vertex -42.0631 -46.0657 20
      vertex -34.5274 -51.9798 20
    endloop
  endfacet
  facet normal 0 0 1
    outer loop
      vertex -33.9217 -53.4421 20
      vertex -39.4455 -59.0343 20
      vertex -35.5 -61.4878 20
    endloop
  endfacet
  facet normal -0 0 1
    outer loop
      vertex -42.3766 -46.1956 20
      vertex -34.5274 -51.9798 20
      vertex -42.0631 -46.0657 20
    endloop
  endfacet
  facet normal 0 0 1
    outer loop
      vertex -34.5274 -51.9798 20
      vertex -42.3766 -46.1956 20
      vertex -34.5717 -52.3163 20
    endloop
  endfacet
  facet normal 0 0 1
    outer loop
      vertex -34.5717 -52.3163 20
      vertex -42.3766 -46.1956 20
      vertex -43.2221 -56.3281 20
    endloop
  endfacet
  facet normal 0 0 1
    outer loop
      vertex -43.2221 -56.3281 20
      vertex -42.3766 -46.1956 20
      vertex -42.7131 -46.2399 20
    endloop
  endfacet
  facet normal 0 0 1
    outer loop
      vertex -46.8136 -53.3806 20
      vertex -42.7131 -46.2399 20
      vertex -43.0496 -46.1956 20
    endloop
  endfacet
  facet normal 0 0 1
    outer loop
      vertex -34.5274 -52.6527 20
      vertex -43.2221 -56.3281 20
      vertex -39.4455 -59.0343 20
    endloop
  endfacet
  facet normal 0 0 1
    outer loop
      vertex -46.8136 -53.3806 20
      vertex -43.0496 -46.1956 20
      vertex -43.3631 -46.0657 20
    endloop
  endfacet
  facet normal 0 0 1
    outer loop
      vertex -46.8136 -53.3806 20
      vertex -43.3631 -46.0657 20
      vertex -43.6323 -45.8591 20
    endloop
  endfacet
  facet normal 0 0 1
    outer loop
      vertex -50.2046 -50.2046 20
      vertex -43.6323 -45.8591 20
      vertex -43.8389 -45.5899 20
    endloop
  endfacet
  facet normal 0 0 1
    outer loop
      vertex -50.2046 -50.2046 20
      vertex -43.8389 -45.5899 20
      vertex -43.9688 -45.2763 20
    endloop
  endfacet
  facet normal 0 0 1
    outer loop
      vertex -50.2046 -50.2046 20
      vertex -43.9688 -45.2763 20
      vertex -44.0131 -44.9399 20
    endloop
  endfacet
  facet normal 0 0 1
    outer loop
      vertex -43.8389 -44.2899 20
      vertex -53.3806 -46.8136 20
      vertex -43.9688 -44.6034 20
    endloop
  endfacet
  facet normal 0 0 1
    outer loop
      vertex -42.7131 -46.2399 20
      vertex -46.8136 -53.3806 20
      vertex -43.2221 -56.3281 20
    endloop
  endfacet
  facet normal 0 0 1
    outer loop
      vertex -56.3281 -43.2221 20
      vertex -45.7308 -30.5564 20
      vertex -47.6314 -27.5 20
    endloop
  endfacet
  facet normal 0 0 1
    outer loop
      vertex -56.3281 -43.2221 20
      vertex -47.6314 -27.5 20
      vertex -49.328 -24.3259 20
    endloop
  endfacet
  facet normal 0 0 1
    outer loop
      vertex -43.6323 -45.8591 20
      vertex -50.2046 -50.2046 20
      vertex -46.8136 -53.3806 20
    endloop
  endfacet
  facet normal 0 0 1
    outer loop
      vertex -56.3281 -43.2221 20
      vertex -49.328 -24.3259 20
      vertex -50.8134 -21.0476 20
    endloop
  endfacet
  facet normal 0 0 1
    outer loop
      vertex -56.3281 -43.2221 20
      vertex -50.8134 -21.0476 20
      vertex -52.0812 -17.6792 20
    endloop
  endfacet
  facet normal 0 0 1
    outer loop
      vertex -56.3281 -43.2221 20
      vertex -52.0812 -17.6792 20
      vertex -53.1259 -14.235 20
    endloop
  endfacet
  facet normal 0 0 1
    outer loop
      vertex -44.0131 -44.9399 20
      vertex -53.3806 -46.8136 20
      vertex -50.2046 -50.2046 20
    endloop
  endfacet
  facet normal 0 0 1
    outer loop
      vertex -56.3281 -43.2221 20
      vertex -53.1259 -14.235 20
      vertex -53.9432 -10.73 20
    endloop
  endfacet
  facet normal 0 0 1
    outer loop
      vertex -56.3281 -43.2221 20
      vertex -53.9432 -10.73 20
      vertex -54.5295 -7.17894 20
    endloop
  endfacet
  facet normal 0 0 1
    outer loop
      vertex -56.3281 -43.2221 20
      vertex -54.5295 -7.17894 20
      vertex -54.8822 -3.59717 20
    endloop
  endfacet
  facet normal 0 0 1
    outer loop
      vertex -43.9688 -44.6034 20
      vertex -53.3806 -46.8136 20
      vertex -44.0131 -44.9399 20
    endloop
  endfacet
  facet normal 0 0 1
    outer loop
      vertex -55 0 20
      vertex -56.3281 -43.2221 20
      vertex -54.8822 -3.59717 20
    endloop
  endfacet
  facet normal -0 0 1
    outer loop
      vertex -65.5954 27.1705 20
      vertex -50.8134 21.0476 20
      vertex -59.3158 32.8579 20
    endloop
  endfacet
  facet normal 0 0 1
    outer loop
      vertex -50.8134 21.0476 20
      vertex -65.5954 27.1705 20
      vertex -52.0812 17.6792 20
    endloop
  endfacet
  facet normal 0 0 1
    outer loop
      vertex -56.3281 43.2221 20
      vertex -58.1137 34.94 20
      vertex -58.0558 34.5 20
    endloop
  endfacet
  facet normal 0 0 1
    outer loop
      vertex -56.3281 43.2221 20
      vertex -58.2835 35.35 20
      vertex -58.1137 34.94 20
    endloop
  endfacet
  facet normal -0 0 1
    outer loop
      vertex -59.0343 39.4455 20
      vertex -58.2835 35.35 20
      vertex -56.3281 43.2221 20
    endloop
  endfacet
  facet normal 0 0 1
    outer loop
      vertex -58.2835 35.35 20
      vertex -59.0343 39.4455 20
      vertex -58.5537 35.7021 20
    endloop
  endfacet
  facet normal 0 0 1
    outer loop
      vertex -58.5537 35.7021 20
      vertex -59.0343 39.4455 20
      vertex -58.9058 35.9722 20
    endloop
  endfacet
  facet normal 0 0 1
    outer loop
      vertex -59.0343 39.4455 20
      vertex -59.3158 36.1421 20
      vertex -58.9058 35.9722 20
    endloop
  endfacet
  facet normal 0 0 1
    outer loop
      vertex -59.0343 39.4455 20
      vertex -59.7558 36.2 20
      vertex -59.3158 36.1421 20
    endloop
  endfacet
  facet normal 0 0 1
    outer loop
      vertex -59.0343 39.4455 20
      vertex -60.1957 36.1421 20
      vertex -59.7558 36.2 20
    endloop
  endfacet
  facet normal 0 0 1
    outer loop
      vertex -59.0343 39.4455 20
      vertex -60.6058 35.9722 20
      vertex -60.1957 36.1421 20
    endloop
  endfacet
  facet normal 0 0 1
    outer loop
      vertex -61.4878 35.5 20
      vertex -60.6058 35.9722 20
      vertex -59.0343 39.4455 20
    endloop
  endfacet
  facet normal 0 0 1
    outer loop
      vertex -60.6058 35.9722 20
      vertex -61.4878 35.5 20
      vertex -60.9578 35.7021 20
    endloop
  endfacet
  facet normal 0 0 1
    outer loop
      vertex -61.3978 34.94 20
      vertex -61.4878 35.5 20
      vertex -61.4558 34.5 20
    endloop
  endfacet
  facet normal 0 0 1
    outer loop
      vertex -61.228 35.35 20
      vertex -61.4878 35.5 20
      vertex -61.3978 34.94 20
    endloop
  endfacet
  facet normal 0 0 1
    outer loop
      vertex -60.9578 35.7021 20
      vertex -61.4878 35.5 20
      vertex -61.228 35.35 20
    endloop
  endfacet
  facet normal 0 0 1
    outer loop
      vertex 55 0 20
      vertex 71 0 20
      vertex 70.848 4.64362 20
    endloop
  endfacet
  facet normal 0 0 1
    outer loop
      vertex 54.8822 3.59717 20
      vertex 70.848 4.64362 20
      vertex 70.3926 9.26736 20
    endloop
  endfacet
  facet normal 0 0 1
    outer loop
      vertex 71 0 20
      vertex 55 0 20
      vertex 70.848 -4.64362 20
    endloop
  endfacet
  facet normal 0 0 1
    outer loop
      vertex 54.5295 7.17894 20
      vertex 70.3926 9.26736 20
      vertex 69.6358 13.8514 20
    endloop
  endfacet
  facet normal -0 0 1
    outer loop
      vertex 54.8822 -3.59717 20
      vertex 70.848 -4.64362 20
      vertex 55 0 20
    endloop
  endfacet
  facet normal 0 0 1
    outer loop
      vertex 53.9432 10.73 20
      vertex 69.6358 13.8514 20
      vertex 68.5807 18.3762 20
    endloop
  endfacet
  facet normal 0 0 1
    outer loop
      vertex 70.848 -4.64362 20
      vertex 54.8822 -3.59717 20
      vertex 70.3926 -9.26736 20
    endloop
  endfacet
  facet normal 0 0 1
    outer loop
      vertex 53.1259 14.235 20
      vertex 68.5807 18.3762 20
      vertex 67.232 22.8222 20
    endloop
  endfacet
  facet normal -0 0 1
    outer loop
      vertex 54.5295 -7.17894 20
      vertex 70.3926 -9.26736 20
      vertex 54.8822 -3.59717 20
    endloop
  endfacet
  facet normal 0 0 1
    outer loop
      vertex 52.0812 17.6792 20
      vertex 67.232 22.8222 20
      vertex 65.5954 27.1705 20
    endloop
  endfacet
  facet normal 0 0 1
    outer loop
      vertex 70.3926 -9.26736 20
      vertex 54.5295 -7.17894 20
      vertex 69.6358 -13.8514 20
    endloop
  endfacet
  facet normal 0 0 1
    outer loop
      vertex 59.7558 32.8 20
      vertex 65.5954 27.1705 20
      vertex 63.678 31.4025 20
    endloop
  endfacet
  facet normal -0 0 1
    outer loop
      vertex 53.9432 -10.73 20
      vertex 69.6358 -13.8514 20
      vertex 54.5295 -7.17894 20
    endloop
  endfacet
  facet normal -0 0 1
    outer loop
      vertex 61.4558 34.5 20
      vertex 63.678 31.4025 20
      vertex 61.4878 35.5 20
    endloop
  endfacet
  facet normal -0 0 1
    outer loop
      vertex 61.3978 34.06 20
      vertex 63.678 31.4025 20
      vertex 61.4558 34.5 20
    endloop
  endfacet
  facet normal -0 0 1
    outer loop
      vertex 61.228 33.65 20
      vertex 63.678 31.4025 20
      vertex 61.3978 34.06 20
    endloop
  endfacet
  facet normal 0 0 1
    outer loop
      vertex 61.4878 35.5 20
      vertex 61.3978 34.94 20
      vertex 61.4558 34.5 20
    endloop
  endfacet
  facet normal 0 0 1
    outer loop
      vertex 61.4878 35.5 20
      vertex 61.228 35.35 20
      vertex 61.3978 34.94 20
    endloop
  endfacet
  facet normal 0 0 1
    outer loop
      vertex 61.4878 35.5 20
      vertex 60.9578 35.7021 20
      vertex 61.228 35.35 20
    endloop
  endfacet
  facet normal 0 0 1
    outer loop
      vertex 61.4878 35.5 20
      vertex 60.6058 35.9722 20
      vertex 60.9578 35.7021 20
    endloop
  endfacet
  facet normal 0 0 1
    outer loop
      vertex 59.0343 39.4455 20
      vertex 60.6058 35.9722 20
      vertex 61.4878 35.5 20
    endloop
  endfacet
  facet normal 0 0 1
    outer loop
      vertex 59.0343 39.4455 20
      vertex 60.1957 36.1421 20
      vertex 60.6058 35.9722 20
    endloop
  endfacet
  facet normal 0 0 1
    outer loop
      vertex 59.0343 39.4455 20
      vertex 59.7558 36.2 20
      vertex 60.1957 36.1421 20
    endloop
  endfacet
  facet normal 0 0 1
    outer loop
      vertex 59.0343 39.4455 20
      vertex 59.3158 36.1421 20
      vertex 59.7558 36.2 20
    endloop
  endfacet
  facet normal 0 0 1
    outer loop
      vertex 59.0343 39.4455 20
      vertex 58.9058 35.9722 20
      vertex 59.3158 36.1421 20
    endloop
  endfacet
  facet normal 0 0 1
    outer loop
      vertex 59.0343 39.4455 20
      vertex 58.5537 35.7021 20
      vertex 58.9058 35.9722 20
    endloop
  endfacet
  facet normal 0 0 1
    outer loop
      vertex 59.0343 39.4455 20
      vertex 58.2835 35.35 20
      vertex 58.5537 35.7021 20
    endloop
  endfacet
  facet normal 0 0 1
    outer loop
      vertex 56.3281 43.2221 20
      vertex 58.2835 35.35 20
      vertex 59.0343 39.4455 20
    endloop
  endfacet
  facet normal 0 0 1
    outer loop
      vertex 43.6344 33.4819 20
      vertex 58.1137 34.94 20
      vertex 56.3281 43.2221 20
    endloop
  endfacet
  facet normal 0 0 1
    outer loop
      vertex 58.2835 35.35 20
      vertex 56.3281 43.2221 20
      vertex 58.1137 34.94 20
    endloop
  endfacet
  facet normal -0 0 1
    outer loop
      vertex 60.9578 33.2979 20
      vertex 63.678 31.4025 20
      vertex 61.228 33.65 20
    endloop
  endfacet
  facet normal 0 0 1
    outer loop
      vertex 69.6358 -13.8514 20
      vertex 53.9432 -10.73 20
      vertex 68.5807 -18.3762 20
    endloop
  endfacet
  facet normal -0 0 1
    outer loop
      vertex 60.6058 33.0278 20
      vertex 63.678 31.4025 20
      vertex 60.9578 33.2979 20
    endloop
  endfacet
  facet normal -0 0 1
    outer loop
      vertex 60.1957 32.8579 20
      vertex 63.678 31.4025 20
      vertex 60.6058 33.0278 20
    endloop
  endfacet
  facet normal -0 0 1
    outer loop
      vertex 59.7558 32.8 20
      vertex 63.678 31.4025 20
      vertex 60.1957 32.8579 20
    endloop
  endfacet
  facet normal 0 0 1
    outer loop
      vertex 59.3158 32.8579 20
      vertex 65.5954 27.1705 20
      vertex 59.7558 32.8 20
    endloop
  endfacet
  facet normal 0 0 1
    outer loop
      vertex 65.5954 27.1705 20
      vertex 59.3158 32.8579 20
      vertex 50.8134 21.0476 20
    endloop
  endfacet
  facet normal -0 0 1
    outer loop
      vertex 53.1259 -14.235 20
      vertex 68.5807 -18.3762 20
      vertex 53.9432 -10.73 20
    endloop
  endfacet
  facet normal 0 0 1
    outer loop
      vertex 49.328 24.3259 20
      vertex 59.3158 32.8579 20
      vertex 58.9058 33.0278 20
    endloop
  endfacet
  facet normal 0 0 1
    outer loop
      vertex 49.328 24.3259 20
      vertex 58.9058 33.0278 20
      vertex 58.5537 33.2979 20
    endloop
  endfacet
  facet normal 0 0 1
    outer loop
      vertex 47.6314 27.5 20
      vertex 58.5537 33.2979 20
      vertex 58.2835 33.65 20
    endloop
  endfacet
  facet normal 0 0 1
    outer loop
      vertex 47.6314 27.5 20
      vertex 58.2835 33.65 20
      vertex 58.1137 34.06 20
    endloop
  endfacet
  facet normal 0 0 1
    outer loop
      vertex 45.7308 30.5564 20
      vertex 58.1137 34.06 20
      vertex 58.0558 34.5 20
    endloop
  endfacet
  facet normal 0 -0 1
    outer loop
      vertex 45.7308 30.5564 20
      vertex 58.1137 34.94 20
      vertex 43.6344 33.4819 20
    endloop
  endfacet
  facet normal 0 0 1
    outer loop
      vertex 68.5807 -18.3762 20
      vertex 53.1259 -14.235 20
      vertex 67.232 -22.8222 20
    endloop
  endfacet
  facet normal 0 0 1
    outer loop
      vertex 54.1899 -34.7035 20
      vertex 63.678 -31.4025 20
      vertex 65.5954 -27.1705 20
    endloop
  endfacet
  facet normal 0 0 1
    outer loop
      vertex 70.848 4.64362 20
      vertex 54.8822 3.59717 20
      vertex 55 0 20
    endloop
  endfacet
  facet normal 0 0 1
    outer loop
      vertex 70.3926 9.26736 20
      vertex 54.5295 7.17894 20
      vertex 54.8822 3.59717 20
    endloop
  endfacet
  facet normal 0 0 1
    outer loop
      vertex 69.6358 13.8514 20
      vertex 53.9432 10.73 20
      vertex 54.5295 7.17894 20
    endloop
  endfacet
  facet normal 0 0 1
    outer loop
      vertex 43.6344 33.4819 20
      vertex 56.3281 43.2221 20
      vertex 53.3806 46.8136 20
    endloop
  endfacet
  facet normal 0 0 1
    outer loop
      vertex 68.5807 18.3762 20
      vertex 53.1259 14.235 20
      vertex 53.9432 10.73 20
    endloop
  endfacet
  facet normal 0 0 1
    outer loop
      vertex 67.232 22.8222 20
      vertex 52.0812 17.6792 20
      vertex 53.1259 14.235 20
    endloop
  endfacet
  facet normal 0 0 1
    outer loop
      vertex 65.5954 27.1705 20
      vertex 50.8134 21.0476 20
      vertex 52.0812 17.6792 20
    endloop
  endfacet
  facet normal 0 0 1
    outer loop
      vertex 41.3512 36.264 20
      vertex 53.3806 46.8136 20
      vertex 50.2046 50.2046 20
    endloop
  endfacet
  facet normal 0 0 1
    outer loop
      vertex 59.3158 32.8579 20
      vertex 49.328 24.3259 20
      vertex 50.8134 21.0476 20
    endloop
  endfacet
  facet normal 0 0 1
    outer loop
      vertex 58.5537 33.2979 20
      vertex 47.6314 27.5 20
      vertex 49.328 24.3259 20
    endloop
  endfacet
  facet normal 0 0 1
    outer loop
      vertex 38.8909 38.8909 20
      vertex 50.2046 50.2046 20
      vertex 46.8136 53.3806 20
    endloop
  endfacet
  facet normal 0 0 1
    outer loop
      vertex 58.1137 34.06 20
      vertex 45.7308 30.5564 20
      vertex 47.6314 27.5 20
    endloop
  endfacet
  facet normal 0 0 1
    outer loop
      vertex 58.1137 34.94 20
      vertex 45.7308 30.5564 20
      vertex 58.0558 34.5 20
    endloop
  endfacet
  facet normal 0 0 1
    outer loop
      vertex 36.264 41.3512 20
      vertex 46.8136 53.3806 20
      vertex 43.2221 56.3281 20
    endloop
  endfacet
  facet normal 0 0 1
    outer loop
      vertex 53.3806 46.8136 20
      vertex 41.3512 36.264 20
      vertex 43.6344 33.4819 20
    endloop
  endfacet
  facet normal 0 0 1
    outer loop
      vertex 33.4819 43.6344 20
      vertex 43.2221 56.3281 20
      vertex 39.4455 59.0343 20
    endloop
  endfacet
  facet normal 0 0 1
    outer loop
      vertex 50.2046 50.2046 20
      vertex 38.8909 38.8909 20
      vertex 41.3512 36.264 20
    endloop
  endfacet
  facet normal 0 0 1
    outer loop
      vertex 46.8136 53.3806 20
      vertex 36.264 41.3512 20
      vertex 38.8909 38.8909 20
    endloop
  endfacet
  facet normal 0 0 1
    outer loop
      vertex 30.5564 45.7308 20
      vertex 39.4455 59.0343 20
      vertex 35.5 61.4878 20
    endloop
  endfacet
  facet normal 0 0 1
    outer loop
      vertex 43.2221 56.3281 20
      vertex 33.4819 43.6344 20
      vertex 36.264 41.3512 20
    endloop
  endfacet
  facet normal 0 0 1
    outer loop
      vertex 27.5 47.6314 20
      vertex 35.5 61.4878 20
      vertex 31.4025 63.678 20
    endloop
  endfacet
  facet normal 0 0 1
    outer loop
      vertex 39.4455 59.0343 20
      vertex 30.5564 45.7308 20
      vertex 33.4819 43.6344 20
    endloop
  endfacet
  facet normal 0 0 1
    outer loop
      vertex 35.5 61.4878 20
      vertex 27.5 47.6314 20
      vertex 30.5564 45.7308 20
    endloop
  endfacet
  facet normal 0 0 1
    outer loop
      vertex 24.3259 49.328 20
      vertex 31.4025 63.678 20
      vertex 27.1705 65.5954 20
    endloop
  endfacet
  facet normal 0 0 1
    outer loop
      vertex 31.4025 63.678 20
      vertex 24.3259 49.328 20
      vertex 27.5 47.6314 20
    endloop
  endfacet
  facet normal 0 0 1
    outer loop
      vertex 21.0476 50.8134 20
      vertex 27.1705 65.5954 20
      vertex 22.8222 67.232 20
    endloop
  endfacet
  facet normal 0 0 1
    outer loop
      vertex 27.1705 65.5954 20
      vertex 21.0476 50.8134 20
      vertex 24.3259 49.328 20
    endloop
  endfacet
  facet normal 0 0 1
    outer loop
      vertex 17.6792 52.0812 20
      vertex 22.8222 67.232 20
      vertex 18.3762 68.5807 20
    endloop
  endfacet
  facet normal 0 0 1
    outer loop
      vertex 22.8222 67.232 20
      vertex 17.6792 52.0812 20
      vertex 21.0476 50.8134 20
    endloop
  endfacet
  facet normal 0 0 1
    outer loop
      vertex 18.3762 68.5807 20
      vertex 14.235 53.1259 20
      vertex 17.6792 52.0812 20
    endloop
  endfacet
  facet normal 0 0 1
    outer loop
      vertex 13.8514 69.6358 20
      vertex 14.235 53.1259 20
      vertex 18.3762 68.5807 20
    endloop
  endfacet
  facet normal 0 0 1
    outer loop
      vertex 13.8514 69.6358 20
      vertex 10.73 53.9432 20
      vertex 14.235 53.1259 20
    endloop
  endfacet
  facet normal 0 0 1
    outer loop
      vertex 9.26736 70.3926 20
      vertex 10.73 53.9432 20
      vertex 13.8514 69.6358 20
    endloop
  endfacet
  facet normal 0 0 1
    outer loop
      vertex 9.26736 70.3926 20
      vertex 7.17894 54.5295 20
      vertex 10.73 53.9432 20
    endloop
  endfacet
  facet normal 0 0 1
    outer loop
      vertex 4.64362 70.848 20
      vertex 7.17894 54.5295 20
      vertex 9.26736 70.3926 20
    endloop
  endfacet
  facet normal 0 0 1
    outer loop
      vertex 4.64362 70.848 20
      vertex 3.59717 54.8822 20
      vertex 7.17894 54.5295 20
    endloop
  endfacet
  facet normal 0 0 1
    outer loop
      vertex 0 71 20
      vertex 3.59717 54.8822 20
      vertex 4.64362 70.848 20
    endloop
  endfacet
  facet normal 0 0 1
    outer loop
      vertex 0 71 20
      vertex 0 55 20
      vertex 3.59717 54.8822 20
    endloop
  endfacet
  facet normal 0 0 1
    outer loop
      vertex 0 71 20
      vertex -3.59717 54.8822 20
      vertex 0 55 20
    endloop
  endfacet
  facet normal -0 0 1
    outer loop
      vertex -4.64362 70.848 20
      vertex -3.59717 54.8822 20
      vertex 0 71 20
    endloop
  endfacet
  facet normal 0 0 1
    outer loop
      vertex -4.64362 70.848 20
      vertex -7.17894 54.5295 20
      vertex -3.59717 54.8822 20
    endloop
  endfacet
  facet normal -0 0 1
    outer loop
      vertex -9.26736 70.3926 20
      vertex -7.17894 54.5295 20
      vertex -4.64362 70.848 20
    endloop
  endfacet
  facet normal 0 0 1
    outer loop
      vertex -9.26736 70.3926 20
      vertex -10.73 53.9432 20
      vertex -7.17894 54.5295 20
    endloop
  endfacet
  facet normal -0 0 1
    outer loop
      vertex -13.8514 69.6358 20
      vertex -10.73 53.9432 20
      vertex -9.26736 70.3926 20
    endloop
  endfacet
  facet normal 0 0 1
    outer loop
      vertex -13.8514 69.6358 20
      vertex -14.235 53.1259 20
      vertex -10.73 53.9432 20
    endloop
  endfacet
  facet normal -0 0 1
    outer loop
      vertex -18.3762 68.5807 20
      vertex -14.235 53.1259 20
      vertex -13.8514 69.6358 20
    endloop
  endfacet
  facet normal 0 0 1
    outer loop
      vertex -14.235 53.1259 20
      vertex -18.3762 68.5807 20
      vertex -17.6792 52.0812 20
    endloop
  endfacet
  facet normal -0 0 1
    outer loop
      vertex -22.8222 67.232 20
      vertex -17.6792 52.0812 20
      vertex -18.3762 68.5807 20
    endloop
  endfacet
  facet normal 0 0 1
    outer loop
      vertex -17.6792 52.0812 20
      vertex -22.8222 67.232 20
      vertex -21.0476 50.8134 20
    endloop
  endfacet
  facet normal -0 0 1
    outer loop
      vertex -27.1705 65.5954 20
      vertex -21.0476 50.8134 20
      vertex -22.8222 67.232 20
    endloop
  endfacet
  facet normal 0 0 1
    outer loop
      vertex -21.0476 50.8134 20
      vertex -27.1705 65.5954 20
      vertex -24.3259 49.328 20
    endloop
  endfacet
  facet normal -0 0 1
    outer loop
      vertex -31.4025 63.678 20
      vertex -24.3259 49.328 20
      vertex -27.1705 65.5954 20
    endloop
  endfacet
  facet normal 0 0 1
    outer loop
      vertex -24.3259 49.328 20
      vertex -31.4025 63.678 20
      vertex -27.5 47.6314 20
    endloop
  endfacet
  facet normal -0 0 1
    outer loop
      vertex -35.5 61.4878 20
      vertex -27.5 47.6314 20
      vertex -31.4025 63.678 20
    endloop
  endfacet
  facet normal 0 0 1
    outer loop
      vertex -27.5 47.6314 20
      vertex -35.5 61.4878 20
      vertex -30.5564 45.7308 20
    endloop
  endfacet
  facet normal -0 0 1
    outer loop
      vertex -39.4455 59.0343 20
      vertex -30.5564 45.7308 20
      vertex -35.5 61.4878 20
    endloop
  endfacet
  facet normal 0 0 1
    outer loop
      vertex -30.5564 45.7308 20
      vertex -39.4455 59.0343 20
      vertex -33.4819 43.6344 20
    endloop
  endfacet
  facet normal -0 0 1
    outer loop
      vertex -43.2221 56.3281 20
      vertex -33.4819 43.6344 20
      vertex -39.4455 59.0343 20
    endloop
  endfacet
  facet normal 0 0 1
    outer loop
      vertex -33.4819 43.6344 20
      vertex -43.2221 56.3281 20
      vertex -36.264 41.3512 20
    endloop
  endfacet
  facet normal -0 0 1
    outer loop
      vertex -46.8136 53.3806 20
      vertex -36.264 41.3512 20
      vertex -43.2221 56.3281 20
    endloop
  endfacet
  facet normal 0 0 1
    outer loop
      vertex -36.264 41.3512 20
      vertex -46.8136 53.3806 20
      vertex -38.8909 38.8909 20
    endloop
  endfacet
  facet normal -0 0 1
    outer loop
      vertex -50.2046 50.2046 20
      vertex -38.8909 38.8909 20
      vertex -46.8136 53.3806 20
    endloop
  endfacet
  facet normal 0 0 1
    outer loop
      vertex -38.8909 38.8909 20
      vertex -50.2046 50.2046 20
      vertex -41.3512 36.264 20
    endloop
  endfacet
  facet normal -0 0 1
    outer loop
      vertex -53.3806 46.8136 20
      vertex -41.3512 36.264 20
      vertex -50.2046 50.2046 20
    endloop
  endfacet
  facet normal 0 0 1
    outer loop
      vertex -41.3512 36.264 20
      vertex -53.3806 46.8136 20
      vertex -43.6344 33.4819 20
    endloop
  endfacet
  facet normal -0 0 1
    outer loop
      vertex -56.3281 43.2221 20
      vertex -43.6344 33.4819 20
      vertex -53.3806 46.8136 20
    endloop
  endfacet
  facet normal -0 0 1
    outer loop
      vertex -58.0558 34.5 20
      vertex -43.6344 33.4819 20
      vertex -56.3281 43.2221 20
    endloop
  endfacet
  facet normal 0 0 1
    outer loop
      vertex -43.6344 33.4819 20
      vertex -58.0558 34.5 20
      vertex -45.7308 30.5564 20
    endloop
  endfacet
  facet normal -0 0 1
    outer loop
      vertex -58.1137 34.06 20
      vertex -45.7308 30.5564 20
      vertex -58.0558 34.5 20
    endloop
  endfacet
  facet normal 0 0 1
    outer loop
      vertex -45.7308 30.5564 20
      vertex -58.1137 34.06 20
      vertex -47.6314 27.5 20
    endloop
  endfacet
  facet normal -0 0 1
    outer loop
      vertex -58.2835 33.65 20
      vertex -47.6314 27.5 20
      vertex -58.1137 34.06 20
    endloop
  endfacet
  facet normal -0 0 1
    outer loop
      vertex -58.5537 33.2979 20
      vertex -47.6314 27.5 20
      vertex -58.2835 33.65 20
    endloop
  endfacet
  facet normal 0 0 1
    outer loop
      vertex -47.6314 27.5 20
      vertex -58.5537 33.2979 20
      vertex -49.328 24.3259 20
    endloop
  endfacet
  facet normal -0 0 1
    outer loop
      vertex -58.9058 33.0278 20
      vertex -49.328 24.3259 20
      vertex -58.5537 33.2979 20
    endloop
  endfacet
  facet normal 0 0 1
    outer loop
      vertex -49.328 24.3259 20
      vertex -59.3158 32.8579 20
      vertex -50.8134 21.0476 20
    endloop
  endfacet
  facet normal -0 0 1
    outer loop
      vertex -59.3158 32.8579 20
      vertex -49.328 24.3259 20
      vertex -58.9058 33.0278 20
    endloop
  endfacet
  facet normal 0.956147 0.0312972 0.29121
    outer loop
      vertex -48.8951 -3.20475 0.299988
      vertex -49 0 0.299988
      vertex -54.8822 -3.59717 20
    endloop
  endfacet
  facet normal 0.956146 0.0313118 0.291212
    outer loop
      vertex -54.8822 -3.59717 20
      vertex -49 0 0.299988
      vertex -55 0 20
    endloop
  endfacet
  facet normal 0.999465 0.0327151 0
    outer loop
      vertex -48.8951 -3.20475 0.299988
      vertex -49 0 -0.199997
      vertex -49 0 0.299988
    endloop
  endfacet
  facet normal 0.999465 0.0327151 0
    outer loop
      vertex -49 0 -0.199997
      vertex -48.8951 -3.20475 0.299988
      vertex -48.8951 -3.20475 -0.199997
    endloop
  endfacet
  facet normal 0.999464 0.03273 0
    outer loop
      vertex -66.8565 -4.38201 -0.199997
      vertex -67 0 -3
      vertex -67 0 -0.199997
    endloop
  endfacet
  facet normal 0.999464 0.03273 0
    outer loop
      vertex -67 0 -3
      vertex -66.8565 -4.38201 -0.199997
      vertex -66.8565 -4.38201 -3
    endloop
  endfacet
  facet normal -0.999465 -0.0327156 0
    outer loop
      vertex -70.848 -4.64362 -3
      vertex -71 0 20
      vertex -71 0 -3
    endloop
  endfacet
  facet normal -0.999465 -0.0327156 0
    outer loop
      vertex -71 0 20
      vertex -70.848 -4.64362 -3
      vertex -70.848 -4.64362 20
    endloop
  endfacet
endsolid OpenSCAD_Model
