solid OpenSCAD_Model
  facet normal 0 0 -1
    outer loop
      vertex 9.31398 37.3564 -6.5
      vertex 9.91879 39.7821 -6.5
      vertex 11.3011 39.4117 -6.5
    endloop
  endfacet
  facet normal 0 -0 -1
    outer loop
      vertex 2.3461 -38.4284 -6.5
      vertex 3.13829 -51.4043 -6.5
      vertex 0 -41 -6.5
    endloop
  endfacet
  facet normal 0 0 -1
    outer loop
      vertex -2.14577 -40.9438 -6.5
      vertex -3.63019 -38.3285 -6.5
      vertex -1.64072 -38.465 -6.5
    endloop
  endfacet
  facet normal 0 0 -1
    outer loop
      vertex 0 -41 -6.5
      vertex -1.64072 -38.465 -6.5
      vertex 0.353165 -38.4984 -6.5
    endloop
  endfacet
  facet normal 0 0 -1
    outer loop
      vertex -2.19472 -51.4532 -6.5
      vertex -2.56445 -48.9328 -6.5
      vertex 0 -49 -6.5
    endloop
  endfacet
  facet normal -0 0 -1
    outer loop
      vertex -9.51901 -37.3047 -6.5
      vertex -10.6116 -39.603 -6.5
      vertex -11.4378 -36.7617 -6.5
    endloop
  endfacet
  facet normal -0 0 -1
    outer loop
      vertex -11.4378 -36.7617 -6.5
      vertex -12.6697 -38.9933 -6.5
      vertex -13.326 -36.1202 -6.5
    endloop
  endfacet
  facet normal 0 0 -1
    outer loop
      vertex -22.727 -46.214 -6.5
      vertex -25.0894 -44.9752 -6.5
      vertex -22.2455 -43.6593 -6.5
    endloop
  endfacet
  facet normal -0 0 -1
    outer loop
      vertex -23.7342 -30.3139 -6.5
      vertex -25.8021 -31.863 -6.5
      vertex -25.272 -29.0443 -6.5
    endloop
  endfacet
  facet normal -0 0 -1
    outer loop
      vertex -25.272 -29.0443 -6.5
      vertex -27.4343 -30.4689 -6.5
      vertex -26.742 -27.6968 -6.5
    endloop
  endfacet
  facet normal -0 0 -1
    outer loop
      vertex -26.742 -27.6968 -6.5
      vertex -28.9914 -28.9914 -6.5
      vertex -28.1403 -26.275 -6.5
    endloop
  endfacet
  facet normal 0 -0 -1
    outer loop
      vertex -34.6482 -34.6482 -6.5
      vertex -32.7874 -36.4141 -6.5
      vertex -35.7718 -37.049 -6.5
    endloop
  endfacet
  facet normal -0 0 -1
    outer loop
      vertex -34.6482 -34.6482 -6.5
      vertex -37.6422 -35.1471 -6.5
      vertex -36.4141 -32.7874 -6.5
    endloop
  endfacet
  facet normal 0 0 -1
    outer loop
      vertex -41.0752 -31.0657 -6.5
      vertex -39.6418 -28.8015 -6.5
      vertex -38.0801 -30.8367 -6.5
    endloop
  endfacet
  facet normal -0 0 -1
    outer loop
      vertex -34.8277 -16.4098 -6.5
      vertex -37.4554 -16.6762 -6.5
      vertex -35.6307 -14.5844 -6.5
    endloop
  endfacet
  facet normal 0 0 -1
    outer loop
      vertex -44.0677 -26.6511 -6.5
      vertex -41.0948 -26.6873 -6.5
      vertex -42.6287 -28.8972 -6.5
    endloop
  endfacet
  facet normal 0 0 -1
    outer loop
      vertex -45.3886 -24.3336 -6.5
      vertex -43.6593 -22.2455 -6.5
      vertex -42.4352 -24.5 -6.5
    endloop
  endfacet
  facet normal 0 0 -1
    outer loop
      vertex -45.3886 -24.3336 -6.5
      vertex -46.5877 -21.9508 -6.5
      vertex -43.6593 -22.2455 -6.5
    endloop
  endfacet
  facet normal 0 0 -1
    outer loop
      vertex -46.5877 -21.9508 -6.5
      vertex -47.6618 -19.509 -6.5
      vertex -44.7637 -19.9301 -6.5
    endloop
  endfacet
  facet normal 0 0 -1
    outer loop
      vertex -47.6618 -19.509 -6.5
      vertex -48.608 -17.015 -6.5
      vertex -45.7454 -17.56 -6.5
    endloop
  endfacet
  facet normal 0 0 -1
    outer loop
      vertex -49.4238 -14.4753 -6.5
      vertex -47.3304 -12.6821 -6.5
      vertex -46.6018 -15.1418 -6.5
    endloop
  endfacet
  facet normal 0 0 -1
    outer loop
      vertex -49.4238 -14.4753 -6.5
      vertex -50.1071 -11.8967 -6.5
      vertex -47.3304 -12.6821 -6.5
    endloop
  endfacet
  facet normal 0 0 -1
    outer loop
      vertex -50.1071 -11.8967 -6.5
      vertex -50.6558 -9.28629 -6.5
      vertex -47.9292 -10.1877 -6.5
    endloop
  endfacet
  facet normal 0 0 -1
    outer loop
      vertex -50.6558 -9.28629 -6.5
      vertex -51.0687 -6.65091 -6.5
      vertex -48.3967 -7.66528 -6.5
    endloop
  endfacet
  facet normal 0 0 -1
    outer loop
      vertex -51.0687 -6.65091 -6.5
      vertex -51.3446 -3.9977 -6.5
      vertex -48.7316 -5.12189 -6.5
    endloop
  endfacet
  facet normal 0 0 -1
    outer loop
      vertex -51.3446 -3.9977 -6.5
      vertex -51.4827 -1.33376 -6.5
      vertex -48.9328 -2.56445 -6.5
    endloop
  endfacet
  facet normal 0 0 -1
    outer loop
      vertex -51.4827 1.33376 -6.5
      vertex -48.9328 2.56445 -6.5
      vertex -49 0 -6.5
    endloop
  endfacet
  facet normal 0 0 -1
    outer loop
      vertex -51.3446 3.9977 -6.5
      vertex -48.7316 5.12189 -6.5
      vertex -48.9328 2.56445 -6.5
    endloop
  endfacet
  facet normal 0 0 -1
    outer loop
      vertex -51.0687 6.65091 -6.5
      vertex -48.3967 7.66528 -6.5
      vertex -48.7316 5.12189 -6.5
    endloop
  endfacet
  facet normal 0 0 -1
    outer loop
      vertex -50.6558 9.28629 -6.5
      vertex -47.9292 10.1877 -6.5
      vertex -48.3967 7.66528 -6.5
    endloop
  endfacet
  facet normal 0 0 -1
    outer loop
      vertex -50.6558 9.28629 -6.5
      vertex -50.1071 11.8967 -6.5
      vertex -47.9292 10.1877 -6.5
    endloop
  endfacet
  facet normal 0 0 -1
    outer loop
      vertex -49.4238 14.4753 -6.5
      vertex -46.6018 15.1418 -6.5
      vertex -47.3304 12.6821 -6.5
    endloop
  endfacet
  facet normal 0 0 -1
    outer loop
      vertex -48.608 17.015 -6.5
      vertex -45.7454 17.56 -6.5
      vertex -46.6018 15.1418 -6.5
    endloop
  endfacet
  facet normal 0 0 -1
    outer loop
      vertex -47.6618 19.509 -6.5
      vertex -44.7637 19.9301 -6.5
      vertex -45.7454 17.56 -6.5
    endloop
  endfacet
  facet normal 0 0 -1
    outer loop
      vertex -47.6618 19.509 -6.5
      vertex -46.5877 21.9508 -6.5
      vertex -44.7637 19.9301 -6.5
    endloop
  endfacet
  facet normal 0 0 -1
    outer loop
      vertex -46.5877 21.9508 -6.5
      vertex -45.3886 24.3336 -6.5
      vertex -43.6593 22.2455 -6.5
    endloop
  endfacet
  facet normal 0 0 -1
    outer loop
      vertex -45.3886 24.3336 -6.5
      vertex -44.0677 26.6511 -6.5
      vertex -42.4352 24.5 -6.5
    endloop
  endfacet
  facet normal 0 0 -1
    outer loop
      vertex -42.6287 28.8972 -6.5
      vertex -39.6418 28.8015 -6.5
      vertex -41.0948 26.6873 -6.5
    endloop
  endfacet
  facet normal 0 0 -1
    outer loop
      vertex -41.0752 31.0657 -6.5
      vertex -38.0801 30.8367 -6.5
      vertex -39.6418 28.8015 -6.5
    endloop
  endfacet
  facet normal 0 0 -1
    outer loop
      vertex -41.0752 31.0657 -6.5
      vertex -39.4116 33.1508 -6.5
      vertex -38.0801 30.8367 -6.5
    endloop
  endfacet
  facet normal 0 0 -1
    outer loop
      vertex -37.6422 35.1471 -6.5
      vertex -34.6482 34.6482 -6.5
      vertex -36.4141 32.7874 -6.5
    endloop
  endfacet
  facet normal 0 0 -1
    outer loop
      vertex -37.6422 35.1471 -6.5
      vertex -35.7718 37.049 -6.5
      vertex -34.6482 34.6482 -6.5
    endloop
  endfacet
  facet normal 0 0 -1
    outer loop
      vertex -33.8054 38.8515 -6.5
      vertex -30.8367 38.0801 -6.5
      vertex -32.7874 36.4141 -6.5
    endloop
  endfacet
  facet normal 0 0 -1
    outer loop
      vertex -31.7484 40.5498 -6.5
      vertex -28.8015 39.6418 -6.5
      vertex -30.8367 38.0801 -6.5
    endloop
  endfacet
  facet normal 0 0 -1
    outer loop
      vertex -31.7484 40.5498 -6.5
      vertex -29.6062 42.1393 -6.5
      vertex -28.8015 39.6418 -6.5
    endloop
  endfacet
  facet normal 0 0 -1
    outer loop
      vertex -27.3845 43.6158 -6.5
      vertex -24.5 42.4352 -6.5
      vertex -26.6873 41.0948 -6.5
    endloop
  endfacet
  facet normal 0 0 -1
    outer loop
      vertex -27.3845 43.6158 -6.5
      vertex -25.0894 44.9752 -6.5
      vertex -24.5 42.4352 -6.5
    endloop
  endfacet
  facet normal 0 0 -1
    outer loop
      vertex -22.727 46.214 -6.5
      vertex -19.9301 44.7637 -6.5
      vertex -22.2455 43.6593 -6.5
    endloop
  endfacet
  facet normal 0 0 -1
    outer loop
      vertex -20.3036 47.3288 -6.5
      vertex -17.56 45.7454 -6.5
      vertex -19.9301 44.7637 -6.5
    endloop
  endfacet
  facet normal 0 0 -1
    outer loop
      vertex -17.8257 48.3166 -6.5
      vertex -15.1418 46.6018 -6.5
      vertex -17.56 45.7454 -6.5
    endloop
  endfacet
  facet normal 0 0 -1
    outer loop
      vertex -12.6821 47.3304 -6.5
      vertex -15.3 49.1748 -6.5
      vertex -12.7332 49.901 -6.5
    endloop
  endfacet
  facet normal 0 0 -1
    outer loop
      vertex -3.63019 38.3285 -6.5
      vertex -4.28566 40.7754 -6.5
      vertex -2.14577 40.9438 -6.5
    endloop
  endfacet
  facet normal 0 0 -1
    outer loop
      vertex -1.64072 38.465 -6.5
      vertex -2.14577 40.9438 -6.5
      vertex 0 41 -6.5
    endloop
  endfacet
  facet normal -0 0 -1
    outer loop
      vertex 0.353165 38.4984 -6.5
      vertex -1.64072 38.465 -6.5
      vertex 0 41 -6.5
    endloop
  endfacet
  facet normal 0 -0 -1
    outer loop
      vertex 4.28566 40.7754 -6.5
      vertex 5.52657 38.1013 -6.5
      vertex 3.60962 38.3304 -6.5
    endloop
  endfacet
  facet normal 0 0 -1
    outer loop
      vertex 0 49 -6.5
      vertex 0.472412 51.4978 -6.5
      vertex 2.25142 51.4354 -6.5
    endloop
  endfacet
  facet normal -0 0 -1
    outer loop
      vertex 2.70581 51.4194 -6.5
      vertex 0 49 -6.5
      vertex 2.25142 51.4354 -6.5
    endloop
  endfacet
  facet normal -0 -0 -1
    outer loop
      vertex 3.13741 51.3897 -6.5
      vertex 5.12189 48.7316 -6.5
      vertex 2.70581 51.4194 -6.5
    endloop
  endfacet
  facet normal 0 0 -1
    outer loop
      vertex 0 49 -6.5
      vertex 5.12189 48.7316 -6.5
      vertex 0 41 -6.5
    endloop
  endfacet
  facet normal 0 -0 -1
    outer loop
      vertex 5.70609 40.601 -6.5
      vertex 7.11957 40.3771 -6.5
      vertex 5.52657 38.1013 -6.5
    endloop
  endfacet
  facet normal 0 0 -1
    outer loop
      vertex 8.52437 40.104 -6.5
      vertex 9.91879 39.7821 -6.5
      vertex 9.31398 37.3564 -6.5
    endloop
  endfacet
  facet normal 0 0 -1
    outer loop
      vertex 7.42963 37.7763 -6.5
      vertex 8.52437 40.104 -6.5
      vertex 9.31398 37.3564 -6.5
    endloop
  endfacet
  facet normal 0 0 -1
    outer loop
      vertex 11.1749 36.8425 -6.5
      vertex 9.31398 37.3564 -6.5
      vertex 11.3011 39.4117 -6.5
    endloop
  endfacet
  facet normal 0 0 -1
    outer loop
      vertex 22.1662 46.4856 -6.5
      vertex 15.3589 38.0145 -6.5
      vertex 18.3557 45.432 -6.5
    endloop
  endfacet
  facet normal -0 0 -1
    outer loop
      vertex 14.0228 38.5274 -6.5
      vertex 13.0078 36.236 -6.5
      vertex 12.6697 38.9933 -6.5
    endloop
  endfacet
  facet normal 0 -0 -1
    outer loop
      vertex 14.0228 38.5274 -6.5
      vertex 15.3589 38.0145 -6.5
      vertex 13.0078 36.236 -6.5
    endloop
  endfacet
  facet normal -0 0 -1
    outer loop
      vertex 12.459 49.9702 -6.5
      vertex 10.1877 47.9292 -6.5
      vertex 9.93832 50.532 -6.5
    endloop
  endfacet
  facet normal 0 0 -1
    outer loop
      vertex 12.459 49.9702 -6.5
      vertex 14.9483 49.2828 -6.5
      vertex 13.5062 47.1018 -6.5
    endloop
  endfacet
  facet normal 0 0 -1
    outer loop
      vertex 16.5708 34.7514 -6.5
      vertex 14.8079 35.5384 -6.5
      vertex 15.3589 38.0145 -6.5
    endloop
  endfacet
  facet normal -0 0 -1
    outer loop
      vertex 19.808 47.5383 -6.5
      vertex 18.3557 45.432 -6.5
      vertex 17.4 48.4715 -6.5
    endloop
  endfacet
  facet normal 0 0 -1
    outer loop
      vertex 15.3589 38.0145 -6.5
      vertex 22.1662 46.4856 -6.5
      vertex 16.5708 34.7514 -6.5
    endloop
  endfacet
  facet normal 0 0 -1
    outer loop
      vertex 4.28566 40.7754 -6.5
      vertex 5.70609 40.601 -6.5
      vertex 5.52657 38.1013 -6.5
    endloop
  endfacet
  facet normal 0 0 -1
    outer loop
      vertex 2.70581 51.4194 -6.5
      vertex 2.25142 51.4354 -6.5
      vertex 2.25209 51.4507 -6.5
    endloop
  endfacet
  facet normal 0 0 -1
    outer loop
      vertex 0 49 -6.5
      vertex -2.19472 51.4532 -6.5
      vertex 0.472412 51.4978 -6.5
    endloop
  endfacet
  facet normal 0 0 -1
    outer loop
      vertex -2.56445 48.9328 -6.5
      vertex -4.85597 51.2705 -6.5
      vertex -2.19472 51.4532 -6.5
    endloop
  endfacet
  facet normal -0 0 -1
    outer loop
      vertex 3.13829 51.4043 -6.5
      vertex 3.13741 51.3897 -6.5
      vertex 2.70581 51.4194 -6.5
    endloop
  endfacet
  facet normal 0 0 -1
    outer loop
      vertex -5.12189 48.7316 -6.5
      vertex -7.50421 50.9503 -6.5
      vertex -4.85597 51.2705 -6.5
    endloop
  endfacet
  facet normal 0 0 -1
    outer loop
      vertex -7.66528 48.3967 -6.5
      vertex -10.1323 50.4934 -6.5
      vertex -7.50421 50.9503 -6.5
    endloop
  endfacet
  facet normal 0 0 -1
    outer loop
      vertex -10.1877 47.9292 -6.5
      vertex -12.7332 49.901 -6.5
      vertex -10.1323 50.4934 -6.5
    endloop
  endfacet
  facet normal 0 0 -1
    outer loop
      vertex -7.57463 37.7475 -6.5
      vertex -8.52437 40.104 -6.5
      vertex -6.4138 40.4952 -6.5
    endloop
  endfacet
  facet normal 0 -0 -1
    outer loop
      vertex -15.3 49.1748 -6.5
      vertex -15.1418 46.6018 -6.5
      vertex -17.8257 48.3166 -6.5
    endloop
  endfacet
  facet normal 0 -0 -1
    outer loop
      vertex 7.11957 40.3771 -6.5
      vertex 7.42963 37.7763 -6.5
      vertex 5.52657 38.1013 -6.5
    endloop
  endfacet
  facet normal 0 -0 -1
    outer loop
      vertex -17.8257 48.3166 -6.5
      vertex -17.56 45.7454 -6.5
      vertex -20.3036 47.3288 -6.5
    endloop
  endfacet
  facet normal 0 -0 -1
    outer loop
      vertex -20.3036 47.3288 -6.5
      vertex -19.9301 44.7637 -6.5
      vertex -22.727 46.214 -6.5
    endloop
  endfacet
  facet normal 0 -0 -1
    outer loop
      vertex -22.727 46.214 -6.5
      vertex -22.2455 43.6593 -6.5
      vertex -25.0894 44.9752 -6.5
    endloop
  endfacet
  facet normal 0 0 -1
    outer loop
      vertex -25.0894 44.9752 -6.5
      vertex -22.2455 43.6593 -6.5
      vertex -24.5 42.4352 -6.5
    endloop
  endfacet
  facet normal 0 -0 -1
    outer loop
      vertex -27.3845 43.6158 -6.5
      vertex -26.6873 41.0948 -6.5
      vertex -29.6062 42.1393 -6.5
    endloop
  endfacet
  facet normal 0 0 -1
    outer loop
      vertex -29.6062 42.1393 -6.5
      vertex -26.6873 41.0948 -6.5
      vertex -28.8015 39.6418 -6.5
    endloop
  endfacet
  facet normal 0 -0 -1
    outer loop
      vertex -31.7484 40.5498 -6.5
      vertex -30.8367 38.0801 -6.5
      vertex -33.8054 38.8515 -6.5
    endloop
  endfacet
  facet normal 0 -0 -1
    outer loop
      vertex -33.8054 38.8515 -6.5
      vertex -32.7874 36.4141 -6.5
      vertex -35.7718 37.049 -6.5
    endloop
  endfacet
  facet normal 0 0 -1
    outer loop
      vertex -35.7718 37.049 -6.5
      vertex -32.7874 36.4141 -6.5
      vertex -34.6482 34.6482 -6.5
    endloop
  endfacet
  facet normal 0 -0 -1
    outer loop
      vertex -37.6422 35.1471 -6.5
      vertex -36.4141 32.7874 -6.5
      vertex -39.4116 33.1508 -6.5
    endloop
  endfacet
  facet normal 0 0 -1
    outer loop
      vertex -39.4116 33.1508 -6.5
      vertex -36.4141 32.7874 -6.5
      vertex -38.0801 30.8367 -6.5
    endloop
  endfacet
  facet normal 0 -0 -1
    outer loop
      vertex -41.0752 31.0657 -6.5
      vertex -39.6418 28.8015 -6.5
      vertex -42.6287 28.8972 -6.5
    endloop
  endfacet
  facet normal 0 -0 -1
    outer loop
      vertex -42.6287 28.8972 -6.5
      vertex -41.0948 26.6873 -6.5
      vertex -44.0677 26.6511 -6.5
    endloop
  endfacet
  facet normal 0 0 -1
    outer loop
      vertex -44.0677 26.6511 -6.5
      vertex -41.0948 26.6873 -6.5
      vertex -42.4352 24.5 -6.5
    endloop
  endfacet
  facet normal 0 0 -1
    outer loop
      vertex -45.3886 24.3336 -6.5
      vertex -42.4352 24.5 -6.5
      vertex -43.6593 22.2455 -6.5
    endloop
  endfacet
  facet normal 0 0 -1
    outer loop
      vertex -46.5877 21.9508 -6.5
      vertex -43.6593 22.2455 -6.5
      vertex -44.7637 19.9301 -6.5
    endloop
  endfacet
  facet normal 0 -0 -1
    outer loop
      vertex -47.6618 19.509 -6.5
      vertex -45.7454 17.56 -6.5
      vertex -48.608 17.015 -6.5
    endloop
  endfacet
  facet normal 0 -0 -1
    outer loop
      vertex -48.608 17.015 -6.5
      vertex -46.6018 15.1418 -6.5
      vertex -49.4238 14.4753 -6.5
    endloop
  endfacet
  facet normal 0 -0 -1
    outer loop
      vertex -49.4238 14.4753 -6.5
      vertex -47.3304 12.6821 -6.5
      vertex -50.1071 11.8967 -6.5
    endloop
  endfacet
  facet normal 0 0 -1
    outer loop
      vertex -50.1071 11.8967 -6.5
      vertex -47.3304 12.6821 -6.5
      vertex -47.9292 10.1877 -6.5
    endloop
  endfacet
  facet normal 0 -0 -1
    outer loop
      vertex -50.6558 9.28629 -6.5
      vertex -48.3967 7.66528 -6.5
      vertex -51.0687 6.65091 -6.5
    endloop
  endfacet
  facet normal 0 -0 -1
    outer loop
      vertex -51.0687 6.65091 -6.5
      vertex -48.7316 5.12189 -6.5
      vertex -51.3446 3.9977 -6.5
    endloop
  endfacet
  facet normal 0 -0 -1
    outer loop
      vertex -51.3446 3.9977 -6.5
      vertex -48.9328 2.56445 -6.5
      vertex -51.4827 1.33376 -6.5
    endloop
  endfacet
  facet normal 0 0 -1
    outer loop
      vertex -51.4827 1.33376 -6.5
      vertex -49 0 -6.5
      vertex -51.4827 -1.33376 -6.5
    endloop
  endfacet
  facet normal 0 0 -1
    outer loop
      vertex -51.4827 -1.33376 -6.5
      vertex -49 0 -6.5
      vertex -48.9328 -2.56445 -6.5
    endloop
  endfacet
  facet normal 0 0 -1
    outer loop
      vertex -51.3446 -3.9977 -6.5
      vertex -48.9328 -2.56445 -6.5
      vertex -48.7316 -5.12189 -6.5
    endloop
  endfacet
  facet normal 0 0 -1
    outer loop
      vertex -51.0687 -6.65091 -6.5
      vertex -48.7316 -5.12189 -6.5
      vertex -48.3967 -7.66528 -6.5
    endloop
  endfacet
  facet normal 0 0 -1
    outer loop
      vertex -50.6558 -9.28629 -6.5
      vertex -48.3967 -7.66528 -6.5
      vertex -47.9292 -10.1877 -6.5
    endloop
  endfacet
  facet normal 0 0 -1
    outer loop
      vertex -50.1071 -11.8967 -6.5
      vertex -47.9292 -10.1877 -6.5
      vertex -47.3304 -12.6821 -6.5
    endloop
  endfacet
  facet normal 0 0 -1
    outer loop
      vertex -49.4238 -14.4753 -6.5
      vertex -46.6018 -15.1418 -6.5
      vertex -48.608 -17.015 -6.5
    endloop
  endfacet
  facet normal 0 0 -1
    outer loop
      vertex -48.608 -17.015 -6.5
      vertex -46.6018 -15.1418 -6.5
      vertex -45.7454 -17.56 -6.5
    endloop
  endfacet
  facet normal 0 0 -1
    outer loop
      vertex -47.6618 -19.509 -6.5
      vertex -45.7454 -17.56 -6.5
      vertex -44.7637 -19.9301 -6.5
    endloop
  endfacet
  facet normal 0 0 -1
    outer loop
      vertex -46.5877 -21.9508 -6.5
      vertex -44.7637 -19.9301 -6.5
      vertex -43.6593 -22.2455 -6.5
    endloop
  endfacet
  facet normal 0 0 -1
    outer loop
      vertex -45.3886 -24.3336 -6.5
      vertex -42.4352 -24.5 -6.5
      vertex -44.0677 -26.6511 -6.5
    endloop
  endfacet
  facet normal 0 0 -1
    outer loop
      vertex -39.6418 -28.8015 -6.5
      vertex -41.0752 -31.0657 -6.5
      vertex -42.6287 -28.8972 -6.5
    endloop
  endfacet
  facet normal -0 0 -1
    outer loop
      vertex -33.9313 -18.1911 -6.5
      vertex -36.5313 -18.6136 -6.5
      vertex -34.8277 -16.4098 -6.5
    endloop
  endfacet
  facet normal 0 0 -1
    outer loop
      vertex -41.0752 -31.0657 -6.5
      vertex -38.0801 -30.8367 -6.5
      vertex -39.4116 -33.1508 -6.5
    endloop
  endfacet
  facet normal 0 0 -1
    outer loop
      vertex -39.4116 -33.1508 -6.5
      vertex -38.0801 -30.8367 -6.5
      vertex -36.4141 -32.7874 -6.5
    endloop
  endfacet
  facet normal 0 0 -1
    outer loop
      vertex -37.6422 -35.1471 -6.5
      vertex -39.4116 -33.1508 -6.5
      vertex -36.4141 -32.7874 -6.5
    endloop
  endfacet
  facet normal 0 -0 -1
    outer loop
      vertex -31.868 -21.6027 -6.5
      vertex -30.7067 -23.2238 -6.5
      vertex -33.1697 -24.0992 -6.5
    endloop
  endfacet
  facet normal -0 0 -1
    outer loop
      vertex -30.8367 -38.0801 -6.5
      vertex -33.8054 -38.8515 -6.5
      vertex -32.7874 -36.4141 -6.5
    endloop
  endfacet
  facet normal 0 -0 -1
    outer loop
      vertex -30.8367 -38.0801 -6.5
      vertex -28.8015 -39.6418 -6.5
      vertex -31.7484 -40.5498 -6.5
    endloop
  endfacet
  facet normal 0 -0 -1
    outer loop
      vertex -28.8015 -39.6418 -6.5
      vertex -26.6873 -41.0948 -6.5
      vertex -29.6062 -42.1393 -6.5
    endloop
  endfacet
  facet normal 0 -0 -1
    outer loop
      vertex -26.6873 -41.0948 -6.5
      vertex -24.5 -42.4352 -6.5
      vertex -27.3845 -43.6158 -6.5
    endloop
  endfacet
  facet normal -0 0 -1
    outer loop
      vertex -22.1328 -31.5022 -6.5
      vertex -24.0992 -33.1697 -6.5
      vertex -23.7342 -30.3139 -6.5
    endloop
  endfacet
  facet normal 0 0 -1
    outer loop
      vertex -25.0894 -44.9752 -6.5
      vertex -24.5 -42.4352 -6.5
      vertex -22.2455 -43.6593 -6.5
    endloop
  endfacet
  facet normal 0 0 -1
    outer loop
      vertex -22.727 -46.214 -6.5
      vertex -22.2455 -43.6593 -6.5
      vertex -19.9301 -44.7637 -6.5
    endloop
  endfacet
  facet normal 0 0 -1
    outer loop
      vertex -20.3036 -47.3288 -6.5
      vertex -22.727 -46.214 -6.5
      vertex -19.9301 -44.7637 -6.5
    endloop
  endfacet
  facet normal -0 0 -1
    outer loop
      vertex -17.56 -45.7454 -6.5
      vertex -20.3036 -47.3288 -6.5
      vertex -19.9301 -44.7637 -6.5
    endloop
  endfacet
  facet normal -0 0 -1
    outer loop
      vertex -15.1418 -46.6018 -6.5
      vertex -17.8257 -48.3166 -6.5
      vertex -17.56 -45.7454 -6.5
    endloop
  endfacet
  facet normal -0 0 -1
    outer loop
      vertex -12.6821 -47.3304 -6.5
      vertex -15.3 -49.1748 -6.5
      vertex -15.1418 -46.6018 -6.5
    endloop
  endfacet
  facet normal -0 0 -1
    outer loop
      vertex -10.1877 -47.9292 -6.5
      vertex -12.7332 -49.901 -6.5
      vertex -12.6821 -47.3304 -6.5
    endloop
  endfacet
  facet normal 0 0 -1
    outer loop
      vertex -10.1877 -47.9292 -6.5
      vertex -7.66528 -48.3967 -6.5
      vertex -10.1323 -50.4934 -6.5
    endloop
  endfacet
  facet normal 0 0 -1
    outer loop
      vertex -7.66528 -48.3967 -6.5
      vertex -5.12189 -48.7316 -6.5
      vertex -7.50421 -50.9503 -6.5
    endloop
  endfacet
  facet normal 0 0 -1
    outer loop
      vertex -5.12189 -48.7316 -6.5
      vertex -2.56445 -48.9328 -6.5
      vertex -4.85597 -51.2705 -6.5
    endloop
  endfacet
  facet normal -0 0 -1
    outer loop
      vertex -7.57463 -37.7475 -6.5
      vertex -8.52437 -40.104 -6.5
      vertex -9.51901 -37.3047 -6.5
    endloop
  endfacet
  facet normal -0 0 -1
    outer loop
      vertex -5.60994 -38.0891 -6.5
      vertex -6.4138 -40.4952 -6.5
      vertex -7.57463 -37.7475 -6.5
    endloop
  endfacet
  facet normal 0 0 -1
    outer loop
      vertex 0.472412 -51.4978 -6.5
      vertex -2.19472 -51.4532 -6.5
      vertex 0 -49 -6.5
    endloop
  endfacet
  facet normal 0 0 -1
    outer loop
      vertex 0.472412 -51.4978 -6.5
      vertex 0 -49 -6.5
      vertex 3.13829 -51.4043 -6.5
    endloop
  endfacet
  facet normal 0 0 -1
    outer loop
      vertex -5.60994 -38.0891 -6.5
      vertex -3.63019 -38.3285 -6.5
      vertex -4.28566 -40.7754 -6.5
    endloop
  endfacet
  facet normal 0 0 -1
    outer loop
      vertex -4.85597 -51.2705 -6.5
      vertex -2.56445 -48.9328 -6.5
      vertex -2.19472 -51.4532 -6.5
    endloop
  endfacet
  facet normal 0 -0 -1
    outer loop
      vertex -1.64072 -38.465 -6.5
      vertex 0 -41 -6.5
      vertex -2.14577 -40.9438 -6.5
    endloop
  endfacet
  facet normal 0 0 -1
    outer loop
      vertex -7.50421 -50.9503 -6.5
      vertex -5.12189 -48.7316 -6.5
      vertex -4.85597 -51.2705 -6.5
    endloop
  endfacet
  facet normal 0 -0 -1
    outer loop
      vertex -3.63019 -38.3285 -6.5
      vertex -2.14577 -40.9438 -6.5
      vertex -4.28566 -40.7754 -6.5
    endloop
  endfacet
  facet normal 0 0 -1
    outer loop
      vertex -10.1323 -50.4934 -6.5
      vertex -7.66528 -48.3967 -6.5
      vertex -7.50421 -50.9503 -6.5
    endloop
  endfacet
  facet normal 0 -0 -1
    outer loop
      vertex -5.60994 -38.0891 -6.5
      vertex -4.28566 -40.7754 -6.5
      vertex -6.4138 -40.4952 -6.5
    endloop
  endfacet
  facet normal 0 0 -1
    outer loop
      vertex -12.7332 -49.901 -6.5
      vertex -10.1877 -47.9292 -6.5
      vertex -10.1323 -50.4934 -6.5
    endloop
  endfacet
  facet normal 0 -0 -1
    outer loop
      vertex -7.57463 -37.7475 -6.5
      vertex -6.4138 -40.4952 -6.5
      vertex -8.52437 -40.104 -6.5
    endloop
  endfacet
  facet normal 0 0 -1
    outer loop
      vertex -14.6931 -38.2768 -6.5
      vertex -15.1784 -35.3817 -6.5
      vertex -13.326 -36.1202 -6.5
    endloop
  endfacet
  facet normal 0 0 -1
    outer loop
      vertex -12.6821 -47.3304 -6.5
      vertex -12.7332 -49.901 -6.5
      vertex -15.3 -49.1748 -6.5
    endloop
  endfacet
  facet normal 0 0 -1
    outer loop
      vertex -16.6762 -37.4554 -6.5
      vertex -16.9901 -34.5483 -6.5
      vertex -15.1784 -35.3817 -6.5
    endloop
  endfacet
  facet normal 0 0 -1
    outer loop
      vertex -15.1418 -46.6018 -6.5
      vertex -15.3 -49.1748 -6.5
      vertex -17.8257 -48.3166 -6.5
    endloop
  endfacet
  facet normal 0 0 -1
    outer loop
      vertex -18.6136 -36.5313 -6.5
      vertex -18.7561 -33.6223 -6.5
      vertex -16.9901 -34.5483 -6.5
    endloop
  endfacet
  facet normal 0 0 -1
    outer loop
      vertex -17.56 -45.7454 -6.5
      vertex -17.8257 -48.3166 -6.5
      vertex -20.3036 -47.3288 -6.5
    endloop
  endfacet
  facet normal 0 -0 -1
    outer loop
      vertex -20.4719 -32.606 -6.5
      vertex -18.7561 -33.6223 -6.5
      vertex -20.5 -35.507 -6.5
    endloop
  endfacet
  facet normal 0 -0 -1
    outer loop
      vertex -22.1328 -31.5022 -6.5
      vertex -20.4719 -32.606 -6.5
      vertex -22.3302 -34.3855 -6.5
    endloop
  endfacet
  facet normal 0 0 -1
    outer loop
      vertex -27.3845 -43.6158 -6.5
      vertex -24.5 -42.4352 -6.5
      vertex -25.0894 -44.9752 -6.5
    endloop
  endfacet
  facet normal 0 -0 -1
    outer loop
      vertex -18.7561 -33.6223 -6.5
      vertex -18.6136 -36.5313 -6.5
      vertex -20.5 -35.507 -6.5
    endloop
  endfacet
  facet normal 0 0 -1
    outer loop
      vertex -29.6062 -42.1393 -6.5
      vertex -26.6873 -41.0948 -6.5
      vertex -27.3845 -43.6158 -6.5
    endloop
  endfacet
  facet normal 0 0 -1
    outer loop
      vertex -20.4719 -32.606 -6.5
      vertex -20.5 -35.507 -6.5
      vertex -22.3302 -34.3855 -6.5
    endloop
  endfacet
  facet normal 0 0 -1
    outer loop
      vertex -31.7484 -40.5498 -6.5
      vertex -28.8015 -39.6418 -6.5
      vertex -29.6062 -42.1393 -6.5
    endloop
  endfacet
  facet normal 0 0 -1
    outer loop
      vertex -22.1328 -31.5022 -6.5
      vertex -22.3302 -34.3855 -6.5
      vertex -24.0992 -33.1697 -6.5
    endloop
  endfacet
  facet normal 0 0 -1
    outer loop
      vertex -33.8054 -38.8515 -6.5
      vertex -30.8367 -38.0801 -6.5
      vertex -31.7484 -40.5498 -6.5
    endloop
  endfacet
  facet normal 0 0 -1
    outer loop
      vertex -23.7342 -30.3139 -6.5
      vertex -24.0992 -33.1697 -6.5
      vertex -25.8021 -31.863 -6.5
    endloop
  endfacet
  facet normal 0 0 -1
    outer loop
      vertex -30.4689 -27.4343 -6.5
      vertex -29.463 -24.7827 -6.5
      vertex -28.1403 -26.275 -6.5
    endloop
  endfacet
  facet normal 0 0 -1
    outer loop
      vertex -32.7874 -36.4141 -6.5
      vertex -33.8054 -38.8515 -6.5
      vertex -35.7718 -37.049 -6.5
    endloop
  endfacet
  facet normal 0 0 -1
    outer loop
      vertex -31.863 -25.8021 -6.5
      vertex -30.7067 -23.2238 -6.5
      vertex -29.463 -24.7827 -6.5
    endloop
  endfacet
  facet normal 0 0 -1
    outer loop
      vertex -34.6482 -34.6482 -6.5
      vertex -35.7718 -37.049 -6.5
      vertex -37.6422 -35.1471 -6.5
    endloop
  endfacet
  facet normal 0 -0 -1
    outer loop
      vertex -32.9438 -19.9236 -6.5
      vertex -31.868 -21.6027 -6.5
      vertex -34.3855 -22.3302 -6.5
    endloop
  endfacet
  facet normal 0 -0 -1
    outer loop
      vertex -33.9313 -18.1911 -6.5
      vertex -32.9438 -19.9236 -6.5
      vertex -35.507 -20.5 -6.5
    endloop
  endfacet
  facet normal 0 -0 -1
    outer loop
      vertex -41.0948 -26.6873 -6.5
      vertex -39.6418 -28.8015 -6.5
      vertex -42.6287 -28.8972 -6.5
    endloop
  endfacet
  facet normal 0 0 -1
    outer loop
      vertex -30.7067 -23.2238 -6.5
      vertex -31.863 -25.8021 -6.5
      vertex -33.1697 -24.0992 -6.5
    endloop
  endfacet
  facet normal 0 -0 -1
    outer loop
      vertex -42.4352 -24.5 -6.5
      vertex -41.0948 -26.6873 -6.5
      vertex -44.0677 -26.6511 -6.5
    endloop
  endfacet
  facet normal 0 0 -1
    outer loop
      vertex -31.868 -21.6027 -6.5
      vertex -33.1697 -24.0992 -6.5
      vertex -34.3855 -22.3302 -6.5
    endloop
  endfacet
  facet normal 0 -0 -1
    outer loop
      vertex -36.338 -12.7199 -6.5
      vertex -35.6307 -14.5844 -6.5
      vertex -38.2768 -14.6931 -6.5
    endloop
  endfacet
  facet normal 0 -0 -1
    outer loop
      vertex -36.9479 -10.8213 -6.5
      vertex -36.338 -12.7199 -6.5
      vertex -38.9933 -12.6697 -6.5
    endloop
  endfacet
  facet normal 0 -0 -1
    outer loop
      vertex -37.4587 -8.89368 -6.5
      vertex -36.9479 -10.8213 -6.5
      vertex -39.603 -10.6116 -6.5
    endloop
  endfacet
  facet normal 0 -0 -1
    outer loop
      vertex -37.8689 -6.94217 -6.5
      vertex -37.4587 -8.89368 -6.5
      vertex -40.104 -8.52437 -6.5
    endloop
  endfacet
  facet normal 0 -0 -1
    outer loop
      vertex -38.1776 -4.97203 -6.5
      vertex -37.8689 -6.94217 -6.5
      vertex -40.4952 -6.4138 -6.5
    endloop
  endfacet
  facet normal 0 -0 -1
    outer loop
      vertex -38.3838 -2.98857 -6.5
      vertex -38.1776 -4.97203 -6.5
      vertex -40.7754 -4.28566 -6.5
    endloop
  endfacet
  facet normal 0 -0 -1
    outer loop
      vertex -38.4871 -0.99707 -6.5
      vertex -38.3838 -2.98857 -6.5
      vertex -40.9438 -2.14577 -6.5
    endloop
  endfacet
  facet normal 0 -0 -1
    outer loop
      vertex -38.4871 0.99707 -6.5
      vertex -38.4871 -0.99707 -6.5
      vertex -41 0 -6.5
    endloop
  endfacet
  facet normal 0 0 -1
    outer loop
      vertex -38.3838 2.98857 -6.5
      vertex -38.4871 0.99707 -6.5
      vertex -40.9438 2.14577 -6.5
    endloop
  endfacet
  facet normal 0 0 -1
    outer loop
      vertex -38.1776 4.97203 -6.5
      vertex -38.3838 2.98857 -6.5
      vertex -40.7754 4.28566 -6.5
    endloop
  endfacet
  facet normal 0 0 -1
    outer loop
      vertex -37.8689 6.94217 -6.5
      vertex -38.1776 4.97203 -6.5
      vertex -40.4952 6.4138 -6.5
    endloop
  endfacet
  facet normal 0 0 -1
    outer loop
      vertex -37.4587 8.89368 -6.5
      vertex -37.8689 6.94217 -6.5
      vertex -40.104 8.52437 -6.5
    endloop
  endfacet
  facet normal 0 0 -1
    outer loop
      vertex -36.9479 10.8213 -6.5
      vertex -37.4587 8.89368 -6.5
      vertex -39.603 10.6116 -6.5
    endloop
  endfacet
  facet normal 0 0 -1
    outer loop
      vertex -36.338 12.7199 -6.5
      vertex -36.9479 10.8213 -6.5
      vertex -38.9933 12.6697 -6.5
    endloop
  endfacet
  facet normal 0 -0 -1
    outer loop
      vertex -38.2768 14.6931 -6.5
      vertex -36.338 12.7199 -6.5
      vertex -38.9933 12.6697 -6.5
    endloop
  endfacet
  facet normal 0 -0 -1
    outer loop
      vertex -37.4554 16.6762 -6.5
      vertex -35.6307 14.5844 -6.5
      vertex -38.2768 14.6931 -6.5
    endloop
  endfacet
  facet normal 0 -0 -1
    outer loop
      vertex -36.5313 18.6136 -6.5
      vertex -34.8277 16.4098 -6.5
      vertex -37.4554 16.6762 -6.5
    endloop
  endfacet
  facet normal 0 -0 -1
    outer loop
      vertex -35.507 20.5 -6.5
      vertex -33.9313 18.1911 -6.5
      vertex -36.5313 18.6136 -6.5
    endloop
  endfacet
  facet normal 0 -0 -1
    outer loop
      vertex -34.3855 22.3302 -6.5
      vertex -32.9438 19.9236 -6.5
      vertex -35.507 20.5 -6.5
    endloop
  endfacet
  facet normal 0 -0 -1
    outer loop
      vertex -33.1697 24.0992 -6.5
      vertex -31.868 21.6027 -6.5
      vertex -34.3855 22.3302 -6.5
    endloop
  endfacet
  facet normal 0 -0 -1
    outer loop
      vertex -31.863 25.8021 -6.5
      vertex -30.7067 23.2238 -6.5
      vertex -33.1697 24.0992 -6.5
    endloop
  endfacet
  facet normal 0 -0 -1
    outer loop
      vertex -30.4689 27.4343 -6.5
      vertex -29.463 24.7827 -6.5
      vertex -31.863 25.8021 -6.5
    endloop
  endfacet
  facet normal 0 -0 -1
    outer loop
      vertex -28.9914 28.9914 -6.5
      vertex -28.1403 26.275 -6.5
      vertex -30.4689 27.4343 -6.5
    endloop
  endfacet
  facet normal 0 -0 -1
    outer loop
      vertex -27.4343 30.4689 -6.5
      vertex -26.742 27.6968 -6.5
      vertex -28.9914 28.9914 -6.5
    endloop
  endfacet
  facet normal 0 -0 -1
    outer loop
      vertex -25.8021 31.863 -6.5
      vertex -25.272 29.0443 -6.5
      vertex -27.4343 30.4689 -6.5
    endloop
  endfacet
  facet normal 0 -0 -1
    outer loop
      vertex -24.0992 33.1697 -6.5
      vertex -23.7342 30.3139 -6.5
      vertex -25.8021 31.863 -6.5
    endloop
  endfacet
  facet normal 0 -0 -1
    outer loop
      vertex -22.3302 34.3855 -6.5
      vertex -22.1328 31.5022 -6.5
      vertex -24.0992 33.1697 -6.5
    endloop
  endfacet
  facet normal 0 -0 -1
    outer loop
      vertex -20.5 35.507 -6.5
      vertex -20.4719 32.606 -6.5
      vertex -22.3302 34.3855 -6.5
    endloop
  endfacet
  facet normal 0 0 -1
    outer loop
      vertex -18.6136 36.5313 -6.5
      vertex -18.7561 33.6223 -6.5
      vertex -20.5 35.507 -6.5
    endloop
  endfacet
  facet normal 0 0 -1
    outer loop
      vertex -16.6762 37.4554 -6.5
      vertex -16.9901 34.5483 -6.5
      vertex -18.6136 36.5313 -6.5
    endloop
  endfacet
  facet normal 0 0 -1
    outer loop
      vertex -14.6931 38.2768 -6.5
      vertex -15.1784 35.3817 -6.5
      vertex -16.6762 37.4554 -6.5
    endloop
  endfacet
  facet normal 0 0 -1
    outer loop
      vertex -12.6697 38.9933 -6.5
      vertex -13.326 36.1202 -6.5
      vertex -14.6931 38.2768 -6.5
    endloop
  endfacet
  facet normal 0 0 -1
    outer loop
      vertex -10.6116 39.603 -6.5
      vertex -11.4378 36.7617 -6.5
      vertex -12.6697 38.9933 -6.5
    endloop
  endfacet
  facet normal 0 0 -1
    outer loop
      vertex -8.52437 40.104 -6.5
      vertex -9.51901 37.3047 -6.5
      vertex -10.6116 39.603 -6.5
    endloop
  endfacet
  facet normal -0 0 -1
    outer loop
      vertex -12.6821 47.3304 -6.5
      vertex -15.1418 46.6018 -6.5
      vertex -15.3 49.1748 -6.5
    endloop
  endfacet
  facet normal -0 0 -1
    outer loop
      vertex -11.4378 36.7617 -6.5
      vertex -13.326 36.1202 -6.5
      vertex -12.6697 38.9933 -6.5
    endloop
  endfacet
  facet normal 0 0 -1
    outer loop
      vertex -6.4138 40.4952 -6.5
      vertex -4.28566 40.7754 -6.5
      vertex -5.60994 38.0891 -6.5
    endloop
  endfacet
  facet normal 0 0 -1
    outer loop
      vertex -12.6821 47.3304 -6.5
      vertex -12.7332 49.901 -6.5
      vertex -10.1877 47.9292 -6.5
    endloop
  endfacet
  facet normal -0 0 -1
    outer loop
      vertex -7.66528 48.3967 -6.5
      vertex -10.1877 47.9292 -6.5
      vertex -10.1323 50.4934 -6.5
    endloop
  endfacet
  facet normal -0 0 -1
    outer loop
      vertex -7.57463 37.7475 -6.5
      vertex -9.51901 37.3047 -6.5
      vertex -8.52437 40.104 -6.5
    endloop
  endfacet
  facet normal -0 0 -1
    outer loop
      vertex -5.12189 48.7316 -6.5
      vertex -7.66528 48.3967 -6.5
      vertex -7.50421 50.9503 -6.5
    endloop
  endfacet
  facet normal -0 0 -1
    outer loop
      vertex -5.60994 38.0891 -6.5
      vertex -7.57463 37.7475 -6.5
      vertex -6.4138 40.4952 -6.5
    endloop
  endfacet
  facet normal -0 0 -1
    outer loop
      vertex -2.56445 48.9328 -6.5
      vertex -5.12189 48.7316 -6.5
      vertex -4.85597 51.2705 -6.5
    endloop
  endfacet
  facet normal -0 0 -1
    outer loop
      vertex -3.63019 38.3285 -6.5
      vertex -5.60994 38.0891 -6.5
      vertex -4.28566 40.7754 -6.5
    endloop
  endfacet
  facet normal -0 0 -1
    outer loop
      vertex 0 49 -6.5
      vertex -2.56445 48.9328 -6.5
      vertex -2.19472 51.4532 -6.5
    endloop
  endfacet
  facet normal -0 0 -1
    outer loop
      vertex -1.64072 38.465 -6.5
      vertex -3.63019 38.3285 -6.5
      vertex -2.14577 40.9438 -6.5
    endloop
  endfacet
  facet normal 0 0 -1
    outer loop
      vertex 5.12189 48.7316 -6.5
      vertex 0 49 -6.5
      vertex 2.70581 51.4194 -6.5
    endloop
  endfacet
  facet normal 0 0 -1
    outer loop
      vertex 0.353165 38.4984 -6.5
      vertex 0 41 -6.5
      vertex 2.02289 38.4398 -6.5
    endloop
  endfacet
  facet normal 0 0 -1
    outer loop
      vertex -11.4378 36.7617 -6.5
      vertex -10.6116 39.603 -6.5
      vertex -9.51901 37.3047 -6.5
    endloop
  endfacet
  facet normal 0 -0 -1
    outer loop
      vertex -14.6931 38.2768 -6.5
      vertex -13.326 36.1202 -6.5
      vertex -15.1784 35.3817 -6.5
    endloop
  endfacet
  facet normal 0 -0 -1
    outer loop
      vertex -16.6762 37.4554 -6.5
      vertex -15.1784 35.3817 -6.5
      vertex -16.9901 34.5483 -6.5
    endloop
  endfacet
  facet normal 0 -0 -1
    outer loop
      vertex -18.6136 36.5313 -6.5
      vertex -16.9901 34.5483 -6.5
      vertex -18.7561 33.6223 -6.5
    endloop
  endfacet
  facet normal 0 0 -1
    outer loop
      vertex -20.5 35.507 -6.5
      vertex -18.7561 33.6223 -6.5
      vertex -20.4719 32.606 -6.5
    endloop
  endfacet
  facet normal 0 0 -1
    outer loop
      vertex -22.3302 34.3855 -6.5
      vertex -20.4719 32.606 -6.5
      vertex -22.1328 31.5022 -6.5
    endloop
  endfacet
  facet normal 0 0 -1
    outer loop
      vertex -24.0992 33.1697 -6.5
      vertex -22.1328 31.5022 -6.5
      vertex -23.7342 30.3139 -6.5
    endloop
  endfacet
  facet normal 0 0 -1
    outer loop
      vertex -25.8021 31.863 -6.5
      vertex -23.7342 30.3139 -6.5
      vertex -25.272 29.0443 -6.5
    endloop
  endfacet
  facet normal 0 0 -1
    outer loop
      vertex -27.4343 30.4689 -6.5
      vertex -25.272 29.0443 -6.5
      vertex -26.742 27.6968 -6.5
    endloop
  endfacet
  facet normal 0 0 -1
    outer loop
      vertex -28.9914 28.9914 -6.5
      vertex -26.742 27.6968 -6.5
      vertex -28.1403 26.275 -6.5
    endloop
  endfacet
  facet normal 0 0 -1
    outer loop
      vertex -30.4689 27.4343 -6.5
      vertex -28.1403 26.275 -6.5
      vertex -29.463 24.7827 -6.5
    endloop
  endfacet
  facet normal 0 0 -1
    outer loop
      vertex -31.863 25.8021 -6.5
      vertex -29.463 24.7827 -6.5
      vertex -30.7067 23.2238 -6.5
    endloop
  endfacet
  facet normal 0 0 -1
    outer loop
      vertex -33.1697 24.0992 -6.5
      vertex -30.7067 23.2238 -6.5
      vertex -31.868 21.6027 -6.5
    endloop
  endfacet
  facet normal 0 0 -1
    outer loop
      vertex -34.3855 22.3302 -6.5
      vertex -31.868 21.6027 -6.5
      vertex -32.9438 19.9236 -6.5
    endloop
  endfacet
  facet normal 0 0 -1
    outer loop
      vertex -35.507 20.5 -6.5
      vertex -32.9438 19.9236 -6.5
      vertex -33.9313 18.1911 -6.5
    endloop
  endfacet
  facet normal 0 0 -1
    outer loop
      vertex -36.5313 18.6136 -6.5
      vertex -33.9313 18.1911 -6.5
      vertex -34.8277 16.4098 -6.5
    endloop
  endfacet
  facet normal 0 0 -1
    outer loop
      vertex -37.4554 16.6762 -6.5
      vertex -34.8277 16.4098 -6.5
      vertex -35.6307 14.5844 -6.5
    endloop
  endfacet
  facet normal 0 0 -1
    outer loop
      vertex -38.2768 14.6931 -6.5
      vertex -35.6307 14.5844 -6.5
      vertex -36.338 12.7199 -6.5
    endloop
  endfacet
  facet normal 0 -0 -1
    outer loop
      vertex -38.9933 12.6697 -6.5
      vertex -36.9479 10.8213 -6.5
      vertex -39.603 10.6116 -6.5
    endloop
  endfacet
  facet normal 0 -0 -1
    outer loop
      vertex -39.603 10.6116 -6.5
      vertex -37.4587 8.89368 -6.5
      vertex -40.104 8.52437 -6.5
    endloop
  endfacet
  facet normal 0 -0 -1
    outer loop
      vertex -40.104 8.52437 -6.5
      vertex -37.8689 6.94217 -6.5
      vertex -40.4952 6.4138 -6.5
    endloop
  endfacet
  facet normal 0 -0 -1
    outer loop
      vertex -40.4952 6.4138 -6.5
      vertex -38.1776 4.97203 -6.5
      vertex -40.7754 4.28566 -6.5
    endloop
  endfacet
  facet normal 0 -0 -1
    outer loop
      vertex -40.7754 4.28566 -6.5
      vertex -38.3838 2.98857 -6.5
      vertex -40.9438 2.14577 -6.5
    endloop
  endfacet
  facet normal 0 -0 -1
    outer loop
      vertex -40.9438 2.14577 -6.5
      vertex -38.4871 0.99707 -6.5
      vertex -41 0 -6.5
    endloop
  endfacet
  facet normal 0 0 -1
    outer loop
      vertex -41 0 -6.5
      vertex -38.4871 -0.99707 -6.5
      vertex -40.9438 -2.14577 -6.5
    endloop
  endfacet
  facet normal 0 0 -1
    outer loop
      vertex -40.9438 -2.14577 -6.5
      vertex -38.3838 -2.98857 -6.5
      vertex -40.7754 -4.28566 -6.5
    endloop
  endfacet
  facet normal 0 0 -1
    outer loop
      vertex -40.7754 -4.28566 -6.5
      vertex -38.1776 -4.97203 -6.5
      vertex -40.4952 -6.4138 -6.5
    endloop
  endfacet
  facet normal 0 0 -1
    outer loop
      vertex -40.4952 -6.4138 -6.5
      vertex -37.8689 -6.94217 -6.5
      vertex -40.104 -8.52437 -6.5
    endloop
  endfacet
  facet normal 0 0 -1
    outer loop
      vertex -40.104 -8.52437 -6.5
      vertex -37.4587 -8.89368 -6.5
      vertex -39.603 -10.6116 -6.5
    endloop
  endfacet
  facet normal 0 0 -1
    outer loop
      vertex -39.603 -10.6116 -6.5
      vertex -36.9479 -10.8213 -6.5
      vertex -38.9933 -12.6697 -6.5
    endloop
  endfacet
  facet normal 0 0 -1
    outer loop
      vertex -38.9933 -12.6697 -6.5
      vertex -36.338 -12.7199 -6.5
      vertex -38.2768 -14.6931 -6.5
    endloop
  endfacet
  facet normal 0 0 -1
    outer loop
      vertex -38.2768 -14.6931 -6.5
      vertex -35.6307 -14.5844 -6.5
      vertex -37.4554 -16.6762 -6.5
    endloop
  endfacet
  facet normal 0 0 -1
    outer loop
      vertex -37.4554 -16.6762 -6.5
      vertex -34.8277 -16.4098 -6.5
      vertex -36.5313 -18.6136 -6.5
    endloop
  endfacet
  facet normal 0 0 -1
    outer loop
      vertex -36.5313 -18.6136 -6.5
      vertex -33.9313 -18.1911 -6.5
      vertex -35.507 -20.5 -6.5
    endloop
  endfacet
  facet normal 0 0 -1
    outer loop
      vertex -35.507 -20.5 -6.5
      vertex -32.9438 -19.9236 -6.5
      vertex -34.3855 -22.3302 -6.5
    endloop
  endfacet
  facet normal 0 0 -1
    outer loop
      vertex -31.863 -25.8021 -6.5
      vertex -29.463 -24.7827 -6.5
      vertex -30.4689 -27.4343 -6.5
    endloop
  endfacet
  facet normal 0 0 -1
    outer loop
      vertex -30.4689 -27.4343 -6.5
      vertex -28.1403 -26.275 -6.5
      vertex -28.9914 -28.9914 -6.5
    endloop
  endfacet
  facet normal 0 0 -1
    outer loop
      vertex -27.4343 -30.4689 -6.5
      vertex -28.9914 -28.9914 -6.5
      vertex -26.742 -27.6968 -6.5
    endloop
  endfacet
  facet normal 0 0 -1
    outer loop
      vertex -25.8021 -31.863 -6.5
      vertex -27.4343 -30.4689 -6.5
      vertex -25.272 -29.0443 -6.5
    endloop
  endfacet
  facet normal 0 0 -1
    outer loop
      vertex -18.6136 -36.5313 -6.5
      vertex -16.9901 -34.5483 -6.5
      vertex -16.6762 -37.4554 -6.5
    endloop
  endfacet
  facet normal 0 0 -1
    outer loop
      vertex -16.6762 -37.4554 -6.5
      vertex -15.1784 -35.3817 -6.5
      vertex -14.6931 -38.2768 -6.5
    endloop
  endfacet
  facet normal 0 0 -1
    outer loop
      vertex -12.6697 -38.9933 -6.5
      vertex -14.6931 -38.2768 -6.5
      vertex -13.326 -36.1202 -6.5
    endloop
  endfacet
  facet normal 0 0 -1
    outer loop
      vertex -10.6116 -39.603 -6.5
      vertex -12.6697 -38.9933 -6.5
      vertex -11.4378 -36.7617 -6.5
    endloop
  endfacet
  facet normal 0 0 -1
    outer loop
      vertex -8.52437 -40.104 -6.5
      vertex -10.6116 -39.603 -6.5
      vertex -9.51901 -37.3047 -6.5
    endloop
  endfacet
  facet normal 0 -0 -1
    outer loop
      vertex 0.353165 -38.4984 -6.5
      vertex 2.3461 -38.4284 -6.5
      vertex 0 -41 -6.5
    endloop
  endfacet
  facet normal 0 0 -1
    outer loop
      vertex 0 -41 -6.5
      vertex 3.13829 -51.4043 -6.5
      vertex 0 -49 -6.5
    endloop
  endfacet
  facet normal 0 0 -1
    outer loop
      vertex 15.1418 46.6018 -6.5
      vertex 14.9483 49.2828 -6.5
      vertex 17.4 48.4715 -6.5
    endloop
  endfacet
  facet normal 0 0 -1
    outer loop
      vertex 15.3589 38.0145 -6.5
      vertex 14.8079 35.5384 -6.5
      vertex 13.0078 36.236 -6.5
    endloop
  endfacet
  facet normal 0 0 -1
    outer loop
      vertex 13.0078 36.236 -6.5
      vertex 11.1749 36.8425 -6.5
      vertex 12.6697 38.9933 -6.5
    endloop
  endfacet
  facet normal 0 0 -1
    outer loop
      vertex 8.50876 48.2556 -6.5
      vertex 7.39268 50.9666 -6.5
      vertex 9.93832 50.532 -6.5
    endloop
  endfacet
  facet normal -0 0 -1
    outer loop
      vertex 12.6697 38.9933 -6.5
      vertex 11.1749 36.8425 -6.5
      vertex 11.3011 39.4117 -6.5
    endloop
  endfacet
  facet normal 0 0 -1
    outer loop
      vertex 5.12189 48.7316 -6.5
      vertex 7.39268 50.9666 -6.5
      vertex 6.81947 48.5231 -6.5
    endloop
  endfacet
  facet normal 0 0 -1
    outer loop
      vertex 7.42963 37.7763 -6.5
      vertex 7.11957 40.3771 -6.5
      vertex 8.52437 40.104 -6.5
    endloop
  endfacet
  facet normal 0 0 -1
    outer loop
      vertex 3.13741 51.3897 -6.5
      vertex 4.82846 51.2731 -6.5
      vertex 5.12189 48.7316 -6.5
    endloop
  endfacet
  facet normal 0 0 -1
    outer loop
      vertex 2.02289 38.4398 -6.5
      vertex 4.28566 40.7754 -6.5
      vertex 3.60962 38.3304 -6.5
    endloop
  endfacet
  facet normal 0 0 -1
    outer loop
      vertex 2.02289 38.4398 -6.5
      vertex 0 41 -6.5
      vertex 4.28566 40.7754 -6.5
    endloop
  endfacet
  facet normal 0 0 -1
    outer loop
      vertex 4.28566 40.7754 -6.5
      vertex 0 41 -6.5
      vertex 5.12189 48.7316 -6.5
    endloop
  endfacet
  facet normal 0 0 -1
    outer loop
      vertex 5.12189 48.7316 -6.5
      vertex 4.82846 51.2731 -6.5
      vertex 7.39268 50.9666 -6.5
    endloop
  endfacet
  facet normal 0 0 -1
    outer loop
      vertex 6.81947 48.5231 -6.5
      vertex 7.39268 50.9666 -6.5
      vertex 8.50876 48.2556 -6.5
    endloop
  endfacet
  facet normal 0 0 -1
    outer loop
      vertex 8.50876 48.2556 -6.5
      vertex 9.93832 50.532 -6.5
      vertex 10.1877 47.9292 -6.5
    endloop
  endfacet
  facet normal 0 0 -1
    outer loop
      vertex 10.1877 47.9292 -6.5
      vertex 12.459 49.9702 -6.5
      vertex 11.8542 47.5445 -6.5
    endloop
  endfacet
  facet normal 0 0 -1
    outer loop
      vertex 11.8542 47.5445 -6.5
      vertex 12.459 49.9702 -6.5
      vertex 13.5062 47.1018 -6.5
    endloop
  endfacet
  facet normal 0 0 -1
    outer loop
      vertex 15.1418 46.6018 -6.5
      vertex 13.5062 47.1018 -6.5
      vertex 14.9483 49.2828 -6.5
    endloop
  endfacet
  facet normal 0 0 -1
    outer loop
      vertex 16.759 46.0449 -6.5
      vertex 15.1418 46.6018 -6.5
      vertex 17.4 48.4715 -6.5
    endloop
  endfacet
  facet normal 0 0 -1
    outer loop
      vertex 18.3557 45.432 -6.5
      vertex 16.759 46.0449 -6.5
      vertex 17.4 48.4715 -6.5
    endloop
  endfacet
  facet normal -0 0 -1
    outer loop
      vertex 22.1662 46.4856 -6.5
      vertex 18.3557 45.432 -6.5
      vertex 19.808 47.5383 -6.5
    endloop
  endfacet
  facet normal 0 0 1
    outer loop
      vertex 11.3011 39.4117 -4.3
      vertex 9.91879 39.7821 -4.3
      vertex 9.31398 37.3564 -4.3
    endloop
  endfacet
  facet normal -0 0 1
    outer loop
      vertex 0 -41 -4.3
      vertex 3.13829 -51.4043 -4.3
      vertex 2.3461 -38.4284 -4.3
    endloop
  endfacet
  facet normal 0 0 1
    outer loop
      vertex -1.64072 -38.465 -4.3
      vertex -3.63019 -38.3285 -4.3
      vertex -2.14577 -40.9438 -4.3
    endloop
  endfacet
  facet normal 0 0 1
    outer loop
      vertex 0.353165 -38.4984 -4.3
      vertex -1.64072 -38.465 -4.3
      vertex 0 -41 -4.3
    endloop
  endfacet
  facet normal 0 0 1
    outer loop
      vertex 0 -49 -4.3
      vertex -2.56445 -48.9328 -4.3
      vertex -2.19472 -51.4532 -4.3
    endloop
  endfacet
  facet normal 0 0 1
    outer loop
      vertex -11.4378 -36.7617 -4.3
      vertex -10.6116 -39.603 -4.3
      vertex -9.51901 -37.3047 -4.3
    endloop
  endfacet
  facet normal 0 0 1
    outer loop
      vertex -13.326 -36.1202 -4.3
      vertex -12.6697 -38.9933 -4.3
      vertex -11.4378 -36.7617 -4.3
    endloop
  endfacet
  facet normal 0 0 1
    outer loop
      vertex -22.2455 -43.6593 -4.3
      vertex -25.0894 -44.9752 -4.3
      vertex -22.727 -46.214 -4.3
    endloop
  endfacet
  facet normal 0 0 1
    outer loop
      vertex -25.272 -29.0443 -4.3
      vertex -25.8021 -31.863 -4.3
      vertex -23.7342 -30.3139 -4.3
    endloop
  endfacet
  facet normal 0 0 1
    outer loop
      vertex -26.742 -27.6968 -4.3
      vertex -27.4343 -30.4689 -4.3
      vertex -25.272 -29.0443 -4.3
    endloop
  endfacet
  facet normal 0 0 1
    outer loop
      vertex -28.1403 -26.275 -4.3
      vertex -28.9914 -28.9914 -4.3
      vertex -26.742 -27.6968 -4.3
    endloop
  endfacet
  facet normal 0 0 1
    outer loop
      vertex -35.7718 -37.049 -4.3
      vertex -32.7874 -36.4141 -4.3
      vertex -34.6482 -34.6482 -4.3
    endloop
  endfacet
  facet normal 0 0 1
    outer loop
      vertex -36.4141 -32.7874 -4.3
      vertex -37.6422 -35.1471 -4.3
      vertex -34.6482 -34.6482 -4.3
    endloop
  endfacet
  facet normal 0 0 1
    outer loop
      vertex -38.0801 -30.8367 -4.3
      vertex -39.6418 -28.8015 -4.3
      vertex -41.0752 -31.0657 -4.3
    endloop
  endfacet
  facet normal 0 0 1
    outer loop
      vertex -35.6307 -14.5844 -4.3
      vertex -37.4554 -16.6762 -4.3
      vertex -34.8277 -16.4098 -4.3
    endloop
  endfacet
  facet normal 0 -0 1
    outer loop
      vertex -42.6287 -28.8972 -4.3
      vertex -41.0948 -26.6873 -4.3
      vertex -44.0677 -26.6511 -4.3
    endloop
  endfacet
  facet normal 0 0 1
    outer loop
      vertex -42.4352 -24.5 -4.3
      vertex -43.6593 -22.2455 -4.3
      vertex -45.3886 -24.3336 -4.3
    endloop
  endfacet
  facet normal 0 0 1
    outer loop
      vertex -43.6593 -22.2455 -4.3
      vertex -46.5877 -21.9508 -4.3
      vertex -45.3886 -24.3336 -4.3
    endloop
  endfacet
  facet normal 0 0 1
    outer loop
      vertex -44.7637 -19.9301 -4.3
      vertex -47.6618 -19.509 -4.3
      vertex -46.5877 -21.9508 -4.3
    endloop
  endfacet
  facet normal 0 0 1
    outer loop
      vertex -45.7454 -17.56 -4.3
      vertex -48.608 -17.015 -4.3
      vertex -47.6618 -19.509 -4.3
    endloop
  endfacet
  facet normal 0 0 1
    outer loop
      vertex -46.6018 -15.1418 -4.3
      vertex -47.3304 -12.6821 -4.3
      vertex -49.4238 -14.4753 -4.3
    endloop
  endfacet
  facet normal 0 0 1
    outer loop
      vertex -47.3304 -12.6821 -4.3
      vertex -50.1071 -11.8967 -4.3
      vertex -49.4238 -14.4753 -4.3
    endloop
  endfacet
  facet normal 0 0 1
    outer loop
      vertex -47.9292 -10.1877 -4.3
      vertex -50.6558 -9.28629 -4.3
      vertex -50.1071 -11.8967 -4.3
    endloop
  endfacet
  facet normal 0 0 1
    outer loop
      vertex -48.3967 -7.66528 -4.3
      vertex -51.0687 -6.65091 -4.3
      vertex -50.6558 -9.28629 -4.3
    endloop
  endfacet
  facet normal 0 0 1
    outer loop
      vertex -48.7316 -5.12189 -4.3
      vertex -51.3446 -3.9977 -4.3
      vertex -51.0687 -6.65091 -4.3
    endloop
  endfacet
  facet normal 0 0 1
    outer loop
      vertex -48.9328 -2.56445 -4.3
      vertex -51.4827 -1.33376 -4.3
      vertex -51.3446 -3.9977 -4.3
    endloop
  endfacet
  facet normal 0 -0 1
    outer loop
      vertex -49 0 -4.3
      vertex -48.9328 2.56445 -4.3
      vertex -51.4827 1.33376 -4.3
    endloop
  endfacet
  facet normal 0 -0 1
    outer loop
      vertex -48.9328 2.56445 -4.3
      vertex -48.7316 5.12189 -4.3
      vertex -51.3446 3.9977 -4.3
    endloop
  endfacet
  facet normal 0 -0 1
    outer loop
      vertex -48.7316 5.12189 -4.3
      vertex -48.3967 7.66528 -4.3
      vertex -51.0687 6.65091 -4.3
    endloop
  endfacet
  facet normal 0 -0 1
    outer loop
      vertex -48.3967 7.66528 -4.3
      vertex -47.9292 10.1877 -4.3
      vertex -50.6558 9.28629 -4.3
    endloop
  endfacet
  facet normal 0 0 1
    outer loop
      vertex -47.9292 10.1877 -4.3
      vertex -50.1071 11.8967 -4.3
      vertex -50.6558 9.28629 -4.3
    endloop
  endfacet
  facet normal 0 -0 1
    outer loop
      vertex -47.3304 12.6821 -4.3
      vertex -46.6018 15.1418 -4.3
      vertex -49.4238 14.4753 -4.3
    endloop
  endfacet
  facet normal 0 -0 1
    outer loop
      vertex -46.6018 15.1418 -4.3
      vertex -45.7454 17.56 -4.3
      vertex -48.608 17.015 -4.3
    endloop
  endfacet
  facet normal 0 -0 1
    outer loop
      vertex -45.7454 17.56 -4.3
      vertex -44.7637 19.9301 -4.3
      vertex -47.6618 19.509 -4.3
    endloop
  endfacet
  facet normal 0 0 1
    outer loop
      vertex -44.7637 19.9301 -4.3
      vertex -46.5877 21.9508 -4.3
      vertex -47.6618 19.509 -4.3
    endloop
  endfacet
  facet normal 0 0 1
    outer loop
      vertex -43.6593 22.2455 -4.3
      vertex -45.3886 24.3336 -4.3
      vertex -46.5877 21.9508 -4.3
    endloop
  endfacet
  facet normal 0 0 1
    outer loop
      vertex -42.4352 24.5 -4.3
      vertex -44.0677 26.6511 -4.3
      vertex -45.3886 24.3336 -4.3
    endloop
  endfacet
  facet normal 0 -0 1
    outer loop
      vertex -41.0948 26.6873 -4.3
      vertex -39.6418 28.8015 -4.3
      vertex -42.6287 28.8972 -4.3
    endloop
  endfacet
  facet normal 0 -0 1
    outer loop
      vertex -39.6418 28.8015 -4.3
      vertex -38.0801 30.8367 -4.3
      vertex -41.0752 31.0657 -4.3
    endloop
  endfacet
  facet normal 0 0 1
    outer loop
      vertex -38.0801 30.8367 -4.3
      vertex -39.4116 33.1508 -4.3
      vertex -41.0752 31.0657 -4.3
    endloop
  endfacet
  facet normal 0 -0 1
    outer loop
      vertex -36.4141 32.7874 -4.3
      vertex -34.6482 34.6482 -4.3
      vertex -37.6422 35.1471 -4.3
    endloop
  endfacet
  facet normal 0 0 1
    outer loop
      vertex -34.6482 34.6482 -4.3
      vertex -35.7718 37.049 -4.3
      vertex -37.6422 35.1471 -4.3
    endloop
  endfacet
  facet normal 0 -0 1
    outer loop
      vertex -32.7874 36.4141 -4.3
      vertex -30.8367 38.0801 -4.3
      vertex -33.8054 38.8515 -4.3
    endloop
  endfacet
  facet normal 0 -0 1
    outer loop
      vertex -30.8367 38.0801 -4.3
      vertex -28.8015 39.6418 -4.3
      vertex -31.7484 40.5498 -4.3
    endloop
  endfacet
  facet normal 0 0 1
    outer loop
      vertex -28.8015 39.6418 -4.3
      vertex -29.6062 42.1393 -4.3
      vertex -31.7484 40.5498 -4.3
    endloop
  endfacet
  facet normal 0 -0 1
    outer loop
      vertex -26.6873 41.0948 -4.3
      vertex -24.5 42.4352 -4.3
      vertex -27.3845 43.6158 -4.3
    endloop
  endfacet
  facet normal 0 0 1
    outer loop
      vertex -24.5 42.4352 -4.3
      vertex -25.0894 44.9752 -4.3
      vertex -27.3845 43.6158 -4.3
    endloop
  endfacet
  facet normal 0 -0 1
    outer loop
      vertex -22.2455 43.6593 -4.3
      vertex -19.9301 44.7637 -4.3
      vertex -22.727 46.214 -4.3
    endloop
  endfacet
  facet normal 0 -0 1
    outer loop
      vertex -19.9301 44.7637 -4.3
      vertex -17.56 45.7454 -4.3
      vertex -20.3036 47.3288 -4.3
    endloop
  endfacet
  facet normal 0 -0 1
    outer loop
      vertex -17.56 45.7454 -4.3
      vertex -15.1418 46.6018 -4.3
      vertex -17.8257 48.3166 -4.3
    endloop
  endfacet
  facet normal 0 0 1
    outer loop
      vertex -12.7332 49.901 -4.3
      vertex -15.3 49.1748 -4.3
      vertex -12.6821 47.3304 -4.3
    endloop
  endfacet
  facet normal 0 0 1
    outer loop
      vertex -2.14577 40.9438 -4.3
      vertex -4.28566 40.7754 -4.3
      vertex -3.63019 38.3285 -4.3
    endloop
  endfacet
  facet normal 0 0 1
    outer loop
      vertex 0 41 -4.3
      vertex -2.14577 40.9438 -4.3
      vertex -1.64072 38.465 -4.3
    endloop
  endfacet
  facet normal 0 0 1
    outer loop
      vertex 0 41 -4.3
      vertex -1.64072 38.465 -4.3
      vertex 0.353165 38.4984 -4.3
    endloop
  endfacet
  facet normal -0 0 1
    outer loop
      vertex 3.60962 38.3304 -4.3
      vertex 5.52657 38.1013 -4.3
      vertex 4.28566 40.7754 -4.3
    endloop
  endfacet
  facet normal 0 0 1
    outer loop
      vertex 2.25142 51.4354 -4.3
      vertex 0.472412 51.4978 -4.3
      vertex 0 49 -4.3
    endloop
  endfacet
  facet normal 0 0 1
    outer loop
      vertex 2.25142 51.4354 -4.3
      vertex 0 49 -4.3
      vertex 2.70581 51.4194 -4.3
    endloop
  endfacet
  facet normal 0 0 1
    outer loop
      vertex 2.70581 51.4194 -4.3
      vertex 5.12189 48.7316 -4.3
      vertex 3.13741 51.3897 -4.3
    endloop
  endfacet
  facet normal 0 0 1
    outer loop
      vertex 0 41 -4.3
      vertex 5.12189 48.7316 -4.3
      vertex 0 49 -4.3
    endloop
  endfacet
  facet normal 0 0 1
    outer loop
      vertex 5.52657 38.1013 -4.3
      vertex 7.11957 40.3771 -4.3
      vertex 5.70609 40.601 -4.3
    endloop
  endfacet
  facet normal 0 -0 1
    outer loop
      vertex 9.31398 37.3564 -4.3
      vertex 9.91879 39.7821 -4.3
      vertex 8.52437 40.104 -4.3
    endloop
  endfacet
  facet normal 0 0 1
    outer loop
      vertex 9.31398 37.3564 -4.3
      vertex 8.52437 40.104 -4.3
      vertex 7.42963 37.7763 -4.3
    endloop
  endfacet
  facet normal 0 0 1
    outer loop
      vertex 11.3011 39.4117 -4.3
      vertex 9.31398 37.3564 -4.3
      vertex 11.1749 36.8425 -4.3
    endloop
  endfacet
  facet normal -0 0 1
    outer loop
      vertex 18.3557 45.432 -4.3
      vertex 15.3589 38.0145 -4.3
      vertex 22.1662 46.4856 -4.3
    endloop
  endfacet
  facet normal 0 0 1
    outer loop
      vertex 12.6697 38.9933 -4.3
      vertex 13.0078 36.236 -4.3
      vertex 14.0228 38.5274 -4.3
    endloop
  endfacet
  facet normal 0 0 1
    outer loop
      vertex 13.0078 36.236 -4.3
      vertex 15.3589 38.0145 -4.3
      vertex 14.0228 38.5274 -4.3
    endloop
  endfacet
  facet normal 0 0 1
    outer loop
      vertex 9.93832 50.532 -4.3
      vertex 10.1877 47.9292 -4.3
      vertex 12.459 49.9702 -4.3
    endloop
  endfacet
  facet normal 0 -0 1
    outer loop
      vertex 13.5062 47.1018 -4.3
      vertex 14.9483 49.2828 -4.3
      vertex 12.459 49.9702 -4.3
    endloop
  endfacet
  facet normal 0 0 1
    outer loop
      vertex 15.3589 38.0145 -4.3
      vertex 14.8079 35.5384 -4.3
      vertex 16.5708 34.7514 -4.3
    endloop
  endfacet
  facet normal 0 0 1
    outer loop
      vertex 17.4 48.4715 -4.3
      vertex 18.3557 45.432 -4.3
      vertex 19.808 47.5383 -4.3
    endloop
  endfacet
  facet normal 0 -0 1
    outer loop
      vertex 16.5708 34.7514 -4.3
      vertex 22.1662 46.4856 -4.3
      vertex 15.3589 38.0145 -4.3
    endloop
  endfacet
  facet normal 0 -0 1
    outer loop
      vertex 5.52657 38.1013 -4.3
      vertex 5.70609 40.601 -4.3
      vertex 4.28566 40.7754 -4.3
    endloop
  endfacet
  facet normal 0 0 1
    outer loop
      vertex 2.25209 51.4507 -4.3
      vertex 2.25142 51.4354 -4.3
      vertex 2.70581 51.4194 -4.3
    endloop
  endfacet
  facet normal 0 0 1
    outer loop
      vertex 0.472412 51.4978 -4.3
      vertex -2.19472 51.4532 -4.3
      vertex 0 49 -4.3
    endloop
  endfacet
  facet normal 0 0 1
    outer loop
      vertex -2.19472 51.4532 -4.3
      vertex -4.85597 51.2705 -4.3
      vertex -2.56445 48.9328 -4.3
    endloop
  endfacet
  facet normal 0 0 1
    outer loop
      vertex 2.70581 51.4194 -4.3
      vertex 3.13741 51.3897 -4.3
      vertex 3.13829 51.4043 -4.3
    endloop
  endfacet
  facet normal 0 0 1
    outer loop
      vertex -4.85597 51.2705 -4.3
      vertex -7.50421 50.9503 -4.3
      vertex -5.12189 48.7316 -4.3
    endloop
  endfacet
  facet normal 0 0 1
    outer loop
      vertex -7.50421 50.9503 -4.3
      vertex -10.1323 50.4934 -4.3
      vertex -7.66528 48.3967 -4.3
    endloop
  endfacet
  facet normal 0 0 1
    outer loop
      vertex -10.1323 50.4934 -4.3
      vertex -12.7332 49.901 -4.3
      vertex -10.1877 47.9292 -4.3
    endloop
  endfacet
  facet normal 0 0 1
    outer loop
      vertex -6.4138 40.4952 -4.3
      vertex -8.52437 40.104 -4.3
      vertex -7.57463 37.7475 -4.3
    endloop
  endfacet
  facet normal -0 0 1
    outer loop
      vertex -17.8257 48.3166 -4.3
      vertex -15.1418 46.6018 -4.3
      vertex -15.3 49.1748 -4.3
    endloop
  endfacet
  facet normal -0 0 1
    outer loop
      vertex 5.52657 38.1013 -4.3
      vertex 7.42963 37.7763 -4.3
      vertex 7.11957 40.3771 -4.3
    endloop
  endfacet
  facet normal -0 0 1
    outer loop
      vertex -20.3036 47.3288 -4.3
      vertex -17.56 45.7454 -4.3
      vertex -17.8257 48.3166 -4.3
    endloop
  endfacet
  facet normal -0 0 1
    outer loop
      vertex -22.727 46.214 -4.3
      vertex -19.9301 44.7637 -4.3
      vertex -20.3036 47.3288 -4.3
    endloop
  endfacet
  facet normal -0 0 1
    outer loop
      vertex -25.0894 44.9752 -4.3
      vertex -22.2455 43.6593 -4.3
      vertex -22.727 46.214 -4.3
    endloop
  endfacet
  facet normal 0 -0 1
    outer loop
      vertex -24.5 42.4352 -4.3
      vertex -22.2455 43.6593 -4.3
      vertex -25.0894 44.9752 -4.3
    endloop
  endfacet
  facet normal -0 0 1
    outer loop
      vertex -29.6062 42.1393 -4.3
      vertex -26.6873 41.0948 -4.3
      vertex -27.3845 43.6158 -4.3
    endloop
  endfacet
  facet normal 0 -0 1
    outer loop
      vertex -28.8015 39.6418 -4.3
      vertex -26.6873 41.0948 -4.3
      vertex -29.6062 42.1393 -4.3
    endloop
  endfacet
  facet normal -0 0 1
    outer loop
      vertex -33.8054 38.8515 -4.3
      vertex -30.8367 38.0801 -4.3
      vertex -31.7484 40.5498 -4.3
    endloop
  endfacet
  facet normal -0 0 1
    outer loop
      vertex -35.7718 37.049 -4.3
      vertex -32.7874 36.4141 -4.3
      vertex -33.8054 38.8515 -4.3
    endloop
  endfacet
  facet normal 0 -0 1
    outer loop
      vertex -34.6482 34.6482 -4.3
      vertex -32.7874 36.4141 -4.3
      vertex -35.7718 37.049 -4.3
    endloop
  endfacet
  facet normal -0 0 1
    outer loop
      vertex -39.4116 33.1508 -4.3
      vertex -36.4141 32.7874 -4.3
      vertex -37.6422 35.1471 -4.3
    endloop
  endfacet
  facet normal 0 -0 1
    outer loop
      vertex -38.0801 30.8367 -4.3
      vertex -36.4141 32.7874 -4.3
      vertex -39.4116 33.1508 -4.3
    endloop
  endfacet
  facet normal -0 0 1
    outer loop
      vertex -42.6287 28.8972 -4.3
      vertex -39.6418 28.8015 -4.3
      vertex -41.0752 31.0657 -4.3
    endloop
  endfacet
  facet normal 0 0 1
    outer loop
      vertex -44.0677 26.6511 -4.3
      vertex -41.0948 26.6873 -4.3
      vertex -42.6287 28.8972 -4.3
    endloop
  endfacet
  facet normal 0 -0 1
    outer loop
      vertex -42.4352 24.5 -4.3
      vertex -41.0948 26.6873 -4.3
      vertex -44.0677 26.6511 -4.3
    endloop
  endfacet
  facet normal 0 -0 1
    outer loop
      vertex -43.6593 22.2455 -4.3
      vertex -42.4352 24.5 -4.3
      vertex -45.3886 24.3336 -4.3
    endloop
  endfacet
  facet normal 0 -0 1
    outer loop
      vertex -44.7637 19.9301 -4.3
      vertex -43.6593 22.2455 -4.3
      vertex -46.5877 21.9508 -4.3
    endloop
  endfacet
  facet normal 0 0 1
    outer loop
      vertex -48.608 17.015 -4.3
      vertex -45.7454 17.56 -4.3
      vertex -47.6618 19.509 -4.3
    endloop
  endfacet
  facet normal 0 0 1
    outer loop
      vertex -49.4238 14.4753 -4.3
      vertex -46.6018 15.1418 -4.3
      vertex -48.608 17.015 -4.3
    endloop
  endfacet
  facet normal 0 0 1
    outer loop
      vertex -50.1071 11.8967 -4.3
      vertex -47.3304 12.6821 -4.3
      vertex -49.4238 14.4753 -4.3
    endloop
  endfacet
  facet normal 0 -0 1
    outer loop
      vertex -47.9292 10.1877 -4.3
      vertex -47.3304 12.6821 -4.3
      vertex -50.1071 11.8967 -4.3
    endloop
  endfacet
  facet normal 0 0 1
    outer loop
      vertex -51.0687 6.65091 -4.3
      vertex -48.3967 7.66528 -4.3
      vertex -50.6558 9.28629 -4.3
    endloop
  endfacet
  facet normal 0 0 1
    outer loop
      vertex -51.3446 3.9977 -4.3
      vertex -48.7316 5.12189 -4.3
      vertex -51.0687 6.65091 -4.3
    endloop
  endfacet
  facet normal 0 0 1
    outer loop
      vertex -51.4827 1.33376 -4.3
      vertex -48.9328 2.56445 -4.3
      vertex -51.3446 3.9977 -4.3
    endloop
  endfacet
  facet normal 0 0 1
    outer loop
      vertex -51.4827 -1.33376 -4.3
      vertex -49 0 -4.3
      vertex -51.4827 1.33376 -4.3
    endloop
  endfacet
  facet normal 0 0 1
    outer loop
      vertex -48.9328 -2.56445 -4.3
      vertex -49 0 -4.3
      vertex -51.4827 -1.33376 -4.3
    endloop
  endfacet
  facet normal 0 0 1
    outer loop
      vertex -48.7316 -5.12189 -4.3
      vertex -48.9328 -2.56445 -4.3
      vertex -51.3446 -3.9977 -4.3
    endloop
  endfacet
  facet normal 0 0 1
    outer loop
      vertex -48.3967 -7.66528 -4.3
      vertex -48.7316 -5.12189 -4.3
      vertex -51.0687 -6.65091 -4.3
    endloop
  endfacet
  facet normal 0 0 1
    outer loop
      vertex -47.9292 -10.1877 -4.3
      vertex -48.3967 -7.66528 -4.3
      vertex -50.6558 -9.28629 -4.3
    endloop
  endfacet
  facet normal 0 0 1
    outer loop
      vertex -47.3304 -12.6821 -4.3
      vertex -47.9292 -10.1877 -4.3
      vertex -50.1071 -11.8967 -4.3
    endloop
  endfacet
  facet normal 0 -0 1
    outer loop
      vertex -48.608 -17.015 -4.3
      vertex -46.6018 -15.1418 -4.3
      vertex -49.4238 -14.4753 -4.3
    endloop
  endfacet
  facet normal 0 0 1
    outer loop
      vertex -45.7454 -17.56 -4.3
      vertex -46.6018 -15.1418 -4.3
      vertex -48.608 -17.015 -4.3
    endloop
  endfacet
  facet normal 0 0 1
    outer loop
      vertex -44.7637 -19.9301 -4.3
      vertex -45.7454 -17.56 -4.3
      vertex -47.6618 -19.509 -4.3
    endloop
  endfacet
  facet normal 0 0 1
    outer loop
      vertex -43.6593 -22.2455 -4.3
      vertex -44.7637 -19.9301 -4.3
      vertex -46.5877 -21.9508 -4.3
    endloop
  endfacet
  facet normal 0 -0 1
    outer loop
      vertex -44.0677 -26.6511 -4.3
      vertex -42.4352 -24.5 -4.3
      vertex -45.3886 -24.3336 -4.3
    endloop
  endfacet
  facet normal -0 0 1
    outer loop
      vertex -42.6287 -28.8972 -4.3
      vertex -41.0752 -31.0657 -4.3
      vertex -39.6418 -28.8015 -4.3
    endloop
  endfacet
  facet normal 0 0 1
    outer loop
      vertex -34.8277 -16.4098 -4.3
      vertex -36.5313 -18.6136 -4.3
      vertex -33.9313 -18.1911 -4.3
    endloop
  endfacet
  facet normal 0 -0 1
    outer loop
      vertex -39.4116 -33.1508 -4.3
      vertex -38.0801 -30.8367 -4.3
      vertex -41.0752 -31.0657 -4.3
    endloop
  endfacet
  facet normal 0 0 1
    outer loop
      vertex -36.4141 -32.7874 -4.3
      vertex -38.0801 -30.8367 -4.3
      vertex -39.4116 -33.1508 -4.3
    endloop
  endfacet
  facet normal 0 0 1
    outer loop
      vertex -36.4141 -32.7874 -4.3
      vertex -39.4116 -33.1508 -4.3
      vertex -37.6422 -35.1471 -4.3
    endloop
  endfacet
  facet normal 0 0 1
    outer loop
      vertex -33.1697 -24.0992 -4.3
      vertex -30.7067 -23.2238 -4.3
      vertex -31.868 -21.6027 -4.3
    endloop
  endfacet
  facet normal 0 0 1
    outer loop
      vertex -32.7874 -36.4141 -4.3
      vertex -33.8054 -38.8515 -4.3
      vertex -30.8367 -38.0801 -4.3
    endloop
  endfacet
  facet normal 0 0 1
    outer loop
      vertex -31.7484 -40.5498 -4.3
      vertex -28.8015 -39.6418 -4.3
      vertex -30.8367 -38.0801 -4.3
    endloop
  endfacet
  facet normal 0 0 1
    outer loop
      vertex -29.6062 -42.1393 -4.3
      vertex -26.6873 -41.0948 -4.3
      vertex -28.8015 -39.6418 -4.3
    endloop
  endfacet
  facet normal 0 0 1
    outer loop
      vertex -27.3845 -43.6158 -4.3
      vertex -24.5 -42.4352 -4.3
      vertex -26.6873 -41.0948 -4.3
    endloop
  endfacet
  facet normal 0 0 1
    outer loop
      vertex -23.7342 -30.3139 -4.3
      vertex -24.0992 -33.1697 -4.3
      vertex -22.1328 -31.5022 -4.3
    endloop
  endfacet
  facet normal 0 0 1
    outer loop
      vertex -22.2455 -43.6593 -4.3
      vertex -24.5 -42.4352 -4.3
      vertex -25.0894 -44.9752 -4.3
    endloop
  endfacet
  facet normal 0 0 1
    outer loop
      vertex -19.9301 -44.7637 -4.3
      vertex -22.2455 -43.6593 -4.3
      vertex -22.727 -46.214 -4.3
    endloop
  endfacet
  facet normal 0 0 1
    outer loop
      vertex -19.9301 -44.7637 -4.3
      vertex -22.727 -46.214 -4.3
      vertex -20.3036 -47.3288 -4.3
    endloop
  endfacet
  facet normal 0 0 1
    outer loop
      vertex -19.9301 -44.7637 -4.3
      vertex -20.3036 -47.3288 -4.3
      vertex -17.56 -45.7454 -4.3
    endloop
  endfacet
  facet normal 0 0 1
    outer loop
      vertex -17.56 -45.7454 -4.3
      vertex -17.8257 -48.3166 -4.3
      vertex -15.1418 -46.6018 -4.3
    endloop
  endfacet
  facet normal 0 0 1
    outer loop
      vertex -15.1418 -46.6018 -4.3
      vertex -15.3 -49.1748 -4.3
      vertex -12.6821 -47.3304 -4.3
    endloop
  endfacet
  facet normal 0 0 1
    outer loop
      vertex -12.6821 -47.3304 -4.3
      vertex -12.7332 -49.901 -4.3
      vertex -10.1877 -47.9292 -4.3
    endloop
  endfacet
  facet normal 0 -0 1
    outer loop
      vertex -10.1323 -50.4934 -4.3
      vertex -7.66528 -48.3967 -4.3
      vertex -10.1877 -47.9292 -4.3
    endloop
  endfacet
  facet normal 0 -0 1
    outer loop
      vertex -7.50421 -50.9503 -4.3
      vertex -5.12189 -48.7316 -4.3
      vertex -7.66528 -48.3967 -4.3
    endloop
  endfacet
  facet normal 0 -0 1
    outer loop
      vertex -4.85597 -51.2705 -4.3
      vertex -2.56445 -48.9328 -4.3
      vertex -5.12189 -48.7316 -4.3
    endloop
  endfacet
  facet normal 0 0 1
    outer loop
      vertex -9.51901 -37.3047 -4.3
      vertex -8.52437 -40.104 -4.3
      vertex -7.57463 -37.7475 -4.3
    endloop
  endfacet
  facet normal 0 0 1
    outer loop
      vertex -7.57463 -37.7475 -4.3
      vertex -6.4138 -40.4952 -4.3
      vertex -5.60994 -38.0891 -4.3
    endloop
  endfacet
  facet normal 0 0 1
    outer loop
      vertex 0 -49 -4.3
      vertex -2.19472 -51.4532 -4.3
      vertex 0.472412 -51.4978 -4.3
    endloop
  endfacet
  facet normal 0 0 1
    outer loop
      vertex 3.13829 -51.4043 -4.3
      vertex 0 -49 -4.3
      vertex 0.472412 -51.4978 -4.3
    endloop
  endfacet
  facet normal 0 -0 1
    outer loop
      vertex -4.28566 -40.7754 -4.3
      vertex -3.63019 -38.3285 -4.3
      vertex -5.60994 -38.0891 -4.3
    endloop
  endfacet
  facet normal 0 0 1
    outer loop
      vertex -2.19472 -51.4532 -4.3
      vertex -2.56445 -48.9328 -4.3
      vertex -4.85597 -51.2705 -4.3
    endloop
  endfacet
  facet normal -0 0 1
    outer loop
      vertex -2.14577 -40.9438 -4.3
      vertex 0 -41 -4.3
      vertex -1.64072 -38.465 -4.3
    endloop
  endfacet
  facet normal 0 0 1
    outer loop
      vertex -4.85597 -51.2705 -4.3
      vertex -5.12189 -48.7316 -4.3
      vertex -7.50421 -50.9503 -4.3
    endloop
  endfacet
  facet normal -0 0 1
    outer loop
      vertex -4.28566 -40.7754 -4.3
      vertex -2.14577 -40.9438 -4.3
      vertex -3.63019 -38.3285 -4.3
    endloop
  endfacet
  facet normal 0 0 1
    outer loop
      vertex -7.50421 -50.9503 -4.3
      vertex -7.66528 -48.3967 -4.3
      vertex -10.1323 -50.4934 -4.3
    endloop
  endfacet
  facet normal -0 0 1
    outer loop
      vertex -6.4138 -40.4952 -4.3
      vertex -4.28566 -40.7754 -4.3
      vertex -5.60994 -38.0891 -4.3
    endloop
  endfacet
  facet normal 0 0 1
    outer loop
      vertex -10.1323 -50.4934 -4.3
      vertex -10.1877 -47.9292 -4.3
      vertex -12.7332 -49.901 -4.3
    endloop
  endfacet
  facet normal -0 0 1
    outer loop
      vertex -8.52437 -40.104 -4.3
      vertex -6.4138 -40.4952 -4.3
      vertex -7.57463 -37.7475 -4.3
    endloop
  endfacet
  facet normal 0 0 1
    outer loop
      vertex -13.326 -36.1202 -4.3
      vertex -15.1784 -35.3817 -4.3
      vertex -14.6931 -38.2768 -4.3
    endloop
  endfacet
  facet normal -0 0 1
    outer loop
      vertex -15.3 -49.1748 -4.3
      vertex -12.7332 -49.901 -4.3
      vertex -12.6821 -47.3304 -4.3
    endloop
  endfacet
  facet normal 0 0 1
    outer loop
      vertex -15.1784 -35.3817 -4.3
      vertex -16.9901 -34.5483 -4.3
      vertex -16.6762 -37.4554 -4.3
    endloop
  endfacet
  facet normal -0 0 1
    outer loop
      vertex -17.8257 -48.3166 -4.3
      vertex -15.3 -49.1748 -4.3
      vertex -15.1418 -46.6018 -4.3
    endloop
  endfacet
  facet normal 0 0 1
    outer loop
      vertex -16.9901 -34.5483 -4.3
      vertex -18.7561 -33.6223 -4.3
      vertex -18.6136 -36.5313 -4.3
    endloop
  endfacet
  facet normal -0 0 1
    outer loop
      vertex -20.3036 -47.3288 -4.3
      vertex -17.8257 -48.3166 -4.3
      vertex -17.56 -45.7454 -4.3
    endloop
  endfacet
  facet normal 0 0 1
    outer loop
      vertex -20.5 -35.507 -4.3
      vertex -18.7561 -33.6223 -4.3
      vertex -20.4719 -32.606 -4.3
    endloop
  endfacet
  facet normal 0 0 1
    outer loop
      vertex -22.3302 -34.3855 -4.3
      vertex -20.4719 -32.606 -4.3
      vertex -22.1328 -31.5022 -4.3
    endloop
  endfacet
  facet normal 0 -0 1
    outer loop
      vertex -25.0894 -44.9752 -4.3
      vertex -24.5 -42.4352 -4.3
      vertex -27.3845 -43.6158 -4.3
    endloop
  endfacet
  facet normal -0 0 1
    outer loop
      vertex -20.5 -35.507 -4.3
      vertex -18.6136 -36.5313 -4.3
      vertex -18.7561 -33.6223 -4.3
    endloop
  endfacet
  facet normal 0 -0 1
    outer loop
      vertex -27.3845 -43.6158 -4.3
      vertex -26.6873 -41.0948 -4.3
      vertex -29.6062 -42.1393 -4.3
    endloop
  endfacet
  facet normal -0 0 1
    outer loop
      vertex -22.3302 -34.3855 -4.3
      vertex -20.5 -35.507 -4.3
      vertex -20.4719 -32.606 -4.3
    endloop
  endfacet
  facet normal 0 -0 1
    outer loop
      vertex -29.6062 -42.1393 -4.3
      vertex -28.8015 -39.6418 -4.3
      vertex -31.7484 -40.5498 -4.3
    endloop
  endfacet
  facet normal -0 0 1
    outer loop
      vertex -24.0992 -33.1697 -4.3
      vertex -22.3302 -34.3855 -4.3
      vertex -22.1328 -31.5022 -4.3
    endloop
  endfacet
  facet normal 0 -0 1
    outer loop
      vertex -31.7484 -40.5498 -4.3
      vertex -30.8367 -38.0801 -4.3
      vertex -33.8054 -38.8515 -4.3
    endloop
  endfacet
  facet normal -0 0 1
    outer loop
      vertex -25.8021 -31.863 -4.3
      vertex -24.0992 -33.1697 -4.3
      vertex -23.7342 -30.3139 -4.3
    endloop
  endfacet
  facet normal 0 0 1
    outer loop
      vertex -28.1403 -26.275 -4.3
      vertex -29.463 -24.7827 -4.3
      vertex -30.4689 -27.4343 -4.3
    endloop
  endfacet
  facet normal -0 0 1
    outer loop
      vertex -35.7718 -37.049 -4.3
      vertex -33.8054 -38.8515 -4.3
      vertex -32.7874 -36.4141 -4.3
    endloop
  endfacet
  facet normal 0 0 1
    outer loop
      vertex -29.463 -24.7827 -4.3
      vertex -30.7067 -23.2238 -4.3
      vertex -31.863 -25.8021 -4.3
    endloop
  endfacet
  facet normal -0 0 1
    outer loop
      vertex -37.6422 -35.1471 -4.3
      vertex -35.7718 -37.049 -4.3
      vertex -34.6482 -34.6482 -4.3
    endloop
  endfacet
  facet normal 0 0 1
    outer loop
      vertex -34.3855 -22.3302 -4.3
      vertex -31.868 -21.6027 -4.3
      vertex -32.9438 -19.9236 -4.3
    endloop
  endfacet
  facet normal 0 0 1
    outer loop
      vertex -35.507 -20.5 -4.3
      vertex -32.9438 -19.9236 -4.3
      vertex -33.9313 -18.1911 -4.3
    endloop
  endfacet
  facet normal 0 0 1
    outer loop
      vertex -42.6287 -28.8972 -4.3
      vertex -39.6418 -28.8015 -4.3
      vertex -41.0948 -26.6873 -4.3
    endloop
  endfacet
  facet normal -0 0 1
    outer loop
      vertex -33.1697 -24.0992 -4.3
      vertex -31.863 -25.8021 -4.3
      vertex -30.7067 -23.2238 -4.3
    endloop
  endfacet
  facet normal -0 0 1
    outer loop
      vertex -44.0677 -26.6511 -4.3
      vertex -41.0948 -26.6873 -4.3
      vertex -42.4352 -24.5 -4.3
    endloop
  endfacet
  facet normal -0 0 1
    outer loop
      vertex -34.3855 -22.3302 -4.3
      vertex -33.1697 -24.0992 -4.3
      vertex -31.868 -21.6027 -4.3
    endloop
  endfacet
  facet normal 0 0 1
    outer loop
      vertex -38.2768 -14.6931 -4.3
      vertex -35.6307 -14.5844 -4.3
      vertex -36.338 -12.7199 -4.3
    endloop
  endfacet
  facet normal -0 0 1
    outer loop
      vertex -38.9933 -12.6697 -4.3
      vertex -36.338 -12.7199 -4.3
      vertex -36.9479 -10.8213 -4.3
    endloop
  endfacet
  facet normal -0 0 1
    outer loop
      vertex -39.603 -10.6116 -4.3
      vertex -36.9479 -10.8213 -4.3
      vertex -37.4587 -8.89368 -4.3
    endloop
  endfacet
  facet normal -0 0 1
    outer loop
      vertex -40.104 -8.52437 -4.3
      vertex -37.4587 -8.89368 -4.3
      vertex -37.8689 -6.94217 -4.3
    endloop
  endfacet
  facet normal -0 0 1
    outer loop
      vertex -40.4952 -6.4138 -4.3
      vertex -37.8689 -6.94217 -4.3
      vertex -38.1776 -4.97203 -4.3
    endloop
  endfacet
  facet normal -0 0 1
    outer loop
      vertex -40.7754 -4.28566 -4.3
      vertex -38.1776 -4.97203 -4.3
      vertex -38.3838 -2.98857 -4.3
    endloop
  endfacet
  facet normal -0 0 1
    outer loop
      vertex -40.9438 -2.14577 -4.3
      vertex -38.3838 -2.98857 -4.3
      vertex -38.4871 -0.99707 -4.3
    endloop
  endfacet
  facet normal -0 0 1
    outer loop
      vertex -41 0 -4.3
      vertex -38.4871 -0.99707 -4.3
      vertex -38.4871 0.99707 -4.3
    endloop
  endfacet
  facet normal -0 0 1
    outer loop
      vertex -40.9438 2.14577 -4.3
      vertex -38.4871 0.99707 -4.3
      vertex -38.3838 2.98857 -4.3
    endloop
  endfacet
  facet normal -0 0 1
    outer loop
      vertex -40.7754 4.28566 -4.3
      vertex -38.3838 2.98857 -4.3
      vertex -38.1776 4.97203 -4.3
    endloop
  endfacet
  facet normal -0 0 1
    outer loop
      vertex -40.4952 6.4138 -4.3
      vertex -38.1776 4.97203 -4.3
      vertex -37.8689 6.94217 -4.3
    endloop
  endfacet
  facet normal -0 0 1
    outer loop
      vertex -40.104 8.52437 -4.3
      vertex -37.8689 6.94217 -4.3
      vertex -37.4587 8.89368 -4.3
    endloop
  endfacet
  facet normal -0 0 1
    outer loop
      vertex -39.603 10.6116 -4.3
      vertex -37.4587 8.89368 -4.3
      vertex -36.9479 10.8213 -4.3
    endloop
  endfacet
  facet normal -0 0 1
    outer loop
      vertex -38.9933 12.6697 -4.3
      vertex -36.9479 10.8213 -4.3
      vertex -36.338 12.7199 -4.3
    endloop
  endfacet
  facet normal 0 0 1
    outer loop
      vertex -38.9933 12.6697 -4.3
      vertex -36.338 12.7199 -4.3
      vertex -38.2768 14.6931 -4.3
    endloop
  endfacet
  facet normal -0 0 1
    outer loop
      vertex -38.2768 14.6931 -4.3
      vertex -35.6307 14.5844 -4.3
      vertex -37.4554 16.6762 -4.3
    endloop
  endfacet
  facet normal -0 0 1
    outer loop
      vertex -37.4554 16.6762 -4.3
      vertex -34.8277 16.4098 -4.3
      vertex -36.5313 18.6136 -4.3
    endloop
  endfacet
  facet normal -0 0 1
    outer loop
      vertex -36.5313 18.6136 -4.3
      vertex -33.9313 18.1911 -4.3
      vertex -35.507 20.5 -4.3
    endloop
  endfacet
  facet normal -0 0 1
    outer loop
      vertex -35.507 20.5 -4.3
      vertex -32.9438 19.9236 -4.3
      vertex -34.3855 22.3302 -4.3
    endloop
  endfacet
  facet normal -0 0 1
    outer loop
      vertex -34.3855 22.3302 -4.3
      vertex -31.868 21.6027 -4.3
      vertex -33.1697 24.0992 -4.3
    endloop
  endfacet
  facet normal -0 0 1
    outer loop
      vertex -33.1697 24.0992 -4.3
      vertex -30.7067 23.2238 -4.3
      vertex -31.863 25.8021 -4.3
    endloop
  endfacet
  facet normal -0 0 1
    outer loop
      vertex -31.863 25.8021 -4.3
      vertex -29.463 24.7827 -4.3
      vertex -30.4689 27.4343 -4.3
    endloop
  endfacet
  facet normal -0 0 1
    outer loop
      vertex -30.4689 27.4343 -4.3
      vertex -28.1403 26.275 -4.3
      vertex -28.9914 28.9914 -4.3
    endloop
  endfacet
  facet normal -0 0 1
    outer loop
      vertex -28.9914 28.9914 -4.3
      vertex -26.742 27.6968 -4.3
      vertex -27.4343 30.4689 -4.3
    endloop
  endfacet
  facet normal -0 0 1
    outer loop
      vertex -27.4343 30.4689 -4.3
      vertex -25.272 29.0443 -4.3
      vertex -25.8021 31.863 -4.3
    endloop
  endfacet
  facet normal -0 0 1
    outer loop
      vertex -25.8021 31.863 -4.3
      vertex -23.7342 30.3139 -4.3
      vertex -24.0992 33.1697 -4.3
    endloop
  endfacet
  facet normal -0 0 1
    outer loop
      vertex -24.0992 33.1697 -4.3
      vertex -22.1328 31.5022 -4.3
      vertex -22.3302 34.3855 -4.3
    endloop
  endfacet
  facet normal -0 0 1
    outer loop
      vertex -22.3302 34.3855 -4.3
      vertex -20.4719 32.606 -4.3
      vertex -20.5 35.507 -4.3
    endloop
  endfacet
  facet normal -0 0 1
    outer loop
      vertex -20.5 35.507 -4.3
      vertex -18.7561 33.6223 -4.3
      vertex -18.6136 36.5313 -4.3
    endloop
  endfacet
  facet normal -0 0 1
    outer loop
      vertex -18.6136 36.5313 -4.3
      vertex -16.9901 34.5483 -4.3
      vertex -16.6762 37.4554 -4.3
    endloop
  endfacet
  facet normal -0 0 1
    outer loop
      vertex -16.6762 37.4554 -4.3
      vertex -15.1784 35.3817 -4.3
      vertex -14.6931 38.2768 -4.3
    endloop
  endfacet
  facet normal -0 0 1
    outer loop
      vertex -14.6931 38.2768 -4.3
      vertex -13.326 36.1202 -4.3
      vertex -12.6697 38.9933 -4.3
    endloop
  endfacet
  facet normal -0 0 1
    outer loop
      vertex -12.6697 38.9933 -4.3
      vertex -11.4378 36.7617 -4.3
      vertex -10.6116 39.603 -4.3
    endloop
  endfacet
  facet normal -0 0 1
    outer loop
      vertex -10.6116 39.603 -4.3
      vertex -9.51901 37.3047 -4.3
      vertex -8.52437 40.104 -4.3
    endloop
  endfacet
  facet normal 0 0 1
    outer loop
      vertex -15.3 49.1748 -4.3
      vertex -15.1418 46.6018 -4.3
      vertex -12.6821 47.3304 -4.3
    endloop
  endfacet
  facet normal 0 0 1
    outer loop
      vertex -12.6697 38.9933 -4.3
      vertex -13.326 36.1202 -4.3
      vertex -11.4378 36.7617 -4.3
    endloop
  endfacet
  facet normal 0 -0 1
    outer loop
      vertex -5.60994 38.0891 -4.3
      vertex -4.28566 40.7754 -4.3
      vertex -6.4138 40.4952 -4.3
    endloop
  endfacet
  facet normal 0 0 1
    outer loop
      vertex -10.1877 47.9292 -4.3
      vertex -12.7332 49.901 -4.3
      vertex -12.6821 47.3304 -4.3
    endloop
  endfacet
  facet normal 0 0 1
    outer loop
      vertex -10.1323 50.4934 -4.3
      vertex -10.1877 47.9292 -4.3
      vertex -7.66528 48.3967 -4.3
    endloop
  endfacet
  facet normal 0 0 1
    outer loop
      vertex -8.52437 40.104 -4.3
      vertex -9.51901 37.3047 -4.3
      vertex -7.57463 37.7475 -4.3
    endloop
  endfacet
  facet normal 0 0 1
    outer loop
      vertex -7.50421 50.9503 -4.3
      vertex -7.66528 48.3967 -4.3
      vertex -5.12189 48.7316 -4.3
    endloop
  endfacet
  facet normal 0 0 1
    outer loop
      vertex -6.4138 40.4952 -4.3
      vertex -7.57463 37.7475 -4.3
      vertex -5.60994 38.0891 -4.3
    endloop
  endfacet
  facet normal 0 0 1
    outer loop
      vertex -4.85597 51.2705 -4.3
      vertex -5.12189 48.7316 -4.3
      vertex -2.56445 48.9328 -4.3
    endloop
  endfacet
  facet normal 0 0 1
    outer loop
      vertex -4.28566 40.7754 -4.3
      vertex -5.60994 38.0891 -4.3
      vertex -3.63019 38.3285 -4.3
    endloop
  endfacet
  facet normal 0 0 1
    outer loop
      vertex -2.19472 51.4532 -4.3
      vertex -2.56445 48.9328 -4.3
      vertex 0 49 -4.3
    endloop
  endfacet
  facet normal 0 0 1
    outer loop
      vertex -2.14577 40.9438 -4.3
      vertex -3.63019 38.3285 -4.3
      vertex -1.64072 38.465 -4.3
    endloop
  endfacet
  facet normal 0 0 1
    outer loop
      vertex 2.70581 51.4194 -4.3
      vertex 0 49 -4.3
      vertex 5.12189 48.7316 -4.3
    endloop
  endfacet
  facet normal 0 0 1
    outer loop
      vertex 2.02289 38.4398 -4.3
      vertex 0 41 -4.3
      vertex 0.353165 38.4984 -4.3
    endloop
  endfacet
  facet normal 0 0 1
    outer loop
      vertex -9.51901 37.3047 -4.3
      vertex -10.6116 39.603 -4.3
      vertex -11.4378 36.7617 -4.3
    endloop
  endfacet
  facet normal 0 0 1
    outer loop
      vertex -15.1784 35.3817 -4.3
      vertex -13.326 36.1202 -4.3
      vertex -14.6931 38.2768 -4.3
    endloop
  endfacet
  facet normal 0 0 1
    outer loop
      vertex -16.9901 34.5483 -4.3
      vertex -15.1784 35.3817 -4.3
      vertex -16.6762 37.4554 -4.3
    endloop
  endfacet
  facet normal 0 0 1
    outer loop
      vertex -18.7561 33.6223 -4.3
      vertex -16.9901 34.5483 -4.3
      vertex -18.6136 36.5313 -4.3
    endloop
  endfacet
  facet normal 0 -0 1
    outer loop
      vertex -20.4719 32.606 -4.3
      vertex -18.7561 33.6223 -4.3
      vertex -20.5 35.507 -4.3
    endloop
  endfacet
  facet normal 0 -0 1
    outer loop
      vertex -22.1328 31.5022 -4.3
      vertex -20.4719 32.606 -4.3
      vertex -22.3302 34.3855 -4.3
    endloop
  endfacet
  facet normal 0 -0 1
    outer loop
      vertex -23.7342 30.3139 -4.3
      vertex -22.1328 31.5022 -4.3
      vertex -24.0992 33.1697 -4.3
    endloop
  endfacet
  facet normal 0 -0 1
    outer loop
      vertex -25.272 29.0443 -4.3
      vertex -23.7342 30.3139 -4.3
      vertex -25.8021 31.863 -4.3
    endloop
  endfacet
  facet normal 0 -0 1
    outer loop
      vertex -26.742 27.6968 -4.3
      vertex -25.272 29.0443 -4.3
      vertex -27.4343 30.4689 -4.3
    endloop
  endfacet
  facet normal 0 -0 1
    outer loop
      vertex -28.1403 26.275 -4.3
      vertex -26.742 27.6968 -4.3
      vertex -28.9914 28.9914 -4.3
    endloop
  endfacet
  facet normal 0 -0 1
    outer loop
      vertex -29.463 24.7827 -4.3
      vertex -28.1403 26.275 -4.3
      vertex -30.4689 27.4343 -4.3
    endloop
  endfacet
  facet normal 0 -0 1
    outer loop
      vertex -30.7067 23.2238 -4.3
      vertex -29.463 24.7827 -4.3
      vertex -31.863 25.8021 -4.3
    endloop
  endfacet
  facet normal 0 -0 1
    outer loop
      vertex -31.868 21.6027 -4.3
      vertex -30.7067 23.2238 -4.3
      vertex -33.1697 24.0992 -4.3
    endloop
  endfacet
  facet normal 0 -0 1
    outer loop
      vertex -32.9438 19.9236 -4.3
      vertex -31.868 21.6027 -4.3
      vertex -34.3855 22.3302 -4.3
    endloop
  endfacet
  facet normal 0 -0 1
    outer loop
      vertex -33.9313 18.1911 -4.3
      vertex -32.9438 19.9236 -4.3
      vertex -35.507 20.5 -4.3
    endloop
  endfacet
  facet normal 0 -0 1
    outer loop
      vertex -34.8277 16.4098 -4.3
      vertex -33.9313 18.1911 -4.3
      vertex -36.5313 18.6136 -4.3
    endloop
  endfacet
  facet normal 0 -0 1
    outer loop
      vertex -35.6307 14.5844 -4.3
      vertex -34.8277 16.4098 -4.3
      vertex -37.4554 16.6762 -4.3
    endloop
  endfacet
  facet normal 0 -0 1
    outer loop
      vertex -36.338 12.7199 -4.3
      vertex -35.6307 14.5844 -4.3
      vertex -38.2768 14.6931 -4.3
    endloop
  endfacet
  facet normal 0 0 1
    outer loop
      vertex -39.603 10.6116 -4.3
      vertex -36.9479 10.8213 -4.3
      vertex -38.9933 12.6697 -4.3
    endloop
  endfacet
  facet normal 0 0 1
    outer loop
      vertex -40.104 8.52437 -4.3
      vertex -37.4587 8.89368 -4.3
      vertex -39.603 10.6116 -4.3
    endloop
  endfacet
  facet normal 0 0 1
    outer loop
      vertex -40.4952 6.4138 -4.3
      vertex -37.8689 6.94217 -4.3
      vertex -40.104 8.52437 -4.3
    endloop
  endfacet
  facet normal 0 0 1
    outer loop
      vertex -40.7754 4.28566 -4.3
      vertex -38.1776 4.97203 -4.3
      vertex -40.4952 6.4138 -4.3
    endloop
  endfacet
  facet normal 0 0 1
    outer loop
      vertex -40.9438 2.14577 -4.3
      vertex -38.3838 2.98857 -4.3
      vertex -40.7754 4.28566 -4.3
    endloop
  endfacet
  facet normal 0 0 1
    outer loop
      vertex -41 0 -4.3
      vertex -38.4871 0.99707 -4.3
      vertex -40.9438 2.14577 -4.3
    endloop
  endfacet
  facet normal 0 -0 1
    outer loop
      vertex -40.9438 -2.14577 -4.3
      vertex -38.4871 -0.99707 -4.3
      vertex -41 0 -4.3
    endloop
  endfacet
  facet normal 0 -0 1
    outer loop
      vertex -40.7754 -4.28566 -4.3
      vertex -38.3838 -2.98857 -4.3
      vertex -40.9438 -2.14577 -4.3
    endloop
  endfacet
  facet normal 0 -0 1
    outer loop
      vertex -40.4952 -6.4138 -4.3
      vertex -38.1776 -4.97203 -4.3
      vertex -40.7754 -4.28566 -4.3
    endloop
  endfacet
  facet normal 0 -0 1
    outer loop
      vertex -40.104 -8.52437 -4.3
      vertex -37.8689 -6.94217 -4.3
      vertex -40.4952 -6.4138 -4.3
    endloop
  endfacet
  facet normal 0 -0 1
    outer loop
      vertex -39.603 -10.6116 -4.3
      vertex -37.4587 -8.89368 -4.3
      vertex -40.104 -8.52437 -4.3
    endloop
  endfacet
  facet normal 0 -0 1
    outer loop
      vertex -38.9933 -12.6697 -4.3
      vertex -36.9479 -10.8213 -4.3
      vertex -39.603 -10.6116 -4.3
    endloop
  endfacet
  facet normal 0 -0 1
    outer loop
      vertex -38.2768 -14.6931 -4.3
      vertex -36.338 -12.7199 -4.3
      vertex -38.9933 -12.6697 -4.3
    endloop
  endfacet
  facet normal 0 -0 1
    outer loop
      vertex -37.4554 -16.6762 -4.3
      vertex -35.6307 -14.5844 -4.3
      vertex -38.2768 -14.6931 -4.3
    endloop
  endfacet
  facet normal 0 -0 1
    outer loop
      vertex -36.5313 -18.6136 -4.3
      vertex -34.8277 -16.4098 -4.3
      vertex -37.4554 -16.6762 -4.3
    endloop
  endfacet
  facet normal 0 -0 1
    outer loop
      vertex -35.507 -20.5 -4.3
      vertex -33.9313 -18.1911 -4.3
      vertex -36.5313 -18.6136 -4.3
    endloop
  endfacet
  facet normal 0 -0 1
    outer loop
      vertex -34.3855 -22.3302 -4.3
      vertex -32.9438 -19.9236 -4.3
      vertex -35.507 -20.5 -4.3
    endloop
  endfacet
  facet normal 0 -0 1
    outer loop
      vertex -30.4689 -27.4343 -4.3
      vertex -29.463 -24.7827 -4.3
      vertex -31.863 -25.8021 -4.3
    endloop
  endfacet
  facet normal 0 -0 1
    outer loop
      vertex -28.9914 -28.9914 -4.3
      vertex -28.1403 -26.275 -4.3
      vertex -30.4689 -27.4343 -4.3
    endloop
  endfacet
  facet normal 0 0 1
    outer loop
      vertex -26.742 -27.6968 -4.3
      vertex -28.9914 -28.9914 -4.3
      vertex -27.4343 -30.4689 -4.3
    endloop
  endfacet
  facet normal 0 0 1
    outer loop
      vertex -25.272 -29.0443 -4.3
      vertex -27.4343 -30.4689 -4.3
      vertex -25.8021 -31.863 -4.3
    endloop
  endfacet
  facet normal 0 0 1
    outer loop
      vertex -16.6762 -37.4554 -4.3
      vertex -16.9901 -34.5483 -4.3
      vertex -18.6136 -36.5313 -4.3
    endloop
  endfacet
  facet normal 0 0 1
    outer loop
      vertex -14.6931 -38.2768 -4.3
      vertex -15.1784 -35.3817 -4.3
      vertex -16.6762 -37.4554 -4.3
    endloop
  endfacet
  facet normal 0 0 1
    outer loop
      vertex -13.326 -36.1202 -4.3
      vertex -14.6931 -38.2768 -4.3
      vertex -12.6697 -38.9933 -4.3
    endloop
  endfacet
  facet normal 0 0 1
    outer loop
      vertex -11.4378 -36.7617 -4.3
      vertex -12.6697 -38.9933 -4.3
      vertex -10.6116 -39.603 -4.3
    endloop
  endfacet
  facet normal 0 0 1
    outer loop
      vertex -9.51901 -37.3047 -4.3
      vertex -10.6116 -39.603 -4.3
      vertex -8.52437 -40.104 -4.3
    endloop
  endfacet
  facet normal 0 0 1
    outer loop
      vertex 0 -41 -4.3
      vertex 2.3461 -38.4284 -4.3
      vertex 0.353165 -38.4984 -4.3
    endloop
  endfacet
  facet normal -0 0 1
    outer loop
      vertex 0 -49 -4.3
      vertex 3.13829 -51.4043 -4.3
      vertex 0 -41 -4.3
    endloop
  endfacet
  facet normal 0 0 1
    outer loop
      vertex 17.4 48.4715 -4.3
      vertex 14.9483 49.2828 -4.3
      vertex 15.1418 46.6018 -4.3
    endloop
  endfacet
  facet normal -0 0 1
    outer loop
      vertex 13.0078 36.236 -4.3
      vertex 14.8079 35.5384 -4.3
      vertex 15.3589 38.0145 -4.3
    endloop
  endfacet
  facet normal 0 0 1
    outer loop
      vertex 12.6697 38.9933 -4.3
      vertex 11.1749 36.8425 -4.3
      vertex 13.0078 36.236 -4.3
    endloop
  endfacet
  facet normal 0 0 1
    outer loop
      vertex 9.93832 50.532 -4.3
      vertex 7.39268 50.9666 -4.3
      vertex 8.50876 48.2556 -4.3
    endloop
  endfacet
  facet normal 0 0 1
    outer loop
      vertex 11.3011 39.4117 -4.3
      vertex 11.1749 36.8425 -4.3
      vertex 12.6697 38.9933 -4.3
    endloop
  endfacet
  facet normal 0 -0 1
    outer loop
      vertex 6.81947 48.5231 -4.3
      vertex 7.39268 50.9666 -4.3
      vertex 5.12189 48.7316 -4.3
    endloop
  endfacet
  facet normal 0 0 1
    outer loop
      vertex 8.52437 40.104 -4.3
      vertex 7.11957 40.3771 -4.3
      vertex 7.42963 37.7763 -4.3
    endloop
  endfacet
  facet normal 0 0 1
    outer loop
      vertex 5.12189 48.7316 -4.3
      vertex 4.82846 51.2731 -4.3
      vertex 3.13741 51.3897 -4.3
    endloop
  endfacet
  facet normal 0 -0 1
    outer loop
      vertex 3.60962 38.3304 -4.3
      vertex 4.28566 40.7754 -4.3
      vertex 2.02289 38.4398 -4.3
    endloop
  endfacet
  facet normal 0 0 1
    outer loop
      vertex 4.28566 40.7754 -4.3
      vertex 0 41 -4.3
      vertex 2.02289 38.4398 -4.3
    endloop
  endfacet
  facet normal 0 0 1
    outer loop
      vertex 5.12189 48.7316 -4.3
      vertex 0 41 -4.3
      vertex 4.28566 40.7754 -4.3
    endloop
  endfacet
  facet normal 0 0 1
    outer loop
      vertex 7.39268 50.9666 -4.3
      vertex 4.82846 51.2731 -4.3
      vertex 5.12189 48.7316 -4.3
    endloop
  endfacet
  facet normal 0 0 1
    outer loop
      vertex 8.50876 48.2556 -4.3
      vertex 7.39268 50.9666 -4.3
      vertex 6.81947 48.5231 -4.3
    endloop
  endfacet
  facet normal 0 0 1
    outer loop
      vertex 10.1877 47.9292 -4.3
      vertex 9.93832 50.532 -4.3
      vertex 8.50876 48.2556 -4.3
    endloop
  endfacet
  facet normal 0 -0 1
    outer loop
      vertex 11.8542 47.5445 -4.3
      vertex 12.459 49.9702 -4.3
      vertex 10.1877 47.9292 -4.3
    endloop
  endfacet
  facet normal 0 0 1
    outer loop
      vertex 13.5062 47.1018 -4.3
      vertex 12.459 49.9702 -4.3
      vertex 11.8542 47.5445 -4.3
    endloop
  endfacet
  facet normal 0 0 1
    outer loop
      vertex 14.9483 49.2828 -4.3
      vertex 13.5062 47.1018 -4.3
      vertex 15.1418 46.6018 -4.3
    endloop
  endfacet
  facet normal 0 0 1
    outer loop
      vertex 17.4 48.4715 -4.3
      vertex 15.1418 46.6018 -4.3
      vertex 16.759 46.0449 -4.3
    endloop
  endfacet
  facet normal 0 0 1
    outer loop
      vertex 17.4 48.4715 -4.3
      vertex 16.759 46.0449 -4.3
      vertex 18.3557 45.432 -4.3
    endloop
  endfacet
  facet normal 0 0 1
    outer loop
      vertex 19.808 47.5383 -4.3
      vertex 18.3557 45.432 -4.3
      vertex 22.1662 46.4856 -4.3
    endloop
  endfacet
  facet normal 0.998142 0.0609374 0
    outer loop
      vertex 2.3461 -38.4284 -6.5
      vertex 3.13829 -51.4043 -4.3
      vertex 3.13829 -51.4043 -6.5
    endloop
  endfacet
  facet normal 0.998142 0.0609374 -0
    outer loop
      vertex 2.3461 -38.4284 -6.5
      vertex 2.3461 -38.4284 -4.3
      vertex 3.13829 -51.4043 -4.3
    endloop
  endfacet
  facet normal -0.0351024 0.999384 0
    outer loop
      vertex 0.353165 -38.4984 -6.5
      vertex 2.3461 -38.4284 -4.3
      vertex 2.3461 -38.4284 -6.5
    endloop
  endfacet
  facet normal -0.0351024 0.999384 0
    outer loop
      vertex 0.353165 -38.4984 -6.5
      vertex 0.353165 -38.4984 -4.3
      vertex 2.3461 -38.4284 -4.3
    endloop
  endfacet
  facet normal 0.0167489 0.99986 0
    outer loop
      vertex -1.64072 -38.465 -6.5
      vertex 0.353165 -38.4984 -4.3
      vertex 0.353165 -38.4984 -6.5
    endloop
  endfacet
  facet normal 0.0167489 0.99986 -0
    outer loop
      vertex -1.64072 -38.465 -6.5
      vertex -1.64072 -38.465 -4.3
      vertex 0.353165 -38.4984 -4.3
    endloop
  endfacet
  facet normal 0.0684503 0.997655 0
    outer loop
      vertex -3.63019 -38.3285 -6.5
      vertex -1.64072 -38.465 -4.3
      vertex -1.64072 -38.465 -6.5
    endloop
  endfacet
  facet normal 0.0684503 0.997655 -0
    outer loop
      vertex -3.63019 -38.3285 -6.5
      vertex -3.63019 -38.3285 -4.3
      vertex -1.64072 -38.465 -4.3
    endloop
  endfacet
  facet normal 0.12005 0.992768 0
    outer loop
      vertex -5.60994 -38.0891 -6.5
      vertex -3.63019 -38.3285 -4.3
      vertex -3.63019 -38.3285 -6.5
    endloop
  endfacet
  facet normal 0.12005 0.992768 -0
    outer loop
      vertex -5.60994 -38.0891 -6.5
      vertex -5.60994 -38.0891 -4.3
      vertex -3.63019 -38.3285 -4.3
    endloop
  endfacet
  facet normal 0.1713 0.985219 0
    outer loop
      vertex -7.57463 -37.7475 -6.5
      vertex -5.60994 -38.0891 -4.3
      vertex -5.60994 -38.0891 -6.5
    endloop
  endfacet
  facet normal 0.1713 0.985219 -0
    outer loop
      vertex -7.57463 -37.7475 -6.5
      vertex -7.57463 -37.7475 -4.3
      vertex -5.60994 -38.0891 -4.3
    endloop
  endfacet
  facet normal 0.222048 0.975036 0
    outer loop
      vertex -9.51901 -37.3047 -6.5
      vertex -7.57463 -37.7475 -4.3
      vertex -7.57463 -37.7475 -6.5
    endloop
  endfacet
  facet normal 0.222048 0.975036 -0
    outer loop
      vertex -9.51901 -37.3047 -6.5
      vertex -9.51901 -37.3047 -4.3
      vertex -7.57463 -37.7475 -4.3
    endloop
  endfacet
  facet normal 0.272297 0.962213 0
    outer loop
      vertex -11.4378 -36.7617 -6.5
      vertex -9.51901 -37.3047 -4.3
      vertex -9.51901 -37.3047 -6.5
    endloop
  endfacet
  facet normal 0.272297 0.962213 -0
    outer loop
      vertex -11.4378 -36.7617 -6.5
      vertex -11.4378 -36.7617 -4.3
      vertex -9.51901 -37.3047 -4.3
    endloop
  endfacet
  facet normal 0.321683 0.946847 0
    outer loop
      vertex -13.326 -36.1202 -6.5
      vertex -11.4378 -36.7617 -4.3
      vertex -11.4378 -36.7617 -6.5
    endloop
  endfacet
  facet normal 0.321683 0.946847 -0
    outer loop
      vertex -13.326 -36.1202 -6.5
      vertex -13.326 -36.1202 -4.3
      vertex -11.4378 -36.7617 -4.3
    endloop
  endfacet
  facet normal 0.370327 0.928901 0
    outer loop
      vertex -15.1784 -35.3817 -6.5
      vertex -13.326 -36.1202 -4.3
      vertex -13.326 -36.1202 -6.5
    endloop
  endfacet
  facet normal 0.370327 0.928901 -0
    outer loop
      vertex -15.1784 -35.3817 -6.5
      vertex -15.1784 -35.3817 -4.3
      vertex -13.326 -36.1202 -4.3
    endloop
  endfacet
  facet normal 0.417913 0.908487 0
    outer loop
      vertex -16.9901 -34.5483 -6.5
      vertex -15.1784 -35.3817 -4.3
      vertex -15.1784 -35.3817 -6.5
    endloop
  endfacet
  facet normal 0.417913 0.908487 -0
    outer loop
      vertex -16.9901 -34.5483 -6.5
      vertex -16.9901 -34.5483 -4.3
      vertex -15.1784 -35.3817 -4.3
    endloop
  endfacet
  facet normal 0.464382 0.885635 0
    outer loop
      vertex -18.7561 -33.6223 -6.5
      vertex -16.9901 -34.5483 -4.3
      vertex -16.9901 -34.5483 -6.5
    endloop
  endfacet
  facet normal 0.464382 0.885635 -0
    outer loop
      vertex -18.7561 -33.6223 -6.5
      vertex -18.7561 -33.6223 -4.3
      vertex -16.9901 -34.5483 -4.3
    endloop
  endfacet
  facet normal 0.509628 0.860395 0
    outer loop
      vertex -20.4719 -32.606 -6.5
      vertex -18.7561 -33.6223 -4.3
      vertex -18.7561 -33.6223 -6.5
    endloop
  endfacet
  facet normal 0.509628 0.860395 -0
    outer loop
      vertex -20.4719 -32.606 -6.5
      vertex -20.4719 -32.606 -4.3
      vertex -18.7561 -33.6223 -4.3
    endloop
  endfacet
  facet normal 0.553496 0.832852 0
    outer loop
      vertex -22.1328 -31.5022 -6.5
      vertex -20.4719 -32.606 -4.3
      vertex -20.4719 -32.606 -6.5
    endloop
  endfacet
  facet normal 0.553496 0.832852 -0
    outer loop
      vertex -22.1328 -31.5022 -6.5
      vertex -22.1328 -31.5022 -4.3
      vertex -20.4719 -32.606 -4.3
    endloop
  endfacet
  facet normal 0.5959 0.803059 0
    outer loop
      vertex -23.7342 -30.3139 -6.5
      vertex -22.1328 -31.5022 -4.3
      vertex -22.1328 -31.5022 -6.5
    endloop
  endfacet
  facet normal 0.5959 0.803059 -0
    outer loop
      vertex -23.7342 -30.3139 -6.5
      vertex -23.7342 -30.3139 -4.3
      vertex -22.1328 -31.5022 -4.3
    endloop
  endfacet
  facet normal 0.636656 0.771148 0
    outer loop
      vertex -25.272 -29.0443 -6.5
      vertex -23.7342 -30.3139 -4.3
      vertex -23.7342 -30.3139 -6.5
    endloop
  endfacet
  facet normal 0.636656 0.771148 -0
    outer loop
      vertex -25.272 -29.0443 -6.5
      vertex -25.272 -29.0443 -4.3
      vertex -23.7342 -30.3139 -4.3
    endloop
  endfacet
  facet normal 0.675725 0.737154 0
    outer loop
      vertex -26.742 -27.6968 -6.5
      vertex -25.272 -29.0443 -4.3
      vertex -25.272 -29.0443 -6.5
    endloop
  endfacet
  facet normal 0.675725 0.737154 -0
    outer loop
      vertex -26.742 -27.6968 -6.5
      vertex -26.742 -27.6968 -4.3
      vertex -25.272 -29.0443 -4.3
    endloop
  endfacet
  facet normal 0.712974 0.70119 0
    outer loop
      vertex -28.1403 -26.275 -6.5
      vertex -26.742 -27.6968 -4.3
      vertex -26.742 -27.6968 -6.5
    endloop
  endfacet
  facet normal 0.712974 0.70119 -0
    outer loop
      vertex -28.1403 -26.275 -6.5
      vertex -28.1403 -26.275 -4.3
      vertex -26.742 -27.6968 -4.3
    endloop
  endfacet
  facet normal 0.748352 0.663302 0
    outer loop
      vertex -29.463 -24.7827 -6.5
      vertex -28.1403 -26.275 -4.3
      vertex -28.1403 -26.275 -6.5
    endloop
  endfacet
  facet normal 0.748352 0.663302 -0
    outer loop
      vertex -29.463 -24.7827 -6.5
      vertex -29.463 -24.7827 -4.3
      vertex -28.1403 -26.275 -4.3
    endloop
  endfacet
  facet normal 0.781705 0.623649 0
    outer loop
      vertex -30.7067 -23.2238 -6.5
      vertex -29.463 -24.7827 -4.3
      vertex -29.463 -24.7827 -6.5
    endloop
  endfacet
  facet normal 0.781705 0.623649 -0
    outer loop
      vertex -30.7067 -23.2238 -6.5
      vertex -30.7067 -23.2238 -4.3
      vertex -29.463 -24.7827 -4.3
    endloop
  endfacet
  facet normal 0.812933 0.582357 0
    outer loop
      vertex -31.868 -21.6027 -6.5
      vertex -30.7067 -23.2238 -4.3
      vertex -30.7067 -23.2238 -6.5
    endloop
  endfacet
  facet normal 0.812933 0.582357 -0
    outer loop
      vertex -31.868 -21.6027 -6.5
      vertex -31.868 -21.6027 -4.3
      vertex -30.7067 -23.2238 -4.3
    endloop
  endfacet
  facet normal 0.842004 0.539472 0
    outer loop
      vertex -32.9438 -19.9236 -6.5
      vertex -31.868 -21.6027 -4.3
      vertex -31.868 -21.6027 -6.5
    endloop
  endfacet
  facet normal 0.842004 0.539472 -0
    outer loop
      vertex -32.9438 -19.9236 -6.5
      vertex -32.9438 -19.9236 -4.3
      vertex -31.868 -21.6027 -4.3
    endloop
  endfacet
  facet normal 0.868783 0.495194 0
    outer loop
      vertex -33.9313 -18.1911 -6.5
      vertex -32.9438 -19.9236 -4.3
      vertex -32.9438 -19.9236 -6.5
    endloop
  endfacet
  facet normal 0.868783 0.495194 -0
    outer loop
      vertex -33.9313 -18.1911 -6.5
      vertex -33.9313 -18.1911 -4.3
      vertex -32.9438 -19.9236 -4.3
    endloop
  endfacet
  facet normal 0.893271 0.449519 0
    outer loop
      vertex -34.8277 -16.4098 -6.5
      vertex -33.9313 -18.1911 -4.3
      vertex -33.9313 -18.1911 -6.5
    endloop
  endfacet
  facet normal 0.893271 0.449519 -0
    outer loop
      vertex -34.8277 -16.4098 -6.5
      vertex -34.8277 -16.4098 -4.3
      vertex -33.9313 -18.1911 -4.3
    endloop
  endfacet
  facet normal 0.915348 0.402665 0
    outer loop
      vertex -35.6307 -14.5844 -6.5
      vertex -34.8277 -16.4098 -4.3
      vertex -34.8277 -16.4098 -6.5
    endloop
  endfacet
  facet normal 0.915348 0.402665 -0
    outer loop
      vertex -35.6307 -14.5844 -6.5
      vertex -35.6307 -14.5844 -4.3
      vertex -34.8277 -16.4098 -4.3
    endloop
  endfacet
  facet normal 0.934985 0.354687 0
    outer loop
      vertex -36.338 -12.7199 -6.5
      vertex -35.6307 -14.5844 -4.3
      vertex -35.6307 -14.5844 -6.5
    endloop
  endfacet
  facet normal 0.934985 0.354687 -0
    outer loop
      vertex -36.338 -12.7199 -6.5
      vertex -36.338 -12.7199 -4.3
      vertex -35.6307 -14.5844 -4.3
    endloop
  endfacet
  facet normal 0.952082 0.305844 0
    outer loop
      vertex -36.9479 -10.8213 -6.5
      vertex -36.338 -12.7199 -4.3
      vertex -36.338 -12.7199 -6.5
    endloop
  endfacet
  facet normal 0.952082 0.305844 -0
    outer loop
      vertex -36.9479 -10.8213 -6.5
      vertex -36.9479 -10.8213 -4.3
      vertex -36.338 -12.7199 -4.3
    endloop
  endfacet
  facet normal 0.966637 0.256149 0
    outer loop
      vertex -37.4587 -8.89368 -6.5
      vertex -36.9479 -10.8213 -4.3
      vertex -36.9479 -10.8213 -6.5
    endloop
  endfacet
  facet normal 0.966637 0.256149 -0
    outer loop
      vertex -37.4587 -8.89368 -6.5
      vertex -37.4587 -8.89368 -4.3
      vertex -36.9479 -10.8213 -4.3
    endloop
  endfacet
  facet normal 0.978615 0.205701 0
    outer loop
      vertex -37.8689 -6.94217 -6.5
      vertex -37.4587 -8.89368 -4.3
      vertex -37.4587 -8.89368 -6.5
    endloop
  endfacet
  facet normal 0.978615 0.205701 -0
    outer loop
      vertex -37.8689 -6.94217 -6.5
      vertex -37.8689 -6.94217 -4.3
      vertex -37.4587 -8.89368 -4.3
    endloop
  endfacet
  facet normal 0.987946 0.154801 0
    outer loop
      vertex -38.1776 -4.97203 -6.5
      vertex -37.8689 -6.94217 -4.3
      vertex -37.8689 -6.94217 -6.5
    endloop
  endfacet
  facet normal 0.987946 0.154801 -0
    outer loop
      vertex -38.1776 -4.97203 -6.5
      vertex -38.1776 -4.97203 -4.3
      vertex -37.8689 -6.94217 -4.3
    endloop
  endfacet
  facet normal 0.99464 0.103402 0
    outer loop
      vertex -38.3838 -2.98857 -6.5
      vertex -38.1776 -4.97203 -4.3
      vertex -38.1776 -4.97203 -6.5
    endloop
  endfacet
  facet normal 0.99464 0.103402 -0
    outer loop
      vertex -38.3838 -2.98857 -6.5
      vertex -38.3838 -2.98857 -4.3
      vertex -38.1776 -4.97203 -4.3
    endloop
  endfacet
  facet normal 0.998657 0.0518008 0
    outer loop
      vertex -38.4871 -0.99707 -6.5
      vertex -38.3838 -2.98857 -4.3
      vertex -38.3838 -2.98857 -6.5
    endloop
  endfacet
  facet normal 0.998657 0.0518008 -0
    outer loop
      vertex -38.4871 -0.99707 -6.5
      vertex -38.4871 -0.99707 -4.3
      vertex -38.3838 -2.98857 -4.3
    endloop
  endfacet
  facet normal 1 0 0
    outer loop
      vertex -38.4871 0.99707 -6.5
      vertex -38.4871 -0.99707 -4.3
      vertex -38.4871 -0.99707 -6.5
    endloop
  endfacet
  facet normal 1 0 -0
    outer loop
      vertex -38.4871 0.99707 -6.5
      vertex -38.4871 0.99707 -4.3
      vertex -38.4871 -0.99707 -4.3
    endloop
  endfacet
  facet normal 0.998657 -0.0518008 0
    outer loop
      vertex -38.3838 2.98857 -6.5
      vertex -38.4871 0.99707 -4.3
      vertex -38.4871 0.99707 -6.5
    endloop
  endfacet
  facet normal 0.998657 -0.0518008 0
    outer loop
      vertex -38.3838 2.98857 -6.5
      vertex -38.3838 2.98857 -4.3
      vertex -38.4871 0.99707 -4.3
    endloop
  endfacet
  facet normal 0.99464 -0.103402 0
    outer loop
      vertex -38.1776 4.97203 -6.5
      vertex -38.3838 2.98857 -4.3
      vertex -38.3838 2.98857 -6.5
    endloop
  endfacet
  facet normal 0.99464 -0.103402 0
    outer loop
      vertex -38.1776 4.97203 -6.5
      vertex -38.1776 4.97203 -4.3
      vertex -38.3838 2.98857 -4.3
    endloop
  endfacet
  facet normal 0.987946 -0.154801 0
    outer loop
      vertex -37.8689 6.94217 -6.5
      vertex -38.1776 4.97203 -4.3
      vertex -38.1776 4.97203 -6.5
    endloop
  endfacet
  facet normal 0.987946 -0.154801 0
    outer loop
      vertex -37.8689 6.94217 -6.5
      vertex -37.8689 6.94217 -4.3
      vertex -38.1776 4.97203 -4.3
    endloop
  endfacet
  facet normal 0.978615 -0.205701 0
    outer loop
      vertex -37.4587 8.89368 -6.5
      vertex -37.8689 6.94217 -4.3
      vertex -37.8689 6.94217 -6.5
    endloop
  endfacet
  facet normal 0.978615 -0.205701 0
    outer loop
      vertex -37.4587 8.89368 -6.5
      vertex -37.4587 8.89368 -4.3
      vertex -37.8689 6.94217 -4.3
    endloop
  endfacet
  facet normal 0.966637 -0.256149 0
    outer loop
      vertex -36.9479 10.8213 -6.5
      vertex -37.4587 8.89368 -4.3
      vertex -37.4587 8.89368 -6.5
    endloop
  endfacet
  facet normal 0.966637 -0.256149 0
    outer loop
      vertex -36.9479 10.8213 -6.5
      vertex -36.9479 10.8213 -4.3
      vertex -37.4587 8.89368 -4.3
    endloop
  endfacet
  facet normal 0.952082 -0.305844 0
    outer loop
      vertex -36.338 12.7199 -6.5
      vertex -36.9479 10.8213 -4.3
      vertex -36.9479 10.8213 -6.5
    endloop
  endfacet
  facet normal 0.952082 -0.305844 0
    outer loop
      vertex -36.338 12.7199 -6.5
      vertex -36.338 12.7199 -4.3
      vertex -36.9479 10.8213 -4.3
    endloop
  endfacet
  facet normal 0.934985 -0.354687 0
    outer loop
      vertex -35.6307 14.5844 -6.5
      vertex -36.338 12.7199 -4.3
      vertex -36.338 12.7199 -6.5
    endloop
  endfacet
  facet normal 0.934985 -0.354687 0
    outer loop
      vertex -35.6307 14.5844 -6.5
      vertex -35.6307 14.5844 -4.3
      vertex -36.338 12.7199 -4.3
    endloop
  endfacet
  facet normal 0.915348 -0.402665 0
    outer loop
      vertex -34.8277 16.4098 -6.5
      vertex -35.6307 14.5844 -4.3
      vertex -35.6307 14.5844 -6.5
    endloop
  endfacet
  facet normal 0.915348 -0.402665 0
    outer loop
      vertex -34.8277 16.4098 -6.5
      vertex -34.8277 16.4098 -4.3
      vertex -35.6307 14.5844 -4.3
    endloop
  endfacet
  facet normal 0.893271 -0.449519 0
    outer loop
      vertex -33.9313 18.1911 -6.5
      vertex -34.8277 16.4098 -4.3
      vertex -34.8277 16.4098 -6.5
    endloop
  endfacet
  facet normal 0.893271 -0.449519 0
    outer loop
      vertex -33.9313 18.1911 -6.5
      vertex -33.9313 18.1911 -4.3
      vertex -34.8277 16.4098 -4.3
    endloop
  endfacet
  facet normal 0.868783 -0.495194 0
    outer loop
      vertex -32.9438 19.9236 -6.5
      vertex -33.9313 18.1911 -4.3
      vertex -33.9313 18.1911 -6.5
    endloop
  endfacet
  facet normal 0.868783 -0.495194 0
    outer loop
      vertex -32.9438 19.9236 -6.5
      vertex -32.9438 19.9236 -4.3
      vertex -33.9313 18.1911 -4.3
    endloop
  endfacet
  facet normal 0.842004 -0.539472 0
    outer loop
      vertex -31.868 21.6027 -6.5
      vertex -32.9438 19.9236 -4.3
      vertex -32.9438 19.9236 -6.5
    endloop
  endfacet
  facet normal 0.842004 -0.539472 0
    outer loop
      vertex -31.868 21.6027 -6.5
      vertex -31.868 21.6027 -4.3
      vertex -32.9438 19.9236 -4.3
    endloop
  endfacet
  facet normal 0.812933 -0.582357 0
    outer loop
      vertex -30.7067 23.2238 -6.5
      vertex -31.868 21.6027 -4.3
      vertex -31.868 21.6027 -6.5
    endloop
  endfacet
  facet normal 0.812933 -0.582357 0
    outer loop
      vertex -30.7067 23.2238 -6.5
      vertex -30.7067 23.2238 -4.3
      vertex -31.868 21.6027 -4.3
    endloop
  endfacet
  facet normal 0.781705 -0.623649 0
    outer loop
      vertex -29.463 24.7827 -6.5
      vertex -30.7067 23.2238 -4.3
      vertex -30.7067 23.2238 -6.5
    endloop
  endfacet
  facet normal 0.781705 -0.623649 0
    outer loop
      vertex -29.463 24.7827 -6.5
      vertex -29.463 24.7827 -4.3
      vertex -30.7067 23.2238 -4.3
    endloop
  endfacet
  facet normal 0.748352 -0.663302 0
    outer loop
      vertex -28.1403 26.275 -6.5
      vertex -29.463 24.7827 -4.3
      vertex -29.463 24.7827 -6.5
    endloop
  endfacet
  facet normal 0.748352 -0.663302 0
    outer loop
      vertex -28.1403 26.275 -6.5
      vertex -28.1403 26.275 -4.3
      vertex -29.463 24.7827 -4.3
    endloop
  endfacet
  facet normal 0.712974 -0.70119 0
    outer loop
      vertex -26.742 27.6968 -6.5
      vertex -28.1403 26.275 -4.3
      vertex -28.1403 26.275 -6.5
    endloop
  endfacet
  facet normal 0.712974 -0.70119 0
    outer loop
      vertex -26.742 27.6968 -6.5
      vertex -26.742 27.6968 -4.3
      vertex -28.1403 26.275 -4.3
    endloop
  endfacet
  facet normal 0.675725 -0.737154 0
    outer loop
      vertex -25.272 29.0443 -6.5
      vertex -26.742 27.6968 -4.3
      vertex -26.742 27.6968 -6.5
    endloop
  endfacet
  facet normal 0.675725 -0.737154 0
    outer loop
      vertex -25.272 29.0443 -6.5
      vertex -25.272 29.0443 -4.3
      vertex -26.742 27.6968 -4.3
    endloop
  endfacet
  facet normal 0.636656 -0.771148 0
    outer loop
      vertex -23.7342 30.3139 -6.5
      vertex -25.272 29.0443 -4.3
      vertex -25.272 29.0443 -6.5
    endloop
  endfacet
  facet normal 0.636656 -0.771148 0
    outer loop
      vertex -23.7342 30.3139 -6.5
      vertex -23.7342 30.3139 -4.3
      vertex -25.272 29.0443 -4.3
    endloop
  endfacet
  facet normal 0.5959 -0.803059 0
    outer loop
      vertex -22.1328 31.5022 -6.5
      vertex -23.7342 30.3139 -4.3
      vertex -23.7342 30.3139 -6.5
    endloop
  endfacet
  facet normal 0.5959 -0.803059 0
    outer loop
      vertex -22.1328 31.5022 -6.5
      vertex -22.1328 31.5022 -4.3
      vertex -23.7342 30.3139 -4.3
    endloop
  endfacet
  facet normal 0.553496 -0.832852 0
    outer loop
      vertex -20.4719 32.606 -6.5
      vertex -22.1328 31.5022 -4.3
      vertex -22.1328 31.5022 -6.5
    endloop
  endfacet
  facet normal 0.553496 -0.832852 0
    outer loop
      vertex -20.4719 32.606 -6.5
      vertex -20.4719 32.606 -4.3
      vertex -22.1328 31.5022 -4.3
    endloop
  endfacet
  facet normal 0.509628 -0.860395 0
    outer loop
      vertex -18.7561 33.6223 -6.5
      vertex -20.4719 32.606 -4.3
      vertex -20.4719 32.606 -6.5
    endloop
  endfacet
  facet normal 0.509628 -0.860395 0
    outer loop
      vertex -18.7561 33.6223 -6.5
      vertex -18.7561 33.6223 -4.3
      vertex -20.4719 32.606 -4.3
    endloop
  endfacet
  facet normal 0.464382 -0.885635 0
    outer loop
      vertex -16.9901 34.5483 -6.5
      vertex -18.7561 33.6223 -4.3
      vertex -18.7561 33.6223 -6.5
    endloop
  endfacet
  facet normal 0.464382 -0.885635 0
    outer loop
      vertex -16.9901 34.5483 -6.5
      vertex -16.9901 34.5483 -4.3
      vertex -18.7561 33.6223 -4.3
    endloop
  endfacet
  facet normal 0.417913 -0.908487 0
    outer loop
      vertex -15.1784 35.3817 -6.5
      vertex -16.9901 34.5483 -4.3
      vertex -16.9901 34.5483 -6.5
    endloop
  endfacet
  facet normal 0.417913 -0.908487 0
    outer loop
      vertex -15.1784 35.3817 -6.5
      vertex -15.1784 35.3817 -4.3
      vertex -16.9901 34.5483 -4.3
    endloop
  endfacet
  facet normal 0.370327 -0.928901 0
    outer loop
      vertex -13.326 36.1202 -6.5
      vertex -15.1784 35.3817 -4.3
      vertex -15.1784 35.3817 -6.5
    endloop
  endfacet
  facet normal 0.370327 -0.928901 0
    outer loop
      vertex -13.326 36.1202 -6.5
      vertex -13.326 36.1202 -4.3
      vertex -15.1784 35.3817 -4.3
    endloop
  endfacet
  facet normal 0.321683 -0.946847 0
    outer loop
      vertex -11.4378 36.7617 -6.5
      vertex -13.326 36.1202 -4.3
      vertex -13.326 36.1202 -6.5
    endloop
  endfacet
  facet normal 0.321683 -0.946847 0
    outer loop
      vertex -11.4378 36.7617 -6.5
      vertex -11.4378 36.7617 -4.3
      vertex -13.326 36.1202 -4.3
    endloop
  endfacet
  facet normal 0.272297 -0.962213 0
    outer loop
      vertex -9.51901 37.3047 -6.5
      vertex -11.4378 36.7617 -4.3
      vertex -11.4378 36.7617 -6.5
    endloop
  endfacet
  facet normal 0.272297 -0.962213 0
    outer loop
      vertex -9.51901 37.3047 -6.5
      vertex -9.51901 37.3047 -4.3
      vertex -11.4378 36.7617 -4.3
    endloop
  endfacet
  facet normal 0.222048 -0.975036 0
    outer loop
      vertex -7.57463 37.7475 -6.5
      vertex -9.51901 37.3047 -4.3
      vertex -9.51901 37.3047 -6.5
    endloop
  endfacet
  facet normal 0.222048 -0.975036 0
    outer loop
      vertex -7.57463 37.7475 -6.5
      vertex -7.57463 37.7475 -4.3
      vertex -9.51901 37.3047 -4.3
    endloop
  endfacet
  facet normal 0.1713 -0.985219 0
    outer loop
      vertex -5.60994 38.0891 -6.5
      vertex -7.57463 37.7475 -4.3
      vertex -7.57463 37.7475 -6.5
    endloop
  endfacet
  facet normal 0.1713 -0.985219 0
    outer loop
      vertex -5.60994 38.0891 -6.5
      vertex -5.60994 38.0891 -4.3
      vertex -7.57463 37.7475 -4.3
    endloop
  endfacet
  facet normal 0.12005 -0.992768 0
    outer loop
      vertex -3.63019 38.3285 -6.5
      vertex -5.60994 38.0891 -4.3
      vertex -5.60994 38.0891 -6.5
    endloop
  endfacet
  facet normal 0.12005 -0.992768 0
    outer loop
      vertex -3.63019 38.3285 -6.5
      vertex -3.63019 38.3285 -4.3
      vertex -5.60994 38.0891 -4.3
    endloop
  endfacet
  facet normal 0.0684503 -0.997655 0
    outer loop
      vertex -1.64072 38.465 -6.5
      vertex -3.63019 38.3285 -4.3
      vertex -3.63019 38.3285 -6.5
    endloop
  endfacet
  facet normal 0.0684503 -0.997655 0
    outer loop
      vertex -1.64072 38.465 -6.5
      vertex -1.64072 38.465 -4.3
      vertex -3.63019 38.3285 -4.3
    endloop
  endfacet
  facet normal 0.0167489 -0.99986 0
    outer loop
      vertex 0.353165 38.4984 -6.5
      vertex -1.64072 38.465 -4.3
      vertex -1.64072 38.465 -6.5
    endloop
  endfacet
  facet normal 0.0167489 -0.99986 0
    outer loop
      vertex 0.353165 38.4984 -6.5
      vertex 0.353165 38.4984 -4.3
      vertex -1.64072 38.465 -4.3
    endloop
  endfacet
  facet normal -0.035074 -0.999385 0
    outer loop
      vertex 2.02289 38.4398 -6.5
      vertex 0.353165 38.4984 -4.3
      vertex 0.353165 38.4984 -6.5
    endloop
  endfacet
  facet normal -0.035074 -0.999385 0
    outer loop
      vertex 2.02289 38.4398 -6.5
      vertex 2.02289 38.4398 -4.3
      vertex 0.353165 38.4984 -4.3
    endloop
  endfacet
  facet normal -0.0687835 -0.997632 0
    outer loop
      vertex 3.60962 38.3304 -6.5
      vertex 2.02289 38.4398 -4.3
      vertex 2.02289 38.4398 -6.5
    endloop
  endfacet
  facet normal -0.0687835 -0.997632 0
    outer loop
      vertex 3.60962 38.3304 -6.5
      vertex 3.60962 38.3304 -4.3
      vertex 2.02289 38.4398 -4.3
    endloop
  endfacet
  facet normal -0.118668 -0.992934 0
    outer loop
      vertex 5.52657 38.1013 -6.5
      vertex 3.60962 38.3304 -4.3
      vertex 3.60962 38.3304 -6.5
    endloop
  endfacet
  facet normal -0.118668 -0.992934 0
    outer loop
      vertex 5.52657 38.1013 -6.5
      vertex 5.52657 38.1013 -4.3
      vertex 3.60962 38.3304 -4.3
    endloop
  endfacet
  facet normal -0.16834 -0.985729 0
    outer loop
      vertex 7.42963 37.7763 -6.5
      vertex 5.52657 38.1013 -4.3
      vertex 5.52657 38.1013 -6.5
    endloop
  endfacet
  facet normal -0.16834 -0.985729 0
    outer loop
      vertex 7.42963 37.7763 -6.5
      vertex 7.42963 37.7763 -4.3
      vertex 5.52657 38.1013 -4.3
    endloop
  endfacet
  facet normal -0.217501 -0.97606 0
    outer loop
      vertex 9.31398 37.3564 -6.5
      vertex 7.42963 37.7763 -4.3
      vertex 7.42963 37.7763 -6.5
    endloop
  endfacet
  facet normal -0.217501 -0.97606 0
    outer loop
      vertex 9.31398 37.3564 -6.5
      vertex 9.31398 37.3564 -4.3
      vertex 7.42963 37.7763 -4.3
    endloop
  endfacet
  facet normal -0.26619 -0.963921 0
    outer loop
      vertex 11.1749 36.8425 -6.5
      vertex 9.31398 37.3564 -4.3
      vertex 9.31398 37.3564 -6.5
    endloop
  endfacet
  facet normal -0.26619 -0.963921 0
    outer loop
      vertex 11.1749 36.8425 -6.5
      vertex 11.1749 36.8425 -4.3
      vertex 9.31398 37.3564 -4.3
    endloop
  endfacet
  facet normal -0.314145 -0.949375 0
    outer loop
      vertex 13.0078 36.236 -6.5
      vertex 11.1749 36.8425 -4.3
      vertex 11.1749 36.8425 -6.5
    endloop
  endfacet
  facet normal -0.314145 -0.949375 0
    outer loop
      vertex 13.0078 36.236 -6.5
      vertex 13.0078 36.236 -4.3
      vertex 11.1749 36.8425 -4.3
    endloop
  endfacet
  facet normal -0.361349 -0.932431 0
    outer loop
      vertex 14.8079 35.5384 -6.5
      vertex 13.0078 36.236 -4.3
      vertex 13.0078 36.236 -6.5
    endloop
  endfacet
  facet normal -0.361349 -0.932431 0
    outer loop
      vertex 14.8079 35.5384 -6.5
      vertex 14.8079 35.5384 -4.3
      vertex 13.0078 36.236 -4.3
    endloop
  endfacet
  facet normal -0.407647 -0.91314 0
    outer loop
      vertex 16.5708 34.7514 -6.5
      vertex 14.8079 35.5384 -4.3
      vertex 14.8079 35.5384 -6.5
    endloop
  endfacet
  facet normal -0.407647 -0.91314 0
    outer loop
      vertex 16.5708 34.7514 -6.5
      vertex 16.5708 34.7514 -4.3
      vertex 14.8079 35.5384 -4.3
    endloop
  endfacet
  facet normal 0.902631 -0.430415 0
    outer loop
      vertex 22.1662 46.4856 -6.5
      vertex 16.5708 34.7514 -4.3
      vertex 16.5708 34.7514 -6.5
    endloop
  endfacet
  facet normal 0.902631 -0.430415 0
    outer loop
      vertex 22.1662 46.4856 -6.5
      vertex 22.1662 46.4856 -4.3
      vertex 16.5708 34.7514 -4.3
    endloop
  endfacet
  facet normal 0.407629 0.913148 0
    outer loop
      vertex 19.808 47.5383 -6.5
      vertex 22.1662 46.4856 -4.3
      vertex 22.1662 46.4856 -6.5
    endloop
  endfacet
  facet normal 0.407629 0.913148 -0
    outer loop
      vertex 19.808 47.5383 -6.5
      vertex 19.808 47.5383 -4.3
      vertex 22.1662 46.4856 -4.3
    endloop
  endfacet
  facet normal 0.361355 0.932428 0
    outer loop
      vertex 17.4 48.4715 -6.5
      vertex 19.808 47.5383 -4.3
      vertex 19.808 47.5383 -6.5
    endloop
  endfacet
  facet normal 0.361355 0.932428 -0
    outer loop
      vertex 17.4 48.4715 -6.5
      vertex 17.4 48.4715 -4.3
      vertex 19.808 47.5383 -4.3
    endloop
  endfacet
  facet normal 0.314159 0.94937 0
    outer loop
      vertex 14.9483 49.2828 -6.5
      vertex 17.4 48.4715 -4.3
      vertex 17.4 48.4715 -6.5
    endloop
  endfacet
  facet normal 0.314159 0.94937 -0
    outer loop
      vertex 14.9483 49.2828 -6.5
      vertex 14.9483 49.2828 -4.3
      vertex 17.4 48.4715 -4.3
    endloop
  endfacet
  facet normal 0.26618 0.963923 0
    outer loop
      vertex 12.459 49.9702 -6.5
      vertex 14.9483 49.2828 -4.3
      vertex 14.9483 49.2828 -6.5
    endloop
  endfacet
  facet normal 0.26618 0.963923 -0
    outer loop
      vertex 12.459 49.9702 -6.5
      vertex 12.459 49.9702 -4.3
      vertex 14.9483 49.2828 -4.3
    endloop
  endfacet
  facet normal 0.217539 0.976052 0
    outer loop
      vertex 9.93832 50.532 -6.5
      vertex 12.459 49.9702 -4.3
      vertex 12.459 49.9702 -6.5
    endloop
  endfacet
  facet normal 0.217539 0.976052 -0
    outer loop
      vertex 9.93832 50.532 -6.5
      vertex 9.93832 50.532 -4.3
      vertex 12.459 49.9702 -4.3
    endloop
  endfacet
  facet normal 0.168288 0.985738 0
    outer loop
      vertex 7.39268 50.9666 -6.5
      vertex 9.93832 50.532 -4.3
      vertex 9.93832 50.532 -6.5
    endloop
  endfacet
  facet normal 0.168288 0.985738 -0
    outer loop
      vertex 7.39268 50.9666 -6.5
      vertex 7.39268 50.9666 -4.3
      vertex 9.93832 50.532 -4.3
    endloop
  endfacet
  facet normal 0.118685 0.992932 0
    outer loop
      vertex 4.82846 51.2731 -6.5
      vertex 7.39268 50.9666 -4.3
      vertex 7.39268 50.9666 -6.5
    endloop
  endfacet
  facet normal 0.118685 0.992932 -0
    outer loop
      vertex 4.82846 51.2731 -6.5
      vertex 4.82846 51.2731 -4.3
      vertex 7.39268 50.9666 -4.3
    endloop
  endfacet
  facet normal 0.0687879 0.997631 0
    outer loop
      vertex 3.13741 51.3897 -6.5
      vertex 4.82846 51.2731 -4.3
      vertex 4.82846 51.2731 -6.5
    endloop
  endfacet
  facet normal 0.0687879 0.997631 -0
    outer loop
      vertex 3.13741 51.3897 -6.5
      vertex 3.13741 51.3897 -4.3
      vertex 4.82846 51.2731 -4.3
    endloop
  endfacet
  facet normal 0.998188 -0.0601648 0
    outer loop
      vertex 3.13829 51.4043 -6.5
      vertex 3.13741 51.3897 -4.3
      vertex 3.13741 51.3897 -6.5
    endloop
  endfacet
  facet normal 0.998188 -0.0601648 0
    outer loop
      vertex 3.13829 51.4043 -6.5
      vertex 3.13829 51.4043 -4.3
      vertex 3.13741 51.3897 -4.3
    endloop
  endfacet
  facet normal 0.0348936 0.999391 0
    outer loop
      vertex 2.70581 51.4194 -6.5
      vertex 3.13829 51.4043 -4.3
      vertex 3.13829 51.4043 -6.5
    endloop
  endfacet
  facet normal 0.0348936 0.999391 -0
    outer loop
      vertex 2.70581 51.4194 -6.5
      vertex 2.70581 51.4194 -4.3
      vertex 3.13829 51.4043 -4.3
    endloop
  endfacet
  facet normal 0.0688217 0.997629 0
    outer loop
      vertex 2.25209 51.4507 -6.5
      vertex 2.70581 51.4194 -4.3
      vertex 2.70581 51.4194 -6.5
    endloop
  endfacet
  facet normal 0.0688217 0.997629 -0
    outer loop
      vertex 2.25209 51.4507 -6.5
      vertex 2.25209 51.4507 -4.3
      vertex 2.70581 51.4194 -4.3
    endloop
  endfacet
  facet normal -0.999043 0.0437489 0
    outer loop
      vertex 2.25142 51.4354 -6.5
      vertex 2.25209 51.4507 -4.3
      vertex 2.25209 51.4507 -6.5
    endloop
  endfacet
  facet normal -0.999043 0.0437489 0
    outer loop
      vertex 2.25142 51.4354 -6.5
      vertex 2.25142 51.4354 -4.3
      vertex 2.25209 51.4507 -4.3
    endloop
  endfacet
  facet normal 0.0350542 0.999385 0
    outer loop
      vertex 0.472412 51.4978 -6.5
      vertex 2.25142 51.4354 -4.3
      vertex 2.25142 51.4354 -6.5
    endloop
  endfacet
  facet normal 0.0350542 0.999385 -0
    outer loop
      vertex 0.472412 51.4978 -6.5
      vertex 0.472412 51.4978 -4.3
      vertex 2.25142 51.4354 -4.3
    endloop
  endfacet
  facet normal -0.0167197 0.99986 0
    outer loop
      vertex -2.19472 51.4532 -6.5
      vertex 0.472412 51.4978 -4.3
      vertex 0.472412 51.4978 -6.5
    endloop
  endfacet
  facet normal -0.0167197 0.99986 0
    outer loop
      vertex -2.19472 51.4532 -6.5
      vertex -2.19472 51.4532 -4.3
      vertex 0.472412 51.4978 -4.3
    endloop
  endfacet
  facet normal -0.0684907 0.997652 0
    outer loop
      vertex -4.85597 51.2705 -6.5
      vertex -2.19472 51.4532 -4.3
      vertex -2.19472 51.4532 -6.5
    endloop
  endfacet
  facet normal -0.0684907 0.997652 0
    outer loop
      vertex -4.85597 51.2705 -6.5
      vertex -4.85597 51.2705 -4.3
      vertex -2.19472 51.4532 -4.3
    endloop
  endfacet
  facet normal -0.120036 0.99277 0
    outer loop
      vertex -7.50421 50.9503 -6.5
      vertex -4.85597 51.2705 -4.3
      vertex -4.85597 51.2705 -6.5
    endloop
  endfacet
  facet normal -0.120036 0.99277 0
    outer loop
      vertex -7.50421 50.9503 -6.5
      vertex -7.50421 50.9503 -4.3
      vertex -4.85597 51.2705 -4.3
    endloop
  endfacet
  facet normal -0.171283 0.985222 0
    outer loop
      vertex -10.1323 50.4934 -6.5
      vertex -7.50421 50.9503 -4.3
      vertex -7.50421 50.9503 -6.5
    endloop
  endfacet
  facet normal -0.171283 0.985222 0
    outer loop
      vertex -10.1323 50.4934 -6.5
      vertex -10.1323 50.4934 -4.3
      vertex -7.50421 50.9503 -4.3
    endloop
  endfacet
  facet normal -0.22208 0.975029 0
    outer loop
      vertex -12.7332 49.901 -6.5
      vertex -10.1323 50.4934 -4.3
      vertex -10.1323 50.4934 -6.5
    endloop
  endfacet
  facet normal -0.22208 0.975029 0
    outer loop
      vertex -12.7332 49.901 -6.5
      vertex -12.7332 49.901 -4.3
      vertex -10.1323 50.4934 -4.3
    endloop
  endfacet
  facet normal -0.272235 0.962231 0
    outer loop
      vertex -15.3 49.1748 -6.5
      vertex -12.7332 49.901 -4.3
      vertex -12.7332 49.901 -6.5
    endloop
  endfacet
  facet normal -0.272235 0.962231 0
    outer loop
      vertex -15.3 49.1748 -6.5
      vertex -15.3 49.1748 -4.3
      vertex -12.7332 49.901 -4.3
    endloop
  endfacet
  facet normal -0.321722 0.946834 0
    outer loop
      vertex -17.8257 48.3166 -6.5
      vertex -15.3 49.1748 -4.3
      vertex -15.3 49.1748 -6.5
    endloop
  endfacet
  facet normal -0.321722 0.946834 0
    outer loop
      vertex -17.8257 48.3166 -6.5
      vertex -17.8257 48.3166 -4.3
      vertex -15.3 49.1748 -4.3
    endloop
  endfacet
  facet normal -0.370305 0.92891 0
    outer loop
      vertex -20.3036 47.3288 -6.5
      vertex -17.8257 48.3166 -4.3
      vertex -17.8257 48.3166 -6.5
    endloop
  endfacet
  facet normal -0.370305 0.92891 0
    outer loop
      vertex -20.3036 47.3288 -6.5
      vertex -20.3036 47.3288 -4.3
      vertex -17.8257 48.3166 -4.3
    endloop
  endfacet
  facet normal -0.417917 0.908485 0
    outer loop
      vertex -22.727 46.214 -6.5
      vertex -20.3036 47.3288 -4.3
      vertex -20.3036 47.3288 -6.5
    endloop
  endfacet
  facet normal -0.417917 0.908485 0
    outer loop
      vertex -22.727 46.214 -6.5
      vertex -22.727 46.214 -4.3
      vertex -20.3036 47.3288 -4.3
    endloop
  endfacet
  facet normal -0.464405 0.885623 0
    outer loop
      vertex -25.0894 44.9752 -6.5
      vertex -22.727 46.214 -4.3
      vertex -22.727 46.214 -6.5
    endloop
  endfacet
  facet normal -0.464405 0.885623 0
    outer loop
      vertex -25.0894 44.9752 -6.5
      vertex -25.0894 44.9752 -4.3
      vertex -22.727 46.214 -4.3
    endloop
  endfacet
  facet normal -0.509619 0.8604 0
    outer loop
      vertex -27.3845 43.6158 -6.5
      vertex -25.0894 44.9752 -4.3
      vertex -25.0894 44.9752 -6.5
    endloop
  endfacet
  facet normal -0.509619 0.8604 0
    outer loop
      vertex -27.3845 43.6158 -6.5
      vertex -27.3845 43.6158 -4.3
      vertex -25.0894 44.9752 -4.3
    endloop
  endfacet
  facet normal -0.553497 0.832851 0
    outer loop
      vertex -29.6062 42.1393 -6.5
      vertex -27.3845 43.6158 -4.3
      vertex -27.3845 43.6158 -6.5
    endloop
  endfacet
  facet normal -0.553497 0.832851 0
    outer loop
      vertex -29.6062 42.1393 -6.5
      vertex -29.6062 42.1393 -4.3
      vertex -27.3845 43.6158 -4.3
    endloop
  endfacet
  facet normal -0.595877 0.803075 0
    outer loop
      vertex -31.7484 40.5498 -6.5
      vertex -29.6062 42.1393 -4.3
      vertex -29.6062 42.1393 -6.5
    endloop
  endfacet
  facet normal -0.595877 0.803075 0
    outer loop
      vertex -31.7484 40.5498 -6.5
      vertex -31.7484 40.5498 -4.3
      vertex -29.6062 42.1393 -4.3
    endloop
  endfacet
  facet normal -0.636667 0.771139 0
    outer loop
      vertex -33.8054 38.8515 -6.5
      vertex -31.7484 40.5498 -4.3
      vertex -31.7484 40.5498 -6.5
    endloop
  endfacet
  facet normal -0.636667 0.771139 0
    outer loop
      vertex -33.8054 38.8515 -6.5
      vertex -33.8054 38.8515 -4.3
      vertex -31.7484 40.5498 -4.3
    endloop
  endfacet
  facet normal -0.675718 0.73716 0
    outer loop
      vertex -35.7718 37.049 -6.5
      vertex -33.8054 38.8515 -4.3
      vertex -33.8054 38.8515 -6.5
    endloop
  endfacet
  facet normal -0.675718 0.73716 0
    outer loop
      vertex -35.7718 37.049 -6.5
      vertex -35.7718 37.049 -4.3
      vertex -33.8054 38.8515 -4.3
    endloop
  endfacet
  facet normal -0.712987 0.701178 0
    outer loop
      vertex -37.6422 35.1471 -6.5
      vertex -35.7718 37.049 -4.3
      vertex -35.7718 37.049 -6.5
    endloop
  endfacet
  facet normal -0.712987 0.701178 0
    outer loop
      vertex -37.6422 35.1471 -6.5
      vertex -37.6422 35.1471 -4.3
      vertex -35.7718 37.049 -4.3
    endloop
  endfacet
  facet normal -0.748356 0.663297 0
    outer loop
      vertex -39.4116 33.1508 -6.5
      vertex -37.6422 35.1471 -4.3
      vertex -37.6422 35.1471 -6.5
    endloop
  endfacet
  facet normal -0.748356 0.663297 0
    outer loop
      vertex -39.4116 33.1508 -6.5
      vertex -39.4116 33.1508 -4.3
      vertex -37.6422 35.1471 -4.3
    endloop
  endfacet
  facet normal -0.781687 0.62367 0
    outer loop
      vertex -41.0752 31.0657 -6.5
      vertex -39.4116 33.1508 -4.3
      vertex -39.4116 33.1508 -6.5
    endloop
  endfacet
  facet normal -0.781687 0.62367 0
    outer loop
      vertex -41.0752 31.0657 -6.5
      vertex -41.0752 31.0657 -4.3
      vertex -39.4116 33.1508 -4.3
    endloop
  endfacet
  facet normal -0.812922 0.582372 0
    outer loop
      vertex -42.6287 28.8972 -6.5
      vertex -41.0752 31.0657 -4.3
      vertex -41.0752 31.0657 -6.5
    endloop
  endfacet
  facet normal -0.812922 0.582372 0
    outer loop
      vertex -42.6287 28.8972 -6.5
      vertex -42.6287 28.8972 -4.3
      vertex -41.0752 31.0657 -4.3
    endloop
  endfacet
  facet normal -0.842017 0.539451 0
    outer loop
      vertex -44.0677 26.6511 -6.5
      vertex -42.6287 28.8972 -4.3
      vertex -42.6287 28.8972 -6.5
    endloop
  endfacet
  facet normal -0.842017 0.539451 0
    outer loop
      vertex -44.0677 26.6511 -6.5
      vertex -44.0677 26.6511 -4.3
      vertex -42.6287 28.8972 -4.3
    endloop
  endfacet
  facet normal -0.868789 0.495182 0
    outer loop
      vertex -45.3886 24.3336 -6.5
      vertex -44.0677 26.6511 -4.3
      vertex -44.0677 26.6511 -6.5
    endloop
  endfacet
  facet normal -0.868789 0.495182 0
    outer loop
      vertex -45.3886 24.3336 -6.5
      vertex -45.3886 24.3336 -4.3
      vertex -44.0677 26.6511 -4.3
    endloop
  endfacet
  facet normal -0.89327 0.449521 0
    outer loop
      vertex -46.5877 21.9508 -6.5
      vertex -45.3886 24.3336 -4.3
      vertex -45.3886 24.3336 -6.5
    endloop
  endfacet
  facet normal -0.89327 0.449521 0
    outer loop
      vertex -46.5877 21.9508 -6.5
      vertex -46.5877 21.9508 -4.3
      vertex -45.3886 24.3336 -4.3
    endloop
  endfacet
  facet normal -0.915355 0.402647 0
    outer loop
      vertex -47.6618 19.509 -6.5
      vertex -46.5877 21.9508 -4.3
      vertex -46.5877 21.9508 -6.5
    endloop
  endfacet
  facet normal -0.915355 0.402647 0
    outer loop
      vertex -47.6618 19.509 -6.5
      vertex -47.6618 19.509 -4.3
      vertex -46.5877 21.9508 -4.3
    endloop
  endfacet
  facet normal -0.934973 0.35472 0
    outer loop
      vertex -48.608 17.015 -6.5
      vertex -47.6618 19.509 -4.3
      vertex -47.6618 19.509 -6.5
    endloop
  endfacet
  facet normal -0.934973 0.35472 0
    outer loop
      vertex -48.608 17.015 -6.5
      vertex -48.608 17.015 -4.3
      vertex -47.6618 19.509 -4.3
    endloop
  endfacet
  facet normal -0.952087 0.305828 0
    outer loop
      vertex -49.4238 14.4753 -6.5
      vertex -48.608 17.015 -4.3
      vertex -48.608 17.015 -6.5
    endloop
  endfacet
  facet normal -0.952087 0.305828 0
    outer loop
      vertex -49.4238 14.4753 -6.5
      vertex -49.4238 14.4753 -4.3
      vertex -48.608 17.015 -4.3
    endloop
  endfacet
  facet normal -0.966638 0.256148 0
    outer loop
      vertex -50.1071 11.8967 -6.5
      vertex -49.4238 14.4753 -4.3
      vertex -49.4238 14.4753 -6.5
    endloop
  endfacet
  facet normal -0.966638 0.256148 0
    outer loop
      vertex -50.1071 11.8967 -6.5
      vertex -50.1071 11.8967 -4.3
      vertex -49.4238 14.4753 -4.3
    endloop
  endfacet
  facet normal -0.978615 0.205702 0
    outer loop
      vertex -50.6558 9.28629 -6.5
      vertex -50.1071 11.8967 -4.3
      vertex -50.1071 11.8967 -6.5
    endloop
  endfacet
  facet normal -0.978615 0.205702 0
    outer loop
      vertex -50.6558 9.28629 -6.5
      vertex -50.6558 9.28629 -4.3
      vertex -50.1071 11.8967 -4.3
    endloop
  endfacet
  facet normal -0.987948 0.154787 0
    outer loop
      vertex -51.0687 6.65091 -6.5
      vertex -50.6558 9.28629 -4.3
      vertex -50.6558 9.28629 -6.5
    endloop
  endfacet
  facet normal -0.987948 0.154787 0
    outer loop
      vertex -51.0687 6.65091 -6.5
      vertex -51.0687 6.65091 -4.3
      vertex -50.6558 9.28629 -4.3
    endloop
  endfacet
  facet normal -0.994637 0.10343 0
    outer loop
      vertex -51.3446 3.9977 -6.5
      vertex -51.0687 6.65091 -4.3
      vertex -51.0687 6.65091 -6.5
    endloop
  endfacet
  facet normal -0.994637 0.10343 0
    outer loop
      vertex -51.3446 3.9977 -6.5
      vertex -51.3446 3.9977 -4.3
      vertex -51.0687 6.65091 -4.3
    endloop
  endfacet
  facet normal -0.998659 0.051771 0
    outer loop
      vertex -51.4827 1.33376 -6.5
      vertex -51.3446 3.9977 -4.3
      vertex -51.3446 3.9977 -6.5
    endloop
  endfacet
  facet normal -0.998659 0.051771 0
    outer loop
      vertex -51.4827 1.33376 -6.5
      vertex -51.4827 1.33376 -4.3
      vertex -51.3446 3.9977 -4.3
    endloop
  endfacet
  facet normal -1 0 0
    outer loop
      vertex -51.4827 -1.33376 -6.5
      vertex -51.4827 1.33376 -4.3
      vertex -51.4827 1.33376 -6.5
    endloop
  endfacet
  facet normal -1 0 0
    outer loop
      vertex -51.4827 -1.33376 -6.5
      vertex -51.4827 -1.33376 -4.3
      vertex -51.4827 1.33376 -4.3
    endloop
  endfacet
  facet normal -0.998659 -0.051771 0
    outer loop
      vertex -51.3446 -3.9977 -6.5
      vertex -51.4827 -1.33376 -4.3
      vertex -51.4827 -1.33376 -6.5
    endloop
  endfacet
  facet normal -0.998659 -0.051771 0
    outer loop
      vertex -51.3446 -3.9977 -6.5
      vertex -51.3446 -3.9977 -4.3
      vertex -51.4827 -1.33376 -4.3
    endloop
  endfacet
  facet normal -0.994637 -0.10343 0
    outer loop
      vertex -51.0687 -6.65091 -6.5
      vertex -51.3446 -3.9977 -4.3
      vertex -51.3446 -3.9977 -6.5
    endloop
  endfacet
  facet normal -0.994637 -0.10343 0
    outer loop
      vertex -51.0687 -6.65091 -6.5
      vertex -51.0687 -6.65091 -4.3
      vertex -51.3446 -3.9977 -4.3
    endloop
  endfacet
  facet normal -0.987948 -0.154787 0
    outer loop
      vertex -50.6558 -9.28629 -6.5
      vertex -51.0687 -6.65091 -4.3
      vertex -51.0687 -6.65091 -6.5
    endloop
  endfacet
  facet normal -0.987948 -0.154787 0
    outer loop
      vertex -50.6558 -9.28629 -6.5
      vertex -50.6558 -9.28629 -4.3
      vertex -51.0687 -6.65091 -4.3
    endloop
  endfacet
  facet normal -0.978615 -0.205702 0
    outer loop
      vertex -50.1071 -11.8967 -6.5
      vertex -50.6558 -9.28629 -4.3
      vertex -50.6558 -9.28629 -6.5
    endloop
  endfacet
  facet normal -0.978615 -0.205702 0
    outer loop
      vertex -50.1071 -11.8967 -6.5
      vertex -50.1071 -11.8967 -4.3
      vertex -50.6558 -9.28629 -4.3
    endloop
  endfacet
  facet normal -0.966638 -0.256148 0
    outer loop
      vertex -49.4238 -14.4753 -6.5
      vertex -50.1071 -11.8967 -4.3
      vertex -50.1071 -11.8967 -6.5
    endloop
  endfacet
  facet normal -0.966638 -0.256148 0
    outer loop
      vertex -49.4238 -14.4753 -6.5
      vertex -49.4238 -14.4753 -4.3
      vertex -50.1071 -11.8967 -4.3
    endloop
  endfacet
  facet normal -0.952087 -0.305828 0
    outer loop
      vertex -48.608 -17.015 -6.5
      vertex -49.4238 -14.4753 -4.3
      vertex -49.4238 -14.4753 -6.5
    endloop
  endfacet
  facet normal -0.952087 -0.305828 0
    outer loop
      vertex -48.608 -17.015 -6.5
      vertex -48.608 -17.015 -4.3
      vertex -49.4238 -14.4753 -4.3
    endloop
  endfacet
  facet normal -0.934973 -0.35472 0
    outer loop
      vertex -47.6618 -19.509 -6.5
      vertex -48.608 -17.015 -4.3
      vertex -48.608 -17.015 -6.5
    endloop
  endfacet
  facet normal -0.934973 -0.35472 0
    outer loop
      vertex -47.6618 -19.509 -6.5
      vertex -47.6618 -19.509 -4.3
      vertex -48.608 -17.015 -4.3
    endloop
  endfacet
  facet normal -0.915355 -0.402647 0
    outer loop
      vertex -46.5877 -21.9508 -6.5
      vertex -47.6618 -19.509 -4.3
      vertex -47.6618 -19.509 -6.5
    endloop
  endfacet
  facet normal -0.915355 -0.402647 0
    outer loop
      vertex -46.5877 -21.9508 -6.5
      vertex -46.5877 -21.9508 -4.3
      vertex -47.6618 -19.509 -4.3
    endloop
  endfacet
  facet normal -0.89327 -0.449521 0
    outer loop
      vertex -45.3886 -24.3336 -6.5
      vertex -46.5877 -21.9508 -4.3
      vertex -46.5877 -21.9508 -6.5
    endloop
  endfacet
  facet normal -0.89327 -0.449521 0
    outer loop
      vertex -45.3886 -24.3336 -6.5
      vertex -45.3886 -24.3336 -4.3
      vertex -46.5877 -21.9508 -4.3
    endloop
  endfacet
  facet normal -0.868789 -0.495182 0
    outer loop
      vertex -44.0677 -26.6511 -6.5
      vertex -45.3886 -24.3336 -4.3
      vertex -45.3886 -24.3336 -6.5
    endloop
  endfacet
  facet normal -0.868789 -0.495182 0
    outer loop
      vertex -44.0677 -26.6511 -6.5
      vertex -44.0677 -26.6511 -4.3
      vertex -45.3886 -24.3336 -4.3
    endloop
  endfacet
  facet normal -0.842017 -0.539451 0
    outer loop
      vertex -42.6287 -28.8972 -6.5
      vertex -44.0677 -26.6511 -4.3
      vertex -44.0677 -26.6511 -6.5
    endloop
  endfacet
  facet normal -0.842017 -0.539451 0
    outer loop
      vertex -42.6287 -28.8972 -6.5
      vertex -42.6287 -28.8972 -4.3
      vertex -44.0677 -26.6511 -4.3
    endloop
  endfacet
  facet normal -0.812922 -0.582372 0
    outer loop
      vertex -41.0752 -31.0657 -6.5
      vertex -42.6287 -28.8972 -4.3
      vertex -42.6287 -28.8972 -6.5
    endloop
  endfacet
  facet normal -0.812922 -0.582372 0
    outer loop
      vertex -41.0752 -31.0657 -6.5
      vertex -41.0752 -31.0657 -4.3
      vertex -42.6287 -28.8972 -4.3
    endloop
  endfacet
  facet normal -0.781687 -0.62367 0
    outer loop
      vertex -39.4116 -33.1508 -6.5
      vertex -41.0752 -31.0657 -4.3
      vertex -41.0752 -31.0657 -6.5
    endloop
  endfacet
  facet normal -0.781687 -0.62367 0
    outer loop
      vertex -39.4116 -33.1508 -6.5
      vertex -39.4116 -33.1508 -4.3
      vertex -41.0752 -31.0657 -4.3
    endloop
  endfacet
  facet normal -0.748356 -0.663297 0
    outer loop
      vertex -37.6422 -35.1471 -6.5
      vertex -39.4116 -33.1508 -4.3
      vertex -39.4116 -33.1508 -6.5
    endloop
  endfacet
  facet normal -0.748356 -0.663297 0
    outer loop
      vertex -37.6422 -35.1471 -6.5
      vertex -37.6422 -35.1471 -4.3
      vertex -39.4116 -33.1508 -4.3
    endloop
  endfacet
  facet normal -0.712987 -0.701178 0
    outer loop
      vertex -35.7718 -37.049 -6.5
      vertex -37.6422 -35.1471 -4.3
      vertex -37.6422 -35.1471 -6.5
    endloop
  endfacet
  facet normal -0.712987 -0.701178 0
    outer loop
      vertex -35.7718 -37.049 -6.5
      vertex -35.7718 -37.049 -4.3
      vertex -37.6422 -35.1471 -4.3
    endloop
  endfacet
  facet normal -0.675718 -0.73716 0
    outer loop
      vertex -33.8054 -38.8515 -6.5
      vertex -35.7718 -37.049 -4.3
      vertex -35.7718 -37.049 -6.5
    endloop
  endfacet
  facet normal -0.675718 -0.73716 0
    outer loop
      vertex -33.8054 -38.8515 -6.5
      vertex -33.8054 -38.8515 -4.3
      vertex -35.7718 -37.049 -4.3
    endloop
  endfacet
  facet normal -0.636667 -0.771139 0
    outer loop
      vertex -31.7484 -40.5498 -6.5
      vertex -33.8054 -38.8515 -4.3
      vertex -33.8054 -38.8515 -6.5
    endloop
  endfacet
  facet normal -0.636667 -0.771139 0
    outer loop
      vertex -31.7484 -40.5498 -6.5
      vertex -31.7484 -40.5498 -4.3
      vertex -33.8054 -38.8515 -4.3
    endloop
  endfacet
  facet normal -0.595877 -0.803075 0
    outer loop
      vertex -29.6062 -42.1393 -6.5
      vertex -31.7484 -40.5498 -4.3
      vertex -31.7484 -40.5498 -6.5
    endloop
  endfacet
  facet normal -0.595877 -0.803075 0
    outer loop
      vertex -29.6062 -42.1393 -6.5
      vertex -29.6062 -42.1393 -4.3
      vertex -31.7484 -40.5498 -4.3
    endloop
  endfacet
  facet normal -0.553497 -0.832851 0
    outer loop
      vertex -27.3845 -43.6158 -6.5
      vertex -29.6062 -42.1393 -4.3
      vertex -29.6062 -42.1393 -6.5
    endloop
  endfacet
  facet normal -0.553497 -0.832851 0
    outer loop
      vertex -27.3845 -43.6158 -6.5
      vertex -27.3845 -43.6158 -4.3
      vertex -29.6062 -42.1393 -4.3
    endloop
  endfacet
  facet normal -0.509619 -0.8604 0
    outer loop
      vertex -25.0894 -44.9752 -6.5
      vertex -27.3845 -43.6158 -4.3
      vertex -27.3845 -43.6158 -6.5
    endloop
  endfacet
  facet normal -0.509619 -0.8604 0
    outer loop
      vertex -25.0894 -44.9752 -6.5
      vertex -25.0894 -44.9752 -4.3
      vertex -27.3845 -43.6158 -4.3
    endloop
  endfacet
  facet normal -0.464405 -0.885623 0
    outer loop
      vertex -22.727 -46.214 -6.5
      vertex -25.0894 -44.9752 -4.3
      vertex -25.0894 -44.9752 -6.5
    endloop
  endfacet
  facet normal -0.464405 -0.885623 0
    outer loop
      vertex -22.727 -46.214 -6.5
      vertex -22.727 -46.214 -4.3
      vertex -25.0894 -44.9752 -4.3
    endloop
  endfacet
  facet normal -0.417917 -0.908485 0
    outer loop
      vertex -20.3036 -47.3288 -6.5
      vertex -22.727 -46.214 -4.3
      vertex -22.727 -46.214 -6.5
    endloop
  endfacet
  facet normal -0.417917 -0.908485 0
    outer loop
      vertex -20.3036 -47.3288 -6.5
      vertex -20.3036 -47.3288 -4.3
      vertex -22.727 -46.214 -4.3
    endloop
  endfacet
  facet normal -0.370305 -0.92891 0
    outer loop
      vertex -17.8257 -48.3166 -6.5
      vertex -20.3036 -47.3288 -4.3
      vertex -20.3036 -47.3288 -6.5
    endloop
  endfacet
  facet normal -0.370305 -0.92891 0
    outer loop
      vertex -17.8257 -48.3166 -6.5
      vertex -17.8257 -48.3166 -4.3
      vertex -20.3036 -47.3288 -4.3
    endloop
  endfacet
  facet normal -0.321722 -0.946834 0
    outer loop
      vertex -15.3 -49.1748 -6.5
      vertex -17.8257 -48.3166 -4.3
      vertex -17.8257 -48.3166 -6.5
    endloop
  endfacet
  facet normal -0.321722 -0.946834 0
    outer loop
      vertex -15.3 -49.1748 -6.5
      vertex -15.3 -49.1748 -4.3
      vertex -17.8257 -48.3166 -4.3
    endloop
  endfacet
  facet normal -0.272235 -0.962231 0
    outer loop
      vertex -12.7332 -49.901 -6.5
      vertex -15.3 -49.1748 -4.3
      vertex -15.3 -49.1748 -6.5
    endloop
  endfacet
  facet normal -0.272235 -0.962231 0
    outer loop
      vertex -12.7332 -49.901 -6.5
      vertex -12.7332 -49.901 -4.3
      vertex -15.3 -49.1748 -4.3
    endloop
  endfacet
  facet normal -0.22208 -0.975029 0
    outer loop
      vertex -10.1323 -50.4934 -6.5
      vertex -12.7332 -49.901 -4.3
      vertex -12.7332 -49.901 -6.5
    endloop
  endfacet
  facet normal -0.22208 -0.975029 0
    outer loop
      vertex -10.1323 -50.4934 -6.5
      vertex -10.1323 -50.4934 -4.3
      vertex -12.7332 -49.901 -4.3
    endloop
  endfacet
  facet normal -0.171283 -0.985222 0
    outer loop
      vertex -7.50421 -50.9503 -6.5
      vertex -10.1323 -50.4934 -4.3
      vertex -10.1323 -50.4934 -6.5
    endloop
  endfacet
  facet normal -0.171283 -0.985222 0
    outer loop
      vertex -7.50421 -50.9503 -6.5
      vertex -7.50421 -50.9503 -4.3
      vertex -10.1323 -50.4934 -4.3
    endloop
  endfacet
  facet normal -0.120036 -0.99277 0
    outer loop
      vertex -4.85597 -51.2705 -6.5
      vertex -7.50421 -50.9503 -4.3
      vertex -7.50421 -50.9503 -6.5
    endloop
  endfacet
  facet normal -0.120036 -0.99277 0
    outer loop
      vertex -4.85597 -51.2705 -6.5
      vertex -4.85597 -51.2705 -4.3
      vertex -7.50421 -50.9503 -4.3
    endloop
  endfacet
  facet normal -0.0684907 -0.997652 0
    outer loop
      vertex -2.19472 -51.4532 -6.5
      vertex -4.85597 -51.2705 -4.3
      vertex -4.85597 -51.2705 -6.5
    endloop
  endfacet
  facet normal -0.0684907 -0.997652 0
    outer loop
      vertex -2.19472 -51.4532 -6.5
      vertex -2.19472 -51.4532 -4.3
      vertex -4.85597 -51.2705 -4.3
    endloop
  endfacet
  facet normal -0.0167197 -0.99986 0
    outer loop
      vertex 0.472412 -51.4978 -6.5
      vertex -2.19472 -51.4532 -4.3
      vertex -2.19472 -51.4532 -6.5
    endloop
  endfacet
  facet normal -0.0167197 -0.99986 0
    outer loop
      vertex 0.472412 -51.4978 -6.5
      vertex 0.472412 -51.4978 -4.3
      vertex -2.19472 -51.4532 -4.3
    endloop
  endfacet
  facet normal 0.0350513 -0.999386 0
    outer loop
      vertex 3.13829 -51.4043 -6.5
      vertex 0.472412 -51.4978 -4.3
      vertex 0.472412 -51.4978 -6.5
    endloop
  endfacet
  facet normal 0.0350513 -0.999386 0
    outer loop
      vertex 3.13829 -51.4043 -6.5
      vertex 3.13829 -51.4043 -4.3
      vertex 0.472412 -51.4978 -4.3
    endloop
  endfacet
  facet normal 0.0784301 0.99692 -0
    outer loop
      vertex -5.12189 -48.7316 -6.5
      vertex -5.12189 -48.7316 -4.3
      vertex -2.56445 -48.9328 -6.5
    endloop
  endfacet
  facet normal 0.0784301 0.99692 0
    outer loop
      vertex -2.56445 -48.9328 -4.3
      vertex -2.56445 -48.9328 -6.5
      vertex -5.12189 -48.7316 -4.3
    endloop
  endfacet
  facet normal 0.130548 0.991442 -0
    outer loop
      vertex -7.66528 -48.3967 -6.5
      vertex -7.66528 -48.3967 -4.3
      vertex -5.12189 -48.7316 -6.5
    endloop
  endfacet
  facet normal 0.130548 0.991442 0
    outer loop
      vertex -5.12189 -48.7316 -4.3
      vertex -5.12189 -48.7316 -6.5
      vertex -7.66528 -48.3967 -4.3
    endloop
  endfacet
  facet normal 0.182234 0.983255 -0
    outer loop
      vertex -10.1877 -47.9292 -6.5
      vertex -10.1877 -47.9292 -4.3
      vertex -7.66528 -48.3967 -6.5
    endloop
  endfacet
  facet normal 0.182234 0.983255 0
    outer loop
      vertex -7.66528 -48.3967 -4.3
      vertex -7.66528 -48.3967 -6.5
      vertex -10.1877 -47.9292 -4.3
    endloop
  endfacet
  facet normal 0.233426 0.972375 -0
    outer loop
      vertex -12.6821 -47.3304 -6.5
      vertex -12.6821 -47.3304 -4.3
      vertex -10.1877 -47.9292 -6.5
    endloop
  endfacet
  facet normal 0.233426 0.972375 0
    outer loop
      vertex -10.1877 -47.9292 -4.3
      vertex -10.1877 -47.9292 -6.5
      vertex -12.6821 -47.3304 -4.3
    endloop
  endfacet
  facet normal 0.284017 0.958819 -0
    outer loop
      vertex -15.1418 -46.6018 -6.5
      vertex -15.1418 -46.6018 -4.3
      vertex -12.6821 -47.3304 -6.5
    endloop
  endfacet
  facet normal 0.284017 0.958819 0
    outer loop
      vertex -12.6821 -47.3304 -4.3
      vertex -12.6821 -47.3304 -6.5
      vertex -15.1418 -46.6018 -4.3
    endloop
  endfacet
  facet normal 0.333831 0.942633 -0
    outer loop
      vertex -17.56 -45.7454 -6.5
      vertex -17.56 -45.7454 -4.3
      vertex -15.1418 -46.6018 -6.5
    endloop
  endfacet
  facet normal 0.333831 0.942633 0
    outer loop
      vertex -15.1418 -46.6018 -4.3
      vertex -15.1418 -46.6018 -6.5
      vertex -17.56 -45.7454 -4.3
    endloop
  endfacet
  facet normal 0.382674 0.923883 -0
    outer loop
      vertex -19.9301 -44.7637 -6.5
      vertex -19.9301 -44.7637 -4.3
      vertex -17.56 -45.7454 -6.5
    endloop
  endfacet
  facet normal 0.382674 0.923883 0
    outer loop
      vertex -17.56 -45.7454 -4.3
      vertex -17.56 -45.7454 -6.5
      vertex -19.9301 -44.7637 -4.3
    endloop
  endfacet
  facet normal 0.430515 0.902584 -0
    outer loop
      vertex -22.2455 -43.6593 -6.5
      vertex -22.2455 -43.6593 -4.3
      vertex -19.9301 -44.7637 -6.5
    endloop
  endfacet
  facet normal 0.430515 0.902584 0
    outer loop
      vertex -19.9301 -44.7637 -4.3
      vertex -19.9301 -44.7637 -6.5
      vertex -22.2455 -43.6593 -4.3
    endloop
  endfacet
  facet normal 0.477161 0.878816 -0
    outer loop
      vertex -24.5 -42.4352 -6.5
      vertex -24.5 -42.4352 -4.3
      vertex -22.2455 -43.6593 -6.5
    endloop
  endfacet
  facet normal 0.477161 0.878816 0
    outer loop
      vertex -22.2455 -43.6593 -4.3
      vertex -22.2455 -43.6593 -6.5
      vertex -24.5 -42.4352 -4.3
    endloop
  endfacet
  facet normal 0.522504 0.852637 -0
    outer loop
      vertex -26.6873 -41.0948 -6.5
      vertex -26.6873 -41.0948 -4.3
      vertex -24.5 -42.4352 -6.5
    endloop
  endfacet
  facet normal 0.522504 0.852637 0
    outer loop
      vertex -24.5 -42.4352 -4.3
      vertex -24.5 -42.4352 -6.5
      vertex -26.6873 -41.0948 -4.3
    endloop
  endfacet
  facet normal 0.566393 0.824135 -0
    outer loop
      vertex -28.8015 -39.6418 -6.5
      vertex -28.8015 -39.6418 -4.3
      vertex -26.6873 -41.0948 -6.5
    endloop
  endfacet
  facet normal 0.566393 0.824135 0
    outer loop
      vertex -26.6873 -41.0948 -4.3
      vertex -26.6873 -41.0948 -6.5
      vertex -28.8015 -39.6418 -4.3
    endloop
  endfacet
  facet normal 0.60877 0.793347 -0
    outer loop
      vertex -30.8367 -38.0801 -6.5
      vertex -30.8367 -38.0801 -4.3
      vertex -28.8015 -39.6418 -6.5
    endloop
  endfacet
  facet normal 0.60877 0.793347 0
    outer loop
      vertex -28.8015 -39.6418 -4.3
      vertex -28.8015 -39.6418 -6.5
      vertex -30.8367 -38.0801 -4.3
    endloop
  endfacet
  facet normal 0.649436 0.760417 -0
    outer loop
      vertex -32.7874 -36.4141 -6.5
      vertex -32.7874 -36.4141 -4.3
      vertex -30.8367 -38.0801 -6.5
    endloop
  endfacet
  facet normal 0.649436 0.760417 0
    outer loop
      vertex -30.8367 -38.0801 -4.3
      vertex -30.8367 -38.0801 -6.5
      vertex -32.7874 -36.4141 -4.3
    endloop
  endfacet
  facet normal 0.688368 0.725361 -0
    outer loop
      vertex -34.6482 -34.6482 -6.5
      vertex -34.6482 -34.6482 -4.3
      vertex -32.7874 -36.4141 -6.5
    endloop
  endfacet
  facet normal 0.688368 0.725361 0
    outer loop
      vertex -32.7874 -36.4141 -4.3
      vertex -32.7874 -36.4141 -6.5
      vertex -34.6482 -34.6482 -4.3
    endloop
  endfacet
  facet normal 0.725361 0.688368 -0
    outer loop
      vertex -36.4141 -32.7874 -6.5
      vertex -36.4141 -32.7874 -4.3
      vertex -34.6482 -34.6482 -6.5
    endloop
  endfacet
  facet normal 0.725361 0.688368 0
    outer loop
      vertex -34.6482 -34.6482 -4.3
      vertex -34.6482 -34.6482 -6.5
      vertex -36.4141 -32.7874 -4.3
    endloop
  endfacet
  facet normal 0.760417 0.649436 -0
    outer loop
      vertex -38.0801 -30.8367 -6.5
      vertex -38.0801 -30.8367 -4.3
      vertex -36.4141 -32.7874 -6.5
    endloop
  endfacet
  facet normal 0.760417 0.649436 0
    outer loop
      vertex -36.4141 -32.7874 -4.3
      vertex -36.4141 -32.7874 -6.5
      vertex -38.0801 -30.8367 -4.3
    endloop
  endfacet
  facet normal 0.793347 0.60877 -0
    outer loop
      vertex -39.6418 -28.8015 -6.5
      vertex -39.6418 -28.8015 -4.3
      vertex -38.0801 -30.8367 -6.5
    endloop
  endfacet
  facet normal 0.793347 0.60877 0
    outer loop
      vertex -38.0801 -30.8367 -4.3
      vertex -38.0801 -30.8367 -6.5
      vertex -39.6418 -28.8015 -4.3
    endloop
  endfacet
  facet normal 0.824135 0.566393 -0
    outer loop
      vertex -41.0948 -26.6873 -6.5
      vertex -41.0948 -26.6873 -4.3
      vertex -39.6418 -28.8015 -6.5
    endloop
  endfacet
  facet normal 0.824135 0.566393 0
    outer loop
      vertex -39.6418 -28.8015 -4.3
      vertex -39.6418 -28.8015 -6.5
      vertex -41.0948 -26.6873 -4.3
    endloop
  endfacet
  facet normal 0.852637 0.522504 -0
    outer loop
      vertex -42.4352 -24.5 -6.5
      vertex -42.4352 -24.5 -4.3
      vertex -41.0948 -26.6873 -6.5
    endloop
  endfacet
  facet normal 0.852637 0.522504 0
    outer loop
      vertex -41.0948 -26.6873 -4.3
      vertex -41.0948 -26.6873 -6.5
      vertex -42.4352 -24.5 -4.3
    endloop
  endfacet
  facet normal 0.878816 0.477161 -0
    outer loop
      vertex -43.6593 -22.2455 -6.5
      vertex -43.6593 -22.2455 -4.3
      vertex -42.4352 -24.5 -6.5
    endloop
  endfacet
  facet normal 0.878816 0.477161 0
    outer loop
      vertex -42.4352 -24.5 -4.3
      vertex -42.4352 -24.5 -6.5
      vertex -43.6593 -22.2455 -4.3
    endloop
  endfacet
  facet normal 0.902584 0.430515 -0
    outer loop
      vertex -44.7637 -19.9301 -6.5
      vertex -44.7637 -19.9301 -4.3
      vertex -43.6593 -22.2455 -6.5
    endloop
  endfacet
  facet normal 0.902584 0.430515 0
    outer loop
      vertex -43.6593 -22.2455 -4.3
      vertex -43.6593 -22.2455 -6.5
      vertex -44.7637 -19.9301 -4.3
    endloop
  endfacet
  facet normal 0.923883 0.382674 -0
    outer loop
      vertex -45.7454 -17.56 -6.5
      vertex -45.7454 -17.56 -4.3
      vertex -44.7637 -19.9301 -6.5
    endloop
  endfacet
  facet normal 0.923883 0.382674 0
    outer loop
      vertex -44.7637 -19.9301 -4.3
      vertex -44.7637 -19.9301 -6.5
      vertex -45.7454 -17.56 -4.3
    endloop
  endfacet
  facet normal 0.942633 0.333831 -0
    outer loop
      vertex -46.6018 -15.1418 -6.5
      vertex -46.6018 -15.1418 -4.3
      vertex -45.7454 -17.56 -6.5
    endloop
  endfacet
  facet normal 0.942633 0.333831 0
    outer loop
      vertex -45.7454 -17.56 -4.3
      vertex -45.7454 -17.56 -6.5
      vertex -46.6018 -15.1418 -4.3
    endloop
  endfacet
  facet normal 0.958819 0.284017 -0
    outer loop
      vertex -47.3304 -12.6821 -6.5
      vertex -47.3304 -12.6821 -4.3
      vertex -46.6018 -15.1418 -6.5
    endloop
  endfacet
  facet normal 0.958819 0.284017 0
    outer loop
      vertex -46.6018 -15.1418 -4.3
      vertex -46.6018 -15.1418 -6.5
      vertex -47.3304 -12.6821 -4.3
    endloop
  endfacet
  facet normal 0.972375 0.233426 -0
    outer loop
      vertex -47.9292 -10.1877 -6.5
      vertex -47.9292 -10.1877 -4.3
      vertex -47.3304 -12.6821 -6.5
    endloop
  endfacet
  facet normal 0.972375 0.233426 0
    outer loop
      vertex -47.3304 -12.6821 -4.3
      vertex -47.3304 -12.6821 -6.5
      vertex -47.9292 -10.1877 -4.3
    endloop
  endfacet
  facet normal 0.983255 0.182234 -0
    outer loop
      vertex -48.3967 -7.66528 -6.5
      vertex -48.3967 -7.66528 -4.3
      vertex -47.9292 -10.1877 -6.5
    endloop
  endfacet
  facet normal 0.983255 0.182234 0
    outer loop
      vertex -47.9292 -10.1877 -4.3
      vertex -47.9292 -10.1877 -6.5
      vertex -48.3967 -7.66528 -4.3
    endloop
  endfacet
  facet normal 0.991442 0.130548 -0
    outer loop
      vertex -48.7316 -5.12189 -6.5
      vertex -48.7316 -5.12189 -4.3
      vertex -48.3967 -7.66528 -6.5
    endloop
  endfacet
  facet normal 0.991442 0.130548 0
    outer loop
      vertex -48.3967 -7.66528 -4.3
      vertex -48.3967 -7.66528 -6.5
      vertex -48.7316 -5.12189 -4.3
    endloop
  endfacet
  facet normal 0.99692 0.0784301 -0
    outer loop
      vertex -48.9328 -2.56445 -6.5
      vertex -48.9328 -2.56445 -4.3
      vertex -48.7316 -5.12189 -6.5
    endloop
  endfacet
  facet normal 0.99692 0.0784301 0
    outer loop
      vertex -48.7316 -5.12189 -4.3
      vertex -48.7316 -5.12189 -6.5
      vertex -48.9328 -2.56445 -4.3
    endloop
  endfacet
  facet normal 0.999657 0.0261955 -0
    outer loop
      vertex -49 0 -6.5
      vertex -49 0 -4.3
      vertex -48.9328 -2.56445 -6.5
    endloop
  endfacet
  facet normal 0.999657 0.0261955 0
    outer loop
      vertex -48.9328 -2.56445 -4.3
      vertex -48.9328 -2.56445 -6.5
      vertex -49 0 -4.3
    endloop
  endfacet
  facet normal 0.999657 -0.0261955 0
    outer loop
      vertex -48.9328 2.56445 -6.5
      vertex -48.9328 2.56445 -4.3
      vertex -49 0 -6.5
    endloop
  endfacet
  facet normal 0.999657 -0.0261955 0
    outer loop
      vertex -49 0 -4.3
      vertex -49 0 -6.5
      vertex -48.9328 2.56445 -4.3
    endloop
  endfacet
  facet normal 0.99692 -0.0784301 0
    outer loop
      vertex -48.7316 5.12189 -6.5
      vertex -48.7316 5.12189 -4.3
      vertex -48.9328 2.56445 -6.5
    endloop
  endfacet
  facet normal 0.99692 -0.0784301 0
    outer loop
      vertex -48.9328 2.56445 -4.3
      vertex -48.9328 2.56445 -6.5
      vertex -48.7316 5.12189 -4.3
    endloop
  endfacet
  facet normal 0.991442 -0.130548 0
    outer loop
      vertex -48.3967 7.66528 -6.5
      vertex -48.3967 7.66528 -4.3
      vertex -48.7316 5.12189 -6.5
    endloop
  endfacet
  facet normal 0.991442 -0.130548 0
    outer loop
      vertex -48.7316 5.12189 -4.3
      vertex -48.7316 5.12189 -6.5
      vertex -48.3967 7.66528 -4.3
    endloop
  endfacet
  facet normal 0.983255 -0.182234 0
    outer loop
      vertex -47.9292 10.1877 -6.5
      vertex -47.9292 10.1877 -4.3
      vertex -48.3967 7.66528 -6.5
    endloop
  endfacet
  facet normal 0.983255 -0.182234 0
    outer loop
      vertex -48.3967 7.66528 -4.3
      vertex -48.3967 7.66528 -6.5
      vertex -47.9292 10.1877 -4.3
    endloop
  endfacet
  facet normal 0.972375 -0.233426 0
    outer loop
      vertex -47.3304 12.6821 -6.5
      vertex -47.3304 12.6821 -4.3
      vertex -47.9292 10.1877 -6.5
    endloop
  endfacet
  facet normal 0.972375 -0.233426 0
    outer loop
      vertex -47.9292 10.1877 -4.3
      vertex -47.9292 10.1877 -6.5
      vertex -47.3304 12.6821 -4.3
    endloop
  endfacet
  facet normal 0.958819 -0.284017 0
    outer loop
      vertex -46.6018 15.1418 -6.5
      vertex -46.6018 15.1418 -4.3
      vertex -47.3304 12.6821 -6.5
    endloop
  endfacet
  facet normal 0.958819 -0.284017 0
    outer loop
      vertex -47.3304 12.6821 -4.3
      vertex -47.3304 12.6821 -6.5
      vertex -46.6018 15.1418 -4.3
    endloop
  endfacet
  facet normal 0.942633 -0.333831 0
    outer loop
      vertex -45.7454 17.56 -6.5
      vertex -45.7454 17.56 -4.3
      vertex -46.6018 15.1418 -6.5
    endloop
  endfacet
  facet normal 0.942633 -0.333831 0
    outer loop
      vertex -46.6018 15.1418 -4.3
      vertex -46.6018 15.1418 -6.5
      vertex -45.7454 17.56 -4.3
    endloop
  endfacet
  facet normal 0.923883 -0.382674 0
    outer loop
      vertex -44.7637 19.9301 -6.5
      vertex -44.7637 19.9301 -4.3
      vertex -45.7454 17.56 -6.5
    endloop
  endfacet
  facet normal 0.923883 -0.382674 0
    outer loop
      vertex -45.7454 17.56 -4.3
      vertex -45.7454 17.56 -6.5
      vertex -44.7637 19.9301 -4.3
    endloop
  endfacet
  facet normal 0.902584 -0.430515 0
    outer loop
      vertex -43.6593 22.2455 -6.5
      vertex -43.6593 22.2455 -4.3
      vertex -44.7637 19.9301 -6.5
    endloop
  endfacet
  facet normal 0.902584 -0.430515 0
    outer loop
      vertex -44.7637 19.9301 -4.3
      vertex -44.7637 19.9301 -6.5
      vertex -43.6593 22.2455 -4.3
    endloop
  endfacet
  facet normal 0.878816 -0.477161 0
    outer loop
      vertex -42.4352 24.5 -6.5
      vertex -42.4352 24.5 -4.3
      vertex -43.6593 22.2455 -6.5
    endloop
  endfacet
  facet normal 0.878816 -0.477161 0
    outer loop
      vertex -43.6593 22.2455 -4.3
      vertex -43.6593 22.2455 -6.5
      vertex -42.4352 24.5 -4.3
    endloop
  endfacet
  facet normal 0.852637 -0.522504 0
    outer loop
      vertex -41.0948 26.6873 -6.5
      vertex -41.0948 26.6873 -4.3
      vertex -42.4352 24.5 -6.5
    endloop
  endfacet
  facet normal 0.852637 -0.522504 0
    outer loop
      vertex -42.4352 24.5 -4.3
      vertex -42.4352 24.5 -6.5
      vertex -41.0948 26.6873 -4.3
    endloop
  endfacet
  facet normal 0.824135 -0.566393 0
    outer loop
      vertex -39.6418 28.8015 -6.5
      vertex -39.6418 28.8015 -4.3
      vertex -41.0948 26.6873 -6.5
    endloop
  endfacet
  facet normal 0.824135 -0.566393 0
    outer loop
      vertex -41.0948 26.6873 -4.3
      vertex -41.0948 26.6873 -6.5
      vertex -39.6418 28.8015 -4.3
    endloop
  endfacet
  facet normal 0.793347 -0.60877 0
    outer loop
      vertex -38.0801 30.8367 -6.5
      vertex -38.0801 30.8367 -4.3
      vertex -39.6418 28.8015 -6.5
    endloop
  endfacet
  facet normal 0.793347 -0.60877 0
    outer loop
      vertex -39.6418 28.8015 -4.3
      vertex -39.6418 28.8015 -6.5
      vertex -38.0801 30.8367 -4.3
    endloop
  endfacet
  facet normal 0.760417 -0.649436 0
    outer loop
      vertex -36.4141 32.7874 -6.5
      vertex -36.4141 32.7874 -4.3
      vertex -38.0801 30.8367 -6.5
    endloop
  endfacet
  facet normal 0.760417 -0.649436 0
    outer loop
      vertex -38.0801 30.8367 -4.3
      vertex -38.0801 30.8367 -6.5
      vertex -36.4141 32.7874 -4.3
    endloop
  endfacet
  facet normal 0.725361 -0.688368 0
    outer loop
      vertex -34.6482 34.6482 -6.5
      vertex -34.6482 34.6482 -4.3
      vertex -36.4141 32.7874 -6.5
    endloop
  endfacet
  facet normal 0.725361 -0.688368 0
    outer loop
      vertex -36.4141 32.7874 -4.3
      vertex -36.4141 32.7874 -6.5
      vertex -34.6482 34.6482 -4.3
    endloop
  endfacet
  facet normal 0.688368 -0.725361 0
    outer loop
      vertex -32.7874 36.4141 -6.5
      vertex -32.7874 36.4141 -4.3
      vertex -34.6482 34.6482 -6.5
    endloop
  endfacet
  facet normal 0.688368 -0.725361 0
    outer loop
      vertex -34.6482 34.6482 -4.3
      vertex -34.6482 34.6482 -6.5
      vertex -32.7874 36.4141 -4.3
    endloop
  endfacet
  facet normal 0.649436 -0.760417 0
    outer loop
      vertex -30.8367 38.0801 -6.5
      vertex -30.8367 38.0801 -4.3
      vertex -32.7874 36.4141 -6.5
    endloop
  endfacet
  facet normal 0.649436 -0.760417 0
    outer loop
      vertex -32.7874 36.4141 -4.3
      vertex -32.7874 36.4141 -6.5
      vertex -30.8367 38.0801 -4.3
    endloop
  endfacet
  facet normal 0.60877 -0.793347 0
    outer loop
      vertex -28.8015 39.6418 -6.5
      vertex -28.8015 39.6418 -4.3
      vertex -30.8367 38.0801 -6.5
    endloop
  endfacet
  facet normal 0.60877 -0.793347 0
    outer loop
      vertex -30.8367 38.0801 -4.3
      vertex -30.8367 38.0801 -6.5
      vertex -28.8015 39.6418 -4.3
    endloop
  endfacet
  facet normal 0.566393 -0.824135 0
    outer loop
      vertex -26.6873 41.0948 -6.5
      vertex -26.6873 41.0948 -4.3
      vertex -28.8015 39.6418 -6.5
    endloop
  endfacet
  facet normal 0.566393 -0.824135 0
    outer loop
      vertex -28.8015 39.6418 -4.3
      vertex -28.8015 39.6418 -6.5
      vertex -26.6873 41.0948 -4.3
    endloop
  endfacet
  facet normal 0.522504 -0.852637 0
    outer loop
      vertex -24.5 42.4352 -6.5
      vertex -24.5 42.4352 -4.3
      vertex -26.6873 41.0948 -6.5
    endloop
  endfacet
  facet normal 0.522504 -0.852637 0
    outer loop
      vertex -26.6873 41.0948 -4.3
      vertex -26.6873 41.0948 -6.5
      vertex -24.5 42.4352 -4.3
    endloop
  endfacet
  facet normal 0.477161 -0.878816 0
    outer loop
      vertex -22.2455 43.6593 -6.5
      vertex -22.2455 43.6593 -4.3
      vertex -24.5 42.4352 -6.5
    endloop
  endfacet
  facet normal 0.477161 -0.878816 0
    outer loop
      vertex -24.5 42.4352 -4.3
      vertex -24.5 42.4352 -6.5
      vertex -22.2455 43.6593 -4.3
    endloop
  endfacet
  facet normal 0.430515 -0.902584 0
    outer loop
      vertex -19.9301 44.7637 -6.5
      vertex -19.9301 44.7637 -4.3
      vertex -22.2455 43.6593 -6.5
    endloop
  endfacet
  facet normal 0.430515 -0.902584 0
    outer loop
      vertex -22.2455 43.6593 -4.3
      vertex -22.2455 43.6593 -6.5
      vertex -19.9301 44.7637 -4.3
    endloop
  endfacet
  facet normal 0.382674 -0.923883 0
    outer loop
      vertex -17.56 45.7454 -6.5
      vertex -17.56 45.7454 -4.3
      vertex -19.9301 44.7637 -6.5
    endloop
  endfacet
  facet normal 0.382674 -0.923883 0
    outer loop
      vertex -19.9301 44.7637 -4.3
      vertex -19.9301 44.7637 -6.5
      vertex -17.56 45.7454 -4.3
    endloop
  endfacet
  facet normal 0.333831 -0.942633 0
    outer loop
      vertex -15.1418 46.6018 -6.5
      vertex -15.1418 46.6018 -4.3
      vertex -17.56 45.7454 -6.5
    endloop
  endfacet
  facet normal 0.333831 -0.942633 0
    outer loop
      vertex -17.56 45.7454 -4.3
      vertex -17.56 45.7454 -6.5
      vertex -15.1418 46.6018 -4.3
    endloop
  endfacet
  facet normal 0.284017 -0.958819 0
    outer loop
      vertex -12.6821 47.3304 -6.5
      vertex -12.6821 47.3304 -4.3
      vertex -15.1418 46.6018 -6.5
    endloop
  endfacet
  facet normal 0.284017 -0.958819 0
    outer loop
      vertex -15.1418 46.6018 -4.3
      vertex -15.1418 46.6018 -6.5
      vertex -12.6821 47.3304 -4.3
    endloop
  endfacet
  facet normal 0.233426 -0.972375 0
    outer loop
      vertex -10.1877 47.9292 -6.5
      vertex -10.1877 47.9292 -4.3
      vertex -12.6821 47.3304 -6.5
    endloop
  endfacet
  facet normal 0.233426 -0.972375 0
    outer loop
      vertex -12.6821 47.3304 -4.3
      vertex -12.6821 47.3304 -6.5
      vertex -10.1877 47.9292 -4.3
    endloop
  endfacet
  facet normal 0.182234 -0.983255 0
    outer loop
      vertex -7.66528 48.3967 -6.5
      vertex -7.66528 48.3967 -4.3
      vertex -10.1877 47.9292 -6.5
    endloop
  endfacet
  facet normal 0.182234 -0.983255 0
    outer loop
      vertex -10.1877 47.9292 -4.3
      vertex -10.1877 47.9292 -6.5
      vertex -7.66528 48.3967 -4.3
    endloop
  endfacet
  facet normal 0.130548 -0.991442 0
    outer loop
      vertex -5.12189 48.7316 -6.5
      vertex -5.12189 48.7316 -4.3
      vertex -7.66528 48.3967 -6.5
    endloop
  endfacet
  facet normal 0.130548 -0.991442 0
    outer loop
      vertex -7.66528 48.3967 -4.3
      vertex -7.66528 48.3967 -6.5
      vertex -5.12189 48.7316 -4.3
    endloop
  endfacet
  facet normal 0.0784301 -0.99692 0
    outer loop
      vertex -2.56445 48.9328 -6.5
      vertex -2.56445 48.9328 -4.3
      vertex -5.12189 48.7316 -6.5
    endloop
  endfacet
  facet normal 0.0784301 -0.99692 0
    outer loop
      vertex -5.12189 48.7316 -4.3
      vertex -5.12189 48.7316 -6.5
      vertex -2.56445 48.9328 -4.3
    endloop
  endfacet
  facet normal 0.0261955 -0.999657 0
    outer loop
      vertex 0 49 -6.5
      vertex 0 49 -4.3
      vertex -2.56445 48.9328 -6.5
    endloop
  endfacet
  facet normal 0.0261955 -0.999657 0
    outer loop
      vertex -2.56445 48.9328 -4.3
      vertex -2.56445 48.9328 -6.5
      vertex 0 49 -4.3
    endloop
  endfacet
  facet normal -1 0 0
    outer loop
      vertex 0 41 -6.5
      vertex 0 41 -4.3
      vertex 0 49 -6.5
    endloop
  endfacet
  facet normal -1 -0 -0
    outer loop
      vertex 0 49 -4.3
      vertex 0 49 -6.5
      vertex 0 41 -4.3
    endloop
  endfacet
  facet normal -0.0261821 0.999657 0
    outer loop
      vertex -2.14577 40.9438 -6.5
      vertex -2.14577 40.9438 -4.3
      vertex 0 41 -6.5
    endloop
  endfacet
  facet normal -0.0261821 0.999657 0
    outer loop
      vertex 0 41 -4.3
      vertex 0 41 -6.5
      vertex -2.14577 40.9438 -4.3
    endloop
  endfacet
  facet normal -0.0784531 0.996918 0
    outer loop
      vertex -4.28566 40.7754 -6.5
      vertex -4.28566 40.7754 -4.3
      vertex -2.14577 40.9438 -6.5
    endloop
  endfacet
  facet normal -0.0784531 0.996918 0
    outer loop
      vertex -2.14577 40.9438 -4.3
      vertex -2.14577 40.9438 -6.5
      vertex -4.28566 40.7754 -4.3
    endloop
  endfacet
  facet normal -0.130538 0.991443 0
    outer loop
      vertex -6.4138 40.4952 -6.5
      vertex -6.4138 40.4952 -4.3
      vertex -4.28566 40.7754 -6.5
    endloop
  endfacet
  facet normal -0.130538 0.991443 0
    outer loop
      vertex -4.28566 40.7754 -4.3
      vertex -4.28566 40.7754 -6.5
      vertex -6.4138 40.4952 -4.3
    endloop
  endfacet
  facet normal -0.182249 0.983252 0
    outer loop
      vertex -8.52437 40.104 -6.5
      vertex -8.52437 40.104 -4.3
      vertex -6.4138 40.4952 -6.5
    endloop
  endfacet
  facet normal -0.182249 0.983252 0
    outer loop
      vertex -6.4138 40.4952 -4.3
      vertex -6.4138 40.4952 -6.5
      vertex -8.52437 40.104 -4.3
    endloop
  endfacet
  facet normal -0.233401 0.97238 0
    outer loop
      vertex -10.6116 39.603 -6.5
      vertex -10.6116 39.603 -4.3
      vertex -8.52437 40.104 -6.5
    endloop
  endfacet
  facet normal -0.233401 0.97238 0
    outer loop
      vertex -8.52437 40.104 -4.3
      vertex -8.52437 40.104 -6.5
      vertex -10.6116 39.603 -4.3
    endloop
  endfacet
  facet normal -0.284042 0.958812 0
    outer loop
      vertex -12.6697 38.9933 -6.5
      vertex -12.6697 38.9933 -4.3
      vertex -10.6116 39.603 -6.5
    endloop
  endfacet
  facet normal -0.284042 0.958812 0
    outer loop
      vertex -10.6116 39.603 -4.3
      vertex -10.6116 39.603 -6.5
      vertex -12.6697 38.9933 -4.3
    endloop
  endfacet
  facet normal -0.333797 0.942645 0
    outer loop
      vertex -14.6931 38.2768 -6.5
      vertex -14.6931 38.2768 -4.3
      vertex -12.6697 38.9933 -6.5
    endloop
  endfacet
  facet normal -0.333797 0.942645 0
    outer loop
      vertex -12.6697 38.9933 -4.3
      vertex -12.6697 38.9933 -6.5
      vertex -14.6931 38.2768 -4.3
    endloop
  endfacet
  facet normal -0.382673 0.923884 0
    outer loop
      vertex -16.6762 37.4554 -6.5
      vertex -16.6762 37.4554 -4.3
      vertex -14.6931 38.2768 -6.5
    endloop
  endfacet
  facet normal -0.382673 0.923884 0
    outer loop
      vertex -14.6931 38.2768 -4.3
      vertex -14.6931 38.2768 -6.5
      vertex -16.6762 37.4554 -4.3
    endloop
  endfacet
  facet normal -0.430514 0.902584 0
    outer loop
      vertex -18.6136 36.5313 -6.5
      vertex -18.6136 36.5313 -4.3
      vertex -16.6762 37.4554 -6.5
    endloop
  endfacet
  facet normal -0.430514 0.902584 0
    outer loop
      vertex -16.6762 37.4554 -4.3
      vertex -16.6762 37.4554 -6.5
      vertex -18.6136 36.5313 -4.3
    endloop
  endfacet
  facet normal -0.477183 0.878804 0
    outer loop
      vertex -20.5 35.507 -6.5
      vertex -20.5 35.507 -4.3
      vertex -18.6136 36.5313 -6.5
    endloop
  endfacet
  facet normal -0.477183 0.878804 0
    outer loop
      vertex -18.6136 36.5313 -4.3
      vertex -18.6136 36.5313 -6.5
      vertex -20.5 35.507 -4.3
    endloop
  endfacet
  facet normal -0.522482 0.85265 0
    outer loop
      vertex -22.3302 34.3855 -6.5
      vertex -22.3302 34.3855 -4.3
      vertex -20.5 35.507 -6.5
    endloop
  endfacet
  facet normal -0.522482 0.85265 0
    outer loop
      vertex -20.5 35.507 -4.3
      vertex -20.5 35.507 -6.5
      vertex -22.3302 34.3855 -4.3
    endloop
  endfacet
  facet normal -0.566406 0.824126 0
    outer loop
      vertex -24.0992 33.1697 -6.5
      vertex -24.0992 33.1697 -4.3
      vertex -22.3302 34.3855 -6.5
    endloop
  endfacet
  facet normal -0.566406 0.824126 0
    outer loop
      vertex -22.3302 34.3855 -4.3
      vertex -22.3302 34.3855 -6.5
      vertex -24.0992 33.1697 -4.3
    endloop
  endfacet
  facet normal -0.608767 0.793349 0
    outer loop
      vertex -25.8021 31.863 -6.5
      vertex -25.8021 31.863 -4.3
      vertex -24.0992 33.1697 -6.5
    endloop
  endfacet
  facet normal -0.608767 0.793349 0
    outer loop
      vertex -24.0992 33.1697 -4.3
      vertex -24.0992 33.1697 -6.5
      vertex -25.8021 31.863 -4.3
    endloop
  endfacet
  facet normal -0.649467 0.76039 0
    outer loop
      vertex -27.4343 30.4689 -6.5
      vertex -27.4343 30.4689 -4.3
      vertex -25.8021 31.863 -6.5
    endloop
  endfacet
  facet normal -0.649467 0.76039 0
    outer loop
      vertex -25.8021 31.863 -4.3
      vertex -25.8021 31.863 -6.5
      vertex -27.4343 30.4689 -4.3
    endloop
  endfacet
  facet normal -0.688322 0.725405 0
    outer loop
      vertex -28.9914 28.9914 -6.5
      vertex -28.9914 28.9914 -4.3
      vertex -27.4343 30.4689 -6.5
    endloop
  endfacet
  facet normal -0.688322 0.725405 0
    outer loop
      vertex -27.4343 30.4689 -4.3
      vertex -27.4343 30.4689 -6.5
      vertex -28.9914 28.9914 -4.3
    endloop
  endfacet
  facet normal -0.725405 0.688322 0
    outer loop
      vertex -30.4689 27.4343 -6.5
      vertex -30.4689 27.4343 -4.3
      vertex -28.9914 28.9914 -6.5
    endloop
  endfacet
  facet normal -0.725405 0.688322 0
    outer loop
      vertex -28.9914 28.9914 -4.3
      vertex -28.9914 28.9914 -6.5
      vertex -30.4689 27.4343 -4.3
    endloop
  endfacet
  facet normal -0.76039 0.649467 0
    outer loop
      vertex -31.863 25.8021 -6.5
      vertex -31.863 25.8021 -4.3
      vertex -30.4689 27.4343 -6.5
    endloop
  endfacet
  facet normal -0.76039 0.649467 0
    outer loop
      vertex -30.4689 27.4343 -4.3
      vertex -30.4689 27.4343 -6.5
      vertex -31.863 25.8021 -4.3
    endloop
  endfacet
  facet normal -0.793349 0.608767 0
    outer loop
      vertex -33.1697 24.0992 -6.5
      vertex -33.1697 24.0992 -4.3
      vertex -31.863 25.8021 -6.5
    endloop
  endfacet
  facet normal -0.793349 0.608767 0
    outer loop
      vertex -31.863 25.8021 -4.3
      vertex -31.863 25.8021 -6.5
      vertex -33.1697 24.0992 -4.3
    endloop
  endfacet
  facet normal -0.824126 0.566406 0
    outer loop
      vertex -34.3855 22.3302 -6.5
      vertex -34.3855 22.3302 -4.3
      vertex -33.1697 24.0992 -6.5
    endloop
  endfacet
  facet normal -0.824126 0.566406 0
    outer loop
      vertex -33.1697 24.0992 -4.3
      vertex -33.1697 24.0992 -6.5
      vertex -34.3855 22.3302 -4.3
    endloop
  endfacet
  facet normal -0.85265 0.522482 0
    outer loop
      vertex -35.507 20.5 -6.5
      vertex -35.507 20.5 -4.3
      vertex -34.3855 22.3302 -6.5
    endloop
  endfacet
  facet normal -0.85265 0.522482 0
    outer loop
      vertex -34.3855 22.3302 -4.3
      vertex -34.3855 22.3302 -6.5
      vertex -35.507 20.5 -4.3
    endloop
  endfacet
  facet normal -0.878804 0.477183 0
    outer loop
      vertex -36.5313 18.6136 -6.5
      vertex -36.5313 18.6136 -4.3
      vertex -35.507 20.5 -6.5
    endloop
  endfacet
  facet normal -0.878804 0.477183 0
    outer loop
      vertex -35.507 20.5 -4.3
      vertex -35.507 20.5 -6.5
      vertex -36.5313 18.6136 -4.3
    endloop
  endfacet
  facet normal -0.902584 0.430514 0
    outer loop
      vertex -37.4554 16.6762 -6.5
      vertex -37.4554 16.6762 -4.3
      vertex -36.5313 18.6136 -6.5
    endloop
  endfacet
  facet normal -0.902584 0.430514 0
    outer loop
      vertex -36.5313 18.6136 -4.3
      vertex -36.5313 18.6136 -6.5
      vertex -37.4554 16.6762 -4.3
    endloop
  endfacet
  facet normal -0.923884 0.382673 0
    outer loop
      vertex -38.2768 14.6931 -6.5
      vertex -38.2768 14.6931 -4.3
      vertex -37.4554 16.6762 -6.5
    endloop
  endfacet
  facet normal -0.923884 0.382673 0
    outer loop
      vertex -37.4554 16.6762 -4.3
      vertex -37.4554 16.6762 -6.5
      vertex -38.2768 14.6931 -4.3
    endloop
  endfacet
  facet normal -0.942645 0.333797 0
    outer loop
      vertex -38.9933 12.6697 -6.5
      vertex -38.9933 12.6697 -4.3
      vertex -38.2768 14.6931 -6.5
    endloop
  endfacet
  facet normal -0.942645 0.333797 0
    outer loop
      vertex -38.2768 14.6931 -4.3
      vertex -38.2768 14.6931 -6.5
      vertex -38.9933 12.6697 -4.3
    endloop
  endfacet
  facet normal -0.958812 0.284042 0
    outer loop
      vertex -39.603 10.6116 -6.5
      vertex -39.603 10.6116 -4.3
      vertex -38.9933 12.6697 -6.5
    endloop
  endfacet
  facet normal -0.958812 0.284042 0
    outer loop
      vertex -38.9933 12.6697 -4.3
      vertex -38.9933 12.6697 -6.5
      vertex -39.603 10.6116 -4.3
    endloop
  endfacet
  facet normal -0.97238 0.233401 0
    outer loop
      vertex -40.104 8.52437 -6.5
      vertex -40.104 8.52437 -4.3
      vertex -39.603 10.6116 -6.5
    endloop
  endfacet
  facet normal -0.97238 0.233401 0
    outer loop
      vertex -39.603 10.6116 -4.3
      vertex -39.603 10.6116 -6.5
      vertex -40.104 8.52437 -4.3
    endloop
  endfacet
  facet normal -0.983252 0.182249 0
    outer loop
      vertex -40.4952 6.4138 -6.5
      vertex -40.4952 6.4138 -4.3
      vertex -40.104 8.52437 -6.5
    endloop
  endfacet
  facet normal -0.983252 0.182249 0
    outer loop
      vertex -40.104 8.52437 -4.3
      vertex -40.104 8.52437 -6.5
      vertex -40.4952 6.4138 -4.3
    endloop
  endfacet
  facet normal -0.991443 0.130538 0
    outer loop
      vertex -40.7754 4.28566 -6.5
      vertex -40.7754 4.28566 -4.3
      vertex -40.4952 6.4138 -6.5
    endloop
  endfacet
  facet normal -0.991443 0.130538 0
    outer loop
      vertex -40.4952 6.4138 -4.3
      vertex -40.4952 6.4138 -6.5
      vertex -40.7754 4.28566 -4.3
    endloop
  endfacet
  facet normal -0.996918 0.0784531 0
    outer loop
      vertex -40.9438 2.14577 -6.5
      vertex -40.9438 2.14577 -4.3
      vertex -40.7754 4.28566 -6.5
    endloop
  endfacet
  facet normal -0.996918 0.0784531 0
    outer loop
      vertex -40.7754 4.28566 -4.3
      vertex -40.7754 4.28566 -6.5
      vertex -40.9438 2.14577 -4.3
    endloop
  endfacet
  facet normal -0.999657 0.0261821 0
    outer loop
      vertex -41 0 -6.5
      vertex -41 0 -4.3
      vertex -40.9438 2.14577 -6.5
    endloop
  endfacet
  facet normal -0.999657 0.0261821 0
    outer loop
      vertex -40.9438 2.14577 -4.3
      vertex -40.9438 2.14577 -6.5
      vertex -41 0 -4.3
    endloop
  endfacet
  facet normal -0.999657 -0.0261821 0
    outer loop
      vertex -40.9438 -2.14577 -6.5
      vertex -40.9438 -2.14577 -4.3
      vertex -41 0 -6.5
    endloop
  endfacet
  facet normal -0.999657 -0.0261821 -0
    outer loop
      vertex -41 0 -4.3
      vertex -41 0 -6.5
      vertex -40.9438 -2.14577 -4.3
    endloop
  endfacet
  facet normal -0.996918 -0.0784531 0
    outer loop
      vertex -40.7754 -4.28566 -6.5
      vertex -40.7754 -4.28566 -4.3
      vertex -40.9438 -2.14577 -6.5
    endloop
  endfacet
  facet normal -0.996918 -0.0784531 -0
    outer loop
      vertex -40.9438 -2.14577 -4.3
      vertex -40.9438 -2.14577 -6.5
      vertex -40.7754 -4.28566 -4.3
    endloop
  endfacet
  facet normal -0.991443 -0.130538 0
    outer loop
      vertex -40.4952 -6.4138 -6.5
      vertex -40.4952 -6.4138 -4.3
      vertex -40.7754 -4.28566 -6.5
    endloop
  endfacet
  facet normal -0.991443 -0.130538 -0
    outer loop
      vertex -40.7754 -4.28566 -4.3
      vertex -40.7754 -4.28566 -6.5
      vertex -40.4952 -6.4138 -4.3
    endloop
  endfacet
  facet normal -0.983252 -0.182249 0
    outer loop
      vertex -40.104 -8.52437 -6.5
      vertex -40.104 -8.52437 -4.3
      vertex -40.4952 -6.4138 -6.5
    endloop
  endfacet
  facet normal -0.983252 -0.182249 -0
    outer loop
      vertex -40.4952 -6.4138 -4.3
      vertex -40.4952 -6.4138 -6.5
      vertex -40.104 -8.52437 -4.3
    endloop
  endfacet
  facet normal -0.97238 -0.233401 0
    outer loop
      vertex -39.603 -10.6116 -6.5
      vertex -39.603 -10.6116 -4.3
      vertex -40.104 -8.52437 -6.5
    endloop
  endfacet
  facet normal -0.97238 -0.233401 -0
    outer loop
      vertex -40.104 -8.52437 -4.3
      vertex -40.104 -8.52437 -6.5
      vertex -39.603 -10.6116 -4.3
    endloop
  endfacet
  facet normal -0.958812 -0.284042 0
    outer loop
      vertex -38.9933 -12.6697 -6.5
      vertex -38.9933 -12.6697 -4.3
      vertex -39.603 -10.6116 -6.5
    endloop
  endfacet
  facet normal -0.958812 -0.284042 -0
    outer loop
      vertex -39.603 -10.6116 -4.3
      vertex -39.603 -10.6116 -6.5
      vertex -38.9933 -12.6697 -4.3
    endloop
  endfacet
  facet normal -0.942645 -0.333797 0
    outer loop
      vertex -38.2768 -14.6931 -6.5
      vertex -38.2768 -14.6931 -4.3
      vertex -38.9933 -12.6697 -6.5
    endloop
  endfacet
  facet normal -0.942645 -0.333797 -0
    outer loop
      vertex -38.9933 -12.6697 -4.3
      vertex -38.9933 -12.6697 -6.5
      vertex -38.2768 -14.6931 -4.3
    endloop
  endfacet
  facet normal -0.923884 -0.382673 0
    outer loop
      vertex -37.4554 -16.6762 -6.5
      vertex -37.4554 -16.6762 -4.3
      vertex -38.2768 -14.6931 -6.5
    endloop
  endfacet
  facet normal -0.923884 -0.382673 -0
    outer loop
      vertex -38.2768 -14.6931 -4.3
      vertex -38.2768 -14.6931 -6.5
      vertex -37.4554 -16.6762 -4.3
    endloop
  endfacet
  facet normal -0.902584 -0.430514 0
    outer loop
      vertex -36.5313 -18.6136 -6.5
      vertex -36.5313 -18.6136 -4.3
      vertex -37.4554 -16.6762 -6.5
    endloop
  endfacet
  facet normal -0.902584 -0.430514 -0
    outer loop
      vertex -37.4554 -16.6762 -4.3
      vertex -37.4554 -16.6762 -6.5
      vertex -36.5313 -18.6136 -4.3
    endloop
  endfacet
  facet normal -0.878804 -0.477183 0
    outer loop
      vertex -35.507 -20.5 -6.5
      vertex -35.507 -20.5 -4.3
      vertex -36.5313 -18.6136 -6.5
    endloop
  endfacet
  facet normal -0.878804 -0.477183 -0
    outer loop
      vertex -36.5313 -18.6136 -4.3
      vertex -36.5313 -18.6136 -6.5
      vertex -35.507 -20.5 -4.3
    endloop
  endfacet
  facet normal -0.85265 -0.522482 0
    outer loop
      vertex -34.3855 -22.3302 -6.5
      vertex -34.3855 -22.3302 -4.3
      vertex -35.507 -20.5 -6.5
    endloop
  endfacet
  facet normal -0.85265 -0.522482 -0
    outer loop
      vertex -35.507 -20.5 -4.3
      vertex -35.507 -20.5 -6.5
      vertex -34.3855 -22.3302 -4.3
    endloop
  endfacet
  facet normal -0.824126 -0.566406 0
    outer loop
      vertex -33.1697 -24.0992 -6.5
      vertex -33.1697 -24.0992 -4.3
      vertex -34.3855 -22.3302 -6.5
    endloop
  endfacet
  facet normal -0.824126 -0.566406 -0
    outer loop
      vertex -34.3855 -22.3302 -4.3
      vertex -34.3855 -22.3302 -6.5
      vertex -33.1697 -24.0992 -4.3
    endloop
  endfacet
  facet normal -0.793349 -0.608767 0
    outer loop
      vertex -31.863 -25.8021 -6.5
      vertex -31.863 -25.8021 -4.3
      vertex -33.1697 -24.0992 -6.5
    endloop
  endfacet
  facet normal -0.793349 -0.608767 -0
    outer loop
      vertex -33.1697 -24.0992 -4.3
      vertex -33.1697 -24.0992 -6.5
      vertex -31.863 -25.8021 -4.3
    endloop
  endfacet
  facet normal -0.76039 -0.649467 0
    outer loop
      vertex -30.4689 -27.4343 -6.5
      vertex -30.4689 -27.4343 -4.3
      vertex -31.863 -25.8021 -6.5
    endloop
  endfacet
  facet normal -0.76039 -0.649467 -0
    outer loop
      vertex -31.863 -25.8021 -4.3
      vertex -31.863 -25.8021 -6.5
      vertex -30.4689 -27.4343 -4.3
    endloop
  endfacet
  facet normal -0.725405 -0.688322 0
    outer loop
      vertex -28.9914 -28.9914 -6.5
      vertex -28.9914 -28.9914 -4.3
      vertex -30.4689 -27.4343 -6.5
    endloop
  endfacet
  facet normal -0.725405 -0.688322 -0
    outer loop
      vertex -30.4689 -27.4343 -4.3
      vertex -30.4689 -27.4343 -6.5
      vertex -28.9914 -28.9914 -4.3
    endloop
  endfacet
  facet normal -0.688322 -0.725405 0
    outer loop
      vertex -27.4343 -30.4689 -6.5
      vertex -27.4343 -30.4689 -4.3
      vertex -28.9914 -28.9914 -6.5
    endloop
  endfacet
  facet normal -0.688322 -0.725405 -0
    outer loop
      vertex -28.9914 -28.9914 -4.3
      vertex -28.9914 -28.9914 -6.5
      vertex -27.4343 -30.4689 -4.3
    endloop
  endfacet
  facet normal -0.649467 -0.76039 0
    outer loop
      vertex -25.8021 -31.863 -6.5
      vertex -25.8021 -31.863 -4.3
      vertex -27.4343 -30.4689 -6.5
    endloop
  endfacet
  facet normal -0.649467 -0.76039 -0
    outer loop
      vertex -27.4343 -30.4689 -4.3
      vertex -27.4343 -30.4689 -6.5
      vertex -25.8021 -31.863 -4.3
    endloop
  endfacet
  facet normal -0.608767 -0.793349 0
    outer loop
      vertex -24.0992 -33.1697 -6.5
      vertex -24.0992 -33.1697 -4.3
      vertex -25.8021 -31.863 -6.5
    endloop
  endfacet
  facet normal -0.608767 -0.793349 -0
    outer loop
      vertex -25.8021 -31.863 -4.3
      vertex -25.8021 -31.863 -6.5
      vertex -24.0992 -33.1697 -4.3
    endloop
  endfacet
  facet normal -0.566406 -0.824126 0
    outer loop
      vertex -22.3302 -34.3855 -6.5
      vertex -22.3302 -34.3855 -4.3
      vertex -24.0992 -33.1697 -6.5
    endloop
  endfacet
  facet normal -0.566406 -0.824126 -0
    outer loop
      vertex -24.0992 -33.1697 -4.3
      vertex -24.0992 -33.1697 -6.5
      vertex -22.3302 -34.3855 -4.3
    endloop
  endfacet
  facet normal -0.522482 -0.85265 0
    outer loop
      vertex -20.5 -35.507 -6.5
      vertex -20.5 -35.507 -4.3
      vertex -22.3302 -34.3855 -6.5
    endloop
  endfacet
  facet normal -0.522482 -0.85265 -0
    outer loop
      vertex -22.3302 -34.3855 -4.3
      vertex -22.3302 -34.3855 -6.5
      vertex -20.5 -35.507 -4.3
    endloop
  endfacet
  facet normal -0.477183 -0.878804 0
    outer loop
      vertex -18.6136 -36.5313 -6.5
      vertex -18.6136 -36.5313 -4.3
      vertex -20.5 -35.507 -6.5
    endloop
  endfacet
  facet normal -0.477183 -0.878804 -0
    outer loop
      vertex -20.5 -35.507 -4.3
      vertex -20.5 -35.507 -6.5
      vertex -18.6136 -36.5313 -4.3
    endloop
  endfacet
  facet normal -0.430514 -0.902584 0
    outer loop
      vertex -16.6762 -37.4554 -6.5
      vertex -16.6762 -37.4554 -4.3
      vertex -18.6136 -36.5313 -6.5
    endloop
  endfacet
  facet normal -0.430514 -0.902584 -0
    outer loop
      vertex -18.6136 -36.5313 -4.3
      vertex -18.6136 -36.5313 -6.5
      vertex -16.6762 -37.4554 -4.3
    endloop
  endfacet
  facet normal -0.382673 -0.923884 0
    outer loop
      vertex -14.6931 -38.2768 -6.5
      vertex -14.6931 -38.2768 -4.3
      vertex -16.6762 -37.4554 -6.5
    endloop
  endfacet
  facet normal -0.382673 -0.923884 -0
    outer loop
      vertex -16.6762 -37.4554 -4.3
      vertex -16.6762 -37.4554 -6.5
      vertex -14.6931 -38.2768 -4.3
    endloop
  endfacet
  facet normal -0.333797 -0.942645 0
    outer loop
      vertex -12.6697 -38.9933 -6.5
      vertex -12.6697 -38.9933 -4.3
      vertex -14.6931 -38.2768 -6.5
    endloop
  endfacet
  facet normal -0.333797 -0.942645 -0
    outer loop
      vertex -14.6931 -38.2768 -4.3
      vertex -14.6931 -38.2768 -6.5
      vertex -12.6697 -38.9933 -4.3
    endloop
  endfacet
  facet normal -0.284042 -0.958812 0
    outer loop
      vertex -10.6116 -39.603 -6.5
      vertex -10.6116 -39.603 -4.3
      vertex -12.6697 -38.9933 -6.5
    endloop
  endfacet
  facet normal -0.284042 -0.958812 -0
    outer loop
      vertex -12.6697 -38.9933 -4.3
      vertex -12.6697 -38.9933 -6.5
      vertex -10.6116 -39.603 -4.3
    endloop
  endfacet
  facet normal -0.233401 -0.97238 0
    outer loop
      vertex -8.52437 -40.104 -6.5
      vertex -8.52437 -40.104 -4.3
      vertex -10.6116 -39.603 -6.5
    endloop
  endfacet
  facet normal -0.233401 -0.97238 -0
    outer loop
      vertex -10.6116 -39.603 -4.3
      vertex -10.6116 -39.603 -6.5
      vertex -8.52437 -40.104 -4.3
    endloop
  endfacet
  facet normal -0.182249 -0.983252 0
    outer loop
      vertex -6.4138 -40.4952 -6.5
      vertex -6.4138 -40.4952 -4.3
      vertex -8.52437 -40.104 -6.5
    endloop
  endfacet
  facet normal -0.182249 -0.983252 -0
    outer loop
      vertex -8.52437 -40.104 -4.3
      vertex -8.52437 -40.104 -6.5
      vertex -6.4138 -40.4952 -4.3
    endloop
  endfacet
  facet normal -0.130538 -0.991443 0
    outer loop
      vertex -4.28566 -40.7754 -6.5
      vertex -4.28566 -40.7754 -4.3
      vertex -6.4138 -40.4952 -6.5
    endloop
  endfacet
  facet normal -0.130538 -0.991443 -0
    outer loop
      vertex -6.4138 -40.4952 -4.3
      vertex -6.4138 -40.4952 -6.5
      vertex -4.28566 -40.7754 -4.3
    endloop
  endfacet
  facet normal -0.0784531 -0.996918 0
    outer loop
      vertex -2.14577 -40.9438 -6.5
      vertex -2.14577 -40.9438 -4.3
      vertex -4.28566 -40.7754 -6.5
    endloop
  endfacet
  facet normal -0.0784531 -0.996918 -0
    outer loop
      vertex -4.28566 -40.7754 -4.3
      vertex -4.28566 -40.7754 -6.5
      vertex -2.14577 -40.9438 -4.3
    endloop
  endfacet
  facet normal -0.0261821 -0.999657 0
    outer loop
      vertex 0 -41 -6.5
      vertex 0 -41 -4.3
      vertex -2.14577 -40.9438 -6.5
    endloop
  endfacet
  facet normal -0.0261821 -0.999657 -0
    outer loop
      vertex -2.14577 -40.9438 -4.3
      vertex -2.14577 -40.9438 -6.5
      vertex 0 -41 -4.3
    endloop
  endfacet
  facet normal -1 0 0
    outer loop
      vertex 0 -49 -6.5
      vertex 0 -49 -4.3
      vertex 0 -41 -6.5
    endloop
  endfacet
  facet normal -1 -0 -0
    outer loop
      vertex 0 -41 -4.3
      vertex 0 -41 -6.5
      vertex 0 -49 -4.3
    endloop
  endfacet
  facet normal 0.0261955 0.999657 -0
    outer loop
      vertex -2.56445 -48.9328 -6.5
      vertex -2.56445 -48.9328 -4.3
      vertex 0 -49 -6.5
    endloop
  endfacet
  facet normal 0.0261955 0.999657 0
    outer loop
      vertex 0 -49 -4.3
      vertex 0 -49 -6.5
      vertex -2.56445 -48.9328 -4.3
    endloop
  endfacet
  facet normal 0.325562 0.945521 -0
    outer loop
      vertex 12.6697 38.9933 -6.5
      vertex 12.6697 38.9933 -4.3
      vertex 14.0228 38.5274 -6.5
    endloop
  endfacet
  facet normal 0.325562 0.945521 0
    outer loop
      vertex 14.0228 38.5274 -4.3
      vertex 14.0228 38.5274 -6.5
      vertex 12.6697 38.9933 -4.3
    endloop
  endfacet
  facet normal 0.292357 0.956309 -0
    outer loop
      vertex 11.3011 39.4117 -6.5
      vertex 11.3011 39.4117 -4.3
      vertex 12.6697 38.9933 -6.5
    endloop
  endfacet
  facet normal 0.292357 0.956309 0
    outer loop
      vertex 12.6697 38.9933 -4.3
      vertex 12.6697 38.9933 -6.5
      vertex 11.3011 39.4117 -4.3
    endloop
  endfacet
  facet normal 0.258826 0.965924 -0
    outer loop
      vertex 9.91879 39.7821 -6.5
      vertex 9.91879 39.7821 -4.3
      vertex 11.3011 39.4117 -6.5
    endloop
  endfacet
  facet normal 0.258826 0.965924 0
    outer loop
      vertex 11.3011 39.4117 -4.3
      vertex 11.3011 39.4117 -6.5
      vertex 9.91879 39.7821 -4.3
    endloop
  endfacet
  facet normal 0.224933 0.974374 -0
    outer loop
      vertex 8.52437 40.104 -6.5
      vertex 8.52437 40.104 -4.3
      vertex 9.91879 39.7821 -6.5
    endloop
  endfacet
  facet normal 0.224933 0.974374 0
    outer loop
      vertex 9.91879 39.7821 -4.3
      vertex 9.91879 39.7821 -6.5
      vertex 8.52437 40.104 -4.3
    endloop
  endfacet
  facet normal 0.190832 0.981623 -0
    outer loop
      vertex 7.11957 40.3771 -6.5
      vertex 7.11957 40.3771 -4.3
      vertex 8.52437 40.104 -6.5
    endloop
  endfacet
  facet normal 0.190832 0.981623 0
    outer loop
      vertex 8.52437 40.104 -4.3
      vertex 8.52437 40.104 -6.5
      vertex 7.11957 40.3771 -4.3
    endloop
  endfacet
  facet normal 0.156453 0.987685 -0
    outer loop
      vertex 5.70609 40.601 -6.5
      vertex 5.70609 40.601 -4.3
      vertex 7.11957 40.3771 -6.5
    endloop
  endfacet
  facet normal 0.156453 0.987685 0
    outer loop
      vertex 7.11957 40.3771 -4.3
      vertex 7.11957 40.3771 -6.5
      vertex 5.70609 40.601 -4.3
    endloop
  endfacet
  facet normal 0.121865 0.992547 -0
    outer loop
      vertex 4.28566 40.7754 -6.5
      vertex 4.28566 40.7754 -4.3
      vertex 5.70609 40.601 -6.5
    endloop
  endfacet
  facet normal 0.121865 0.992547 0
    outer loop
      vertex 5.70609 40.601 -4.3
      vertex 5.70609 40.601 -6.5
      vertex 4.28566 40.7754 -4.3
    endloop
  endfacet
  facet normal 0.994522 -0.104528 0
    outer loop
      vertex 5.12189 48.7316 -6.5
      vertex 5.12189 48.7316 -4.3
      vertex 4.28566 40.7754 -6.5
    endloop
  endfacet
  facet normal 0.994522 -0.104528 0
    outer loop
      vertex 4.28566 40.7754 -4.3
      vertex 4.28566 40.7754 -6.5
      vertex 5.12189 48.7316 -4.3
    endloop
  endfacet
  facet normal -0.121906 -0.992542 0
    outer loop
      vertex 6.81947 48.5231 -6.5
      vertex 6.81947 48.5231 -4.3
      vertex 5.12189 48.7316 -6.5
    endloop
  endfacet
  facet normal -0.121906 -0.992542 -0
    outer loop
      vertex 5.12189 48.7316 -4.3
      vertex 5.12189 48.7316 -6.5
      vertex 6.81947 48.5231 -4.3
    endloop
  endfacet
  facet normal -0.156402 -0.987694 0
    outer loop
      vertex 8.50876 48.2556 -6.5
      vertex 8.50876 48.2556 -4.3
      vertex 6.81947 48.5231 -6.5
    endloop
  endfacet
  facet normal -0.156402 -0.987694 -0
    outer loop
      vertex 6.81947 48.5231 -4.3
      vertex 6.81947 48.5231 -6.5
      vertex 8.50876 48.2556 -4.3
    endloop
  endfacet
  facet normal -0.190836 -0.981622 0
    outer loop
      vertex 10.1877 47.9292 -6.5
      vertex 10.1877 47.9292 -4.3
      vertex 8.50876 48.2556 -6.5
    endloop
  endfacet
  facet normal -0.190836 -0.981622 -0
    outer loop
      vertex 8.50876 48.2556 -4.3
      vertex 8.50876 48.2556 -6.5
      vertex 10.1877 47.9292 -4.3
    endloop
  endfacet
  facet normal -0.224928 -0.974375 0
    outer loop
      vertex 11.8542 47.5445 -6.5
      vertex 11.8542 47.5445 -4.3
      vertex 10.1877 47.9292 -6.5
    endloop
  endfacet
  facet normal -0.224928 -0.974375 -0
    outer loop
      vertex 10.1877 47.9292 -4.3
      vertex 10.1877 47.9292 -6.5
      vertex 11.8542 47.5445 -4.3
    endloop
  endfacet
  facet normal -0.258845 -0.965919 0
    outer loop
      vertex 13.5062 47.1018 -6.5
      vertex 13.5062 47.1018 -4.3
      vertex 11.8542 47.5445 -6.5
    endloop
  endfacet
  facet normal -0.258845 -0.965919 -0
    outer loop
      vertex 11.8542 47.5445 -4.3
      vertex 11.8542 47.5445 -6.5
      vertex 13.5062 47.1018 -4.3
    endloop
  endfacet
  facet normal -0.292343 -0.956313 0
    outer loop
      vertex 15.1418 46.6018 -6.5
      vertex 15.1418 46.6018 -4.3
      vertex 13.5062 47.1018 -6.5
    endloop
  endfacet
  facet normal -0.292343 -0.956313 -0
    outer loop
      vertex 13.5062 47.1018 -4.3
      vertex 13.5062 47.1018 -6.5
      vertex 15.1418 46.6018 -4.3
    endloop
  endfacet
  facet normal -0.325596 -0.945509 0
    outer loop
      vertex 16.759 46.0449 -6.5
      vertex 16.759 46.0449 -4.3
      vertex 15.1418 46.6018 -6.5
    endloop
  endfacet
  facet normal -0.325596 -0.945509 -0
    outer loop
      vertex 15.1418 46.6018 -4.3
      vertex 15.1418 46.6018 -6.5
      vertex 16.759 46.0449 -4.3
    endloop
  endfacet
  facet normal -0.35836 -0.933583 0
    outer loop
      vertex 18.3557 45.432 -6.5
      vertex 18.3557 45.432 -4.3
      vertex 16.759 46.0449 -6.5
    endloop
  endfacet
  facet normal -0.35836 -0.933583 -0
    outer loop
      vertex 16.759 46.0449 -4.3
      vertex 16.759 46.0449 -6.5
      vertex 18.3557 45.432 -4.3
    endloop
  endfacet
  facet normal -0.927187 0.3746 0
    outer loop
      vertex 15.3589 38.0145 -6.5
      vertex 15.3589 38.0145 -4.3
      vertex 18.3557 45.432 -6.5
    endloop
  endfacet
  facet normal -0.927187 0.3746 0
    outer loop
      vertex 18.3557 45.432 -4.3
      vertex 18.3557 45.432 -6.5
      vertex 15.3589 38.0145 -4.3
    endloop
  endfacet
  facet normal 0.35838 0.933576 -0
    outer loop
      vertex 14.0228 38.5274 -6.5
      vertex 14.0228 38.5274 -4.3
      vertex 15.3589 38.0145 -6.5
    endloop
  endfacet
  facet normal 0.35838 0.933576 0
    outer loop
      vertex 15.3589 38.0145 -4.3
      vertex 15.3589 38.0145 -6.5
      vertex 14.0228 38.5274 -4.3
    endloop
  endfacet
endsolid OpenSCAD_Model
