solid OpenSCAD_Model
  facet normal 0.0310585 0.947035 -0.319624
    outer loop
      vertex 0.676922 10.3278 10
      vertex 0 9 6
      vertex 0 10.35 10
    endloop
  endfacet
  facet normal -0.154342 0.934886 -0.319635
    outer loop
      vertex -1.17474 8.923 6
      vertex -1.75581 8.82707 6
      vertex -1.35095 10.2615 10
    endloop
  endfacet
  facet normal -0.92279 0.215172 -0.319625
    outer loop
      vertex -8.82707 1.75581 6
      vertex -9.99733 2.67878 10
      vertex -8.69333 2.32937 6
    endloop
  endfacet
  facet normal 0.947035 0.0310585 -0.319624
    outer loop
      vertex 10.35 0 10
      vertex 9 0 6
      vertex 10.3278 0.676922 10
    endloop
  endfacet
  facet normal 0.94704 0.0310034 -0.319617
    outer loop
      vertex 9 0 6
      vertex 8.98073 0.588628 6
      vertex 10.3278 0.676922 10
    endloop
  endfacet
  facet normal 0.886808 -0.333782 -0.319626
    outer loop
      vertex 9.56215 -3.96077 10
      vertex 8.52237 -2.89295 6
      vertex 9.80073 -3.3269 10
    endloop
  endfacet
  facet normal 0.275057 -0.906743 -0.319625
    outer loop
      vertex 2.67878 -9.99733 10
      vertex 2.32937 -8.69333 6
      vertex 2.89295 -8.52237 6
    endloop
  endfacet
  facet normal -0.94704 -0.0310034 -0.319617
    outer loop
      vertex -8.98073 -0.588628 6
      vertex -10.3278 -0.676922 10
      vertex -9 0 6
    endloop
  endfacet
  facet normal -0.154342 -0.934886 -0.319635
    outer loop
      vertex -1.35095 -10.2615 10
      vertex -1.75581 -8.82707 6
      vertex -1.17474 -8.923 6
    endloop
  endfacet
  facet normal -0.0927561 -0.94299 -0.319634
    outer loop
      vertex -0.676922 -10.3278 10
      vertex -1.35095 -10.2615 10
      vertex -1.17474 -8.923 6
    endloop
  endfacet
  facet normal -0.886816 0.333763 -0.319623
    outer loop
      vertex -8.52237 2.89295 6
      vertex -9.56215 3.96077 10
      vertex -8.31492 3.44415 6
    endloop
  endfacet
  facet normal 0.922802 -0.215129 -0.319619
    outer loop
      vertex 9.99733 -2.67878 10
      vertex 8.82707 -1.75581 6
      vertex 10.1511 -2.01918 10
    endloop
  endfacet
  facet normal -0.647735 0.691577 -0.319624
    outer loop
      vertex -6.36396 6.36396 6
      vertex -7.31855 7.31855 10
      vertex -5.93411 6.76656 6
    endloop
  endfacet
  facet normal -0.601114 -0.732463 -0.319625
    outer loop
      vertex -5.47885 -7.14018 6
      vertex -6.82423 -7.78154 10
      vertex -5.93411 -6.76656 6
    endloop
  endfacet
  facet normal -0.835659 0.446671 -0.319624
    outer loop
      vertex -7.79423 4.5 6
      vertex -9.28263 4.57769 10
      vertex -8.96336 5.175 10
    endloop
  endfacet
  facet normal 0.863085 -0.391055 -0.319625
    outer loop
      vertex 9.28263 -4.57769 10
      vertex 8.07185 -3.9806 6
      vertex 9.56215 -3.96077 10
    endloop
  endfacet
  facet normal -0.94704 0.0310034 -0.319617
    outer loop
      vertex -9 0 6
      vertex -10.3278 0.676922 10
      vertex -8.98073 0.588628 6
    endloop
  endfacet
  facet normal 0.94704 -0.0310034 -0.319617
    outer loop
      vertex 10.3278 -0.676922 10
      vertex 8.98073 -0.588628 6
      vertex 9 0 6
    endloop
  endfacet
  facet normal -0.0927561 0.94299 -0.319634
    outer loop
      vertex -1.17474 8.923 6
      vertex -1.35095 10.2615 10
      vertex -0.676922 10.3278 10
    endloop
  endfacet
  facet normal -0.804657 0.500367 -0.319624
    outer loop
      vertex -7.79423 4.5 6
      vertex -8.60571 5.75015 10
      vertex -7.48323 5.00013 6
    endloop
  endfacet
  facet normal 0.691572 0.64774 -0.319625
    outer loop
      vertex 7.78154 6.82423 10
      vertex 6.76656 5.93411 6
      vertex 7.31855 7.31855 10
    endloop
  endfacet
  facet normal 0.391069 0.86308 -0.319623
    outer loop
      vertex 3.9806 8.07185 6
      vertex 3.44415 8.31492 6
      vertex 3.96077 9.56215 10
    endloop
  endfacet
  facet normal -0.886808 -0.333782 -0.319626
    outer loop
      vertex -9.56215 -3.96077 10
      vertex -9.80073 -3.3269 10
      vertex -8.52237 -2.89295 6
    endloop
  endfacet
  facet normal 0.0928806 -0.942984 -0.319617
    outer loop
      vertex 0.676922 -10.3278 10
      vertex 0.588628 -8.98073 6
      vertex 1.17474 -8.923 6
    endloop
  endfacet
  facet normal -0.942984 0.0928806 -0.319617
    outer loop
      vertex -8.98073 0.588628 6
      vertex -10.3278 0.676922 10
      vertex -8.923 1.17474 6
    endloop
  endfacet
  facet normal -0.64774 0.691572 -0.319625
    outer loop
      vertex -5.93411 6.76656 6
      vertex -7.31855 7.31855 10
      vertex -6.82423 7.78154 10
    endloop
  endfacet
  facet normal -0.647735 -0.691577 -0.319624
    outer loop
      vertex -5.93411 -6.76656 6
      vertex -7.31855 -7.31855 10
      vertex -6.36396 -6.36396 6
    endloop
  endfacet
  facet normal 0.446671 -0.835659 -0.319624
    outer loop
      vertex 4.57769 -9.28263 10
      vertex 4.5 -7.79423 6
      vertex 5.175 -8.96336 10
    endloop
  endfacet
  facet normal -0.835659 -0.446671 -0.319624
    outer loop
      vertex -8.96336 -5.175 10
      vertex -9.28263 -4.57769 10
      vertex -7.79423 -4.5 6
    endloop
  endfacet
  facet normal -0.551928 -0.770205 -0.319624
    outer loop
      vertex -5.00013 -7.48323 6
      vertex -5.75015 -8.60571 10
      vertex -5.47885 -7.14018 6
    endloop
  endfacet
  facet normal 0.934886 -0.154342 -0.319635
    outer loop
      vertex 10.2615 -1.35095 10
      vertex 8.82707 -1.75581 6
      vertex 8.923 -1.17474 6
    endloop
  endfacet
  facet normal 0.947035 -0.0310585 -0.319624
    outer loop
      vertex 10.3278 -0.676922 10
      vertex 9 0 6
      vertex 10.35 0 10
    endloop
  endfacet
  facet normal 0.500367 -0.804657 -0.319624
    outer loop
      vertex 5.75015 -8.60571 10
      vertex 4.5 -7.79423 6
      vertex 5.00013 -7.48323 6
    endloop
  endfacet
  facet normal -0.333782 -0.886808 -0.319626
    outer loop
      vertex -3.3269 -9.80073 10
      vertex -3.96077 -9.56215 10
      vertex -2.89295 -8.52237 6
    endloop
  endfacet
  facet normal -0.275057 -0.906743 -0.319625
    outer loop
      vertex -2.67878 -9.99733 10
      vertex -2.89295 -8.52237 6
      vertex -2.32937 -8.69333 6
    endloop
  endfacet
  facet normal 0.333782 -0.886808 -0.319626
    outer loop
      vertex 3.3269 -9.80073 10
      vertex 2.89295 -8.52237 6
      vertex 3.96077 -9.56215 10
    endloop
  endfacet
  facet normal -0.770211 -0.551919 -0.319626
    outer loop
      vertex -8.21121 -6.30068 10
      vertex -8.60571 -5.75015 10
      vertex -7.14018 -5.47885 6
    endloop
  endfacet
  facet normal 0.770211 0.551919 -0.319626
    outer loop
      vertex 8.60571 5.75015 10
      vertex 7.14018 5.47885 6
      vertex 8.21121 6.30068 10
    endloop
  endfacet
  facet normal 0.333763 -0.886816 -0.319623
    outer loop
      vertex 3.96077 -9.56215 10
      vertex 2.89295 -8.52237 6
      vertex 3.44415 -8.31492 6
    endloop
  endfacet
  facet normal 0.732463 0.601114 -0.319625
    outer loop
      vertex 7.14018 5.47885 6
      vertex 6.76656 5.93411 6
      vertex 7.78154 6.82423 10
    endloop
  endfacet
  facet normal 0.154342 -0.934886 -0.319635
    outer loop
      vertex 1.35095 -10.2615 10
      vertex 1.17474 -8.923 6
      vertex 1.75581 -8.82707 6
    endloop
  endfacet
  facet normal 0.835663 -0.446663 -0.319625
    outer loop
      vertex 9.28263 -4.57769 10
      vertex 7.79423 -4.5 6
      vertex 8.07185 -3.9806 6
    endloop
  endfacet
  facet normal 0.601119 0.732459 -0.319626
    outer loop
      vertex 6.82423 7.78154 10
      vertex 5.47885 7.14018 6
      vertex 6.30068 8.21121 10
    endloop
  endfacet
  facet normal -0.934873 0.154453 -0.31962
    outer loop
      vertex -8.82707 1.75581 6
      vertex -10.2615 1.35095 10
      vertex -10.1511 2.01918 10
    endloop
  endfacet
  facet normal 0.934873 -0.154453 -0.31962
    outer loop
      vertex 10.1511 -2.01918 10
      vertex 8.82707 -1.75581 6
      vertex 10.2615 -1.35095 10
    endloop
  endfacet
  facet normal 0.391069 -0.86308 -0.319623
    outer loop
      vertex 3.96077 -9.56215 10
      vertex 3.44415 -8.31492 6
      vertex 3.9806 -8.07185 6
    endloop
  endfacet
  facet normal 0.770205 -0.551928 -0.319624
    outer loop
      vertex 8.60571 -5.75015 10
      vertex 7.14018 -5.47885 6
      vertex 7.48323 -5.00013 6
    endloop
  endfacet
  facet normal 0.275051 0.906745 -0.319626
    outer loop
      vertex 2.89295 8.52237 6
      vertex 2.67878 9.99733 10
      vertex 3.3269 9.80073 10
    endloop
  endfacet
  facet normal 0.906743 -0.275057 -0.319625
    outer loop
      vertex 9.99733 -2.67878 10
      vertex 8.52237 -2.89295 6
      vertex 8.69333 -2.32937 6
    endloop
  endfacet
  facet normal -0.500367 -0.804657 -0.319624
    outer loop
      vertex -4.5 -7.79423 6
      vertex -5.75015 -8.60571 10
      vertex -5.00013 -7.48323 6
    endloop
  endfacet
  facet normal 0.64774 -0.691572 -0.319625
    outer loop
      vertex 6.82423 -7.78154 10
      vertex 5.93411 -6.76656 6
      vertex 7.31855 -7.31855 10
    endloop
  endfacet
  facet normal 0.647735 -0.691577 -0.319624
    outer loop
      vertex 7.31855 -7.31855 10
      vertex 5.93411 -6.76656 6
      vertex 6.36396 -6.36396 6
    endloop
  endfacet
  facet normal -0.922802 0.215129 -0.319619
    outer loop
      vertex -8.82707 1.75581 6
      vertex -10.1511 2.01918 10
      vertex -9.99733 2.67878 10
    endloop
  endfacet
  facet normal 0.0310034 -0.94704 -0.319617
    outer loop
      vertex 0.676922 -10.3278 10
      vertex 0 -9 6
      vertex 0.588628 -8.98073 6
    endloop
  endfacet
  facet normal 0.64774 0.691572 -0.319625
    outer loop
      vertex 7.31855 7.31855 10
      vertex 5.93411 6.76656 6
      vertex 6.82423 7.78154 10
    endloop
  endfacet
  facet normal -0.94299 -0.0927561 -0.319634
    outer loop
      vertex -10.2615 -1.35095 10
      vertex -10.3278 -0.676922 10
      vertex -8.923 -1.17474 6
    endloop
  endfacet
  facet normal -0.886808 0.333782 -0.319626
    outer loop
      vertex -8.52237 2.89295 6
      vertex -9.80073 3.3269 10
      vertex -9.56215 3.96077 10
    endloop
  endfacet
  facet normal -0.551919 -0.770211 -0.319626
    outer loop
      vertex -5.75015 -8.60571 10
      vertex -6.30068 -8.21121 10
      vertex -5.47885 -7.14018 6
    endloop
  endfacet
  facet normal -0.154453 -0.934873 -0.31962
    outer loop
      vertex -1.35095 -10.2615 10
      vertex -2.01918 -10.1511 10
      vertex -1.75581 -8.82707 6
    endloop
  endfacet
  facet normal -0.0310034 0.94704 -0.319617
    outer loop
      vertex -0.588628 8.98073 6
      vertex -0.676922 10.3278 10
      vertex 0 9 6
    endloop
  endfacet
  facet normal 0.906745 -0.275051 -0.319626
    outer loop
      vertex 9.80073 -3.3269 10
      vertex 8.52237 -2.89295 6
      vertex 9.99733 -2.67878 10
    endloop
  endfacet
  facet normal -0.500367 0.804657 -0.319624
    outer loop
      vertex -5.00013 7.48323 6
      vertex -5.75015 8.60571 10
      vertex -4.5 7.79423 6
    endloop
  endfacet
  facet normal -0.906743 -0.275057 -0.319625
    outer loop
      vertex -8.52237 -2.89295 6
      vertex -9.99733 -2.67878 10
      vertex -8.69333 -2.32937 6
    endloop
  endfacet
  facet normal -0.601119 0.732459 -0.319626
    outer loop
      vertex -5.47885 7.14018 6
      vertex -6.82423 7.78154 10
      vertex -6.30068 8.21121 10
    endloop
  endfacet
  facet normal -0.86308 -0.391069 -0.319623
    outer loop
      vertex -8.07185 -3.9806 6
      vertex -9.56215 -3.96077 10
      vertex -8.31492 -3.44415 6
    endloop
  endfacet
  facet normal 0.94299 -0.0927561 -0.319634
    outer loop
      vertex 10.2615 -1.35095 10
      vertex 8.923 -1.17474 6
      vertex 10.3278 -0.676922 10
    endloop
  endfacet
  facet normal 0.942984 -0.0928806 -0.319617
    outer loop
      vertex 10.3278 -0.676922 10
      vertex 8.923 -1.17474 6
      vertex 8.98073 -0.588628 6
    endloop
  endfacet
  facet normal -0.947035 -0.0310585 -0.319624
    outer loop
      vertex -10.3278 -0.676922 10
      vertex -10.35 0 10
      vertex -9 0 6
    endloop
  endfacet
  facet normal 0.154453 -0.934873 -0.31962
    outer loop
      vertex 2.01918 -10.1511 10
      vertex 1.35095 -10.2615 10
      vertex 1.75581 -8.82707 6
    endloop
  endfacet
  facet normal 0.906743 0.275057 -0.319625
    outer loop
      vertex 8.69333 2.32937 6
      vertex 8.52237 2.89295 6
      vertex 9.99733 2.67878 10
    endloop
  endfacet
  facet normal -0.732463 -0.601114 -0.319625
    outer loop
      vertex -6.76656 -5.93411 6
      vertex -7.78154 -6.82423 10
      vertex -7.14018 -5.47885 6
    endloop
  endfacet
  facet normal 0.154342 0.934886 -0.319635
    outer loop
      vertex 1.75581 8.82707 6
      vertex 1.17474 8.923 6
      vertex 1.35095 10.2615 10
    endloop
  endfacet
  facet normal 0.942984 0.0928806 -0.319617
    outer loop
      vertex 8.98073 0.588628 6
      vertex 8.923 1.17474 6
      vertex 10.3278 0.676922 10
    endloop
  endfacet
  facet normal 0.333763 0.886816 -0.319623
    outer loop
      vertex 3.44415 8.31492 6
      vertex 2.89295 8.52237 6
      vertex 3.96077 9.56215 10
    endloop
  endfacet
  facet normal -0.906745 0.275051 -0.319626
    outer loop
      vertex -8.52237 2.89295 6
      vertex -9.99733 2.67878 10
      vertex -9.80073 3.3269 10
    endloop
  endfacet
  facet normal -0.835663 -0.446663 -0.319625
    outer loop
      vertex -7.79423 -4.5 6
      vertex -9.28263 -4.57769 10
      vertex -8.07185 -3.9806 6
    endloop
  endfacet
  facet normal -0.154453 0.934873 -0.31962
    outer loop
      vertex -1.75581 8.82707 6
      vertex -2.01918 10.1511 10
      vertex -1.35095 10.2615 10
    endloop
  endfacet
  facet normal 0.691572 -0.64774 -0.319625
    outer loop
      vertex 7.31855 -7.31855 10
      vertex 6.76656 -5.93411 6
      vertex 7.78154 -6.82423 10
    endloop
  endfacet
  facet normal 0.215129 -0.922802 -0.319619
    outer loop
      vertex 2.01918 -10.1511 10
      vertex 1.75581 -8.82707 6
      vertex 2.67878 -9.99733 10
    endloop
  endfacet
  facet normal 0.691577 -0.647735 -0.319624
    outer loop
      vertex 7.31855 -7.31855 10
      vertex 6.36396 -6.36396 6
      vertex 6.76656 -5.93411 6
    endloop
  endfacet
  facet normal -0.922802 -0.215129 -0.319619
    outer loop
      vertex -9.99733 -2.67878 10
      vertex -10.1511 -2.01918 10
      vertex -8.82707 -1.75581 6
    endloop
  endfacet
  facet normal 0.391055 -0.863085 -0.319625
    outer loop
      vertex 4.57769 -9.28263 10
      vertex 3.96077 -9.56215 10
      vertex 3.9806 -8.07185 6
    endloop
  endfacet
  facet normal 0.92279 -0.215172 -0.319625
    outer loop
      vertex 9.99733 -2.67878 10
      vertex 8.69333 -2.32937 6
      vertex 8.82707 -1.75581 6
    endloop
  endfacet
  facet normal 0.0927561 0.94299 -0.319634
    outer loop
      vertex 1.17474 8.923 6
      vertex 0.676922 10.3278 10
      vertex 1.35095 10.2615 10
    endloop
  endfacet
  facet normal -0.551919 0.770211 -0.319626
    outer loop
      vertex -5.47885 7.14018 6
      vertex -6.30068 8.21121 10
      vertex -5.75015 8.60571 10
    endloop
  endfacet
  facet normal -0.500366 -0.804658 -0.319624
    outer loop
      vertex -5.175 -8.96336 10
      vertex -5.75015 -8.60571 10
      vertex -4.5 -7.79423 6
    endloop
  endfacet
  facet normal -0.601119 -0.732459 -0.319626
    outer loop
      vertex -6.30068 -8.21121 10
      vertex -6.82423 -7.78154 10
      vertex -5.47885 -7.14018 6
    endloop
  endfacet
  facet normal -0.947035 0.0310585 -0.319624
    outer loop
      vertex -9 0 6
      vertex -10.35 0 10
      vertex -10.3278 0.676922 10
    endloop
  endfacet
  facet normal 0.551919 -0.770211 -0.319626
    outer loop
      vertex 5.75015 -8.60571 10
      vertex 5.47885 -7.14018 6
      vertex 6.30068 -8.21121 10
    endloop
  endfacet
  facet normal -0.275057 0.906743 -0.319625
    outer loop
      vertex -2.32937 8.69333 6
      vertex -2.89295 8.52237 6
      vertex -2.67878 9.99733 10
    endloop
  endfacet
  facet normal -0.691577 -0.647735 -0.319624
    outer loop
      vertex -6.36396 -6.36396 6
      vertex -7.31855 -7.31855 10
      vertex -6.76656 -5.93411 6
    endloop
  endfacet
  facet normal 0.0928806 0.942984 -0.319617
    outer loop
      vertex 1.17474 8.923 6
      vertex 0.588628 8.98073 6
      vertex 0.676922 10.3278 10
    endloop
  endfacet
  facet normal -0.94299 0.0927561 -0.319634
    outer loop
      vertex -8.923 1.17474 6
      vertex -10.3278 0.676922 10
      vertex -10.2615 1.35095 10
    endloop
  endfacet
  facet normal 0.601114 -0.732463 -0.319625
    outer loop
      vertex 6.82423 -7.78154 10
      vertex 5.47885 -7.14018 6
      vertex 5.93411 -6.76656 6
    endloop
  endfacet
  facet normal -0.804658 0.500366 -0.319624
    outer loop
      vertex -7.79423 4.5 6
      vertex -8.96336 5.175 10
      vertex -8.60571 5.75015 10
    endloop
  endfacet
  facet normal -0.0928806 -0.942984 -0.319617
    outer loop
      vertex -0.676922 -10.3278 10
      vertex -1.17474 -8.923 6
      vertex -0.588628 -8.98073 6
    endloop
  endfacet
  facet normal 0.500366 -0.804658 -0.319624
    outer loop
      vertex 5.175 -8.96336 10
      vertex 4.5 -7.79423 6
      vertex 5.75015 -8.60571 10
    endloop
  endfacet
  facet normal -0.215129 0.922802 -0.319619
    outer loop
      vertex -1.75581 8.82707 6
      vertex -2.67878 9.99733 10
      vertex -2.01918 10.1511 10
    endloop
  endfacet
  facet normal -0.934886 -0.154342 -0.319635
    outer loop
      vertex -8.82707 -1.75581 6
      vertex -10.2615 -1.35095 10
      vertex -8.923 -1.17474 6
    endloop
  endfacet
  facet normal -0.863085 -0.391055 -0.319625
    outer loop
      vertex -9.28263 -4.57769 10
      vertex -9.56215 -3.96077 10
      vertex -8.07185 -3.9806 6
    endloop
  endfacet
  facet normal 0.215172 -0.92279 -0.319625
    outer loop
      vertex 2.67878 -9.99733 10
      vertex 1.75581 -8.82707 6
      vertex 2.32937 -8.69333 6
    endloop
  endfacet
  facet normal 0.647735 0.691577 -0.319624
    outer loop
      vertex 6.36396 6.36396 6
      vertex 5.93411 6.76656 6
      vertex 7.31855 7.31855 10
    endloop
  endfacet
  facet normal -0.215172 0.92279 -0.319625
    outer loop
      vertex -2.32937 8.69333 6
      vertex -2.67878 9.99733 10
      vertex -1.75581 8.82707 6
    endloop
  endfacet
  facet normal -0.942984 -0.0928806 -0.319617
    outer loop
      vertex -8.923 -1.17474 6
      vertex -10.3278 -0.676922 10
      vertex -8.98073 -0.588628 6
    endloop
  endfacet
  facet normal 0.770205 0.551928 -0.319624
    outer loop
      vertex 7.48323 5.00013 6
      vertex 7.14018 5.47885 6
      vertex 8.60571 5.75015 10
    endloop
  endfacet
  facet normal -0.770211 0.551919 -0.319626
    outer loop
      vertex -7.14018 5.47885 6
      vertex -8.60571 5.75015 10
      vertex -8.21121 6.30068 10
    endloop
  endfacet
  facet normal -0.0310585 -0.947035 -0.319624
    outer loop
      vertex 0 -10.35 10
      vertex -0.676922 -10.3278 10
      vertex 0 -9 6
    endloop
  endfacet
  facet normal -0.391055 0.863085 -0.319625
    outer loop
      vertex -3.9806 8.07185 6
      vertex -4.57769 9.28263 10
      vertex -3.96077 9.56215 10
    endloop
  endfacet
  facet normal 0.0310585 -0.947035 -0.319624
    outer loop
      vertex 0.676922 -10.3278 10
      vertex 0 -10.35 10
      vertex 0 -9 6
    endloop
  endfacet
  facet normal 0.601119 -0.732459 -0.319626
    outer loop
      vertex 6.30068 -8.21121 10
      vertex 5.47885 -7.14018 6
      vertex 6.82423 -7.78154 10
    endloop
  endfacet
  facet normal 0.551919 0.770211 -0.319626
    outer loop
      vertex 6.30068 8.21121 10
      vertex 5.47885 7.14018 6
      vertex 5.75015 8.60571 10
    endloop
  endfacet
  facet normal -0.804658 -0.500366 -0.319624
    outer loop
      vertex -8.60571 -5.75015 10
      vertex -8.96336 -5.175 10
      vertex -7.79423 -4.5 6
    endloop
  endfacet
  facet normal -0.0928806 0.942984 -0.319617
    outer loop
      vertex -0.588628 8.98073 6
      vertex -1.17474 8.923 6
      vertex -0.676922 10.3278 10
    endloop
  endfacet
  facet normal -0.906743 0.275057 -0.319625
    outer loop
      vertex -8.69333 2.32937 6
      vertex -9.99733 2.67878 10
      vertex -8.52237 2.89295 6
    endloop
  endfacet
  facet normal 0.275051 -0.906745 -0.319626
    outer loop
      vertex 3.3269 -9.80073 10
      vertex 2.67878 -9.99733 10
      vertex 2.89295 -8.52237 6
    endloop
  endfacet
  facet normal 0.333782 0.886808 -0.319626
    outer loop
      vertex 3.96077 9.56215 10
      vertex 2.89295 8.52237 6
      vertex 3.3269 9.80073 10
    endloop
  endfacet
  facet normal 0.770211 -0.551919 -0.319626
    outer loop
      vertex 8.21121 -6.30068 10
      vertex 7.14018 -5.47885 6
      vertex 8.60571 -5.75015 10
    endloop
  endfacet
  facet normal 0.86308 0.391069 -0.319623
    outer loop
      vertex 8.31492 3.44415 6
      vertex 8.07185 3.9806 6
      vertex 9.56215 3.96077 10
    endloop
  endfacet
  facet normal 0.835659 -0.446671 -0.319624
    outer loop
      vertex 8.96336 -5.175 10
      vertex 7.79423 -4.5 6
      vertex 9.28263 -4.57769 10
    endloop
  endfacet
  facet normal -0.86308 0.391069 -0.319623
    outer loop
      vertex -8.31492 3.44415 6
      vertex -9.56215 3.96077 10
      vertex -8.07185 3.9806 6
    endloop
  endfacet
  facet normal -0.770205 0.551928 -0.319624
    outer loop
      vertex -7.48323 5.00013 6
      vertex -8.60571 5.75015 10
      vertex -7.14018 5.47885 6
    endloop
  endfacet
  facet normal -0.934873 -0.154453 -0.31962
    outer loop
      vertex -10.1511 -2.01918 10
      vertex -10.2615 -1.35095 10
      vertex -8.82707 -1.75581 6
    endloop
  endfacet
  facet normal -0.333782 0.886808 -0.319626
    outer loop
      vertex -2.89295 8.52237 6
      vertex -3.96077 9.56215 10
      vertex -3.3269 9.80073 10
    endloop
  endfacet
  facet normal 0.446663 -0.835663 -0.319625
    outer loop
      vertex 4.57769 -9.28263 10
      vertex 3.9806 -8.07185 6
      vertex 4.5 -7.79423 6
    endloop
  endfacet
  facet normal -0.732463 0.601114 -0.319625
    outer loop
      vertex -7.14018 5.47885 6
      vertex -7.78154 6.82423 10
      vertex -6.76656 5.93411 6
    endloop
  endfacet
  facet normal -0.391055 -0.863085 -0.319625
    outer loop
      vertex -3.96077 -9.56215 10
      vertex -4.57769 -9.28263 10
      vertex -3.9806 -8.07185 6
    endloop
  endfacet
  facet normal 0.835663 0.446663 -0.319625
    outer loop
      vertex 8.07185 3.9806 6
      vertex 7.79423 4.5 6
      vertex 9.28263 4.57769 10
    endloop
  endfacet
  facet normal -0.804657 -0.500367 -0.319624
    outer loop
      vertex -7.48323 -5.00013 6
      vertex -8.60571 -5.75015 10
      vertex -7.79423 -4.5 6
    endloop
  endfacet
  facet normal 0.804658 -0.500366 -0.319624
    outer loop
      vertex 8.60571 -5.75015 10
      vertex 7.79423 -4.5 6
      vertex 8.96336 -5.175 10
    endloop
  endfacet
  facet normal -0.64774 -0.691572 -0.319625
    outer loop
      vertex -6.82423 -7.78154 10
      vertex -7.31855 -7.31855 10
      vertex -5.93411 -6.76656 6
    endloop
  endfacet
  facet normal 0.0927561 -0.94299 -0.319634
    outer loop
      vertex 1.35095 -10.2615 10
      vertex 0.676922 -10.3278 10
      vertex 1.17474 -8.923 6
    endloop
  endfacet
  facet normal 0.886816 -0.333763 -0.319623
    outer loop
      vertex 9.56215 -3.96077 10
      vertex 8.31492 -3.44415 6
      vertex 8.52237 -2.89295 6
    endloop
  endfacet
  facet normal 0.86308 -0.391069 -0.319623
    outer loop
      vertex 9.56215 -3.96077 10
      vertex 8.07185 -3.9806 6
      vertex 8.31492 -3.44415 6
    endloop
  endfacet
  facet normal 0.732463 -0.601114 -0.319625
    outer loop
      vertex 7.78154 -6.82423 10
      vertex 6.76656 -5.93411 6
      vertex 7.14018 -5.47885 6
    endloop
  endfacet
  facet normal -0.275051 -0.906745 -0.319626
    outer loop
      vertex -2.67878 -9.99733 10
      vertex -3.3269 -9.80073 10
      vertex -2.89295 -8.52237 6
    endloop
  endfacet
  facet normal 0.551928 -0.770205 -0.319624
    outer loop
      vertex 5.75015 -8.60571 10
      vertex 5.00013 -7.48323 6
      vertex 5.47885 -7.14018 6
    endloop
  endfacet
  facet normal -0.215129 -0.922802 -0.319619
    outer loop
      vertex -2.01918 -10.1511 10
      vertex -2.67878 -9.99733 10
      vertex -1.75581 -8.82707 6
    endloop
  endfacet
  facet normal -0.863085 0.391055 -0.319625
    outer loop
      vertex -8.07185 3.9806 6
      vertex -9.56215 3.96077 10
      vertex -9.28263 4.57769 10
    endloop
  endfacet
  facet normal -0.333763 -0.886816 -0.319623
    outer loop
      vertex -2.89295 -8.52237 6
      vertex -3.96077 -9.56215 10
      vertex -3.44415 -8.31492 6
    endloop
  endfacet
  facet normal 0.934873 0.154453 -0.31962
    outer loop
      vertex 10.2615 1.35095 10
      vertex 8.82707 1.75581 6
      vertex 10.1511 2.01918 10
    endloop
  endfacet
  facet normal -0.215172 -0.92279 -0.319625
    outer loop
      vertex -1.75581 -8.82707 6
      vertex -2.67878 -9.99733 10
      vertex -2.32937 -8.69333 6
    endloop
  endfacet
  facet normal -0.0310034 -0.94704 -0.319617
    outer loop
      vertex 0 -9 6
      vertex -0.676922 -10.3278 10
      vertex -0.588628 -8.98073 6
    endloop
  endfacet
  facet normal -0.770205 -0.551928 -0.319624
    outer loop
      vertex -7.14018 -5.47885 6
      vertex -8.60571 -5.75015 10
      vertex -7.48323 -5.00013 6
    endloop
  endfacet
  facet normal -0.446671 -0.835659 -0.319624
    outer loop
      vertex -4.57769 -9.28263 10
      vertex -5.175 -8.96336 10
      vertex -4.5 -7.79423 6
    endloop
  endfacet
  facet normal 0.275057 0.906743 -0.319625
    outer loop
      vertex 2.89295 8.52237 6
      vertex 2.32937 8.69333 6
      vertex 2.67878 9.99733 10
    endloop
  endfacet
  facet normal 0.446671 0.835659 -0.319624
    outer loop
      vertex 5.175 8.96336 10
      vertex 4.5 7.79423 6
      vertex 4.57769 9.28263 10
    endloop
  endfacet
  facet normal -0.0310585 0.947035 -0.319624
    outer loop
      vertex 0 9 6
      vertex -0.676922 10.3278 10
      vertex 0 10.35 10
    endloop
  endfacet
  facet normal 0.500366 0.804658 -0.319624
    outer loop
      vertex 5.75015 8.60571 10
      vertex 4.5 7.79423 6
      vertex 5.175 8.96336 10
    endloop
  endfacet
  facet normal -0.886816 -0.333763 -0.319623
    outer loop
      vertex -8.31492 -3.44415 6
      vertex -9.56215 -3.96077 10
      vertex -8.52237 -2.89295 6
    endloop
  endfacet
  facet normal -0.906745 -0.275051 -0.319626
    outer loop
      vertex -9.80073 -3.3269 10
      vertex -9.99733 -2.67878 10
      vertex -8.52237 -2.89295 6
    endloop
  endfacet
  facet normal 0.804657 -0.500367 -0.319624
    outer loop
      vertex 8.60571 -5.75015 10
      vertex 7.48323 -5.00013 6
      vertex 7.79423 -4.5 6
    endloop
  endfacet
  facet normal 0.94299 0.0927561 -0.319634
    outer loop
      vertex 10.3278 0.676922 10
      vertex 8.923 1.17474 6
      vertex 10.2615 1.35095 10
    endloop
  endfacet
  facet normal -0.691577 0.647735 -0.319624
    outer loop
      vertex -6.76656 5.93411 6
      vertex -7.31855 7.31855 10
      vertex -6.36396 6.36396 6
    endloop
  endfacet
  facet normal 0.732459 -0.601119 -0.319626
    outer loop
      vertex 7.78154 -6.82423 10
      vertex 7.14018 -5.47885 6
      vertex 8.21121 -6.30068 10
    endloop
  endfacet
  facet normal -0.691572 -0.64774 -0.319625
    outer loop
      vertex -7.31855 -7.31855 10
      vertex -7.78154 -6.82423 10
      vertex -6.76656 -5.93411 6
    endloop
  endfacet
  facet normal 0.500367 0.804657 -0.319624
    outer loop
      vertex 5.00013 7.48323 6
      vertex 4.5 7.79423 6
      vertex 5.75015 8.60571 10
    endloop
  endfacet
  facet normal 0.0310034 0.94704 -0.319617
    outer loop
      vertex 0.588628 8.98073 6
      vertex 0 9 6
      vertex 0.676922 10.3278 10
    endloop
  endfacet
  facet normal -0.732459 0.601119 -0.319626
    outer loop
      vertex -7.14018 5.47885 6
      vertex -8.21121 6.30068 10
      vertex -7.78154 6.82423 10
    endloop
  endfacet
  facet normal 0.922802 0.215129 -0.319619
    outer loop
      vertex 10.1511 2.01918 10
      vertex 8.82707 1.75581 6
      vertex 9.99733 2.67878 10
    endloop
  endfacet
  facet normal -0.391069 0.86308 -0.319623
    outer loop
      vertex -3.44415 8.31492 6
      vertex -3.9806 8.07185 6
      vertex -3.96077 9.56215 10
    endloop
  endfacet
  facet normal -0.551928 0.770205 -0.319624
    outer loop
      vertex -5.47885 7.14018 6
      vertex -5.75015 8.60571 10
      vertex -5.00013 7.48323 6
    endloop
  endfacet
  facet normal -0.391069 -0.86308 -0.319623
    outer loop
      vertex -3.96077 -9.56215 10
      vertex -3.9806 -8.07185 6
      vertex -3.44415 -8.31492 6
    endloop
  endfacet
  facet normal -0.691572 0.64774 -0.319625
    outer loop
      vertex -6.76656 5.93411 6
      vertex -7.78154 6.82423 10
      vertex -7.31855 7.31855 10
    endloop
  endfacet
  facet normal 0.446663 0.835663 -0.319625
    outer loop
      vertex 4.5 7.79423 6
      vertex 3.9806 8.07185 6
      vertex 4.57769 9.28263 10
    endloop
  endfacet
  facet normal 0.154453 0.934873 -0.31962
    outer loop
      vertex 1.75581 8.82707 6
      vertex 1.35095 10.2615 10
      vertex 2.01918 10.1511 10
    endloop
  endfacet
  facet normal -0.333763 0.886816 -0.319623
    outer loop
      vertex -3.44415 8.31492 6
      vertex -3.96077 9.56215 10
      vertex -2.89295 8.52237 6
    endloop
  endfacet
  facet normal -0.275051 0.906745 -0.319626
    outer loop
      vertex -2.89295 8.52237 6
      vertex -3.3269 9.80073 10
      vertex -2.67878 9.99733 10
    endloop
  endfacet
  facet normal -0.934886 0.154342 -0.319635
    outer loop
      vertex -8.923 1.17474 6
      vertex -10.2615 1.35095 10
      vertex -8.82707 1.75581 6
    endloop
  endfacet
  facet normal 0.804657 0.500367 -0.319624
    outer loop
      vertex 7.79423 4.5 6
      vertex 7.48323 5.00013 6
      vertex 8.60571 5.75015 10
    endloop
  endfacet
  facet normal -0.446663 -0.835663 -0.319625
    outer loop
      vertex -3.9806 -8.07185 6
      vertex -4.57769 -9.28263 10
      vertex -4.5 -7.79423 6
    endloop
  endfacet
  facet normal 0.601114 0.732463 -0.319625
    outer loop
      vertex 5.93411 6.76656 6
      vertex 5.47885 7.14018 6
      vertex 6.82423 7.78154 10
    endloop
  endfacet
  facet normal 0.391055 0.863085 -0.319625
    outer loop
      vertex 3.9806 8.07185 6
      vertex 3.96077 9.56215 10
      vertex 4.57769 9.28263 10
    endloop
  endfacet
  facet normal 0.551928 0.770205 -0.319624
    outer loop
      vertex 5.47885 7.14018 6
      vertex 5.00013 7.48323 6
      vertex 5.75015 8.60571 10
    endloop
  endfacet
  facet normal -0.732459 -0.601119 -0.319626
    outer loop
      vertex -7.78154 -6.82423 10
      vertex -8.21121 -6.30068 10
      vertex -7.14018 -5.47885 6
    endloop
  endfacet
  facet normal -0.92279 -0.215172 -0.319625
    outer loop
      vertex -8.69333 -2.32937 6
      vertex -9.99733 -2.67878 10
      vertex -8.82707 -1.75581 6
    endloop
  endfacet
  facet normal 0.886808 0.333782 -0.319626
    outer loop
      vertex 9.80073 3.3269 10
      vertex 8.52237 2.89295 6
      vertex 9.56215 3.96077 10
    endloop
  endfacet
  facet normal 0.835659 0.446671 -0.319624
    outer loop
      vertex 9.28263 4.57769 10
      vertex 7.79423 4.5 6
      vertex 8.96336 5.175 10
    endloop
  endfacet
  facet normal 0.215172 0.92279 -0.319625
    outer loop
      vertex 2.32937 8.69333 6
      vertex 1.75581 8.82707 6
      vertex 2.67878 9.99733 10
    endloop
  endfacet
  facet normal 0.215129 0.922802 -0.319619
    outer loop
      vertex 2.67878 9.99733 10
      vertex 1.75581 8.82707 6
      vertex 2.01918 10.1511 10
    endloop
  endfacet
  facet normal -0.601114 0.732463 -0.319625
    outer loop
      vertex -5.93411 6.76656 6
      vertex -6.82423 7.78154 10
      vertex -5.47885 7.14018 6
    endloop
  endfacet
  facet normal 0.863085 0.391055 -0.319625
    outer loop
      vertex 9.56215 3.96077 10
      vertex 8.07185 3.9806 6
      vertex 9.28263 4.57769 10
    endloop
  endfacet
  facet normal -0.835663 0.446663 -0.319625
    outer loop
      vertex -8.07185 3.9806 6
      vertex -9.28263 4.57769 10
      vertex -7.79423 4.5 6
    endloop
  endfacet
  facet normal 0 0 1
    outer loop
      vertex 9 0 10
      vertex 10.35 0 10
      vertex 10.3278 0.676922 10
    endloop
  endfacet
  facet normal 0 0 1
    outer loop
      vertex 8.98073 0.588628 10
      vertex 10.3278 0.676922 10
      vertex 10.2615 1.35095 10
    endloop
  endfacet
  facet normal 0 0 1
    outer loop
      vertex 10.35 0 10
      vertex 9 0 10
      vertex 10.3278 -0.676922 10
    endloop
  endfacet
  facet normal 0 0 1
    outer loop
      vertex 8.923 1.17474 10
      vertex 10.2615 1.35095 10
      vertex 10.1511 2.01918 10
    endloop
  endfacet
  facet normal -0 0 1
    outer loop
      vertex 8.98073 -0.588628 10
      vertex 10.3278 -0.676922 10
      vertex 9 0 10
    endloop
  endfacet
  facet normal 0 0 1
    outer loop
      vertex 8.82707 1.75581 10
      vertex 10.1511 2.01918 10
      vertex 9.99733 2.67878 10
    endloop
  endfacet
  facet normal 0 0 1
    outer loop
      vertex 10.3278 -0.676922 10
      vertex 8.98073 -0.588628 10
      vertex 10.2615 -1.35095 10
    endloop
  endfacet
  facet normal 0 0 1
    outer loop
      vertex 8.69333 2.32937 10
      vertex 9.99733 2.67878 10
      vertex 9.80073 3.3269 10
    endloop
  endfacet
  facet normal -0 0 1
    outer loop
      vertex 8.923 -1.17474 10
      vertex 10.2615 -1.35095 10
      vertex 8.98073 -0.588628 10
    endloop
  endfacet
  facet normal 0 0 1
    outer loop
      vertex 8.52237 2.89295 10
      vertex 9.80073 3.3269 10
      vertex 9.56215 3.96077 10
    endloop
  endfacet
  facet normal 0 0 1
    outer loop
      vertex 10.2615 -1.35095 10
      vertex 8.923 -1.17474 10
      vertex 10.1511 -2.01918 10
    endloop
  endfacet
  facet normal 0 0 1
    outer loop
      vertex 8.31492 3.44415 10
      vertex 9.56215 3.96077 10
      vertex 9.28263 4.57769 10
    endloop
  endfacet
  facet normal -0 0 1
    outer loop
      vertex 8.82707 -1.75581 10
      vertex 10.1511 -2.01918 10
      vertex 8.923 -1.17474 10
    endloop
  endfacet
  facet normal 0 0 1
    outer loop
      vertex 10.1511 -2.01918 10
      vertex 8.82707 -1.75581 10
      vertex 9.99733 -2.67878 10
    endloop
  endfacet
  facet normal 0 0 1
    outer loop
      vertex 10.3278 0.676922 10
      vertex 8.98073 0.588628 10
      vertex 9 0 10
    endloop
  endfacet
  facet normal 0 0 1
    outer loop
      vertex 8.07185 3.9806 10
      vertex 9.28263 4.57769 10
      vertex 8.96336 5.175 10
    endloop
  endfacet
  facet normal 0 0 1
    outer loop
      vertex 10.2615 1.35095 10
      vertex 8.923 1.17474 10
      vertex 8.98073 0.588628 10
    endloop
  endfacet
  facet normal 0 0 1
    outer loop
      vertex 10.1511 2.01918 10
      vertex 8.82707 1.75581 10
      vertex 8.923 1.17474 10
    endloop
  endfacet
  facet normal 0 0 1
    outer loop
      vertex 9.99733 2.67878 10
      vertex 8.69333 2.32937 10
      vertex 8.82707 1.75581 10
    endloop
  endfacet
  facet normal 0 0 1
    outer loop
      vertex 7.79423 4.5 10
      vertex 8.96336 5.175 10
      vertex 8.60571 5.75015 10
    endloop
  endfacet
  facet normal 0 0 1
    outer loop
      vertex 9.80073 3.3269 10
      vertex 8.52237 2.89295 10
      vertex 8.69333 2.32937 10
    endloop
  endfacet
  facet normal 0 0 1
    outer loop
      vertex 9.56215 3.96077 10
      vertex 8.31492 3.44415 10
      vertex 8.52237 2.89295 10
    endloop
  endfacet
  facet normal 0 0 1
    outer loop
      vertex 7.48323 5.00013 10
      vertex 8.60571 5.75015 10
      vertex 8.21121 6.30068 10
    endloop
  endfacet
  facet normal 0 0 1
    outer loop
      vertex 9.28263 4.57769 10
      vertex 8.07185 3.9806 10
      vertex 8.31492 3.44415 10
    endloop
  endfacet
  facet normal 0 0 1
    outer loop
      vertex 8.96336 5.175 10
      vertex 7.79423 4.5 10
      vertex 8.07185 3.9806 10
    endloop
  endfacet
  facet normal 0 0 1
    outer loop
      vertex 7.14018 5.47885 10
      vertex 8.21121 6.30068 10
      vertex 7.78154 6.82423 10
    endloop
  endfacet
  facet normal 0 0 1
    outer loop
      vertex 8.60571 5.75015 10
      vertex 7.48323 5.00013 10
      vertex 7.79423 4.5 10
    endloop
  endfacet
  facet normal 0 0 1
    outer loop
      vertex 6.76656 5.93411 10
      vertex 7.78154 6.82423 10
      vertex 7.31855 7.31855 10
    endloop
  endfacet
  facet normal 0 0 1
    outer loop
      vertex 8.21121 6.30068 10
      vertex 7.14018 5.47885 10
      vertex 7.48323 5.00013 10
    endloop
  endfacet
  facet normal 0 0 1
    outer loop
      vertex 6.36396 6.36396 10
      vertex 7.31855 7.31855 10
      vertex 6.82423 7.78154 10
    endloop
  endfacet
  facet normal 0 0 1
    outer loop
      vertex 7.78154 6.82423 10
      vertex 6.76656 5.93411 10
      vertex 7.14018 5.47885 10
    endloop
  endfacet
  facet normal 0 0 1
    outer loop
      vertex 7.31855 7.31855 10
      vertex 6.36396 6.36396 10
      vertex 6.76656 5.93411 10
    endloop
  endfacet
  facet normal 0 0 1
    outer loop
      vertex 5.93411 6.76656 10
      vertex 6.82423 7.78154 10
      vertex 6.30068 8.21121 10
    endloop
  endfacet
  facet normal 0 0 1
    outer loop
      vertex 6.82423 7.78154 10
      vertex 5.93411 6.76656 10
      vertex 6.36396 6.36396 10
    endloop
  endfacet
  facet normal 0 0 1
    outer loop
      vertex 5.47885 7.14018 10
      vertex 6.30068 8.21121 10
      vertex 5.75015 8.60571 10
    endloop
  endfacet
  facet normal 0 0 1
    outer loop
      vertex 6.30068 8.21121 10
      vertex 5.47885 7.14018 10
      vertex 5.93411 6.76656 10
    endloop
  endfacet
  facet normal 0 0 1
    outer loop
      vertex 5.00013 7.48323 10
      vertex 5.75015 8.60571 10
      vertex 5.175 8.96336 10
    endloop
  endfacet
  facet normal 0 0 1
    outer loop
      vertex 5.75015 8.60571 10
      vertex 5.00013 7.48323 10
      vertex 5.47885 7.14018 10
    endloop
  endfacet
  facet normal 0 0 1
    outer loop
      vertex 4.5 7.79423 10
      vertex 5.175 8.96336 10
      vertex 4.57769 9.28263 10
    endloop
  endfacet
  facet normal 0 0 1
    outer loop
      vertex 5.175 8.96336 10
      vertex 4.5 7.79423 10
      vertex 5.00013 7.48323 10
    endloop
  endfacet
  facet normal 0 0 1
    outer loop
      vertex 4.57769 9.28263 10
      vertex 3.9806 8.07185 10
      vertex 4.5 7.79423 10
    endloop
  endfacet
  facet normal 0 0 1
    outer loop
      vertex 3.96077 9.56215 10
      vertex 3.9806 8.07185 10
      vertex 4.57769 9.28263 10
    endloop
  endfacet
  facet normal 0 0 1
    outer loop
      vertex 3.96077 9.56215 10
      vertex 3.44415 8.31492 10
      vertex 3.9806 8.07185 10
    endloop
  endfacet
  facet normal 0 0 1
    outer loop
      vertex 3.3269 9.80073 10
      vertex 3.44415 8.31492 10
      vertex 3.96077 9.56215 10
    endloop
  endfacet
  facet normal 0 0 1
    outer loop
      vertex 3.3269 9.80073 10
      vertex 2.89295 8.52237 10
      vertex 3.44415 8.31492 10
    endloop
  endfacet
  facet normal 0 0 1
    outer loop
      vertex 2.67878 9.99733 10
      vertex 2.89295 8.52237 10
      vertex 3.3269 9.80073 10
    endloop
  endfacet
  facet normal 0 0 1
    outer loop
      vertex 2.67878 9.99733 10
      vertex 2.32937 8.69333 10
      vertex 2.89295 8.52237 10
    endloop
  endfacet
  facet normal 0 0 1
    outer loop
      vertex 2.01918 10.1511 10
      vertex 2.32937 8.69333 10
      vertex 2.67878 9.99733 10
    endloop
  endfacet
  facet normal 0 0 1
    outer loop
      vertex 2.01918 10.1511 10
      vertex 1.75581 8.82707 10
      vertex 2.32937 8.69333 10
    endloop
  endfacet
  facet normal 0 0 1
    outer loop
      vertex 1.35095 10.2615 10
      vertex 1.75581 8.82707 10
      vertex 2.01918 10.1511 10
    endloop
  endfacet
  facet normal 0 0 1
    outer loop
      vertex 1.35095 10.2615 10
      vertex 1.17474 8.923 10
      vertex 1.75581 8.82707 10
    endloop
  endfacet
  facet normal 0 0 1
    outer loop
      vertex 0.676922 10.3278 10
      vertex 1.17474 8.923 10
      vertex 1.35095 10.2615 10
    endloop
  endfacet
  facet normal 0 0 1
    outer loop
      vertex 0.676922 10.3278 10
      vertex 0.588628 8.98073 10
      vertex 1.17474 8.923 10
    endloop
  endfacet
  facet normal 0 0 1
    outer loop
      vertex 0 10.35 10
      vertex 0.588628 8.98073 10
      vertex 0.676922 10.3278 10
    endloop
  endfacet
  facet normal 0 0 1
    outer loop
      vertex 0 10.35 10
      vertex 0 9 10
      vertex 0.588628 8.98073 10
    endloop
  endfacet
  facet normal 0 0 1
    outer loop
      vertex 0 10.35 10
      vertex -0.588628 8.98073 10
      vertex 0 9 10
    endloop
  endfacet
  facet normal -0 0 1
    outer loop
      vertex -0.676922 10.3278 10
      vertex -0.588628 8.98073 10
      vertex 0 10.35 10
    endloop
  endfacet
  facet normal 0 0 1
    outer loop
      vertex -0.676922 10.3278 10
      vertex -1.17474 8.923 10
      vertex -0.588628 8.98073 10
    endloop
  endfacet
  facet normal -0 0 1
    outer loop
      vertex -1.35095 10.2615 10
      vertex -1.17474 8.923 10
      vertex -0.676922 10.3278 10
    endloop
  endfacet
  facet normal 0 0 1
    outer loop
      vertex -1.35095 10.2615 10
      vertex -1.75581 8.82707 10
      vertex -1.17474 8.923 10
    endloop
  endfacet
  facet normal -0 0 1
    outer loop
      vertex -2.01918 10.1511 10
      vertex -1.75581 8.82707 10
      vertex -1.35095 10.2615 10
    endloop
  endfacet
  facet normal 0 0 1
    outer loop
      vertex -2.01918 10.1511 10
      vertex -2.32937 8.69333 10
      vertex -1.75581 8.82707 10
    endloop
  endfacet
  facet normal -0 0 1
    outer loop
      vertex -2.67878 9.99733 10
      vertex -2.32937 8.69333 10
      vertex -2.01918 10.1511 10
    endloop
  endfacet
  facet normal 0 0 1
    outer loop
      vertex -2.67878 9.99733 10
      vertex -2.89295 8.52237 10
      vertex -2.32937 8.69333 10
    endloop
  endfacet
  facet normal -0 0 1
    outer loop
      vertex -3.3269 9.80073 10
      vertex -2.89295 8.52237 10
      vertex -2.67878 9.99733 10
    endloop
  endfacet
  facet normal 0 0 1
    outer loop
      vertex -3.3269 9.80073 10
      vertex -3.44415 8.31492 10
      vertex -2.89295 8.52237 10
    endloop
  endfacet
  facet normal -0 0 1
    outer loop
      vertex -3.96077 9.56215 10
      vertex -3.44415 8.31492 10
      vertex -3.3269 9.80073 10
    endloop
  endfacet
  facet normal 0 0 1
    outer loop
      vertex -3.96077 9.56215 10
      vertex -3.9806 8.07185 10
      vertex -3.44415 8.31492 10
    endloop
  endfacet
  facet normal -0 0 1
    outer loop
      vertex -4.57769 9.28263 10
      vertex -3.9806 8.07185 10
      vertex -3.96077 9.56215 10
    endloop
  endfacet
  facet normal 0 0 1
    outer loop
      vertex -3.9806 8.07185 10
      vertex -4.57769 9.28263 10
      vertex -4.5 7.79423 10
    endloop
  endfacet
  facet normal -0 0 1
    outer loop
      vertex -5.175 8.96336 10
      vertex -4.5 7.79423 10
      vertex -4.57769 9.28263 10
    endloop
  endfacet
  facet normal 0 0 1
    outer loop
      vertex -4.5 7.79423 10
      vertex -5.175 8.96336 10
      vertex -5.00013 7.48323 10
    endloop
  endfacet
  facet normal -0 0 1
    outer loop
      vertex -5.75015 8.60571 10
      vertex -5.00013 7.48323 10
      vertex -5.175 8.96336 10
    endloop
  endfacet
  facet normal 0 0 1
    outer loop
      vertex -5.00013 7.48323 10
      vertex -5.75015 8.60571 10
      vertex -5.47885 7.14018 10
    endloop
  endfacet
  facet normal -0 0 1
    outer loop
      vertex -6.30068 8.21121 10
      vertex -5.47885 7.14018 10
      vertex -5.75015 8.60571 10
    endloop
  endfacet
  facet normal 0 0 1
    outer loop
      vertex -5.47885 7.14018 10
      vertex -6.30068 8.21121 10
      vertex -5.93411 6.76656 10
    endloop
  endfacet
  facet normal -0 0 1
    outer loop
      vertex -6.82423 7.78154 10
      vertex -5.93411 6.76656 10
      vertex -6.30068 8.21121 10
    endloop
  endfacet
  facet normal 0 0 1
    outer loop
      vertex -5.93411 6.76656 10
      vertex -6.82423 7.78154 10
      vertex -6.36396 6.36396 10
    endloop
  endfacet
  facet normal -0 0 1
    outer loop
      vertex -7.31855 7.31855 10
      vertex -6.36396 6.36396 10
      vertex -6.82423 7.78154 10
    endloop
  endfacet
  facet normal 0 0 1
    outer loop
      vertex -6.36396 6.36396 10
      vertex -7.31855 7.31855 10
      vertex -6.76656 5.93411 10
    endloop
  endfacet
  facet normal -0 0 1
    outer loop
      vertex -7.78154 6.82423 10
      vertex -6.76656 5.93411 10
      vertex -7.31855 7.31855 10
    endloop
  endfacet
  facet normal 0 0 1
    outer loop
      vertex -6.76656 5.93411 10
      vertex -7.78154 6.82423 10
      vertex -7.14018 5.47885 10
    endloop
  endfacet
  facet normal -0 0 1
    outer loop
      vertex -8.21121 6.30068 10
      vertex -7.14018 5.47885 10
      vertex -7.78154 6.82423 10
    endloop
  endfacet
  facet normal 0 0 1
    outer loop
      vertex -7.14018 5.47885 10
      vertex -8.21121 6.30068 10
      vertex -7.48323 5.00013 10
    endloop
  endfacet
  facet normal -0 0 1
    outer loop
      vertex -8.60571 5.75015 10
      vertex -7.48323 5.00013 10
      vertex -8.21121 6.30068 10
    endloop
  endfacet
  facet normal 0 0 1
    outer loop
      vertex -7.48323 5.00013 10
      vertex -8.60571 5.75015 10
      vertex -7.79423 4.5 10
    endloop
  endfacet
  facet normal -0 0 1
    outer loop
      vertex -8.96336 5.175 10
      vertex -7.79423 4.5 10
      vertex -8.60571 5.75015 10
    endloop
  endfacet
  facet normal 0 0 1
    outer loop
      vertex -7.79423 4.5 10
      vertex -8.96336 5.175 10
      vertex -8.07185 3.9806 10
    endloop
  endfacet
  facet normal -0 0 1
    outer loop
      vertex -9.28263 4.57769 10
      vertex -8.07185 3.9806 10
      vertex -8.96336 5.175 10
    endloop
  endfacet
  facet normal 0 0 1
    outer loop
      vertex -8.07185 3.9806 10
      vertex -9.28263 4.57769 10
      vertex -8.31492 3.44415 10
    endloop
  endfacet
  facet normal -0 0 1
    outer loop
      vertex -9.56215 3.96077 10
      vertex -8.31492 3.44415 10
      vertex -9.28263 4.57769 10
    endloop
  endfacet
  facet normal 0 0 1
    outer loop
      vertex -8.31492 3.44415 10
      vertex -9.56215 3.96077 10
      vertex -8.52237 2.89295 10
    endloop
  endfacet
  facet normal -0 0 1
    outer loop
      vertex -9.80073 3.3269 10
      vertex -8.52237 2.89295 10
      vertex -9.56215 3.96077 10
    endloop
  endfacet
  facet normal 0 0 1
    outer loop
      vertex -8.52237 2.89295 10
      vertex -9.80073 3.3269 10
      vertex -8.69333 2.32937 10
    endloop
  endfacet
  facet normal -0 0 1
    outer loop
      vertex -9.99733 2.67878 10
      vertex -8.69333 2.32937 10
      vertex -9.80073 3.3269 10
    endloop
  endfacet
  facet normal 0 0 1
    outer loop
      vertex -8.69333 2.32937 10
      vertex -9.99733 2.67878 10
      vertex -8.82707 1.75581 10
    endloop
  endfacet
  facet normal -0 0 1
    outer loop
      vertex 8.69333 -2.32937 10
      vertex 9.99733 -2.67878 10
      vertex 8.82707 -1.75581 10
    endloop
  endfacet
  facet normal 0 0 1
    outer loop
      vertex 9.99733 -2.67878 10
      vertex 8.69333 -2.32937 10
      vertex 9.80073 -3.3269 10
    endloop
  endfacet
  facet normal -0 0 1
    outer loop
      vertex 8.52237 -2.89295 10
      vertex 9.80073 -3.3269 10
      vertex 8.69333 -2.32937 10
    endloop
  endfacet
  facet normal 0 0 1
    outer loop
      vertex 9.80073 -3.3269 10
      vertex 8.52237 -2.89295 10
      vertex 9.56215 -3.96077 10
    endloop
  endfacet
  facet normal -0 0 1
    outer loop
      vertex 8.31492 -3.44415 10
      vertex 9.56215 -3.96077 10
      vertex 8.52237 -2.89295 10
    endloop
  endfacet
  facet normal 0 0 1
    outer loop
      vertex 9.56215 -3.96077 10
      vertex 8.31492 -3.44415 10
      vertex 9.28263 -4.57769 10
    endloop
  endfacet
  facet normal -0 0 1
    outer loop
      vertex 8.07185 -3.9806 10
      vertex 9.28263 -4.57769 10
      vertex 8.31492 -3.44415 10
    endloop
  endfacet
  facet normal 0 0 1
    outer loop
      vertex 9.28263 -4.57769 10
      vertex 8.07185 -3.9806 10
      vertex 8.96336 -5.175 10
    endloop
  endfacet
  facet normal -0 0 1
    outer loop
      vertex 7.79423 -4.5 10
      vertex 8.96336 -5.175 10
      vertex 8.07185 -3.9806 10
    endloop
  endfacet
  facet normal 0 0 1
    outer loop
      vertex 8.96336 -5.175 10
      vertex 7.79423 -4.5 10
      vertex 8.60571 -5.75015 10
    endloop
  endfacet
  facet normal -0 0 1
    outer loop
      vertex 7.48323 -5.00013 10
      vertex 8.60571 -5.75015 10
      vertex 7.79423 -4.5 10
    endloop
  endfacet
  facet normal 0 0 1
    outer loop
      vertex 8.60571 -5.75015 10
      vertex 7.48323 -5.00013 10
      vertex 8.21121 -6.30068 10
    endloop
  endfacet
  facet normal -0 0 1
    outer loop
      vertex 7.14018 -5.47885 10
      vertex 8.21121 -6.30068 10
      vertex 7.48323 -5.00013 10
    endloop
  endfacet
  facet normal 0 0 1
    outer loop
      vertex 8.21121 -6.30068 10
      vertex 7.14018 -5.47885 10
      vertex 7.78154 -6.82423 10
    endloop
  endfacet
  facet normal -0 0 1
    outer loop
      vertex 6.76656 -5.93411 10
      vertex 7.78154 -6.82423 10
      vertex 7.14018 -5.47885 10
    endloop
  endfacet
  facet normal 0 0 1
    outer loop
      vertex 7.78154 -6.82423 10
      vertex 6.76656 -5.93411 10
      vertex 7.31855 -7.31855 10
    endloop
  endfacet
  facet normal -0 0 1
    outer loop
      vertex 6.36396 -6.36396 10
      vertex 7.31855 -7.31855 10
      vertex 6.76656 -5.93411 10
    endloop
  endfacet
  facet normal 0 0 1
    outer loop
      vertex 7.31855 -7.31855 10
      vertex 6.36396 -6.36396 10
      vertex 6.82423 -7.78154 10
    endloop
  endfacet
  facet normal -0 0 1
    outer loop
      vertex 5.93411 -6.76656 10
      vertex 6.82423 -7.78154 10
      vertex 6.36396 -6.36396 10
    endloop
  endfacet
  facet normal 0 0 1
    outer loop
      vertex 6.82423 -7.78154 10
      vertex 5.93411 -6.76656 10
      vertex 6.30068 -8.21121 10
    endloop
  endfacet
  facet normal -0 0 1
    outer loop
      vertex 5.47885 -7.14018 10
      vertex 6.30068 -8.21121 10
      vertex 5.93411 -6.76656 10
    endloop
  endfacet
  facet normal 0 0 1
    outer loop
      vertex 6.30068 -8.21121 10
      vertex 5.47885 -7.14018 10
      vertex 5.75015 -8.60571 10
    endloop
  endfacet
  facet normal -0 0 1
    outer loop
      vertex 5.00013 -7.48323 10
      vertex 5.75015 -8.60571 10
      vertex 5.47885 -7.14018 10
    endloop
  endfacet
  facet normal 0 0 1
    outer loop
      vertex 5.75015 -8.60571 10
      vertex 5.00013 -7.48323 10
      vertex 5.175 -8.96336 10
    endloop
  endfacet
  facet normal -0 0 1
    outer loop
      vertex 4.5 -7.79423 10
      vertex 5.175 -8.96336 10
      vertex 5.00013 -7.48323 10
    endloop
  endfacet
  facet normal 0 0 1
    outer loop
      vertex 5.175 -8.96336 10
      vertex 4.5 -7.79423 10
      vertex 4.57769 -9.28263 10
    endloop
  endfacet
  facet normal -0 0 1
    outer loop
      vertex 3.9806 -8.07185 10
      vertex 4.57769 -9.28263 10
      vertex 4.5 -7.79423 10
    endloop
  endfacet
  facet normal 0 0 1
    outer loop
      vertex 3.9806 -8.07185 10
      vertex 3.96077 -9.56215 10
      vertex 4.57769 -9.28263 10
    endloop
  endfacet
  facet normal -0 0 1
    outer loop
      vertex 3.44415 -8.31492 10
      vertex 3.96077 -9.56215 10
      vertex 3.9806 -8.07185 10
    endloop
  endfacet
  facet normal 0 0 1
    outer loop
      vertex 3.44415 -8.31492 10
      vertex 3.3269 -9.80073 10
      vertex 3.96077 -9.56215 10
    endloop
  endfacet
  facet normal -0 0 1
    outer loop
      vertex 2.89295 -8.52237 10
      vertex 3.3269 -9.80073 10
      vertex 3.44415 -8.31492 10
    endloop
  endfacet
  facet normal 0 0 1
    outer loop
      vertex 2.89295 -8.52237 10
      vertex 2.67878 -9.99733 10
      vertex 3.3269 -9.80073 10
    endloop
  endfacet
  facet normal -0 0 1
    outer loop
      vertex 2.32937 -8.69333 10
      vertex 2.67878 -9.99733 10
      vertex 2.89295 -8.52237 10
    endloop
  endfacet
  facet normal 0 0 1
    outer loop
      vertex 2.32937 -8.69333 10
      vertex 2.01918 -10.1511 10
      vertex 2.67878 -9.99733 10
    endloop
  endfacet
  facet normal -0 0 1
    outer loop
      vertex 1.75581 -8.82707 10
      vertex 2.01918 -10.1511 10
      vertex 2.32937 -8.69333 10
    endloop
  endfacet
  facet normal 0 0 1
    outer loop
      vertex 1.75581 -8.82707 10
      vertex 1.35095 -10.2615 10
      vertex 2.01918 -10.1511 10
    endloop
  endfacet
  facet normal -0 0 1
    outer loop
      vertex 1.17474 -8.923 10
      vertex 1.35095 -10.2615 10
      vertex 1.75581 -8.82707 10
    endloop
  endfacet
  facet normal 0 0 1
    outer loop
      vertex 1.17474 -8.923 10
      vertex 0.676922 -10.3278 10
      vertex 1.35095 -10.2615 10
    endloop
  endfacet
  facet normal -0 0 1
    outer loop
      vertex 0.588628 -8.98073 10
      vertex 0.676922 -10.3278 10
      vertex 1.17474 -8.923 10
    endloop
  endfacet
  facet normal -0 0 1
    outer loop
      vertex 0 -9 10
      vertex 0.676922 -10.3278 10
      vertex 0.588628 -8.98073 10
    endloop
  endfacet
  facet normal 0 0 1
    outer loop
      vertex 0 -9 10
      vertex 0 -10.35 10
      vertex 0.676922 -10.3278 10
    endloop
  endfacet
  facet normal 0 0 1
    outer loop
      vertex -0.588628 -8.98073 10
      vertex 0 -10.35 10
      vertex 0 -9 10
    endloop
  endfacet
  facet normal 0 0 1
    outer loop
      vertex -0.588628 -8.98073 10
      vertex -0.676922 -10.3278 10
      vertex 0 -10.35 10
    endloop
  endfacet
  facet normal 0 0 1
    outer loop
      vertex -1.17474 -8.923 10
      vertex -0.676922 -10.3278 10
      vertex -0.588628 -8.98073 10
    endloop
  endfacet
  facet normal 0 0 1
    outer loop
      vertex -1.17474 -8.923 10
      vertex -1.35095 -10.2615 10
      vertex -0.676922 -10.3278 10
    endloop
  endfacet
  facet normal 0 0 1
    outer loop
      vertex -1.75581 -8.82707 10
      vertex -1.35095 -10.2615 10
      vertex -1.17474 -8.923 10
    endloop
  endfacet
  facet normal 0 0 1
    outer loop
      vertex -1.75581 -8.82707 10
      vertex -2.01918 -10.1511 10
      vertex -1.35095 -10.2615 10
    endloop
  endfacet
  facet normal 0 0 1
    outer loop
      vertex -2.32937 -8.69333 10
      vertex -2.01918 -10.1511 10
      vertex -1.75581 -8.82707 10
    endloop
  endfacet
  facet normal 0 0 1
    outer loop
      vertex -2.32937 -8.69333 10
      vertex -2.67878 -9.99733 10
      vertex -2.01918 -10.1511 10
    endloop
  endfacet
  facet normal 0 0 1
    outer loop
      vertex -2.89295 -8.52237 10
      vertex -2.67878 -9.99733 10
      vertex -2.32937 -8.69333 10
    endloop
  endfacet
  facet normal 0 0 1
    outer loop
      vertex -2.89295 -8.52237 10
      vertex -3.3269 -9.80073 10
      vertex -2.67878 -9.99733 10
    endloop
  endfacet
  facet normal 0 0 1
    outer loop
      vertex -3.44415 -8.31492 10
      vertex -3.3269 -9.80073 10
      vertex -2.89295 -8.52237 10
    endloop
  endfacet
  facet normal 0 0 1
    outer loop
      vertex -3.44415 -8.31492 10
      vertex -3.96077 -9.56215 10
      vertex -3.3269 -9.80073 10
    endloop
  endfacet
  facet normal 0 0 1
    outer loop
      vertex -3.9806 -8.07185 10
      vertex -3.96077 -9.56215 10
      vertex -3.44415 -8.31492 10
    endloop
  endfacet
  facet normal 0 0 1
    outer loop
      vertex -4.57769 -9.28263 10
      vertex -3.9806 -8.07185 10
      vertex -4.5 -7.79423 10
    endloop
  endfacet
  facet normal 0 0 1
    outer loop
      vertex -3.9806 -8.07185 10
      vertex -4.57769 -9.28263 10
      vertex -3.96077 -9.56215 10
    endloop
  endfacet
  facet normal 0 0 1
    outer loop
      vertex -5.175 -8.96336 10
      vertex -4.5 -7.79423 10
      vertex -5.00013 -7.48323 10
    endloop
  endfacet
  facet normal 0 0 1
    outer loop
      vertex -4.5 -7.79423 10
      vertex -5.175 -8.96336 10
      vertex -4.57769 -9.28263 10
    endloop
  endfacet
  facet normal 0 0 1
    outer loop
      vertex -5.75015 -8.60571 10
      vertex -5.00013 -7.48323 10
      vertex -5.47885 -7.14018 10
    endloop
  endfacet
  facet normal 0 0 1
    outer loop
      vertex -5.00013 -7.48323 10
      vertex -5.75015 -8.60571 10
      vertex -5.175 -8.96336 10
    endloop
  endfacet
  facet normal 0 0 1
    outer loop
      vertex -6.30068 -8.21121 10
      vertex -5.47885 -7.14018 10
      vertex -5.93411 -6.76656 10
    endloop
  endfacet
  facet normal 0 0 1
    outer loop
      vertex -5.47885 -7.14018 10
      vertex -6.30068 -8.21121 10
      vertex -5.75015 -8.60571 10
    endloop
  endfacet
  facet normal 0 0 1
    outer loop
      vertex -6.82423 -7.78154 10
      vertex -5.93411 -6.76656 10
      vertex -6.36396 -6.36396 10
    endloop
  endfacet
  facet normal 0 0 1
    outer loop
      vertex -7.31855 -7.31855 10
      vertex -6.36396 -6.36396 10
      vertex -6.76656 -5.93411 10
    endloop
  endfacet
  facet normal 0 0 1
    outer loop
      vertex -5.93411 -6.76656 10
      vertex -6.82423 -7.78154 10
      vertex -6.30068 -8.21121 10
    endloop
  endfacet
  facet normal 0 0 1
    outer loop
      vertex -7.78154 -6.82423 10
      vertex -6.76656 -5.93411 10
      vertex -7.14018 -5.47885 10
    endloop
  endfacet
  facet normal 0 0 1
    outer loop
      vertex -6.36396 -6.36396 10
      vertex -7.31855 -7.31855 10
      vertex -6.82423 -7.78154 10
    endloop
  endfacet
  facet normal 0 0 1
    outer loop
      vertex -8.21121 -6.30068 10
      vertex -7.14018 -5.47885 10
      vertex -7.48323 -5.00013 10
    endloop
  endfacet
  facet normal 0 0 1
    outer loop
      vertex -6.76656 -5.93411 10
      vertex -7.78154 -6.82423 10
      vertex -7.31855 -7.31855 10
    endloop
  endfacet
  facet normal 0 0 1
    outer loop
      vertex -8.60571 -5.75015 10
      vertex -7.48323 -5.00013 10
      vertex -7.79423 -4.5 10
    endloop
  endfacet
  facet normal 0 0 1
    outer loop
      vertex -8.96336 -5.175 10
      vertex -7.79423 -4.5 10
      vertex -8.07185 -3.9806 10
    endloop
  endfacet
  facet normal 0 0 1
    outer loop
      vertex -7.14018 -5.47885 10
      vertex -8.21121 -6.30068 10
      vertex -7.78154 -6.82423 10
    endloop
  endfacet
  facet normal 0 0 1
    outer loop
      vertex -9.28263 -4.57769 10
      vertex -8.07185 -3.9806 10
      vertex -8.31492 -3.44415 10
    endloop
  endfacet
  facet normal 0 0 1
    outer loop
      vertex -9.56215 -3.96077 10
      vertex -8.31492 -3.44415 10
      vertex -8.52237 -2.89295 10
    endloop
  endfacet
  facet normal 0 0 1
    outer loop
      vertex -7.48323 -5.00013 10
      vertex -8.60571 -5.75015 10
      vertex -8.21121 -6.30068 10
    endloop
  endfacet
  facet normal 0 0 1
    outer loop
      vertex -9.80073 -3.3269 10
      vertex -8.52237 -2.89295 10
      vertex -8.69333 -2.32937 10
    endloop
  endfacet
  facet normal 0 0 1
    outer loop
      vertex -9.99733 -2.67878 10
      vertex -8.69333 -2.32937 10
      vertex -8.82707 -1.75581 10
    endloop
  endfacet
  facet normal 0 0 1
    outer loop
      vertex -10.1511 -2.01918 10
      vertex -8.82707 -1.75581 10
      vertex -8.923 -1.17474 10
    endloop
  endfacet
  facet normal 0 0 1
    outer loop
      vertex -7.79423 -4.5 10
      vertex -8.96336 -5.175 10
      vertex -8.60571 -5.75015 10
    endloop
  endfacet
  facet normal 0 0 1
    outer loop
      vertex -10.2615 -1.35095 10
      vertex -8.923 -1.17474 10
      vertex -8.98073 -0.588628 10
    endloop
  endfacet
  facet normal 0 0 1
    outer loop
      vertex -10.3278 -0.676922 10
      vertex -8.98073 -0.588628 10
      vertex -9 0 10
    endloop
  endfacet
  facet normal -0 0 1
    outer loop
      vertex -10.1511 2.01918 10
      vertex -8.82707 1.75581 10
      vertex -9.99733 2.67878 10
    endloop
  endfacet
  facet normal 0 0 1
    outer loop
      vertex -8.07185 -3.9806 10
      vertex -9.28263 -4.57769 10
      vertex -8.96336 -5.175 10
    endloop
  endfacet
  facet normal 0 0 1
    outer loop
      vertex -8.82707 1.75581 10
      vertex -10.1511 2.01918 10
      vertex -8.923 1.17474 10
    endloop
  endfacet
  facet normal 0 0 1
    outer loop
      vertex -8.31492 -3.44415 10
      vertex -9.56215 -3.96077 10
      vertex -9.28263 -4.57769 10
    endloop
  endfacet
  facet normal -0 0 1
    outer loop
      vertex -10.2615 1.35095 10
      vertex -8.923 1.17474 10
      vertex -10.1511 2.01918 10
    endloop
  endfacet
  facet normal 0 0 1
    outer loop
      vertex -8.52237 -2.89295 10
      vertex -9.80073 -3.3269 10
      vertex -9.56215 -3.96077 10
    endloop
  endfacet
  facet normal 0 0 1
    outer loop
      vertex -8.923 1.17474 10
      vertex -10.2615 1.35095 10
      vertex -8.98073 0.588628 10
    endloop
  endfacet
  facet normal 0 0 1
    outer loop
      vertex -8.69333 -2.32937 10
      vertex -9.99733 -2.67878 10
      vertex -9.80073 -3.3269 10
    endloop
  endfacet
  facet normal -0 0 1
    outer loop
      vertex -10.3278 0.676922 10
      vertex -8.98073 0.588628 10
      vertex -10.2615 1.35095 10
    endloop
  endfacet
  facet normal 0 0 1
    outer loop
      vertex -8.82707 -1.75581 10
      vertex -10.1511 -2.01918 10
      vertex -9.99733 -2.67878 10
    endloop
  endfacet
  facet normal 0 0 1
    outer loop
      vertex -8.98073 0.588628 10
      vertex -10.3278 0.676922 10
      vertex -9 0 10
    endloop
  endfacet
  facet normal 0 0 1
    outer loop
      vertex -8.923 -1.17474 10
      vertex -10.2615 -1.35095 10
      vertex -10.1511 -2.01918 10
    endloop
  endfacet
  facet normal 0 0 1
    outer loop
      vertex -10.35 0 10
      vertex -9 0 10
      vertex -10.3278 0.676922 10
    endloop
  endfacet
  facet normal 0 0 1
    outer loop
      vertex -8.98073 -0.588628 10
      vertex -10.3278 -0.676922 10
      vertex -10.2615 -1.35095 10
    endloop
  endfacet
  facet normal 0 0 1
    outer loop
      vertex -9 0 10
      vertex -10.35 0 10
      vertex -10.3278 -0.676922 10
    endloop
  endfacet
  facet normal 0.732459 0.601119 -0.319626
    outer loop
      vertex 8.21121 6.30068 10
      vertex 7.14018 5.47885 6
      vertex 7.78154 6.82423 10
    endloop
  endfacet
  facet normal 0.934886 0.154342 -0.319635
    outer loop
      vertex 8.923 1.17474 6
      vertex 8.82707 1.75581 6
      vertex 10.2615 1.35095 10
    endloop
  endfacet
  facet normal 0.906745 0.275051 -0.319626
    outer loop
      vertex 9.99733 2.67878 10
      vertex 8.52237 2.89295 6
      vertex 9.80073 3.3269 10
    endloop
  endfacet
  facet normal 0.804658 0.500366 -0.319624
    outer loop
      vertex 8.96336 5.175 10
      vertex 7.79423 4.5 6
      vertex 8.60571 5.75015 10
    endloop
  endfacet
  facet normal -0.446663 0.835663 -0.319625
    outer loop
      vertex -4.5 7.79423 6
      vertex -4.57769 9.28263 10
      vertex -3.9806 8.07185 6
    endloop
  endfacet
  facet normal 0 0 1
    outer loop
      vertex 9 0 6
      vertex 10 0 6
      vertex 9.97859 0.654031 6
    endloop
  endfacet
  facet normal 0 0 1
    outer loop
      vertex 8.98073 0.588628 6
      vertex 9.97859 0.654031 6
      vertex 9.91445 1.30526 6
    endloop
  endfacet
  facet normal 0 0 1
    outer loop
      vertex 10 0 6
      vertex 9 0 6
      vertex 9.97859 -0.654031 6
    endloop
  endfacet
  facet normal 0 0 1
    outer loop
      vertex 8.923 1.17474 6
      vertex 9.91445 1.30526 6
      vertex 9.80785 1.9509 6
    endloop
  endfacet
  facet normal -0 0 1
    outer loop
      vertex 8.98073 -0.588628 6
      vertex 9.97859 -0.654031 6
      vertex 9 0 6
    endloop
  endfacet
  facet normal 0 0 1
    outer loop
      vertex 8.82707 1.75581 6
      vertex 9.80785 1.9509 6
      vertex 9.65926 2.58819 6
    endloop
  endfacet
  facet normal 0 0 1
    outer loop
      vertex 9.97859 -0.654031 6
      vertex 8.98073 -0.588628 6
      vertex 9.91445 -1.30526 6
    endloop
  endfacet
  facet normal 0 0 1
    outer loop
      vertex 8.69333 2.32937 6
      vertex 9.65926 2.58819 6
      vertex 9.4693 3.21439 6
    endloop
  endfacet
  facet normal -0 0 1
    outer loop
      vertex 8.923 -1.17474 6
      vertex 9.91445 -1.30526 6
      vertex 8.98073 -0.588628 6
    endloop
  endfacet
  facet normal 0 0 1
    outer loop
      vertex 8.52237 2.89295 6
      vertex 9.4693 3.21439 6
      vertex 9.2388 3.82683 6
    endloop
  endfacet
  facet normal 0 0 1
    outer loop
      vertex 9.91445 -1.30526 6
      vertex 8.923 -1.17474 6
      vertex 9.80785 -1.9509 6
    endloop
  endfacet
  facet normal -0 0 1
    outer loop
      vertex 8.82707 -1.75581 6
      vertex 9.80785 -1.9509 6
      vertex 8.923 -1.17474 6
    endloop
  endfacet
  facet normal 0 0 1
    outer loop
      vertex 9.97859 0.654031 6
      vertex 8.98073 0.588628 6
      vertex 9 0 6
    endloop
  endfacet
  facet normal 0 0 1
    outer loop
      vertex 8.31492 3.44415 6
      vertex 9.2388 3.82683 6
      vertex 8.96873 4.42289 6
    endloop
  endfacet
  facet normal 0 0 1
    outer loop
      vertex 9.91445 1.30526 6
      vertex 8.923 1.17474 6
      vertex 8.98073 0.588628 6
    endloop
  endfacet
  facet normal 0 0 1
    outer loop
      vertex 9.80785 1.9509 6
      vertex 8.82707 1.75581 6
      vertex 8.923 1.17474 6
    endloop
  endfacet
  facet normal 0 0 1
    outer loop
      vertex 9.65926 2.58819 6
      vertex 8.69333 2.32937 6
      vertex 8.82707 1.75581 6
    endloop
  endfacet
  facet normal 0 0 1
    outer loop
      vertex 8.07185 3.9806 6
      vertex 8.96873 4.42289 6
      vertex 8.66025 5 6
    endloop
  endfacet
  facet normal 0 0 1
    outer loop
      vertex 9.4693 3.21439 6
      vertex 8.52237 2.89295 6
      vertex 8.69333 2.32937 6
    endloop
  endfacet
  facet normal 0 0 1
    outer loop
      vertex 9.2388 3.82683 6
      vertex 8.31492 3.44415 6
      vertex 8.52237 2.89295 6
    endloop
  endfacet
  facet normal 0 0 1
    outer loop
      vertex 7.79423 4.5 6
      vertex 8.66025 5 6
      vertex 8.3147 5.5557 6
    endloop
  endfacet
  facet normal 0 0 1
    outer loop
      vertex 8.96873 4.42289 6
      vertex 8.07185 3.9806 6
      vertex 8.31492 3.44415 6
    endloop
  endfacet
  facet normal 0 0 1
    outer loop
      vertex 7.48323 5.00013 6
      vertex 8.3147 5.5557 6
      vertex 7.93353 6.08761 6
    endloop
  endfacet
  facet normal 0 0 1
    outer loop
      vertex 8.66025 5 6
      vertex 7.79423 4.5 6
      vertex 8.07185 3.9806 6
    endloop
  endfacet
  facet normal 0 0 1
    outer loop
      vertex 7.14018 5.47885 6
      vertex 7.93353 6.08761 6
      vertex 7.5184 6.59346 6
    endloop
  endfacet
  facet normal 0 0 1
    outer loop
      vertex 8.3147 5.5557 6
      vertex 7.48323 5.00013 6
      vertex 7.79423 4.5 6
    endloop
  endfacet
  facet normal 0 0 1
    outer loop
      vertex 7.93353 6.08761 6
      vertex 7.14018 5.47885 6
      vertex 7.48323 5.00013 6
    endloop
  endfacet
  facet normal 0 0 1
    outer loop
      vertex 6.76656 5.93411 6
      vertex 7.5184 6.59346 6
      vertex 7.07107 7.07107 6
    endloop
  endfacet
  facet normal 0 0 1
    outer loop
      vertex 7.5184 6.59346 6
      vertex 6.76656 5.93411 6
      vertex 7.14018 5.47885 6
    endloop
  endfacet
  facet normal 0 0 1
    outer loop
      vertex 6.36396 6.36396 6
      vertex 7.07107 7.07107 6
      vertex 6.59346 7.5184 6
    endloop
  endfacet
  facet normal 0 0 1
    outer loop
      vertex 7.07107 7.07107 6
      vertex 6.36396 6.36396 6
      vertex 6.76656 5.93411 6
    endloop
  endfacet
  facet normal 0 0 1
    outer loop
      vertex 5.93411 6.76656 6
      vertex 6.59346 7.5184 6
      vertex 6.08761 7.93353 6
    endloop
  endfacet
  facet normal 0 0 1
    outer loop
      vertex 6.59346 7.5184 6
      vertex 5.93411 6.76656 6
      vertex 6.36396 6.36396 6
    endloop
  endfacet
  facet normal 0 0 1
    outer loop
      vertex 5.47885 7.14018 6
      vertex 6.08761 7.93353 6
      vertex 5.5557 8.3147 6
    endloop
  endfacet
  facet normal 0 0 1
    outer loop
      vertex 6.08761 7.93353 6
      vertex 5.47885 7.14018 6
      vertex 5.93411 6.76656 6
    endloop
  endfacet
  facet normal 0 0 1
    outer loop
      vertex 5.5557 8.3147 6
      vertex 5.00013 7.48323 6
      vertex 5.47885 7.14018 6
    endloop
  endfacet
  facet normal 0 0 1
    outer loop
      vertex 5 8.66025 6
      vertex 5.00013 7.48323 6
      vertex 5.5557 8.3147 6
    endloop
  endfacet
  facet normal 0 0 1
    outer loop
      vertex 5 8.66025 6
      vertex 4.5 7.79423 6
      vertex 5.00013 7.48323 6
    endloop
  endfacet
  facet normal 0 0 1
    outer loop
      vertex 4.42289 8.96873 6
      vertex 4.5 7.79423 6
      vertex 5 8.66025 6
    endloop
  endfacet
  facet normal 0 0 1
    outer loop
      vertex 4.42289 8.96873 6
      vertex 3.9806 8.07185 6
      vertex 4.5 7.79423 6
    endloop
  endfacet
  facet normal 0 0 1
    outer loop
      vertex 3.82683 9.2388 6
      vertex 3.9806 8.07185 6
      vertex 4.42289 8.96873 6
    endloop
  endfacet
  facet normal 0 0 1
    outer loop
      vertex 3.82683 9.2388 6
      vertex 3.44415 8.31492 6
      vertex 3.9806 8.07185 6
    endloop
  endfacet
  facet normal 0 0 1
    outer loop
      vertex 3.21439 9.4693 6
      vertex 3.44415 8.31492 6
      vertex 3.82683 9.2388 6
    endloop
  endfacet
  facet normal 0 0 1
    outer loop
      vertex 3.21439 9.4693 6
      vertex 2.89295 8.52237 6
      vertex 3.44415 8.31492 6
    endloop
  endfacet
  facet normal 0 0 1
    outer loop
      vertex 2.58819 9.65926 6
      vertex 2.89295 8.52237 6
      vertex 3.21439 9.4693 6
    endloop
  endfacet
  facet normal 0 0 1
    outer loop
      vertex 2.58819 9.65926 6
      vertex 2.32937 8.69333 6
      vertex 2.89295 8.52237 6
    endloop
  endfacet
  facet normal 0 0 1
    outer loop
      vertex 1.9509 9.80785 6
      vertex 2.32937 8.69333 6
      vertex 2.58819 9.65926 6
    endloop
  endfacet
  facet normal 0 0 1
    outer loop
      vertex 1.9509 9.80785 6
      vertex 1.75581 8.82707 6
      vertex 2.32937 8.69333 6
    endloop
  endfacet
  facet normal 0 0 1
    outer loop
      vertex 1.30526 9.91445 6
      vertex 1.75581 8.82707 6
      vertex 1.9509 9.80785 6
    endloop
  endfacet
  facet normal 0 0 1
    outer loop
      vertex 1.30526 9.91445 6
      vertex 1.17474 8.923 6
      vertex 1.75581 8.82707 6
    endloop
  endfacet
  facet normal 0 0 1
    outer loop
      vertex 0.654031 9.97859 6
      vertex 1.17474 8.923 6
      vertex 1.30526 9.91445 6
    endloop
  endfacet
  facet normal 0 0 1
    outer loop
      vertex 0.654031 9.97859 6
      vertex 0.588628 8.98073 6
      vertex 1.17474 8.923 6
    endloop
  endfacet
  facet normal 0 0 1
    outer loop
      vertex 0 10 6
      vertex 0.588628 8.98073 6
      vertex 0.654031 9.97859 6
    endloop
  endfacet
  facet normal 0 0 1
    outer loop
      vertex 0 10 6
      vertex 0 9 6
      vertex 0.588628 8.98073 6
    endloop
  endfacet
  facet normal 0 0 1
    outer loop
      vertex 0 10 6
      vertex -0.588628 8.98073 6
      vertex 0 9 6
    endloop
  endfacet
  facet normal -0 0 1
    outer loop
      vertex -0.654031 9.97859 6
      vertex -0.588628 8.98073 6
      vertex 0 10 6
    endloop
  endfacet
  facet normal 0 0 1
    outer loop
      vertex -0.654031 9.97859 6
      vertex -1.17474 8.923 6
      vertex -0.588628 8.98073 6
    endloop
  endfacet
  facet normal -0 0 1
    outer loop
      vertex -1.30526 9.91445 6
      vertex -1.17474 8.923 6
      vertex -0.654031 9.97859 6
    endloop
  endfacet
  facet normal 0 0 1
    outer loop
      vertex -1.30526 9.91445 6
      vertex -1.75581 8.82707 6
      vertex -1.17474 8.923 6
    endloop
  endfacet
  facet normal -0 0 1
    outer loop
      vertex -1.9509 9.80785 6
      vertex -1.75581 8.82707 6
      vertex -1.30526 9.91445 6
    endloop
  endfacet
  facet normal 0 0 1
    outer loop
      vertex -1.9509 9.80785 6
      vertex -2.32937 8.69333 6
      vertex -1.75581 8.82707 6
    endloop
  endfacet
  facet normal -0 0 1
    outer loop
      vertex -2.58819 9.65926 6
      vertex -2.32937 8.69333 6
      vertex -1.9509 9.80785 6
    endloop
  endfacet
  facet normal 0 0 1
    outer loop
      vertex -2.58819 9.65926 6
      vertex -2.89295 8.52237 6
      vertex -2.32937 8.69333 6
    endloop
  endfacet
  facet normal -0 0 1
    outer loop
      vertex -3.21439 9.4693 6
      vertex -2.89295 8.52237 6
      vertex -2.58819 9.65926 6
    endloop
  endfacet
  facet normal 0 0 1
    outer loop
      vertex -3.21439 9.4693 6
      vertex -3.44415 8.31492 6
      vertex -2.89295 8.52237 6
    endloop
  endfacet
  facet normal -0 0 1
    outer loop
      vertex -3.82683 9.2388 6
      vertex -3.44415 8.31492 6
      vertex -3.21439 9.4693 6
    endloop
  endfacet
  facet normal 0 0 1
    outer loop
      vertex -3.82683 9.2388 6
      vertex -3.9806 8.07185 6
      vertex -3.44415 8.31492 6
    endloop
  endfacet
  facet normal -0 0 1
    outer loop
      vertex -4.42289 8.96873 6
      vertex -3.9806 8.07185 6
      vertex -3.82683 9.2388 6
    endloop
  endfacet
  facet normal 0 0 1
    outer loop
      vertex -4.42289 8.96873 6
      vertex -4.5 7.79423 6
      vertex -3.9806 8.07185 6
    endloop
  endfacet
  facet normal -0 0 1
    outer loop
      vertex -5 8.66025 6
      vertex -4.5 7.79423 6
      vertex -4.42289 8.96873 6
    endloop
  endfacet
  facet normal 0 0 1
    outer loop
      vertex -5 8.66025 6
      vertex -5.00013 7.48323 6
      vertex -4.5 7.79423 6
    endloop
  endfacet
  facet normal -0 0 1
    outer loop
      vertex -5.5557 8.3147 6
      vertex -5.00013 7.48323 6
      vertex -5 8.66025 6
    endloop
  endfacet
  facet normal 0 0 1
    outer loop
      vertex -5.00013 7.48323 6
      vertex -5.5557 8.3147 6
      vertex -5.47885 7.14018 6
    endloop
  endfacet
  facet normal -0 0 1
    outer loop
      vertex -6.08761 7.93353 6
      vertex -5.47885 7.14018 6
      vertex -5.5557 8.3147 6
    endloop
  endfacet
  facet normal 0 0 1
    outer loop
      vertex -5.47885 7.14018 6
      vertex -6.08761 7.93353 6
      vertex -5.93411 6.76656 6
    endloop
  endfacet
  facet normal -0 0 1
    outer loop
      vertex -6.59346 7.5184 6
      vertex -5.93411 6.76656 6
      vertex -6.08761 7.93353 6
    endloop
  endfacet
  facet normal 0 0 1
    outer loop
      vertex -5.93411 6.76656 6
      vertex -6.59346 7.5184 6
      vertex -6.36396 6.36396 6
    endloop
  endfacet
  facet normal -0 0 1
    outer loop
      vertex -7.07107 7.07107 6
      vertex -6.36396 6.36396 6
      vertex -6.59346 7.5184 6
    endloop
  endfacet
  facet normal 0 0 1
    outer loop
      vertex -6.36396 6.36396 6
      vertex -7.07107 7.07107 6
      vertex -6.76656 5.93411 6
    endloop
  endfacet
  facet normal -0 0 1
    outer loop
      vertex -7.5184 6.59346 6
      vertex -6.76656 5.93411 6
      vertex -7.07107 7.07107 6
    endloop
  endfacet
  facet normal 0 0 1
    outer loop
      vertex -6.76656 5.93411 6
      vertex -7.5184 6.59346 6
      vertex -7.14018 5.47885 6
    endloop
  endfacet
  facet normal -0 0 1
    outer loop
      vertex -7.93353 6.08761 6
      vertex -7.14018 5.47885 6
      vertex -7.5184 6.59346 6
    endloop
  endfacet
  facet normal 0 0 1
    outer loop
      vertex -7.14018 5.47885 6
      vertex -7.93353 6.08761 6
      vertex -7.48323 5.00013 6
    endloop
  endfacet
  facet normal -0 0 1
    outer loop
      vertex -8.3147 5.5557 6
      vertex -7.48323 5.00013 6
      vertex -7.93353 6.08761 6
    endloop
  endfacet
  facet normal 0 0 1
    outer loop
      vertex -7.48323 5.00013 6
      vertex -8.3147 5.5557 6
      vertex -7.79423 4.5 6
    endloop
  endfacet
  facet normal -0 0 1
    outer loop
      vertex -8.66025 5 6
      vertex -7.79423 4.5 6
      vertex -8.3147 5.5557 6
    endloop
  endfacet
  facet normal 0 0 1
    outer loop
      vertex -7.79423 4.5 6
      vertex -8.66025 5 6
      vertex -8.07185 3.9806 6
    endloop
  endfacet
  facet normal -0 0 1
    outer loop
      vertex -8.96873 4.42289 6
      vertex -8.07185 3.9806 6
      vertex -8.66025 5 6
    endloop
  endfacet
  facet normal 0 0 1
    outer loop
      vertex -8.07185 3.9806 6
      vertex -8.96873 4.42289 6
      vertex -8.31492 3.44415 6
    endloop
  endfacet
  facet normal -0 0 1
    outer loop
      vertex -9.2388 3.82683 6
      vertex -8.31492 3.44415 6
      vertex -8.96873 4.42289 6
    endloop
  endfacet
  facet normal 0 0 1
    outer loop
      vertex -8.31492 3.44415 6
      vertex -9.2388 3.82683 6
      vertex -8.52237 2.89295 6
    endloop
  endfacet
  facet normal -0 0 1
    outer loop
      vertex -9.4693 3.21439 6
      vertex -8.52237 2.89295 6
      vertex -9.2388 3.82683 6
    endloop
  endfacet
  facet normal 0 0 1
    outer loop
      vertex -8.52237 2.89295 6
      vertex -9.4693 3.21439 6
      vertex -8.69333 2.32937 6
    endloop
  endfacet
  facet normal -0 0 1
    outer loop
      vertex -9.65926 2.58819 6
      vertex -8.69333 2.32937 6
      vertex -9.4693 3.21439 6
    endloop
  endfacet
  facet normal 0 0 1
    outer loop
      vertex -8.69333 2.32937 6
      vertex -9.65926 2.58819 6
      vertex -8.82707 1.75581 6
    endloop
  endfacet
  facet normal -0 0 1
    outer loop
      vertex -9.80785 1.9509 6
      vertex -8.82707 1.75581 6
      vertex -9.65926 2.58819 6
    endloop
  endfacet
  facet normal 0 0 1
    outer loop
      vertex 9.80785 -1.9509 6
      vertex 8.82707 -1.75581 6
      vertex 9.65926 -2.58819 6
    endloop
  endfacet
  facet normal -0 0 1
    outer loop
      vertex 8.69333 -2.32937 6
      vertex 9.65926 -2.58819 6
      vertex 8.82707 -1.75581 6
    endloop
  endfacet
  facet normal 0 0 1
    outer loop
      vertex 9.65926 -2.58819 6
      vertex 8.69333 -2.32937 6
      vertex 9.4693 -3.21439 6
    endloop
  endfacet
  facet normal -0 0 1
    outer loop
      vertex 8.52237 -2.89295 6
      vertex 9.4693 -3.21439 6
      vertex 8.69333 -2.32937 6
    endloop
  endfacet
  facet normal 0 0 1
    outer loop
      vertex 9.4693 -3.21439 6
      vertex 8.52237 -2.89295 6
      vertex 9.2388 -3.82683 6
    endloop
  endfacet
  facet normal -0 0 1
    outer loop
      vertex 8.31492 -3.44415 6
      vertex 9.2388 -3.82683 6
      vertex 8.52237 -2.89295 6
    endloop
  endfacet
  facet normal 0 0 1
    outer loop
      vertex 9.2388 -3.82683 6
      vertex 8.31492 -3.44415 6
      vertex 8.96873 -4.42289 6
    endloop
  endfacet
  facet normal -0 0 1
    outer loop
      vertex 8.07185 -3.9806 6
      vertex 8.96873 -4.42289 6
      vertex 8.31492 -3.44415 6
    endloop
  endfacet
  facet normal 0 0 1
    outer loop
      vertex 8.96873 -4.42289 6
      vertex 8.07185 -3.9806 6
      vertex 8.66025 -5 6
    endloop
  endfacet
  facet normal -0 0 1
    outer loop
      vertex 7.79423 -4.5 6
      vertex 8.66025 -5 6
      vertex 8.07185 -3.9806 6
    endloop
  endfacet
  facet normal 0 0 1
    outer loop
      vertex 8.66025 -5 6
      vertex 7.79423 -4.5 6
      vertex 8.3147 -5.5557 6
    endloop
  endfacet
  facet normal -0 0 1
    outer loop
      vertex 7.48323 -5.00013 6
      vertex 8.3147 -5.5557 6
      vertex 7.79423 -4.5 6
    endloop
  endfacet
  facet normal 0 0 1
    outer loop
      vertex 8.3147 -5.5557 6
      vertex 7.48323 -5.00013 6
      vertex 7.93353 -6.08761 6
    endloop
  endfacet
  facet normal -0 0 1
    outer loop
      vertex 7.14018 -5.47885 6
      vertex 7.93353 -6.08761 6
      vertex 7.48323 -5.00013 6
    endloop
  endfacet
  facet normal 0 0 1
    outer loop
      vertex 7.93353 -6.08761 6
      vertex 7.14018 -5.47885 6
      vertex 7.5184 -6.59346 6
    endloop
  endfacet
  facet normal -0 0 1
    outer loop
      vertex 6.76656 -5.93411 6
      vertex 7.5184 -6.59346 6
      vertex 7.14018 -5.47885 6
    endloop
  endfacet
  facet normal 0 0 1
    outer loop
      vertex 7.5184 -6.59346 6
      vertex 6.76656 -5.93411 6
      vertex 7.07107 -7.07107 6
    endloop
  endfacet
  facet normal -0 0 1
    outer loop
      vertex 6.36396 -6.36396 6
      vertex 7.07107 -7.07107 6
      vertex 6.76656 -5.93411 6
    endloop
  endfacet
  facet normal 0 0 1
    outer loop
      vertex 7.07107 -7.07107 6
      vertex 6.36396 -6.36396 6
      vertex 6.59346 -7.5184 6
    endloop
  endfacet
  facet normal -0 0 1
    outer loop
      vertex 5.93411 -6.76656 6
      vertex 6.59346 -7.5184 6
      vertex 6.36396 -6.36396 6
    endloop
  endfacet
  facet normal 0 0 1
    outer loop
      vertex 6.59346 -7.5184 6
      vertex 5.93411 -6.76656 6
      vertex 6.08761 -7.93353 6
    endloop
  endfacet
  facet normal -0 0 1
    outer loop
      vertex 5.47885 -7.14018 6
      vertex 6.08761 -7.93353 6
      vertex 5.93411 -6.76656 6
    endloop
  endfacet
  facet normal 0 0 1
    outer loop
      vertex 6.08761 -7.93353 6
      vertex 5.47885 -7.14018 6
      vertex 5.5557 -8.3147 6
    endloop
  endfacet
  facet normal -0 0 1
    outer loop
      vertex 5.00013 -7.48323 6
      vertex 5.5557 -8.3147 6
      vertex 5.47885 -7.14018 6
    endloop
  endfacet
  facet normal 0 0 1
    outer loop
      vertex 5.00013 -7.48323 6
      vertex 5 -8.66025 6
      vertex 5.5557 -8.3147 6
    endloop
  endfacet
  facet normal -0 0 1
    outer loop
      vertex 4.5 -7.79423 6
      vertex 5 -8.66025 6
      vertex 5.00013 -7.48323 6
    endloop
  endfacet
  facet normal 0 0 1
    outer loop
      vertex 4.5 -7.79423 6
      vertex 4.42289 -8.96873 6
      vertex 5 -8.66025 6
    endloop
  endfacet
  facet normal -0 0 1
    outer loop
      vertex 3.9806 -8.07185 6
      vertex 4.42289 -8.96873 6
      vertex 4.5 -7.79423 6
    endloop
  endfacet
  facet normal 0 0 1
    outer loop
      vertex 3.9806 -8.07185 6
      vertex 3.82683 -9.2388 6
      vertex 4.42289 -8.96873 6
    endloop
  endfacet
  facet normal -0 0 1
    outer loop
      vertex 3.44415 -8.31492 6
      vertex 3.82683 -9.2388 6
      vertex 3.9806 -8.07185 6
    endloop
  endfacet
  facet normal 0 0 1
    outer loop
      vertex 3.44415 -8.31492 6
      vertex 3.21439 -9.4693 6
      vertex 3.82683 -9.2388 6
    endloop
  endfacet
  facet normal -0 0 1
    outer loop
      vertex 2.89295 -8.52237 6
      vertex 3.21439 -9.4693 6
      vertex 3.44415 -8.31492 6
    endloop
  endfacet
  facet normal 0 0 1
    outer loop
      vertex 2.89295 -8.52237 6
      vertex 2.58819 -9.65926 6
      vertex 3.21439 -9.4693 6
    endloop
  endfacet
  facet normal -0 0 1
    outer loop
      vertex 2.32937 -8.69333 6
      vertex 2.58819 -9.65926 6
      vertex 2.89295 -8.52237 6
    endloop
  endfacet
  facet normal 0 0 1
    outer loop
      vertex 2.32937 -8.69333 6
      vertex 1.9509 -9.80785 6
      vertex 2.58819 -9.65926 6
    endloop
  endfacet
  facet normal -0 0 1
    outer loop
      vertex 1.75581 -8.82707 6
      vertex 1.9509 -9.80785 6
      vertex 2.32937 -8.69333 6
    endloop
  endfacet
  facet normal 0 0 1
    outer loop
      vertex 1.75581 -8.82707 6
      vertex 1.30526 -9.91445 6
      vertex 1.9509 -9.80785 6
    endloop
  endfacet
  facet normal -0 0 1
    outer loop
      vertex 1.17474 -8.923 6
      vertex 1.30526 -9.91445 6
      vertex 1.75581 -8.82707 6
    endloop
  endfacet
  facet normal 0 0 1
    outer loop
      vertex 1.17474 -8.923 6
      vertex 0.654031 -9.97859 6
      vertex 1.30526 -9.91445 6
    endloop
  endfacet
  facet normal -0 0 1
    outer loop
      vertex 0.588628 -8.98073 6
      vertex 0.654031 -9.97859 6
      vertex 1.17474 -8.923 6
    endloop
  endfacet
  facet normal -0 0 1
    outer loop
      vertex 0 -9 6
      vertex 0.654031 -9.97859 6
      vertex 0.588628 -8.98073 6
    endloop
  endfacet
  facet normal 0 0 1
    outer loop
      vertex 0 -9 6
      vertex 0 -10 6
      vertex 0.654031 -9.97859 6
    endloop
  endfacet
  facet normal 0 0 1
    outer loop
      vertex -0.588628 -8.98073 6
      vertex 0 -10 6
      vertex 0 -9 6
    endloop
  endfacet
  facet normal 0 0 1
    outer loop
      vertex -0.588628 -8.98073 6
      vertex -0.654031 -9.97859 6
      vertex 0 -10 6
    endloop
  endfacet
  facet normal 0 0 1
    outer loop
      vertex -1.17474 -8.923 6
      vertex -0.654031 -9.97859 6
      vertex -0.588628 -8.98073 6
    endloop
  endfacet
  facet normal 0 0 1
    outer loop
      vertex -1.17474 -8.923 6
      vertex -1.30526 -9.91445 6
      vertex -0.654031 -9.97859 6
    endloop
  endfacet
  facet normal 0 0 1
    outer loop
      vertex -1.75581 -8.82707 6
      vertex -1.30526 -9.91445 6
      vertex -1.17474 -8.923 6
    endloop
  endfacet
  facet normal 0 0 1
    outer loop
      vertex -1.75581 -8.82707 6
      vertex -1.9509 -9.80785 6
      vertex -1.30526 -9.91445 6
    endloop
  endfacet
  facet normal 0 0 1
    outer loop
      vertex -2.32937 -8.69333 6
      vertex -1.9509 -9.80785 6
      vertex -1.75581 -8.82707 6
    endloop
  endfacet
  facet normal 0 0 1
    outer loop
      vertex -2.32937 -8.69333 6
      vertex -2.58819 -9.65926 6
      vertex -1.9509 -9.80785 6
    endloop
  endfacet
  facet normal 0 0 1
    outer loop
      vertex -2.89295 -8.52237 6
      vertex -2.58819 -9.65926 6
      vertex -2.32937 -8.69333 6
    endloop
  endfacet
  facet normal 0 0 1
    outer loop
      vertex -2.89295 -8.52237 6
      vertex -3.21439 -9.4693 6
      vertex -2.58819 -9.65926 6
    endloop
  endfacet
  facet normal 0 0 1
    outer loop
      vertex -3.44415 -8.31492 6
      vertex -3.21439 -9.4693 6
      vertex -2.89295 -8.52237 6
    endloop
  endfacet
  facet normal 0 0 1
    outer loop
      vertex -3.44415 -8.31492 6
      vertex -3.82683 -9.2388 6
      vertex -3.21439 -9.4693 6
    endloop
  endfacet
  facet normal 0 0 1
    outer loop
      vertex -3.9806 -8.07185 6
      vertex -3.82683 -9.2388 6
      vertex -3.44415 -8.31492 6
    endloop
  endfacet
  facet normal 0 0 1
    outer loop
      vertex -3.9806 -8.07185 6
      vertex -4.42289 -8.96873 6
      vertex -3.82683 -9.2388 6
    endloop
  endfacet
  facet normal 0 0 1
    outer loop
      vertex -4.5 -7.79423 6
      vertex -4.42289 -8.96873 6
      vertex -3.9806 -8.07185 6
    endloop
  endfacet
  facet normal 0 0 1
    outer loop
      vertex -4.5 -7.79423 6
      vertex -5 -8.66025 6
      vertex -4.42289 -8.96873 6
    endloop
  endfacet
  facet normal 0 0 1
    outer loop
      vertex -5.00013 -7.48323 6
      vertex -5 -8.66025 6
      vertex -4.5 -7.79423 6
    endloop
  endfacet
  facet normal 0 0 1
    outer loop
      vertex -5.5557 -8.3147 6
      vertex -5.00013 -7.48323 6
      vertex -5.47885 -7.14018 6
    endloop
  endfacet
  facet normal 0 0 1
    outer loop
      vertex -5.00013 -7.48323 6
      vertex -5.5557 -8.3147 6
      vertex -5 -8.66025 6
    endloop
  endfacet
  facet normal 0 0 1
    outer loop
      vertex -6.08761 -7.93353 6
      vertex -5.47885 -7.14018 6
      vertex -5.93411 -6.76656 6
    endloop
  endfacet
  facet normal 0 0 1
    outer loop
      vertex -5.47885 -7.14018 6
      vertex -6.08761 -7.93353 6
      vertex -5.5557 -8.3147 6
    endloop
  endfacet
  facet normal 0 0 1
    outer loop
      vertex -6.59346 -7.5184 6
      vertex -5.93411 -6.76656 6
      vertex -6.36396 -6.36396 6
    endloop
  endfacet
  facet normal 0 0 1
    outer loop
      vertex -5.93411 -6.76656 6
      vertex -6.59346 -7.5184 6
      vertex -6.08761 -7.93353 6
    endloop
  endfacet
  facet normal 0 0 1
    outer loop
      vertex -7.07107 -7.07107 6
      vertex -6.36396 -6.36396 6
      vertex -6.76656 -5.93411 6
    endloop
  endfacet
  facet normal 0 0 1
    outer loop
      vertex -6.36396 -6.36396 6
      vertex -7.07107 -7.07107 6
      vertex -6.59346 -7.5184 6
    endloop
  endfacet
  facet normal 0 0 1
    outer loop
      vertex -7.5184 -6.59346 6
      vertex -6.76656 -5.93411 6
      vertex -7.14018 -5.47885 6
    endloop
  endfacet
  facet normal 0 0 1
    outer loop
      vertex -7.93353 -6.08761 6
      vertex -7.14018 -5.47885 6
      vertex -7.48323 -5.00013 6
    endloop
  endfacet
  facet normal 0 0 1
    outer loop
      vertex -6.76656 -5.93411 6
      vertex -7.5184 -6.59346 6
      vertex -7.07107 -7.07107 6
    endloop
  endfacet
  facet normal 0 0 1
    outer loop
      vertex -8.3147 -5.5557 6
      vertex -7.48323 -5.00013 6
      vertex -7.79423 -4.5 6
    endloop
  endfacet
  facet normal 0 0 1
    outer loop
      vertex -7.14018 -5.47885 6
      vertex -7.93353 -6.08761 6
      vertex -7.5184 -6.59346 6
    endloop
  endfacet
  facet normal 0 0 1
    outer loop
      vertex -8.66025 -5 6
      vertex -7.79423 -4.5 6
      vertex -8.07185 -3.9806 6
    endloop
  endfacet
  facet normal 0 0 1
    outer loop
      vertex -7.48323 -5.00013 6
      vertex -8.3147 -5.5557 6
      vertex -7.93353 -6.08761 6
    endloop
  endfacet
  facet normal 0 0 1
    outer loop
      vertex -8.96873 -4.42289 6
      vertex -8.07185 -3.9806 6
      vertex -8.31492 -3.44415 6
    endloop
  endfacet
  facet normal 0 0 1
    outer loop
      vertex -9.2388 -3.82683 6
      vertex -8.31492 -3.44415 6
      vertex -8.52237 -2.89295 6
    endloop
  endfacet
  facet normal 0 0 1
    outer loop
      vertex -7.79423 -4.5 6
      vertex -8.66025 -5 6
      vertex -8.3147 -5.5557 6
    endloop
  endfacet
  facet normal 0 0 1
    outer loop
      vertex -9.4693 -3.21439 6
      vertex -8.52237 -2.89295 6
      vertex -8.69333 -2.32937 6
    endloop
  endfacet
  facet normal 0 0 1
    outer loop
      vertex -9.65926 -2.58819 6
      vertex -8.69333 -2.32937 6
      vertex -8.82707 -1.75581 6
    endloop
  endfacet
  facet normal 0 0 1
    outer loop
      vertex -9.80785 -1.9509 6
      vertex -8.82707 -1.75581 6
      vertex -8.923 -1.17474 6
    endloop
  endfacet
  facet normal 0 0 1
    outer loop
      vertex -8.07185 -3.9806 6
      vertex -8.96873 -4.42289 6
      vertex -8.66025 -5 6
    endloop
  endfacet
  facet normal 0 0 1
    outer loop
      vertex -9.91445 -1.30526 6
      vertex -8.923 -1.17474 6
      vertex -8.98073 -0.588628 6
    endloop
  endfacet
  facet normal 0 0 1
    outer loop
      vertex -9.97859 -0.654031 6
      vertex -8.98073 -0.588628 6
      vertex -9 0 6
    endloop
  endfacet
  facet normal 0 0 1
    outer loop
      vertex -8.82707 1.75581 6
      vertex -9.80785 1.9509 6
      vertex -8.923 1.17474 6
    endloop
  endfacet
  facet normal 0 0 1
    outer loop
      vertex -8.31492 -3.44415 6
      vertex -9.2388 -3.82683 6
      vertex -8.96873 -4.42289 6
    endloop
  endfacet
  facet normal -0 0 1
    outer loop
      vertex -9.91445 1.30526 6
      vertex -8.923 1.17474 6
      vertex -9.80785 1.9509 6
    endloop
  endfacet
  facet normal 0 0 1
    outer loop
      vertex -8.52237 -2.89295 6
      vertex -9.4693 -3.21439 6
      vertex -9.2388 -3.82683 6
    endloop
  endfacet
  facet normal 0 0 1
    outer loop
      vertex -8.923 1.17474 6
      vertex -9.91445 1.30526 6
      vertex -8.98073 0.588628 6
    endloop
  endfacet
  facet normal 0 0 1
    outer loop
      vertex -8.69333 -2.32937 6
      vertex -9.65926 -2.58819 6
      vertex -9.4693 -3.21439 6
    endloop
  endfacet
  facet normal -0 0 1
    outer loop
      vertex -9.97859 0.654031 6
      vertex -8.98073 0.588628 6
      vertex -9.91445 1.30526 6
    endloop
  endfacet
  facet normal 0 0 1
    outer loop
      vertex -8.82707 -1.75581 6
      vertex -9.80785 -1.9509 6
      vertex -9.65926 -2.58819 6
    endloop
  endfacet
  facet normal 0 0 1
    outer loop
      vertex -8.98073 0.588628 6
      vertex -9.97859 0.654031 6
      vertex -9 0 6
    endloop
  endfacet
  facet normal 0 0 1
    outer loop
      vertex -8.923 -1.17474 6
      vertex -9.91445 -1.30526 6
      vertex -9.80785 -1.9509 6
    endloop
  endfacet
  facet normal 0 0 1
    outer loop
      vertex -10 0 6
      vertex -9 0 6
      vertex -9.97859 0.654031 6
    endloop
  endfacet
  facet normal 0 0 1
    outer loop
      vertex -8.98073 -0.588628 6
      vertex -9.97859 -0.654031 6
      vertex -9.91445 -1.30526 6
    endloop
  endfacet
  facet normal 0 0 1
    outer loop
      vertex -9 0 6
      vertex -10 0 6
      vertex -9.97859 -0.654031 6
    endloop
  endfacet
  facet normal 0.691577 0.647735 -0.319624
    outer loop
      vertex 6.76656 5.93411 6
      vertex 6.36396 6.36396 6
      vertex 7.31855 7.31855 10
    endloop
  endfacet
  facet normal -0.446671 0.835659 -0.319624
    outer loop
      vertex -4.5 7.79423 6
      vertex -5.175 8.96336 10
      vertex -4.57769 9.28263 10
    endloop
  endfacet
  facet normal -0.500366 0.804658 -0.319624
    outer loop
      vertex -4.5 7.79423 6
      vertex -5.75015 8.60571 10
      vertex -5.175 8.96336 10
    endloop
  endfacet
  facet normal 0.886816 0.333763 -0.319623
    outer loop
      vertex 8.52237 2.89295 6
      vertex 8.31492 3.44415 6
      vertex 9.56215 3.96077 10
    endloop
  endfacet
  facet normal 0.92279 0.215172 -0.319625
    outer loop
      vertex 8.82707 1.75581 6
      vertex 8.69333 2.32937 6
      vertex 9.99733 2.67878 10
    endloop
  endfacet
  facet normal -0.729863 -0.683594 0
    outer loop
      vertex -6.36396 -6.36396 10
      vertex -6.76656 -5.93411 13
      vertex -6.76656 -5.93411 10
    endloop
  endfacet
  facet normal -0.729863 -0.683594 0
    outer loop
      vertex -6.76656 -5.93411 13
      vertex -6.36396 -6.36396 10
      vertex -6.36396 -6.36396 13
    endloop
  endfacet
  facet normal 0.995184 0.0980222 0
    outer loop
      vertex 8.98073 0.588628 13
      vertex 8.923 1.17474 10
      vertex 8.923 1.17474 13
    endloop
  endfacet
  facet normal 0.995184 0.0980222 0
    outer loop
      vertex 8.923 1.17474 10
      vertex 8.98073 0.588628 13
      vertex 8.98073 0.588628 10
    endloop
  endfacet
  facet normal 0.999465 0.0327196 0
    outer loop
      vertex 9 0 13
      vertex 8.98073 0.588628 10
      vertex 8.98073 0.588628 13
    endloop
  endfacet
  facet normal 0.999465 0.0327196 0
    outer loop
      vertex 8.98073 0.588628 10
      vertex 9 0 13
      vertex 9 0 10
    endloop
  endfacet
  facet normal 0.986645 0.162887 0
    outer loop
      vertex 8.923 1.17474 13
      vertex 8.82707 1.75581 10
      vertex 8.82707 1.75581 13
    endloop
  endfacet
  facet normal 0.986645 0.162887 0
    outer loop
      vertex 8.82707 1.75581 10
      vertex 8.923 1.17474 13
      vertex 8.923 1.17474 10
    endloop
  endfacet
  facet normal -0.162887 0.986645 0
    outer loop
      vertex -1.17474 8.923 10
      vertex -1.75581 8.82707 13
      vertex -1.17474 8.923 13
    endloop
  endfacet
  facet normal -0.162887 0.986645 0
    outer loop
      vertex -1.75581 8.82707 13
      vertex -1.17474 8.923 10
      vertex -1.75581 8.82707 10
    endloop
  endfacet
  facet normal 0.412718 0.910859 -0
    outer loop
      vertex 3.9806 8.07185 10
      vertex 3.44415 8.31492 13
      vertex 3.9806 8.07185 13
    endloop
  endfacet
  facet normal 0.412718 0.910859 0
    outer loop
      vertex 3.44415 8.31492 13
      vertex 3.9806 8.07185 10
      vertex 3.44415 8.31492 10
    endloop
  endfacet
  facet normal -0.773012 0.634391 0
    outer loop
      vertex -7.14018 5.47885 10
      vertex -6.76656 5.93411 13
      vertex -6.76656 5.93411 10
    endloop
  endfacet
  facet normal -0.773012 0.634391 0
    outer loop
      vertex -6.76656 5.93411 13
      vertex -7.14018 5.47885 10
      vertex -7.14018 5.47885 13
    endloop
  endfacet
  facet normal -0.93591 0.35224 0
    outer loop
      vertex -8.52237 2.89295 10
      vertex -8.31492 3.44415 13
      vertex -8.31492 3.44415 10
    endloop
  endfacet
  facet normal -0.93591 0.35224 0
    outer loop
      vertex -8.31492 3.44415 13
      vertex -8.52237 2.89295 10
      vertex -8.52237 2.89295 13
    endloop
  endfacet
  facet normal 0.528067 0.849203 -0
    outer loop
      vertex 5.00013 7.48323 10
      vertex 4.5 7.79423 13
      vertex 5.00013 7.48323 13
    endloop
  endfacet
  facet normal 0.528067 0.849203 0
    outer loop
      vertex 4.5 7.79423 13
      vertex 5.00013 7.48323 10
      vertex 4.5 7.79423 10
    endloop
  endfacet
  facet normal 0.910859 -0.412718 0
    outer loop
      vertex 8.07185 -3.9806 13
      vertex 8.31492 -3.44415 10
      vertex 8.31492 -3.44415 13
    endloop
  endfacet
  facet normal 0.910859 -0.412718 0
    outer loop
      vertex 8.31492 -3.44415 10
      vertex 8.07185 -3.9806 13
      vertex 8.07185 -3.9806 10
    endloop
  endfacet
  facet normal 0.973875 0.227084 0
    outer loop
      vertex 8.82707 1.75581 13
      vertex 8.69333 2.32937 10
      vertex 8.69333 2.32937 13
    endloop
  endfacet
  facet normal 0.973875 0.227084 0
    outer loop
      vertex 8.69333 2.32937 10
      vertex 8.82707 1.75581 13
      vertex 8.82707 1.75581 10
    endloop
  endfacet
  facet normal -0.995184 0.0980222 0
    outer loop
      vertex -8.98073 0.588628 10
      vertex -8.923 1.17474 13
      vertex -8.923 1.17474 10
    endloop
  endfacet
  facet normal -0.995184 0.0980222 0
    outer loop
      vertex -8.923 1.17474 13
      vertex -8.98073 0.588628 10
      vertex -8.98073 0.588628 13
    endloop
  endfacet
  facet normal -0.290284 0.95694 0
    outer loop
      vertex -2.32937 8.69333 10
      vertex -2.89295 8.52237 13
      vertex -2.32937 8.69333 13
    endloop
  endfacet
  facet normal -0.290284 0.95694 0
    outer loop
      vertex -2.89295 8.52237 13
      vertex -2.32937 8.69333 10
      vertex -2.89295 8.52237 10
    endloop
  endfacet
  facet normal 0.0327196 -0.999465 0
    outer loop
      vertex 0 -9 10
      vertex 0.588628 -8.98073 13
      vertex 0 -9 13
    endloop
  endfacet
  facet normal 0.0327196 -0.999465 0
    outer loop
      vertex 0.588628 -8.98073 13
      vertex 0 -9 10
      vertex 0.588628 -8.98073 10
    endloop
  endfacet
  facet normal -0.849203 -0.528067 0
    outer loop
      vertex -7.48323 -5.00013 10
      vertex -7.79423 -4.5 13
      vertex -7.79423 -4.5 10
    endloop
  endfacet
  facet normal -0.849203 -0.528067 0
    outer loop
      vertex -7.79423 -4.5 13
      vertex -7.48323 -5.00013 10
      vertex -7.48323 -5.00013 13
    endloop
  endfacet
  facet normal -0.986645 -0.162887 0
    outer loop
      vertex -8.82707 -1.75581 10
      vertex -8.923 -1.17474 13
      vertex -8.923 -1.17474 10
    endloop
  endfacet
  facet normal -0.986645 -0.162887 0
    outer loop
      vertex -8.923 -1.17474 13
      vertex -8.82707 -1.75581 10
      vertex -8.82707 -1.75581 13
    endloop
  endfacet
  facet normal 0.582482 0.812843 -0
    outer loop
      vertex 5.47885 7.14018 10
      vertex 5.00013 7.48323 13
      vertex 5.47885 7.14018 13
    endloop
  endfacet
  facet normal 0.582482 0.812843 0
    outer loop
      vertex 5.00013 7.48323 13
      vertex 5.47885 7.14018 10
      vertex 5.00013 7.48323 10
    endloop
  endfacet
  facet normal -0.582482 0.812843 0
    outer loop
      vertex -5.00013 7.48323 10
      vertex -5.47885 7.14018 13
      vertex -5.00013 7.48323 13
    endloop
  endfacet
  facet normal -0.582482 0.812843 0
    outer loop
      vertex -5.47885 7.14018 13
      vertex -5.00013 7.48323 10
      vertex -5.47885 7.14018 10
    endloop
  endfacet
  facet normal 0.773012 -0.634391 0
    outer loop
      vertex 6.76656 -5.93411 13
      vertex 7.14018 -5.47885 10
      vertex 7.14018 -5.47885 13
    endloop
  endfacet
  facet normal 0.773012 -0.634391 0
    outer loop
      vertex 7.14018 -5.47885 10
      vertex 6.76656 -5.93411 13
      vertex 6.76656 -5.93411 10
    endloop
  endfacet
  facet normal 0.227084 -0.973875 0
    outer loop
      vertex 1.75581 -8.82707 10
      vertex 2.32937 -8.69333 13
      vertex 1.75581 -8.82707 13
    endloop
  endfacet
  facet normal 0.227084 -0.973875 0
    outer loop
      vertex 2.32937 -8.69333 13
      vertex 1.75581 -8.82707 10
      vertex 2.32937 -8.69333 10
    endloop
  endfacet
  facet normal -0.0327196 0.999465 0
    outer loop
      vertex 0 9 10
      vertex -0.588628 8.98073 13
      vertex 0 9 13
    endloop
  endfacet
  facet normal -0.0327196 0.999465 0
    outer loop
      vertex -0.588628 8.98073 13
      vertex 0 9 10
      vertex -0.588628 8.98073 10
    endloop
  endfacet
  facet normal 0.881925 0.47139 0
    outer loop
      vertex 8.07185 3.9806 13
      vertex 7.79423 4.5 10
      vertex 7.79423 4.5 13
    endloop
  endfacet
  facet normal 0.881925 0.47139 0
    outer loop
      vertex 7.79423 4.5 10
      vertex 8.07185 3.9806 13
      vertex 8.07185 3.9806 10
    endloop
  endfacet
  facet normal 0.35224 -0.93591 0
    outer loop
      vertex 2.89295 -8.52237 10
      vertex 3.44415 -8.31492 13
      vertex 2.89295 -8.52237 13
    endloop
  endfacet
  facet normal 0.35224 -0.93591 0
    outer loop
      vertex 3.44415 -8.31492 13
      vertex 2.89295 -8.52237 10
      vertex 3.44415 -8.31492 10
    endloop
  endfacet
  facet normal 0.729863 0.683594 0
    outer loop
      vertex 6.76656 5.93411 13
      vertex 6.36396 6.36396 10
      vertex 6.36396 6.36396 13
    endloop
  endfacet
  facet normal 0.729863 0.683594 0
    outer loop
      vertex 6.36396 6.36396 10
      vertex 6.76656 5.93411 13
      vertex 6.76656 5.93411 10
    endloop
  endfacet
  facet normal 0.412718 -0.910859 0
    outer loop
      vertex 3.44415 -8.31492 10
      vertex 3.9806 -8.07185 13
      vertex 3.44415 -8.31492 13
    endloop
  endfacet
  facet normal 0.412718 -0.910859 0
    outer loop
      vertex 3.9806 -8.07185 13
      vertex 3.44415 -8.31492 10
      vertex 3.9806 -8.07185 10
    endloop
  endfacet
  facet normal -0.93591 -0.35224 0
    outer loop
      vertex -8.31492 -3.44415 10
      vertex -8.52237 -2.89295 13
      vertex -8.52237 -2.89295 10
    endloop
  endfacet
  facet normal -0.93591 -0.35224 0
    outer loop
      vertex -8.52237 -2.89295 13
      vertex -8.31492 -3.44415 10
      vertex -8.31492 -3.44415 13
    endloop
  endfacet
  facet normal -0.35224 -0.93591 0
    outer loop
      vertex -3.44415 -8.31492 10
      vertex -2.89295 -8.52237 13
      vertex -3.44415 -8.31492 13
    endloop
  endfacet
  facet normal -0.35224 -0.93591 -0
    outer loop
      vertex -2.89295 -8.52237 13
      vertex -3.44415 -8.31492 10
      vertex -2.89295 -8.52237 10
    endloop
  endfacet
  facet normal -0.35224 0.93591 0
    outer loop
      vertex -2.89295 8.52237 10
      vertex -3.44415 8.31492 13
      vertex -2.89295 8.52237 13
    endloop
  endfacet
  facet normal -0.35224 0.93591 0
    outer loop
      vertex -3.44415 8.31492 13
      vertex -2.89295 8.52237 10
      vertex -3.44415 8.31492 10
    endloop
  endfacet
  facet normal -0.0980222 0.995184 0
    outer loop
      vertex -0.588628 8.98073 10
      vertex -1.17474 8.923 13
      vertex -0.588628 8.98073 13
    endloop
  endfacet
  facet normal -0.0980222 0.995184 0
    outer loop
      vertex -1.17474 8.923 13
      vertex -0.588628 8.98073 10
      vertex -1.17474 8.923 10
    endloop
  endfacet
  facet normal 0.162887 -0.986645 0
    outer loop
      vertex 1.17474 -8.923 10
      vertex 1.75581 -8.82707 13
      vertex 1.17474 -8.923 13
    endloop
  endfacet
  facet normal 0.162887 -0.986645 0
    outer loop
      vertex 1.75581 -8.82707 13
      vertex 1.17474 -8.923 10
      vertex 1.75581 -8.82707 10
    endloop
  endfacet
  facet normal 0.47139 -0.881925 0
    outer loop
      vertex 3.9806 -8.07185 10
      vertex 4.5 -7.79423 13
      vertex 3.9806 -8.07185 13
    endloop
  endfacet
  facet normal 0.47139 -0.881925 0
    outer loop
      vertex 4.5 -7.79423 13
      vertex 3.9806 -8.07185 10
      vertex 4.5 -7.79423 10
    endloop
  endfacet
  facet normal 0.35224 0.93591 -0
    outer loop
      vertex 3.44415 8.31492 10
      vertex 2.89295 8.52237 13
      vertex 3.44415 8.31492 13
    endloop
  endfacet
  facet normal 0.35224 0.93591 0
    outer loop
      vertex 2.89295 8.52237 13
      vertex 3.44415 8.31492 10
      vertex 2.89295 8.52237 10
    endloop
  endfacet
  facet normal 0.910859 0.412718 0
    outer loop
      vertex 8.31492 3.44415 13
      vertex 8.07185 3.9806 10
      vertex 8.07185 3.9806 13
    endloop
  endfacet
  facet normal 0.910859 0.412718 0
    outer loop
      vertex 8.07185 3.9806 10
      vertex 8.31492 3.44415 13
      vertex 8.31492 3.44415 10
    endloop
  endfacet
  facet normal -0.412718 -0.910859 0
    outer loop
      vertex -3.9806 -8.07185 10
      vertex -3.44415 -8.31492 13
      vertex -3.9806 -8.07185 13
    endloop
  endfacet
  facet normal -0.412718 -0.910859 -0
    outer loop
      vertex -3.44415 -8.31492 13
      vertex -3.9806 -8.07185 10
      vertex -3.44415 -8.31492 10
    endloop
  endfacet
  facet normal -0.881925 -0.47139 0
    outer loop
      vertex -7.79423 -4.5 10
      vertex -8.07185 -3.9806 13
      vertex -8.07185 -3.9806 10
    endloop
  endfacet
  facet normal -0.881925 -0.47139 0
    outer loop
      vertex -8.07185 -3.9806 13
      vertex -7.79423 -4.5 10
      vertex -7.79423 -4.5 13
    endloop
  endfacet
  facet normal -0.973875 -0.227084 0
    outer loop
      vertex -8.69333 -2.32937 10
      vertex -8.82707 -1.75581 13
      vertex -8.82707 -1.75581 10
    endloop
  endfacet
  facet normal -0.973875 -0.227084 0
    outer loop
      vertex -8.82707 -1.75581 13
      vertex -8.69333 -2.32937 10
      vertex -8.69333 -2.32937 13
    endloop
  endfacet
  facet normal 0.582482 -0.812843 0
    outer loop
      vertex 5.00013 -7.48323 10
      vertex 5.47885 -7.14018 13
      vertex 5.00013 -7.48323 13
    endloop
  endfacet
  facet normal 0.582482 -0.812843 0
    outer loop
      vertex 5.47885 -7.14018 13
      vertex 5.00013 -7.48323 10
      vertex 5.47885 -7.14018 10
    endloop
  endfacet
  facet normal -0.290284 -0.95694 0
    outer loop
      vertex -2.89295 -8.52237 10
      vertex -2.32937 -8.69333 13
      vertex -2.89295 -8.52237 13
    endloop
  endfacet
  facet normal -0.290284 -0.95694 -0
    outer loop
      vertex -2.32937 -8.69333 13
      vertex -2.89295 -8.52237 10
      vertex -2.32937 -8.69333 10
    endloop
  endfacet
  facet normal 0.634391 0.773012 -0
    outer loop
      vertex 5.93411 6.76656 10
      vertex 5.47885 7.14018 13
      vertex 5.93411 6.76656 13
    endloop
  endfacet
  facet normal 0.634391 0.773012 0
    outer loop
      vertex 5.47885 7.14018 13
      vertex 5.93411 6.76656 10
      vertex 5.47885 7.14018 10
    endloop
  endfacet
  facet normal 0.849203 0.528067 0
    outer loop
      vertex 7.79423 4.5 13
      vertex 7.48323 5.00013 10
      vertex 7.48323 5.00013 13
    endloop
  endfacet
  facet normal 0.849203 0.528067 0
    outer loop
      vertex 7.48323 5.00013 10
      vertex 7.79423 4.5 13
      vertex 7.79423 4.5 10
    endloop
  endfacet
  facet normal 0.995184 -0.0980222 0
    outer loop
      vertex 8.923 -1.17474 13
      vertex 8.98073 -0.588628 10
      vertex 8.98073 -0.588628 13
    endloop
  endfacet
  facet normal 0.995184 -0.0980222 0
    outer loop
      vertex 8.98073 -0.588628 10
      vertex 8.923 -1.17474 13
      vertex 8.923 -1.17474 10
    endloop
  endfacet
  facet normal -0.849203 0.528067 0
    outer loop
      vertex -7.79423 4.5 10
      vertex -7.48323 5.00013 13
      vertex -7.48323 5.00013 10
    endloop
  endfacet
  facet normal -0.849203 0.528067 0
    outer loop
      vertex -7.48323 5.00013 13
      vertex -7.79423 4.5 10
      vertex -7.79423 4.5 13
    endloop
  endfacet
  facet normal -0.910859 0.412718 0
    outer loop
      vertex -8.31492 3.44415 10
      vertex -8.07185 3.9806 13
      vertex -8.07185 3.9806 10
    endloop
  endfacet
  facet normal -0.910859 0.412718 0
    outer loop
      vertex -8.07185 3.9806 13
      vertex -8.31492 3.44415 10
      vertex -8.31492 3.44415 13
    endloop
  endfacet
  facet normal 0.683594 0.729863 -0
    outer loop
      vertex 6.36396 6.36396 10
      vertex 5.93411 6.76656 13
      vertex 6.36396 6.36396 13
    endloop
  endfacet
  facet normal 0.683594 0.729863 0
    outer loop
      vertex 5.93411 6.76656 13
      vertex 6.36396 6.36396 10
      vertex 5.93411 6.76656 10
    endloop
  endfacet
  facet normal 0.47139 0.881925 -0
    outer loop
      vertex 4.5 7.79423 10
      vertex 3.9806 8.07185 13
      vertex 4.5 7.79423 13
    endloop
  endfacet
  facet normal 0.47139 0.881925 0
    outer loop
      vertex 3.9806 8.07185 13
      vertex 4.5 7.79423 10
      vertex 3.9806 8.07185 10
    endloop
  endfacet
  facet normal -0.683594 0.729863 0
    outer loop
      vertex -5.93411 6.76656 10
      vertex -6.36396 6.36396 13
      vertex -5.93411 6.76656 13
    endloop
  endfacet
  facet normal -0.683594 0.729863 0
    outer loop
      vertex -6.36396 6.36396 13
      vertex -5.93411 6.76656 10
      vertex -6.36396 6.36396 10
    endloop
  endfacet
  facet normal 0.986645 -0.162887 0
    outer loop
      vertex 8.82707 -1.75581 13
      vertex 8.923 -1.17474 10
      vertex 8.923 -1.17474 13
    endloop
  endfacet
  facet normal 0.986645 -0.162887 0
    outer loop
      vertex 8.923 -1.17474 10
      vertex 8.82707 -1.75581 13
      vertex 8.82707 -1.75581 10
    endloop
  endfacet
  facet normal -0.881925 0.47139 0
    outer loop
      vertex -8.07185 3.9806 10
      vertex -7.79423 4.5 13
      vertex -7.79423 4.5 10
    endloop
  endfacet
  facet normal -0.881925 0.47139 0
    outer loop
      vertex -7.79423 4.5 13
      vertex -8.07185 3.9806 10
      vertex -8.07185 3.9806 13
    endloop
  endfacet
  facet normal 0.881925 -0.47139 0
    outer loop
      vertex 7.79423 -4.5 13
      vertex 8.07185 -3.9806 10
      vertex 8.07185 -3.9806 13
    endloop
  endfacet
  facet normal 0.881925 -0.47139 0
    outer loop
      vertex 8.07185 -3.9806 10
      vertex 7.79423 -4.5 13
      vertex 7.79423 -4.5 10
    endloop
  endfacet
  facet normal -0.0980222 -0.995184 0
    outer loop
      vertex -1.17474 -8.923 10
      vertex -0.588628 -8.98073 13
      vertex -1.17474 -8.923 13
    endloop
  endfacet
  facet normal -0.0980222 -0.995184 -0
    outer loop
      vertex -0.588628 -8.98073 13
      vertex -1.17474 -8.923 10
      vertex -0.588628 -8.98073 10
    endloop
  endfacet
  facet normal -0.528067 -0.849203 0
    outer loop
      vertex -5.00013 -7.48323 10
      vertex -4.5 -7.79423 13
      vertex -5.00013 -7.48323 13
    endloop
  endfacet
  facet normal -0.528067 -0.849203 -0
    outer loop
      vertex -4.5 -7.79423 13
      vertex -5.00013 -7.48323 10
      vertex -4.5 -7.79423 10
    endloop
  endfacet
  facet normal 0.0327196 0.999465 -0
    outer loop
      vertex 0.588628 8.98073 10
      vertex 0 9 13
      vertex 0.588628 8.98073 13
    endloop
  endfacet
  facet normal 0.0327196 0.999465 0
    outer loop
      vertex 0 9 13
      vertex 0.588628 8.98073 10
      vertex 0 9 10
    endloop
  endfacet
  facet normal -0.162887 -0.986645 0
    outer loop
      vertex -1.75581 -8.82707 10
      vertex -1.17474 -8.923 13
      vertex -1.75581 -8.82707 13
    endloop
  endfacet
  facet normal -0.162887 -0.986645 -0
    outer loop
      vertex -1.17474 -8.923 13
      vertex -1.75581 -8.82707 10
      vertex -1.17474 -8.923 10
    endloop
  endfacet
  facet normal -0.995184 -0.0980222 0
    outer loop
      vertex -8.923 -1.17474 10
      vertex -8.98073 -0.588628 13
      vertex -8.98073 -0.588628 10
    endloop
  endfacet
  facet normal -0.995184 -0.0980222 0
    outer loop
      vertex -8.98073 -0.588628 13
      vertex -8.923 -1.17474 10
      vertex -8.923 -1.17474 13
    endloop
  endfacet
  facet normal 0.999465 -0.0327196 0
    outer loop
      vertex 8.98073 -0.588628 13
      vertex 9 0 10
      vertex 9 0 13
    endloop
  endfacet
  facet normal 0.999465 -0.0327196 0
    outer loop
      vertex 9 0 10
      vertex 8.98073 -0.588628 13
      vertex 8.98073 -0.588628 10
    endloop
  endfacet
  facet normal -0.986645 0.162887 0
    outer loop
      vertex -8.923 1.17474 10
      vertex -8.82707 1.75581 13
      vertex -8.82707 1.75581 10
    endloop
  endfacet
  facet normal -0.986645 0.162887 0
    outer loop
      vertex -8.82707 1.75581 13
      vertex -8.923 1.17474 10
      vertex -8.923 1.17474 13
    endloop
  endfacet
  facet normal -0.528067 0.849203 0
    outer loop
      vertex -4.5 7.79423 10
      vertex -5.00013 7.48323 13
      vertex -4.5 7.79423 13
    endloop
  endfacet
  facet normal -0.528067 0.849203 0
    outer loop
      vertex -5.00013 7.48323 13
      vertex -4.5 7.79423 10
      vertex -5.00013 7.48323 10
    endloop
  endfacet
  facet normal -0.729863 0.683594 0
    outer loop
      vertex -6.76656 5.93411 10
      vertex -6.36396 6.36396 13
      vertex -6.36396 6.36396 10
    endloop
  endfacet
  facet normal -0.729863 0.683594 0
    outer loop
      vertex -6.36396 6.36396 13
      vertex -6.76656 5.93411 10
      vertex -6.76656 5.93411 13
    endloop
  endfacet
  facet normal -0.812843 -0.582482 0
    outer loop
      vertex -7.14018 -5.47885 10
      vertex -7.48323 -5.00013 13
      vertex -7.48323 -5.00013 10
    endloop
  endfacet
  facet normal -0.812843 -0.582482 0
    outer loop
      vertex -7.48323 -5.00013 13
      vertex -7.14018 -5.47885 10
      vertex -7.14018 -5.47885 13
    endloop
  endfacet
  facet normal 0.162887 0.986645 -0
    outer loop
      vertex 1.75581 8.82707 10
      vertex 1.17474 8.923 13
      vertex 1.75581 8.82707 13
    endloop
  endfacet
  facet normal 0.162887 0.986645 0
    outer loop
      vertex 1.17474 8.923 13
      vertex 1.75581 8.82707 10
      vertex 1.17474 8.923 10
    endloop
  endfacet
  facet normal -0.999465 -0.0327196 0
    outer loop
      vertex -8.98073 -0.588628 10
      vertex -9 0 13
      vertex -9 0 10
    endloop
  endfacet
  facet normal -0.999465 -0.0327196 0
    outer loop
      vertex -9 0 13
      vertex -8.98073 -0.588628 10
      vertex -8.98073 -0.588628 13
    endloop
  endfacet
  facet normal 0.973875 -0.227084 0
    outer loop
      vertex 8.69333 -2.32937 13
      vertex 8.82707 -1.75581 10
      vertex 8.82707 -1.75581 13
    endloop
  endfacet
  facet normal 0.973875 -0.227084 0
    outer loop
      vertex 8.82707 -1.75581 10
      vertex 8.69333 -2.32937 13
      vertex 8.69333 -2.32937 10
    endloop
  endfacet
  facet normal 0.812843 0.582482 0
    outer loop
      vertex 7.48323 5.00013 13
      vertex 7.14018 5.47885 10
      vertex 7.14018 5.47885 13
    endloop
  endfacet
  facet normal 0.812843 0.582482 0
    outer loop
      vertex 7.14018 5.47885 10
      vertex 7.48323 5.00013 13
      vertex 7.48323 5.00013 10
    endloop
  endfacet
  facet normal 0.290284 -0.95694 0
    outer loop
      vertex 2.32937 -8.69333 10
      vertex 2.89295 -8.52237 13
      vertex 2.32937 -8.69333 13
    endloop
  endfacet
  facet normal 0.290284 -0.95694 0
    outer loop
      vertex 2.89295 -8.52237 13
      vertex 2.32937 -8.69333 10
      vertex 2.89295 -8.52237 10
    endloop
  endfacet
  facet normal 0.95694 0.290284 0
    outer loop
      vertex 8.69333 2.32937 13
      vertex 8.52237 2.89295 10
      vertex 8.52237 2.89295 13
    endloop
  endfacet
  facet normal 0.95694 0.290284 0
    outer loop
      vertex 8.52237 2.89295 10
      vertex 8.69333 2.32937 13
      vertex 8.69333 2.32937 10
    endloop
  endfacet
  facet normal -0.683594 -0.729863 0
    outer loop
      vertex -6.36396 -6.36396 10
      vertex -5.93411 -6.76656 13
      vertex -6.36396 -6.36396 13
    endloop
  endfacet
  facet normal -0.683594 -0.729863 -0
    outer loop
      vertex -5.93411 -6.76656 13
      vertex -6.36396 -6.36396 10
      vertex -5.93411 -6.76656 10
    endloop
  endfacet
  facet normal 0.773012 0.634391 0
    outer loop
      vertex 7.14018 5.47885 13
      vertex 6.76656 5.93411 10
      vertex 6.76656 5.93411 13
    endloop
  endfacet
  facet normal 0.773012 0.634391 0
    outer loop
      vertex 6.76656 5.93411 10
      vertex 7.14018 5.47885 13
      vertex 7.14018 5.47885 10
    endloop
  endfacet
  facet normal -0.0327196 -0.999465 0
    outer loop
      vertex -0.588628 -8.98073 10
      vertex 0 -9 13
      vertex -0.588628 -8.98073 13
    endloop
  endfacet
  facet normal -0.0327196 -0.999465 -0
    outer loop
      vertex 0 -9 13
      vertex -0.588628 -8.98073 10
      vertex 0 -9 10
    endloop
  endfacet
  facet normal -0.412718 0.910859 0
    outer loop
      vertex -3.44415 8.31492 10
      vertex -3.9806 8.07185 13
      vertex -3.44415 8.31492 13
    endloop
  endfacet
  facet normal -0.412718 0.910859 0
    outer loop
      vertex -3.9806 8.07185 13
      vertex -3.44415 8.31492 10
      vertex -3.9806 8.07185 10
    endloop
  endfacet
  facet normal 0.290284 0.95694 -0
    outer loop
      vertex 2.89295 8.52237 10
      vertex 2.32937 8.69333 13
      vertex 2.89295 8.52237 13
    endloop
  endfacet
  facet normal 0.290284 0.95694 0
    outer loop
      vertex 2.32937 8.69333 13
      vertex 2.89295 8.52237 10
      vertex 2.32937 8.69333 10
    endloop
  endfacet
  facet normal 0.93591 -0.35224 0
    outer loop
      vertex 8.31492 -3.44415 13
      vertex 8.52237 -2.89295 10
      vertex 8.52237 -2.89295 13
    endloop
  endfacet
  facet normal 0.93591 -0.35224 0
    outer loop
      vertex 8.52237 -2.89295 10
      vertex 8.31492 -3.44415 13
      vertex 8.31492 -3.44415 10
    endloop
  endfacet
  facet normal 0.93591 0.35224 0
    outer loop
      vertex 8.52237 2.89295 13
      vertex 8.31492 3.44415 10
      vertex 8.31492 3.44415 13
    endloop
  endfacet
  facet normal 0.93591 0.35224 0
    outer loop
      vertex 8.31492 3.44415 10
      vertex 8.52237 2.89295 13
      vertex 8.52237 2.89295 10
    endloop
  endfacet
  facet normal -0.227084 0.973875 0
    outer loop
      vertex -1.75581 8.82707 10
      vertex -2.32937 8.69333 13
      vertex -1.75581 8.82707 13
    endloop
  endfacet
  facet normal -0.227084 0.973875 0
    outer loop
      vertex -2.32937 8.69333 13
      vertex -1.75581 8.82707 10
      vertex -2.32937 8.69333 10
    endloop
  endfacet
  facet normal 0.812843 -0.582482 0
    outer loop
      vertex 7.14018 -5.47885 13
      vertex 7.48323 -5.00013 10
      vertex 7.48323 -5.00013 13
    endloop
  endfacet
  facet normal 0.812843 -0.582482 0
    outer loop
      vertex 7.48323 -5.00013 10
      vertex 7.14018 -5.47885 13
      vertex 7.14018 -5.47885 10
    endloop
  endfacet
  facet normal -0.812843 0.582482 0
    outer loop
      vertex -7.48323 5.00013 10
      vertex -7.14018 5.47885 13
      vertex -7.14018 5.47885 10
    endloop
  endfacet
  facet normal -0.812843 0.582482 0
    outer loop
      vertex -7.14018 5.47885 13
      vertex -7.48323 5.00013 10
      vertex -7.48323 5.00013 13
    endloop
  endfacet
  facet normal 0.528067 -0.849203 0
    outer loop
      vertex 4.5 -7.79423 10
      vertex 5.00013 -7.48323 13
      vertex 4.5 -7.79423 13
    endloop
  endfacet
  facet normal 0.528067 -0.849203 0
    outer loop
      vertex 5.00013 -7.48323 13
      vertex 4.5 -7.79423 10
      vertex 5.00013 -7.48323 10
    endloop
  endfacet
  facet normal -0.634391 0.773012 0
    outer loop
      vertex -5.47885 7.14018 10
      vertex -5.93411 6.76656 13
      vertex -5.47885 7.14018 13
    endloop
  endfacet
  facet normal -0.634391 0.773012 0
    outer loop
      vertex -5.93411 6.76656 13
      vertex -5.47885 7.14018 10
      vertex -5.93411 6.76656 10
    endloop
  endfacet
  facet normal 0.0980222 0.995184 -0
    outer loop
      vertex 1.17474 8.923 10
      vertex 0.588628 8.98073 13
      vertex 1.17474 8.923 13
    endloop
  endfacet
  facet normal 0.0980222 0.995184 0
    outer loop
      vertex 0.588628 8.98073 13
      vertex 1.17474 8.923 10
      vertex 0.588628 8.98073 10
    endloop
  endfacet
  facet normal -0.999465 0.0327196 0
    outer loop
      vertex -9 0 10
      vertex -8.98073 0.588628 13
      vertex -8.98073 0.588628 10
    endloop
  endfacet
  facet normal -0.999465 0.0327196 0
    outer loop
      vertex -8.98073 0.588628 13
      vertex -9 0 10
      vertex -9 0 13
    endloop
  endfacet
  facet normal -0.773012 -0.634391 0
    outer loop
      vertex -6.76656 -5.93411 10
      vertex -7.14018 -5.47885 13
      vertex -7.14018 -5.47885 10
    endloop
  endfacet
  facet normal -0.773012 -0.634391 0
    outer loop
      vertex -7.14018 -5.47885 13
      vertex -6.76656 -5.93411 10
      vertex -6.76656 -5.93411 13
    endloop
  endfacet
  facet normal 0.0980222 -0.995184 0
    outer loop
      vertex 0.588628 -8.98073 10
      vertex 1.17474 -8.923 13
      vertex 0.588628 -8.98073 13
    endloop
  endfacet
  facet normal 0.0980222 -0.995184 0
    outer loop
      vertex 1.17474 -8.923 13
      vertex 0.588628 -8.98073 10
      vertex 1.17474 -8.923 10
    endloop
  endfacet
  facet normal 0.634391 -0.773012 0
    outer loop
      vertex 5.47885 -7.14018 10
      vertex 5.93411 -6.76656 13
      vertex 5.47885 -7.14018 13
    endloop
  endfacet
  facet normal 0.634391 -0.773012 0
    outer loop
      vertex 5.93411 -6.76656 13
      vertex 5.47885 -7.14018 10
      vertex 5.93411 -6.76656 10
    endloop
  endfacet
  facet normal 0.849203 -0.528067 0
    outer loop
      vertex 7.48323 -5.00013 13
      vertex 7.79423 -4.5 10
      vertex 7.79423 -4.5 13
    endloop
  endfacet
  facet normal 0.849203 -0.528067 0
    outer loop
      vertex 7.79423 -4.5 10
      vertex 7.48323 -5.00013 13
      vertex 7.48323 -5.00013 10
    endloop
  endfacet
  facet normal -0.95694 -0.290284 0
    outer loop
      vertex -8.52237 -2.89295 10
      vertex -8.69333 -2.32937 13
      vertex -8.69333 -2.32937 10
    endloop
  endfacet
  facet normal -0.95694 -0.290284 0
    outer loop
      vertex -8.69333 -2.32937 13
      vertex -8.52237 -2.89295 10
      vertex -8.52237 -2.89295 13
    endloop
  endfacet
  facet normal -0.582482 -0.812843 0
    outer loop
      vertex -5.47885 -7.14018 10
      vertex -5.00013 -7.48323 13
      vertex -5.47885 -7.14018 13
    endloop
  endfacet
  facet normal -0.582482 -0.812843 -0
    outer loop
      vertex -5.00013 -7.48323 13
      vertex -5.47885 -7.14018 10
      vertex -5.00013 -7.48323 10
    endloop
  endfacet
  facet normal -0.910859 -0.412718 0
    outer loop
      vertex -8.07185 -3.9806 10
      vertex -8.31492 -3.44415 13
      vertex -8.31492 -3.44415 10
    endloop
  endfacet
  facet normal -0.910859 -0.412718 0
    outer loop
      vertex -8.31492 -3.44415 13
      vertex -8.07185 -3.9806 10
      vertex -8.07185 -3.9806 13
    endloop
  endfacet
  facet normal 0.95694 -0.290284 0
    outer loop
      vertex 8.52237 -2.89295 13
      vertex 8.69333 -2.32937 10
      vertex 8.69333 -2.32937 13
    endloop
  endfacet
  facet normal 0.95694 -0.290284 0
    outer loop
      vertex 8.69333 -2.32937 10
      vertex 8.52237 -2.89295 13
      vertex 8.52237 -2.89295 10
    endloop
  endfacet
  facet normal -0.973875 0.227084 0
    outer loop
      vertex -8.82707 1.75581 10
      vertex -8.69333 2.32937 13
      vertex -8.69333 2.32937 10
    endloop
  endfacet
  facet normal -0.973875 0.227084 0
    outer loop
      vertex -8.69333 2.32937 13
      vertex -8.82707 1.75581 10
      vertex -8.82707 1.75581 13
    endloop
  endfacet
  facet normal -0.95694 0.290284 0
    outer loop
      vertex -8.69333 2.32937 10
      vertex -8.52237 2.89295 13
      vertex -8.52237 2.89295 10
    endloop
  endfacet
  facet normal -0.95694 0.290284 0
    outer loop
      vertex -8.52237 2.89295 13
      vertex -8.69333 2.32937 10
      vertex -8.69333 2.32937 13
    endloop
  endfacet
  facet normal -0.227084 -0.973875 0
    outer loop
      vertex -2.32937 -8.69333 10
      vertex -1.75581 -8.82707 13
      vertex -2.32937 -8.69333 13
    endloop
  endfacet
  facet normal -0.227084 -0.973875 -0
    outer loop
      vertex -1.75581 -8.82707 13
      vertex -2.32937 -8.69333 10
      vertex -1.75581 -8.82707 10
    endloop
  endfacet
  facet normal 0.227084 0.973875 -0
    outer loop
      vertex 2.32937 8.69333 10
      vertex 1.75581 8.82707 13
      vertex 2.32937 8.69333 13
    endloop
  endfacet
  facet normal 0.227084 0.973875 0
    outer loop
      vertex 1.75581 8.82707 13
      vertex 2.32937 8.69333 10
      vertex 1.75581 8.82707 10
    endloop
  endfacet
  facet normal 0.683594 -0.729863 0
    outer loop
      vertex 5.93411 -6.76656 10
      vertex 6.36396 -6.36396 13
      vertex 5.93411 -6.76656 13
    endloop
  endfacet
  facet normal 0.683594 -0.729863 0
    outer loop
      vertex 6.36396 -6.36396 13
      vertex 5.93411 -6.76656 10
      vertex 6.36396 -6.36396 10
    endloop
  endfacet
  facet normal 0.729863 -0.683594 0
    outer loop
      vertex 6.36396 -6.36396 13
      vertex 6.76656 -5.93411 10
      vertex 6.76656 -5.93411 13
    endloop
  endfacet
  facet normal 0.729863 -0.683594 0
    outer loop
      vertex 6.76656 -5.93411 10
      vertex 6.36396 -6.36396 13
      vertex 6.36396 -6.36396 10
    endloop
  endfacet
  facet normal -0.47139 0.881925 0
    outer loop
      vertex -3.9806 8.07185 10
      vertex -4.5 7.79423 13
      vertex -3.9806 8.07185 13
    endloop
  endfacet
  facet normal -0.47139 0.881925 0
    outer loop
      vertex -4.5 7.79423 13
      vertex -3.9806 8.07185 10
      vertex -4.5 7.79423 10
    endloop
  endfacet
  facet normal -0.634391 -0.773012 0
    outer loop
      vertex -5.93411 -6.76656 10
      vertex -5.47885 -7.14018 13
      vertex -5.93411 -6.76656 13
    endloop
  endfacet
  facet normal -0.634391 -0.773012 -0
    outer loop
      vertex -5.47885 -7.14018 13
      vertex -5.93411 -6.76656 10
      vertex -5.47885 -7.14018 10
    endloop
  endfacet
  facet normal -0.47139 -0.881925 0
    outer loop
      vertex -4.5 -7.79423 10
      vertex -3.9806 -8.07185 13
      vertex -4.5 -7.79423 13
    endloop
  endfacet
  facet normal -0.47139 -0.881925 -0
    outer loop
      vertex -3.9806 -8.07185 13
      vertex -4.5 -7.79423 10
      vertex -3.9806 -8.07185 10
    endloop
  endfacet
  facet normal -0.391069 -0.86308 -0.319623
    outer loop
      vertex -3.96077 -9.56215 17
      vertex -3.9806 -8.07185 13
      vertex -3.44415 -8.31492 13
    endloop
  endfacet
  facet normal 0.215129 -0.922802 -0.319619
    outer loop
      vertex 2.01918 -10.1511 17
      vertex 1.75581 -8.82707 13
      vertex 2.67878 -9.99733 17
    endloop
  endfacet
  facet normal 0.215172 -0.92279 -0.319625
    outer loop
      vertex 2.67878 -9.99733 17
      vertex 1.75581 -8.82707 13
      vertex 2.32937 -8.69333 13
    endloop
  endfacet
  facet normal 0.947035 0.0310585 -0.319624
    outer loop
      vertex 10.35 0 17
      vertex 9 0 13
      vertex 10.3278 0.676922 17
    endloop
  endfacet
  facet normal 0.94704 0.0310034 -0.319617
    outer loop
      vertex 9 0 13
      vertex 8.98073 0.588628 13
      vertex 10.3278 0.676922 17
    endloop
  endfacet
  facet normal 0.551928 0.770205 -0.319624
    outer loop
      vertex 5.47885 7.14018 13
      vertex 5.00013 7.48323 13
      vertex 5.75015 8.60571 17
    endloop
  endfacet
  facet normal 0.86308 0.391069 -0.319623
    outer loop
      vertex 8.31492 3.44415 13
      vertex 8.07185 3.9806 13
      vertex 9.56215 3.96077 17
    endloop
  endfacet
  facet normal 0.835663 -0.446663 -0.319625
    outer loop
      vertex 9.28263 -4.57769 17
      vertex 7.79423 -4.5 13
      vertex 8.07185 -3.9806 13
    endloop
  endfacet
  facet normal -0.215129 -0.922802 -0.319619
    outer loop
      vertex -2.01918 -10.1511 17
      vertex -2.67878 -9.99733 17
      vertex -1.75581 -8.82707 13
    endloop
  endfacet
  facet normal -0.835663 -0.446663 -0.319625
    outer loop
      vertex -7.79423 -4.5 13
      vertex -9.28263 -4.57769 17
      vertex -8.07185 -3.9806 13
    endloop
  endfacet
  facet normal -0.922802 -0.215129 -0.319619
    outer loop
      vertex -9.99733 -2.67878 17
      vertex -10.1511 -2.01918 17
      vertex -8.82707 -1.75581 13
    endloop
  endfacet
  facet normal 0.732459 0.601119 -0.319626
    outer loop
      vertex 8.21121 6.30068 17
      vertex 7.14018 5.47885 13
      vertex 7.78154 6.82423 17
    endloop
  endfacet
  facet normal 0.691572 -0.64774 -0.319625
    outer loop
      vertex 7.31855 -7.31855 17
      vertex 6.76656 -5.93411 13
      vertex 7.78154 -6.82423 17
    endloop
  endfacet
  facet normal -0.154342 0.934886 -0.319635
    outer loop
      vertex -1.17474 8.923 13
      vertex -1.75581 8.82707 13
      vertex -1.35095 10.2615 17
    endloop
  endfacet
  facet normal -0.942984 -0.0928806 -0.319617
    outer loop
      vertex -8.923 -1.17474 13
      vertex -10.3278 -0.676922 17
      vertex -8.98073 -0.588628 13
    endloop
  endfacet
  facet normal 0.691577 -0.647735 -0.319624
    outer loop
      vertex 7.31855 -7.31855 17
      vertex 6.36396 -6.36396 13
      vertex 6.76656 -5.93411 13
    endloop
  endfacet
  facet normal 0.934873 -0.154453 -0.31962
    outer loop
      vertex 10.1511 -2.01918 17
      vertex 8.82707 -1.75581 13
      vertex 10.2615 -1.35095 17
    endloop
  endfacet
  facet normal -0.0310034 0.94704 -0.319617
    outer loop
      vertex -0.588628 8.98073 13
      vertex -0.676922 10.3278 17
      vertex 0 9 13
    endloop
  endfacet
  facet normal 0.770205 -0.551928 -0.319624
    outer loop
      vertex 8.60571 -5.75015 17
      vertex 7.14018 -5.47885 13
      vertex 7.48323 -5.00013 13
    endloop
  endfacet
  facet normal 0.906745 0.275051 -0.319626
    outer loop
      vertex 9.99733 2.67878 17
      vertex 8.52237 2.89295 13
      vertex 9.80073 3.3269 17
    endloop
  endfacet
  facet normal 0.922802 -0.215129 -0.319619
    outer loop
      vertex 9.99733 -2.67878 17
      vertex 8.82707 -1.75581 13
      vertex 10.1511 -2.01918 17
    endloop
  endfacet
  facet normal -0.906743 -0.275057 -0.319625
    outer loop
      vertex -8.52237 -2.89295 13
      vertex -9.99733 -2.67878 17
      vertex -8.69333 -2.32937 13
    endloop
  endfacet
  facet normal -0.86308 -0.391069 -0.319623
    outer loop
      vertex -8.07185 -3.9806 13
      vertex -9.56215 -3.96077 17
      vertex -8.31492 -3.44415 13
    endloop
  endfacet
  facet normal 0.947035 -0.0310585 -0.319624
    outer loop
      vertex 10.3278 -0.676922 17
      vertex 9 0 13
      vertex 10.35 0 17
    endloop
  endfacet
  facet normal 0.446663 -0.835663 -0.319625
    outer loop
      vertex 4.57769 -9.28263 17
      vertex 3.9806 -8.07185 13
      vertex 4.5 -7.79423 13
    endloop
  endfacet
  facet normal -0.333763 -0.886816 -0.319623
    outer loop
      vertex -2.89295 -8.52237 13
      vertex -3.96077 -9.56215 17
      vertex -3.44415 -8.31492 13
    endloop
  endfacet
  facet normal -0.886808 0.333782 -0.319626
    outer loop
      vertex -8.52237 2.89295 13
      vertex -9.80073 3.3269 17
      vertex -9.56215 3.96077 17
    endloop
  endfacet
  facet normal -0.275057 0.906743 -0.319625
    outer loop
      vertex -2.32937 8.69333 13
      vertex -2.89295 8.52237 13
      vertex -2.67878 9.99733 17
    endloop
  endfacet
  facet normal 0.691572 0.64774 -0.319625
    outer loop
      vertex 7.78154 6.82423 17
      vertex 6.76656 5.93411 13
      vertex 7.31855 7.31855 17
    endloop
  endfacet
  facet normal 0.863085 -0.391055 -0.319625
    outer loop
      vertex 9.28263 -4.57769 17
      vertex 8.07185 -3.9806 13
      vertex 9.56215 -3.96077 17
    endloop
  endfacet
  facet normal -0.732463 0.601114 -0.319625
    outer loop
      vertex -7.14018 5.47885 13
      vertex -7.78154 6.82423 17
      vertex -6.76656 5.93411 13
    endloop
  endfacet
  facet normal 0.934886 -0.154342 -0.319635
    outer loop
      vertex 10.2615 -1.35095 17
      vertex 8.82707 -1.75581 13
      vertex 8.923 -1.17474 13
    endloop
  endfacet
  facet normal -0.333782 -0.886808 -0.319626
    outer loop
      vertex -3.3269 -9.80073 17
      vertex -3.96077 -9.56215 17
      vertex -2.89295 -8.52237 13
    endloop
  endfacet
  facet normal 0.906745 -0.275051 -0.319626
    outer loop
      vertex 9.80073 -3.3269 17
      vertex 8.52237 -2.89295 13
      vertex 9.99733 -2.67878 17
    endloop
  endfacet
  facet normal -0.391055 0.863085 -0.319625
    outer loop
      vertex -3.9806 8.07185 13
      vertex -4.57769 9.28263 17
      vertex -3.96077 9.56215 17
    endloop
  endfacet
  facet normal -0.0310585 -0.947035 -0.319624
    outer loop
      vertex 0 -10.35 17
      vertex -0.676922 -10.3278 17
      vertex 0 -9 13
    endloop
  endfacet
  facet normal -0.0927561 -0.94299 -0.319634
    outer loop
      vertex -0.676922 -10.3278 17
      vertex -1.35095 -10.2615 17
      vertex -1.17474 -8.923 13
    endloop
  endfacet
  facet normal 0.551919 -0.770211 -0.319626
    outer loop
      vertex 5.75015 -8.60571 17
      vertex 5.47885 -7.14018 13
      vertex 6.30068 -8.21121 17
    endloop
  endfacet
  facet normal -0.551919 -0.770211 -0.319626
    outer loop
      vertex -5.75015 -8.60571 17
      vertex -6.30068 -8.21121 17
      vertex -5.47885 -7.14018 13
    endloop
  endfacet
  facet normal 0.0310034 -0.94704 -0.319617
    outer loop
      vertex 0.676922 -10.3278 17
      vertex 0 -9 13
      vertex 0.588628 -8.98073 13
    endloop
  endfacet
  facet normal 0.94299 -0.0927561 -0.319634
    outer loop
      vertex 10.2615 -1.35095 17
      vertex 8.923 -1.17474 13
      vertex 10.3278 -0.676922 17
    endloop
  endfacet
  facet normal -0.804658 -0.500366 -0.319624
    outer loop
      vertex -8.60571 -5.75015 17
      vertex -8.96336 -5.175 17
      vertex -7.79423 -4.5 13
    endloop
  endfacet
  facet normal -0.86308 0.391069 -0.319623
    outer loop
      vertex -8.31492 3.44415 13
      vertex -9.56215 3.96077 17
      vertex -8.07185 3.9806 13
    endloop
  endfacet
  facet normal -0.92279 -0.215172 -0.319625
    outer loop
      vertex -8.69333 -2.32937 13
      vertex -9.99733 -2.67878 17
      vertex -8.82707 -1.75581 13
    endloop
  endfacet
  facet normal 0.647735 -0.691577 -0.319624
    outer loop
      vertex 7.31855 -7.31855 17
      vertex 5.93411 -6.76656 13
      vertex 6.36396 -6.36396 13
    endloop
  endfacet
  facet normal 0.333782 -0.886808 -0.319626
    outer loop
      vertex 3.3269 -9.80073 17
      vertex 2.89295 -8.52237 13
      vertex 3.96077 -9.56215 17
    endloop
  endfacet
  facet normal -0.732459 -0.601119 -0.319626
    outer loop
      vertex -7.78154 -6.82423 17
      vertex -8.21121 -6.30068 17
      vertex -7.14018 -5.47885 13
    endloop
  endfacet
  facet normal -0.64774 0.691572 -0.319625
    outer loop
      vertex -5.93411 6.76656 13
      vertex -7.31855 7.31855 17
      vertex -6.82423 7.78154 17
    endloop
  endfacet
  facet normal 0.333782 0.886808 -0.319626
    outer loop
      vertex 3.96077 9.56215 17
      vertex 2.89295 8.52237 13
      vertex 3.3269 9.80073 17
    endloop
  endfacet
  facet normal 0.391055 0.863085 -0.319625
    outer loop
      vertex 3.9806 8.07185 13
      vertex 3.96077 9.56215 17
      vertex 4.57769 9.28263 17
    endloop
  endfacet
  facet normal -0.94299 -0.0927561 -0.319634
    outer loop
      vertex -10.2615 -1.35095 17
      vertex -10.3278 -0.676922 17
      vertex -8.923 -1.17474 13
    endloop
  endfacet
  facet normal 0.94704 -0.0310034 -0.319617
    outer loop
      vertex 10.3278 -0.676922 17
      vertex 8.98073 -0.588628 13
      vertex 9 0 13
    endloop
  endfacet
  facet normal 0.942984 -0.0928806 -0.319617
    outer loop
      vertex 10.3278 -0.676922 17
      vertex 8.923 -1.17474 13
      vertex 8.98073 -0.588628 13
    endloop
  endfacet
  facet normal -0.333782 0.886808 -0.319626
    outer loop
      vertex -2.89295 8.52237 13
      vertex -3.96077 9.56215 17
      vertex -3.3269 9.80073 17
    endloop
  endfacet
  facet normal 0.275051 -0.906745 -0.319626
    outer loop
      vertex 3.3269 -9.80073 17
      vertex 2.67878 -9.99733 17
      vertex 2.89295 -8.52237 13
    endloop
  endfacet
  facet normal 0.446663 0.835663 -0.319625
    outer loop
      vertex 4.5 7.79423 13
      vertex 3.9806 8.07185 13
      vertex 4.57769 9.28263 17
    endloop
  endfacet
  facet normal 0.835659 -0.446671 -0.319624
    outer loop
      vertex 8.96336 -5.175 17
      vertex 7.79423 -4.5 13
      vertex 9.28263 -4.57769 17
    endloop
  endfacet
  facet normal -0.601119 -0.732459 -0.319626
    outer loop
      vertex -6.30068 -8.21121 17
      vertex -6.82423 -7.78154 17
      vertex -5.47885 -7.14018 13
    endloop
  endfacet
  facet normal 0.863085 0.391055 -0.319625
    outer loop
      vertex 9.56215 3.96077 17
      vertex 8.07185 3.9806 13
      vertex 9.28263 4.57769 17
    endloop
  endfacet
  facet normal -0.934886 -0.154342 -0.319635
    outer loop
      vertex -8.82707 -1.75581 13
      vertex -10.2615 -1.35095 17
      vertex -8.923 -1.17474 13
    endloop
  endfacet
  facet normal -0.446663 0.835663 -0.319625
    outer loop
      vertex -4.5 7.79423 13
      vertex -4.57769 9.28263 17
      vertex -3.9806 8.07185 13
    endloop
  endfacet
  facet normal -0.770205 0.551928 -0.319624
    outer loop
      vertex -7.48323 5.00013 13
      vertex -8.60571 5.75015 17
      vertex -7.14018 5.47885 13
    endloop
  endfacet
  facet normal 0.92279 -0.215172 -0.319625
    outer loop
      vertex 9.99733 -2.67878 17
      vertex 8.69333 -2.32937 13
      vertex 8.82707 -1.75581 13
    endloop
  endfacet
  facet normal -0.947035 0.0310585 -0.319624
    outer loop
      vertex -9 0 13
      vertex -10.35 0 17
      vertex -10.3278 0.676922 17
    endloop
  endfacet
  facet normal -0.94704 -0.0310034 -0.319617
    outer loop
      vertex -8.98073 -0.588628 13
      vertex -10.3278 -0.676922 17
      vertex -9 0 13
    endloop
  endfacet
  facet normal 0.886816 0.333763 -0.319623
    outer loop
      vertex 8.52237 2.89295 13
      vertex 8.31492 3.44415 13
      vertex 9.56215 3.96077 17
    endloop
  endfacet
  facet normal -0.64774 -0.691572 -0.319625
    outer loop
      vertex -6.82423 -7.78154 17
      vertex -7.31855 -7.31855 17
      vertex -5.93411 -6.76656 13
    endloop
  endfacet
  facet normal 0.0927561 0.94299 -0.319634
    outer loop
      vertex 1.17474 8.923 13
      vertex 0.676922 10.3278 17
      vertex 1.35095 10.2615 17
    endloop
  endfacet
  facet normal 0.500366 0.804658 -0.319624
    outer loop
      vertex 5.75015 8.60571 17
      vertex 4.5 7.79423 13
      vertex 5.175 8.96336 17
    endloop
  endfacet
  facet normal 0.391055 -0.863085 -0.319625
    outer loop
      vertex 4.57769 -9.28263 17
      vertex 3.96077 -9.56215 17
      vertex 3.9806 -8.07185 13
    endloop
  endfacet
  facet normal -0.601114 -0.732463 -0.319625
    outer loop
      vertex -5.47885 -7.14018 13
      vertex -6.82423 -7.78154 17
      vertex -5.93411 -6.76656 13
    endloop
  endfacet
  facet normal -0.886808 -0.333782 -0.319626
    outer loop
      vertex -9.56215 -3.96077 17
      vertex -9.80073 -3.3269 17
      vertex -8.52237 -2.89295 13
    endloop
  endfacet
  facet normal 0.92279 0.215172 -0.319625
    outer loop
      vertex 8.82707 1.75581 13
      vertex 8.69333 2.32937 13
      vertex 9.99733 2.67878 17
    endloop
  endfacet
  facet normal 0.0928806 -0.942984 -0.319617
    outer loop
      vertex 0.676922 -10.3278 17
      vertex 0.588628 -8.98073 13
      vertex 1.17474 -8.923 13
    endloop
  endfacet
  facet normal 0.500366 -0.804658 -0.319624
    outer loop
      vertex 5.175 -8.96336 17
      vertex 4.5 -7.79423 13
      vertex 5.75015 -8.60571 17
    endloop
  endfacet
  facet normal 0.391069 -0.86308 -0.319623
    outer loop
      vertex 3.96077 -9.56215 17
      vertex 3.44415 -8.31492 13
      vertex 3.9806 -8.07185 13
    endloop
  endfacet
  facet normal -0.601114 0.732463 -0.319625
    outer loop
      vertex -5.93411 6.76656 13
      vertex -6.82423 7.78154 17
      vertex -5.47885 7.14018 13
    endloop
  endfacet
  facet normal 0.275051 0.906745 -0.319626
    outer loop
      vertex 2.89295 8.52237 13
      vertex 2.67878 9.99733 17
      vertex 3.3269 9.80073 17
    endloop
  endfacet
  facet normal 0.601114 -0.732463 -0.319625
    outer loop
      vertex 6.82423 -7.78154 17
      vertex 5.47885 -7.14018 13
      vertex 5.93411 -6.76656 13
    endloop
  endfacet
  facet normal -0.551919 0.770211 -0.319626
    outer loop
      vertex -5.47885 7.14018 13
      vertex -6.30068 8.21121 17
      vertex -5.75015 8.60571 17
    endloop
  endfacet
  facet normal 0.934873 0.154453 -0.31962
    outer loop
      vertex 10.2615 1.35095 17
      vertex 8.82707 1.75581 13
      vertex 10.1511 2.01918 17
    endloop
  endfacet
  facet normal -0.215129 0.922802 -0.319619
    outer loop
      vertex -1.75581 8.82707 13
      vertex -2.67878 9.99733 17
      vertex -2.01918 10.1511 17
    endloop
  endfacet
  facet normal 0.886808 -0.333782 -0.319626
    outer loop
      vertex 9.56215 -3.96077 17
      vertex 8.52237 -2.89295 13
      vertex 9.80073 -3.3269 17
    endloop
  endfacet
  facet normal 0.886816 -0.333763 -0.319623
    outer loop
      vertex 9.56215 -3.96077 17
      vertex 8.31492 -3.44415 13
      vertex 8.52237 -2.89295 13
    endloop
  endfacet
  facet normal 0.333763 0.886816 -0.319623
    outer loop
      vertex 3.44415 8.31492 13
      vertex 2.89295 8.52237 13
      vertex 3.96077 9.56215 17
    endloop
  endfacet
  facet normal -0.863085 -0.391055 -0.319625
    outer loop
      vertex -9.28263 -4.57769 17
      vertex -9.56215 -3.96077 17
      vertex -8.07185 -3.9806 13
    endloop
  endfacet
  facet normal 0.770205 0.551928 -0.319624
    outer loop
      vertex 7.48323 5.00013 13
      vertex 7.14018 5.47885 13
      vertex 8.60571 5.75015 17
    endloop
  endfacet
  facet normal -0.0928806 0.942984 -0.319617
    outer loop
      vertex -0.588628 8.98073 13
      vertex -1.17474 8.923 13
      vertex -0.676922 10.3278 17
    endloop
  endfacet
  facet normal -0.934886 0.154342 -0.319635
    outer loop
      vertex -8.923 1.17474 13
      vertex -10.2615 1.35095 17
      vertex -8.82707 1.75581 13
    endloop
  endfacet
  facet normal -0.154453 0.934873 -0.31962
    outer loop
      vertex -1.75581 8.82707 13
      vertex -2.01918 10.1511 17
      vertex -1.35095 10.2615 17
    endloop
  endfacet
  facet normal 0.215172 0.92279 -0.319625
    outer loop
      vertex 2.32937 8.69333 13
      vertex 1.75581 8.82707 13
      vertex 2.67878 9.99733 17
    endloop
  endfacet
  facet normal -0.500366 -0.804658 -0.319624
    outer loop
      vertex -5.175 -8.96336 17
      vertex -5.75015 -8.60571 17
      vertex -4.5 -7.79423 13
    endloop
  endfacet
  facet normal -0.551928 0.770205 -0.319624
    outer loop
      vertex -5.47885 7.14018 13
      vertex -5.75015 8.60571 17
      vertex -5.00013 7.48323 13
    endloop
  endfacet
  facet normal 0.732463 -0.601114 -0.319625
    outer loop
      vertex 7.78154 -6.82423 17
      vertex 6.76656 -5.93411 13
      vertex 7.14018 -5.47885 13
    endloop
  endfacet
  facet normal -0.0310034 -0.94704 -0.319617
    outer loop
      vertex 0 -9 13
      vertex -0.676922 -10.3278 17
      vertex -0.588628 -8.98073 13
    endloop
  endfacet
  facet normal -0.947035 -0.0310585 -0.319624
    outer loop
      vertex -10.3278 -0.676922 17
      vertex -10.35 0 17
      vertex -9 0 13
    endloop
  endfacet
  facet normal 0.601119 -0.732459 -0.319626
    outer loop
      vertex 6.30068 -8.21121 17
      vertex 5.47885 -7.14018 13
      vertex 6.82423 -7.78154 17
    endloop
  endfacet
  facet normal 0.906743 -0.275057 -0.319625
    outer loop
      vertex 9.99733 -2.67878 17
      vertex 8.52237 -2.89295 13
      vertex 8.69333 -2.32937 13
    endloop
  endfacet
  facet normal -0.934873 -0.154453 -0.31962
    outer loop
      vertex -10.1511 -2.01918 17
      vertex -10.2615 -1.35095 17
      vertex -8.82707 -1.75581 13
    endloop
  endfacet
  facet normal -0.691572 -0.64774 -0.319625
    outer loop
      vertex -7.31855 -7.31855 17
      vertex -7.78154 -6.82423 17
      vertex -6.76656 -5.93411 13
    endloop
  endfacet
  facet normal 0.0310585 -0.947035 -0.319624
    outer loop
      vertex 0.676922 -10.3278 17
      vertex 0 -10.35 17
      vertex 0 -9 13
    endloop
  endfacet
  facet normal 0 0 1
    outer loop
      vertex 9 0 17
      vertex 10.35 0 17
      vertex 10.3278 0.676922 17
    endloop
  endfacet
  facet normal 0 0 1
    outer loop
      vertex 8.98073 0.588628 17
      vertex 10.3278 0.676922 17
      vertex 10.2615 1.35095 17
    endloop
  endfacet
  facet normal 0 0 1
    outer loop
      vertex 10.35 0 17
      vertex 9 0 17
      vertex 10.3278 -0.676922 17
    endloop
  endfacet
  facet normal 0 0 1
    outer loop
      vertex 8.923 1.17474 17
      vertex 10.2615 1.35095 17
      vertex 10.1511 2.01918 17
    endloop
  endfacet
  facet normal -0 0 1
    outer loop
      vertex 8.98073 -0.588628 17
      vertex 10.3278 -0.676922 17
      vertex 9 0 17
    endloop
  endfacet
  facet normal 0 0 1
    outer loop
      vertex 8.82707 1.75581 17
      vertex 10.1511 2.01918 17
      vertex 9.99733 2.67878 17
    endloop
  endfacet
  facet normal 0 0 1
    outer loop
      vertex 10.3278 -0.676922 17
      vertex 8.98073 -0.588628 17
      vertex 10.2615 -1.35095 17
    endloop
  endfacet
  facet normal 0 0 1
    outer loop
      vertex 8.69333 2.32937 17
      vertex 9.99733 2.67878 17
      vertex 9.80073 3.3269 17
    endloop
  endfacet
  facet normal -0 0 1
    outer loop
      vertex 8.923 -1.17474 17
      vertex 10.2615 -1.35095 17
      vertex 8.98073 -0.588628 17
    endloop
  endfacet
  facet normal 0 0 1
    outer loop
      vertex 8.52237 2.89295 17
      vertex 9.80073 3.3269 17
      vertex 9.56215 3.96077 17
    endloop
  endfacet
  facet normal 0 0 1
    outer loop
      vertex 10.2615 -1.35095 17
      vertex 8.923 -1.17474 17
      vertex 10.1511 -2.01918 17
    endloop
  endfacet
  facet normal 0 0 1
    outer loop
      vertex 8.31492 3.44415 17
      vertex 9.56215 3.96077 17
      vertex 9.28263 4.57769 17
    endloop
  endfacet
  facet normal -0 0 1
    outer loop
      vertex 8.82707 -1.75581 17
      vertex 10.1511 -2.01918 17
      vertex 8.923 -1.17474 17
    endloop
  endfacet
  facet normal 0 0 1
    outer loop
      vertex 10.1511 -2.01918 17
      vertex 8.82707 -1.75581 17
      vertex 9.99733 -2.67878 17
    endloop
  endfacet
  facet normal 0 0 1
    outer loop
      vertex 10.3278 0.676922 17
      vertex 8.98073 0.588628 17
      vertex 9 0 17
    endloop
  endfacet
  facet normal 0 0 1
    outer loop
      vertex 8.07185 3.9806 17
      vertex 9.28263 4.57769 17
      vertex 8.96336 5.175 17
    endloop
  endfacet
  facet normal 0 0 1
    outer loop
      vertex 10.2615 1.35095 17
      vertex 8.923 1.17474 17
      vertex 8.98073 0.588628 17
    endloop
  endfacet
  facet normal 0 0 1
    outer loop
      vertex 10.1511 2.01918 17
      vertex 8.82707 1.75581 17
      vertex 8.923 1.17474 17
    endloop
  endfacet
  facet normal 0 0 1
    outer loop
      vertex 9.99733 2.67878 17
      vertex 8.69333 2.32937 17
      vertex 8.82707 1.75581 17
    endloop
  endfacet
  facet normal 0 0 1
    outer loop
      vertex 7.79423 4.5 17
      vertex 8.96336 5.175 17
      vertex 8.60571 5.75015 17
    endloop
  endfacet
  facet normal 0 0 1
    outer loop
      vertex 9.80073 3.3269 17
      vertex 8.52237 2.89295 17
      vertex 8.69333 2.32937 17
    endloop
  endfacet
  facet normal 0 0 1
    outer loop
      vertex 9.56215 3.96077 17
      vertex 8.31492 3.44415 17
      vertex 8.52237 2.89295 17
    endloop
  endfacet
  facet normal 0 0 1
    outer loop
      vertex 7.48323 5.00013 17
      vertex 8.60571 5.75015 17
      vertex 8.21121 6.30068 17
    endloop
  endfacet
  facet normal 0 0 1
    outer loop
      vertex 9.28263 4.57769 17
      vertex 8.07185 3.9806 17
      vertex 8.31492 3.44415 17
    endloop
  endfacet
  facet normal 0 0 1
    outer loop
      vertex 8.96336 5.175 17
      vertex 7.79423 4.5 17
      vertex 8.07185 3.9806 17
    endloop
  endfacet
  facet normal 0 0 1
    outer loop
      vertex 7.14018 5.47885 17
      vertex 8.21121 6.30068 17
      vertex 7.78154 6.82423 17
    endloop
  endfacet
  facet normal 0 0 1
    outer loop
      vertex 8.60571 5.75015 17
      vertex 7.48323 5.00013 17
      vertex 7.79423 4.5 17
    endloop
  endfacet
  facet normal 0 0 1
    outer loop
      vertex 6.76656 5.93411 17
      vertex 7.78154 6.82423 17
      vertex 7.31855 7.31855 17
    endloop
  endfacet
  facet normal 0 0 1
    outer loop
      vertex 8.21121 6.30068 17
      vertex 7.14018 5.47885 17
      vertex 7.48323 5.00013 17
    endloop
  endfacet
  facet normal 0 0 1
    outer loop
      vertex 6.36396 6.36396 17
      vertex 7.31855 7.31855 17
      vertex 6.82423 7.78154 17
    endloop
  endfacet
  facet normal 0 0 1
    outer loop
      vertex 7.78154 6.82423 17
      vertex 6.76656 5.93411 17
      vertex 7.14018 5.47885 17
    endloop
  endfacet
  facet normal 0 0 1
    outer loop
      vertex 7.31855 7.31855 17
      vertex 6.36396 6.36396 17
      vertex 6.76656 5.93411 17
    endloop
  endfacet
  facet normal 0 0 1
    outer loop
      vertex 5.93411 6.76656 17
      vertex 6.82423 7.78154 17
      vertex 6.30068 8.21121 17
    endloop
  endfacet
  facet normal 0 0 1
    outer loop
      vertex 6.82423 7.78154 17
      vertex 5.93411 6.76656 17
      vertex 6.36396 6.36396 17
    endloop
  endfacet
  facet normal 0 0 1
    outer loop
      vertex 5.47885 7.14018 17
      vertex 6.30068 8.21121 17
      vertex 5.75015 8.60571 17
    endloop
  endfacet
  facet normal 0 0 1
    outer loop
      vertex 6.30068 8.21121 17
      vertex 5.47885 7.14018 17
      vertex 5.93411 6.76656 17
    endloop
  endfacet
  facet normal 0 0 1
    outer loop
      vertex 5.00013 7.48323 17
      vertex 5.75015 8.60571 17
      vertex 5.175 8.96336 17
    endloop
  endfacet
  facet normal 0 0 1
    outer loop
      vertex 5.75015 8.60571 17
      vertex 5.00013 7.48323 17
      vertex 5.47885 7.14018 17
    endloop
  endfacet
  facet normal 0 0 1
    outer loop
      vertex 4.5 7.79423 17
      vertex 5.175 8.96336 17
      vertex 4.57769 9.28263 17
    endloop
  endfacet
  facet normal 0 0 1
    outer loop
      vertex 5.175 8.96336 17
      vertex 4.5 7.79423 17
      vertex 5.00013 7.48323 17
    endloop
  endfacet
  facet normal 0 0 1
    outer loop
      vertex 4.57769 9.28263 17
      vertex 3.9806 8.07185 17
      vertex 4.5 7.79423 17
    endloop
  endfacet
  facet normal 0 0 1
    outer loop
      vertex 3.96077 9.56215 17
      vertex 3.9806 8.07185 17
      vertex 4.57769 9.28263 17
    endloop
  endfacet
  facet normal 0 0 1
    outer loop
      vertex 3.96077 9.56215 17
      vertex 3.44415 8.31492 17
      vertex 3.9806 8.07185 17
    endloop
  endfacet
  facet normal 0 0 1
    outer loop
      vertex 3.3269 9.80073 17
      vertex 3.44415 8.31492 17
      vertex 3.96077 9.56215 17
    endloop
  endfacet
  facet normal 0 0 1
    outer loop
      vertex 3.3269 9.80073 17
      vertex 2.89295 8.52237 17
      vertex 3.44415 8.31492 17
    endloop
  endfacet
  facet normal 0 0 1
    outer loop
      vertex 2.67878 9.99733 17
      vertex 2.89295 8.52237 17
      vertex 3.3269 9.80073 17
    endloop
  endfacet
  facet normal 0 0 1
    outer loop
      vertex 2.67878 9.99733 17
      vertex 2.32937 8.69333 17
      vertex 2.89295 8.52237 17
    endloop
  endfacet
  facet normal 0 0 1
    outer loop
      vertex 2.01918 10.1511 17
      vertex 2.32937 8.69333 17
      vertex 2.67878 9.99733 17
    endloop
  endfacet
  facet normal 0 0 1
    outer loop
      vertex 2.01918 10.1511 17
      vertex 1.75581 8.82707 17
      vertex 2.32937 8.69333 17
    endloop
  endfacet
  facet normal 0 0 1
    outer loop
      vertex 1.35095 10.2615 17
      vertex 1.75581 8.82707 17
      vertex 2.01918 10.1511 17
    endloop
  endfacet
  facet normal 0 0 1
    outer loop
      vertex 1.35095 10.2615 17
      vertex 1.17474 8.923 17
      vertex 1.75581 8.82707 17
    endloop
  endfacet
  facet normal 0 0 1
    outer loop
      vertex 0.676922 10.3278 17
      vertex 1.17474 8.923 17
      vertex 1.35095 10.2615 17
    endloop
  endfacet
  facet normal 0 0 1
    outer loop
      vertex 0.676922 10.3278 17
      vertex 0.588628 8.98073 17
      vertex 1.17474 8.923 17
    endloop
  endfacet
  facet normal 0 0 1
    outer loop
      vertex 0 10.35 17
      vertex 0.588628 8.98073 17
      vertex 0.676922 10.3278 17
    endloop
  endfacet
  facet normal 0 0 1
    outer loop
      vertex 0 10.35 17
      vertex 0 9 17
      vertex 0.588628 8.98073 17
    endloop
  endfacet
  facet normal 0 0 1
    outer loop
      vertex 0 10.35 17
      vertex -0.588628 8.98073 17
      vertex 0 9 17
    endloop
  endfacet
  facet normal -0 0 1
    outer loop
      vertex -0.676922 10.3278 17
      vertex -0.588628 8.98073 17
      vertex 0 10.35 17
    endloop
  endfacet
  facet normal 0 0 1
    outer loop
      vertex -0.676922 10.3278 17
      vertex -1.17474 8.923 17
      vertex -0.588628 8.98073 17
    endloop
  endfacet
  facet normal -0 0 1
    outer loop
      vertex -1.35095 10.2615 17
      vertex -1.17474 8.923 17
      vertex -0.676922 10.3278 17
    endloop
  endfacet
  facet normal 0 0 1
    outer loop
      vertex -1.35095 10.2615 17
      vertex -1.75581 8.82707 17
      vertex -1.17474 8.923 17
    endloop
  endfacet
  facet normal -0 0 1
    outer loop
      vertex -2.01918 10.1511 17
      vertex -1.75581 8.82707 17
      vertex -1.35095 10.2615 17
    endloop
  endfacet
  facet normal 0 0 1
    outer loop
      vertex -2.01918 10.1511 17
      vertex -2.32937 8.69333 17
      vertex -1.75581 8.82707 17
    endloop
  endfacet
  facet normal -0 0 1
    outer loop
      vertex -2.67878 9.99733 17
      vertex -2.32937 8.69333 17
      vertex -2.01918 10.1511 17
    endloop
  endfacet
  facet normal 0 0 1
    outer loop
      vertex -2.67878 9.99733 17
      vertex -2.89295 8.52237 17
      vertex -2.32937 8.69333 17
    endloop
  endfacet
  facet normal -0 0 1
    outer loop
      vertex -3.3269 9.80073 17
      vertex -2.89295 8.52237 17
      vertex -2.67878 9.99733 17
    endloop
  endfacet
  facet normal 0 0 1
    outer loop
      vertex -3.3269 9.80073 17
      vertex -3.44415 8.31492 17
      vertex -2.89295 8.52237 17
    endloop
  endfacet
  facet normal -0 0 1
    outer loop
      vertex -3.96077 9.56215 17
      vertex -3.44415 8.31492 17
      vertex -3.3269 9.80073 17
    endloop
  endfacet
  facet normal 0 0 1
    outer loop
      vertex -3.96077 9.56215 17
      vertex -3.9806 8.07185 17
      vertex -3.44415 8.31492 17
    endloop
  endfacet
  facet normal -0 0 1
    outer loop
      vertex -4.57769 9.28263 17
      vertex -3.9806 8.07185 17
      vertex -3.96077 9.56215 17
    endloop
  endfacet
  facet normal 0 0 1
    outer loop
      vertex -3.9806 8.07185 17
      vertex -4.57769 9.28263 17
      vertex -4.5 7.79423 17
    endloop
  endfacet
  facet normal -0 0 1
    outer loop
      vertex -5.175 8.96336 17
      vertex -4.5 7.79423 17
      vertex -4.57769 9.28263 17
    endloop
  endfacet
  facet normal 0 0 1
    outer loop
      vertex -4.5 7.79423 17
      vertex -5.175 8.96336 17
      vertex -5.00013 7.48323 17
    endloop
  endfacet
  facet normal -0 0 1
    outer loop
      vertex -5.75015 8.60571 17
      vertex -5.00013 7.48323 17
      vertex -5.175 8.96336 17
    endloop
  endfacet
  facet normal 0 0 1
    outer loop
      vertex -5.00013 7.48323 17
      vertex -5.75015 8.60571 17
      vertex -5.47885 7.14018 17
    endloop
  endfacet
  facet normal -0 0 1
    outer loop
      vertex -6.30068 8.21121 17
      vertex -5.47885 7.14018 17
      vertex -5.75015 8.60571 17
    endloop
  endfacet
  facet normal 0 0 1
    outer loop
      vertex -5.47885 7.14018 17
      vertex -6.30068 8.21121 17
      vertex -5.93411 6.76656 17
    endloop
  endfacet
  facet normal -0 0 1
    outer loop
      vertex -6.82423 7.78154 17
      vertex -5.93411 6.76656 17
      vertex -6.30068 8.21121 17
    endloop
  endfacet
  facet normal 0 0 1
    outer loop
      vertex -5.93411 6.76656 17
      vertex -6.82423 7.78154 17
      vertex -6.36396 6.36396 17
    endloop
  endfacet
  facet normal -0 0 1
    outer loop
      vertex -7.31855 7.31855 17
      vertex -6.36396 6.36396 17
      vertex -6.82423 7.78154 17
    endloop
  endfacet
  facet normal 0 0 1
    outer loop
      vertex -6.36396 6.36396 17
      vertex -7.31855 7.31855 17
      vertex -6.76656 5.93411 17
    endloop
  endfacet
  facet normal -0 0 1
    outer loop
      vertex -7.78154 6.82423 17
      vertex -6.76656 5.93411 17
      vertex -7.31855 7.31855 17
    endloop
  endfacet
  facet normal 0 0 1
    outer loop
      vertex -6.76656 5.93411 17
      vertex -7.78154 6.82423 17
      vertex -7.14018 5.47885 17
    endloop
  endfacet
  facet normal -0 0 1
    outer loop
      vertex -8.21121 6.30068 17
      vertex -7.14018 5.47885 17
      vertex -7.78154 6.82423 17
    endloop
  endfacet
  facet normal 0 0 1
    outer loop
      vertex -7.14018 5.47885 17
      vertex -8.21121 6.30068 17
      vertex -7.48323 5.00013 17
    endloop
  endfacet
  facet normal -0 0 1
    outer loop
      vertex -8.60571 5.75015 17
      vertex -7.48323 5.00013 17
      vertex -8.21121 6.30068 17
    endloop
  endfacet
  facet normal 0 0 1
    outer loop
      vertex -7.48323 5.00013 17
      vertex -8.60571 5.75015 17
      vertex -7.79423 4.5 17
    endloop
  endfacet
  facet normal -0 0 1
    outer loop
      vertex -8.96336 5.175 17
      vertex -7.79423 4.5 17
      vertex -8.60571 5.75015 17
    endloop
  endfacet
  facet normal 0 0 1
    outer loop
      vertex -7.79423 4.5 17
      vertex -8.96336 5.175 17
      vertex -8.07185 3.9806 17
    endloop
  endfacet
  facet normal -0 0 1
    outer loop
      vertex -9.28263 4.57769 17
      vertex -8.07185 3.9806 17
      vertex -8.96336 5.175 17
    endloop
  endfacet
  facet normal 0 0 1
    outer loop
      vertex -8.07185 3.9806 17
      vertex -9.28263 4.57769 17
      vertex -8.31492 3.44415 17
    endloop
  endfacet
  facet normal -0 0 1
    outer loop
      vertex -9.56215 3.96077 17
      vertex -8.31492 3.44415 17
      vertex -9.28263 4.57769 17
    endloop
  endfacet
  facet normal 0 0 1
    outer loop
      vertex -8.31492 3.44415 17
      vertex -9.56215 3.96077 17
      vertex -8.52237 2.89295 17
    endloop
  endfacet
  facet normal -0 0 1
    outer loop
      vertex -9.80073 3.3269 17
      vertex -8.52237 2.89295 17
      vertex -9.56215 3.96077 17
    endloop
  endfacet
  facet normal 0 0 1
    outer loop
      vertex -8.52237 2.89295 17
      vertex -9.80073 3.3269 17
      vertex -8.69333 2.32937 17
    endloop
  endfacet
  facet normal -0 0 1
    outer loop
      vertex -9.99733 2.67878 17
      vertex -8.69333 2.32937 17
      vertex -9.80073 3.3269 17
    endloop
  endfacet
  facet normal 0 0 1
    outer loop
      vertex -8.69333 2.32937 17
      vertex -9.99733 2.67878 17
      vertex -8.82707 1.75581 17
    endloop
  endfacet
  facet normal -0 0 1
    outer loop
      vertex 8.69333 -2.32937 17
      vertex 9.99733 -2.67878 17
      vertex 8.82707 -1.75581 17
    endloop
  endfacet
  facet normal 0 0 1
    outer loop
      vertex 9.99733 -2.67878 17
      vertex 8.69333 -2.32937 17
      vertex 9.80073 -3.3269 17
    endloop
  endfacet
  facet normal -0 0 1
    outer loop
      vertex 8.52237 -2.89295 17
      vertex 9.80073 -3.3269 17
      vertex 8.69333 -2.32937 17
    endloop
  endfacet
  facet normal 0 0 1
    outer loop
      vertex 9.80073 -3.3269 17
      vertex 8.52237 -2.89295 17
      vertex 9.56215 -3.96077 17
    endloop
  endfacet
  facet normal -0 0 1
    outer loop
      vertex 8.31492 -3.44415 17
      vertex 9.56215 -3.96077 17
      vertex 8.52237 -2.89295 17
    endloop
  endfacet
  facet normal 0 0 1
    outer loop
      vertex 9.56215 -3.96077 17
      vertex 8.31492 -3.44415 17
      vertex 9.28263 -4.57769 17
    endloop
  endfacet
  facet normal -0 0 1
    outer loop
      vertex 8.07185 -3.9806 17
      vertex 9.28263 -4.57769 17
      vertex 8.31492 -3.44415 17
    endloop
  endfacet
  facet normal 0 0 1
    outer loop
      vertex 9.28263 -4.57769 17
      vertex 8.07185 -3.9806 17
      vertex 8.96336 -5.175 17
    endloop
  endfacet
  facet normal -0 0 1
    outer loop
      vertex 7.79423 -4.5 17
      vertex 8.96336 -5.175 17
      vertex 8.07185 -3.9806 17
    endloop
  endfacet
  facet normal 0 0 1
    outer loop
      vertex 8.96336 -5.175 17
      vertex 7.79423 -4.5 17
      vertex 8.60571 -5.75015 17
    endloop
  endfacet
  facet normal -0 0 1
    outer loop
      vertex 7.48323 -5.00013 17
      vertex 8.60571 -5.75015 17
      vertex 7.79423 -4.5 17
    endloop
  endfacet
  facet normal 0 0 1
    outer loop
      vertex 8.60571 -5.75015 17
      vertex 7.48323 -5.00013 17
      vertex 8.21121 -6.30068 17
    endloop
  endfacet
  facet normal -0 0 1
    outer loop
      vertex 7.14018 -5.47885 17
      vertex 8.21121 -6.30068 17
      vertex 7.48323 -5.00013 17
    endloop
  endfacet
  facet normal 0 0 1
    outer loop
      vertex 8.21121 -6.30068 17
      vertex 7.14018 -5.47885 17
      vertex 7.78154 -6.82423 17
    endloop
  endfacet
  facet normal -0 0 1
    outer loop
      vertex 6.76656 -5.93411 17
      vertex 7.78154 -6.82423 17
      vertex 7.14018 -5.47885 17
    endloop
  endfacet
  facet normal 0 0 1
    outer loop
      vertex 7.78154 -6.82423 17
      vertex 6.76656 -5.93411 17
      vertex 7.31855 -7.31855 17
    endloop
  endfacet
  facet normal -0 0 1
    outer loop
      vertex 6.36396 -6.36396 17
      vertex 7.31855 -7.31855 17
      vertex 6.76656 -5.93411 17
    endloop
  endfacet
  facet normal 0 0 1
    outer loop
      vertex 7.31855 -7.31855 17
      vertex 6.36396 -6.36396 17
      vertex 6.82423 -7.78154 17
    endloop
  endfacet
  facet normal -0 0 1
    outer loop
      vertex 5.93411 -6.76656 17
      vertex 6.82423 -7.78154 17
      vertex 6.36396 -6.36396 17
    endloop
  endfacet
  facet normal 0 0 1
    outer loop
      vertex 6.82423 -7.78154 17
      vertex 5.93411 -6.76656 17
      vertex 6.30068 -8.21121 17
    endloop
  endfacet
  facet normal -0 0 1
    outer loop
      vertex 5.47885 -7.14018 17
      vertex 6.30068 -8.21121 17
      vertex 5.93411 -6.76656 17
    endloop
  endfacet
  facet normal 0 0 1
    outer loop
      vertex 6.30068 -8.21121 17
      vertex 5.47885 -7.14018 17
      vertex 5.75015 -8.60571 17
    endloop
  endfacet
  facet normal -0 0 1
    outer loop
      vertex 5.00013 -7.48323 17
      vertex 5.75015 -8.60571 17
      vertex 5.47885 -7.14018 17
    endloop
  endfacet
  facet normal 0 0 1
    outer loop
      vertex 5.75015 -8.60571 17
      vertex 5.00013 -7.48323 17
      vertex 5.175 -8.96336 17
    endloop
  endfacet
  facet normal -0 0 1
    outer loop
      vertex 4.5 -7.79423 17
      vertex 5.175 -8.96336 17
      vertex 5.00013 -7.48323 17
    endloop
  endfacet
  facet normal 0 0 1
    outer loop
      vertex 5.175 -8.96336 17
      vertex 4.5 -7.79423 17
      vertex 4.57769 -9.28263 17
    endloop
  endfacet
  facet normal -0 0 1
    outer loop
      vertex 3.9806 -8.07185 17
      vertex 4.57769 -9.28263 17
      vertex 4.5 -7.79423 17
    endloop
  endfacet
  facet normal 0 0 1
    outer loop
      vertex 3.9806 -8.07185 17
      vertex 3.96077 -9.56215 17
      vertex 4.57769 -9.28263 17
    endloop
  endfacet
  facet normal -0 0 1
    outer loop
      vertex 3.44415 -8.31492 17
      vertex 3.96077 -9.56215 17
      vertex 3.9806 -8.07185 17
    endloop
  endfacet
  facet normal 0 0 1
    outer loop
      vertex 3.44415 -8.31492 17
      vertex 3.3269 -9.80073 17
      vertex 3.96077 -9.56215 17
    endloop
  endfacet
  facet normal -0 0 1
    outer loop
      vertex 2.89295 -8.52237 17
      vertex 3.3269 -9.80073 17
      vertex 3.44415 -8.31492 17
    endloop
  endfacet
  facet normal 0 0 1
    outer loop
      vertex 2.89295 -8.52237 17
      vertex 2.67878 -9.99733 17
      vertex 3.3269 -9.80073 17
    endloop
  endfacet
  facet normal -0 0 1
    outer loop
      vertex 2.32937 -8.69333 17
      vertex 2.67878 -9.99733 17
      vertex 2.89295 -8.52237 17
    endloop
  endfacet
  facet normal 0 0 1
    outer loop
      vertex 2.32937 -8.69333 17
      vertex 2.01918 -10.1511 17
      vertex 2.67878 -9.99733 17
    endloop
  endfacet
  facet normal -0 0 1
    outer loop
      vertex 1.75581 -8.82707 17
      vertex 2.01918 -10.1511 17
      vertex 2.32937 -8.69333 17
    endloop
  endfacet
  facet normal 0 0 1
    outer loop
      vertex 1.75581 -8.82707 17
      vertex 1.35095 -10.2615 17
      vertex 2.01918 -10.1511 17
    endloop
  endfacet
  facet normal -0 0 1
    outer loop
      vertex 1.17474 -8.923 17
      vertex 1.35095 -10.2615 17
      vertex 1.75581 -8.82707 17
    endloop
  endfacet
  facet normal 0 0 1
    outer loop
      vertex 1.17474 -8.923 17
      vertex 0.676922 -10.3278 17
      vertex 1.35095 -10.2615 17
    endloop
  endfacet
  facet normal -0 0 1
    outer loop
      vertex 0.588628 -8.98073 17
      vertex 0.676922 -10.3278 17
      vertex 1.17474 -8.923 17
    endloop
  endfacet
  facet normal -0 0 1
    outer loop
      vertex 0 -9 17
      vertex 0.676922 -10.3278 17
      vertex 0.588628 -8.98073 17
    endloop
  endfacet
  facet normal 0 0 1
    outer loop
      vertex 0 -9 17
      vertex 0 -10.35 17
      vertex 0.676922 -10.3278 17
    endloop
  endfacet
  facet normal 0 0 1
    outer loop
      vertex -0.588628 -8.98073 17
      vertex 0 -10.35 17
      vertex 0 -9 17
    endloop
  endfacet
  facet normal 0 0 1
    outer loop
      vertex -0.588628 -8.98073 17
      vertex -0.676922 -10.3278 17
      vertex 0 -10.35 17
    endloop
  endfacet
  facet normal 0 0 1
    outer loop
      vertex -1.17474 -8.923 17
      vertex -0.676922 -10.3278 17
      vertex -0.588628 -8.98073 17
    endloop
  endfacet
  facet normal 0 0 1
    outer loop
      vertex -1.17474 -8.923 17
      vertex -1.35095 -10.2615 17
      vertex -0.676922 -10.3278 17
    endloop
  endfacet
  facet normal 0 0 1
    outer loop
      vertex -1.75581 -8.82707 17
      vertex -1.35095 -10.2615 17
      vertex -1.17474 -8.923 17
    endloop
  endfacet
  facet normal 0 0 1
    outer loop
      vertex -1.75581 -8.82707 17
      vertex -2.01918 -10.1511 17
      vertex -1.35095 -10.2615 17
    endloop
  endfacet
  facet normal 0 0 1
    outer loop
      vertex -2.32937 -8.69333 17
      vertex -2.01918 -10.1511 17
      vertex -1.75581 -8.82707 17
    endloop
  endfacet
  facet normal 0 0 1
    outer loop
      vertex -2.32937 -8.69333 17
      vertex -2.67878 -9.99733 17
      vertex -2.01918 -10.1511 17
    endloop
  endfacet
  facet normal 0 0 1
    outer loop
      vertex -2.89295 -8.52237 17
      vertex -2.67878 -9.99733 17
      vertex -2.32937 -8.69333 17
    endloop
  endfacet
  facet normal 0 0 1
    outer loop
      vertex -2.89295 -8.52237 17
      vertex -3.3269 -9.80073 17
      vertex -2.67878 -9.99733 17
    endloop
  endfacet
  facet normal 0 0 1
    outer loop
      vertex -3.44415 -8.31492 17
      vertex -3.3269 -9.80073 17
      vertex -2.89295 -8.52237 17
    endloop
  endfacet
  facet normal 0 0 1
    outer loop
      vertex -3.44415 -8.31492 17
      vertex -3.96077 -9.56215 17
      vertex -3.3269 -9.80073 17
    endloop
  endfacet
  facet normal 0 0 1
    outer loop
      vertex -3.9806 -8.07185 17
      vertex -3.96077 -9.56215 17
      vertex -3.44415 -8.31492 17
    endloop
  endfacet
  facet normal 0 0 1
    outer loop
      vertex -4.57769 -9.28263 17
      vertex -3.9806 -8.07185 17
      vertex -4.5 -7.79423 17
    endloop
  endfacet
  facet normal 0 0 1
    outer loop
      vertex -3.9806 -8.07185 17
      vertex -4.57769 -9.28263 17
      vertex -3.96077 -9.56215 17
    endloop
  endfacet
  facet normal 0 0 1
    outer loop
      vertex -5.175 -8.96336 17
      vertex -4.5 -7.79423 17
      vertex -5.00013 -7.48323 17
    endloop
  endfacet
  facet normal 0 0 1
    outer loop
      vertex -4.5 -7.79423 17
      vertex -5.175 -8.96336 17
      vertex -4.57769 -9.28263 17
    endloop
  endfacet
  facet normal 0 0 1
    outer loop
      vertex -5.75015 -8.60571 17
      vertex -5.00013 -7.48323 17
      vertex -5.47885 -7.14018 17
    endloop
  endfacet
  facet normal 0 0 1
    outer loop
      vertex -5.00013 -7.48323 17
      vertex -5.75015 -8.60571 17
      vertex -5.175 -8.96336 17
    endloop
  endfacet
  facet normal 0 0 1
    outer loop
      vertex -6.30068 -8.21121 17
      vertex -5.47885 -7.14018 17
      vertex -5.93411 -6.76656 17
    endloop
  endfacet
  facet normal 0 0 1
    outer loop
      vertex -5.47885 -7.14018 17
      vertex -6.30068 -8.21121 17
      vertex -5.75015 -8.60571 17
    endloop
  endfacet
  facet normal 0 0 1
    outer loop
      vertex -6.82423 -7.78154 17
      vertex -5.93411 -6.76656 17
      vertex -6.36396 -6.36396 17
    endloop
  endfacet
  facet normal 0 0 1
    outer loop
      vertex -7.31855 -7.31855 17
      vertex -6.36396 -6.36396 17
      vertex -6.76656 -5.93411 17
    endloop
  endfacet
  facet normal 0 0 1
    outer loop
      vertex -5.93411 -6.76656 17
      vertex -6.82423 -7.78154 17
      vertex -6.30068 -8.21121 17
    endloop
  endfacet
  facet normal 0 0 1
    outer loop
      vertex -7.78154 -6.82423 17
      vertex -6.76656 -5.93411 17
      vertex -7.14018 -5.47885 17
    endloop
  endfacet
  facet normal 0 0 1
    outer loop
      vertex -6.36396 -6.36396 17
      vertex -7.31855 -7.31855 17
      vertex -6.82423 -7.78154 17
    endloop
  endfacet
  facet normal 0 0 1
    outer loop
      vertex -8.21121 -6.30068 17
      vertex -7.14018 -5.47885 17
      vertex -7.48323 -5.00013 17
    endloop
  endfacet
  facet normal 0 0 1
    outer loop
      vertex -6.76656 -5.93411 17
      vertex -7.78154 -6.82423 17
      vertex -7.31855 -7.31855 17
    endloop
  endfacet
  facet normal 0 0 1
    outer loop
      vertex -8.60571 -5.75015 17
      vertex -7.48323 -5.00013 17
      vertex -7.79423 -4.5 17
    endloop
  endfacet
  facet normal 0 0 1
    outer loop
      vertex -8.96336 -5.175 17
      vertex -7.79423 -4.5 17
      vertex -8.07185 -3.9806 17
    endloop
  endfacet
  facet normal 0 0 1
    outer loop
      vertex -7.14018 -5.47885 17
      vertex -8.21121 -6.30068 17
      vertex -7.78154 -6.82423 17
    endloop
  endfacet
  facet normal 0 0 1
    outer loop
      vertex -9.28263 -4.57769 17
      vertex -8.07185 -3.9806 17
      vertex -8.31492 -3.44415 17
    endloop
  endfacet
  facet normal 0 0 1
    outer loop
      vertex -9.56215 -3.96077 17
      vertex -8.31492 -3.44415 17
      vertex -8.52237 -2.89295 17
    endloop
  endfacet
  facet normal 0 0 1
    outer loop
      vertex -7.48323 -5.00013 17
      vertex -8.60571 -5.75015 17
      vertex -8.21121 -6.30068 17
    endloop
  endfacet
  facet normal 0 0 1
    outer loop
      vertex -9.80073 -3.3269 17
      vertex -8.52237 -2.89295 17
      vertex -8.69333 -2.32937 17
    endloop
  endfacet
  facet normal 0 0 1
    outer loop
      vertex -9.99733 -2.67878 17
      vertex -8.69333 -2.32937 17
      vertex -8.82707 -1.75581 17
    endloop
  endfacet
  facet normal 0 0 1
    outer loop
      vertex -10.1511 -2.01918 17
      vertex -8.82707 -1.75581 17
      vertex -8.923 -1.17474 17
    endloop
  endfacet
  facet normal 0 0 1
    outer loop
      vertex -7.79423 -4.5 17
      vertex -8.96336 -5.175 17
      vertex -8.60571 -5.75015 17
    endloop
  endfacet
  facet normal 0 0 1
    outer loop
      vertex -10.2615 -1.35095 17
      vertex -8.923 -1.17474 17
      vertex -8.98073 -0.588628 17
    endloop
  endfacet
  facet normal 0 0 1
    outer loop
      vertex -10.3278 -0.676922 17
      vertex -8.98073 -0.588628 17
      vertex -9 0 17
    endloop
  endfacet
  facet normal -0 0 1
    outer loop
      vertex -10.1511 2.01918 17
      vertex -8.82707 1.75581 17
      vertex -9.99733 2.67878 17
    endloop
  endfacet
  facet normal 0 0 1
    outer loop
      vertex -8.07185 -3.9806 17
      vertex -9.28263 -4.57769 17
      vertex -8.96336 -5.175 17
    endloop
  endfacet
  facet normal 0 0 1
    outer loop
      vertex -8.82707 1.75581 17
      vertex -10.1511 2.01918 17
      vertex -8.923 1.17474 17
    endloop
  endfacet
  facet normal 0 0 1
    outer loop
      vertex -8.31492 -3.44415 17
      vertex -9.56215 -3.96077 17
      vertex -9.28263 -4.57769 17
    endloop
  endfacet
  facet normal -0 0 1
    outer loop
      vertex -10.2615 1.35095 17
      vertex -8.923 1.17474 17
      vertex -10.1511 2.01918 17
    endloop
  endfacet
  facet normal 0 0 1
    outer loop
      vertex -8.52237 -2.89295 17
      vertex -9.80073 -3.3269 17
      vertex -9.56215 -3.96077 17
    endloop
  endfacet
  facet normal 0 0 1
    outer loop
      vertex -8.923 1.17474 17
      vertex -10.2615 1.35095 17
      vertex -8.98073 0.588628 17
    endloop
  endfacet
  facet normal 0 0 1
    outer loop
      vertex -8.69333 -2.32937 17
      vertex -9.99733 -2.67878 17
      vertex -9.80073 -3.3269 17
    endloop
  endfacet
  facet normal -0 0 1
    outer loop
      vertex -10.3278 0.676922 17
      vertex -8.98073 0.588628 17
      vertex -10.2615 1.35095 17
    endloop
  endfacet
  facet normal 0 0 1
    outer loop
      vertex -8.82707 -1.75581 17
      vertex -10.1511 -2.01918 17
      vertex -9.99733 -2.67878 17
    endloop
  endfacet
  facet normal 0 0 1
    outer loop
      vertex -8.98073 0.588628 17
      vertex -10.3278 0.676922 17
      vertex -9 0 17
    endloop
  endfacet
  facet normal 0 0 1
    outer loop
      vertex -8.923 -1.17474 17
      vertex -10.2615 -1.35095 17
      vertex -10.1511 -2.01918 17
    endloop
  endfacet
  facet normal 0 0 1
    outer loop
      vertex -10.35 0 17
      vertex -9 0 17
      vertex -10.3278 0.676922 17
    endloop
  endfacet
  facet normal 0 0 1
    outer loop
      vertex -8.98073 -0.588628 17
      vertex -10.3278 -0.676922 17
      vertex -10.2615 -1.35095 17
    endloop
  endfacet
  facet normal 0 0 1
    outer loop
      vertex -9 0 17
      vertex -10.35 0 17
      vertex -10.3278 -0.676922 17
    endloop
  endfacet
  facet normal -0.446671 0.835659 -0.319624
    outer loop
      vertex -4.5 7.79423 13
      vertex -5.175 8.96336 17
      vertex -4.57769 9.28263 17
    endloop
  endfacet
  facet normal 0.0927561 -0.94299 -0.319634
    outer loop
      vertex 1.35095 -10.2615 17
      vertex 0.676922 -10.3278 17
      vertex 1.17474 -8.923 13
    endloop
  endfacet
  facet normal -0.500366 0.804658 -0.319624
    outer loop
      vertex -4.5 7.79423 13
      vertex -5.75015 8.60571 17
      vertex -5.175 8.96336 17
    endloop
  endfacet
  facet normal 0.86308 -0.391069 -0.319623
    outer loop
      vertex 9.56215 -3.96077 17
      vertex 8.07185 -3.9806 13
      vertex 8.31492 -3.44415 13
    endloop
  endfacet
  facet normal -0.886816 0.333763 -0.319623
    outer loop
      vertex -8.52237 2.89295 13
      vertex -9.56215 3.96077 17
      vertex -8.31492 3.44415 13
    endloop
  endfacet
  facet normal -0.275057 -0.906743 -0.319625
    outer loop
      vertex -2.67878 -9.99733 17
      vertex -2.89295 -8.52237 13
      vertex -2.32937 -8.69333 13
    endloop
  endfacet
  facet normal -0.647735 0.691577 -0.319624
    outer loop
      vertex -6.36396 6.36396 13
      vertex -7.31855 7.31855 17
      vertex -5.93411 6.76656 13
    endloop
  endfacet
  facet normal -0.446663 -0.835663 -0.319625
    outer loop
      vertex -3.9806 -8.07185 13
      vertex -4.57769 -9.28263 17
      vertex -4.5 -7.79423 13
    endloop
  endfacet
  facet normal 0.154453 -0.934873 -0.31962
    outer loop
      vertex 2.01918 -10.1511 17
      vertex 1.35095 -10.2615 17
      vertex 1.75581 -8.82707 13
    endloop
  endfacet
  facet normal -0.647735 -0.691577 -0.319624
    outer loop
      vertex -5.93411 -6.76656 13
      vertex -7.31855 -7.31855 17
      vertex -6.36396 -6.36396 13
    endloop
  endfacet
  facet normal 0.391069 0.86308 -0.319623
    outer loop
      vertex 3.9806 8.07185 13
      vertex 3.44415 8.31492 13
      vertex 3.96077 9.56215 17
    endloop
  endfacet
  facet normal -0.835659 -0.446671 -0.319624
    outer loop
      vertex -8.96336 -5.175 17
      vertex -9.28263 -4.57769 17
      vertex -7.79423 -4.5 13
    endloop
  endfacet
  facet normal 0.0928806 0.942984 -0.319617
    outer loop
      vertex 1.17474 8.923 13
      vertex 0.588628 8.98073 13
      vertex 0.676922 10.3278 17
    endloop
  endfacet
  facet normal -0.0928806 -0.942984 -0.319617
    outer loop
      vertex -0.676922 -10.3278 17
      vertex -1.17474 -8.923 13
      vertex -0.588628 -8.98073 13
    endloop
  endfacet
  facet normal -0.275051 0.906745 -0.319626
    outer loop
      vertex -2.89295 8.52237 13
      vertex -3.3269 9.80073 17
      vertex -2.67878 9.99733 17
    endloop
  endfacet
  facet normal 0.154342 -0.934886 -0.319635
    outer loop
      vertex 1.35095 -10.2615 17
      vertex 1.17474 -8.923 13
      vertex 1.75581 -8.82707 13
    endloop
  endfacet
  facet normal -0.691572 0.64774 -0.319625
    outer loop
      vertex -6.76656 5.93411 13
      vertex -7.78154 6.82423 17
      vertex -7.31855 7.31855 17
    endloop
  endfacet
  facet normal 0.64774 -0.691572 -0.319625
    outer loop
      vertex 6.82423 -7.78154 17
      vertex 5.93411 -6.76656 13
      vertex 7.31855 -7.31855 17
    endloop
  endfacet
  facet normal -0.804658 0.500366 -0.319624
    outer loop
      vertex -7.79423 4.5 13
      vertex -8.96336 5.175 17
      vertex -8.60571 5.75015 17
    endloop
  endfacet
  facet normal -0.94299 0.0927561 -0.319634
    outer loop
      vertex -8.923 1.17474 13
      vertex -10.3278 0.676922 17
      vertex -10.2615 1.35095 17
    endloop
  endfacet
  facet normal 0.551928 -0.770205 -0.319624
    outer loop
      vertex 5.75015 -8.60571 17
      vertex 5.00013 -7.48323 13
      vertex 5.47885 -7.14018 13
    endloop
  endfacet
  facet normal 0.804657 -0.500367 -0.319624
    outer loop
      vertex 8.60571 -5.75015 17
      vertex 7.48323 -5.00013 13
      vertex 7.79423 -4.5 13
    endloop
  endfacet
  facet normal 0.500367 -0.804657 -0.319624
    outer loop
      vertex 5.75015 -8.60571 17
      vertex 4.5 -7.79423 13
      vertex 5.00013 -7.48323 13
    endloop
  endfacet
  facet normal 0.804658 -0.500366 -0.319624
    outer loop
      vertex 8.60571 -5.75015 17
      vertex 7.79423 -4.5 13
      vertex 8.96336 -5.175 17
    endloop
  endfacet
  facet normal -0.446671 -0.835659 -0.319624
    outer loop
      vertex -4.57769 -9.28263 17
      vertex -5.175 -8.96336 17
      vertex -4.5 -7.79423 13
    endloop
  endfacet
  facet normal 0.333763 -0.886816 -0.319623
    outer loop
      vertex 3.96077 -9.56215 17
      vertex 2.89295 -8.52237 13
      vertex 3.44415 -8.31492 13
    endloop
  endfacet
  facet normal -0.804657 -0.500367 -0.319624
    outer loop
      vertex -7.48323 -5.00013 13
      vertex -8.60571 -5.75015 17
      vertex -7.79423 -4.5 13
    endloop
  endfacet
  facet normal -0.92279 0.215172 -0.319625
    outer loop
      vertex -8.82707 1.75581 13
      vertex -9.99733 2.67878 17
      vertex -8.69333 2.32937 13
    endloop
  endfacet
  facet normal 0.446671 -0.835659 -0.319624
    outer loop
      vertex 4.57769 -9.28263 17
      vertex 4.5 -7.79423 13
      vertex 5.175 -8.96336 17
    endloop
  endfacet
  facet normal 0.601114 0.732463 -0.319625
    outer loop
      vertex 5.93411 6.76656 13
      vertex 5.47885 7.14018 13
      vertex 6.82423 7.78154 17
    endloop
  endfacet
  facet normal -0.691577 -0.647735 -0.319624
    outer loop
      vertex -6.36396 -6.36396 13
      vertex -7.31855 -7.31855 17
      vertex -6.76656 -5.93411 13
    endloop
  endfacet
  facet normal -0.0927561 0.94299 -0.319634
    outer loop
      vertex -1.17474 8.923 13
      vertex -1.35095 10.2615 17
      vertex -0.676922 10.3278 17
    endloop
  endfacet
  facet normal 0.275057 -0.906743 -0.319625
    outer loop
      vertex 2.67878 -9.99733 17
      vertex 2.32937 -8.69333 13
      vertex 2.89295 -8.52237 13
    endloop
  endfacet
  facet normal 0.835663 0.446663 -0.319625
    outer loop
      vertex 8.07185 3.9806 13
      vertex 7.79423 4.5 13
      vertex 9.28263 4.57769 17
    endloop
  endfacet
  facet normal -0.215172 0.92279 -0.319625
    outer loop
      vertex -2.32937 8.69333 13
      vertex -2.67878 9.99733 17
      vertex -1.75581 8.82707 13
    endloop
  endfacet
  facet normal -0.333763 0.886816 -0.319623
    outer loop
      vertex -3.44415 8.31492 13
      vertex -3.96077 9.56215 17
      vertex -2.89295 8.52237 13
    endloop
  endfacet
  facet normal -0.275051 -0.906745 -0.319626
    outer loop
      vertex -2.67878 -9.99733 17
      vertex -3.3269 -9.80073 17
      vertex -2.89295 -8.52237 13
    endloop
  endfacet
  facet normal -0.391069 0.86308 -0.319623
    outer loop
      vertex -3.44415 8.31492 13
      vertex -3.9806 8.07185 13
      vertex -3.96077 9.56215 17
    endloop
  endfacet
  facet normal -0.551928 -0.770205 -0.319624
    outer loop
      vertex -5.00013 -7.48323 13
      vertex -5.75015 -8.60571 17
      vertex -5.47885 -7.14018 13
    endloop
  endfacet
  facet normal -0.500367 -0.804657 -0.319624
    outer loop
      vertex -4.5 -7.79423 13
      vertex -5.75015 -8.60571 17
      vertex -5.00013 -7.48323 13
    endloop
  endfacet
  facet normal -0.770211 -0.551919 -0.319626
    outer loop
      vertex -8.21121 -6.30068 17
      vertex -8.60571 -5.75015 17
      vertex -7.14018 -5.47885 13
    endloop
  endfacet
  facet normal -0.391055 -0.863085 -0.319625
    outer loop
      vertex -3.96077 -9.56215 17
      vertex -4.57769 -9.28263 17
      vertex -3.9806 -8.07185 13
    endloop
  endfacet
  facet normal -0.154342 -0.934886 -0.319635
    outer loop
      vertex -1.35095 -10.2615 17
      vertex -1.75581 -8.82707 13
      vertex -1.17474 -8.923 13
    endloop
  endfacet
  facet normal 0.154342 0.934886 -0.319635
    outer loop
      vertex 1.75581 8.82707 13
      vertex 1.17474 8.923 13
      vertex 1.35095 10.2615 17
    endloop
  endfacet
  facet normal 0.906743 0.275057 -0.319625
    outer loop
      vertex 8.69333 2.32937 13
      vertex 8.52237 2.89295 13
      vertex 9.99733 2.67878 17
    endloop
  endfacet
  facet normal -0.601119 0.732459 -0.319626
    outer loop
      vertex -5.47885 7.14018 13
      vertex -6.82423 7.78154 17
      vertex -6.30068 8.21121 17
    endloop
  endfacet
  facet normal 0.732463 0.601114 -0.319625
    outer loop
      vertex 7.14018 5.47885 13
      vertex 6.76656 5.93411 13
      vertex 7.78154 6.82423 17
    endloop
  endfacet
  facet normal -0.886816 -0.333763 -0.319623
    outer loop
      vertex -8.31492 -3.44415 13
      vertex -9.56215 -3.96077 17
      vertex -8.52237 -2.89295 13
    endloop
  endfacet
  facet normal -0.906745 -0.275051 -0.319626
    outer loop
      vertex -9.80073 -3.3269 17
      vertex -9.99733 -2.67878 17
      vertex -8.52237 -2.89295 13
    endloop
  endfacet
  facet normal -0.804657 0.500367 -0.319624
    outer loop
      vertex -7.79423 4.5 13
      vertex -8.60571 5.75015 17
      vertex -7.48323 5.00013 13
    endloop
  endfacet
  facet normal -0.906745 0.275051 -0.319626
    outer loop
      vertex -8.52237 2.89295 13
      vertex -9.99733 2.67878 17
      vertex -9.80073 3.3269 17
    endloop
  endfacet
  facet normal 0.770211 -0.551919 -0.319626
    outer loop
      vertex 8.21121 -6.30068 17
      vertex 7.14018 -5.47885 13
      vertex 8.60571 -5.75015 17
    endloop
  endfacet
  facet normal 0.732459 -0.601119 -0.319626
    outer loop
      vertex 7.78154 -6.82423 17
      vertex 7.14018 -5.47885 13
      vertex 8.21121 -6.30068 17
    endloop
  endfacet
  facet normal 0.0310585 0.947035 -0.319624
    outer loop
      vertex 0.676922 10.3278 17
      vertex 0 9 13
      vertex 0 10.35 17
    endloop
  endfacet
  facet normal -0.0310585 0.947035 -0.319624
    outer loop
      vertex 0 9 13
      vertex -0.676922 10.3278 17
      vertex 0 10.35 17
    endloop
  endfacet
  facet normal -0.942984 0.0928806 -0.319617
    outer loop
      vertex -8.98073 0.588628 13
      vertex -10.3278 0.676922 17
      vertex -8.923 1.17474 13
    endloop
  endfacet
  facet normal -0.94704 0.0310034 -0.319617
    outer loop
      vertex -9 0 13
      vertex -10.3278 0.676922 17
      vertex -8.98073 0.588628 13
    endloop
  endfacet
  facet normal -0.770205 -0.551928 -0.319624
    outer loop
      vertex -7.14018 -5.47885 13
      vertex -8.60571 -5.75015 17
      vertex -7.48323 -5.00013 13
    endloop
  endfacet
  facet normal -0.906743 0.275057 -0.319625
    outer loop
      vertex -8.69333 2.32937 13
      vertex -9.99733 2.67878 17
      vertex -8.52237 2.89295 13
    endloop
  endfacet
  facet normal 0.886808 0.333782 -0.319626
    outer loop
      vertex 9.80073 3.3269 17
      vertex 8.52237 2.89295 13
      vertex 9.56215 3.96077 17
    endloop
  endfacet
  facet normal 0.275057 0.906743 -0.319625
    outer loop
      vertex 2.89295 8.52237 13
      vertex 2.32937 8.69333 13
      vertex 2.67878 9.99733 17
    endloop
  endfacet
  facet normal -0.770211 0.551919 -0.319626
    outer loop
      vertex -7.14018 5.47885 13
      vertex -8.60571 5.75015 17
      vertex -8.21121 6.30068 17
    endloop
  endfacet
  facet normal 0.601119 0.732459 -0.319626
    outer loop
      vertex 6.82423 7.78154 17
      vertex 5.47885 7.14018 13
      vertex 6.30068 8.21121 17
    endloop
  endfacet
  facet normal 0.551919 0.770211 -0.319626
    outer loop
      vertex 6.30068 8.21121 17
      vertex 5.47885 7.14018 13
      vertex 5.75015 8.60571 17
    endloop
  endfacet
  facet normal 0.0310034 0.94704 -0.319617
    outer loop
      vertex 0.588628 8.98073 13
      vertex 0 9 13
      vertex 0.676922 10.3278 17
    endloop
  endfacet
  facet normal 0.647735 0.691577 -0.319624
    outer loop
      vertex 6.36396 6.36396 13
      vertex 5.93411 6.76656 13
      vertex 7.31855 7.31855 17
    endloop
  endfacet
  facet normal -0.215172 -0.92279 -0.319625
    outer loop
      vertex -1.75581 -8.82707 13
      vertex -2.67878 -9.99733 17
      vertex -2.32937 -8.69333 13
    endloop
  endfacet
  facet normal 0.934886 0.154342 -0.319635
    outer loop
      vertex 8.923 1.17474 13
      vertex 8.82707 1.75581 13
      vertex 10.2615 1.35095 17
    endloop
  endfacet
  facet normal -0.154453 -0.934873 -0.31962
    outer loop
      vertex -1.35095 -10.2615 17
      vertex -2.01918 -10.1511 17
      vertex -1.75581 -8.82707 13
    endloop
  endfacet
  facet normal 0.922802 0.215129 -0.319619
    outer loop
      vertex 10.1511 2.01918 17
      vertex 8.82707 1.75581 13
      vertex 9.99733 2.67878 17
    endloop
  endfacet
  facet normal 0.215129 0.922802 -0.319619
    outer loop
      vertex 2.67878 9.99733 17
      vertex 1.75581 8.82707 13
      vertex 2.01918 10.1511 17
    endloop
  endfacet
  facet normal 0.446671 0.835659 -0.319624
    outer loop
      vertex 5.175 8.96336 17
      vertex 4.5 7.79423 13
      vertex 4.57769 9.28263 17
    endloop
  endfacet
  facet normal 0.500367 0.804657 -0.319624
    outer loop
      vertex 5.00013 7.48323 13
      vertex 4.5 7.79423 13
      vertex 5.75015 8.60571 17
    endloop
  endfacet
  facet normal -0.863085 0.391055 -0.319625
    outer loop
      vertex -8.07185 3.9806 13
      vertex -9.56215 3.96077 17
      vertex -9.28263 4.57769 17
    endloop
  endfacet
  facet normal -0.732463 -0.601114 -0.319625
    outer loop
      vertex -6.76656 -5.93411 13
      vertex -7.78154 -6.82423 17
      vertex -7.14018 -5.47885 13
    endloop
  endfacet
  facet normal 0.94299 0.0927561 -0.319634
    outer loop
      vertex 10.3278 0.676922 17
      vertex 8.923 1.17474 13
      vertex 10.2615 1.35095 17
    endloop
  endfacet
  facet normal 0.154453 0.934873 -0.31962
    outer loop
      vertex 1.75581 8.82707 13
      vertex 1.35095 10.2615 17
      vertex 2.01918 10.1511 17
    endloop
  endfacet
  facet normal -0.500367 0.804657 -0.319624
    outer loop
      vertex -5.00013 7.48323 13
      vertex -5.75015 8.60571 17
      vertex -4.5 7.79423 13
    endloop
  endfacet
  facet normal 0.770211 0.551919 -0.319626
    outer loop
      vertex 8.60571 5.75015 17
      vertex 7.14018 5.47885 13
      vertex 8.21121 6.30068 17
    endloop
  endfacet
  facet normal -0.835659 0.446671 -0.319624
    outer loop
      vertex -7.79423 4.5 13
      vertex -9.28263 4.57769 17
      vertex -8.96336 5.175 17
    endloop
  endfacet
  facet normal 0.64774 0.691572 -0.319625
    outer loop
      vertex 7.31855 7.31855 17
      vertex 5.93411 6.76656 13
      vertex 6.82423 7.78154 17
    endloop
  endfacet
  facet normal 0.691577 0.647735 -0.319624
    outer loop
      vertex 6.76656 5.93411 13
      vertex 6.36396 6.36396 13
      vertex 7.31855 7.31855 17
    endloop
  endfacet
  facet normal 0.942984 0.0928806 -0.319617
    outer loop
      vertex 8.98073 0.588628 13
      vertex 8.923 1.17474 13
      vertex 10.3278 0.676922 17
    endloop
  endfacet
  facet normal 0.804657 0.500367 -0.319624
    outer loop
      vertex 7.79423 4.5 13
      vertex 7.48323 5.00013 13
      vertex 8.60571 5.75015 17
    endloop
  endfacet
  facet normal -0.691577 0.647735 -0.319624
    outer loop
      vertex -6.76656 5.93411 13
      vertex -7.31855 7.31855 17
      vertex -6.36396 6.36396 13
    endloop
  endfacet
  facet normal -0.732459 0.601119 -0.319626
    outer loop
      vertex -7.14018 5.47885 13
      vertex -8.21121 6.30068 17
      vertex -7.78154 6.82423 17
    endloop
  endfacet
  facet normal 0.835659 0.446671 -0.319624
    outer loop
      vertex 9.28263 4.57769 17
      vertex 7.79423 4.5 13
      vertex 8.96336 5.175 17
    endloop
  endfacet
  facet normal -0.934873 0.154453 -0.31962
    outer loop
      vertex -8.82707 1.75581 13
      vertex -10.2615 1.35095 17
      vertex -10.1511 2.01918 17
    endloop
  endfacet
  facet normal -0.922802 0.215129 -0.319619
    outer loop
      vertex -8.82707 1.75581 13
      vertex -10.1511 2.01918 17
      vertex -9.99733 2.67878 17
    endloop
  endfacet
  facet normal 0.804658 0.500366 -0.319624
    outer loop
      vertex 8.96336 5.175 17
      vertex 7.79423 4.5 13
      vertex 8.60571 5.75015 17
    endloop
  endfacet
  facet normal -0.835663 0.446663 -0.319625
    outer loop
      vertex -8.07185 3.9806 13
      vertex -9.28263 4.57769 17
      vertex -7.79423 4.5 13
    endloop
  endfacet
  facet normal -0.973875 0.227084 0
    outer loop
      vertex -8.82707 1.75581 17
      vertex -8.69333 2.32937 20
      vertex -8.69333 2.32937 17
    endloop
  endfacet
  facet normal -0.973875 0.227084 0
    outer loop
      vertex -8.69333 2.32937 20
      vertex -8.82707 1.75581 17
      vertex -8.82707 1.75581 20
    endloop
  endfacet
  facet normal 0.683594 0.729863 -0
    outer loop
      vertex 6.36396 6.36396 17
      vertex 5.93411 6.76656 20
      vertex 6.36396 6.36396 20
    endloop
  endfacet
  facet normal 0.683594 0.729863 0
    outer loop
      vertex 5.93411 6.76656 20
      vertex 6.36396 6.36396 17
      vertex 5.93411 6.76656 17
    endloop
  endfacet
  facet normal 0.999465 0.0327196 0
    outer loop
      vertex 9 0 20
      vertex 8.98073 0.588628 17
      vertex 8.98073 0.588628 20
    endloop
  endfacet
  facet normal 0.999465 0.0327196 0
    outer loop
      vertex 8.98073 0.588628 17
      vertex 9 0 20
      vertex 9 0 17
    endloop
  endfacet
  facet normal -0.412718 0.910859 0
    outer loop
      vertex -3.44415 8.31492 17
      vertex -3.9806 8.07185 20
      vertex -3.44415 8.31492 20
    endloop
  endfacet
  facet normal -0.412718 0.910859 0
    outer loop
      vertex -3.9806 8.07185 20
      vertex -3.44415 8.31492 17
      vertex -3.9806 8.07185 17
    endloop
  endfacet
  facet normal -0.528067 0.849203 0
    outer loop
      vertex -4.5 7.79423 17
      vertex -5.00013 7.48323 20
      vertex -4.5 7.79423 20
    endloop
  endfacet
  facet normal -0.528067 0.849203 0
    outer loop
      vertex -5.00013 7.48323 20
      vertex -4.5 7.79423 17
      vertex -5.00013 7.48323 17
    endloop
  endfacet
  facet normal 0.881925 0.47139 0
    outer loop
      vertex 8.07185 3.9806 20
      vertex 7.79423 4.5 17
      vertex 7.79423 4.5 20
    endloop
  endfacet
  facet normal 0.881925 0.47139 0
    outer loop
      vertex 7.79423 4.5 17
      vertex 8.07185 3.9806 20
      vertex 8.07185 3.9806 17
    endloop
  endfacet
  facet normal -0.227084 0.973875 0
    outer loop
      vertex -1.75581 8.82707 17
      vertex -2.32937 8.69333 20
      vertex -1.75581 8.82707 20
    endloop
  endfacet
  facet normal -0.227084 0.973875 0
    outer loop
      vertex -2.32937 8.69333 20
      vertex -1.75581 8.82707 17
      vertex -2.32937 8.69333 17
    endloop
  endfacet
  facet normal 0.290284 0.95694 -0
    outer loop
      vertex 2.89295 8.52237 17
      vertex 2.32937 8.69333 20
      vertex 2.89295 8.52237 20
    endloop
  endfacet
  facet normal 0.290284 0.95694 0
    outer loop
      vertex 2.32937 8.69333 20
      vertex 2.89295 8.52237 17
      vertex 2.32937 8.69333 17
    endloop
  endfacet
  facet normal -0.729863 -0.683594 0
    outer loop
      vertex -6.36396 -6.36396 17
      vertex -6.76656 -5.93411 20
      vertex -6.76656 -5.93411 17
    endloop
  endfacet
  facet normal -0.729863 -0.683594 0
    outer loop
      vertex -6.76656 -5.93411 20
      vertex -6.36396 -6.36396 17
      vertex -6.36396 -6.36396 20
    endloop
  endfacet
  facet normal 0.995184 -0.0980222 0
    outer loop
      vertex 8.923 -1.17474 20
      vertex 8.98073 -0.588628 17
      vertex 8.98073 -0.588628 20
    endloop
  endfacet
  facet normal 0.995184 -0.0980222 0
    outer loop
      vertex 8.98073 -0.588628 17
      vertex 8.923 -1.17474 20
      vertex 8.923 -1.17474 17
    endloop
  endfacet
  facet normal -0.162887 0.986645 0
    outer loop
      vertex -1.17474 8.923 17
      vertex -1.75581 8.82707 20
      vertex -1.17474 8.923 20
    endloop
  endfacet
  facet normal -0.162887 0.986645 0
    outer loop
      vertex -1.75581 8.82707 20
      vertex -1.17474 8.923 17
      vertex -1.75581 8.82707 17
    endloop
  endfacet
  facet normal 0.812843 -0.582482 0
    outer loop
      vertex 7.14018 -5.47885 20
      vertex 7.48323 -5.00013 17
      vertex 7.48323 -5.00013 20
    endloop
  endfacet
  facet normal 0.812843 -0.582482 0
    outer loop
      vertex 7.48323 -5.00013 17
      vertex 7.14018 -5.47885 20
      vertex 7.14018 -5.47885 17
    endloop
  endfacet
  facet normal -0.582482 -0.812843 0
    outer loop
      vertex -5.47885 -7.14018 17
      vertex -5.00013 -7.48323 20
      vertex -5.47885 -7.14018 20
    endloop
  endfacet
  facet normal -0.582482 -0.812843 -0
    outer loop
      vertex -5.00013 -7.48323 20
      vertex -5.47885 -7.14018 17
      vertex -5.00013 -7.48323 17
    endloop
  endfacet
  facet normal -0.773012 0.634391 0
    outer loop
      vertex -7.14018 5.47885 17
      vertex -6.76656 5.93411 20
      vertex -6.76656 5.93411 17
    endloop
  endfacet
  facet normal -0.773012 0.634391 0
    outer loop
      vertex -6.76656 5.93411 20
      vertex -7.14018 5.47885 17
      vertex -7.14018 5.47885 20
    endloop
  endfacet
  facet normal 0.729863 -0.683594 0
    outer loop
      vertex 6.36396 -6.36396 20
      vertex 6.76656 -5.93411 17
      vertex 6.76656 -5.93411 20
    endloop
  endfacet
  facet normal 0.729863 -0.683594 0
    outer loop
      vertex 6.76656 -5.93411 17
      vertex 6.36396 -6.36396 20
      vertex 6.36396 -6.36396 17
    endloop
  endfacet
  facet normal -0.528067 -0.849203 0
    outer loop
      vertex -5.00013 -7.48323 17
      vertex -4.5 -7.79423 20
      vertex -5.00013 -7.48323 20
    endloop
  endfacet
  facet normal -0.528067 -0.849203 -0
    outer loop
      vertex -4.5 -7.79423 20
      vertex -5.00013 -7.48323 17
      vertex -4.5 -7.79423 17
    endloop
  endfacet
  facet normal -0.290284 -0.95694 0
    outer loop
      vertex -2.89295 -8.52237 17
      vertex -2.32937 -8.69333 20
      vertex -2.89295 -8.52237 20
    endloop
  endfacet
  facet normal -0.290284 -0.95694 -0
    outer loop
      vertex -2.32937 -8.69333 20
      vertex -2.89295 -8.52237 17
      vertex -2.32937 -8.69333 17
    endloop
  endfacet
  facet normal 0.47139 0.881925 -0
    outer loop
      vertex 4.5 7.79423 17
      vertex 3.9806 8.07185 20
      vertex 4.5 7.79423 20
    endloop
  endfacet
  facet normal 0.47139 0.881925 0
    outer loop
      vertex 3.9806 8.07185 20
      vertex 4.5 7.79423 17
      vertex 3.9806 8.07185 17
    endloop
  endfacet
  facet normal 0.528067 0.849203 -0
    outer loop
      vertex 5.00013 7.48323 17
      vertex 4.5 7.79423 20
      vertex 5.00013 7.48323 20
    endloop
  endfacet
  facet normal 0.528067 0.849203 0
    outer loop
      vertex 4.5 7.79423 20
      vertex 5.00013 7.48323 17
      vertex 4.5 7.79423 17
    endloop
  endfacet
  facet normal 0.973875 0.227084 0
    outer loop
      vertex 8.82707 1.75581 20
      vertex 8.69333 2.32937 17
      vertex 8.69333 2.32937 20
    endloop
  endfacet
  facet normal 0.973875 0.227084 0
    outer loop
      vertex 8.69333 2.32937 17
      vertex 8.82707 1.75581 20
      vertex 8.82707 1.75581 17
    endloop
  endfacet
  facet normal -0.986645 0.162887 0
    outer loop
      vertex -8.923 1.17474 17
      vertex -8.82707 1.75581 20
      vertex -8.82707 1.75581 17
    endloop
  endfacet
  facet normal -0.986645 0.162887 0
    outer loop
      vertex -8.82707 1.75581 20
      vertex -8.923 1.17474 17
      vertex -8.923 1.17474 20
    endloop
  endfacet
  facet normal 0.973875 -0.227084 0
    outer loop
      vertex 8.69333 -2.32937 20
      vertex 8.82707 -1.75581 17
      vertex 8.82707 -1.75581 20
    endloop
  endfacet
  facet normal 0.973875 -0.227084 0
    outer loop
      vertex 8.82707 -1.75581 17
      vertex 8.69333 -2.32937 20
      vertex 8.69333 -2.32937 17
    endloop
  endfacet
  facet normal 0.412718 -0.910859 0
    outer loop
      vertex 3.44415 -8.31492 17
      vertex 3.9806 -8.07185 20
      vertex 3.44415 -8.31492 20
    endloop
  endfacet
  facet normal 0.412718 -0.910859 0
    outer loop
      vertex 3.9806 -8.07185 20
      vertex 3.44415 -8.31492 17
      vertex 3.9806 -8.07185 17
    endloop
  endfacet
  facet normal -0.582482 0.812843 0
    outer loop
      vertex -5.00013 7.48323 17
      vertex -5.47885 7.14018 20
      vertex -5.00013 7.48323 20
    endloop
  endfacet
  facet normal -0.582482 0.812843 0
    outer loop
      vertex -5.47885 7.14018 20
      vertex -5.00013 7.48323 17
      vertex -5.47885 7.14018 17
    endloop
  endfacet
  facet normal -0.0327196 0.999465 0
    outer loop
      vertex 0 9 17
      vertex -0.588628 8.98073 20
      vertex 0 9 20
    endloop
  endfacet
  facet normal -0.0327196 0.999465 0
    outer loop
      vertex -0.588628 8.98073 20
      vertex 0 9 17
      vertex -0.588628 8.98073 17
    endloop
  endfacet
  facet normal -0.812843 -0.582482 0
    outer loop
      vertex -7.14018 -5.47885 17
      vertex -7.48323 -5.00013 20
      vertex -7.48323 -5.00013 17
    endloop
  endfacet
  facet normal -0.812843 -0.582482 0
    outer loop
      vertex -7.48323 -5.00013 20
      vertex -7.14018 -5.47885 17
      vertex -7.14018 -5.47885 20
    endloop
  endfacet
  facet normal 0.35224 -0.93591 0
    outer loop
      vertex 2.89295 -8.52237 17
      vertex 3.44415 -8.31492 20
      vertex 2.89295 -8.52237 20
    endloop
  endfacet
  facet normal 0.35224 -0.93591 0
    outer loop
      vertex 3.44415 -8.31492 20
      vertex 2.89295 -8.52237 17
      vertex 3.44415 -8.31492 17
    endloop
  endfacet
  facet normal -0.910859 0.412718 0
    outer loop
      vertex -8.31492 3.44415 17
      vertex -8.07185 3.9806 20
      vertex -8.07185 3.9806 17
    endloop
  endfacet
  facet normal -0.910859 0.412718 0
    outer loop
      vertex -8.07185 3.9806 20
      vertex -8.31492 3.44415 17
      vertex -8.31492 3.44415 20
    endloop
  endfacet
  facet normal -0.773012 -0.634391 0
    outer loop
      vertex -6.76656 -5.93411 17
      vertex -7.14018 -5.47885 20
      vertex -7.14018 -5.47885 17
    endloop
  endfacet
  facet normal -0.773012 -0.634391 0
    outer loop
      vertex -7.14018 -5.47885 20
      vertex -6.76656 -5.93411 17
      vertex -6.76656 -5.93411 20
    endloop
  endfacet
  facet normal 0.999465 -0.0327196 0
    outer loop
      vertex 8.98073 -0.588628 20
      vertex 9 0 17
      vertex 9 0 20
    endloop
  endfacet
  facet normal 0.999465 -0.0327196 0
    outer loop
      vertex 9 0 17
      vertex 8.98073 -0.588628 20
      vertex 8.98073 -0.588628 17
    endloop
  endfacet
  facet normal 0.910859 0.412718 0
    outer loop
      vertex 8.31492 3.44415 20
      vertex 8.07185 3.9806 17
      vertex 8.07185 3.9806 20
    endloop
  endfacet
  facet normal 0.910859 0.412718 0
    outer loop
      vertex 8.07185 3.9806 17
      vertex 8.31492 3.44415 20
      vertex 8.31492 3.44415 17
    endloop
  endfacet
  facet normal -0.634391 0.773012 0
    outer loop
      vertex -5.47885 7.14018 17
      vertex -5.93411 6.76656 20
      vertex -5.47885 7.14018 20
    endloop
  endfacet
  facet normal -0.634391 0.773012 0
    outer loop
      vertex -5.93411 6.76656 20
      vertex -5.47885 7.14018 17
      vertex -5.93411 6.76656 17
    endloop
  endfacet
  facet normal -0.881925 0.47139 0
    outer loop
      vertex -8.07185 3.9806 17
      vertex -7.79423 4.5 20
      vertex -7.79423 4.5 17
    endloop
  endfacet
  facet normal -0.881925 0.47139 0
    outer loop
      vertex -7.79423 4.5 20
      vertex -8.07185 3.9806 17
      vertex -8.07185 3.9806 20
    endloop
  endfacet
  facet normal -0.290284 0.95694 0
    outer loop
      vertex -2.32937 8.69333 17
      vertex -2.89295 8.52237 20
      vertex -2.32937 8.69333 20
    endloop
  endfacet
  facet normal -0.290284 0.95694 0
    outer loop
      vertex -2.89295 8.52237 20
      vertex -2.32937 8.69333 17
      vertex -2.89295 8.52237 17
    endloop
  endfacet
  facet normal 0.412718 0.910859 -0
    outer loop
      vertex 3.9806 8.07185 17
      vertex 3.44415 8.31492 20
      vertex 3.9806 8.07185 20
    endloop
  endfacet
  facet normal 0.412718 0.910859 0
    outer loop
      vertex 3.44415 8.31492 20
      vertex 3.9806 8.07185 17
      vertex 3.44415 8.31492 17
    endloop
  endfacet
  facet normal 0.35224 0.93591 -0
    outer loop
      vertex 3.44415 8.31492 17
      vertex 2.89295 8.52237 20
      vertex 3.44415 8.31492 20
    endloop
  endfacet
  facet normal 0.35224 0.93591 0
    outer loop
      vertex 2.89295 8.52237 20
      vertex 3.44415 8.31492 17
      vertex 2.89295 8.52237 17
    endloop
  endfacet
  facet normal 0.773012 -0.634391 0
    outer loop
      vertex 6.76656 -5.93411 20
      vertex 7.14018 -5.47885 17
      vertex 7.14018 -5.47885 20
    endloop
  endfacet
  facet normal 0.773012 -0.634391 0
    outer loop
      vertex 7.14018 -5.47885 17
      vertex 6.76656 -5.93411 20
      vertex 6.76656 -5.93411 17
    endloop
  endfacet
  facet normal 0.290284 -0.95694 0
    outer loop
      vertex 2.32937 -8.69333 17
      vertex 2.89295 -8.52237 20
      vertex 2.32937 -8.69333 20
    endloop
  endfacet
  facet normal 0.290284 -0.95694 0
    outer loop
      vertex 2.89295 -8.52237 20
      vertex 2.32937 -8.69333 17
      vertex 2.89295 -8.52237 17
    endloop
  endfacet
  facet normal 0.0980222 -0.995184 0
    outer loop
      vertex 0.588628 -8.98073 17
      vertex 1.17474 -8.923 20
      vertex 0.588628 -8.98073 20
    endloop
  endfacet
  facet normal 0.0980222 -0.995184 0
    outer loop
      vertex 1.17474 -8.923 20
      vertex 0.588628 -8.98073 17
      vertex 1.17474 -8.923 17
    endloop
  endfacet
  facet normal 0.995184 0.0980222 0
    outer loop
      vertex 8.98073 0.588628 20
      vertex 8.923 1.17474 17
      vertex 8.923 1.17474 20
    endloop
  endfacet
  facet normal 0.995184 0.0980222 0
    outer loop
      vertex 8.923 1.17474 17
      vertex 8.98073 0.588628 20
      vertex 8.98073 0.588628 17
    endloop
  endfacet
  facet normal 0.986645 0.162887 0
    outer loop
      vertex 8.923 1.17474 20
      vertex 8.82707 1.75581 17
      vertex 8.82707 1.75581 20
    endloop
  endfacet
  facet normal 0.986645 0.162887 0
    outer loop
      vertex 8.82707 1.75581 17
      vertex 8.923 1.17474 20
      vertex 8.923 1.17474 17
    endloop
  endfacet
  facet normal 0.729863 0.683594 0
    outer loop
      vertex 6.76656 5.93411 20
      vertex 6.36396 6.36396 17
      vertex 6.36396 6.36396 20
    endloop
  endfacet
  facet normal 0.729863 0.683594 0
    outer loop
      vertex 6.36396 6.36396 17
      vertex 6.76656 5.93411 20
      vertex 6.76656 5.93411 17
    endloop
  endfacet
  facet normal 0.227084 0.973875 -0
    outer loop
      vertex 2.32937 8.69333 17
      vertex 1.75581 8.82707 20
      vertex 2.32937 8.69333 20
    endloop
  endfacet
  facet normal 0.227084 0.973875 0
    outer loop
      vertex 1.75581 8.82707 20
      vertex 2.32937 8.69333 17
      vertex 1.75581 8.82707 17
    endloop
  endfacet
  facet normal 0.0980222 0.995184 -0
    outer loop
      vertex 1.17474 8.923 17
      vertex 0.588628 8.98073 20
      vertex 1.17474 8.923 20
    endloop
  endfacet
  facet normal 0.0980222 0.995184 0
    outer loop
      vertex 0.588628 8.98073 20
      vertex 1.17474 8.923 17
      vertex 0.588628 8.98073 17
    endloop
  endfacet
  facet normal 0.986645 -0.162887 0
    outer loop
      vertex 8.82707 -1.75581 20
      vertex 8.923 -1.17474 17
      vertex 8.923 -1.17474 20
    endloop
  endfacet
  facet normal 0.986645 -0.162887 0
    outer loop
      vertex 8.923 -1.17474 17
      vertex 8.82707 -1.75581 20
      vertex 8.82707 -1.75581 17
    endloop
  endfacet
  facet normal 0.773012 0.634391 0
    outer loop
      vertex 7.14018 5.47885 20
      vertex 6.76656 5.93411 17
      vertex 6.76656 5.93411 20
    endloop
  endfacet
  facet normal 0.773012 0.634391 0
    outer loop
      vertex 6.76656 5.93411 17
      vertex 7.14018 5.47885 20
      vertex 7.14018 5.47885 17
    endloop
  endfacet
  facet normal -0.986645 -0.162887 0
    outer loop
      vertex -8.82707 -1.75581 17
      vertex -8.923 -1.17474 20
      vertex -8.923 -1.17474 17
    endloop
  endfacet
  facet normal -0.986645 -0.162887 0
    outer loop
      vertex -8.923 -1.17474 20
      vertex -8.82707 -1.75581 17
      vertex -8.82707 -1.75581 20
    endloop
  endfacet
  facet normal -0.995184 -0.0980222 0
    outer loop
      vertex -8.923 -1.17474 17
      vertex -8.98073 -0.588628 20
      vertex -8.98073 -0.588628 17
    endloop
  endfacet
  facet normal -0.995184 -0.0980222 0
    outer loop
      vertex -8.98073 -0.588628 20
      vertex -8.923 -1.17474 17
      vertex -8.923 -1.17474 20
    endloop
  endfacet
  facet normal 0.227084 -0.973875 0
    outer loop
      vertex 1.75581 -8.82707 17
      vertex 2.32937 -8.69333 20
      vertex 1.75581 -8.82707 20
    endloop
  endfacet
  facet normal 0.227084 -0.973875 0
    outer loop
      vertex 2.32937 -8.69333 20
      vertex 1.75581 -8.82707 17
      vertex 2.32937 -8.69333 17
    endloop
  endfacet
  facet normal -0.0980222 0.995184 0
    outer loop
      vertex -0.588628 8.98073 17
      vertex -1.17474 8.923 20
      vertex -0.588628 8.98073 20
    endloop
  endfacet
  facet normal -0.0980222 0.995184 0
    outer loop
      vertex -1.17474 8.923 20
      vertex -0.588628 8.98073 17
      vertex -1.17474 8.923 17
    endloop
  endfacet
  facet normal -0.995184 0.0980222 0
    outer loop
      vertex -8.98073 0.588628 17
      vertex -8.923 1.17474 20
      vertex -8.923 1.17474 17
    endloop
  endfacet
  facet normal -0.995184 0.0980222 0
    outer loop
      vertex -8.923 1.17474 20
      vertex -8.98073 0.588628 17
      vertex -8.98073 0.588628 20
    endloop
  endfacet
  facet normal 0.634391 0.773012 -0
    outer loop
      vertex 5.93411 6.76656 17
      vertex 5.47885 7.14018 20
      vertex 5.93411 6.76656 20
    endloop
  endfacet
  facet normal 0.634391 0.773012 0
    outer loop
      vertex 5.47885 7.14018 20
      vertex 5.93411 6.76656 17
      vertex 5.47885 7.14018 17
    endloop
  endfacet
  facet normal -0.999465 -0.0327196 0
    outer loop
      vertex -8.98073 -0.588628 17
      vertex -9 0 20
      vertex -9 0 17
    endloop
  endfacet
  facet normal -0.999465 -0.0327196 0
    outer loop
      vertex -9 0 20
      vertex -8.98073 -0.588628 17
      vertex -8.98073 -0.588628 20
    endloop
  endfacet
  facet normal -0.162887 -0.986645 0
    outer loop
      vertex -1.75581 -8.82707 17
      vertex -1.17474 -8.923 20
      vertex -1.75581 -8.82707 20
    endloop
  endfacet
  facet normal -0.162887 -0.986645 -0
    outer loop
      vertex -1.17474 -8.923 20
      vertex -1.75581 -8.82707 17
      vertex -1.17474 -8.923 17
    endloop
  endfacet
  facet normal -0.412718 -0.910859 0
    outer loop
      vertex -3.9806 -8.07185 17
      vertex -3.44415 -8.31492 20
      vertex -3.9806 -8.07185 20
    endloop
  endfacet
  facet normal -0.412718 -0.910859 -0
    outer loop
      vertex -3.44415 -8.31492 20
      vertex -3.9806 -8.07185 17
      vertex -3.44415 -8.31492 17
    endloop
  endfacet
  facet normal -0.93591 -0.35224 0
    outer loop
      vertex -8.31492 -3.44415 17
      vertex -8.52237 -2.89295 20
      vertex -8.52237 -2.89295 17
    endloop
  endfacet
  facet normal -0.93591 -0.35224 0
    outer loop
      vertex -8.52237 -2.89295 20
      vertex -8.31492 -3.44415 17
      vertex -8.31492 -3.44415 20
    endloop
  endfacet
  facet normal 0.162887 0.986645 -0
    outer loop
      vertex 1.75581 8.82707 17
      vertex 1.17474 8.923 20
      vertex 1.75581 8.82707 20
    endloop
  endfacet
  facet normal 0.162887 0.986645 0
    outer loop
      vertex 1.17474 8.923 20
      vertex 1.75581 8.82707 17
      vertex 1.17474 8.923 17
    endloop
  endfacet
  facet normal -0.35224 0.93591 0
    outer loop
      vertex -2.89295 8.52237 17
      vertex -3.44415 8.31492 20
      vertex -2.89295 8.52237 20
    endloop
  endfacet
  facet normal -0.35224 0.93591 0
    outer loop
      vertex -3.44415 8.31492 20
      vertex -2.89295 8.52237 17
      vertex -3.44415 8.31492 17
    endloop
  endfacet
  facet normal -0.729863 0.683594 0
    outer loop
      vertex -6.76656 5.93411 17
      vertex -6.36396 6.36396 20
      vertex -6.36396 6.36396 17
    endloop
  endfacet
  facet normal -0.729863 0.683594 0
    outer loop
      vertex -6.36396 6.36396 20
      vertex -6.76656 5.93411 17
      vertex -6.76656 5.93411 20
    endloop
  endfacet
  facet normal -0.999465 0.0327196 0
    outer loop
      vertex -9 0 17
      vertex -8.98073 0.588628 20
      vertex -8.98073 0.588628 17
    endloop
  endfacet
  facet normal -0.999465 0.0327196 0
    outer loop
      vertex -8.98073 0.588628 20
      vertex -9 0 17
      vertex -9 0 20
    endloop
  endfacet
  facet normal 0.93591 0.35224 0
    outer loop
      vertex 8.52237 2.89295 20
      vertex 8.31492 3.44415 17
      vertex 8.31492 3.44415 20
    endloop
  endfacet
  facet normal 0.93591 0.35224 0
    outer loop
      vertex 8.31492 3.44415 17
      vertex 8.52237 2.89295 20
      vertex 8.52237 2.89295 17
    endloop
  endfacet
  facet normal -0.95694 0.290284 0
    outer loop
      vertex -8.69333 2.32937 17
      vertex -8.52237 2.89295 20
      vertex -8.52237 2.89295 17
    endloop
  endfacet
  facet normal -0.95694 0.290284 0
    outer loop
      vertex -8.52237 2.89295 20
      vertex -8.69333 2.32937 17
      vertex -8.69333 2.32937 20
    endloop
  endfacet
  facet normal -0.849203 0.528067 0
    outer loop
      vertex -7.79423 4.5 17
      vertex -7.48323 5.00013 20
      vertex -7.48323 5.00013 17
    endloop
  endfacet
  facet normal -0.849203 0.528067 0
    outer loop
      vertex -7.48323 5.00013 20
      vertex -7.79423 4.5 17
      vertex -7.79423 4.5 20
    endloop
  endfacet
  facet normal 0.47139 -0.881925 0
    outer loop
      vertex 3.9806 -8.07185 17
      vertex 4.5 -7.79423 20
      vertex 3.9806 -8.07185 20
    endloop
  endfacet
  facet normal 0.47139 -0.881925 0
    outer loop
      vertex 4.5 -7.79423 20
      vertex 3.9806 -8.07185 17
      vertex 4.5 -7.79423 17
    endloop
  endfacet
  facet normal 0.634391 -0.773012 0
    outer loop
      vertex 5.47885 -7.14018 17
      vertex 5.93411 -6.76656 20
      vertex 5.47885 -7.14018 20
    endloop
  endfacet
  facet normal 0.634391 -0.773012 0
    outer loop
      vertex 5.93411 -6.76656 20
      vertex 5.47885 -7.14018 17
      vertex 5.93411 -6.76656 17
    endloop
  endfacet
  facet normal -0.35224 -0.93591 0
    outer loop
      vertex -3.44415 -8.31492 17
      vertex -2.89295 -8.52237 20
      vertex -3.44415 -8.31492 20
    endloop
  endfacet
  facet normal -0.35224 -0.93591 -0
    outer loop
      vertex -2.89295 -8.52237 20
      vertex -3.44415 -8.31492 17
      vertex -2.89295 -8.52237 17
    endloop
  endfacet
  facet normal 0.881925 -0.47139 0
    outer loop
      vertex 7.79423 -4.5 20
      vertex 8.07185 -3.9806 17
      vertex 8.07185 -3.9806 20
    endloop
  endfacet
  facet normal 0.881925 -0.47139 0
    outer loop
      vertex 8.07185 -3.9806 17
      vertex 7.79423 -4.5 20
      vertex 7.79423 -4.5 17
    endloop
  endfacet
  facet normal 0.95694 0.290284 0
    outer loop
      vertex 8.69333 2.32937 20
      vertex 8.52237 2.89295 17
      vertex 8.52237 2.89295 20
    endloop
  endfacet
  facet normal 0.95694 0.290284 0
    outer loop
      vertex 8.52237 2.89295 17
      vertex 8.69333 2.32937 20
      vertex 8.69333 2.32937 17
    endloop
  endfacet
  facet normal 0.812843 0.582482 0
    outer loop
      vertex 7.48323 5.00013 20
      vertex 7.14018 5.47885 17
      vertex 7.14018 5.47885 20
    endloop
  endfacet
  facet normal 0.812843 0.582482 0
    outer loop
      vertex 7.14018 5.47885 17
      vertex 7.48323 5.00013 20
      vertex 7.48323 5.00013 17
    endloop
  endfacet
  facet normal -0.683594 0.729863 0
    outer loop
      vertex -5.93411 6.76656 17
      vertex -6.36396 6.36396 20
      vertex -5.93411 6.76656 20
    endloop
  endfacet
  facet normal -0.683594 0.729863 0
    outer loop
      vertex -6.36396 6.36396 20
      vertex -5.93411 6.76656 17
      vertex -6.36396 6.36396 17
    endloop
  endfacet
  facet normal 0.849203 0.528067 0
    outer loop
      vertex 7.79423 4.5 20
      vertex 7.48323 5.00013 17
      vertex 7.48323 5.00013 20
    endloop
  endfacet
  facet normal 0.849203 0.528067 0
    outer loop
      vertex 7.48323 5.00013 17
      vertex 7.79423 4.5 20
      vertex 7.79423 4.5 17
    endloop
  endfacet
  facet normal -0.849203 -0.528067 0
    outer loop
      vertex -7.48323 -5.00013 17
      vertex -7.79423 -4.5 20
      vertex -7.79423 -4.5 17
    endloop
  endfacet
  facet normal -0.849203 -0.528067 0
    outer loop
      vertex -7.79423 -4.5 20
      vertex -7.48323 -5.00013 17
      vertex -7.48323 -5.00013 20
    endloop
  endfacet
  facet normal 0.582482 -0.812843 0
    outer loop
      vertex 5.00013 -7.48323 17
      vertex 5.47885 -7.14018 20
      vertex 5.00013 -7.48323 20
    endloop
  endfacet
  facet normal 0.582482 -0.812843 0
    outer loop
      vertex 5.47885 -7.14018 20
      vertex 5.00013 -7.48323 17
      vertex 5.47885 -7.14018 17
    endloop
  endfacet
  facet normal 0.910859 -0.412718 0
    outer loop
      vertex 8.07185 -3.9806 20
      vertex 8.31492 -3.44415 17
      vertex 8.31492 -3.44415 20
    endloop
  endfacet
  facet normal 0.910859 -0.412718 0
    outer loop
      vertex 8.31492 -3.44415 17
      vertex 8.07185 -3.9806 20
      vertex 8.07185 -3.9806 17
    endloop
  endfacet
  facet normal 0.162887 -0.986645 0
    outer loop
      vertex 1.17474 -8.923 17
      vertex 1.75581 -8.82707 20
      vertex 1.17474 -8.923 20
    endloop
  endfacet
  facet normal 0.162887 -0.986645 0
    outer loop
      vertex 1.75581 -8.82707 20
      vertex 1.17474 -8.923 17
      vertex 1.75581 -8.82707 17
    endloop
  endfacet
  facet normal 0.0327196 -0.999465 0
    outer loop
      vertex 0 -9 17
      vertex 0.588628 -8.98073 20
      vertex 0 -9 20
    endloop
  endfacet
  facet normal 0.0327196 -0.999465 0
    outer loop
      vertex 0.588628 -8.98073 20
      vertex 0 -9 17
      vertex 0.588628 -8.98073 17
    endloop
  endfacet
  facet normal 0.93591 -0.35224 0
    outer loop
      vertex 8.31492 -3.44415 20
      vertex 8.52237 -2.89295 17
      vertex 8.52237 -2.89295 20
    endloop
  endfacet
  facet normal 0.93591 -0.35224 0
    outer loop
      vertex 8.52237 -2.89295 17
      vertex 8.31492 -3.44415 20
      vertex 8.31492 -3.44415 17
    endloop
  endfacet
  facet normal -0.0327196 -0.999465 0
    outer loop
      vertex -0.588628 -8.98073 17
      vertex 0 -9 20
      vertex -0.588628 -8.98073 20
    endloop
  endfacet
  facet normal -0.0327196 -0.999465 -0
    outer loop
      vertex 0 -9 20
      vertex -0.588628 -8.98073 17
      vertex 0 -9 17
    endloop
  endfacet
  facet normal 0.0327196 0.999465 -0
    outer loop
      vertex 0.588628 8.98073 17
      vertex 0 9 20
      vertex 0.588628 8.98073 20
    endloop
  endfacet
  facet normal 0.0327196 0.999465 0
    outer loop
      vertex 0 9 20
      vertex 0.588628 8.98073 17
      vertex 0 9 17
    endloop
  endfacet
  facet normal 0.582482 0.812843 -0
    outer loop
      vertex 5.47885 7.14018 17
      vertex 5.00013 7.48323 20
      vertex 5.47885 7.14018 20
    endloop
  endfacet
  facet normal 0.582482 0.812843 0
    outer loop
      vertex 5.00013 7.48323 20
      vertex 5.47885 7.14018 17
      vertex 5.00013 7.48323 17
    endloop
  endfacet
  facet normal -0.93591 0.35224 0
    outer loop
      vertex -8.52237 2.89295 17
      vertex -8.31492 3.44415 20
      vertex -8.31492 3.44415 17
    endloop
  endfacet
  facet normal -0.93591 0.35224 0
    outer loop
      vertex -8.31492 3.44415 20
      vertex -8.52237 2.89295 17
      vertex -8.52237 2.89295 20
    endloop
  endfacet
  facet normal -0.634391 -0.773012 0
    outer loop
      vertex -5.93411 -6.76656 17
      vertex -5.47885 -7.14018 20
      vertex -5.93411 -6.76656 20
    endloop
  endfacet
  facet normal -0.634391 -0.773012 -0
    outer loop
      vertex -5.47885 -7.14018 20
      vertex -5.93411 -6.76656 17
      vertex -5.47885 -7.14018 17
    endloop
  endfacet
  facet normal -0.0980222 -0.995184 0
    outer loop
      vertex -1.17474 -8.923 17
      vertex -0.588628 -8.98073 20
      vertex -1.17474 -8.923 20
    endloop
  endfacet
  facet normal -0.0980222 -0.995184 -0
    outer loop
      vertex -0.588628 -8.98073 20
      vertex -1.17474 -8.923 17
      vertex -0.588628 -8.98073 17
    endloop
  endfacet
  facet normal -0.812843 0.582482 0
    outer loop
      vertex -7.48323 5.00013 17
      vertex -7.14018 5.47885 20
      vertex -7.14018 5.47885 17
    endloop
  endfacet
  facet normal -0.812843 0.582482 0
    outer loop
      vertex -7.14018 5.47885 20
      vertex -7.48323 5.00013 17
      vertex -7.48323 5.00013 20
    endloop
  endfacet
  facet normal 0.528067 -0.849203 0
    outer loop
      vertex 4.5 -7.79423 17
      vertex 5.00013 -7.48323 20
      vertex 4.5 -7.79423 20
    endloop
  endfacet
  facet normal 0.528067 -0.849203 0
    outer loop
      vertex 5.00013 -7.48323 20
      vertex 4.5 -7.79423 17
      vertex 5.00013 -7.48323 17
    endloop
  endfacet
  facet normal 0.849203 -0.528067 0
    outer loop
      vertex 7.48323 -5.00013 20
      vertex 7.79423 -4.5 17
      vertex 7.79423 -4.5 20
    endloop
  endfacet
  facet normal 0.849203 -0.528067 0
    outer loop
      vertex 7.79423 -4.5 17
      vertex 7.48323 -5.00013 20
      vertex 7.48323 -5.00013 17
    endloop
  endfacet
  facet normal 0.95694 -0.290284 0
    outer loop
      vertex 8.52237 -2.89295 20
      vertex 8.69333 -2.32937 17
      vertex 8.69333 -2.32937 20
    endloop
  endfacet
  facet normal 0.95694 -0.290284 0
    outer loop
      vertex 8.69333 -2.32937 17
      vertex 8.52237 -2.89295 20
      vertex 8.52237 -2.89295 17
    endloop
  endfacet
  facet normal -0.683594 -0.729863 0
    outer loop
      vertex -6.36396 -6.36396 17
      vertex -5.93411 -6.76656 20
      vertex -6.36396 -6.36396 20
    endloop
  endfacet
  facet normal -0.683594 -0.729863 -0
    outer loop
      vertex -5.93411 -6.76656 20
      vertex -6.36396 -6.36396 17
      vertex -5.93411 -6.76656 17
    endloop
  endfacet
  facet normal -0.95694 -0.290284 0
    outer loop
      vertex -8.52237 -2.89295 17
      vertex -8.69333 -2.32937 20
      vertex -8.69333 -2.32937 17
    endloop
  endfacet
  facet normal -0.95694 -0.290284 0
    outer loop
      vertex -8.69333 -2.32937 20
      vertex -8.52237 -2.89295 17
      vertex -8.52237 -2.89295 20
    endloop
  endfacet
  facet normal -0.973875 -0.227084 0
    outer loop
      vertex -8.69333 -2.32937 17
      vertex -8.82707 -1.75581 20
      vertex -8.82707 -1.75581 17
    endloop
  endfacet
  facet normal -0.973875 -0.227084 0
    outer loop
      vertex -8.82707 -1.75581 20
      vertex -8.69333 -2.32937 17
      vertex -8.69333 -2.32937 20
    endloop
  endfacet
  facet normal -0.227084 -0.973875 0
    outer loop
      vertex -2.32937 -8.69333 17
      vertex -1.75581 -8.82707 20
      vertex -2.32937 -8.69333 20
    endloop
  endfacet
  facet normal -0.227084 -0.973875 -0
    outer loop
      vertex -1.75581 -8.82707 20
      vertex -2.32937 -8.69333 17
      vertex -1.75581 -8.82707 17
    endloop
  endfacet
  facet normal -0.881925 -0.47139 0
    outer loop
      vertex -7.79423 -4.5 17
      vertex -8.07185 -3.9806 20
      vertex -8.07185 -3.9806 17
    endloop
  endfacet
  facet normal -0.881925 -0.47139 0
    outer loop
      vertex -8.07185 -3.9806 20
      vertex -7.79423 -4.5 17
      vertex -7.79423 -4.5 20
    endloop
  endfacet
  facet normal -0.910859 -0.412718 0
    outer loop
      vertex -8.07185 -3.9806 17
      vertex -8.31492 -3.44415 20
      vertex -8.31492 -3.44415 17
    endloop
  endfacet
  facet normal -0.910859 -0.412718 0
    outer loop
      vertex -8.31492 -3.44415 20
      vertex -8.07185 -3.9806 17
      vertex -8.07185 -3.9806 20
    endloop
  endfacet
  facet normal 0.683594 -0.729863 0
    outer loop
      vertex 5.93411 -6.76656 17
      vertex 6.36396 -6.36396 20
      vertex 5.93411 -6.76656 20
    endloop
  endfacet
  facet normal 0.683594 -0.729863 0
    outer loop
      vertex 6.36396 -6.36396 20
      vertex 5.93411 -6.76656 17
      vertex 6.36396 -6.36396 17
    endloop
  endfacet
  facet normal -0.47139 0.881925 0
    outer loop
      vertex -3.9806 8.07185 17
      vertex -4.5 7.79423 20
      vertex -3.9806 8.07185 20
    endloop
  endfacet
  facet normal -0.47139 0.881925 0
    outer loop
      vertex -4.5 7.79423 20
      vertex -3.9806 8.07185 17
      vertex -4.5 7.79423 17
    endloop
  endfacet
  facet normal -0.47139 -0.881925 0
    outer loop
      vertex -4.5 -7.79423 17
      vertex -3.9806 -8.07185 20
      vertex -4.5 -7.79423 20
    endloop
  endfacet
  facet normal -0.47139 -0.881925 -0
    outer loop
      vertex -3.9806 -8.07185 20
      vertex -4.5 -7.79423 17
      vertex -3.9806 -8.07185 17
    endloop
  endfacet
  facet normal 0.0310585 0.947035 -0.319624
    outer loop
      vertex 0.676922 10.3278 24
      vertex 0 9 20
      vertex 0 10.35 24
    endloop
  endfacet
  facet normal -0.154342 0.934886 -0.319635
    outer loop
      vertex -1.17474 8.923 20
      vertex -1.75581 8.82707 20
      vertex -1.35095 10.2615 24
    endloop
  endfacet
  facet normal 0.947035 0.0310585 -0.319624
    outer loop
      vertex 10.35 0 24
      vertex 9 0 20
      vertex 10.3278 0.676922 24
    endloop
  endfacet
  facet normal 0.94704 0.0310034 -0.319617
    outer loop
      vertex 9 0 20
      vertex 8.98073 0.588628 20
      vertex 10.3278 0.676922 24
    endloop
  endfacet
  facet normal 0.886808 -0.333782 -0.319626
    outer loop
      vertex 9.56215 -3.96077 24
      vertex 8.52237 -2.89295 20
      vertex 9.80073 -3.3269 24
    endloop
  endfacet
  facet normal 0.275057 -0.906743 -0.319625
    outer loop
      vertex 2.67878 -9.99733 24
      vertex 2.32937 -8.69333 20
      vertex 2.89295 -8.52237 20
    endloop
  endfacet
  facet normal -0.94704 -0.0310034 -0.319617
    outer loop
      vertex -8.98073 -0.588628 20
      vertex -10.3278 -0.676922 24
      vertex -9 0 20
    endloop
  endfacet
  facet normal -0.154342 -0.934886 -0.319635
    outer loop
      vertex -1.35095 -10.2615 24
      vertex -1.75581 -8.82707 20
      vertex -1.17474 -8.923 20
    endloop
  endfacet
  facet normal -0.0927561 -0.94299 -0.319634
    outer loop
      vertex -0.676922 -10.3278 24
      vertex -1.35095 -10.2615 24
      vertex -1.17474 -8.923 20
    endloop
  endfacet
  facet normal -0.886816 0.333763 -0.319623
    outer loop
      vertex -8.52237 2.89295 20
      vertex -9.56215 3.96077 24
      vertex -8.31492 3.44415 20
    endloop
  endfacet
  facet normal 0.922802 -0.215129 -0.319619
    outer loop
      vertex 9.99733 -2.67878 24
      vertex 8.82707 -1.75581 20
      vertex 10.1511 -2.01918 24
    endloop
  endfacet
  facet normal -0.647735 0.691577 -0.319624
    outer loop
      vertex -6.36396 6.36396 20
      vertex -7.31855 7.31855 24
      vertex -5.93411 6.76656 20
    endloop
  endfacet
  facet normal 0.934886 0.154342 -0.319635
    outer loop
      vertex 8.923 1.17474 20
      vertex 8.82707 1.75581 20
      vertex 10.2615 1.35095 24
    endloop
  endfacet
  facet normal -0.391055 -0.863085 -0.319625
    outer loop
      vertex -3.96077 -9.56215 24
      vertex -4.57769 -9.28263 24
      vertex -3.9806 -8.07185 20
    endloop
  endfacet
  facet normal -0.601114 -0.732463 -0.319625
    outer loop
      vertex -5.47885 -7.14018 20
      vertex -6.82423 -7.78154 24
      vertex -5.93411 -6.76656 20
    endloop
  endfacet
  facet normal 0.863085 -0.391055 -0.319625
    outer loop
      vertex 9.28263 -4.57769 24
      vertex 8.07185 -3.9806 20
      vertex 9.56215 -3.96077 24
    endloop
  endfacet
  facet normal -0.94704 0.0310034 -0.319617
    outer loop
      vertex -9 0 20
      vertex -10.3278 0.676922 24
      vertex -8.98073 0.588628 20
    endloop
  endfacet
  facet normal 0.94704 -0.0310034 -0.319617
    outer loop
      vertex 10.3278 -0.676922 24
      vertex 8.98073 -0.588628 20
      vertex 9 0 20
    endloop
  endfacet
  facet normal -0.0927561 0.94299 -0.319634
    outer loop
      vertex -1.17474 8.923 20
      vertex -1.35095 10.2615 24
      vertex -0.676922 10.3278 24
    endloop
  endfacet
  facet normal -0.804657 0.500367 -0.319624
    outer loop
      vertex -7.79423 4.5 20
      vertex -8.60571 5.75015 24
      vertex -7.48323 5.00013 20
    endloop
  endfacet
  facet normal 0.732459 0.601119 -0.319626
    outer loop
      vertex 8.21121 6.30068 24
      vertex 7.14018 5.47885 20
      vertex 7.78154 6.82423 24
    endloop
  endfacet
  facet normal -0.863085 0.391055 -0.319625
    outer loop
      vertex -8.07185 3.9806 20
      vertex -9.56215 3.96077 24
      vertex -9.28263 4.57769 24
    endloop
  endfacet
  facet normal -0.886808 -0.333782 -0.319626
    outer loop
      vertex -9.56215 -3.96077 24
      vertex -9.80073 -3.3269 24
      vertex -8.52237 -2.89295 20
    endloop
  endfacet
  facet normal 0.0928806 -0.942984 -0.319617
    outer loop
      vertex 0.676922 -10.3278 24
      vertex 0.588628 -8.98073 20
      vertex 1.17474 -8.923 20
    endloop
  endfacet
  facet normal -0.446671 0.835659 -0.319624
    outer loop
      vertex -4.5 7.79423 20
      vertex -5.175 8.96336 24
      vertex -4.57769 9.28263 24
    endloop
  endfacet
  facet normal -0.942984 0.0928806 -0.319617
    outer loop
      vertex -8.98073 0.588628 20
      vertex -10.3278 0.676922 24
      vertex -8.923 1.17474 20
    endloop
  endfacet
  facet normal -0.647735 -0.691577 -0.319624
    outer loop
      vertex -5.93411 -6.76656 20
      vertex -7.31855 -7.31855 24
      vertex -6.36396 -6.36396 20
    endloop
  endfacet
  facet normal 0.446671 -0.835659 -0.319624
    outer loop
      vertex 4.57769 -9.28263 24
      vertex 4.5 -7.79423 20
      vertex 5.175 -8.96336 24
    endloop
  endfacet
  facet normal -0.804658 -0.500366 -0.319624
    outer loop
      vertex -8.60571 -5.75015 24
      vertex -8.96336 -5.175 24
      vertex -7.79423 -4.5 20
    endloop
  endfacet
  facet normal -0.551928 -0.770205 -0.319624
    outer loop
      vertex -5.00013 -7.48323 20
      vertex -5.75015 -8.60571 24
      vertex -5.47885 -7.14018 20
    endloop
  endfacet
  facet normal 0.934886 -0.154342 -0.319635
    outer loop
      vertex 10.2615 -1.35095 24
      vertex 8.82707 -1.75581 20
      vertex 8.923 -1.17474 20
    endloop
  endfacet
  facet normal 0.947035 -0.0310585 -0.319624
    outer loop
      vertex 10.3278 -0.676922 24
      vertex 9 0 20
      vertex 10.35 0 24
    endloop
  endfacet
  facet normal 0.500367 -0.804657 -0.319624
    outer loop
      vertex 5.75015 -8.60571 24
      vertex 4.5 -7.79423 20
      vertex 5.00013 -7.48323 20
    endloop
  endfacet
  facet normal -0.333782 -0.886808 -0.319626
    outer loop
      vertex -3.3269 -9.80073 24
      vertex -3.96077 -9.56215 24
      vertex -2.89295 -8.52237 20
    endloop
  endfacet
  facet normal -0.275057 -0.906743 -0.319625
    outer loop
      vertex -2.67878 -9.99733 24
      vertex -2.89295 -8.52237 20
      vertex -2.32937 -8.69333 20
    endloop
  endfacet
  facet normal 0.333782 -0.886808 -0.319626
    outer loop
      vertex 3.3269 -9.80073 24
      vertex 2.89295 -8.52237 20
      vertex 3.96077 -9.56215 24
    endloop
  endfacet
  facet normal 0.804658 0.500366 -0.319624
    outer loop
      vertex 8.96336 5.175 24
      vertex 7.79423 4.5 20
      vertex 8.60571 5.75015 24
    endloop
  endfacet
  facet normal 0.391069 0.86308 -0.319623
    outer loop
      vertex 3.9806 8.07185 20
      vertex 3.44415 8.31492 20
      vertex 3.96077 9.56215 24
    endloop
  endfacet
  facet normal 0.333763 -0.886816 -0.319623
    outer loop
      vertex 3.96077 -9.56215 24
      vertex 2.89295 -8.52237 20
      vertex 3.44415 -8.31492 20
    endloop
  endfacet
  facet normal 0.601119 0.732459 -0.319626
    outer loop
      vertex 6.82423 7.78154 24
      vertex 5.47885 7.14018 20
      vertex 6.30068 8.21121 24
    endloop
  endfacet
  facet normal -0.551928 0.770205 -0.319624
    outer loop
      vertex -5.47885 7.14018 20
      vertex -5.75015 8.60571 24
      vertex -5.00013 7.48323 20
    endloop
  endfacet
  facet normal 0.154342 -0.934886 -0.319635
    outer loop
      vertex 1.35095 -10.2615 24
      vertex 1.17474 -8.923 20
      vertex 1.75581 -8.82707 20
    endloop
  endfacet
  facet normal 0.835663 -0.446663 -0.319625
    outer loop
      vertex 9.28263 -4.57769 24
      vertex 7.79423 -4.5 20
      vertex 8.07185 -3.9806 20
    endloop
  endfacet
  facet normal -0.835663 0.446663 -0.319625
    outer loop
      vertex -8.07185 3.9806 20
      vertex -9.28263 4.57769 24
      vertex -7.79423 4.5 20
    endloop
  endfacet
  facet normal 0.934873 -0.154453 -0.31962
    outer loop
      vertex 10.1511 -2.01918 24
      vertex 8.82707 -1.75581 20
      vertex 10.2615 -1.35095 24
    endloop
  endfacet
  facet normal 0.391069 -0.86308 -0.319623
    outer loop
      vertex 3.96077 -9.56215 24
      vertex 3.44415 -8.31492 20
      vertex 3.9806 -8.07185 20
    endloop
  endfacet
  facet normal 0.770205 -0.551928 -0.319624
    outer loop
      vertex 8.60571 -5.75015 24
      vertex 7.14018 -5.47885 20
      vertex 7.48323 -5.00013 20
    endloop
  endfacet
  facet normal 0.275051 0.906745 -0.319626
    outer loop
      vertex 2.89295 8.52237 20
      vertex 2.67878 9.99733 24
      vertex 3.3269 9.80073 24
    endloop
  endfacet
  facet normal 0.906743 -0.275057 -0.319625
    outer loop
      vertex 9.99733 -2.67878 24
      vertex 8.52237 -2.89295 20
      vertex 8.69333 -2.32937 20
    endloop
  endfacet
  facet normal -0.500367 -0.804657 -0.319624
    outer loop
      vertex -4.5 -7.79423 20
      vertex -5.75015 -8.60571 24
      vertex -5.00013 -7.48323 20
    endloop
  endfacet
  facet normal 0.64774 -0.691572 -0.319625
    outer loop
      vertex 6.82423 -7.78154 24
      vertex 5.93411 -6.76656 20
      vertex 7.31855 -7.31855 24
    endloop
  endfacet
  facet normal 0.647735 -0.691577 -0.319624
    outer loop
      vertex 7.31855 -7.31855 24
      vertex 5.93411 -6.76656 20
      vertex 6.36396 -6.36396 20
    endloop
  endfacet
  facet normal 0.0310034 -0.94704 -0.319617
    outer loop
      vertex 0.676922 -10.3278 24
      vertex 0 -9 20
      vertex 0.588628 -8.98073 20
    endloop
  endfacet
  facet normal -0.94299 -0.0927561 -0.319634
    outer loop
      vertex -10.2615 -1.35095 24
      vertex -10.3278 -0.676922 24
      vertex -8.923 -1.17474 20
    endloop
  endfacet
  facet normal -0.886808 0.333782 -0.319626
    outer loop
      vertex -8.52237 2.89295 20
      vertex -9.80073 3.3269 24
      vertex -9.56215 3.96077 24
    endloop
  endfacet
  facet normal 0.691577 0.647735 -0.319624
    outer loop
      vertex 6.76656 5.93411 20
      vertex 6.36396 6.36396 20
      vertex 7.31855 7.31855 24
    endloop
  endfacet
  facet normal -0.551919 -0.770211 -0.319626
    outer loop
      vertex -5.75015 -8.60571 24
      vertex -6.30068 -8.21121 24
      vertex -5.47885 -7.14018 20
    endloop
  endfacet
  facet normal -0.154453 -0.934873 -0.31962
    outer loop
      vertex -1.35095 -10.2615 24
      vertex -2.01918 -10.1511 24
      vertex -1.75581 -8.82707 20
    endloop
  endfacet
  facet normal -0.0310034 0.94704 -0.319617
    outer loop
      vertex -0.588628 8.98073 20
      vertex -0.676922 10.3278 24
      vertex 0 9 20
    endloop
  endfacet
  facet normal 0.906745 -0.275051 -0.319626
    outer loop
      vertex 9.80073 -3.3269 24
      vertex 8.52237 -2.89295 20
      vertex 9.99733 -2.67878 24
    endloop
  endfacet
  facet normal -0.92279 0.215172 -0.319625
    outer loop
      vertex -8.82707 1.75581 20
      vertex -9.99733 2.67878 24
      vertex -8.69333 2.32937 20
    endloop
  endfacet
  facet normal -0.86308 -0.391069 -0.319623
    outer loop
      vertex -8.07185 -3.9806 20
      vertex -9.56215 -3.96077 24
      vertex -8.31492 -3.44415 20
    endloop
  endfacet
  facet normal 0.94299 -0.0927561 -0.319634
    outer loop
      vertex 10.2615 -1.35095 24
      vertex 8.923 -1.17474 20
      vertex 10.3278 -0.676922 24
    endloop
  endfacet
  facet normal 0.942984 -0.0928806 -0.319617
    outer loop
      vertex 10.3278 -0.676922 24
      vertex 8.923 -1.17474 20
      vertex 8.98073 -0.588628 20
    endloop
  endfacet
  facet normal -0.947035 -0.0310585 -0.319624
    outer loop
      vertex -10.3278 -0.676922 24
      vertex -10.35 0 24
      vertex -9 0 20
    endloop
  endfacet
  facet normal 0.154453 -0.934873 -0.31962
    outer loop
      vertex 2.01918 -10.1511 24
      vertex 1.35095 -10.2615 24
      vertex 1.75581 -8.82707 20
    endloop
  endfacet
  facet normal -0.446663 0.835663 -0.319625
    outer loop
      vertex -4.5 7.79423 20
      vertex -4.57769 9.28263 24
      vertex -3.9806 8.07185 20
    endloop
  endfacet
  facet normal 0.333763 0.886816 -0.319623
    outer loop
      vertex 3.44415 8.31492 20
      vertex 2.89295 8.52237 20
      vertex 3.96077 9.56215 24
    endloop
  endfacet
  facet normal -0.906745 0.275051 -0.319626
    outer loop
      vertex -8.52237 2.89295 20
      vertex -9.99733 2.67878 24
      vertex -9.80073 3.3269 24
    endloop
  endfacet
  facet normal -0.154453 0.934873 -0.31962
    outer loop
      vertex -1.75581 8.82707 20
      vertex -2.01918 10.1511 24
      vertex -1.35095 10.2615 24
    endloop
  endfacet
  facet normal -0.215172 0.92279 -0.319625
    outer loop
      vertex -2.32937 8.69333 20
      vertex -2.67878 9.99733 24
      vertex -1.75581 8.82707 20
    endloop
  endfacet
  facet normal 0.691572 -0.64774 -0.319625
    outer loop
      vertex 7.31855 -7.31855 24
      vertex 6.76656 -5.93411 20
      vertex 7.78154 -6.82423 24
    endloop
  endfacet
  facet normal 0.215129 -0.922802 -0.319619
    outer loop
      vertex 2.01918 -10.1511 24
      vertex 1.75581 -8.82707 20
      vertex 2.67878 -9.99733 24
    endloop
  endfacet
  facet normal 0.691577 -0.647735 -0.319624
    outer loop
      vertex 7.31855 -7.31855 24
      vertex 6.36396 -6.36396 20
      vertex 6.76656 -5.93411 20
    endloop
  endfacet
  facet normal -0.922802 -0.215129 -0.319619
    outer loop
      vertex -9.99733 -2.67878 24
      vertex -10.1511 -2.01918 24
      vertex -8.82707 -1.75581 20
    endloop
  endfacet
  facet normal 0.391055 -0.863085 -0.319625
    outer loop
      vertex 4.57769 -9.28263 24
      vertex 3.96077 -9.56215 24
      vertex 3.9806 -8.07185 20
    endloop
  endfacet
  facet normal 0.92279 -0.215172 -0.319625
    outer loop
      vertex 9.99733 -2.67878 24
      vertex 8.69333 -2.32937 20
      vertex 8.82707 -1.75581 20
    endloop
  endfacet
  facet normal 0.0927561 0.94299 -0.319634
    outer loop
      vertex 1.17474 8.923 20
      vertex 0.676922 10.3278 24
      vertex 1.35095 10.2615 24
    endloop
  endfacet
  facet normal -0.551919 0.770211 -0.319626
    outer loop
      vertex -5.47885 7.14018 20
      vertex -6.30068 8.21121 24
      vertex -5.75015 8.60571 24
    endloop
  endfacet
  facet normal -0.500366 -0.804658 -0.319624
    outer loop
      vertex -5.175 -8.96336 24
      vertex -5.75015 -8.60571 24
      vertex -4.5 -7.79423 20
    endloop
  endfacet
  facet normal -0.601119 -0.732459 -0.319626
    outer loop
      vertex -6.30068 -8.21121 24
      vertex -6.82423 -7.78154 24
      vertex -5.47885 -7.14018 20
    endloop
  endfacet
  facet normal -0.947035 0.0310585 -0.319624
    outer loop
      vertex -9 0 20
      vertex -10.35 0 24
      vertex -10.3278 0.676922 24
    endloop
  endfacet
  facet normal 0.551919 -0.770211 -0.319626
    outer loop
      vertex 5.75015 -8.60571 24
      vertex 5.47885 -7.14018 20
      vertex 6.30068 -8.21121 24
    endloop
  endfacet
  facet normal 0.446663 0.835663 -0.319625
    outer loop
      vertex 4.5 7.79423 20
      vertex 3.9806 8.07185 20
      vertex 4.57769 9.28263 24
    endloop
  endfacet
  facet normal -0.691577 -0.647735 -0.319624
    outer loop
      vertex -6.36396 -6.36396 20
      vertex -7.31855 -7.31855 24
      vertex -6.76656 -5.93411 20
    endloop
  endfacet
  facet normal 0.0928806 0.942984 -0.319617
    outer loop
      vertex 1.17474 8.923 20
      vertex 0.588628 8.98073 20
      vertex 0.676922 10.3278 24
    endloop
  endfacet
  facet normal 0.863085 0.391055 -0.319625
    outer loop
      vertex 9.56215 3.96077 24
      vertex 8.07185 3.9806 20
      vertex 9.28263 4.57769 24
    endloop
  endfacet
  facet normal -0.94299 0.0927561 -0.319634
    outer loop
      vertex -8.923 1.17474 20
      vertex -10.3278 0.676922 24
      vertex -10.2615 1.35095 24
    endloop
  endfacet
  facet normal 0.601114 -0.732463 -0.319625
    outer loop
      vertex 6.82423 -7.78154 24
      vertex 5.47885 -7.14018 20
      vertex 5.93411 -6.76656 20
    endloop
  endfacet
  facet normal -0.804658 0.500366 -0.319624
    outer loop
      vertex -7.79423 4.5 20
      vertex -8.96336 5.175 24
      vertex -8.60571 5.75015 24
    endloop
  endfacet
  facet normal -0.0928806 -0.942984 -0.319617
    outer loop
      vertex -0.676922 -10.3278 24
      vertex -1.17474 -8.923 20
      vertex -0.588628 -8.98073 20
    endloop
  endfacet
  facet normal 0.500366 -0.804658 -0.319624
    outer loop
      vertex 5.175 -8.96336 24
      vertex 4.5 -7.79423 20
      vertex 5.75015 -8.60571 24
    endloop
  endfacet
  facet normal -0.215129 0.922802 -0.319619
    outer loop
      vertex -1.75581 8.82707 20
      vertex -2.67878 9.99733 24
      vertex -2.01918 10.1511 24
    endloop
  endfacet
  facet normal -0.934886 -0.154342 -0.319635
    outer loop
      vertex -8.82707 -1.75581 20
      vertex -10.2615 -1.35095 24
      vertex -8.923 -1.17474 20
    endloop
  endfacet
  facet normal -0.863085 -0.391055 -0.319625
    outer loop
      vertex -9.28263 -4.57769 24
      vertex -9.56215 -3.96077 24
      vertex -8.07185 -3.9806 20
    endloop
  endfacet
  facet normal 0.922802 0.215129 -0.319619
    outer loop
      vertex 10.1511 2.01918 24
      vertex 8.82707 1.75581 20
      vertex 9.99733 2.67878 24
    endloop
  endfacet
  facet normal 0.215172 -0.92279 -0.319625
    outer loop
      vertex 2.67878 -9.99733 24
      vertex 1.75581 -8.82707 20
      vertex 2.32937 -8.69333 20
    endloop
  endfacet
  facet normal -0.275057 0.906743 -0.319625
    outer loop
      vertex -2.32937 8.69333 20
      vertex -2.89295 8.52237 20
      vertex -2.67878 9.99733 24
    endloop
  endfacet
  facet normal -0.92279 -0.215172 -0.319625
    outer loop
      vertex -8.69333 -2.32937 20
      vertex -9.99733 -2.67878 24
      vertex -8.82707 -1.75581 20
    endloop
  endfacet
  facet normal 0.551919 0.770211 -0.319626
    outer loop
      vertex 6.30068 8.21121 24
      vertex 5.47885 7.14018 20
      vertex 5.75015 8.60571 24
    endloop
  endfacet
  facet normal -0.942984 -0.0928806 -0.319617
    outer loop
      vertex -8.923 -1.17474 20
      vertex -10.3278 -0.676922 24
      vertex -8.98073 -0.588628 20
    endloop
  endfacet
  facet normal -0.804657 -0.500367 -0.319624
    outer loop
      vertex -7.48323 -5.00013 20
      vertex -8.60571 -5.75015 24
      vertex -7.79423 -4.5 20
    endloop
  endfacet
  facet normal -0.770211 0.551919 -0.319626
    outer loop
      vertex -7.14018 5.47885 20
      vertex -8.60571 5.75015 24
      vertex -8.21121 6.30068 24
    endloop
  endfacet
  facet normal -0.0310585 -0.947035 -0.319624
    outer loop
      vertex 0 -10.35 24
      vertex -0.676922 -10.3278 24
      vertex 0 -9 20
    endloop
  endfacet
  facet normal -0.391055 0.863085 -0.319625
    outer loop
      vertex -3.9806 8.07185 20
      vertex -4.57769 9.28263 24
      vertex -3.96077 9.56215 24
    endloop
  endfacet
  facet normal 0.0310585 -0.947035 -0.319624
    outer loop
      vertex 0.676922 -10.3278 24
      vertex 0 -10.35 24
      vertex 0 -9 20
    endloop
  endfacet
  facet normal 0.601119 -0.732459 -0.319626
    outer loop
      vertex 6.30068 -8.21121 24
      vertex 5.47885 -7.14018 20
      vertex 6.82423 -7.78154 24
    endloop
  endfacet
  facet normal -0.732463 -0.601114 -0.319625
    outer loop
      vertex -6.76656 -5.93411 20
      vertex -7.78154 -6.82423 24
      vertex -7.14018 -5.47885 20
    endloop
  endfacet
  facet normal -0.0928806 0.942984 -0.319617
    outer loop
      vertex -0.588628 8.98073 20
      vertex -1.17474 8.923 20
      vertex -0.676922 10.3278 24
    endloop
  endfacet
  facet normal -0.906743 0.275057 -0.319625
    outer loop
      vertex -8.69333 2.32937 20
      vertex -9.99733 2.67878 24
      vertex -8.52237 2.89295 20
    endloop
  endfacet
  facet normal 0.275051 -0.906745 -0.319626
    outer loop
      vertex 3.3269 -9.80073 24
      vertex 2.67878 -9.99733 24
      vertex 2.89295 -8.52237 20
    endloop
  endfacet
  facet normal 0.333782 0.886808 -0.319626
    outer loop
      vertex 3.96077 9.56215 24
      vertex 2.89295 8.52237 20
      vertex 3.3269 9.80073 24
    endloop
  endfacet
  facet normal 0.770211 -0.551919 -0.319626
    outer loop
      vertex 8.21121 -6.30068 24
      vertex 7.14018 -5.47885 20
      vertex 8.60571 -5.75015 24
    endloop
  endfacet
  facet normal 0.835659 -0.446671 -0.319624
    outer loop
      vertex 8.96336 -5.175 24
      vertex 7.79423 -4.5 20
      vertex 9.28263 -4.57769 24
    endloop
  endfacet
  facet normal -0.770205 0.551928 -0.319624
    outer loop
      vertex -7.48323 5.00013 20
      vertex -8.60571 5.75015 24
      vertex -7.14018 5.47885 20
    endloop
  endfacet
  facet normal -0.934873 -0.154453 -0.31962
    outer loop
      vertex -10.1511 -2.01918 24
      vertex -10.2615 -1.35095 24
      vertex -8.82707 -1.75581 20
    endloop
  endfacet
  facet normal -0.333782 0.886808 -0.319626
    outer loop
      vertex -2.89295 8.52237 20
      vertex -3.96077 9.56215 24
      vertex -3.3269 9.80073 24
    endloop
  endfacet
  facet normal 0.446663 -0.835663 -0.319625
    outer loop
      vertex 4.57769 -9.28263 24
      vertex 3.9806 -8.07185 20
      vertex 4.5 -7.79423 20
    endloop
  endfacet
  facet normal -0.732463 0.601114 -0.319625
    outer loop
      vertex -7.14018 5.47885 20
      vertex -7.78154 6.82423 24
      vertex -6.76656 5.93411 20
    endloop
  endfacet
  facet normal -0.906743 -0.275057 -0.319625
    outer loop
      vertex -8.52237 -2.89295 20
      vertex -9.99733 -2.67878 24
      vertex -8.69333 -2.32937 20
    endloop
  endfacet
  facet normal 0.804658 -0.500366 -0.319624
    outer loop
      vertex 8.60571 -5.75015 24
      vertex 7.79423 -4.5 20
      vertex 8.96336 -5.175 24
    endloop
  endfacet
  facet normal -0.64774 -0.691572 -0.319625
    outer loop
      vertex -6.82423 -7.78154 24
      vertex -7.31855 -7.31855 24
      vertex -5.93411 -6.76656 20
    endloop
  endfacet
  facet normal 0.0927561 -0.94299 -0.319634
    outer loop
      vertex 1.35095 -10.2615 24
      vertex 0.676922 -10.3278 24
      vertex 1.17474 -8.923 20
    endloop
  endfacet
  facet normal 0.886816 -0.333763 -0.319623
    outer loop
      vertex 9.56215 -3.96077 24
      vertex 8.31492 -3.44415 20
      vertex 8.52237 -2.89295 20
    endloop
  endfacet
  facet normal 0.86308 -0.391069 -0.319623
    outer loop
      vertex 9.56215 -3.96077 24
      vertex 8.07185 -3.9806 20
      vertex 8.31492 -3.44415 20
    endloop
  endfacet
  facet normal 0.732463 -0.601114 -0.319625
    outer loop
      vertex 7.78154 -6.82423 24
      vertex 6.76656 -5.93411 20
      vertex 7.14018 -5.47885 20
    endloop
  endfacet
  facet normal -0.391069 0.86308 -0.319623
    outer loop
      vertex -3.44415 8.31492 20
      vertex -3.9806 8.07185 20
      vertex -3.96077 9.56215 24
    endloop
  endfacet
  facet normal -0.275051 -0.906745 -0.319626
    outer loop
      vertex -2.67878 -9.99733 24
      vertex -3.3269 -9.80073 24
      vertex -2.89295 -8.52237 20
    endloop
  endfacet
  facet normal 0.551928 -0.770205 -0.319624
    outer loop
      vertex 5.75015 -8.60571 24
      vertex 5.00013 -7.48323 20
      vertex 5.47885 -7.14018 20
    endloop
  endfacet
  facet normal -0.215129 -0.922802 -0.319619
    outer loop
      vertex -2.01918 -10.1511 24
      vertex -2.67878 -9.99733 24
      vertex -1.75581 -8.82707 20
    endloop
  endfacet
  facet normal -0.500366 0.804658 -0.319624
    outer loop
      vertex -4.5 7.79423 20
      vertex -5.75015 8.60571 24
      vertex -5.175 8.96336 24
    endloop
  endfacet
  facet normal -0.601119 0.732459 -0.319626
    outer loop
      vertex -5.47885 7.14018 20
      vertex -6.82423 7.78154 24
      vertex -6.30068 8.21121 24
    endloop
  endfacet
  facet normal -0.934886 0.154342 -0.319635
    outer loop
      vertex -8.923 1.17474 20
      vertex -10.2615 1.35095 24
      vertex -8.82707 1.75581 20
    endloop
  endfacet
  facet normal -0.333763 -0.886816 -0.319623
    outer loop
      vertex -2.89295 -8.52237 20
      vertex -3.96077 -9.56215 24
      vertex -3.44415 -8.31492 20
    endloop
  endfacet
  facet normal -0.446663 -0.835663 -0.319625
    outer loop
      vertex -3.9806 -8.07185 20
      vertex -4.57769 -9.28263 24
      vertex -4.5 -7.79423 20
    endloop
  endfacet
  facet normal -0.215172 -0.92279 -0.319625
    outer loop
      vertex -1.75581 -8.82707 20
      vertex -2.67878 -9.99733 24
      vertex -2.32937 -8.69333 20
    endloop
  endfacet
  facet normal -0.922802 0.215129 -0.319619
    outer loop
      vertex -8.82707 1.75581 20
      vertex -10.1511 2.01918 24
      vertex -9.99733 2.67878 24
    endloop
  endfacet
  facet normal -0.0310034 -0.94704 -0.319617
    outer loop
      vertex 0 -9 20
      vertex -0.676922 -10.3278 24
      vertex -0.588628 -8.98073 20
    endloop
  endfacet
  facet normal 0.770205 0.551928 -0.319624
    outer loop
      vertex 7.48323 5.00013 20
      vertex 7.14018 5.47885 20
      vertex 8.60571 5.75015 24
    endloop
  endfacet
  facet normal -0.770205 -0.551928 -0.319624
    outer loop
      vertex -7.14018 -5.47885 20
      vertex -8.60571 -5.75015 24
      vertex -7.48323 -5.00013 20
    endloop
  endfacet
  facet normal -0.446671 -0.835659 -0.319624
    outer loop
      vertex -4.57769 -9.28263 24
      vertex -5.175 -8.96336 24
      vertex -4.5 -7.79423 20
    endloop
  endfacet
  facet normal 0.275057 0.906743 -0.319625
    outer loop
      vertex 2.89295 8.52237 20
      vertex 2.32937 8.69333 20
      vertex 2.67878 9.99733 24
    endloop
  endfacet
  facet normal 0.446671 0.835659 -0.319624
    outer loop
      vertex 5.175 8.96336 24
      vertex 4.5 7.79423 20
      vertex 4.57769 9.28263 24
    endloop
  endfacet
  facet normal -0.391069 -0.86308 -0.319623
    outer loop
      vertex -3.96077 -9.56215 24
      vertex -3.9806 -8.07185 20
      vertex -3.44415 -8.31492 20
    endloop
  endfacet
  facet normal -0.0310585 0.947035 -0.319624
    outer loop
      vertex 0 9 20
      vertex -0.676922 10.3278 24
      vertex 0 10.35 24
    endloop
  endfacet
  facet normal 0.500366 0.804658 -0.319624
    outer loop
      vertex 5.75015 8.60571 24
      vertex 4.5 7.79423 20
      vertex 5.175 8.96336 24
    endloop
  endfacet
  facet normal -0.886816 -0.333763 -0.319623
    outer loop
      vertex -8.31492 -3.44415 20
      vertex -9.56215 -3.96077 24
      vertex -8.52237 -2.89295 20
    endloop
  endfacet
  facet normal -0.906745 -0.275051 -0.319626
    outer loop
      vertex -9.80073 -3.3269 24
      vertex -9.99733 -2.67878 24
      vertex -8.52237 -2.89295 20
    endloop
  endfacet
  facet normal 0.804657 -0.500367 -0.319624
    outer loop
      vertex 8.60571 -5.75015 24
      vertex 7.48323 -5.00013 20
      vertex 7.79423 -4.5 20
    endloop
  endfacet
  facet normal -0.835663 -0.446663 -0.319625
    outer loop
      vertex -7.79423 -4.5 20
      vertex -9.28263 -4.57769 24
      vertex -8.07185 -3.9806 20
    endloop
  endfacet
  facet normal -0.691577 0.647735 -0.319624
    outer loop
      vertex -6.76656 5.93411 20
      vertex -7.31855 7.31855 24
      vertex -6.36396 6.36396 20
    endloop
  endfacet
  facet normal 0.732459 -0.601119 -0.319626
    outer loop
      vertex 7.78154 -6.82423 24
      vertex 7.14018 -5.47885 20
      vertex 8.21121 -6.30068 24
    endloop
  endfacet
  facet normal -0.691572 -0.64774 -0.319625
    outer loop
      vertex -7.31855 -7.31855 24
      vertex -7.78154 -6.82423 24
      vertex -6.76656 -5.93411 20
    endloop
  endfacet
  facet normal -0.732459 -0.601119 -0.319626
    outer loop
      vertex -7.78154 -6.82423 24
      vertex -8.21121 -6.30068 24
      vertex -7.14018 -5.47885 20
    endloop
  endfacet
  facet normal 0.0310034 0.94704 -0.319617
    outer loop
      vertex 0.588628 8.98073 20
      vertex 0 9 20
      vertex 0.676922 10.3278 24
    endloop
  endfacet
  facet normal -0.732459 0.601119 -0.319626
    outer loop
      vertex -7.14018 5.47885 20
      vertex -8.21121 6.30068 24
      vertex -7.78154 6.82423 24
    endloop
  endfacet
  facet normal -0.601114 0.732463 -0.319625
    outer loop
      vertex -5.93411 6.76656 20
      vertex -6.82423 7.78154 24
      vertex -5.47885 7.14018 20
    endloop
  endfacet
  facet normal 0.154453 0.934873 -0.31962
    outer loop
      vertex 1.75581 8.82707 20
      vertex 1.35095 10.2615 24
      vertex 2.01918 10.1511 24
    endloop
  endfacet
  facet normal -0.691572 0.64774 -0.319625
    outer loop
      vertex -6.76656 5.93411 20
      vertex -7.78154 6.82423 24
      vertex -7.31855 7.31855 24
    endloop
  endfacet
  facet normal 0.215172 0.92279 -0.319625
    outer loop
      vertex 2.32937 8.69333 20
      vertex 1.75581 8.82707 20
      vertex 2.67878 9.99733 24
    endloop
  endfacet
  facet normal 0.154342 0.934886 -0.319635
    outer loop
      vertex 1.75581 8.82707 20
      vertex 1.17474 8.923 20
      vertex 1.35095 10.2615 24
    endloop
  endfacet
  facet normal -0.333763 0.886816 -0.319623
    outer loop
      vertex -3.44415 8.31492 20
      vertex -3.96077 9.56215 24
      vertex -2.89295 8.52237 20
    endloop
  endfacet
  facet normal -0.275051 0.906745 -0.319626
    outer loop
      vertex -2.89295 8.52237 20
      vertex -3.3269 9.80073 24
      vertex -2.67878 9.99733 24
    endloop
  endfacet
  facet normal -0.835659 -0.446671 -0.319624
    outer loop
      vertex -8.96336 -5.175 24
      vertex -9.28263 -4.57769 24
      vertex -7.79423 -4.5 20
    endloop
  endfacet
  facet normal -0.934873 0.154453 -0.31962
    outer loop
      vertex -8.82707 1.75581 20
      vertex -10.2615 1.35095 24
      vertex -10.1511 2.01918 24
    endloop
  endfacet
  facet normal 0 0 1
    outer loop
      vertex 9 0 24
      vertex 10.35 0 24
      vertex 10.3278 0.676922 24
    endloop
  endfacet
  facet normal 0 0 1
    outer loop
      vertex 8.98073 0.588628 24
      vertex 10.3278 0.676922 24
      vertex 10.2615 1.35095 24
    endloop
  endfacet
  facet normal 0 0 1
    outer loop
      vertex 10.35 0 24
      vertex 9 0 24
      vertex 10.3278 -0.676922 24
    endloop
  endfacet
  facet normal 0 0 1
    outer loop
      vertex 8.923 1.17474 24
      vertex 10.2615 1.35095 24
      vertex 10.1511 2.01918 24
    endloop
  endfacet
  facet normal -0 0 1
    outer loop
      vertex 8.98073 -0.588628 24
      vertex 10.3278 -0.676922 24
      vertex 9 0 24
    endloop
  endfacet
  facet normal 0 0 1
    outer loop
      vertex 8.82707 1.75581 24
      vertex 10.1511 2.01918 24
      vertex 9.99733 2.67878 24
    endloop
  endfacet
  facet normal 0 0 1
    outer loop
      vertex 10.3278 -0.676922 24
      vertex 8.98073 -0.588628 24
      vertex 10.2615 -1.35095 24
    endloop
  endfacet
  facet normal 0 0 1
    outer loop
      vertex 8.69333 2.32937 24
      vertex 9.99733 2.67878 24
      vertex 9.80073 3.3269 24
    endloop
  endfacet
  facet normal -0 0 1
    outer loop
      vertex 8.923 -1.17474 24
      vertex 10.2615 -1.35095 24
      vertex 8.98073 -0.588628 24
    endloop
  endfacet
  facet normal 0 0 1
    outer loop
      vertex 8.52237 2.89295 24
      vertex 9.80073 3.3269 24
      vertex 9.56215 3.96077 24
    endloop
  endfacet
  facet normal 0 0 1
    outer loop
      vertex 10.2615 -1.35095 24
      vertex 8.923 -1.17474 24
      vertex 10.1511 -2.01918 24
    endloop
  endfacet
  facet normal 0 0 1
    outer loop
      vertex 8.31492 3.44415 24
      vertex 9.56215 3.96077 24
      vertex 9.28263 4.57769 24
    endloop
  endfacet
  facet normal -0 0 1
    outer loop
      vertex 8.82707 -1.75581 24
      vertex 10.1511 -2.01918 24
      vertex 8.923 -1.17474 24
    endloop
  endfacet
  facet normal 0 0 1
    outer loop
      vertex 10.1511 -2.01918 24
      vertex 8.82707 -1.75581 24
      vertex 9.99733 -2.67878 24
    endloop
  endfacet
  facet normal 0 0 1
    outer loop
      vertex 10.3278 0.676922 24
      vertex 8.98073 0.588628 24
      vertex 9 0 24
    endloop
  endfacet
  facet normal 0 0 1
    outer loop
      vertex 8.07185 3.9806 24
      vertex 9.28263 4.57769 24
      vertex 8.96336 5.175 24
    endloop
  endfacet
  facet normal 0 0 1
    outer loop
      vertex 10.2615 1.35095 24
      vertex 8.923 1.17474 24
      vertex 8.98073 0.588628 24
    endloop
  endfacet
  facet normal 0 0 1
    outer loop
      vertex 10.1511 2.01918 24
      vertex 8.82707 1.75581 24
      vertex 8.923 1.17474 24
    endloop
  endfacet
  facet normal 0 0 1
    outer loop
      vertex 9.99733 2.67878 24
      vertex 8.69333 2.32937 24
      vertex 8.82707 1.75581 24
    endloop
  endfacet
  facet normal 0 0 1
    outer loop
      vertex 7.79423 4.5 24
      vertex 8.96336 5.175 24
      vertex 8.60571 5.75015 24
    endloop
  endfacet
  facet normal 0 0 1
    outer loop
      vertex 9.80073 3.3269 24
      vertex 8.52237 2.89295 24
      vertex 8.69333 2.32937 24
    endloop
  endfacet
  facet normal 0 0 1
    outer loop
      vertex 9.56215 3.96077 24
      vertex 8.31492 3.44415 24
      vertex 8.52237 2.89295 24
    endloop
  endfacet
  facet normal 0 0 1
    outer loop
      vertex 7.48323 5.00013 24
      vertex 8.60571 5.75015 24
      vertex 8.21121 6.30068 24
    endloop
  endfacet
  facet normal 0 0 1
    outer loop
      vertex 9.28263 4.57769 24
      vertex 8.07185 3.9806 24
      vertex 8.31492 3.44415 24
    endloop
  endfacet
  facet normal 0 0 1
    outer loop
      vertex 8.96336 5.175 24
      vertex 7.79423 4.5 24
      vertex 8.07185 3.9806 24
    endloop
  endfacet
  facet normal 0 0 1
    outer loop
      vertex 7.14018 5.47885 24
      vertex 8.21121 6.30068 24
      vertex 7.78154 6.82423 24
    endloop
  endfacet
  facet normal 0 0 1
    outer loop
      vertex 8.60571 5.75015 24
      vertex 7.48323 5.00013 24
      vertex 7.79423 4.5 24
    endloop
  endfacet
  facet normal 0 0 1
    outer loop
      vertex 6.76656 5.93411 24
      vertex 7.78154 6.82423 24
      vertex 7.31855 7.31855 24
    endloop
  endfacet
  facet normal 0 0 1
    outer loop
      vertex 8.21121 6.30068 24
      vertex 7.14018 5.47885 24
      vertex 7.48323 5.00013 24
    endloop
  endfacet
  facet normal 0 0 1
    outer loop
      vertex 6.36396 6.36396 24
      vertex 7.31855 7.31855 24
      vertex 6.82423 7.78154 24
    endloop
  endfacet
  facet normal 0 0 1
    outer loop
      vertex 7.78154 6.82423 24
      vertex 6.76656 5.93411 24
      vertex 7.14018 5.47885 24
    endloop
  endfacet
  facet normal 0 0 1
    outer loop
      vertex 7.31855 7.31855 24
      vertex 6.36396 6.36396 24
      vertex 6.76656 5.93411 24
    endloop
  endfacet
  facet normal 0 0 1
    outer loop
      vertex 5.93411 6.76656 24
      vertex 6.82423 7.78154 24
      vertex 6.30068 8.21121 24
    endloop
  endfacet
  facet normal 0 0 1
    outer loop
      vertex 6.82423 7.78154 24
      vertex 5.93411 6.76656 24
      vertex 6.36396 6.36396 24
    endloop
  endfacet
  facet normal 0 0 1
    outer loop
      vertex 5.47885 7.14018 24
      vertex 6.30068 8.21121 24
      vertex 5.75015 8.60571 24
    endloop
  endfacet
  facet normal 0 0 1
    outer loop
      vertex 6.30068 8.21121 24
      vertex 5.47885 7.14018 24
      vertex 5.93411 6.76656 24
    endloop
  endfacet
  facet normal 0 0 1
    outer loop
      vertex 5.00013 7.48323 24
      vertex 5.75015 8.60571 24
      vertex 5.175 8.96336 24
    endloop
  endfacet
  facet normal 0 0 1
    outer loop
      vertex 5.75015 8.60571 24
      vertex 5.00013 7.48323 24
      vertex 5.47885 7.14018 24
    endloop
  endfacet
  facet normal 0 0 1
    outer loop
      vertex 4.5 7.79423 24
      vertex 5.175 8.96336 24
      vertex 4.57769 9.28263 24
    endloop
  endfacet
  facet normal 0 0 1
    outer loop
      vertex 5.175 8.96336 24
      vertex 4.5 7.79423 24
      vertex 5.00013 7.48323 24
    endloop
  endfacet
  facet normal 0 0 1
    outer loop
      vertex 4.57769 9.28263 24
      vertex 3.9806 8.07185 24
      vertex 4.5 7.79423 24
    endloop
  endfacet
  facet normal 0 0 1
    outer loop
      vertex 3.96077 9.56215 24
      vertex 3.9806 8.07185 24
      vertex 4.57769 9.28263 24
    endloop
  endfacet
  facet normal 0 0 1
    outer loop
      vertex 3.96077 9.56215 24
      vertex 3.44415 8.31492 24
      vertex 3.9806 8.07185 24
    endloop
  endfacet
  facet normal 0 0 1
    outer loop
      vertex 3.3269 9.80073 24
      vertex 3.44415 8.31492 24
      vertex 3.96077 9.56215 24
    endloop
  endfacet
  facet normal 0 0 1
    outer loop
      vertex 3.3269 9.80073 24
      vertex 2.89295 8.52237 24
      vertex 3.44415 8.31492 24
    endloop
  endfacet
  facet normal 0 0 1
    outer loop
      vertex 2.67878 9.99733 24
      vertex 2.89295 8.52237 24
      vertex 3.3269 9.80073 24
    endloop
  endfacet
  facet normal 0 0 1
    outer loop
      vertex 2.67878 9.99733 24
      vertex 2.32937 8.69333 24
      vertex 2.89295 8.52237 24
    endloop
  endfacet
  facet normal 0 0 1
    outer loop
      vertex 2.01918 10.1511 24
      vertex 2.32937 8.69333 24
      vertex 2.67878 9.99733 24
    endloop
  endfacet
  facet normal 0 0 1
    outer loop
      vertex 2.01918 10.1511 24
      vertex 1.75581 8.82707 24
      vertex 2.32937 8.69333 24
    endloop
  endfacet
  facet normal 0 0 1
    outer loop
      vertex 1.35095 10.2615 24
      vertex 1.75581 8.82707 24
      vertex 2.01918 10.1511 24
    endloop
  endfacet
  facet normal 0 0 1
    outer loop
      vertex 1.35095 10.2615 24
      vertex 1.17474 8.923 24
      vertex 1.75581 8.82707 24
    endloop
  endfacet
  facet normal 0 0 1
    outer loop
      vertex 0.676922 10.3278 24
      vertex 1.17474 8.923 24
      vertex 1.35095 10.2615 24
    endloop
  endfacet
  facet normal 0 0 1
    outer loop
      vertex 0.676922 10.3278 24
      vertex 0.588628 8.98073 24
      vertex 1.17474 8.923 24
    endloop
  endfacet
  facet normal 0 0 1
    outer loop
      vertex 0 10.35 24
      vertex 0.588628 8.98073 24
      vertex 0.676922 10.3278 24
    endloop
  endfacet
  facet normal 0 0 1
    outer loop
      vertex 0 10.35 24
      vertex 0 9 24
      vertex 0.588628 8.98073 24
    endloop
  endfacet
  facet normal 0 0 1
    outer loop
      vertex 0 10.35 24
      vertex -0.588628 8.98073 24
      vertex 0 9 24
    endloop
  endfacet
  facet normal -0 0 1
    outer loop
      vertex -0.676922 10.3278 24
      vertex -0.588628 8.98073 24
      vertex 0 10.35 24
    endloop
  endfacet
  facet normal 0 0 1
    outer loop
      vertex -0.676922 10.3278 24
      vertex -1.17474 8.923 24
      vertex -0.588628 8.98073 24
    endloop
  endfacet
  facet normal -0 0 1
    outer loop
      vertex -1.35095 10.2615 24
      vertex -1.17474 8.923 24
      vertex -0.676922 10.3278 24
    endloop
  endfacet
  facet normal 0 0 1
    outer loop
      vertex -1.35095 10.2615 24
      vertex -1.75581 8.82707 24
      vertex -1.17474 8.923 24
    endloop
  endfacet
  facet normal -0 0 1
    outer loop
      vertex -2.01918 10.1511 24
      vertex -1.75581 8.82707 24
      vertex -1.35095 10.2615 24
    endloop
  endfacet
  facet normal 0 0 1
    outer loop
      vertex -2.01918 10.1511 24
      vertex -2.32937 8.69333 24
      vertex -1.75581 8.82707 24
    endloop
  endfacet
  facet normal -0 0 1
    outer loop
      vertex -2.67878 9.99733 24
      vertex -2.32937 8.69333 24
      vertex -2.01918 10.1511 24
    endloop
  endfacet
  facet normal 0 0 1
    outer loop
      vertex -2.67878 9.99733 24
      vertex -2.89295 8.52237 24
      vertex -2.32937 8.69333 24
    endloop
  endfacet
  facet normal -0 0 1
    outer loop
      vertex -3.3269 9.80073 24
      vertex -2.89295 8.52237 24
      vertex -2.67878 9.99733 24
    endloop
  endfacet
  facet normal 0 0 1
    outer loop
      vertex -3.3269 9.80073 24
      vertex -3.44415 8.31492 24
      vertex -2.89295 8.52237 24
    endloop
  endfacet
  facet normal -0 0 1
    outer loop
      vertex -3.96077 9.56215 24
      vertex -3.44415 8.31492 24
      vertex -3.3269 9.80073 24
    endloop
  endfacet
  facet normal 0 0 1
    outer loop
      vertex -3.96077 9.56215 24
      vertex -3.9806 8.07185 24
      vertex -3.44415 8.31492 24
    endloop
  endfacet
  facet normal -0 0 1
    outer loop
      vertex -4.57769 9.28263 24
      vertex -3.9806 8.07185 24
      vertex -3.96077 9.56215 24
    endloop
  endfacet
  facet normal 0 0 1
    outer loop
      vertex -3.9806 8.07185 24
      vertex -4.57769 9.28263 24
      vertex -4.5 7.79423 24
    endloop
  endfacet
  facet normal -0 0 1
    outer loop
      vertex -5.175 8.96336 24
      vertex -4.5 7.79423 24
      vertex -4.57769 9.28263 24
    endloop
  endfacet
  facet normal 0 0 1
    outer loop
      vertex -4.5 7.79423 24
      vertex -5.175 8.96336 24
      vertex -5.00013 7.48323 24
    endloop
  endfacet
  facet normal -0 0 1
    outer loop
      vertex -5.75015 8.60571 24
      vertex -5.00013 7.48323 24
      vertex -5.175 8.96336 24
    endloop
  endfacet
  facet normal 0 0 1
    outer loop
      vertex -5.00013 7.48323 24
      vertex -5.75015 8.60571 24
      vertex -5.47885 7.14018 24
    endloop
  endfacet
  facet normal -0 0 1
    outer loop
      vertex -6.30068 8.21121 24
      vertex -5.47885 7.14018 24
      vertex -5.75015 8.60571 24
    endloop
  endfacet
  facet normal 0 0 1
    outer loop
      vertex -5.47885 7.14018 24
      vertex -6.30068 8.21121 24
      vertex -5.93411 6.76656 24
    endloop
  endfacet
  facet normal -0 0 1
    outer loop
      vertex -6.82423 7.78154 24
      vertex -5.93411 6.76656 24
      vertex -6.30068 8.21121 24
    endloop
  endfacet
  facet normal 0 0 1
    outer loop
      vertex -5.93411 6.76656 24
      vertex -6.82423 7.78154 24
      vertex -6.36396 6.36396 24
    endloop
  endfacet
  facet normal -0 0 1
    outer loop
      vertex -7.31855 7.31855 24
      vertex -6.36396 6.36396 24
      vertex -6.82423 7.78154 24
    endloop
  endfacet
  facet normal 0 0 1
    outer loop
      vertex -6.36396 6.36396 24
      vertex -7.31855 7.31855 24
      vertex -6.76656 5.93411 24
    endloop
  endfacet
  facet normal -0 0 1
    outer loop
      vertex -7.78154 6.82423 24
      vertex -6.76656 5.93411 24
      vertex -7.31855 7.31855 24
    endloop
  endfacet
  facet normal 0 0 1
    outer loop
      vertex -6.76656 5.93411 24
      vertex -7.78154 6.82423 24
      vertex -7.14018 5.47885 24
    endloop
  endfacet
  facet normal -0 0 1
    outer loop
      vertex -8.21121 6.30068 24
      vertex -7.14018 5.47885 24
      vertex -7.78154 6.82423 24
    endloop
  endfacet
  facet normal 0 0 1
    outer loop
      vertex -7.14018 5.47885 24
      vertex -8.21121 6.30068 24
      vertex -7.48323 5.00013 24
    endloop
  endfacet
  facet normal -0 0 1
    outer loop
      vertex -8.60571 5.75015 24
      vertex -7.48323 5.00013 24
      vertex -8.21121 6.30068 24
    endloop
  endfacet
  facet normal 0 0 1
    outer loop
      vertex -7.48323 5.00013 24
      vertex -8.60571 5.75015 24
      vertex -7.79423 4.5 24
    endloop
  endfacet
  facet normal -0 0 1
    outer loop
      vertex -8.96336 5.175 24
      vertex -7.79423 4.5 24
      vertex -8.60571 5.75015 24
    endloop
  endfacet
  facet normal 0 0 1
    outer loop
      vertex -7.79423 4.5 24
      vertex -8.96336 5.175 24
      vertex -8.07185 3.9806 24
    endloop
  endfacet
  facet normal -0 0 1
    outer loop
      vertex -9.28263 4.57769 24
      vertex -8.07185 3.9806 24
      vertex -8.96336 5.175 24
    endloop
  endfacet
  facet normal 0 0 1
    outer loop
      vertex -8.07185 3.9806 24
      vertex -9.28263 4.57769 24
      vertex -8.31492 3.44415 24
    endloop
  endfacet
  facet normal -0 0 1
    outer loop
      vertex -9.56215 3.96077 24
      vertex -8.31492 3.44415 24
      vertex -9.28263 4.57769 24
    endloop
  endfacet
  facet normal 0 0 1
    outer loop
      vertex -8.31492 3.44415 24
      vertex -9.56215 3.96077 24
      vertex -8.52237 2.89295 24
    endloop
  endfacet
  facet normal -0 0 1
    outer loop
      vertex -9.80073 3.3269 24
      vertex -8.52237 2.89295 24
      vertex -9.56215 3.96077 24
    endloop
  endfacet
  facet normal 0 0 1
    outer loop
      vertex -8.52237 2.89295 24
      vertex -9.80073 3.3269 24
      vertex -8.69333 2.32937 24
    endloop
  endfacet
  facet normal -0 0 1
    outer loop
      vertex -9.99733 2.67878 24
      vertex -8.69333 2.32937 24
      vertex -9.80073 3.3269 24
    endloop
  endfacet
  facet normal 0 0 1
    outer loop
      vertex -8.69333 2.32937 24
      vertex -9.99733 2.67878 24
      vertex -8.82707 1.75581 24
    endloop
  endfacet
  facet normal -0 0 1
    outer loop
      vertex 8.69333 -2.32937 24
      vertex 9.99733 -2.67878 24
      vertex 8.82707 -1.75581 24
    endloop
  endfacet
  facet normal 0 0 1
    outer loop
      vertex 9.99733 -2.67878 24
      vertex 8.69333 -2.32937 24
      vertex 9.80073 -3.3269 24
    endloop
  endfacet
  facet normal -0 0 1
    outer loop
      vertex 8.52237 -2.89295 24
      vertex 9.80073 -3.3269 24
      vertex 8.69333 -2.32937 24
    endloop
  endfacet
  facet normal 0 0 1
    outer loop
      vertex 9.80073 -3.3269 24
      vertex 8.52237 -2.89295 24
      vertex 9.56215 -3.96077 24
    endloop
  endfacet
  facet normal -0 0 1
    outer loop
      vertex 8.31492 -3.44415 24
      vertex 9.56215 -3.96077 24
      vertex 8.52237 -2.89295 24
    endloop
  endfacet
  facet normal 0 0 1
    outer loop
      vertex 9.56215 -3.96077 24
      vertex 8.31492 -3.44415 24
      vertex 9.28263 -4.57769 24
    endloop
  endfacet
  facet normal -0 0 1
    outer loop
      vertex 8.07185 -3.9806 24
      vertex 9.28263 -4.57769 24
      vertex 8.31492 -3.44415 24
    endloop
  endfacet
  facet normal 0 0 1
    outer loop
      vertex 9.28263 -4.57769 24
      vertex 8.07185 -3.9806 24
      vertex 8.96336 -5.175 24
    endloop
  endfacet
  facet normal -0 0 1
    outer loop
      vertex 7.79423 -4.5 24
      vertex 8.96336 -5.175 24
      vertex 8.07185 -3.9806 24
    endloop
  endfacet
  facet normal 0 0 1
    outer loop
      vertex 8.96336 -5.175 24
      vertex 7.79423 -4.5 24
      vertex 8.60571 -5.75015 24
    endloop
  endfacet
  facet normal -0 0 1
    outer loop
      vertex 7.48323 -5.00013 24
      vertex 8.60571 -5.75015 24
      vertex 7.79423 -4.5 24
    endloop
  endfacet
  facet normal 0 0 1
    outer loop
      vertex 8.60571 -5.75015 24
      vertex 7.48323 -5.00013 24
      vertex 8.21121 -6.30068 24
    endloop
  endfacet
  facet normal -0 0 1
    outer loop
      vertex 7.14018 -5.47885 24
      vertex 8.21121 -6.30068 24
      vertex 7.48323 -5.00013 24
    endloop
  endfacet
  facet normal 0 0 1
    outer loop
      vertex 8.21121 -6.30068 24
      vertex 7.14018 -5.47885 24
      vertex 7.78154 -6.82423 24
    endloop
  endfacet
  facet normal -0 0 1
    outer loop
      vertex 6.76656 -5.93411 24
      vertex 7.78154 -6.82423 24
      vertex 7.14018 -5.47885 24
    endloop
  endfacet
  facet normal 0 0 1
    outer loop
      vertex 7.78154 -6.82423 24
      vertex 6.76656 -5.93411 24
      vertex 7.31855 -7.31855 24
    endloop
  endfacet
  facet normal -0 0 1
    outer loop
      vertex 6.36396 -6.36396 24
      vertex 7.31855 -7.31855 24
      vertex 6.76656 -5.93411 24
    endloop
  endfacet
  facet normal 0 0 1
    outer loop
      vertex 7.31855 -7.31855 24
      vertex 6.36396 -6.36396 24
      vertex 6.82423 -7.78154 24
    endloop
  endfacet
  facet normal -0 0 1
    outer loop
      vertex 5.93411 -6.76656 24
      vertex 6.82423 -7.78154 24
      vertex 6.36396 -6.36396 24
    endloop
  endfacet
  facet normal 0 0 1
    outer loop
      vertex 6.82423 -7.78154 24
      vertex 5.93411 -6.76656 24
      vertex 6.30068 -8.21121 24
    endloop
  endfacet
  facet normal -0 0 1
    outer loop
      vertex 5.47885 -7.14018 24
      vertex 6.30068 -8.21121 24
      vertex 5.93411 -6.76656 24
    endloop
  endfacet
  facet normal 0 0 1
    outer loop
      vertex 6.30068 -8.21121 24
      vertex 5.47885 -7.14018 24
      vertex 5.75015 -8.60571 24
    endloop
  endfacet
  facet normal -0 0 1
    outer loop
      vertex 5.00013 -7.48323 24
      vertex 5.75015 -8.60571 24
      vertex 5.47885 -7.14018 24
    endloop
  endfacet
  facet normal 0 0 1
    outer loop
      vertex 5.75015 -8.60571 24
      vertex 5.00013 -7.48323 24
      vertex 5.175 -8.96336 24
    endloop
  endfacet
  facet normal -0 0 1
    outer loop
      vertex 4.5 -7.79423 24
      vertex 5.175 -8.96336 24
      vertex 5.00013 -7.48323 24
    endloop
  endfacet
  facet normal 0 0 1
    outer loop
      vertex 5.175 -8.96336 24
      vertex 4.5 -7.79423 24
      vertex 4.57769 -9.28263 24
    endloop
  endfacet
  facet normal -0 0 1
    outer loop
      vertex 3.9806 -8.07185 24
      vertex 4.57769 -9.28263 24
      vertex 4.5 -7.79423 24
    endloop
  endfacet
  facet normal 0 0 1
    outer loop
      vertex 3.9806 -8.07185 24
      vertex 3.96077 -9.56215 24
      vertex 4.57769 -9.28263 24
    endloop
  endfacet
  facet normal -0 0 1
    outer loop
      vertex 3.44415 -8.31492 24
      vertex 3.96077 -9.56215 24
      vertex 3.9806 -8.07185 24
    endloop
  endfacet
  facet normal 0 0 1
    outer loop
      vertex 3.44415 -8.31492 24
      vertex 3.3269 -9.80073 24
      vertex 3.96077 -9.56215 24
    endloop
  endfacet
  facet normal -0 0 1
    outer loop
      vertex 2.89295 -8.52237 24
      vertex 3.3269 -9.80073 24
      vertex 3.44415 -8.31492 24
    endloop
  endfacet
  facet normal 0 0 1
    outer loop
      vertex 2.89295 -8.52237 24
      vertex 2.67878 -9.99733 24
      vertex 3.3269 -9.80073 24
    endloop
  endfacet
  facet normal -0 0 1
    outer loop
      vertex 2.32937 -8.69333 24
      vertex 2.67878 -9.99733 24
      vertex 2.89295 -8.52237 24
    endloop
  endfacet
  facet normal 0 0 1
    outer loop
      vertex 2.32937 -8.69333 24
      vertex 2.01918 -10.1511 24
      vertex 2.67878 -9.99733 24
    endloop
  endfacet
  facet normal -0 0 1
    outer loop
      vertex 1.75581 -8.82707 24
      vertex 2.01918 -10.1511 24
      vertex 2.32937 -8.69333 24
    endloop
  endfacet
  facet normal 0 0 1
    outer loop
      vertex 1.75581 -8.82707 24
      vertex 1.35095 -10.2615 24
      vertex 2.01918 -10.1511 24
    endloop
  endfacet
  facet normal -0 0 1
    outer loop
      vertex 1.17474 -8.923 24
      vertex 1.35095 -10.2615 24
      vertex 1.75581 -8.82707 24
    endloop
  endfacet
  facet normal 0 0 1
    outer loop
      vertex 1.17474 -8.923 24
      vertex 0.676922 -10.3278 24
      vertex 1.35095 -10.2615 24
    endloop
  endfacet
  facet normal -0 0 1
    outer loop
      vertex 0.588628 -8.98073 24
      vertex 0.676922 -10.3278 24
      vertex 1.17474 -8.923 24
    endloop
  endfacet
  facet normal -0 0 1
    outer loop
      vertex 0 -9 24
      vertex 0.676922 -10.3278 24
      vertex 0.588628 -8.98073 24
    endloop
  endfacet
  facet normal 0 0 1
    outer loop
      vertex 0 -9 24
      vertex 0 -10.35 24
      vertex 0.676922 -10.3278 24
    endloop
  endfacet
  facet normal 0 0 1
    outer loop
      vertex -0.588628 -8.98073 24
      vertex 0 -10.35 24
      vertex 0 -9 24
    endloop
  endfacet
  facet normal 0 0 1
    outer loop
      vertex -0.588628 -8.98073 24
      vertex -0.676922 -10.3278 24
      vertex 0 -10.35 24
    endloop
  endfacet
  facet normal 0 0 1
    outer loop
      vertex -1.17474 -8.923 24
      vertex -0.676922 -10.3278 24
      vertex -0.588628 -8.98073 24
    endloop
  endfacet
  facet normal 0 0 1
    outer loop
      vertex -1.17474 -8.923 24
      vertex -1.35095 -10.2615 24
      vertex -0.676922 -10.3278 24
    endloop
  endfacet
  facet normal 0 0 1
    outer loop
      vertex -1.75581 -8.82707 24
      vertex -1.35095 -10.2615 24
      vertex -1.17474 -8.923 24
    endloop
  endfacet
  facet normal 0 0 1
    outer loop
      vertex -1.75581 -8.82707 24
      vertex -2.01918 -10.1511 24
      vertex -1.35095 -10.2615 24
    endloop
  endfacet
  facet normal 0 0 1
    outer loop
      vertex -2.32937 -8.69333 24
      vertex -2.01918 -10.1511 24
      vertex -1.75581 -8.82707 24
    endloop
  endfacet
  facet normal 0 0 1
    outer loop
      vertex -2.32937 -8.69333 24
      vertex -2.67878 -9.99733 24
      vertex -2.01918 -10.1511 24
    endloop
  endfacet
  facet normal 0 0 1
    outer loop
      vertex -2.89295 -8.52237 24
      vertex -2.67878 -9.99733 24
      vertex -2.32937 -8.69333 24
    endloop
  endfacet
  facet normal 0 0 1
    outer loop
      vertex -2.89295 -8.52237 24
      vertex -3.3269 -9.80073 24
      vertex -2.67878 -9.99733 24
    endloop
  endfacet
  facet normal 0 0 1
    outer loop
      vertex -3.44415 -8.31492 24
      vertex -3.3269 -9.80073 24
      vertex -2.89295 -8.52237 24
    endloop
  endfacet
  facet normal 0 0 1
    outer loop
      vertex -3.44415 -8.31492 24
      vertex -3.96077 -9.56215 24
      vertex -3.3269 -9.80073 24
    endloop
  endfacet
  facet normal 0 0 1
    outer loop
      vertex -3.9806 -8.07185 24
      vertex -3.96077 -9.56215 24
      vertex -3.44415 -8.31492 24
    endloop
  endfacet
  facet normal 0 0 1
    outer loop
      vertex -4.57769 -9.28263 24
      vertex -3.9806 -8.07185 24
      vertex -4.5 -7.79423 24
    endloop
  endfacet
  facet normal 0 0 1
    outer loop
      vertex -3.9806 -8.07185 24
      vertex -4.57769 -9.28263 24
      vertex -3.96077 -9.56215 24
    endloop
  endfacet
  facet normal 0 0 1
    outer loop
      vertex -5.175 -8.96336 24
      vertex -4.5 -7.79423 24
      vertex -5.00013 -7.48323 24
    endloop
  endfacet
  facet normal 0 0 1
    outer loop
      vertex -4.5 -7.79423 24
      vertex -5.175 -8.96336 24
      vertex -4.57769 -9.28263 24
    endloop
  endfacet
  facet normal 0 0 1
    outer loop
      vertex -5.75015 -8.60571 24
      vertex -5.00013 -7.48323 24
      vertex -5.47885 -7.14018 24
    endloop
  endfacet
  facet normal 0 0 1
    outer loop
      vertex -5.00013 -7.48323 24
      vertex -5.75015 -8.60571 24
      vertex -5.175 -8.96336 24
    endloop
  endfacet
  facet normal 0 0 1
    outer loop
      vertex -6.30068 -8.21121 24
      vertex -5.47885 -7.14018 24
      vertex -5.93411 -6.76656 24
    endloop
  endfacet
  facet normal 0 0 1
    outer loop
      vertex -5.47885 -7.14018 24
      vertex -6.30068 -8.21121 24
      vertex -5.75015 -8.60571 24
    endloop
  endfacet
  facet normal 0 0 1
    outer loop
      vertex -6.82423 -7.78154 24
      vertex -5.93411 -6.76656 24
      vertex -6.36396 -6.36396 24
    endloop
  endfacet
  facet normal 0 0 1
    outer loop
      vertex -7.31855 -7.31855 24
      vertex -6.36396 -6.36396 24
      vertex -6.76656 -5.93411 24
    endloop
  endfacet
  facet normal 0 0 1
    outer loop
      vertex -5.93411 -6.76656 24
      vertex -6.82423 -7.78154 24
      vertex -6.30068 -8.21121 24
    endloop
  endfacet
  facet normal 0 0 1
    outer loop
      vertex -7.78154 -6.82423 24
      vertex -6.76656 -5.93411 24
      vertex -7.14018 -5.47885 24
    endloop
  endfacet
  facet normal 0 0 1
    outer loop
      vertex -6.36396 -6.36396 24
      vertex -7.31855 -7.31855 24
      vertex -6.82423 -7.78154 24
    endloop
  endfacet
  facet normal 0 0 1
    outer loop
      vertex -8.21121 -6.30068 24
      vertex -7.14018 -5.47885 24
      vertex -7.48323 -5.00013 24
    endloop
  endfacet
  facet normal 0 0 1
    outer loop
      vertex -6.76656 -5.93411 24
      vertex -7.78154 -6.82423 24
      vertex -7.31855 -7.31855 24
    endloop
  endfacet
  facet normal 0 0 1
    outer loop
      vertex -8.60571 -5.75015 24
      vertex -7.48323 -5.00013 24
      vertex -7.79423 -4.5 24
    endloop
  endfacet
  facet normal 0 0 1
    outer loop
      vertex -8.96336 -5.175 24
      vertex -7.79423 -4.5 24
      vertex -8.07185 -3.9806 24
    endloop
  endfacet
  facet normal 0 0 1
    outer loop
      vertex -7.14018 -5.47885 24
      vertex -8.21121 -6.30068 24
      vertex -7.78154 -6.82423 24
    endloop
  endfacet
  facet normal 0 0 1
    outer loop
      vertex -9.28263 -4.57769 24
      vertex -8.07185 -3.9806 24
      vertex -8.31492 -3.44415 24
    endloop
  endfacet
  facet normal 0 0 1
    outer loop
      vertex -9.56215 -3.96077 24
      vertex -8.31492 -3.44415 24
      vertex -8.52237 -2.89295 24
    endloop
  endfacet
  facet normal 0 0 1
    outer loop
      vertex -7.48323 -5.00013 24
      vertex -8.60571 -5.75015 24
      vertex -8.21121 -6.30068 24
    endloop
  endfacet
  facet normal 0 0 1
    outer loop
      vertex -9.80073 -3.3269 24
      vertex -8.52237 -2.89295 24
      vertex -8.69333 -2.32937 24
    endloop
  endfacet
  facet normal 0 0 1
    outer loop
      vertex -9.99733 -2.67878 24
      vertex -8.69333 -2.32937 24
      vertex -8.82707 -1.75581 24
    endloop
  endfacet
  facet normal 0 0 1
    outer loop
      vertex -10.1511 -2.01918 24
      vertex -8.82707 -1.75581 24
      vertex -8.923 -1.17474 24
    endloop
  endfacet
  facet normal 0 0 1
    outer loop
      vertex -7.79423 -4.5 24
      vertex -8.96336 -5.175 24
      vertex -8.60571 -5.75015 24
    endloop
  endfacet
  facet normal 0 0 1
    outer loop
      vertex -10.2615 -1.35095 24
      vertex -8.923 -1.17474 24
      vertex -8.98073 -0.588628 24
    endloop
  endfacet
  facet normal 0 0 1
    outer loop
      vertex -10.3278 -0.676922 24
      vertex -8.98073 -0.588628 24
      vertex -9 0 24
    endloop
  endfacet
  facet normal -0 0 1
    outer loop
      vertex -10.1511 2.01918 24
      vertex -8.82707 1.75581 24
      vertex -9.99733 2.67878 24
    endloop
  endfacet
  facet normal 0 0 1
    outer loop
      vertex -8.07185 -3.9806 24
      vertex -9.28263 -4.57769 24
      vertex -8.96336 -5.175 24
    endloop
  endfacet
  facet normal 0 0 1
    outer loop
      vertex -8.82707 1.75581 24
      vertex -10.1511 2.01918 24
      vertex -8.923 1.17474 24
    endloop
  endfacet
  facet normal 0 0 1
    outer loop
      vertex -8.31492 -3.44415 24
      vertex -9.56215 -3.96077 24
      vertex -9.28263 -4.57769 24
    endloop
  endfacet
  facet normal -0 0 1
    outer loop
      vertex -10.2615 1.35095 24
      vertex -8.923 1.17474 24
      vertex -10.1511 2.01918 24
    endloop
  endfacet
  facet normal 0 0 1
    outer loop
      vertex -8.52237 -2.89295 24
      vertex -9.80073 -3.3269 24
      vertex -9.56215 -3.96077 24
    endloop
  endfacet
  facet normal 0 0 1
    outer loop
      vertex -8.923 1.17474 24
      vertex -10.2615 1.35095 24
      vertex -8.98073 0.588628 24
    endloop
  endfacet
  facet normal 0 0 1
    outer loop
      vertex -8.69333 -2.32937 24
      vertex -9.99733 -2.67878 24
      vertex -9.80073 -3.3269 24
    endloop
  endfacet
  facet normal -0 0 1
    outer loop
      vertex -10.3278 0.676922 24
      vertex -8.98073 0.588628 24
      vertex -10.2615 1.35095 24
    endloop
  endfacet
  facet normal 0 0 1
    outer loop
      vertex -8.82707 -1.75581 24
      vertex -10.1511 -2.01918 24
      vertex -9.99733 -2.67878 24
    endloop
  endfacet
  facet normal 0 0 1
    outer loop
      vertex -8.98073 0.588628 24
      vertex -10.3278 0.676922 24
      vertex -9 0 24
    endloop
  endfacet
  facet normal 0 0 1
    outer loop
      vertex -8.923 -1.17474 24
      vertex -10.2615 -1.35095 24
      vertex -10.1511 -2.01918 24
    endloop
  endfacet
  facet normal 0 0 1
    outer loop
      vertex -10.35 0 24
      vertex -9 0 24
      vertex -10.3278 0.676922 24
    endloop
  endfacet
  facet normal 0 0 1
    outer loop
      vertex -8.98073 -0.588628 24
      vertex -10.3278 -0.676922 24
      vertex -10.2615 -1.35095 24
    endloop
  endfacet
  facet normal 0 0 1
    outer loop
      vertex -9 0 24
      vertex -10.35 0 24
      vertex -10.3278 -0.676922 24
    endloop
  endfacet
  facet normal -0.770211 -0.551919 -0.319626
    outer loop
      vertex -8.21121 -6.30068 24
      vertex -8.60571 -5.75015 24
      vertex -7.14018 -5.47885 20
    endloop
  endfacet
  facet normal 0.770211 0.551919 -0.319626
    outer loop
      vertex 8.60571 5.75015 24
      vertex 7.14018 5.47885 20
      vertex 8.21121 6.30068 24
    endloop
  endfacet
  facet normal -0.835659 0.446671 -0.319624
    outer loop
      vertex -7.79423 4.5 20
      vertex -9.28263 4.57769 24
      vertex -8.96336 5.175 24
    endloop
  endfacet
  facet normal 0.215129 0.922802 -0.319619
    outer loop
      vertex 2.67878 9.99733 24
      vertex 1.75581 8.82707 20
      vertex 2.01918 10.1511 24
    endloop
  endfacet
  facet normal -0.64774 0.691572 -0.319625
    outer loop
      vertex -5.93411 6.76656 20
      vertex -7.31855 7.31855 24
      vertex -6.82423 7.78154 24
    endloop
  endfacet
  facet normal -0.86308 0.391069 -0.319623
    outer loop
      vertex -8.31492 3.44415 20
      vertex -9.56215 3.96077 24
      vertex -8.07185 3.9806 20
    endloop
  endfacet
  facet normal 0.86308 0.391069 -0.319623
    outer loop
      vertex 8.31492 3.44415 20
      vertex 8.07185 3.9806 20
      vertex 9.56215 3.96077 24
    endloop
  endfacet
  facet normal 0.551928 0.770205 -0.319624
    outer loop
      vertex 5.47885 7.14018 20
      vertex 5.00013 7.48323 20
      vertex 5.75015 8.60571 24
    endloop
  endfacet
  facet normal 0.601114 0.732463 -0.319625
    outer loop
      vertex 5.93411 6.76656 20
      vertex 5.47885 7.14018 20
      vertex 6.82423 7.78154 24
    endloop
  endfacet
  facet normal 0.906743 0.275057 -0.319625
    outer loop
      vertex 8.69333 2.32937 20
      vertex 8.52237 2.89295 20
      vertex 9.99733 2.67878 24
    endloop
  endfacet
  facet normal 0.906745 0.275051 -0.319626
    outer loop
      vertex 9.99733 2.67878 24
      vertex 8.52237 2.89295 20
      vertex 9.80073 3.3269 24
    endloop
  endfacet
  facet normal -0.500367 0.804657 -0.319624
    outer loop
      vertex -5.00013 7.48323 20
      vertex -5.75015 8.60571 24
      vertex -4.5 7.79423 20
    endloop
  endfacet
  facet normal 0.391055 0.863085 -0.319625
    outer loop
      vertex 3.9806 8.07185 20
      vertex 3.96077 9.56215 24
      vertex 4.57769 9.28263 24
    endloop
  endfacet
  facet normal 0.804657 0.500367 -0.319624
    outer loop
      vertex 7.79423 4.5 20
      vertex 7.48323 5.00013 20
      vertex 8.60571 5.75015 24
    endloop
  endfacet
  facet normal 0.64774 0.691572 -0.319625
    outer loop
      vertex 7.31855 7.31855 24
      vertex 5.93411 6.76656 20
      vertex 6.82423 7.78154 24
    endloop
  endfacet
  facet normal 0.835663 0.446663 -0.319625
    outer loop
      vertex 8.07185 3.9806 20
      vertex 7.79423 4.5 20
      vertex 9.28263 4.57769 24
    endloop
  endfacet
  facet normal 0.835659 0.446671 -0.319624
    outer loop
      vertex 9.28263 4.57769 24
      vertex 7.79423 4.5 20
      vertex 8.96336 5.175 24
    endloop
  endfacet
  facet normal 0.647735 0.691577 -0.319624
    outer loop
      vertex 6.36396 6.36396 20
      vertex 5.93411 6.76656 20
      vertex 7.31855 7.31855 24
    endloop
  endfacet
  facet normal 0.500367 0.804657 -0.319624
    outer loop
      vertex 5.00013 7.48323 20
      vertex 4.5 7.79423 20
      vertex 5.75015 8.60571 24
    endloop
  endfacet
  facet normal 0.691572 0.64774 -0.319625
    outer loop
      vertex 7.78154 6.82423 24
      vertex 6.76656 5.93411 20
      vertex 7.31855 7.31855 24
    endloop
  endfacet
  facet normal 0.732463 0.601114 -0.319625
    outer loop
      vertex 7.14018 5.47885 20
      vertex 6.76656 5.93411 20
      vertex 7.78154 6.82423 24
    endloop
  endfacet
  facet normal 0.886808 0.333782 -0.319626
    outer loop
      vertex 9.80073 3.3269 24
      vertex 8.52237 2.89295 20
      vertex 9.56215 3.96077 24
    endloop
  endfacet
  facet normal 0.92279 0.215172 -0.319625
    outer loop
      vertex 8.82707 1.75581 20
      vertex 8.69333 2.32937 20
      vertex 9.99733 2.67878 24
    endloop
  endfacet
  facet normal 0.886816 0.333763 -0.319623
    outer loop
      vertex 8.52237 2.89295 20
      vertex 8.31492 3.44415 20
      vertex 9.56215 3.96077 24
    endloop
  endfacet
  facet normal 0.934873 0.154453 -0.31962
    outer loop
      vertex 10.2615 1.35095 24
      vertex 8.82707 1.75581 20
      vertex 10.1511 2.01918 24
    endloop
  endfacet
  facet normal 0.94299 0.0927561 -0.319634
    outer loop
      vertex 10.3278 0.676922 24
      vertex 8.923 1.17474 20
      vertex 10.2615 1.35095 24
    endloop
  endfacet
  facet normal 0.942984 0.0928806 -0.319617
    outer loop
      vertex 8.98073 0.588628 20
      vertex 8.923 1.17474 20
      vertex 10.3278 0.676922 24
    endloop
  endfacet
  facet normal -0.729863 -0.683594 0
    outer loop
      vertex -6.36396 -6.36396 24
      vertex -6.76656 -5.93411 27
      vertex -6.76656 -5.93411 24
    endloop
  endfacet
  facet normal -0.729863 -0.683594 0
    outer loop
      vertex -6.76656 -5.93411 27
      vertex -6.36396 -6.36396 24
      vertex -6.36396 -6.36396 27
    endloop
  endfacet
  facet normal 0.995184 0.0980222 0
    outer loop
      vertex 8.98073 0.588628 27
      vertex 8.923 1.17474 24
      vertex 8.923 1.17474 27
    endloop
  endfacet
  facet normal 0.995184 0.0980222 0
    outer loop
      vertex 8.923 1.17474 24
      vertex 8.98073 0.588628 27
      vertex 8.98073 0.588628 24
    endloop
  endfacet
  facet normal 0.999465 0.0327196 0
    outer loop
      vertex 9 0 27
      vertex 8.98073 0.588628 24
      vertex 8.98073 0.588628 27
    endloop
  endfacet
  facet normal 0.999465 0.0327196 0
    outer loop
      vertex 8.98073 0.588628 24
      vertex 9 0 27
      vertex 9 0 24
    endloop
  endfacet
  facet normal 0.986645 0.162887 0
    outer loop
      vertex 8.923 1.17474 27
      vertex 8.82707 1.75581 24
      vertex 8.82707 1.75581 27
    endloop
  endfacet
  facet normal 0.986645 0.162887 0
    outer loop
      vertex 8.82707 1.75581 24
      vertex 8.923 1.17474 27
      vertex 8.923 1.17474 24
    endloop
  endfacet
  facet normal -0.162887 0.986645 0
    outer loop
      vertex -1.17474 8.923 24
      vertex -1.75581 8.82707 27
      vertex -1.17474 8.923 27
    endloop
  endfacet
  facet normal -0.162887 0.986645 0
    outer loop
      vertex -1.75581 8.82707 27
      vertex -1.17474 8.923 24
      vertex -1.75581 8.82707 24
    endloop
  endfacet
  facet normal 0.412718 0.910859 -0
    outer loop
      vertex 3.9806 8.07185 24
      vertex 3.44415 8.31492 27
      vertex 3.9806 8.07185 27
    endloop
  endfacet
  facet normal 0.412718 0.910859 0
    outer loop
      vertex 3.44415 8.31492 27
      vertex 3.9806 8.07185 24
      vertex 3.44415 8.31492 24
    endloop
  endfacet
  facet normal -0.773012 0.634391 0
    outer loop
      vertex -7.14018 5.47885 24
      vertex -6.76656 5.93411 27
      vertex -6.76656 5.93411 24
    endloop
  endfacet
  facet normal -0.773012 0.634391 0
    outer loop
      vertex -6.76656 5.93411 27
      vertex -7.14018 5.47885 24
      vertex -7.14018 5.47885 27
    endloop
  endfacet
  facet normal -0.93591 0.35224 0
    outer loop
      vertex -8.52237 2.89295 24
      vertex -8.31492 3.44415 27
      vertex -8.31492 3.44415 24
    endloop
  endfacet
  facet normal -0.93591 0.35224 0
    outer loop
      vertex -8.31492 3.44415 27
      vertex -8.52237 2.89295 24
      vertex -8.52237 2.89295 27
    endloop
  endfacet
  facet normal 0.528067 0.849203 -0
    outer loop
      vertex 5.00013 7.48323 24
      vertex 4.5 7.79423 27
      vertex 5.00013 7.48323 27
    endloop
  endfacet
  facet normal 0.528067 0.849203 0
    outer loop
      vertex 4.5 7.79423 27
      vertex 5.00013 7.48323 24
      vertex 4.5 7.79423 24
    endloop
  endfacet
  facet normal 0.910859 -0.412718 0
    outer loop
      vertex 8.07185 -3.9806 27
      vertex 8.31492 -3.44415 24
      vertex 8.31492 -3.44415 27
    endloop
  endfacet
  facet normal 0.910859 -0.412718 0
    outer loop
      vertex 8.31492 -3.44415 24
      vertex 8.07185 -3.9806 27
      vertex 8.07185 -3.9806 24
    endloop
  endfacet
  facet normal 0.973875 0.227084 0
    outer loop
      vertex 8.82707 1.75581 27
      vertex 8.69333 2.32937 24
      vertex 8.69333 2.32937 27
    endloop
  endfacet
  facet normal 0.973875 0.227084 0
    outer loop
      vertex 8.69333 2.32937 24
      vertex 8.82707 1.75581 27
      vertex 8.82707 1.75581 24
    endloop
  endfacet
  facet normal 0.93591 -0.35224 0
    outer loop
      vertex 8.31492 -3.44415 27
      vertex 8.52237 -2.89295 24
      vertex 8.52237 -2.89295 27
    endloop
  endfacet
  facet normal 0.93591 -0.35224 0
    outer loop
      vertex 8.52237 -2.89295 24
      vertex 8.31492 -3.44415 27
      vertex 8.31492 -3.44415 24
    endloop
  endfacet
  facet normal -0.995184 0.0980222 0
    outer loop
      vertex -8.98073 0.588628 24
      vertex -8.923 1.17474 27
      vertex -8.923 1.17474 24
    endloop
  endfacet
  facet normal -0.995184 0.0980222 0
    outer loop
      vertex -8.923 1.17474 27
      vertex -8.98073 0.588628 24
      vertex -8.98073 0.588628 27
    endloop
  endfacet
  facet normal -0.290284 0.95694 0
    outer loop
      vertex -2.32937 8.69333 24
      vertex -2.89295 8.52237 27
      vertex -2.32937 8.69333 27
    endloop
  endfacet
  facet normal -0.290284 0.95694 0
    outer loop
      vertex -2.89295 8.52237 27
      vertex -2.32937 8.69333 24
      vertex -2.89295 8.52237 24
    endloop
  endfacet
  facet normal 0.0327196 -0.999465 0
    outer loop
      vertex 0 -9 24
      vertex 0.588628 -8.98073 27
      vertex 0 -9 27
    endloop
  endfacet
  facet normal 0.0327196 -0.999465 0
    outer loop
      vertex 0.588628 -8.98073 27
      vertex 0 -9 24
      vertex 0.588628 -8.98073 24
    endloop
  endfacet
  facet normal -0.849203 -0.528067 0
    outer loop
      vertex -7.48323 -5.00013 24
      vertex -7.79423 -4.5 27
      vertex -7.79423 -4.5 24
    endloop
  endfacet
  facet normal -0.849203 -0.528067 0
    outer loop
      vertex -7.79423 -4.5 27
      vertex -7.48323 -5.00013 24
      vertex -7.48323 -5.00013 27
    endloop
  endfacet
  facet normal -0.986645 -0.162887 0
    outer loop
      vertex -8.82707 -1.75581 24
      vertex -8.923 -1.17474 27
      vertex -8.923 -1.17474 24
    endloop
  endfacet
  facet normal -0.986645 -0.162887 0
    outer loop
      vertex -8.923 -1.17474 27
      vertex -8.82707 -1.75581 24
      vertex -8.82707 -1.75581 27
    endloop
  endfacet
  facet normal 0.582482 0.812843 -0
    outer loop
      vertex 5.47885 7.14018 24
      vertex 5.00013 7.48323 27
      vertex 5.47885 7.14018 27
    endloop
  endfacet
  facet normal 0.582482 0.812843 0
    outer loop
      vertex 5.00013 7.48323 27
      vertex 5.47885 7.14018 24
      vertex 5.00013 7.48323 24
    endloop
  endfacet
  facet normal -0.582482 0.812843 0
    outer loop
      vertex -5.00013 7.48323 24
      vertex -5.47885 7.14018 27
      vertex -5.00013 7.48323 27
    endloop
  endfacet
  facet normal -0.582482 0.812843 0
    outer loop
      vertex -5.47885 7.14018 27
      vertex -5.00013 7.48323 24
      vertex -5.47885 7.14018 24
    endloop
  endfacet
  facet normal 0.773012 -0.634391 0
    outer loop
      vertex 6.76656 -5.93411 27
      vertex 7.14018 -5.47885 24
      vertex 7.14018 -5.47885 27
    endloop
  endfacet
  facet normal 0.773012 -0.634391 0
    outer loop
      vertex 7.14018 -5.47885 24
      vertex 6.76656 -5.93411 27
      vertex 6.76656 -5.93411 24
    endloop
  endfacet
  facet normal 0.227084 -0.973875 0
    outer loop
      vertex 1.75581 -8.82707 24
      vertex 2.32937 -8.69333 27
      vertex 1.75581 -8.82707 27
    endloop
  endfacet
  facet normal 0.227084 -0.973875 0
    outer loop
      vertex 2.32937 -8.69333 27
      vertex 1.75581 -8.82707 24
      vertex 2.32937 -8.69333 24
    endloop
  endfacet
  facet normal -0.0327196 0.999465 0
    outer loop
      vertex 0 9 24
      vertex -0.588628 8.98073 27
      vertex 0 9 27
    endloop
  endfacet
  facet normal -0.0327196 0.999465 0
    outer loop
      vertex -0.588628 8.98073 27
      vertex 0 9 24
      vertex -0.588628 8.98073 24
    endloop
  endfacet
  facet normal 0.881925 0.47139 0
    outer loop
      vertex 8.07185 3.9806 27
      vertex 7.79423 4.5 24
      vertex 7.79423 4.5 27
    endloop
  endfacet
  facet normal 0.881925 0.47139 0
    outer loop
      vertex 7.79423 4.5 24
      vertex 8.07185 3.9806 27
      vertex 8.07185 3.9806 24
    endloop
  endfacet
  facet normal 0.35224 -0.93591 0
    outer loop
      vertex 2.89295 -8.52237 24
      vertex 3.44415 -8.31492 27
      vertex 2.89295 -8.52237 27
    endloop
  endfacet
  facet normal 0.35224 -0.93591 0
    outer loop
      vertex 3.44415 -8.31492 27
      vertex 2.89295 -8.52237 24
      vertex 3.44415 -8.31492 24
    endloop
  endfacet
  facet normal 0.729863 0.683594 0
    outer loop
      vertex 6.76656 5.93411 27
      vertex 6.36396 6.36396 24
      vertex 6.36396 6.36396 27
    endloop
  endfacet
  facet normal 0.729863 0.683594 0
    outer loop
      vertex 6.36396 6.36396 24
      vertex 6.76656 5.93411 27
      vertex 6.76656 5.93411 24
    endloop
  endfacet
  facet normal 0.412718 -0.910859 0
    outer loop
      vertex 3.44415 -8.31492 24
      vertex 3.9806 -8.07185 27
      vertex 3.44415 -8.31492 27
    endloop
  endfacet
  facet normal 0.412718 -0.910859 0
    outer loop
      vertex 3.9806 -8.07185 27
      vertex 3.44415 -8.31492 24
      vertex 3.9806 -8.07185 24
    endloop
  endfacet
  facet normal -0.93591 -0.35224 0
    outer loop
      vertex -8.31492 -3.44415 24
      vertex -8.52237 -2.89295 27
      vertex -8.52237 -2.89295 24
    endloop
  endfacet
  facet normal -0.93591 -0.35224 0
    outer loop
      vertex -8.52237 -2.89295 27
      vertex -8.31492 -3.44415 24
      vertex -8.31492 -3.44415 27
    endloop
  endfacet
  facet normal -0.35224 -0.93591 0
    outer loop
      vertex -3.44415 -8.31492 24
      vertex -2.89295 -8.52237 27
      vertex -3.44415 -8.31492 27
    endloop
  endfacet
  facet normal -0.35224 -0.93591 -0
    outer loop
      vertex -2.89295 -8.52237 27
      vertex -3.44415 -8.31492 24
      vertex -2.89295 -8.52237 24
    endloop
  endfacet
  facet normal -0.35224 0.93591 0
    outer loop
      vertex -2.89295 8.52237 24
      vertex -3.44415 8.31492 27
      vertex -2.89295 8.52237 27
    endloop
  endfacet
  facet normal -0.35224 0.93591 0
    outer loop
      vertex -3.44415 8.31492 27
      vertex -2.89295 8.52237 24
      vertex -3.44415 8.31492 24
    endloop
  endfacet
  facet normal -0.0980222 0.995184 0
    outer loop
      vertex -0.588628 8.98073 24
      vertex -1.17474 8.923 27
      vertex -0.588628 8.98073 27
    endloop
  endfacet
  facet normal -0.0980222 0.995184 0
    outer loop
      vertex -1.17474 8.923 27
      vertex -0.588628 8.98073 24
      vertex -1.17474 8.923 24
    endloop
  endfacet
  facet normal 0.162887 -0.986645 0
    outer loop
      vertex 1.17474 -8.923 24
      vertex 1.75581 -8.82707 27
      vertex 1.17474 -8.923 27
    endloop
  endfacet
  facet normal 0.162887 -0.986645 0
    outer loop
      vertex 1.75581 -8.82707 27
      vertex 1.17474 -8.923 24
      vertex 1.75581 -8.82707 24
    endloop
  endfacet
  facet normal 0.47139 -0.881925 0
    outer loop
      vertex 3.9806 -8.07185 24
      vertex 4.5 -7.79423 27
      vertex 3.9806 -8.07185 27
    endloop
  endfacet
  facet normal 0.47139 -0.881925 0
    outer loop
      vertex 4.5 -7.79423 27
      vertex 3.9806 -8.07185 24
      vertex 4.5 -7.79423 24
    endloop
  endfacet
  facet normal 0.35224 0.93591 -0
    outer loop
      vertex 3.44415 8.31492 24
      vertex 2.89295 8.52237 27
      vertex 3.44415 8.31492 27
    endloop
  endfacet
  facet normal 0.35224 0.93591 0
    outer loop
      vertex 2.89295 8.52237 27
      vertex 3.44415 8.31492 24
      vertex 2.89295 8.52237 24
    endloop
  endfacet
  facet normal 0.910859 0.412718 0
    outer loop
      vertex 8.31492 3.44415 27
      vertex 8.07185 3.9806 24
      vertex 8.07185 3.9806 27
    endloop
  endfacet
  facet normal 0.910859 0.412718 0
    outer loop
      vertex 8.07185 3.9806 24
      vertex 8.31492 3.44415 27
      vertex 8.31492 3.44415 24
    endloop
  endfacet
  facet normal -0.412718 -0.910859 0
    outer loop
      vertex -3.9806 -8.07185 24
      vertex -3.44415 -8.31492 27
      vertex -3.9806 -8.07185 27
    endloop
  endfacet
  facet normal -0.412718 -0.910859 -0
    outer loop
      vertex -3.44415 -8.31492 27
      vertex -3.9806 -8.07185 24
      vertex -3.44415 -8.31492 24
    endloop
  endfacet
  facet normal -0.881925 -0.47139 0
    outer loop
      vertex -7.79423 -4.5 24
      vertex -8.07185 -3.9806 27
      vertex -8.07185 -3.9806 24
    endloop
  endfacet
  facet normal -0.881925 -0.47139 0
    outer loop
      vertex -8.07185 -3.9806 27
      vertex -7.79423 -4.5 24
      vertex -7.79423 -4.5 27
    endloop
  endfacet
  facet normal -0.973875 -0.227084 0
    outer loop
      vertex -8.69333 -2.32937 24
      vertex -8.82707 -1.75581 27
      vertex -8.82707 -1.75581 24
    endloop
  endfacet
  facet normal -0.973875 -0.227084 0
    outer loop
      vertex -8.82707 -1.75581 27
      vertex -8.69333 -2.32937 24
      vertex -8.69333 -2.32937 27
    endloop
  endfacet
  facet normal 0.582482 -0.812843 0
    outer loop
      vertex 5.00013 -7.48323 24
      vertex 5.47885 -7.14018 27
      vertex 5.00013 -7.48323 27
    endloop
  endfacet
  facet normal 0.582482 -0.812843 0
    outer loop
      vertex 5.47885 -7.14018 27
      vertex 5.00013 -7.48323 24
      vertex 5.47885 -7.14018 24
    endloop
  endfacet
  facet normal -0.290284 -0.95694 0
    outer loop
      vertex -2.89295 -8.52237 24
      vertex -2.32937 -8.69333 27
      vertex -2.89295 -8.52237 27
    endloop
  endfacet
  facet normal -0.290284 -0.95694 -0
    outer loop
      vertex -2.32937 -8.69333 27
      vertex -2.89295 -8.52237 24
      vertex -2.32937 -8.69333 24
    endloop
  endfacet
  facet normal 0.634391 0.773012 -0
    outer loop
      vertex 5.93411 6.76656 24
      vertex 5.47885 7.14018 27
      vertex 5.93411 6.76656 27
    endloop
  endfacet
  facet normal 0.634391 0.773012 0
    outer loop
      vertex 5.47885 7.14018 27
      vertex 5.93411 6.76656 24
      vertex 5.47885 7.14018 24
    endloop
  endfacet
  facet normal 0.849203 0.528067 0
    outer loop
      vertex 7.79423 4.5 27
      vertex 7.48323 5.00013 24
      vertex 7.48323 5.00013 27
    endloop
  endfacet
  facet normal 0.849203 0.528067 0
    outer loop
      vertex 7.48323 5.00013 24
      vertex 7.79423 4.5 27
      vertex 7.79423 4.5 24
    endloop
  endfacet
  facet normal 0.995184 -0.0980222 0
    outer loop
      vertex 8.923 -1.17474 27
      vertex 8.98073 -0.588628 24
      vertex 8.98073 -0.588628 27
    endloop
  endfacet
  facet normal 0.995184 -0.0980222 0
    outer loop
      vertex 8.98073 -0.588628 24
      vertex 8.923 -1.17474 27
      vertex 8.923 -1.17474 24
    endloop
  endfacet
  facet normal -0.849203 0.528067 0
    outer loop
      vertex -7.79423 4.5 24
      vertex -7.48323 5.00013 27
      vertex -7.48323 5.00013 24
    endloop
  endfacet
  facet normal -0.849203 0.528067 0
    outer loop
      vertex -7.48323 5.00013 27
      vertex -7.79423 4.5 24
      vertex -7.79423 4.5 27
    endloop
  endfacet
  facet normal -0.910859 0.412718 0
    outer loop
      vertex -8.31492 3.44415 24
      vertex -8.07185 3.9806 27
      vertex -8.07185 3.9806 24
    endloop
  endfacet
  facet normal -0.910859 0.412718 0
    outer loop
      vertex -8.07185 3.9806 27
      vertex -8.31492 3.44415 24
      vertex -8.31492 3.44415 27
    endloop
  endfacet
  facet normal 0.683594 0.729863 -0
    outer loop
      vertex 6.36396 6.36396 24
      vertex 5.93411 6.76656 27
      vertex 6.36396 6.36396 27
    endloop
  endfacet
  facet normal 0.683594 0.729863 0
    outer loop
      vertex 5.93411 6.76656 27
      vertex 6.36396 6.36396 24
      vertex 5.93411 6.76656 24
    endloop
  endfacet
  facet normal 0.47139 0.881925 -0
    outer loop
      vertex 4.5 7.79423 24
      vertex 3.9806 8.07185 27
      vertex 4.5 7.79423 27
    endloop
  endfacet
  facet normal 0.47139 0.881925 0
    outer loop
      vertex 3.9806 8.07185 27
      vertex 4.5 7.79423 24
      vertex 3.9806 8.07185 24
    endloop
  endfacet
  facet normal -0.683594 0.729863 0
    outer loop
      vertex -5.93411 6.76656 24
      vertex -6.36396 6.36396 27
      vertex -5.93411 6.76656 27
    endloop
  endfacet
  facet normal -0.683594 0.729863 0
    outer loop
      vertex -6.36396 6.36396 27
      vertex -5.93411 6.76656 24
      vertex -6.36396 6.36396 24
    endloop
  endfacet
  facet normal 0.986645 -0.162887 0
    outer loop
      vertex 8.82707 -1.75581 27
      vertex 8.923 -1.17474 24
      vertex 8.923 -1.17474 27
    endloop
  endfacet
  facet normal 0.986645 -0.162887 0
    outer loop
      vertex 8.923 -1.17474 24
      vertex 8.82707 -1.75581 27
      vertex 8.82707 -1.75581 24
    endloop
  endfacet
  facet normal -0.881925 0.47139 0
    outer loop
      vertex -8.07185 3.9806 24
      vertex -7.79423 4.5 27
      vertex -7.79423 4.5 24
    endloop
  endfacet
  facet normal -0.881925 0.47139 0
    outer loop
      vertex -7.79423 4.5 27
      vertex -8.07185 3.9806 24
      vertex -8.07185 3.9806 27
    endloop
  endfacet
  facet normal 0.881925 -0.47139 0
    outer loop
      vertex 7.79423 -4.5 27
      vertex 8.07185 -3.9806 24
      vertex 8.07185 -3.9806 27
    endloop
  endfacet
  facet normal 0.881925 -0.47139 0
    outer loop
      vertex 8.07185 -3.9806 24
      vertex 7.79423 -4.5 27
      vertex 7.79423 -4.5 24
    endloop
  endfacet
  facet normal -0.0980222 -0.995184 0
    outer loop
      vertex -1.17474 -8.923 24
      vertex -0.588628 -8.98073 27
      vertex -1.17474 -8.923 27
    endloop
  endfacet
  facet normal -0.0980222 -0.995184 -0
    outer loop
      vertex -0.588628 -8.98073 27
      vertex -1.17474 -8.923 24
      vertex -0.588628 -8.98073 24
    endloop
  endfacet
  facet normal -0.528067 -0.849203 0
    outer loop
      vertex -5.00013 -7.48323 24
      vertex -4.5 -7.79423 27
      vertex -5.00013 -7.48323 27
    endloop
  endfacet
  facet normal -0.528067 -0.849203 -0
    outer loop
      vertex -4.5 -7.79423 27
      vertex -5.00013 -7.48323 24
      vertex -4.5 -7.79423 24
    endloop
  endfacet
  facet normal 0.0327196 0.999465 -0
    outer loop
      vertex 0.588628 8.98073 24
      vertex 0 9 27
      vertex 0.588628 8.98073 27
    endloop
  endfacet
  facet normal 0.0327196 0.999465 0
    outer loop
      vertex 0 9 27
      vertex 0.588628 8.98073 24
      vertex 0 9 24
    endloop
  endfacet
  facet normal -0.162887 -0.986645 0
    outer loop
      vertex -1.75581 -8.82707 24
      vertex -1.17474 -8.923 27
      vertex -1.75581 -8.82707 27
    endloop
  endfacet
  facet normal -0.162887 -0.986645 -0
    outer loop
      vertex -1.17474 -8.923 27
      vertex -1.75581 -8.82707 24
      vertex -1.17474 -8.923 24
    endloop
  endfacet
  facet normal -0.995184 -0.0980222 0
    outer loop
      vertex -8.923 -1.17474 24
      vertex -8.98073 -0.588628 27
      vertex -8.98073 -0.588628 24
    endloop
  endfacet
  facet normal -0.995184 -0.0980222 0
    outer loop
      vertex -8.98073 -0.588628 27
      vertex -8.923 -1.17474 24
      vertex -8.923 -1.17474 27
    endloop
  endfacet
  facet normal 0.999465 -0.0327196 0
    outer loop
      vertex 8.98073 -0.588628 27
      vertex 9 0 24
      vertex 9 0 27
    endloop
  endfacet
  facet normal 0.999465 -0.0327196 0
    outer loop
      vertex 9 0 24
      vertex 8.98073 -0.588628 27
      vertex 8.98073 -0.588628 24
    endloop
  endfacet
  facet normal -0.986645 0.162887 0
    outer loop
      vertex -8.923 1.17474 24
      vertex -8.82707 1.75581 27
      vertex -8.82707 1.75581 24
    endloop
  endfacet
  facet normal -0.986645 0.162887 0
    outer loop
      vertex -8.82707 1.75581 27
      vertex -8.923 1.17474 24
      vertex -8.923 1.17474 27
    endloop
  endfacet
  facet normal -0.528067 0.849203 0
    outer loop
      vertex -4.5 7.79423 24
      vertex -5.00013 7.48323 27
      vertex -4.5 7.79423 27
    endloop
  endfacet
  facet normal -0.528067 0.849203 0
    outer loop
      vertex -5.00013 7.48323 27
      vertex -4.5 7.79423 24
      vertex -5.00013 7.48323 24
    endloop
  endfacet
  facet normal -0.729863 0.683594 0
    outer loop
      vertex -6.76656 5.93411 24
      vertex -6.36396 6.36396 27
      vertex -6.36396 6.36396 24
    endloop
  endfacet
  facet normal -0.729863 0.683594 0
    outer loop
      vertex -6.36396 6.36396 27
      vertex -6.76656 5.93411 24
      vertex -6.76656 5.93411 27
    endloop
  endfacet
  facet normal -0.812843 -0.582482 0
    outer loop
      vertex -7.14018 -5.47885 24
      vertex -7.48323 -5.00013 27
      vertex -7.48323 -5.00013 24
    endloop
  endfacet
  facet normal -0.812843 -0.582482 0
    outer loop
      vertex -7.48323 -5.00013 27
      vertex -7.14018 -5.47885 24
      vertex -7.14018 -5.47885 27
    endloop
  endfacet
  facet normal 0.162887 0.986645 -0
    outer loop
      vertex 1.75581 8.82707 24
      vertex 1.17474 8.923 27
      vertex 1.75581 8.82707 27
    endloop
  endfacet
  facet normal 0.162887 0.986645 0
    outer loop
      vertex 1.17474 8.923 27
      vertex 1.75581 8.82707 24
      vertex 1.17474 8.923 24
    endloop
  endfacet
  facet normal -0.999465 -0.0327196 0
    outer loop
      vertex -8.98073 -0.588628 24
      vertex -9 0 27
      vertex -9 0 24
    endloop
  endfacet
  facet normal -0.999465 -0.0327196 0
    outer loop
      vertex -9 0 27
      vertex -8.98073 -0.588628 24
      vertex -8.98073 -0.588628 27
    endloop
  endfacet
  facet normal 0.973875 -0.227084 0
    outer loop
      vertex 8.69333 -2.32937 27
      vertex 8.82707 -1.75581 24
      vertex 8.82707 -1.75581 27
    endloop
  endfacet
  facet normal 0.973875 -0.227084 0
    outer loop
      vertex 8.82707 -1.75581 24
      vertex 8.69333 -2.32937 27
      vertex 8.69333 -2.32937 24
    endloop
  endfacet
  facet normal 0.812843 0.582482 0
    outer loop
      vertex 7.48323 5.00013 27
      vertex 7.14018 5.47885 24
      vertex 7.14018 5.47885 27
    endloop
  endfacet
  facet normal 0.812843 0.582482 0
    outer loop
      vertex 7.14018 5.47885 24
      vertex 7.48323 5.00013 27
      vertex 7.48323 5.00013 24
    endloop
  endfacet
  facet normal 0.290284 -0.95694 0
    outer loop
      vertex 2.32937 -8.69333 24
      vertex 2.89295 -8.52237 27
      vertex 2.32937 -8.69333 27
    endloop
  endfacet
  facet normal 0.290284 -0.95694 0
    outer loop
      vertex 2.89295 -8.52237 27
      vertex 2.32937 -8.69333 24
      vertex 2.89295 -8.52237 24
    endloop
  endfacet
  facet normal 0.95694 0.290284 0
    outer loop
      vertex 8.69333 2.32937 27
      vertex 8.52237 2.89295 24
      vertex 8.52237 2.89295 27
    endloop
  endfacet
  facet normal 0.95694 0.290284 0
    outer loop
      vertex 8.52237 2.89295 24
      vertex 8.69333 2.32937 27
      vertex 8.69333 2.32937 24
    endloop
  endfacet
  facet normal -0.683594 -0.729863 0
    outer loop
      vertex -6.36396 -6.36396 24
      vertex -5.93411 -6.76656 27
      vertex -6.36396 -6.36396 27
    endloop
  endfacet
  facet normal -0.683594 -0.729863 -0
    outer loop
      vertex -5.93411 -6.76656 27
      vertex -6.36396 -6.36396 24
      vertex -5.93411 -6.76656 24
    endloop
  endfacet
  facet normal 0.773012 0.634391 0
    outer loop
      vertex 7.14018 5.47885 27
      vertex 6.76656 5.93411 24
      vertex 6.76656 5.93411 27
    endloop
  endfacet
  facet normal 0.773012 0.634391 0
    outer loop
      vertex 6.76656 5.93411 24
      vertex 7.14018 5.47885 27
      vertex 7.14018 5.47885 24
    endloop
  endfacet
  facet normal -0.0327196 -0.999465 0
    outer loop
      vertex -0.588628 -8.98073 24
      vertex 0 -9 27
      vertex -0.588628 -8.98073 27
    endloop
  endfacet
  facet normal -0.0327196 -0.999465 -0
    outer loop
      vertex 0 -9 27
      vertex -0.588628 -8.98073 24
      vertex 0 -9 24
    endloop
  endfacet
  facet normal -0.412718 0.910859 0
    outer loop
      vertex -3.44415 8.31492 24
      vertex -3.9806 8.07185 27
      vertex -3.44415 8.31492 27
    endloop
  endfacet
  facet normal -0.412718 0.910859 0
    outer loop
      vertex -3.9806 8.07185 27
      vertex -3.44415 8.31492 24
      vertex -3.9806 8.07185 24
    endloop
  endfacet
  facet normal 0.290284 0.95694 -0
    outer loop
      vertex 2.89295 8.52237 24
      vertex 2.32937 8.69333 27
      vertex 2.89295 8.52237 27
    endloop
  endfacet
  facet normal 0.290284 0.95694 0
    outer loop
      vertex 2.32937 8.69333 27
      vertex 2.89295 8.52237 24
      vertex 2.32937 8.69333 24
    endloop
  endfacet
  facet normal 0.93591 0.35224 0
    outer loop
      vertex 8.52237 2.89295 27
      vertex 8.31492 3.44415 24
      vertex 8.31492 3.44415 27
    endloop
  endfacet
  facet normal 0.93591 0.35224 0
    outer loop
      vertex 8.31492 3.44415 24
      vertex 8.52237 2.89295 27
      vertex 8.52237 2.89295 24
    endloop
  endfacet
  facet normal -0.227084 0.973875 0
    outer loop
      vertex -1.75581 8.82707 24
      vertex -2.32937 8.69333 27
      vertex -1.75581 8.82707 27
    endloop
  endfacet
  facet normal -0.227084 0.973875 0
    outer loop
      vertex -2.32937 8.69333 27
      vertex -1.75581 8.82707 24
      vertex -2.32937 8.69333 24
    endloop
  endfacet
  facet normal 0.812843 -0.582482 0
    outer loop
      vertex 7.14018 -5.47885 27
      vertex 7.48323 -5.00013 24
      vertex 7.48323 -5.00013 27
    endloop
  endfacet
  facet normal 0.812843 -0.582482 0
    outer loop
      vertex 7.48323 -5.00013 24
      vertex 7.14018 -5.47885 27
      vertex 7.14018 -5.47885 24
    endloop
  endfacet
  facet normal -0.812843 0.582482 0
    outer loop
      vertex -7.48323 5.00013 24
      vertex -7.14018 5.47885 27
      vertex -7.14018 5.47885 24
    endloop
  endfacet
  facet normal -0.812843 0.582482 0
    outer loop
      vertex -7.14018 5.47885 27
      vertex -7.48323 5.00013 24
      vertex -7.48323 5.00013 27
    endloop
  endfacet
  facet normal 0.528067 -0.849203 0
    outer loop
      vertex 4.5 -7.79423 24
      vertex 5.00013 -7.48323 27
      vertex 4.5 -7.79423 27
    endloop
  endfacet
  facet normal 0.528067 -0.849203 0
    outer loop
      vertex 5.00013 -7.48323 27
      vertex 4.5 -7.79423 24
      vertex 5.00013 -7.48323 24
    endloop
  endfacet
  facet normal -0.634391 0.773012 0
    outer loop
      vertex -5.47885 7.14018 24
      vertex -5.93411 6.76656 27
      vertex -5.47885 7.14018 27
    endloop
  endfacet
  facet normal -0.634391 0.773012 0
    outer loop
      vertex -5.93411 6.76656 27
      vertex -5.47885 7.14018 24
      vertex -5.93411 6.76656 24
    endloop
  endfacet
  facet normal 0.0980222 0.995184 -0
    outer loop
      vertex 1.17474 8.923 24
      vertex 0.588628 8.98073 27
      vertex 1.17474 8.923 27
    endloop
  endfacet
  facet normal 0.0980222 0.995184 0
    outer loop
      vertex 0.588628 8.98073 27
      vertex 1.17474 8.923 24
      vertex 0.588628 8.98073 24
    endloop
  endfacet
  facet normal -0.999465 0.0327196 0
    outer loop
      vertex -9 0 24
      vertex -8.98073 0.588628 27
      vertex -8.98073 0.588628 24
    endloop
  endfacet
  facet normal -0.999465 0.0327196 0
    outer loop
      vertex -8.98073 0.588628 27
      vertex -9 0 24
      vertex -9 0 27
    endloop
  endfacet
  facet normal -0.773012 -0.634391 0
    outer loop
      vertex -6.76656 -5.93411 24
      vertex -7.14018 -5.47885 27
      vertex -7.14018 -5.47885 24
    endloop
  endfacet
  facet normal -0.773012 -0.634391 0
    outer loop
      vertex -7.14018 -5.47885 27
      vertex -6.76656 -5.93411 24
      vertex -6.76656 -5.93411 27
    endloop
  endfacet
  facet normal 0.0980222 -0.995184 0
    outer loop
      vertex 0.588628 -8.98073 24
      vertex 1.17474 -8.923 27
      vertex 0.588628 -8.98073 27
    endloop
  endfacet
  facet normal 0.0980222 -0.995184 0
    outer loop
      vertex 1.17474 -8.923 27
      vertex 0.588628 -8.98073 24
      vertex 1.17474 -8.923 24
    endloop
  endfacet
  facet normal 0.634391 -0.773012 0
    outer loop
      vertex 5.47885 -7.14018 24
      vertex 5.93411 -6.76656 27
      vertex 5.47885 -7.14018 27
    endloop
  endfacet
  facet normal 0.634391 -0.773012 0
    outer loop
      vertex 5.93411 -6.76656 27
      vertex 5.47885 -7.14018 24
      vertex 5.93411 -6.76656 24
    endloop
  endfacet
  facet normal 0.849203 -0.528067 0
    outer loop
      vertex 7.48323 -5.00013 27
      vertex 7.79423 -4.5 24
      vertex 7.79423 -4.5 27
    endloop
  endfacet
  facet normal 0.849203 -0.528067 0
    outer loop
      vertex 7.79423 -4.5 24
      vertex 7.48323 -5.00013 27
      vertex 7.48323 -5.00013 24
    endloop
  endfacet
  facet normal -0.95694 -0.290284 0
    outer loop
      vertex -8.52237 -2.89295 24
      vertex -8.69333 -2.32937 27
      vertex -8.69333 -2.32937 24
    endloop
  endfacet
  facet normal -0.95694 -0.290284 0
    outer loop
      vertex -8.69333 -2.32937 27
      vertex -8.52237 -2.89295 24
      vertex -8.52237 -2.89295 27
    endloop
  endfacet
  facet normal -0.582482 -0.812843 0
    outer loop
      vertex -5.47885 -7.14018 24
      vertex -5.00013 -7.48323 27
      vertex -5.47885 -7.14018 27
    endloop
  endfacet
  facet normal -0.582482 -0.812843 -0
    outer loop
      vertex -5.00013 -7.48323 27
      vertex -5.47885 -7.14018 24
      vertex -5.00013 -7.48323 24
    endloop
  endfacet
  facet normal -0.910859 -0.412718 0
    outer loop
      vertex -8.07185 -3.9806 24
      vertex -8.31492 -3.44415 27
      vertex -8.31492 -3.44415 24
    endloop
  endfacet
  facet normal -0.910859 -0.412718 0
    outer loop
      vertex -8.31492 -3.44415 27
      vertex -8.07185 -3.9806 24
      vertex -8.07185 -3.9806 27
    endloop
  endfacet
  facet normal 0.95694 -0.290284 0
    outer loop
      vertex 8.52237 -2.89295 27
      vertex 8.69333 -2.32937 24
      vertex 8.69333 -2.32937 27
    endloop
  endfacet
  facet normal 0.95694 -0.290284 0
    outer loop
      vertex 8.69333 -2.32937 24
      vertex 8.52237 -2.89295 27
      vertex 8.52237 -2.89295 24
    endloop
  endfacet
  facet normal -0.95694 0.290284 0
    outer loop
      vertex -8.69333 2.32937 24
      vertex -8.52237 2.89295 27
      vertex -8.52237 2.89295 24
    endloop
  endfacet
  facet normal -0.95694 0.290284 0
    outer loop
      vertex -8.52237 2.89295 27
      vertex -8.69333 2.32937 24
      vertex -8.69333 2.32937 27
    endloop
  endfacet
  facet normal -0.973875 0.227084 0
    outer loop
      vertex -8.82707 1.75581 24
      vertex -8.69333 2.32937 27
      vertex -8.69333 2.32937 24
    endloop
  endfacet
  facet normal -0.973875 0.227084 0
    outer loop
      vertex -8.69333 2.32937 27
      vertex -8.82707 1.75581 24
      vertex -8.82707 1.75581 27
    endloop
  endfacet
  facet normal -0.227084 -0.973875 0
    outer loop
      vertex -2.32937 -8.69333 24
      vertex -1.75581 -8.82707 27
      vertex -2.32937 -8.69333 27
    endloop
  endfacet
  facet normal -0.227084 -0.973875 -0
    outer loop
      vertex -1.75581 -8.82707 27
      vertex -2.32937 -8.69333 24
      vertex -1.75581 -8.82707 24
    endloop
  endfacet
  facet normal 0.227084 0.973875 -0
    outer loop
      vertex 2.32937 8.69333 24
      vertex 1.75581 8.82707 27
      vertex 2.32937 8.69333 27
    endloop
  endfacet
  facet normal 0.227084 0.973875 0
    outer loop
      vertex 1.75581 8.82707 27
      vertex 2.32937 8.69333 24
      vertex 1.75581 8.82707 24
    endloop
  endfacet
  facet normal 0.683594 -0.729863 0
    outer loop
      vertex 5.93411 -6.76656 24
      vertex 6.36396 -6.36396 27
      vertex 5.93411 -6.76656 27
    endloop
  endfacet
  facet normal 0.683594 -0.729863 0
    outer loop
      vertex 6.36396 -6.36396 27
      vertex 5.93411 -6.76656 24
      vertex 6.36396 -6.36396 24
    endloop
  endfacet
  facet normal 0 0 1
    outer loop
      vertex 7.5 0 27
      vertex 9 0 27
      vertex 8.98073 0.588628 27
    endloop
  endfacet
  facet normal 0 0 1
    outer loop
      vertex 7.48394 0.490523 27
      vertex 8.98073 0.588628 27
      vertex 8.923 1.17474 27
    endloop
  endfacet
  facet normal 0 0 1
    outer loop
      vertex 9 0 27
      vertex 7.5 0 27
      vertex 8.98073 -0.588628 27
    endloop
  endfacet
  facet normal 0 0 1
    outer loop
      vertex 7.43584 0.978946 27
      vertex 8.923 1.17474 27
      vertex 8.82707 1.75581 27
    endloop
  endfacet
  facet normal -0 0 1
    outer loop
      vertex 7.48394 -0.490523 27
      vertex 8.98073 -0.588628 27
      vertex 7.5 0 27
    endloop
  endfacet
  facet normal 0 0 1
    outer loop
      vertex 7.35589 1.46318 27
      vertex 8.82707 1.75581 27
      vertex 8.69333 2.32937 27
    endloop
  endfacet
  facet normal 0 0 1
    outer loop
      vertex 8.98073 -0.588628 27
      vertex 7.48394 -0.490523 27
      vertex 8.923 -1.17474 27
    endloop
  endfacet
  facet normal 0 0 1
    outer loop
      vertex 7.24444 1.94114 27
      vertex 8.69333 2.32937 27
      vertex 8.52237 2.89295 27
    endloop
  endfacet
  facet normal -0 0 1
    outer loop
      vertex 7.43584 -0.978946 27
      vertex 8.923 -1.17474 27
      vertex 7.48394 -0.490523 27
    endloop
  endfacet
  facet normal 0 0 1
    outer loop
      vertex 7.10198 2.4108 27
      vertex 8.52237 2.89295 27
      vertex 8.31492 3.44415 27
    endloop
  endfacet
  facet normal 0 0 1
    outer loop
      vertex 8.923 -1.17474 27
      vertex 7.43584 -0.978946 27
      vertex 8.82707 -1.75581 27
    endloop
  endfacet
  facet normal 0 0 1
    outer loop
      vertex 6.9291 2.87012 27
      vertex 8.31492 3.44415 27
      vertex 8.07185 3.9806 27
    endloop
  endfacet
  facet normal -0 0 1
    outer loop
      vertex 7.35589 -1.46318 27
      vertex 8.82707 -1.75581 27
      vertex 7.43584 -0.978946 27
    endloop
  endfacet
  facet normal 0 0 1
    outer loop
      vertex 6.72655 3.31716 27
      vertex 8.07185 3.9806 27
      vertex 7.79423 4.5 27
    endloop
  endfacet
  facet normal 0 0 1
    outer loop
      vertex 8.82707 -1.75581 27
      vertex 7.35589 -1.46318 27
      vertex 8.69333 -2.32937 27
    endloop
  endfacet
  facet normal -0 0 1
    outer loop
      vertex 7.24444 -1.94114 27
      vertex 8.69333 -2.32937 27
      vertex 7.35589 -1.46318 27
    endloop
  endfacet
  facet normal 0 0 1
    outer loop
      vertex 8.98073 0.588628 27
      vertex 7.48394 0.490523 27
      vertex 7.5 0 27
    endloop
  endfacet
  facet normal 0 0 1
    outer loop
      vertex 6.49519 3.75 27
      vertex 7.79423 4.5 27
      vertex 7.48323 5.00013 27
    endloop
  endfacet
  facet normal 0 0 1
    outer loop
      vertex 8.923 1.17474 27
      vertex 7.43584 0.978946 27
      vertex 7.48394 0.490523 27
    endloop
  endfacet
  facet normal 0 0 1
    outer loop
      vertex 8.82707 1.75581 27
      vertex 7.35589 1.46318 27
      vertex 7.43584 0.978946 27
    endloop
  endfacet
  facet normal 0 0 1
    outer loop
      vertex 8.69333 2.32937 27
      vertex 7.24444 1.94114 27
      vertex 7.35589 1.46318 27
    endloop
  endfacet
  facet normal 0 0 1
    outer loop
      vertex 6.23602 4.16678 27
      vertex 7.48323 5.00013 27
      vertex 7.14018 5.47885 27
    endloop
  endfacet
  facet normal 0 0 1
    outer loop
      vertex 8.52237 2.89295 27
      vertex 7.10198 2.4108 27
      vertex 7.24444 1.94114 27
    endloop
  endfacet
  facet normal 0 0 1
    outer loop
      vertex 8.31492 3.44415 27
      vertex 6.9291 2.87012 27
      vertex 7.10198 2.4108 27
    endloop
  endfacet
  facet normal 0 0 1
    outer loop
      vertex 5.95015 4.56571 27
      vertex 7.14018 5.47885 27
      vertex 6.76656 5.93411 27
    endloop
  endfacet
  facet normal 0 0 1
    outer loop
      vertex 8.07185 3.9806 27
      vertex 6.72655 3.31716 27
      vertex 6.9291 2.87012 27
    endloop
  endfacet
  facet normal 0 0 1
    outer loop
      vertex 7.79423 4.5 27
      vertex 6.49519 3.75 27
      vertex 6.72655 3.31716 27
    endloop
  endfacet
  facet normal 0 0 1
    outer loop
      vertex 5.6388 4.94509 27
      vertex 6.76656 5.93411 27
      vertex 6.36396 6.36396 27
    endloop
  endfacet
  facet normal 0 0 1
    outer loop
      vertex 7.48323 5.00013 27
      vertex 6.23602 4.16678 27
      vertex 6.49519 3.75 27
    endloop
  endfacet
  facet normal 0 0 1
    outer loop
      vertex 7.14018 5.47885 27
      vertex 5.95015 4.56571 27
      vertex 6.23602 4.16678 27
    endloop
  endfacet
  facet normal 0 0 1
    outer loop
      vertex 5.3033 5.3033 27
      vertex 6.36396 6.36396 27
      vertex 5.93411 6.76656 27
    endloop
  endfacet
  facet normal 0 0 1
    outer loop
      vertex 6.76656 5.93411 27
      vertex 5.6388 4.94509 27
      vertex 5.95015 4.56571 27
    endloop
  endfacet
  facet normal 0 0 1
    outer loop
      vertex 4.94509 5.6388 27
      vertex 5.93411 6.76656 27
      vertex 5.47885 7.14018 27
    endloop
  endfacet
  facet normal 0 0 1
    outer loop
      vertex 6.36396 6.36396 27
      vertex 5.3033 5.3033 27
      vertex 5.6388 4.94509 27
    endloop
  endfacet
  facet normal 0 0 1
    outer loop
      vertex 4.56571 5.95015 27
      vertex 5.47885 7.14018 27
      vertex 5.00013 7.48323 27
    endloop
  endfacet
  facet normal 0 0 1
    outer loop
      vertex 5.93411 6.76656 27
      vertex 4.94509 5.6388 27
      vertex 5.3033 5.3033 27
    endloop
  endfacet
  facet normal 0 0 1
    outer loop
      vertex 5.47885 7.14018 27
      vertex 4.56571 5.95015 27
      vertex 4.94509 5.6388 27
    endloop
  endfacet
  facet normal 0 0 1
    outer loop
      vertex 4.16678 6.23602 27
      vertex 5.00013 7.48323 27
      vertex 4.5 7.79423 27
    endloop
  endfacet
  facet normal 0 0 1
    outer loop
      vertex 5.00013 7.48323 27
      vertex 4.16678 6.23602 27
      vertex 4.56571 5.95015 27
    endloop
  endfacet
  facet normal 0 0 1
    outer loop
      vertex 3.75 6.49519 27
      vertex 4.5 7.79423 27
      vertex 3.9806 8.07185 27
    endloop
  endfacet
  facet normal 0 0 1
    outer loop
      vertex 4.5 7.79423 27
      vertex 3.75 6.49519 27
      vertex 4.16678 6.23602 27
    endloop
  endfacet
  facet normal 0 0 1
    outer loop
      vertex 3.31716 6.72655 27
      vertex 3.9806 8.07185 27
      vertex 3.44415 8.31492 27
    endloop
  endfacet
  facet normal 0 0 1
    outer loop
      vertex 3.9806 8.07185 27
      vertex 3.31716 6.72655 27
      vertex 3.75 6.49519 27
    endloop
  endfacet
  facet normal 0 0 1
    outer loop
      vertex 2.87012 6.9291 27
      vertex 3.44415 8.31492 27
      vertex 2.89295 8.52237 27
    endloop
  endfacet
  facet normal 0 0 1
    outer loop
      vertex 3.44415 8.31492 27
      vertex 2.87012 6.9291 27
      vertex 3.31716 6.72655 27
    endloop
  endfacet
  facet normal 0 0 1
    outer loop
      vertex 2.89295 8.52237 27
      vertex 2.4108 7.10198 27
      vertex 2.87012 6.9291 27
    endloop
  endfacet
  facet normal 0 0 1
    outer loop
      vertex 2.32937 8.69333 27
      vertex 2.4108 7.10198 27
      vertex 2.89295 8.52237 27
    endloop
  endfacet
  facet normal 0 0 1
    outer loop
      vertex 2.32937 8.69333 27
      vertex 1.94114 7.24444 27
      vertex 2.4108 7.10198 27
    endloop
  endfacet
  facet normal 0 0 1
    outer loop
      vertex 1.75581 8.82707 27
      vertex 1.94114 7.24444 27
      vertex 2.32937 8.69333 27
    endloop
  endfacet
  facet normal 0 0 1
    outer loop
      vertex 1.75581 8.82707 27
      vertex 1.46318 7.35589 27
      vertex 1.94114 7.24444 27
    endloop
  endfacet
  facet normal 0 0 1
    outer loop
      vertex 1.17474 8.923 27
      vertex 1.46318 7.35589 27
      vertex 1.75581 8.82707 27
    endloop
  endfacet
  facet normal 0 0 1
    outer loop
      vertex 1.17474 8.923 27
      vertex 0.978946 7.43584 27
      vertex 1.46318 7.35589 27
    endloop
  endfacet
  facet normal 0 0 1
    outer loop
      vertex 0.588628 8.98073 27
      vertex 0.978946 7.43584 27
      vertex 1.17474 8.923 27
    endloop
  endfacet
  facet normal 0 0 1
    outer loop
      vertex 0.588628 8.98073 27
      vertex 0.490523 7.48394 27
      vertex 0.978946 7.43584 27
    endloop
  endfacet
  facet normal 0 0 1
    outer loop
      vertex 0 9 27
      vertex 0.490523 7.48394 27
      vertex 0.588628 8.98073 27
    endloop
  endfacet
  facet normal 0 0 1
    outer loop
      vertex 0 9 27
      vertex 0 7.5 27
      vertex 0.490523 7.48394 27
    endloop
  endfacet
  facet normal 0 0 1
    outer loop
      vertex 0 9 27
      vertex -0.490523 7.48394 27
      vertex 0 7.5 27
    endloop
  endfacet
  facet normal -0 0 1
    outer loop
      vertex -0.588628 8.98073 27
      vertex -0.490523 7.48394 27
      vertex 0 9 27
    endloop
  endfacet
  facet normal 0 0 1
    outer loop
      vertex -0.588628 8.98073 27
      vertex -0.978946 7.43584 27
      vertex -0.490523 7.48394 27
    endloop
  endfacet
  facet normal -0 0 1
    outer loop
      vertex -1.17474 8.923 27
      vertex -0.978946 7.43584 27
      vertex -0.588628 8.98073 27
    endloop
  endfacet
  facet normal 0 0 1
    outer loop
      vertex -1.17474 8.923 27
      vertex -1.46318 7.35589 27
      vertex -0.978946 7.43584 27
    endloop
  endfacet
  facet normal -0 0 1
    outer loop
      vertex -1.75581 8.82707 27
      vertex -1.46318 7.35589 27
      vertex -1.17474 8.923 27
    endloop
  endfacet
  facet normal 0 0 1
    outer loop
      vertex -1.75581 8.82707 27
      vertex -1.94114 7.24444 27
      vertex -1.46318 7.35589 27
    endloop
  endfacet
  facet normal -0 0 1
    outer loop
      vertex -2.32937 8.69333 27
      vertex -1.94114 7.24444 27
      vertex -1.75581 8.82707 27
    endloop
  endfacet
  facet normal 0 0 1
    outer loop
      vertex -2.32937 8.69333 27
      vertex -2.4108 7.10198 27
      vertex -1.94114 7.24444 27
    endloop
  endfacet
  facet normal -0 0 1
    outer loop
      vertex -2.89295 8.52237 27
      vertex -2.4108 7.10198 27
      vertex -2.32937 8.69333 27
    endloop
  endfacet
  facet normal 0 0 1
    outer loop
      vertex -2.4108 7.10198 27
      vertex -2.89295 8.52237 27
      vertex -2.87012 6.9291 27
    endloop
  endfacet
  facet normal -0 0 1
    outer loop
      vertex -3.44415 8.31492 27
      vertex -2.87012 6.9291 27
      vertex -2.89295 8.52237 27
    endloop
  endfacet
  facet normal 0 0 1
    outer loop
      vertex -2.87012 6.9291 27
      vertex -3.44415 8.31492 27
      vertex -3.31716 6.72655 27
    endloop
  endfacet
  facet normal -0 0 1
    outer loop
      vertex -3.9806 8.07185 27
      vertex -3.31716 6.72655 27
      vertex -3.44415 8.31492 27
    endloop
  endfacet
  facet normal 0 0 1
    outer loop
      vertex -3.31716 6.72655 27
      vertex -3.9806 8.07185 27
      vertex -3.75 6.49519 27
    endloop
  endfacet
  facet normal -0 0 1
    outer loop
      vertex -4.5 7.79423 27
      vertex -3.75 6.49519 27
      vertex -3.9806 8.07185 27
    endloop
  endfacet
  facet normal 0 0 1
    outer loop
      vertex -3.75 6.49519 27
      vertex -4.5 7.79423 27
      vertex -4.16678 6.23602 27
    endloop
  endfacet
  facet normal -0 0 1
    outer loop
      vertex -5.00013 7.48323 27
      vertex -4.16678 6.23602 27
      vertex -4.5 7.79423 27
    endloop
  endfacet
  facet normal 0 0 1
    outer loop
      vertex -4.16678 6.23602 27
      vertex -5.00013 7.48323 27
      vertex -4.56571 5.95015 27
    endloop
  endfacet
  facet normal -0 0 1
    outer loop
      vertex -5.47885 7.14018 27
      vertex -4.56571 5.95015 27
      vertex -5.00013 7.48323 27
    endloop
  endfacet
  facet normal 0 0 1
    outer loop
      vertex -4.56571 5.95015 27
      vertex -5.47885 7.14018 27
      vertex -4.94509 5.6388 27
    endloop
  endfacet
  facet normal -0 0 1
    outer loop
      vertex -5.93411 6.76656 27
      vertex -4.94509 5.6388 27
      vertex -5.47885 7.14018 27
    endloop
  endfacet
  facet normal 0 0 1
    outer loop
      vertex -4.94509 5.6388 27
      vertex -5.93411 6.76656 27
      vertex -5.3033 5.3033 27
    endloop
  endfacet
  facet normal -0 0 1
    outer loop
      vertex -6.36396 6.36396 27
      vertex -5.3033 5.3033 27
      vertex -5.93411 6.76656 27
    endloop
  endfacet
  facet normal 0 0 1
    outer loop
      vertex -5.3033 5.3033 27
      vertex -6.36396 6.36396 27
      vertex -5.6388 4.94509 27
    endloop
  endfacet
  facet normal -0 0 1
    outer loop
      vertex -6.76656 5.93411 27
      vertex -5.6388 4.94509 27
      vertex -6.36396 6.36396 27
    endloop
  endfacet
  facet normal 0 0 1
    outer loop
      vertex -5.6388 4.94509 27
      vertex -6.76656 5.93411 27
      vertex -5.95015 4.56571 27
    endloop
  endfacet
  facet normal -0 0 1
    outer loop
      vertex -7.14018 5.47885 27
      vertex -5.95015 4.56571 27
      vertex -6.76656 5.93411 27
    endloop
  endfacet
  facet normal 0 0 1
    outer loop
      vertex -5.95015 4.56571 27
      vertex -7.14018 5.47885 27
      vertex -6.23602 4.16678 27
    endloop
  endfacet
  facet normal -0 0 1
    outer loop
      vertex -7.48323 5.00013 27
      vertex -6.23602 4.16678 27
      vertex -7.14018 5.47885 27
    endloop
  endfacet
  facet normal 0 0 1
    outer loop
      vertex -6.23602 4.16678 27
      vertex -7.48323 5.00013 27
      vertex -6.49519 3.75 27
    endloop
  endfacet
  facet normal -0 0 1
    outer loop
      vertex -7.79423 4.5 27
      vertex -6.49519 3.75 27
      vertex -7.48323 5.00013 27
    endloop
  endfacet
  facet normal 0 0 1
    outer loop
      vertex -6.49519 3.75 27
      vertex -7.79423 4.5 27
      vertex -6.72655 3.31716 27
    endloop
  endfacet
  facet normal -0 0 1
    outer loop
      vertex -8.07185 3.9806 27
      vertex -6.72655 3.31716 27
      vertex -7.79423 4.5 27
    endloop
  endfacet
  facet normal 0 0 1
    outer loop
      vertex -6.72655 3.31716 27
      vertex -8.07185 3.9806 27
      vertex -6.9291 2.87012 27
    endloop
  endfacet
  facet normal -0 0 1
    outer loop
      vertex -8.31492 3.44415 27
      vertex -6.9291 2.87012 27
      vertex -8.07185 3.9806 27
    endloop
  endfacet
  facet normal 0 0 1
    outer loop
      vertex -6.9291 2.87012 27
      vertex -8.31492 3.44415 27
      vertex -7.10198 2.4108 27
    endloop
  endfacet
  facet normal -0 0 1
    outer loop
      vertex -8.52237 2.89295 27
      vertex -7.10198 2.4108 27
      vertex -8.31492 3.44415 27
    endloop
  endfacet
  facet normal 0 0 1
    outer loop
      vertex -7.10198 2.4108 27
      vertex -8.52237 2.89295 27
      vertex -7.24444 1.94114 27
    endloop
  endfacet
  facet normal -0 0 1
    outer loop
      vertex -8.69333 2.32937 27
      vertex -7.24444 1.94114 27
      vertex -8.52237 2.89295 27
    endloop
  endfacet
  facet normal 0 0 1
    outer loop
      vertex 8.69333 -2.32937 27
      vertex 7.24444 -1.94114 27
      vertex 8.52237 -2.89295 27
    endloop
  endfacet
  facet normal -0 0 1
    outer loop
      vertex 7.10198 -2.4108 27
      vertex 8.52237 -2.89295 27
      vertex 7.24444 -1.94114 27
    endloop
  endfacet
  facet normal 0 0 1
    outer loop
      vertex 8.52237 -2.89295 27
      vertex 7.10198 -2.4108 27
      vertex 8.31492 -3.44415 27
    endloop
  endfacet
  facet normal -0 0 1
    outer loop
      vertex 6.9291 -2.87012 27
      vertex 8.31492 -3.44415 27
      vertex 7.10198 -2.4108 27
    endloop
  endfacet
  facet normal 0 0 1
    outer loop
      vertex 8.31492 -3.44415 27
      vertex 6.9291 -2.87012 27
      vertex 8.07185 -3.9806 27
    endloop
  endfacet
  facet normal -0 0 1
    outer loop
      vertex 6.72655 -3.31716 27
      vertex 8.07185 -3.9806 27
      vertex 6.9291 -2.87012 27
    endloop
  endfacet
  facet normal 0 0 1
    outer loop
      vertex 8.07185 -3.9806 27
      vertex 6.72655 -3.31716 27
      vertex 7.79423 -4.5 27
    endloop
  endfacet
  facet normal -0 0 1
    outer loop
      vertex 6.49519 -3.75 27
      vertex 7.79423 -4.5 27
      vertex 6.72655 -3.31716 27
    endloop
  endfacet
  facet normal 0 0 1
    outer loop
      vertex 7.79423 -4.5 27
      vertex 6.49519 -3.75 27
      vertex 7.48323 -5.00013 27
    endloop
  endfacet
  facet normal -0 0 1
    outer loop
      vertex 6.23602 -4.16678 27
      vertex 7.48323 -5.00013 27
      vertex 6.49519 -3.75 27
    endloop
  endfacet
  facet normal 0 0 1
    outer loop
      vertex 7.48323 -5.00013 27
      vertex 6.23602 -4.16678 27
      vertex 7.14018 -5.47885 27
    endloop
  endfacet
  facet normal -0 0 1
    outer loop
      vertex 5.95015 -4.56571 27
      vertex 7.14018 -5.47885 27
      vertex 6.23602 -4.16678 27
    endloop
  endfacet
  facet normal 0 0 1
    outer loop
      vertex 7.14018 -5.47885 27
      vertex 5.95015 -4.56571 27
      vertex 6.76656 -5.93411 27
    endloop
  endfacet
  facet normal -0 0 1
    outer loop
      vertex 5.6388 -4.94509 27
      vertex 6.76656 -5.93411 27
      vertex 5.95015 -4.56571 27
    endloop
  endfacet
  facet normal 0 0 1
    outer loop
      vertex 6.76656 -5.93411 27
      vertex 5.6388 -4.94509 27
      vertex 6.36396 -6.36396 27
    endloop
  endfacet
  facet normal -0 0 1
    outer loop
      vertex 5.3033 -5.3033 27
      vertex 6.36396 -6.36396 27
      vertex 5.6388 -4.94509 27
    endloop
  endfacet
  facet normal 0 0 1
    outer loop
      vertex 6.36396 -6.36396 27
      vertex 5.3033 -5.3033 27
      vertex 5.93411 -6.76656 27
    endloop
  endfacet
  facet normal -0 0 1
    outer loop
      vertex 4.94509 -5.6388 27
      vertex 5.93411 -6.76656 27
      vertex 5.3033 -5.3033 27
    endloop
  endfacet
  facet normal 0 0 1
    outer loop
      vertex 5.93411 -6.76656 27
      vertex 4.94509 -5.6388 27
      vertex 5.47885 -7.14018 27
    endloop
  endfacet
  facet normal -0 0 1
    outer loop
      vertex 4.56571 -5.95015 27
      vertex 5.47885 -7.14018 27
      vertex 4.94509 -5.6388 27
    endloop
  endfacet
  facet normal 0 0 1
    outer loop
      vertex 5.47885 -7.14018 27
      vertex 4.56571 -5.95015 27
      vertex 5.00013 -7.48323 27
    endloop
  endfacet
  facet normal -0 0 1
    outer loop
      vertex 4.16678 -6.23602 27
      vertex 5.00013 -7.48323 27
      vertex 4.56571 -5.95015 27
    endloop
  endfacet
  facet normal 0 0 1
    outer loop
      vertex 5.00013 -7.48323 27
      vertex 4.16678 -6.23602 27
      vertex 4.5 -7.79423 27
    endloop
  endfacet
  facet normal -0 0 1
    outer loop
      vertex 3.75 -6.49519 27
      vertex 4.5 -7.79423 27
      vertex 4.16678 -6.23602 27
    endloop
  endfacet
  facet normal 0 0 1
    outer loop
      vertex 4.5 -7.79423 27
      vertex 3.75 -6.49519 27
      vertex 3.9806 -8.07185 27
    endloop
  endfacet
  facet normal -0 0 1
    outer loop
      vertex 3.31716 -6.72655 27
      vertex 3.9806 -8.07185 27
      vertex 3.75 -6.49519 27
    endloop
  endfacet
  facet normal 0 0 1
    outer loop
      vertex 3.9806 -8.07185 27
      vertex 3.31716 -6.72655 27
      vertex 3.44415 -8.31492 27
    endloop
  endfacet
  facet normal -0 0 1
    outer loop
      vertex 2.87012 -6.9291 27
      vertex 3.44415 -8.31492 27
      vertex 3.31716 -6.72655 27
    endloop
  endfacet
  facet normal 0 0 1
    outer loop
      vertex 3.44415 -8.31492 27
      vertex 2.87012 -6.9291 27
      vertex 2.89295 -8.52237 27
    endloop
  endfacet
  facet normal -0 0 1
    outer loop
      vertex 2.4108 -7.10198 27
      vertex 2.89295 -8.52237 27
      vertex 2.87012 -6.9291 27
    endloop
  endfacet
  facet normal 0 0 1
    outer loop
      vertex 2.4108 -7.10198 27
      vertex 2.32937 -8.69333 27
      vertex 2.89295 -8.52237 27
    endloop
  endfacet
  facet normal -0 0 1
    outer loop
      vertex 1.94114 -7.24444 27
      vertex 2.32937 -8.69333 27
      vertex 2.4108 -7.10198 27
    endloop
  endfacet
  facet normal 0 0 1
    outer loop
      vertex 1.94114 -7.24444 27
      vertex 1.75581 -8.82707 27
      vertex 2.32937 -8.69333 27
    endloop
  endfacet
  facet normal -0 0 1
    outer loop
      vertex 1.46318 -7.35589 27
      vertex 1.75581 -8.82707 27
      vertex 1.94114 -7.24444 27
    endloop
  endfacet
  facet normal 0 0 1
    outer loop
      vertex 1.46318 -7.35589 27
      vertex 1.17474 -8.923 27
      vertex 1.75581 -8.82707 27
    endloop
  endfacet
  facet normal -0 0 1
    outer loop
      vertex 0.978946 -7.43584 27
      vertex 1.17474 -8.923 27
      vertex 1.46318 -7.35589 27
    endloop
  endfacet
  facet normal 0 0 1
    outer loop
      vertex 0.978946 -7.43584 27
      vertex 0.588628 -8.98073 27
      vertex 1.17474 -8.923 27
    endloop
  endfacet
  facet normal -0 0 1
    outer loop
      vertex 0.490523 -7.48394 27
      vertex 0.588628 -8.98073 27
      vertex 0.978946 -7.43584 27
    endloop
  endfacet
  facet normal -0 0 1
    outer loop
      vertex 0 -7.5 27
      vertex 0.588628 -8.98073 27
      vertex 0.490523 -7.48394 27
    endloop
  endfacet
  facet normal 0 0 1
    outer loop
      vertex 0 -7.5 27
      vertex 0 -9 27
      vertex 0.588628 -8.98073 27
    endloop
  endfacet
  facet normal 0 0 1
    outer loop
      vertex -0.490523 -7.48394 27
      vertex 0 -9 27
      vertex 0 -7.5 27
    endloop
  endfacet
  facet normal 0 0 1
    outer loop
      vertex -0.490523 -7.48394 27
      vertex -0.588628 -8.98073 27
      vertex 0 -9 27
    endloop
  endfacet
  facet normal 0 0 1
    outer loop
      vertex -0.978946 -7.43584 27
      vertex -0.588628 -8.98073 27
      vertex -0.490523 -7.48394 27
    endloop
  endfacet
  facet normal 0 0 1
    outer loop
      vertex -0.978946 -7.43584 27
      vertex -1.17474 -8.923 27
      vertex -0.588628 -8.98073 27
    endloop
  endfacet
  facet normal 0 0 1
    outer loop
      vertex -1.46318 -7.35589 27
      vertex -1.17474 -8.923 27
      vertex -0.978946 -7.43584 27
    endloop
  endfacet
  facet normal 0 0 1
    outer loop
      vertex -1.46318 -7.35589 27
      vertex -1.75581 -8.82707 27
      vertex -1.17474 -8.923 27
    endloop
  endfacet
  facet normal 0 0 1
    outer loop
      vertex -1.94114 -7.24444 27
      vertex -1.75581 -8.82707 27
      vertex -1.46318 -7.35589 27
    endloop
  endfacet
  facet normal 0 0 1
    outer loop
      vertex -1.94114 -7.24444 27
      vertex -2.32937 -8.69333 27
      vertex -1.75581 -8.82707 27
    endloop
  endfacet
  facet normal 0 0 1
    outer loop
      vertex -2.4108 -7.10198 27
      vertex -2.32937 -8.69333 27
      vertex -1.94114 -7.24444 27
    endloop
  endfacet
  facet normal 0 0 1
    outer loop
      vertex -2.89295 -8.52237 27
      vertex -2.4108 -7.10198 27
      vertex -2.87012 -6.9291 27
    endloop
  endfacet
  facet normal 0 0 1
    outer loop
      vertex -2.4108 -7.10198 27
      vertex -2.89295 -8.52237 27
      vertex -2.32937 -8.69333 27
    endloop
  endfacet
  facet normal 0 0 1
    outer loop
      vertex -3.44415 -8.31492 27
      vertex -2.87012 -6.9291 27
      vertex -3.31716 -6.72655 27
    endloop
  endfacet
  facet normal 0 0 1
    outer loop
      vertex -2.87012 -6.9291 27
      vertex -3.44415 -8.31492 27
      vertex -2.89295 -8.52237 27
    endloop
  endfacet
  facet normal 0 0 1
    outer loop
      vertex -3.9806 -8.07185 27
      vertex -3.31716 -6.72655 27
      vertex -3.75 -6.49519 27
    endloop
  endfacet
  facet normal 0 0 1
    outer loop
      vertex -3.31716 -6.72655 27
      vertex -3.9806 -8.07185 27
      vertex -3.44415 -8.31492 27
    endloop
  endfacet
  facet normal 0 0 1
    outer loop
      vertex -4.5 -7.79423 27
      vertex -3.75 -6.49519 27
      vertex -4.16678 -6.23602 27
    endloop
  endfacet
  facet normal 0 0 1
    outer loop
      vertex -3.75 -6.49519 27
      vertex -4.5 -7.79423 27
      vertex -3.9806 -8.07185 27
    endloop
  endfacet
  facet normal 0 0 1
    outer loop
      vertex -5.00013 -7.48323 27
      vertex -4.16678 -6.23602 27
      vertex -4.56571 -5.95015 27
    endloop
  endfacet
  facet normal 0 0 1
    outer loop
      vertex -5.47885 -7.14018 27
      vertex -4.56571 -5.95015 27
      vertex -4.94509 -5.6388 27
    endloop
  endfacet
  facet normal 0 0 1
    outer loop
      vertex -4.16678 -6.23602 27
      vertex -5.00013 -7.48323 27
      vertex -4.5 -7.79423 27
    endloop
  endfacet
  facet normal 0 0 1
    outer loop
      vertex -5.93411 -6.76656 27
      vertex -4.94509 -5.6388 27
      vertex -5.3033 -5.3033 27
    endloop
  endfacet
  facet normal 0 0 1
    outer loop
      vertex -4.56571 -5.95015 27
      vertex -5.47885 -7.14018 27
      vertex -5.00013 -7.48323 27
    endloop
  endfacet
  facet normal 0 0 1
    outer loop
      vertex -6.36396 -6.36396 27
      vertex -5.3033 -5.3033 27
      vertex -5.6388 -4.94509 27
    endloop
  endfacet
  facet normal 0 0 1
    outer loop
      vertex -4.94509 -5.6388 27
      vertex -5.93411 -6.76656 27
      vertex -5.47885 -7.14018 27
    endloop
  endfacet
  facet normal 0 0 1
    outer loop
      vertex -6.76656 -5.93411 27
      vertex -5.6388 -4.94509 27
      vertex -5.95015 -4.56571 27
    endloop
  endfacet
  facet normal 0 0 1
    outer loop
      vertex -7.14018 -5.47885 27
      vertex -5.95015 -4.56571 27
      vertex -6.23602 -4.16678 27
    endloop
  endfacet
  facet normal 0 0 1
    outer loop
      vertex -5.3033 -5.3033 27
      vertex -6.36396 -6.36396 27
      vertex -5.93411 -6.76656 27
    endloop
  endfacet
  facet normal 0 0 1
    outer loop
      vertex -7.48323 -5.00013 27
      vertex -6.23602 -4.16678 27
      vertex -6.49519 -3.75 27
    endloop
  endfacet
  facet normal 0 0 1
    outer loop
      vertex -7.79423 -4.5 27
      vertex -6.49519 -3.75 27
      vertex -6.72655 -3.31716 27
    endloop
  endfacet
  facet normal 0 0 1
    outer loop
      vertex -5.6388 -4.94509 27
      vertex -6.76656 -5.93411 27
      vertex -6.36396 -6.36396 27
    endloop
  endfacet
  facet normal 0 0 1
    outer loop
      vertex -8.07185 -3.9806 27
      vertex -6.72655 -3.31716 27
      vertex -6.9291 -2.87012 27
    endloop
  endfacet
  facet normal 0 0 1
    outer loop
      vertex -8.31492 -3.44415 27
      vertex -6.9291 -2.87012 27
      vertex -7.10198 -2.4108 27
    endloop
  endfacet
  facet normal 0 0 1
    outer loop
      vertex -5.95015 -4.56571 27
      vertex -7.14018 -5.47885 27
      vertex -6.76656 -5.93411 27
    endloop
  endfacet
  facet normal 0 0 1
    outer loop
      vertex -8.52237 -2.89295 27
      vertex -7.10198 -2.4108 27
      vertex -7.24444 -1.94114 27
    endloop
  endfacet
  facet normal 0 0 1
    outer loop
      vertex -8.69333 -2.32937 27
      vertex -7.24444 -1.94114 27
      vertex -7.35589 -1.46318 27
    endloop
  endfacet
  facet normal 0 0 1
    outer loop
      vertex -8.82707 -1.75581 27
      vertex -7.35589 -1.46318 27
      vertex -7.43584 -0.978946 27
    endloop
  endfacet
  facet normal 0 0 1
    outer loop
      vertex -6.23602 -4.16678 27
      vertex -7.48323 -5.00013 27
      vertex -7.14018 -5.47885 27
    endloop
  endfacet
  facet normal 0 0 1
    outer loop
      vertex -8.923 -1.17474 27
      vertex -7.43584 -0.978946 27
      vertex -7.48394 -0.490523 27
    endloop
  endfacet
  facet normal 0 0 1
    outer loop
      vertex -8.98073 -0.588628 27
      vertex -7.48394 -0.490523 27
      vertex -7.5 0 27
    endloop
  endfacet
  facet normal 0 0 1
    outer loop
      vertex -7.24444 1.94114 27
      vertex -8.69333 2.32937 27
      vertex -7.35589 1.46318 27
    endloop
  endfacet
  facet normal 0 0 1
    outer loop
      vertex -6.49519 -3.75 27
      vertex -7.79423 -4.5 27
      vertex -7.48323 -5.00013 27
    endloop
  endfacet
  facet normal -0 0 1
    outer loop
      vertex -8.82707 1.75581 27
      vertex -7.35589 1.46318 27
      vertex -8.69333 2.32937 27
    endloop
  endfacet
  facet normal 0 0 1
    outer loop
      vertex -6.72655 -3.31716 27
      vertex -8.07185 -3.9806 27
      vertex -7.79423 -4.5 27
    endloop
  endfacet
  facet normal 0 0 1
    outer loop
      vertex -7.35589 1.46318 27
      vertex -8.82707 1.75581 27
      vertex -7.43584 0.978946 27
    endloop
  endfacet
  facet normal 0 0 1
    outer loop
      vertex -6.9291 -2.87012 27
      vertex -8.31492 -3.44415 27
      vertex -8.07185 -3.9806 27
    endloop
  endfacet
  facet normal -0 0 1
    outer loop
      vertex -8.923 1.17474 27
      vertex -7.43584 0.978946 27
      vertex -8.82707 1.75581 27
    endloop
  endfacet
  facet normal 0 0 1
    outer loop
      vertex -7.10198 -2.4108 27
      vertex -8.52237 -2.89295 27
      vertex -8.31492 -3.44415 27
    endloop
  endfacet
  facet normal 0 0 1
    outer loop
      vertex -7.43584 0.978946 27
      vertex -8.923 1.17474 27
      vertex -7.48394 0.490523 27
    endloop
  endfacet
  facet normal 0 0 1
    outer loop
      vertex -7.24444 -1.94114 27
      vertex -8.69333 -2.32937 27
      vertex -8.52237 -2.89295 27
    endloop
  endfacet
  facet normal -0 0 1
    outer loop
      vertex -8.98073 0.588628 27
      vertex -7.48394 0.490523 27
      vertex -8.923 1.17474 27
    endloop
  endfacet
  facet normal 0 0 1
    outer loop
      vertex -7.35589 -1.46318 27
      vertex -8.82707 -1.75581 27
      vertex -8.69333 -2.32937 27
    endloop
  endfacet
  facet normal 0 0 1
    outer loop
      vertex -7.48394 0.490523 27
      vertex -8.98073 0.588628 27
      vertex -7.5 0 27
    endloop
  endfacet
  facet normal 0 0 1
    outer loop
      vertex -7.43584 -0.978946 27
      vertex -8.923 -1.17474 27
      vertex -8.82707 -1.75581 27
    endloop
  endfacet
  facet normal 0 0 1
    outer loop
      vertex -9 0 27
      vertex -7.5 0 27
      vertex -8.98073 0.588628 27
    endloop
  endfacet
  facet normal 0 0 1
    outer loop
      vertex -7.48394 -0.490523 27
      vertex -8.98073 -0.588628 27
      vertex -8.923 -1.17474 27
    endloop
  endfacet
  facet normal 0 0 1
    outer loop
      vertex -7.5 0 27
      vertex -9 0 27
      vertex -8.98073 -0.588628 27
    endloop
  endfacet
  facet normal 0.729863 -0.683594 0
    outer loop
      vertex 6.36396 -6.36396 27
      vertex 6.76656 -5.93411 24
      vertex 6.76656 -5.93411 27
    endloop
  endfacet
  facet normal 0.729863 -0.683594 0
    outer loop
      vertex 6.76656 -5.93411 24
      vertex 6.36396 -6.36396 27
      vertex 6.36396 -6.36396 24
    endloop
  endfacet
  facet normal -0.47139 0.881925 0
    outer loop
      vertex -3.9806 8.07185 24
      vertex -4.5 7.79423 27
      vertex -3.9806 8.07185 27
    endloop
  endfacet
  facet normal -0.47139 0.881925 0
    outer loop
      vertex -4.5 7.79423 27
      vertex -3.9806 8.07185 24
      vertex -4.5 7.79423 24
    endloop
  endfacet
  facet normal -0.634391 -0.773012 0
    outer loop
      vertex -5.93411 -6.76656 24
      vertex -5.47885 -7.14018 27
      vertex -5.93411 -6.76656 27
    endloop
  endfacet
  facet normal -0.634391 -0.773012 -0
    outer loop
      vertex -5.47885 -7.14018 27
      vertex -5.93411 -6.76656 24
      vertex -5.47885 -7.14018 24
    endloop
  endfacet
  facet normal -0.47139 -0.881925 0
    outer loop
      vertex -4.5 -7.79423 24
      vertex -3.9806 -8.07185 27
      vertex -4.5 -7.79423 27
    endloop
  endfacet
  facet normal -0.47139 -0.881925 -0
    outer loop
      vertex -3.9806 -8.07185 27
      vertex -4.5 -7.79423 24
      vertex -3.9806 -8.07185 24
    endloop
  endfacet
  facet normal 0.995185 0.0980164 0
    outer loop
      vertex 9.97859 0.654031 6
      vertex 9.91445 1.30526 5
      vertex 9.91445 1.30526 6
    endloop
  endfacet
  facet normal 0.995185 0.0980164 0
    outer loop
      vertex 9.91445 1.30526 5
      vertex 9.97859 0.654031 6
      vertex 9.97859 0.654031 5
    endloop
  endfacet
  facet normal 0.999465 0.0327179 0
    outer loop
      vertex 10 0 6
      vertex 9.97859 0.654031 5
      vertex 9.97859 0.654031 6
    endloop
  endfacet
  facet normal 0.999465 0.0327179 0
    outer loop
      vertex 9.97859 0.654031 5
      vertex 10 0 6
      vertex 10 0 5
    endloop
  endfacet
  facet normal 0.986643 0.162895 0
    outer loop
      vertex 9.80785 1.9509 6
      vertex 9.85248 1.68058 5
      vertex 9.80785 1.9509 4
    endloop
  endfacet
  facet normal 0.986642 0.162902 -1.83196e-06
    outer loop
      vertex 9.91445 1.30526 6
      vertex 9.85248 1.68058 5
      vertex 9.80785 1.9509 6
    endloop
  endfacet
  facet normal 0.986641 0.162907 0
    outer loop
      vertex 9.85248 1.68058 5
      vertex 9.91445 1.30526 6
      vertex 9.91445 1.30526 5
    endloop
  endfacet
  facet normal 0.986643 0.162895 0
    outer loop
      vertex 9.80785 1.9509 4
      vertex 9.85248 1.68058 5
      vertex 9.85248 1.68058 4
    endloop
  endfacet
  facet normal -0.729865 -0.683592 0
    outer loop
      vertex -7.07107 -7.07107 4
      vertex -7.5184 -6.59346 6
      vertex -7.5184 -6.59346 4
    endloop
  endfacet
  facet normal -0.729865 -0.683592 0
    outer loop
      vertex -7.5184 -6.59346 6
      vertex -7.07107 -7.07107 4
      vertex -7.07107 -7.07107 6
    endloop
  endfacet
  facet normal 0.956939 0.290291 0
    outer loop
      vertex 9.65926 2.58819 6
      vertex 9.4693 3.21439 4
      vertex 9.4693 3.21439 6
    endloop
  endfacet
  facet normal 0.956939 0.290291 0
    outer loop
      vertex 9.4693 3.21439 4
      vertex 9.65926 2.58819 6
      vertex 9.65926 2.58819 4
    endloop
  endfacet
  facet normal -0.881916 -0.471407 0
    outer loop
      vertex -8.66025 -5 4
      vertex -8.96873 -4.42289 6
      vertex -8.96873 -4.42289 4
    endloop
  endfacet
  facet normal -0.881916 -0.471407 0
    outer loop
      vertex -8.96873 -4.42289 6
      vertex -8.66025 -5 4
      vertex -8.66025 -5 6
    endloop
  endfacet
  facet normal 0.0327179 0.999465 -0
    outer loop
      vertex 0.654031 9.97859 4
      vertex 0 10 6
      vertex 0.654031 9.97859 6
    endloop
  endfacet
  facet normal 0.0327179 0.999465 0
    outer loop
      vertex 0 10 6
      vertex 0.654031 9.97859 4
      vertex 0 10 4
    endloop
  endfacet
  facet normal 0.973879 -0.227069 0
    outer loop
      vertex 9.65926 -2.58819 6
      vertex 9.80785 -1.9509 4
      vertex 9.80785 -1.9509 6
    endloop
  endfacet
  facet normal 0.973879 -0.227069 0
    outer loop
      vertex 9.80785 -1.9509 4
      vertex 9.65926 -2.58819 6
      vertex 9.65926 -2.58819 4
    endloop
  endfacet
  facet normal -0.956939 -0.290291 0
    outer loop
      vertex -9.4693 -3.21439 4
      vertex -9.65926 -2.58819 6
      vertex -9.65926 -2.58819 4
    endloop
  endfacet
  facet normal -0.956939 -0.290291 0
    outer loop
      vertex -9.65926 -2.58819 6
      vertex -9.4693 -3.21439 4
      vertex -9.4693 -3.21439 6
    endloop
  endfacet
  facet normal -0.81284 -0.582486 0
    outer loop
      vertex -7.93353 -6.08761 4
      vertex -8.3147 -5.5557 6
      vertex -8.3147 -5.5557 4
    endloop
  endfacet
  facet normal -0.81284 -0.582486 0
    outer loop
      vertex -8.3147 -5.5557 6
      vertex -7.93353 -6.08761 4
      vertex -7.93353 -6.08761 6
    endloop
  endfacet
  facet normal -0.162902 -0.986642 0
    outer loop
      vertex -1.9509 -9.80785 4
      vertex -1.30526 -9.91445 6
      vertex -1.9509 -9.80785 6
    endloop
  endfacet
  facet normal -0.162902 -0.986642 -0
    outer loop
      vertex -1.30526 -9.91445 6
      vertex -1.9509 -9.80785 4
      vertex -1.30526 -9.91445 4
    endloop
  endfacet
  facet normal -0.849207 -0.528061 0
    outer loop
      vertex -8.3147 -5.5557 4
      vertex -8.66025 -5 6
      vertex -8.66025 -5 4
    endloop
  endfacet
  facet normal -0.849207 -0.528061 0
    outer loop
      vertex -8.66025 -5 6
      vertex -8.3147 -5.5557 4
      vertex -8.3147 -5.5557 6
    endloop
  endfacet
  facet normal 0.227069 -0.973879 0
    outer loop
      vertex 1.9509 -9.80785 4
      vertex 2.58819 -9.65926 6
      vertex 1.9509 -9.80785 6
    endloop
  endfacet
  facet normal 0.227069 -0.973879 0
    outer loop
      vertex 2.58819 -9.65926 6
      vertex 1.9509 -9.80785 4
      vertex 2.58819 -9.65926 4
    endloop
  endfacet
  facet normal -0.0980164 0.995185 0
    outer loop
      vertex -0.654031 9.97859 4
      vertex -1.30526 9.91445 6
      vertex -0.654031 9.97859 6
    endloop
  endfacet
  facet normal -0.0980164 0.995185 0
    outer loop
      vertex -1.30526 9.91445 6
      vertex -0.654031 9.97859 4
      vertex -1.30526 9.91445 4
    endloop
  endfacet
  facet normal 0.683592 -0.729865 0
    outer loop
      vertex 6.59346 -7.5184 4
      vertex 7.07107 -7.07107 6
      vertex 6.59346 -7.5184 6
    endloop
  endfacet
  facet normal 0.683592 -0.729865 0
    outer loop
      vertex 7.07107 -7.07107 6
      vertex 6.59346 -7.5184 4
      vertex 7.07107 -7.07107 4
    endloop
  endfacet
  facet normal -0.935909 0.352242 0
    outer loop
      vertex -9.4693 3.21439 4
      vertex -9.2388 3.82683 6
      vertex -9.2388 3.82683 4
    endloop
  endfacet
  facet normal -0.935909 0.352242 0
    outer loop
      vertex -9.2388 3.82683 6
      vertex -9.4693 3.21439 4
      vertex -9.4693 3.21439 6
    endloop
  endfacet
  facet normal -0.995185 -0.0980164 0
    outer loop
      vertex -9.91445 -1.30526 5
      vertex -9.97859 -0.654031 6
      vertex -9.97859 -0.654031 5
    endloop
  endfacet
  facet normal -0.995185 -0.0980164 0
    outer loop
      vertex -9.97859 -0.654031 6
      vertex -9.91445 -1.30526 5
      vertex -9.91445 -1.30526 6
    endloop
  endfacet
  facet normal 0.935909 -0.352242 0
    outer loop
      vertex 9.2388 -3.82683 6
      vertex 9.4693 -3.21439 4
      vertex 9.4693 -3.21439 6
    endloop
  endfacet
  facet normal 0.935909 -0.352242 0
    outer loop
      vertex 9.4693 -3.21439 4
      vertex 9.2388 -3.82683 6
      vertex 9.2388 -3.82683 4
    endloop
  endfacet
  facet normal 0.634384 0.773018 -0
    outer loop
      vertex 6.59346 7.5184 4
      vertex 6.08761 7.93353 6
      vertex 6.59346 7.5184 6
    endloop
  endfacet
  facet normal 0.634384 0.773018 0
    outer loop
      vertex 6.08761 7.93353 6
      vertex 6.59346 7.5184 4
      vertex 6.08761 7.93353 4
    endloop
  endfacet
  facet normal 0.995185 -0.0980164 0
    outer loop
      vertex 9.91445 -1.30526 6
      vertex 9.97859 -0.654031 5
      vertex 9.97859 -0.654031 6
    endloop
  endfacet
  facet normal 0.995185 -0.0980164 0
    outer loop
      vertex 9.97859 -0.654031 5
      vertex 9.91445 -1.30526 6
      vertex 9.91445 -1.30526 5
    endloop
  endfacet
  facet normal -0.999465 0.0327179 0
    outer loop
      vertex -10 0 5
      vertex -9.97859 0.654031 6
      vertex -9.97859 0.654031 5
    endloop
  endfacet
  facet normal -0.999465 0.0327179 0
    outer loop
      vertex -9.97859 0.654031 6
      vertex -10 0 5
      vertex -10 0 6
    endloop
  endfacet
  facet normal 0.582486 -0.81284 0
    outer loop
      vertex 5.5557 -8.3147 4
      vertex 6.08761 -7.93353 6
      vertex 5.5557 -8.3147 6
    endloop
  endfacet
  facet normal 0.582486 -0.81284 0
    outer loop
      vertex 6.08761 -7.93353 6
      vertex 5.5557 -8.3147 4
      vertex 6.08761 -7.93353 4
    endloop
  endfacet
  facet normal -0.995185 0.0980164 0
    outer loop
      vertex -9.97859 0.654031 5
      vertex -9.91445 1.30526 6
      vertex -9.91445 1.30526 5
    endloop
  endfacet
  facet normal -0.995185 0.0980164 0
    outer loop
      vertex -9.91445 1.30526 6
      vertex -9.97859 0.654031 5
      vertex -9.97859 0.654031 6
    endloop
  endfacet
  facet normal 0.999465 -0.0327179 0
    outer loop
      vertex 9.97859 -0.654031 6
      vertex 10 0 5
      vertex 10 0 6
    endloop
  endfacet
  facet normal 0.999465 -0.0327179 0
    outer loop
      vertex 10 0 5
      vertex 9.97859 -0.654031 6
      vertex 9.97859 -0.654031 5
    endloop
  endfacet
  facet normal 0 0 1
    outer loop
      vertex 13 22 4
      vertex 11.7 0 4
      vertex 13 -22 4
    endloop
  endfacet
  facet normal 0 0 1
    outer loop
      vertex 13 22 4
      vertex 11.6421 0.439992 4
      vertex 11.7 0 4
    endloop
  endfacet
  facet normal 0 0 1
    outer loop
      vertex 13 22 4
      vertex 11.4722 0.849999 4
      vertex 11.6421 0.439992 4
    endloop
  endfacet
  facet normal 0 0 1
    outer loop
      vertex 13 22 4
      vertex 11.2021 1.20208 4
      vertex 11.4722 0.849999 4
    endloop
  endfacet
  facet normal -0 0 1
    outer loop
      vertex 8.96873 4.42289 4
      vertex 11.2021 1.20208 4
      vertex 13 22 4
    endloop
  endfacet
  facet normal -0 -0 1
    outer loop
      vertex 9.2388 3.82683 4
      vertex 11.2021 1.20208 4
      vertex 8.96873 4.42289 4
    endloop
  endfacet
  facet normal -0 -0 1
    outer loop
      vertex 9.4693 3.21439 4
      vertex 10.85 1.47224 4
      vertex 9.2388 3.82683 4
    endloop
  endfacet
  facet normal 0 0 1
    outer loop
      vertex 10.85 1.47224 4
      vertex 9.65926 2.58819 4
      vertex 10.44 1.64207 4
    endloop
  endfacet
  facet normal 0 0 1
    outer loop
      vertex 10 1.7 4
      vertex 9.80785 1.9509 4
      vertex 9.85248 1.68058 4
    endloop
  endfacet
  facet normal 0 0 1
    outer loop
      vertex 10.44 1.64207 4
      vertex 9.80785 1.9509 4
      vertex 10 1.7 4
    endloop
  endfacet
  facet normal -0 -0 1
    outer loop
      vertex 9.80785 1.9509 4
      vertex 10.44 1.64207 4
      vertex 9.65926 2.58819 4
    endloop
  endfacet
  facet normal -0 -0 1
    outer loop
      vertex 9.65926 2.58819 4
      vertex 10.85 1.47224 4
      vertex 9.4693 3.21439 4
    endloop
  endfacet
  facet normal 0 0 1
    outer loop
      vertex 11.2021 1.20208 4
      vertex 9.2388 3.82683 4
      vertex 10.85 1.47224 4
    endloop
  endfacet
  facet normal 0 0 1
    outer loop
      vertex 13 22 4
      vertex 8.66025 5 4
      vertex 8.96873 4.42289 4
    endloop
  endfacet
  facet normal 0 0 1
    outer loop
      vertex 13 22 4
      vertex 8.3147 5.5557 4
      vertex 8.66025 5 4
    endloop
  endfacet
  facet normal 0 0 1
    outer loop
      vertex 13 22 4
      vertex 7.93353 6.08761 4
      vertex 8.3147 5.5557 4
    endloop
  endfacet
  facet normal 0 0 1
    outer loop
      vertex 13 22 4
      vertex 7.5184 6.59346 4
      vertex 7.93353 6.08761 4
    endloop
  endfacet
  facet normal 0 0 1
    outer loop
      vertex 13 22 4
      vertex 7.07107 7.07107 4
      vertex 7.5184 6.59346 4
    endloop
  endfacet
  facet normal 0 0 1
    outer loop
      vertex 13 22 4
      vertex 6.59346 7.5184 4
      vertex 7.07107 7.07107 4
    endloop
  endfacet
  facet normal 0 0 1
    outer loop
      vertex 13 22 4
      vertex 6.08761 7.93353 4
      vertex 6.59346 7.5184 4
    endloop
  endfacet
  facet normal 0 0 1
    outer loop
      vertex 13 22 4
      vertex 5.5557 8.3147 4
      vertex 6.08761 7.93353 4
    endloop
  endfacet
  facet normal 0 0 1
    outer loop
      vertex 13 22 4
      vertex 5 8.66025 4
      vertex 5.5557 8.3147 4
    endloop
  endfacet
  facet normal 0 0 1
    outer loop
      vertex 13 22 4
      vertex 4.42289 8.96873 4
      vertex 5 8.66025 4
    endloop
  endfacet
  facet normal 0 0 1
    outer loop
      vertex 13 22 4
      vertex 3.82683 9.2388 4
      vertex 4.42289 8.96873 4
    endloop
  endfacet
  facet normal 0 0 1
    outer loop
      vertex 13 22 4
      vertex 3.21439 9.4693 4
      vertex 3.82683 9.2388 4
    endloop
  endfacet
  facet normal 0 0 1
    outer loop
      vertex 13 22 4
      vertex 2.58819 9.65926 4
      vertex 3.21439 9.4693 4
    endloop
  endfacet
  facet normal 0 0 1
    outer loop
      vertex 13 22 4
      vertex 1.9509 9.80785 4
      vertex 2.58819 9.65926 4
    endloop
  endfacet
  facet normal 0 0 1
    outer loop
      vertex 13 22 4
      vertex 1.30526 9.91445 4
      vertex 1.9509 9.80785 4
    endloop
  endfacet
  facet normal 0 0 1
    outer loop
      vertex 13 22 4
      vertex 0.654031 9.97859 4
      vertex 1.30526 9.91445 4
    endloop
  endfacet
  facet normal 0 0 1
    outer loop
      vertex 13 22 4
      vertex 0 10 4
      vertex 0.654031 9.97859 4
    endloop
  endfacet
  facet normal -0 0 1
    outer loop
      vertex -13 22 4
      vertex 0 10 4
      vertex 13 22 4
    endloop
  endfacet
  facet normal 0 0 1
    outer loop
      vertex 0 10 4
      vertex -13 22 4
      vertex -0.654031 9.97859 4
    endloop
  endfacet
  facet normal 0 0 1
    outer loop
      vertex -0.654031 9.97859 4
      vertex -13 22 4
      vertex -1.30526 9.91445 4
    endloop
  endfacet
  facet normal 0 0 1
    outer loop
      vertex -1.30526 9.91445 4
      vertex -13 22 4
      vertex -1.9509 9.80785 4
    endloop
  endfacet
  facet normal 0 0 1
    outer loop
      vertex -1.9509 9.80785 4
      vertex -13 22 4
      vertex -2.58819 9.65926 4
    endloop
  endfacet
  facet normal 0 0 1
    outer loop
      vertex -2.58819 9.65926 4
      vertex -13 22 4
      vertex -3.21439 9.4693 4
    endloop
  endfacet
  facet normal 0 0 1
    outer loop
      vertex -3.21439 9.4693 4
      vertex -13 22 4
      vertex -3.82683 9.2388 4
    endloop
  endfacet
  facet normal 0 0 1
    outer loop
      vertex -3.82683 9.2388 4
      vertex -13 22 4
      vertex -4.42289 8.96873 4
    endloop
  endfacet
  facet normal 0 0 1
    outer loop
      vertex -4.42289 8.96873 4
      vertex -13 22 4
      vertex -5 8.66025 4
    endloop
  endfacet
  facet normal 0 0 1
    outer loop
      vertex -5 8.66025 4
      vertex -13 22 4
      vertex -5.5557 8.3147 4
    endloop
  endfacet
  facet normal 0 0 1
    outer loop
      vertex -9.80785 1.9509 4
      vertex -10 1.7 4
      vertex -9.85248 1.68058 4
    endloop
  endfacet
  facet normal 0 0 1
    outer loop
      vertex -10.44 1.64207 4
      vertex -9.80785 1.9509 4
      vertex -9.65926 2.58819 4
    endloop
  endfacet
  facet normal 0 0 1
    outer loop
      vertex -10.85 1.47224 4
      vertex -9.65926 2.58819 4
      vertex -9.4693 3.21439 4
    endloop
  endfacet
  facet normal 0 0 1
    outer loop
      vertex -9.80785 1.9509 4
      vertex -10.44 1.64207 4
      vertex -10 1.7 4
    endloop
  endfacet
  facet normal 0 0 1
    outer loop
      vertex -10.85 1.47224 4
      vertex -9.4693 3.21439 4
      vertex -9.2388 3.82683 4
    endloop
  endfacet
  facet normal 0 0 1
    outer loop
      vertex -11.2021 1.20208 4
      vertex -9.2388 3.82683 4
      vertex -8.96873 4.42289 4
    endloop
  endfacet
  facet normal 0 0 1
    outer loop
      vertex -9.65926 2.58819 4
      vertex -10.85 1.47224 4
      vertex -10.44 1.64207 4
    endloop
  endfacet
  facet normal 0 0 1
    outer loop
      vertex -13 22 4
      vertex -8.96873 4.42289 4
      vertex -8.66025 5 4
    endloop
  endfacet
  facet normal 0 0 1
    outer loop
      vertex -9.2388 3.82683 4
      vertex -11.2021 1.20208 4
      vertex -10.85 1.47224 4
    endloop
  endfacet
  facet normal 0 0 1
    outer loop
      vertex -13 22 4
      vertex -8.66025 5 4
      vertex -8.3147 5.5557 4
    endloop
  endfacet
  facet normal 0 0 1
    outer loop
      vertex -8.96873 4.42289 4
      vertex -13 22 4
      vertex -11.2021 1.20208 4
    endloop
  endfacet
  facet normal 0 0 1
    outer loop
      vertex -11.6421 0.439992 4
      vertex -13 22 4
      vertex -11.7 0 4
    endloop
  endfacet
  facet normal 0 0 1
    outer loop
      vertex -11.4722 0.849999 4
      vertex -13 22 4
      vertex -11.6421 0.439992 4
    endloop
  endfacet
  facet normal 0 0 1
    outer loop
      vertex -11.2021 1.20208 4
      vertex -13 22 4
      vertex -11.4722 0.849999 4
    endloop
  endfacet
  facet normal 0 0 1
    outer loop
      vertex -7.93353 6.08761 4
      vertex -13 22 4
      vertex -8.3147 5.5557 4
    endloop
  endfacet
  facet normal 0 0 1
    outer loop
      vertex -7.5184 6.59346 4
      vertex -13 22 4
      vertex -7.93353 6.08761 4
    endloop
  endfacet
  facet normal 0 0 1
    outer loop
      vertex -7.07107 7.07107 4
      vertex -13 22 4
      vertex -7.5184 6.59346 4
    endloop
  endfacet
  facet normal 0 0 1
    outer loop
      vertex -6.59346 7.5184 4
      vertex -13 22 4
      vertex -7.07107 7.07107 4
    endloop
  endfacet
  facet normal 0 0 1
    outer loop
      vertex -6.08761 7.93353 4
      vertex -13 22 4
      vertex -6.59346 7.5184 4
    endloop
  endfacet
  facet normal 0 0 1
    outer loop
      vertex -5.5557 8.3147 4
      vertex -13 22 4
      vertex -6.08761 7.93353 4
    endloop
  endfacet
  facet normal -0 0 1
    outer loop
      vertex 11.6421 -0.439992 4
      vertex 13 -22 4
      vertex 11.7 0 4
    endloop
  endfacet
  facet normal -0 0 1
    outer loop
      vertex 11.4722 -0.849999 4
      vertex 13 -22 4
      vertex 11.6421 -0.439992 4
    endloop
  endfacet
  facet normal -0 0 1
    outer loop
      vertex 11.2021 -1.20208 4
      vertex 13 -22 4
      vertex 11.4722 -0.849999 4
    endloop
  endfacet
  facet normal 0 0 1
    outer loop
      vertex 9.2388 -3.82683 4
      vertex 11.2021 -1.20208 4
      vertex 10.85 -1.47224 4
    endloop
  endfacet
  facet normal 0 0 1
    outer loop
      vertex 9.65926 -2.58819 4
      vertex 10.85 -1.47224 4
      vertex 10.44 -1.64207 4
    endloop
  endfacet
  facet normal 0 0 1
    outer loop
      vertex 9.80785 -1.9509 4
      vertex 10.44 -1.64207 4
      vertex 10 -1.7 4
    endloop
  endfacet
  facet normal 0 0 1
    outer loop
      vertex 9.80785 -1.9509 4
      vertex 10 -1.7 4
      vertex 9.85248 -1.68058 4
    endloop
  endfacet
  facet normal 0 0 1
    outer loop
      vertex 10.44 -1.64207 4
      vertex 9.80785 -1.9509 4
      vertex 9.65926 -2.58819 4
    endloop
  endfacet
  facet normal 0 0 1
    outer loop
      vertex 10.85 -1.47224 4
      vertex 9.65926 -2.58819 4
      vertex 9.4693 -3.21439 4
    endloop
  endfacet
  facet normal 0 0 1
    outer loop
      vertex 10.85 -1.47224 4
      vertex 9.4693 -3.21439 4
      vertex 9.2388 -3.82683 4
    endloop
  endfacet
  facet normal 0 0 1
    outer loop
      vertex 11.2021 -1.20208 4
      vertex 9.2388 -3.82683 4
      vertex 8.96873 -4.42289 4
    endloop
  endfacet
  facet normal 0 0 1
    outer loop
      vertex 11.2021 -1.20208 4
      vertex 8.96873 -4.42289 4
      vertex 13 -22 4
    endloop
  endfacet
  facet normal -0 0 1
    outer loop
      vertex 8.66025 -5 4
      vertex 13 -22 4
      vertex 8.96873 -4.42289 4
    endloop
  endfacet
  facet normal -0 0 1
    outer loop
      vertex 8.3147 -5.5557 4
      vertex 13 -22 4
      vertex 8.66025 -5 4
    endloop
  endfacet
  facet normal -0 0 1
    outer loop
      vertex 7.93353 -6.08761 4
      vertex 13 -22 4
      vertex 8.3147 -5.5557 4
    endloop
  endfacet
  facet normal -0 0 1
    outer loop
      vertex 7.5184 -6.59346 4
      vertex 13 -22 4
      vertex 7.93353 -6.08761 4
    endloop
  endfacet
  facet normal -0 0 1
    outer loop
      vertex 7.07107 -7.07107 4
      vertex 13 -22 4
      vertex 7.5184 -6.59346 4
    endloop
  endfacet
  facet normal -0 0 1
    outer loop
      vertex 6.59346 -7.5184 4
      vertex 13 -22 4
      vertex 7.07107 -7.07107 4
    endloop
  endfacet
  facet normal -0 0 1
    outer loop
      vertex 6.08761 -7.93353 4
      vertex 13 -22 4
      vertex 6.59346 -7.5184 4
    endloop
  endfacet
  facet normal -0 0 1
    outer loop
      vertex 5.5557 -8.3147 4
      vertex 13 -22 4
      vertex 6.08761 -7.93353 4
    endloop
  endfacet
  facet normal -0 0 1
    outer loop
      vertex 5 -8.66025 4
      vertex 13 -22 4
      vertex 5.5557 -8.3147 4
    endloop
  endfacet
  facet normal -0 0 1
    outer loop
      vertex 4.42289 -8.96873 4
      vertex 13 -22 4
      vertex 5 -8.66025 4
    endloop
  endfacet
  facet normal -0 0 1
    outer loop
      vertex 3.82683 -9.2388 4
      vertex 13 -22 4
      vertex 4.42289 -8.96873 4
    endloop
  endfacet
  facet normal -0 0 1
    outer loop
      vertex 3.21439 -9.4693 4
      vertex 13 -22 4
      vertex 3.82683 -9.2388 4
    endloop
  endfacet
  facet normal -0 0 1
    outer loop
      vertex 2.58819 -9.65926 4
      vertex 13 -22 4
      vertex 3.21439 -9.4693 4
    endloop
  endfacet
  facet normal -0 0 1
    outer loop
      vertex 1.9509 -9.80785 4
      vertex 13 -22 4
      vertex 2.58819 -9.65926 4
    endloop
  endfacet
  facet normal -0 0 1
    outer loop
      vertex 1.30526 -9.91445 4
      vertex 13 -22 4
      vertex 1.9509 -9.80785 4
    endloop
  endfacet
  facet normal -0 0 1
    outer loop
      vertex 0.654031 -9.97859 4
      vertex 13 -22 4
      vertex 1.30526 -9.91445 4
    endloop
  endfacet
  facet normal -0 0 1
    outer loop
      vertex 0 -10 4
      vertex 13 -22 4
      vertex 0.654031 -9.97859 4
    endloop
  endfacet
  facet normal 0 0 1
    outer loop
      vertex -13 -22 4
      vertex 0 -10 4
      vertex -0.654031 -9.97859 4
    endloop
  endfacet
  facet normal 0 0 1
    outer loop
      vertex -13 -22 4
      vertex -0.654031 -9.97859 4
      vertex -1.30526 -9.91445 4
    endloop
  endfacet
  facet normal 0 0 1
    outer loop
      vertex -13 -22 4
      vertex -1.30526 -9.91445 4
      vertex -1.9509 -9.80785 4
    endloop
  endfacet
  facet normal 0 0 1
    outer loop
      vertex -13 -22 4
      vertex -1.9509 -9.80785 4
      vertex -2.58819 -9.65926 4
    endloop
  endfacet
  facet normal 0 0 1
    outer loop
      vertex -13 -22 4
      vertex -2.58819 -9.65926 4
      vertex -3.21439 -9.4693 4
    endloop
  endfacet
  facet normal 0 0 1
    outer loop
      vertex -13 -22 4
      vertex -3.21439 -9.4693 4
      vertex -3.82683 -9.2388 4
    endloop
  endfacet
  facet normal 0 0 1
    outer loop
      vertex -13 -22 4
      vertex -3.82683 -9.2388 4
      vertex -4.42289 -8.96873 4
    endloop
  endfacet
  facet normal 0 0 1
    outer loop
      vertex -13 -22 4
      vertex -4.42289 -8.96873 4
      vertex -5 -8.66025 4
    endloop
  endfacet
  facet normal 0 0 1
    outer loop
      vertex -13 -22 4
      vertex -5 -8.66025 4
      vertex -5.5557 -8.3147 4
    endloop
  endfacet
  facet normal 0 0 1
    outer loop
      vertex -13 -22 4
      vertex -5.5557 -8.3147 4
      vertex -6.08761 -7.93353 4
    endloop
  endfacet
  facet normal -0 0 1
    outer loop
      vertex -10 -1.7 4
      vertex -9.80785 -1.9509 4
      vertex -9.85248 -1.68058 4
    endloop
  endfacet
  facet normal 0 0 1
    outer loop
      vertex -10.44 -1.64207 4
      vertex -9.80785 -1.9509 4
      vertex -10 -1.7 4
    endloop
  endfacet
  facet normal 0 0 1
    outer loop
      vertex -9.80785 -1.9509 4
      vertex -10.44 -1.64207 4
      vertex -9.65926 -2.58819 4
    endloop
  endfacet
  facet normal 0 0 1
    outer loop
      vertex -10.85 -1.47224 4
      vertex -9.65926 -2.58819 4
      vertex -10.44 -1.64207 4
    endloop
  endfacet
  facet normal 0 0 1
    outer loop
      vertex -9.65926 -2.58819 4
      vertex -10.85 -1.47224 4
      vertex -9.4693 -3.21439 4
    endloop
  endfacet
  facet normal 0 0 1
    outer loop
      vertex -9.4693 -3.21439 4
      vertex -10.85 -1.47224 4
      vertex -9.2388 -3.82683 4
    endloop
  endfacet
  facet normal 0 0 1
    outer loop
      vertex -11.2021 -1.20208 4
      vertex -9.2388 -3.82683 4
      vertex -10.85 -1.47224 4
    endloop
  endfacet
  facet normal 0 0 1
    outer loop
      vertex -9.2388 -3.82683 4
      vertex -11.2021 -1.20208 4
      vertex -8.96873 -4.42289 4
    endloop
  endfacet
  facet normal 0 0 1
    outer loop
      vertex -13 -22 4
      vertex -8.96873 -4.42289 4
      vertex -11.2021 -1.20208 4
    endloop
  endfacet
  facet normal 0 0 1
    outer loop
      vertex -8.96873 -4.42289 4
      vertex -13 -22 4
      vertex -8.66025 -5 4
    endloop
  endfacet
  facet normal 0 0 1
    outer loop
      vertex -13 -22 4
      vertex -11.2021 -1.20208 4
      vertex -11.4722 -0.849999 4
    endloop
  endfacet
  facet normal 0 0 1
    outer loop
      vertex 0 -10 4
      vertex -13 -22 4
      vertex 13 -22 4
    endloop
  endfacet
  facet normal 0 0 1
    outer loop
      vertex -6.59346 -7.5184 4
      vertex -13 -22 4
      vertex -6.08761 -7.93353 4
    endloop
  endfacet
  facet normal 0 0 1
    outer loop
      vertex -7.07107 -7.07107 4
      vertex -13 -22 4
      vertex -6.59346 -7.5184 4
    endloop
  endfacet
  facet normal 0 0 1
    outer loop
      vertex -7.5184 -6.59346 4
      vertex -13 -22 4
      vertex -7.07107 -7.07107 4
    endloop
  endfacet
  facet normal 0 0 1
    outer loop
      vertex -7.93353 -6.08761 4
      vertex -13 -22 4
      vertex -7.5184 -6.59346 4
    endloop
  endfacet
  facet normal 0 0 1
    outer loop
      vertex -8.3147 -5.5557 4
      vertex -13 -22 4
      vertex -7.93353 -6.08761 4
    endloop
  endfacet
  facet normal 0 0 1
    outer loop
      vertex -8.66025 -5 4
      vertex -13 -22 4
      vertex -8.3147 -5.5557 4
    endloop
  endfacet
  facet normal 0 0 1
    outer loop
      vertex -11.6421 -0.439992 4
      vertex -13 -22 4
      vertex -11.4722 -0.849999 4
    endloop
  endfacet
  facet normal 0 0 1
    outer loop
      vertex -11.7 0 4
      vertex -13 -22 4
      vertex -11.6421 -0.439992 4
    endloop
  endfacet
  facet normal 0 0 1
    outer loop
      vertex -13 -22 4
      vertex -11.7 0 4
      vertex -13 22 4
    endloop
  endfacet
  facet normal 0.582486 0.81284 -0
    outer loop
      vertex 6.08761 7.93353 4
      vertex 5.5557 8.3147 6
      vertex 6.08761 7.93353 6
    endloop
  endfacet
  facet normal 0.582486 0.81284 0
    outer loop
      vertex 5.5557 8.3147 6
      vertex 6.08761 7.93353 4
      vertex 5.5557 8.3147 4
    endloop
  endfacet
  facet normal -0.849207 0.528061 0
    outer loop
      vertex -8.66025 5 4
      vertex -8.3147 5.5557 6
      vertex -8.3147 5.5557 4
    endloop
  endfacet
  facet normal -0.849207 0.528061 0
    outer loop
      vertex -8.3147 5.5557 6
      vertex -8.66025 5 4
      vertex -8.66025 5 6
    endloop
  endfacet
  facet normal 0.81284 -0.582486 0
    outer loop
      vertex 7.93353 -6.08761 6
      vertex 8.3147 -5.5557 4
      vertex 8.3147 -5.5557 6
    endloop
  endfacet
  facet normal 0.81284 -0.582486 0
    outer loop
      vertex 8.3147 -5.5557 4
      vertex 7.93353 -6.08761 6
      vertex 7.93353 -6.08761 4
    endloop
  endfacet
  facet normal 0.412705 0.910865 -0
    outer loop
      vertex 4.42289 8.96873 4
      vertex 3.82683 9.2388 6
      vertex 4.42289 8.96873 6
    endloop
  endfacet
  facet normal 0.412705 0.910865 0
    outer loop
      vertex 3.82683 9.2388 6
      vertex 4.42289 8.96873 4
      vertex 3.82683 9.2388 4
    endloop
  endfacet
  facet normal 0.162902 -0.986642 0
    outer loop
      vertex 1.30526 -9.91445 4
      vertex 1.9509 -9.80785 6
      vertex 1.30526 -9.91445 6
    endloop
  endfacet
  facet normal 0.162902 -0.986642 0
    outer loop
      vertex 1.9509 -9.80785 6
      vertex 1.30526 -9.91445 4
      vertex 1.9509 -9.80785 4
    endloop
  endfacet
  facet normal -0.227069 -0.973879 0
    outer loop
      vertex -2.58819 -9.65926 4
      vertex -1.9509 -9.80785 6
      vertex -2.58819 -9.65926 6
    endloop
  endfacet
  facet normal -0.227069 -0.973879 -0
    outer loop
      vertex -1.9509 -9.80785 6
      vertex -2.58819 -9.65926 4
      vertex -1.9509 -9.80785 4
    endloop
  endfacet
  facet normal -0.634384 0.773018 0
    outer loop
      vertex -6.08761 7.93353 4
      vertex -6.59346 7.5184 6
      vertex -6.08761 7.93353 6
    endloop
  endfacet
  facet normal -0.634384 0.773018 0
    outer loop
      vertex -6.59346 7.5184 6
      vertex -6.08761 7.93353 4
      vertex -6.59346 7.5184 4
    endloop
  endfacet
  facet normal -0.582486 -0.81284 0
    outer loop
      vertex -6.08761 -7.93353 4
      vertex -5.5557 -8.3147 6
      vertex -6.08761 -7.93353 6
    endloop
  endfacet
  facet normal -0.582486 -0.81284 -0
    outer loop
      vertex -5.5557 -8.3147 6
      vertex -6.08761 -7.93353 4
      vertex -5.5557 -8.3147 4
    endloop
  endfacet
  facet normal 0.412705 -0.910865 0
    outer loop
      vertex 3.82683 -9.2388 4
      vertex 4.42289 -8.96873 6
      vertex 3.82683 -9.2388 6
    endloop
  endfacet
  facet normal 0.412705 -0.910865 0
    outer loop
      vertex 4.42289 -8.96873 6
      vertex 3.82683 -9.2388 4
      vertex 4.42289 -8.96873 4
    endloop
  endfacet
  facet normal 0.471407 -0.881916 0
    outer loop
      vertex 4.42289 -8.96873 4
      vertex 5 -8.66025 6
      vertex 4.42289 -8.96873 6
    endloop
  endfacet
  facet normal 0.471407 -0.881916 0
    outer loop
      vertex 5 -8.66025 6
      vertex 4.42289 -8.96873 4
      vertex 5 -8.66025 4
    endloop
  endfacet
  facet normal -0.910865 0.412705 0
    outer loop
      vertex -9.2388 3.82683 4
      vertex -8.96873 4.42289 6
      vertex -8.96873 4.42289 4
    endloop
  endfacet
  facet normal -0.910865 0.412705 0
    outer loop
      vertex -8.96873 4.42289 6
      vertex -9.2388 3.82683 4
      vertex -9.2388 3.82683 6
    endloop
  endfacet
  facet normal -0.956939 0.290291 0
    outer loop
      vertex -9.65926 2.58819 4
      vertex -9.4693 3.21439 6
      vertex -9.4693 3.21439 4
    endloop
  endfacet
  facet normal -0.956939 0.290291 0
    outer loop
      vertex -9.4693 3.21439 6
      vertex -9.65926 2.58819 4
      vertex -9.65926 2.58819 6
    endloop
  endfacet
  facet normal -0.162902 0.986642 0
    outer loop
      vertex -1.30526 9.91445 4
      vertex -1.9509 9.80785 6
      vertex -1.30526 9.91445 6
    endloop
  endfacet
  facet normal -0.162902 0.986642 0
    outer loop
      vertex -1.9509 9.80785 6
      vertex -1.30526 9.91445 4
      vertex -1.9509 9.80785 4
    endloop
  endfacet
  facet normal 0.81284 0.582486 0
    outer loop
      vertex 8.3147 5.5557 6
      vertex 7.93353 6.08761 4
      vertex 7.93353 6.08761 6
    endloop
  endfacet
  facet normal 0.81284 0.582486 0
    outer loop
      vertex 7.93353 6.08761 4
      vertex 8.3147 5.5557 6
      vertex 8.3147 5.5557 4
    endloop
  endfacet
  facet normal 0.773018 0.634384 0
    outer loop
      vertex 7.93353 6.08761 6
      vertex 7.5184 6.59346 4
      vertex 7.5184 6.59346 6
    endloop
  endfacet
  facet normal 0.773018 0.634384 0
    outer loop
      vertex 7.5184 6.59346 4
      vertex 7.93353 6.08761 6
      vertex 7.93353 6.08761 4
    endloop
  endfacet
  facet normal -0.352242 -0.935909 0
    outer loop
      vertex -3.82683 -9.2388 4
      vertex -3.21439 -9.4693 6
      vertex -3.82683 -9.2388 6
    endloop
  endfacet
  facet normal -0.352242 -0.935909 -0
    outer loop
      vertex -3.21439 -9.4693 6
      vertex -3.82683 -9.2388 4
      vertex -3.21439 -9.4693 4
    endloop
  endfacet
  facet normal -0.352242 0.935909 0
    outer loop
      vertex -3.21439 9.4693 4
      vertex -3.82683 9.2388 6
      vertex -3.21439 9.4693 6
    endloop
  endfacet
  facet normal -0.352242 0.935909 0
    outer loop
      vertex -3.82683 9.2388 6
      vertex -3.21439 9.4693 4
      vertex -3.82683 9.2388 4
    endloop
  endfacet
  facet normal 0.162902 0.986642 -0
    outer loop
      vertex 1.9509 9.80785 4
      vertex 1.30526 9.91445 6
      vertex 1.9509 9.80785 6
    endloop
  endfacet
  facet normal 0.162902 0.986642 0
    outer loop
      vertex 1.30526 9.91445 6
      vertex 1.9509 9.80785 4
      vertex 1.30526 9.91445 4
    endloop
  endfacet
  facet normal -0.471407 -0.881916 0
    outer loop
      vertex -5 -8.66025 4
      vertex -4.42289 -8.96873 6
      vertex -5 -8.66025 6
    endloop
  endfacet
  facet normal -0.471407 -0.881916 -0
    outer loop
      vertex -4.42289 -8.96873 6
      vertex -5 -8.66025 4
      vertex -4.42289 -8.96873 4
    endloop
  endfacet
  facet normal 0.0327179 -0.999465 0
    outer loop
      vertex 0 -10 4
      vertex 0.654031 -9.97859 6
      vertex 0 -10 6
    endloop
  endfacet
  facet normal 0.0327179 -0.999465 0
    outer loop
      vertex 0.654031 -9.97859 6
      vertex 0 -10 4
      vertex 0.654031 -9.97859 4
    endloop
  endfacet
  facet normal -0.881916 0.471407 0
    outer loop
      vertex -8.96873 4.42289 4
      vertex -8.66025 5 6
      vertex -8.66025 5 4
    endloop
  endfacet
  facet normal -0.881916 0.471407 0
    outer loop
      vertex -8.66025 5 6
      vertex -8.96873 4.42289 4
      vertex -8.96873 4.42289 6
    endloop
  endfacet
  facet normal -0.412705 -0.910865 0
    outer loop
      vertex -4.42289 -8.96873 4
      vertex -3.82683 -9.2388 6
      vertex -4.42289 -8.96873 6
    endloop
  endfacet
  facet normal -0.412705 -0.910865 -0
    outer loop
      vertex -3.82683 -9.2388 6
      vertex -4.42289 -8.96873 4
      vertex -3.82683 -9.2388 4
    endloop
  endfacet
  facet normal 0.0980164 0.995185 -0
    outer loop
      vertex 1.30526 9.91445 4
      vertex 0.654031 9.97859 6
      vertex 1.30526 9.91445 6
    endloop
  endfacet
  facet normal 0.0980164 0.995185 0
    outer loop
      vertex 0.654031 9.97859 6
      vertex 1.30526 9.91445 4
      vertex 0.654031 9.97859 4
    endloop
  endfacet
  facet normal -0.81284 0.582486 0
    outer loop
      vertex -8.3147 5.5557 4
      vertex -7.93353 6.08761 6
      vertex -7.93353 6.08761 4
    endloop
  endfacet
  facet normal -0.81284 0.582486 0
    outer loop
      vertex -7.93353 6.08761 6
      vertex -8.3147 5.5557 4
      vertex -8.3147 5.5557 6
    endloop
  endfacet
  facet normal 0.290291 -0.956939 0
    outer loop
      vertex 2.58819 -9.65926 4
      vertex 3.21439 -9.4693 6
      vertex 2.58819 -9.65926 6
    endloop
  endfacet
  facet normal 0.290291 -0.956939 0
    outer loop
      vertex 3.21439 -9.4693 6
      vertex 2.58819 -9.65926 4
      vertex 3.21439 -9.4693 4
    endloop
  endfacet
  facet normal -0.910865 -0.412705 0
    outer loop
      vertex -8.96873 -4.42289 4
      vertex -9.2388 -3.82683 6
      vertex -9.2388 -3.82683 4
    endloop
  endfacet
  facet normal -0.910865 -0.412705 0
    outer loop
      vertex -9.2388 -3.82683 6
      vertex -8.96873 -4.42289 4
      vertex -8.96873 -4.42289 6
    endloop
  endfacet
  facet normal 0.729865 -0.683592 0
    outer loop
      vertex 7.07107 -7.07107 6
      vertex 7.5184 -6.59346 4
      vertex 7.5184 -6.59346 6
    endloop
  endfacet
  facet normal 0.729865 -0.683592 0
    outer loop
      vertex 7.5184 -6.59346 4
      vertex 7.07107 -7.07107 6
      vertex 7.07107 -7.07107 4
    endloop
  endfacet
  facet normal 0.935909 0.352242 0
    outer loop
      vertex 9.4693 3.21439 6
      vertex 9.2388 3.82683 4
      vertex 9.2388 3.82683 6
    endloop
  endfacet
  facet normal 0.935909 0.352242 0
    outer loop
      vertex 9.2388 3.82683 4
      vertex 9.4693 3.21439 6
      vertex 9.4693 3.21439 4
    endloop
  endfacet
  facet normal 0.634384 -0.773018 0
    outer loop
      vertex 6.08761 -7.93353 4
      vertex 6.59346 -7.5184 6
      vertex 6.08761 -7.93353 6
    endloop
  endfacet
  facet normal 0.634384 -0.773018 0
    outer loop
      vertex 6.59346 -7.5184 6
      vertex 6.08761 -7.93353 4
      vertex 6.59346 -7.5184 4
    endloop
  endfacet
  facet normal 0.910865 0.412705 0
    outer loop
      vertex 9.2388 3.82683 6
      vertex 8.96873 4.42289 4
      vertex 8.96873 4.42289 6
    endloop
  endfacet
  facet normal 0.910865 0.412705 0
    outer loop
      vertex 8.96873 4.42289 4
      vertex 9.2388 3.82683 6
      vertex 9.2388 3.82683 4
    endloop
  endfacet
  facet normal 0.910865 -0.412705 0
    outer loop
      vertex 8.96873 -4.42289 6
      vertex 9.2388 -3.82683 4
      vertex 9.2388 -3.82683 6
    endloop
  endfacet
  facet normal 0.910865 -0.412705 0
    outer loop
      vertex 9.2388 -3.82683 4
      vertex 8.96873 -4.42289 6
      vertex 8.96873 -4.42289 4
    endloop
  endfacet
  facet normal -0.999465 -0.0327179 0
    outer loop
      vertex -9.97859 -0.654031 5
      vertex -10 0 6
      vertex -10 0 5
    endloop
  endfacet
  facet normal -0.999465 -0.0327179 0
    outer loop
      vertex -10 0 6
      vertex -9.97859 -0.654031 5
      vertex -9.97859 -0.654031 6
    endloop
  endfacet
  facet normal 0.773018 -0.634384 0
    outer loop
      vertex 7.5184 -6.59346 6
      vertex 7.93353 -6.08761 4
      vertex 7.93353 -6.08761 6
    endloop
  endfacet
  facet normal 0.773018 -0.634384 0
    outer loop
      vertex 7.93353 -6.08761 4
      vertex 7.5184 -6.59346 6
      vertex 7.5184 -6.59346 4
    endloop
  endfacet
  facet normal -0.683592 0.729865 0
    outer loop
      vertex -6.59346 7.5184 4
      vertex -7.07107 7.07107 6
      vertex -6.59346 7.5184 6
    endloop
  endfacet
  facet normal -0.683592 0.729865 0
    outer loop
      vertex -7.07107 7.07107 6
      vertex -6.59346 7.5184 4
      vertex -7.07107 7.07107 4
    endloop
  endfacet
  facet normal -0.582486 0.81284 0
    outer loop
      vertex -5.5557 8.3147 4
      vertex -6.08761 7.93353 6
      vertex -5.5557 8.3147 6
    endloop
  endfacet
  facet normal -0.582486 0.81284 0
    outer loop
      vertex -6.08761 7.93353 6
      vertex -5.5557 8.3147 4
      vertex -6.08761 7.93353 4
    endloop
  endfacet
  facet normal -0.0327179 0.999465 0
    outer loop
      vertex 0 10 4
      vertex -0.654031 9.97859 6
      vertex 0 10 6
    endloop
  endfacet
  facet normal -0.0327179 0.999465 0
    outer loop
      vertex -0.654031 9.97859 6
      vertex 0 10 4
      vertex -0.654031 9.97859 4
    endloop
  endfacet
  facet normal -0.935909 -0.352242 0
    outer loop
      vertex -9.2388 -3.82683 4
      vertex -9.4693 -3.21439 6
      vertex -9.4693 -3.21439 4
    endloop
  endfacet
  facet normal -0.935909 -0.352242 0
    outer loop
      vertex -9.4693 -3.21439 6
      vertex -9.2388 -3.82683 4
      vertex -9.2388 -3.82683 6
    endloop
  endfacet
  facet normal 0.729865 0.683592 0
    outer loop
      vertex 7.5184 6.59346 6
      vertex 7.07107 7.07107 4
      vertex 7.07107 7.07107 6
    endloop
  endfacet
  facet normal 0.729865 0.683592 0
    outer loop
      vertex 7.07107 7.07107 4
      vertex 7.5184 6.59346 6
      vertex 7.5184 6.59346 4
    endloop
  endfacet
  facet normal -0.290291 -0.956939 0
    outer loop
      vertex -3.21439 -9.4693 4
      vertex -2.58819 -9.65926 6
      vertex -3.21439 -9.4693 6
    endloop
  endfacet
  facet normal -0.290291 -0.956939 -0
    outer loop
      vertex -2.58819 -9.65926 6
      vertex -3.21439 -9.4693 4
      vertex -2.58819 -9.65926 4
    endloop
  endfacet
  facet normal 0.528061 -0.849207 0
    outer loop
      vertex 5 -8.66025 4
      vertex 5.5557 -8.3147 6
      vertex 5 -8.66025 6
    endloop
  endfacet
  facet normal 0.528061 -0.849207 0
    outer loop
      vertex 5.5557 -8.3147 6
      vertex 5 -8.66025 4
      vertex 5.5557 -8.3147 4
    endloop
  endfacet
  facet normal 0.849207 0.528061 0
    outer loop
      vertex 8.66025 5 6
      vertex 8.3147 5.5557 4
      vertex 8.3147 5.5557 6
    endloop
  endfacet
  facet normal 0.849207 0.528061 0
    outer loop
      vertex 8.3147 5.5557 4
      vertex 8.66025 5 6
      vertex 8.66025 5 4
    endloop
  endfacet
  facet normal 0.973879 0.227069 0
    outer loop
      vertex 9.80785 1.9509 6
      vertex 9.65926 2.58819 4
      vertex 9.65926 2.58819 6
    endloop
  endfacet
  facet normal 0.973879 0.227069 0
    outer loop
      vertex 9.65926 2.58819 4
      vertex 9.80785 1.9509 6
      vertex 9.80785 1.9509 4
    endloop
  endfacet
  facet normal -0.986643 -0.162895 0
    outer loop
      vertex -9.85248 -1.68058 4
      vertex -9.80785 -1.9509 4
      vertex -9.85248 -1.68058 5
    endloop
  endfacet
  facet normal -0.986641 -0.162907 0
    outer loop
      vertex -9.85248 -1.68058 5
      vertex -9.91445 -1.30526 6
      vertex -9.91445 -1.30526 5
    endloop
  endfacet
  facet normal -0.986642 -0.162902 -1.83196e-06
    outer loop
      vertex -9.85248 -1.68058 5
      vertex -9.80785 -1.9509 6
      vertex -9.91445 -1.30526 6
    endloop
  endfacet
  facet normal -0.986643 -0.162895 -0
    outer loop
      vertex -9.80785 -1.9509 6
      vertex -9.85248 -1.68058 5
      vertex -9.80785 -1.9509 4
    endloop
  endfacet
  facet normal 0.352242 -0.935909 0
    outer loop
      vertex 3.21439 -9.4693 4
      vertex 3.82683 -9.2388 6
      vertex 3.21439 -9.4693 6
    endloop
  endfacet
  facet normal 0.352242 -0.935909 0
    outer loop
      vertex 3.82683 -9.2388 6
      vertex 3.21439 -9.4693 4
      vertex 3.82683 -9.2388 4
    endloop
  endfacet
  facet normal -0.0980164 -0.995185 0
    outer loop
      vertex -1.30526 -9.91445 4
      vertex -0.654031 -9.97859 6
      vertex -1.30526 -9.91445 6
    endloop
  endfacet
  facet normal -0.0980164 -0.995185 -0
    outer loop
      vertex -0.654031 -9.97859 6
      vertex -1.30526 -9.91445 4
      vertex -0.654031 -9.97859 4
    endloop
  endfacet
  facet normal -0.973879 0.227069 0
    outer loop
      vertex -9.80785 1.9509 4
      vertex -9.65926 2.58819 6
      vertex -9.65926 2.58819 4
    endloop
  endfacet
  facet normal -0.973879 0.227069 0
    outer loop
      vertex -9.65926 2.58819 6
      vertex -9.80785 1.9509 4
      vertex -9.80785 1.9509 6
    endloop
  endfacet
  facet normal -0.773018 -0.634384 0
    outer loop
      vertex -7.5184 -6.59346 4
      vertex -7.93353 -6.08761 6
      vertex -7.93353 -6.08761 4
    endloop
  endfacet
  facet normal -0.773018 -0.634384 0
    outer loop
      vertex -7.93353 -6.08761 6
      vertex -7.5184 -6.59346 4
      vertex -7.5184 -6.59346 6
    endloop
  endfacet
  facet normal -0.0327179 -0.999465 0
    outer loop
      vertex -0.654031 -9.97859 4
      vertex 0 -10 6
      vertex -0.654031 -9.97859 6
    endloop
  endfacet
  facet normal -0.0327179 -0.999465 -0
    outer loop
      vertex 0 -10 6
      vertex -0.654031 -9.97859 4
      vertex 0 -10 4
    endloop
  endfacet
  facet normal -0.412705 0.910865 0
    outer loop
      vertex -3.82683 9.2388 4
      vertex -4.42289 8.96873 6
      vertex -3.82683 9.2388 6
    endloop
  endfacet
  facet normal -0.412705 0.910865 0
    outer loop
      vertex -4.42289 8.96873 6
      vertex -3.82683 9.2388 4
      vertex -4.42289 8.96873 4
    endloop
  endfacet
  facet normal -0.973879 -0.227069 0
    outer loop
      vertex -9.65926 -2.58819 4
      vertex -9.80785 -1.9509 6
      vertex -9.80785 -1.9509 4
    endloop
  endfacet
  facet normal -0.973879 -0.227069 0
    outer loop
      vertex -9.80785 -1.9509 6
      vertex -9.65926 -2.58819 4
      vertex -9.65926 -2.58819 6
    endloop
  endfacet
  facet normal 0.881916 -0.471407 0
    outer loop
      vertex 8.66025 -5 6
      vertex 8.96873 -4.42289 4
      vertex 8.96873 -4.42289 6
    endloop
  endfacet
  facet normal 0.881916 -0.471407 0
    outer loop
      vertex 8.96873 -4.42289 4
      vertex 8.66025 -5 6
      vertex 8.66025 -5 4
    endloop
  endfacet
  facet normal 0.881916 0.471407 0
    outer loop
      vertex 8.96873 4.42289 6
      vertex 8.66025 5 4
      vertex 8.66025 5 6
    endloop
  endfacet
  facet normal 0.881916 0.471407 0
    outer loop
      vertex 8.66025 5 4
      vertex 8.96873 4.42289 6
      vertex 8.96873 4.42289 4
    endloop
  endfacet
  facet normal -0.986643 0.162895 0
    outer loop
      vertex -9.85248 1.68058 5
      vertex -9.80785 1.9509 4
      vertex -9.85248 1.68058 4
    endloop
  endfacet
  facet normal -0.986643 0.162895 0
    outer loop
      vertex -9.80785 1.9509 4
      vertex -9.85248 1.68058 5
      vertex -9.80785 1.9509 6
    endloop
  endfacet
  facet normal -0.986641 0.162907 0
    outer loop
      vertex -9.91445 1.30526 6
      vertex -9.85248 1.68058 5
      vertex -9.91445 1.30526 5
    endloop
  endfacet
  facet normal -0.986642 0.162902 -1.83196e-06
    outer loop
      vertex -9.85248 1.68058 5
      vertex -9.91445 1.30526 6
      vertex -9.80785 1.9509 6
    endloop
  endfacet
  facet normal 0.956939 -0.290291 0
    outer loop
      vertex 9.4693 -3.21439 6
      vertex 9.65926 -2.58819 4
      vertex 9.65926 -2.58819 6
    endloop
  endfacet
  facet normal 0.956939 -0.290291 0
    outer loop
      vertex 9.65926 -2.58819 4
      vertex 9.4693 -3.21439 6
      vertex 9.4693 -3.21439 4
    endloop
  endfacet
  facet normal 0.290291 0.956939 -0
    outer loop
      vertex 3.21439 9.4693 4
      vertex 2.58819 9.65926 6
      vertex 3.21439 9.4693 6
    endloop
  endfacet
  facet normal 0.290291 0.956939 0
    outer loop
      vertex 2.58819 9.65926 6
      vertex 3.21439 9.4693 4
      vertex 2.58819 9.65926 4
    endloop
  endfacet
  facet normal 0.683592 0.729865 -0
    outer loop
      vertex 7.07107 7.07107 4
      vertex 6.59346 7.5184 6
      vertex 7.07107 7.07107 6
    endloop
  endfacet
  facet normal 0.683592 0.729865 0
    outer loop
      vertex 6.59346 7.5184 6
      vertex 7.07107 7.07107 4
      vertex 6.59346 7.5184 4
    endloop
  endfacet
  facet normal -0.528061 0.849207 0
    outer loop
      vertex -5 8.66025 4
      vertex -5.5557 8.3147 6
      vertex -5 8.66025 6
    endloop
  endfacet
  facet normal -0.528061 0.849207 0
    outer loop
      vertex -5.5557 8.3147 6
      vertex -5 8.66025 4
      vertex -5.5557 8.3147 4
    endloop
  endfacet
  facet normal -0.290291 0.956939 0
    outer loop
      vertex -2.58819 9.65926 4
      vertex -3.21439 9.4693 6
      vertex -2.58819 9.65926 6
    endloop
  endfacet
  facet normal -0.290291 0.956939 0
    outer loop
      vertex -3.21439 9.4693 6
      vertex -2.58819 9.65926 4
      vertex -3.21439 9.4693 4
    endloop
  endfacet
  facet normal 0.986641 -0.162907 0
    outer loop
      vertex 9.91445 -1.30526 6
      vertex 9.85248 -1.68058 5
      vertex 9.91445 -1.30526 5
    endloop
  endfacet
  facet normal 0.986642 -0.162902 -1.83196e-06
    outer loop
      vertex 9.80785 -1.9509 6
      vertex 9.85248 -1.68058 5
      vertex 9.91445 -1.30526 6
    endloop
  endfacet
  facet normal 0.986643 -0.162895 0
    outer loop
      vertex 9.80785 -1.9509 4
      vertex 9.85248 -1.68058 5
      vertex 9.80785 -1.9509 6
    endloop
  endfacet
  facet normal 0.986643 -0.162895 0
    outer loop
      vertex 9.85248 -1.68058 5
      vertex 9.80785 -1.9509 4
      vertex 9.85248 -1.68058 4
    endloop
  endfacet
  facet normal -0.227069 0.973879 0
    outer loop
      vertex -1.9509 9.80785 4
      vertex -2.58819 9.65926 6
      vertex -1.9509 9.80785 6
    endloop
  endfacet
  facet normal -0.227069 0.973879 0
    outer loop
      vertex -2.58819 9.65926 6
      vertex -1.9509 9.80785 4
      vertex -2.58819 9.65926 4
    endloop
  endfacet
  facet normal 0.0980164 -0.995185 0
    outer loop
      vertex 0.654031 -9.97859 4
      vertex 1.30526 -9.91445 6
      vertex 0.654031 -9.97859 6
    endloop
  endfacet
  facet normal 0.0980164 -0.995185 0
    outer loop
      vertex 1.30526 -9.91445 6
      vertex 0.654031 -9.97859 4
      vertex 1.30526 -9.91445 4
    endloop
  endfacet
  facet normal -0.773018 0.634384 0
    outer loop
      vertex -7.93353 6.08761 4
      vertex -7.5184 6.59346 6
      vertex -7.5184 6.59346 4
    endloop
  endfacet
  facet normal -0.773018 0.634384 0
    outer loop
      vertex -7.5184 6.59346 6
      vertex -7.93353 6.08761 4
      vertex -7.93353 6.08761 6
    endloop
  endfacet
  facet normal 0.849207 -0.528061 0
    outer loop
      vertex 8.3147 -5.5557 6
      vertex 8.66025 -5 4
      vertex 8.66025 -5 6
    endloop
  endfacet
  facet normal 0.849207 -0.528061 0
    outer loop
      vertex 8.66025 -5 4
      vertex 8.3147 -5.5557 6
      vertex 8.3147 -5.5557 4
    endloop
  endfacet
  facet normal -0.729865 0.683592 0
    outer loop
      vertex -7.5184 6.59346 4
      vertex -7.07107 7.07107 6
      vertex -7.07107 7.07107 4
    endloop
  endfacet
  facet normal -0.729865 0.683592 0
    outer loop
      vertex -7.07107 7.07107 6
      vertex -7.5184 6.59346 4
      vertex -7.5184 6.59346 6
    endloop
  endfacet
  facet normal -0.528061 -0.849207 0
    outer loop
      vertex -5.5557 -8.3147 4
      vertex -5 -8.66025 6
      vertex -5.5557 -8.3147 6
    endloop
  endfacet
  facet normal -0.528061 -0.849207 -0
    outer loop
      vertex -5 -8.66025 6
      vertex -5.5557 -8.3147 4
      vertex -5 -8.66025 4
    endloop
  endfacet
  facet normal 0.352242 0.935909 -0
    outer loop
      vertex 3.82683 9.2388 4
      vertex 3.21439 9.4693 6
      vertex 3.82683 9.2388 6
    endloop
  endfacet
  facet normal 0.352242 0.935909 0
    outer loop
      vertex 3.21439 9.4693 6
      vertex 3.82683 9.2388 4
      vertex 3.21439 9.4693 4
    endloop
  endfacet
  facet normal -0.471407 0.881916 0
    outer loop
      vertex -4.42289 8.96873 4
      vertex -5 8.66025 6
      vertex -4.42289 8.96873 6
    endloop
  endfacet
  facet normal -0.471407 0.881916 0
    outer loop
      vertex -5 8.66025 6
      vertex -4.42289 8.96873 4
      vertex -5 8.66025 4
    endloop
  endfacet
  facet normal 0.528061 0.849207 -0
    outer loop
      vertex 5.5557 8.3147 4
      vertex 5 8.66025 6
      vertex 5.5557 8.3147 6
    endloop
  endfacet
  facet normal 0.528061 0.849207 0
    outer loop
      vertex 5 8.66025 6
      vertex 5.5557 8.3147 4
      vertex 5 8.66025 4
    endloop
  endfacet
  facet normal 0.471407 0.881916 -0
    outer loop
      vertex 5 8.66025 4
      vertex 4.42289 8.96873 6
      vertex 5 8.66025 6
    endloop
  endfacet
  facet normal 0.471407 0.881916 0
    outer loop
      vertex 4.42289 8.96873 6
      vertex 5 8.66025 4
      vertex 4.42289 8.96873 4
    endloop
  endfacet
  facet normal -0.683592 -0.729865 0
    outer loop
      vertex -7.07107 -7.07107 4
      vertex -6.59346 -7.5184 6
      vertex -7.07107 -7.07107 6
    endloop
  endfacet
  facet normal -0.683592 -0.729865 -0
    outer loop
      vertex -6.59346 -7.5184 6
      vertex -7.07107 -7.07107 4
      vertex -6.59346 -7.5184 4
    endloop
  endfacet
  facet normal -0.634384 -0.773018 0
    outer loop
      vertex -6.59346 -7.5184 4
      vertex -6.08761 -7.93353 6
      vertex -6.59346 -7.5184 6
    endloop
  endfacet
  facet normal -0.634384 -0.773018 -0
    outer loop
      vertex -6.08761 -7.93353 6
      vertex -6.59346 -7.5184 4
      vertex -6.08761 -7.93353 4
    endloop
  endfacet
  facet normal 0.227069 0.973879 -0
    outer loop
      vertex 2.58819 9.65926 4
      vertex 1.9509 9.80785 6
      vertex 2.58819 9.65926 6
    endloop
  endfacet
  facet normal 0.227069 0.973879 0
    outer loop
      vertex 1.9509 9.80785 6
      vertex 2.58819 9.65926 4
      vertex 1.9509 9.80785 4
    endloop
  endfacet
  facet normal 0.881919 0.4714 0
    outer loop
      vertex -6.49519 -3.75 27
      vertex -6.72655 -3.31716 0
      vertex -6.72655 -3.31716 27
    endloop
  endfacet
  facet normal 0.881919 0.4714 0
    outer loop
      vertex -6.72655 -3.31716 0
      vertex -6.49519 -3.75 27
      vertex -6.49519 -3.75 0
    endloop
  endfacet
  facet normal -0.995186 -0.0980061 0
    outer loop
      vertex 7.48394 0.490523 0
      vertex 7.43584 0.978946 27
      vertex 7.43584 0.978946 0
    endloop
  endfacet
  facet normal -0.995186 -0.0980061 0
    outer loop
      vertex 7.43584 0.978946 27
      vertex 7.48394 0.490523 0
      vertex 7.48394 0.490523 27
    endloop
  endfacet
  facet normal -0.999464 -0.032723 0
    outer loop
      vertex 7.5 0 0
      vertex 7.48394 0.490523 27
      vertex 7.48394 0.490523 0
    endloop
  endfacet
  facet normal -0.999464 -0.032723 0
    outer loop
      vertex 7.48394 0.490523 27
      vertex 7.5 0 0
      vertex 7.5 0 27
    endloop
  endfacet
  facet normal -0.986642 -0.162901 0
    outer loop
      vertex 7.43584 0.978946 0
      vertex 7.35589 1.46318 27
      vertex 7.35589 1.46318 0
    endloop
  endfacet
  facet normal -0.986642 -0.162901 0
    outer loop
      vertex 7.35589 1.46318 27
      vertex 7.43584 0.978946 0
      vertex 7.43584 0.978946 27
    endloop
  endfacet
  facet normal 0.935903 -0.352258 0
    outer loop
      vertex -7.10198 2.4108 27
      vertex -6.9291 2.87012 0
      vertex -6.9291 2.87012 27
    endloop
  endfacet
  facet normal 0.935903 -0.352258 0
    outer loop
      vertex -6.9291 2.87012 0
      vertex -7.10198 2.4108 27
      vertex -7.10198 2.4108 0
    endloop
  endfacet
  facet normal -0.973875 -0.227087 0
    outer loop
      vertex 7.35589 1.46318 0
      vertex 7.24444 1.94114 27
      vertex 7.24444 1.94114 0
    endloop
  endfacet
  facet normal -0.973875 -0.227087 0
    outer loop
      vertex 7.24444 1.94114 27
      vertex 7.35589 1.46318 0
      vertex 7.35589 1.46318 27
    endloop
  endfacet
  facet normal -0.227087 0.973875 0
    outer loop
      vertex 1.94114 -7.24444 2
      vertex 1.46318 -7.35589 27
      vertex 1.94114 -7.24444 27
    endloop
  endfacet
  facet normal -0.227087 0.973875 0
    outer loop
      vertex 1.46318 -7.35589 27
      vertex 1.94114 -7.24444 2
      vertex 1.46318 -7.35589 2
    endloop
  endfacet
  facet normal 0.352258 0.935903 -0
    outer loop
      vertex -2.4108 -7.10198 2
      vertex -2.87012 -6.9291 27
      vertex -2.4108 -7.10198 27
    endloop
  endfacet
  facet normal 0.352258 0.935903 0
    outer loop
      vertex -2.87012 -6.9291 27
      vertex -2.4108 -7.10198 2
      vertex -2.87012 -6.9291 2
    endloop
  endfacet
  facet normal 0.995186 0.0980061 0
    outer loop
      vertex -7.43584 -0.978946 27
      vertex -7.48394 -0.490523 0
      vertex -7.48394 -0.490523 27
    endloop
  endfacet
  facet normal 0.995186 0.0980061 0
    outer loop
      vertex -7.48394 -0.490523 0
      vertex -7.43584 -0.978946 27
      vertex -7.43584 -0.978946 0
    endloop
  endfacet
  facet normal -0.634394 -0.77301 0
    outer loop
      vertex 4.56571 5.95015 2
      vertex 4.94509 5.6388 27
      vertex 4.56571 5.95015 27
    endloop
  endfacet
  facet normal -0.634394 -0.77301 -0
    outer loop
      vertex 4.94509 5.6388 27
      vertex 4.56571 5.95015 2
      vertex 4.94509 5.6388 2
    endloop
  endfacet
  facet normal -0.412705 0.910865 0
    outer loop
      vertex 3.31716 -6.72655 2
      vertex 2.87012 -6.9291 27
      vertex 3.31716 -6.72655 27
    endloop
  endfacet
  facet normal -0.412705 0.910865 0
    outer loop
      vertex 2.87012 -6.9291 27
      vertex 3.31716 -6.72655 2
      vertex 2.87012 -6.9291 2
    endloop
  endfacet
  facet normal 0.812846 0.582479 0
    outer loop
      vertex -5.95015 -4.56571 27
      vertex -6.23602 -4.16678 0
      vertex -6.23602 -4.16678 27
    endloop
  endfacet
  facet normal 0.812846 0.582479 0
    outer loop
      vertex -6.23602 -4.16678 0
      vertex -5.95015 -4.56571 27
      vertex -5.95015 -4.56571 0
    endloop
  endfacet
  facet normal -0.77301 0.634394 0
    outer loop
      vertex 5.6388 -4.94509 0
      vertex 5.95015 -4.56571 27
      vertex 5.95015 -4.56571 0
    endloop
  endfacet
  facet normal -0.77301 0.634394 0
    outer loop
      vertex 5.95015 -4.56571 27
      vertex 5.6388 -4.94509 0
      vertex 5.6388 -4.94509 27
    endloop
  endfacet
  facet normal 0.227087 -0.973875 0
    outer loop
      vertex -1.94114 7.24444 2
      vertex -1.46318 7.35589 27
      vertex -1.94114 7.24444 27
    endloop
  endfacet
  facet normal 0.227087 -0.973875 0
    outer loop
      vertex -1.46318 7.35589 27
      vertex -1.94114 7.24444 2
      vertex -1.46318 7.35589 2
    endloop
  endfacet
  facet normal 0.973875 0.227087 0
    outer loop
      vertex -7.24444 -1.94114 27
      vertex -7.35589 -1.46318 0
      vertex -7.35589 -1.46318 27
    endloop
  endfacet
  facet normal 0.973875 0.227087 0
    outer loop
      vertex -7.35589 -1.46318 0
      vertex -7.24444 -1.94114 27
      vertex -7.24444 -1.94114 0
    endloop
  endfacet
  facet normal -0.935903 -0.352258 0
    outer loop
      vertex 7.10198 2.4108 0
      vertex 6.9291 2.87012 27
      vertex 6.9291 2.87012 0
    endloop
  endfacet
  facet normal -0.935903 -0.352258 0
    outer loop
      vertex 6.9291 2.87012 27
      vertex 7.10198 2.4108 0
      vertex 7.10198 2.4108 27
    endloop
  endfacet
  facet normal 0.412705 -0.910865 0
    outer loop
      vertex -3.31716 6.72655 2
      vertex -2.87012 6.9291 27
      vertex -3.31716 6.72655 27
    endloop
  endfacet
  facet normal 0.412705 -0.910865 0
    outer loop
      vertex -2.87012 6.9291 27
      vertex -3.31716 6.72655 2
      vertex -2.87012 6.9291 2
    endloop
  endfacet
  facet normal 0.935903 0.352258 0
    outer loop
      vertex -6.9291 -2.87012 27
      vertex -7.10198 -2.4108 0
      vertex -7.10198 -2.4108 27
    endloop
  endfacet
  facet normal 0.935903 0.352258 0
    outer loop
      vertex -7.10198 -2.4108 0
      vertex -6.9291 -2.87012 27
      vertex -6.9291 -2.87012 0
    endloop
  endfacet
  facet normal -0.729864 0.683592 0
    outer loop
      vertex 5.3033 -5.3033 0
      vertex 5.6388 -4.94509 27
      vertex 5.6388 -4.94509 0
    endloop
  endfacet
  facet normal -0.729864 0.683592 0
    outer loop
      vertex 5.6388 -4.94509 27
      vertex 5.3033 -5.3033 0
      vertex 5.3033 -5.3033 27
    endloop
  endfacet
  facet normal -0.973875 0.227087 0
    outer loop
      vertex 7.24444 -1.94114 0
      vertex 7.35589 -1.46318 27
      vertex 7.35589 -1.46318 0
    endloop
  endfacet
  facet normal -0.973875 0.227087 0
    outer loop
      vertex 7.35589 -1.46318 27
      vertex 7.24444 -1.94114 0
      vertex 7.24444 -1.94114 27
    endloop
  endfacet
  facet normal 0.582479 -0.812846 0
    outer loop
      vertex -4.56571 5.95015 2
      vertex -4.16678 6.23602 27
      vertex -4.56571 5.95015 27
    endloop
  endfacet
  facet normal 0.582479 -0.812846 0
    outer loop
      vertex -4.16678 6.23602 27
      vertex -4.56571 5.95015 2
      vertex -4.16678 6.23602 2
    endloop
  endfacet
  facet normal -0.910865 -0.412705 0
    outer loop
      vertex 6.9291 2.87012 0
      vertex 6.72655 3.31716 27
      vertex 6.72655 3.31716 0
    endloop
  endfacet
  facet normal -0.910865 -0.412705 0
    outer loop
      vertex 6.72655 3.31716 27
      vertex 6.9291 2.87012 0
      vertex 6.9291 2.87012 27
    endloop
  endfacet
  facet normal -0.881919 -0.4714 0
    outer loop
      vertex 6.72655 3.31716 0
      vertex 6.49519 3.75 27
      vertex 6.49519 3.75 0
    endloop
  endfacet
  facet normal -0.881919 -0.4714 0
    outer loop
      vertex 6.49519 3.75 27
      vertex 6.72655 3.31716 0
      vertex 6.72655 3.31716 27
    endloop
  endfacet
  facet normal -0.412705 -0.910865 0
    outer loop
      vertex 2.87012 6.9291 2
      vertex 3.31716 6.72655 27
      vertex 2.87012 6.9291 27
    endloop
  endfacet
  facet normal -0.412705 -0.910865 -0
    outer loop
      vertex 3.31716 6.72655 27
      vertex 2.87012 6.9291 2
      vertex 3.31716 6.72655 2
    endloop
  endfacet
  facet normal -0.999464 0.032723 0
    outer loop
      vertex 7.48394 -0.490523 0
      vertex 7.5 0 27
      vertex 7.5 0 0
    endloop
  endfacet
  facet normal -0.999464 0.032723 0
    outer loop
      vertex 7.5 0 27
      vertex 7.48394 -0.490523 0
      vertex 7.48394 -0.490523 27
    endloop
  endfacet
  facet normal -0.956946 -0.290266 0
    outer loop
      vertex 7.24444 1.94114 0
      vertex 7.10198 2.4108 27
      vertex 7.10198 2.4108 0
    endloop
  endfacet
  facet normal -0.956946 -0.290266 0
    outer loop
      vertex 7.10198 2.4108 27
      vertex 7.24444 1.94114 0
      vertex 7.24444 1.94114 27
    endloop
  endfacet
  facet normal -0.290266 0.956946 0
    outer loop
      vertex 2.4108 -7.10198 2
      vertex 1.94114 -7.24444 27
      vertex 2.4108 -7.10198 27
    endloop
  endfacet
  facet normal -0.290266 0.956946 0
    outer loop
      vertex 1.94114 -7.24444 27
      vertex 2.4108 -7.10198 2
      vertex 1.94114 -7.24444 2
    endloop
  endfacet
  facet normal -0.352258 -0.935903 0
    outer loop
      vertex 2.4108 7.10198 2
      vertex 2.87012 6.9291 27
      vertex 2.4108 7.10198 27
    endloop
  endfacet
  facet normal -0.352258 -0.935903 -0
    outer loop
      vertex 2.87012 6.9291 27
      vertex 2.4108 7.10198 2
      vertex 2.87012 6.9291 2
    endloop
  endfacet
  facet normal 0.162901 0.986642 -0
    outer loop
      vertex -0.978946 -7.43584 2
      vertex -1.46318 -7.35589 27
      vertex -0.978946 -7.43584 27
    endloop
  endfacet
  facet normal 0.162901 0.986642 0
    outer loop
      vertex -1.46318 -7.35589 27
      vertex -0.978946 -7.43584 2
      vertex -1.46318 -7.35589 2
    endloop
  endfacet
  facet normal -0.582479 -0.812846 0
    outer loop
      vertex 4.16678 6.23602 2
      vertex 4.56571 5.95015 27
      vertex 4.16678 6.23602 27
    endloop
  endfacet
  facet normal -0.582479 -0.812846 -0
    outer loop
      vertex 4.56571 5.95015 27
      vertex 4.16678 6.23602 2
      vertex 4.56571 5.95015 2
    endloop
  endfacet
  facet normal -0.849203 -0.528067 0
    outer loop
      vertex 6.49519 3.75 0
      vertex 6.23602 4.16678 27
      vertex 6.23602 4.16678 0
    endloop
  endfacet
  facet normal -0.849203 -0.528067 0
    outer loop
      vertex 6.23602 4.16678 27
      vertex 6.49519 3.75 0
      vertex 6.49519 3.75 27
    endloop
  endfacet
  facet normal -0.032723 0.999464 0
    outer loop
      vertex 0.490523 -7.48394 2
      vertex 0 -7.5 27
      vertex 0.490523 -7.48394 27
    endloop
  endfacet
  facet normal -0.032723 0.999464 0
    outer loop
      vertex 0 -7.5 27
      vertex 0.490523 -7.48394 2
      vertex 0 -7.5 2
    endloop
  endfacet
  facet normal 0.812846 -0.582479 0
    outer loop
      vertex -6.23602 4.16678 27
      vertex -5.95015 4.56571 0
      vertex -5.95015 4.56571 27
    endloop
  endfacet
  facet normal 0.812846 -0.582479 0
    outer loop
      vertex -5.95015 4.56571 0
      vertex -6.23602 4.16678 27
      vertex -6.23602 4.16678 0
    endloop
  endfacet
  facet normal 0.412705 0.910865 -0
    outer loop
      vertex -2.87012 -6.9291 2
      vertex -3.31716 -6.72655 27
      vertex -2.87012 -6.9291 27
    endloop
  endfacet
  facet normal 0.412705 0.910865 0
    outer loop
      vertex -3.31716 -6.72655 27
      vertex -2.87012 -6.9291 2
      vertex -3.31716 -6.72655 2
    endloop
  endfacet
  facet normal -0.812846 -0.582479 0
    outer loop
      vertex 6.23602 4.16678 0
      vertex 5.95015 4.56571 27
      vertex 5.95015 4.56571 0
    endloop
  endfacet
  facet normal -0.812846 -0.582479 0
    outer loop
      vertex 5.95015 4.56571 27
      vertex 6.23602 4.16678 0
      vertex 6.23602 4.16678 27
    endloop
  endfacet
  facet normal 0.973875 -0.227087 0
    outer loop
      vertex -7.35589 1.46318 27
      vertex -7.24444 1.94114 0
      vertex -7.24444 1.94114 27
    endloop
  endfacet
  facet normal 0.973875 -0.227087 0
    outer loop
      vertex -7.24444 1.94114 0
      vertex -7.35589 1.46318 27
      vertex -7.35589 1.46318 0
    endloop
  endfacet
  facet normal -0.995186 0.0980061 0
    outer loop
      vertex 7.43584 -0.978946 0
      vertex 7.48394 -0.490523 27
      vertex 7.48394 -0.490523 0
    endloop
  endfacet
  facet normal -0.995186 0.0980061 0
    outer loop
      vertex 7.48394 -0.490523 27
      vertex 7.43584 -0.978946 0
      vertex 7.43584 -0.978946 27
    endloop
  endfacet
  facet normal 0.352258 -0.935903 0
    outer loop
      vertex -2.87012 6.9291 2
      vertex -2.4108 7.10198 27
      vertex -2.87012 6.9291 27
    endloop
  endfacet
  facet normal 0.352258 -0.935903 0
    outer loop
      vertex -2.4108 7.10198 27
      vertex -2.87012 6.9291 2
      vertex -2.4108 7.10198 2
    endloop
  endfacet
  facet normal -0.162901 0.986642 0
    outer loop
      vertex 1.46318 -7.35589 2
      vertex 0.978946 -7.43584 27
      vertex 1.46318 -7.35589 27
    endloop
  endfacet
  facet normal -0.162901 0.986642 0
    outer loop
      vertex 0.978946 -7.43584 27
      vertex 1.46318 -7.35589 2
      vertex 0.978946 -7.43584 2
    endloop
  endfacet
  facet normal 0.849203 -0.528067 0
    outer loop
      vertex -6.49519 3.75 27
      vertex -6.23602 4.16678 0
      vertex -6.23602 4.16678 27
    endloop
  endfacet
  facet normal 0.849203 -0.528067 0
    outer loop
      vertex -6.23602 4.16678 0
      vertex -6.49519 3.75 27
      vertex -6.49519 3.75 0
    endloop
  endfacet
  facet normal -0.935903 0.352258 0
    outer loop
      vertex 6.9291 -2.87012 0
      vertex 7.10198 -2.4108 27
      vertex 7.10198 -2.4108 0
    endloop
  endfacet
  facet normal -0.935903 0.352258 0
    outer loop
      vertex 7.10198 -2.4108 27
      vertex 6.9291 -2.87012 0
      vertex 6.9291 -2.87012 27
    endloop
  endfacet
  facet normal -0.812846 0.582479 0
    outer loop
      vertex 5.95015 -4.56571 0
      vertex 6.23602 -4.16678 27
      vertex 6.23602 -4.16678 0
    endloop
  endfacet
  facet normal -0.812846 0.582479 0
    outer loop
      vertex 6.23602 -4.16678 27
      vertex 5.95015 -4.56571 0
      vertex 5.95015 -4.56571 27
    endloop
  endfacet
  facet normal 0.995186 -0.0980061 0
    outer loop
      vertex -7.48394 0.490523 27
      vertex -7.43584 0.978946 0
      vertex -7.43584 0.978946 27
    endloop
  endfacet
  facet normal 0.995186 -0.0980061 0
    outer loop
      vertex -7.43584 0.978946 0
      vertex -7.48394 0.490523 27
      vertex -7.48394 0.490523 0
    endloop
  endfacet
  facet normal -0.683601 -0.729856 0
    outer loop
      vertex 5 5.58737 2
      vertex 4.94509 5.6388 27
      vertex 4.94509 5.6388 2
    endloop
  endfacet
  facet normal -0.683592 -0.729864 3.54775e-08
    outer loop
      vertex 4.94509 5.6388 27
      vertex 5 5.58737 2
      vertex 5.3033 5.3033 27
    endloop
  endfacet
  facet normal -0.68359 -0.729866 0
    outer loop
      vertex 5.3033 5.3033 0
      vertex 5 5.58737 2
      vertex 5 5.58737 0
    endloop
  endfacet
  facet normal -0.68359 -0.729866 0
    outer loop
      vertex 5 5.58737 2
      vertex 5.3033 5.3033 0
      vertex 5.3033 5.3033 27
    endloop
  endfacet
  facet normal 0.956946 -0.290266 0
    outer loop
      vertex -7.24444 1.94114 27
      vertex -7.10198 2.4108 0
      vertex -7.10198 2.4108 27
    endloop
  endfacet
  facet normal 0.956946 -0.290266 0
    outer loop
      vertex -7.10198 2.4108 0
      vertex -7.24444 1.94114 27
      vertex -7.24444 1.94114 0
    endloop
  endfacet
  facet normal 0.881919 -0.4714 0
    outer loop
      vertex -6.72655 3.31716 27
      vertex -6.49519 3.75 0
      vertex -6.49519 3.75 27
    endloop
  endfacet
  facet normal 0.881919 -0.4714 0
    outer loop
      vertex -6.49519 3.75 0
      vertex -6.72655 3.31716 27
      vertex -6.72655 3.31716 0
    endloop
  endfacet
  facet normal 0.999464 -0.032723 0
    outer loop
      vertex -7.5 0 27
      vertex -7.48394 0.490523 0
      vertex -7.48394 0.490523 27
    endloop
  endfacet
  facet normal 0.999464 -0.032723 0
    outer loop
      vertex -7.48394 0.490523 0
      vertex -7.5 0 27
      vertex -7.5 0 0
    endloop
  endfacet
  facet normal 0.290266 0.956946 -0
    outer loop
      vertex -1.94114 -7.24444 2
      vertex -2.4108 -7.10198 27
      vertex -1.94114 -7.24444 27
    endloop
  endfacet
  facet normal 0.290266 0.956946 0
    outer loop
      vertex -2.4108 -7.10198 27
      vertex -1.94114 -7.24444 2
      vertex -2.4108 -7.10198 2
    endloop
  endfacet
  facet normal -0.986642 0.162901 0
    outer loop
      vertex 7.35589 -1.46318 0
      vertex 7.43584 -0.978946 27
      vertex 7.43584 -0.978946 0
    endloop
  endfacet
  facet normal -0.986642 0.162901 0
    outer loop
      vertex 7.43584 -0.978946 27
      vertex 7.35589 -1.46318 0
      vertex 7.35589 -1.46318 27
    endloop
  endfacet
  facet normal -0.227087 -0.973875 0
    outer loop
      vertex 1.46318 7.35589 2
      vertex 1.94114 7.24444 27
      vertex 1.46318 7.35589 27
    endloop
  endfacet
  facet normal -0.227087 -0.973875 -0
    outer loop
      vertex 1.94114 7.24444 27
      vertex 1.46318 7.35589 2
      vertex 1.94114 7.24444 2
    endloop
  endfacet
  facet normal 0.999464 0.032723 0
    outer loop
      vertex -7.48394 -0.490523 27
      vertex -7.5 0 0
      vertex -7.5 0 27
    endloop
  endfacet
  facet normal 0.999464 0.032723 0
    outer loop
      vertex -7.5 0 0
      vertex -7.48394 -0.490523 27
      vertex -7.48394 -0.490523 0
    endloop
  endfacet
  facet normal 0.162901 -0.986642 0
    outer loop
      vertex -1.46318 7.35589 2
      vertex -0.978946 7.43584 27
      vertex -1.46318 7.35589 27
    endloop
  endfacet
  facet normal 0.162901 -0.986642 0
    outer loop
      vertex -0.978946 7.43584 27
      vertex -1.46318 7.35589 2
      vertex -0.978946 7.43584 2
    endloop
  endfacet
  facet normal 0.910865 0.412705 0
    outer loop
      vertex -6.72655 -3.31716 27
      vertex -6.9291 -2.87012 0
      vertex -6.9291 -2.87012 27
    endloop
  endfacet
  facet normal 0.910865 0.412705 0
    outer loop
      vertex -6.9291 -2.87012 0
      vertex -6.72655 -3.31716 27
      vertex -6.72655 -3.31716 0
    endloop
  endfacet
  facet normal 0.986642 0.162901 0
    outer loop
      vertex -7.35589 -1.46318 27
      vertex -7.43584 -0.978946 0
      vertex -7.43584 -0.978946 27
    endloop
  endfacet
  facet normal 0.986642 0.162901 0
    outer loop
      vertex -7.43584 -0.978946 0
      vertex -7.35589 -1.46318 27
      vertex -7.35589 -1.46318 0
    endloop
  endfacet
  facet normal 0.0980061 -0.995186 0
    outer loop
      vertex -0.978946 7.43584 2
      vertex -0.490523 7.48394 27
      vertex -0.978946 7.43584 27
    endloop
  endfacet
  facet normal 0.0980061 -0.995186 0
    outer loop
      vertex -0.490523 7.48394 27
      vertex -0.978946 7.43584 2
      vertex -0.490523 7.48394 2
    endloop
  endfacet
  facet normal -0.849203 0.528067 0
    outer loop
      vertex 6.23602 -4.16678 0
      vertex 6.49519 -3.75 27
      vertex 6.49519 -3.75 0
    endloop
  endfacet
  facet normal -0.849203 0.528067 0
    outer loop
      vertex 6.49519 -3.75 27
      vertex 6.23602 -4.16678 0
      vertex 6.23602 -4.16678 27
    endloop
  endfacet
  facet normal -0.0980061 0.995186 0
    outer loop
      vertex 0.978946 -7.43584 2
      vertex 0.490523 -7.48394 27
      vertex 0.978946 -7.43584 27
    endloop
  endfacet
  facet normal -0.0980061 0.995186 0
    outer loop
      vertex 0.490523 -7.48394 27
      vertex 0.978946 -7.43584 2
      vertex 0.490523 -7.48394 2
    endloop
  endfacet
  facet normal -0.956946 0.290266 0
    outer loop
      vertex 7.10198 -2.4108 0
      vertex 7.24444 -1.94114 27
      vertex 7.24444 -1.94114 0
    endloop
  endfacet
  facet normal -0.956946 0.290266 0
    outer loop
      vertex 7.24444 -1.94114 27
      vertex 7.10198 -2.4108 0
      vertex 7.10198 -2.4108 27
    endloop
  endfacet
  facet normal 0.956946 0.290266 0
    outer loop
      vertex -7.10198 -2.4108 27
      vertex -7.24444 -1.94114 0
      vertex -7.24444 -1.94114 27
    endloop
  endfacet
  facet normal 0.956946 0.290266 0
    outer loop
      vertex -7.24444 -1.94114 0
      vertex -7.10198 -2.4108 27
      vertex -7.10198 -2.4108 0
    endloop
  endfacet
  facet normal -0.352258 0.935903 0
    outer loop
      vertex 2.87012 -6.9291 2
      vertex 2.4108 -7.10198 27
      vertex 2.87012 -6.9291 27
    endloop
  endfacet
  facet normal -0.352258 0.935903 0
    outer loop
      vertex 2.4108 -7.10198 27
      vertex 2.87012 -6.9291 2
      vertex 2.4108 -7.10198 2
    endloop
  endfacet
  facet normal 0.634394 -0.77301 0
    outer loop
      vertex -4.94509 5.6388 2
      vertex -4.56571 5.95015 27
      vertex -4.94509 5.6388 27
    endloop
  endfacet
  facet normal 0.634394 -0.77301 0
    outer loop
      vertex -4.56571 5.95015 27
      vertex -4.94509 5.6388 2
      vertex -4.56571 5.95015 2
    endloop
  endfacet
  facet normal -0.910865 0.412705 0
    outer loop
      vertex 6.72655 -3.31716 0
      vertex 6.9291 -2.87012 27
      vertex 6.9291 -2.87012 0
    endloop
  endfacet
  facet normal -0.910865 0.412705 0
    outer loop
      vertex 6.9291 -2.87012 27
      vertex 6.72655 -3.31716 0
      vertex 6.72655 -3.31716 27
    endloop
  endfacet
  facet normal -0.4714 0.881919 0
    outer loop
      vertex 3.75 -6.49519 2
      vertex 3.31716 -6.72655 27
      vertex 3.75 -6.49519 27
    endloop
  endfacet
  facet normal -0.4714 0.881919 0
    outer loop
      vertex 3.31716 -6.72655 27
      vertex 3.75 -6.49519 2
      vertex 3.31716 -6.72655 2
    endloop
  endfacet
  facet normal -0.77301 -0.634394 0
    outer loop
      vertex 5.95015 4.56571 0
      vertex 5.6388 4.94509 27
      vertex 5.6388 4.94509 0
    endloop
  endfacet
  facet normal -0.77301 -0.634394 0
    outer loop
      vertex 5.6388 4.94509 27
      vertex 5.95015 4.56571 0
      vertex 5.95015 4.56571 27
    endloop
  endfacet
  facet normal -0.162901 -0.986642 0
    outer loop
      vertex 0.978946 7.43584 2
      vertex 1.46318 7.35589 27
      vertex 0.978946 7.43584 27
    endloop
  endfacet
  facet normal -0.162901 -0.986642 -0
    outer loop
      vertex 1.46318 7.35589 27
      vertex 0.978946 7.43584 2
      vertex 1.46318 7.35589 2
    endloop
  endfacet
  facet normal 0.986642 -0.162901 0
    outer loop
      vertex -7.43584 0.978946 27
      vertex -7.35589 1.46318 0
      vertex -7.35589 1.46318 27
    endloop
  endfacet
  facet normal 0.986642 -0.162901 0
    outer loop
      vertex -7.35589 1.46318 0
      vertex -7.43584 0.978946 27
      vertex -7.43584 0.978946 0
    endloop
  endfacet
  facet normal -0.729864 -0.683592 0
    outer loop
      vertex 5.6388 4.94509 0
      vertex 5.3033 5.3033 27
      vertex 5.3033 5.3033 0
    endloop
  endfacet
  facet normal -0.729864 -0.683592 0
    outer loop
      vertex 5.3033 5.3033 27
      vertex 5.6388 4.94509 0
      vertex 5.6388 4.94509 27
    endloop
  endfacet
  facet normal 0.290266 -0.956946 0
    outer loop
      vertex -2.4108 7.10198 2
      vertex -1.94114 7.24444 27
      vertex -2.4108 7.10198 27
    endloop
  endfacet
  facet normal 0.290266 -0.956946 0
    outer loop
      vertex -1.94114 7.24444 27
      vertex -2.4108 7.10198 2
      vertex -1.94114 7.24444 2
    endloop
  endfacet
  facet normal 0.0980061 0.995186 -0
    outer loop
      vertex -0.490523 -7.48394 2
      vertex -0.978946 -7.43584 27
      vertex -0.490523 -7.48394 27
    endloop
  endfacet
  facet normal 0.0980061 0.995186 0
    outer loop
      vertex -0.978946 -7.43584 27
      vertex -0.490523 -7.48394 2
      vertex -0.978946 -7.43584 2
    endloop
  endfacet
  facet normal 0.683601 0.729856 0
    outer loop
      vertex -5 -5.58737 2
      vertex -4.94509 -5.6388 27
      vertex -4.94509 -5.6388 2
    endloop
  endfacet
  facet normal 0.683592 0.729864 3.54775e-08
    outer loop
      vertex -4.94509 -5.6388 27
      vertex -5 -5.58737 2
      vertex -5.3033 -5.3033 27
    endloop
  endfacet
  facet normal 0.68359 0.729866 0
    outer loop
      vertex -5.3033 -5.3033 0
      vertex -5 -5.58737 2
      vertex -5 -5.58737 0
    endloop
  endfacet
  facet normal 0.68359 0.729866 0
    outer loop
      vertex -5 -5.58737 2
      vertex -5.3033 -5.3033 0
      vertex -5.3033 -5.3033 27
    endloop
  endfacet
  facet normal 0.528067 0.849203 -0
    outer loop
      vertex -3.75 -6.49519 2
      vertex -4.16678 -6.23602 27
      vertex -3.75 -6.49519 27
    endloop
  endfacet
  facet normal 0.528067 0.849203 0
    outer loop
      vertex -4.16678 -6.23602 27
      vertex -3.75 -6.49519 2
      vertex -4.16678 -6.23602 2
    endloop
  endfacet
  facet normal -0.683592 0.729864 3.54775e-08
    outer loop
      vertex 5.3033 -5.3033 27
      vertex 5 -5.58737 2
      vertex 4.94509 -5.6388 27
    endloop
  endfacet
  facet normal -0.68359 0.729866 0
    outer loop
      vertex 5.3033 -5.3033 0
      vertex 5 -5.58737 2
      vertex 5.3033 -5.3033 27
    endloop
  endfacet
  facet normal -0.68359 0.729866 0
    outer loop
      vertex 5 -5.58737 2
      vertex 5.3033 -5.3033 0
      vertex 5 -5.58737 0
    endloop
  endfacet
  facet normal -0.683601 0.729856 0
    outer loop
      vertex 4.94509 -5.6388 27
      vertex 5 -5.58737 2
      vertex 4.94509 -5.6388 2
    endloop
  endfacet
  facet normal -0.4714 -0.881919 0
    outer loop
      vertex 3.31716 6.72655 2
      vertex 3.75 6.49519 27
      vertex 3.31716 6.72655 27
    endloop
  endfacet
  facet normal -0.4714 -0.881919 -0
    outer loop
      vertex 3.75 6.49519 27
      vertex 3.31716 6.72655 2
      vertex 3.75 6.49519 2
    endloop
  endfacet
  facet normal 0.683592 -0.729864 3.54775e-08
    outer loop
      vertex -5.3033 5.3033 27
      vertex -5 5.58737 2
      vertex -4.94509 5.6388 27
    endloop
  endfacet
  facet normal 0.68359 -0.729866 0
    outer loop
      vertex -5.3033 5.3033 0
      vertex -5 5.58737 2
      vertex -5.3033 5.3033 27
    endloop
  endfacet
  facet normal 0.68359 -0.729866 0
    outer loop
      vertex -5 5.58737 2
      vertex -5.3033 5.3033 0
      vertex -5 5.58737 0
    endloop
  endfacet
  facet normal 0.683601 -0.729856 0
    outer loop
      vertex -4.94509 5.6388 27
      vertex -5 5.58737 2
      vertex -4.94509 5.6388 2
    endloop
  endfacet
  facet normal 0.227087 0.973875 -0
    outer loop
      vertex -1.46318 -7.35589 2
      vertex -1.94114 -7.24444 27
      vertex -1.46318 -7.35589 27
    endloop
  endfacet
  facet normal 0.227087 0.973875 0
    outer loop
      vertex -1.94114 -7.24444 27
      vertex -1.46318 -7.35589 2
      vertex -1.94114 -7.24444 2
    endloop
  endfacet
  facet normal 0.849203 0.528067 0
    outer loop
      vertex -6.23602 -4.16678 27
      vertex -6.49519 -3.75 0
      vertex -6.49519 -3.75 27
    endloop
  endfacet
  facet normal 0.849203 0.528067 0
    outer loop
      vertex -6.49519 -3.75 0
      vertex -6.23602 -4.16678 27
      vertex -6.23602 -4.16678 0
    endloop
  endfacet
  facet normal 0.032723 0.999464 -0
    outer loop
      vertex 0 -7.5 2
      vertex -0.490523 -7.48394 27
      vertex 0 -7.5 27
    endloop
  endfacet
  facet normal 0.032723 0.999464 0
    outer loop
      vertex -0.490523 -7.48394 27
      vertex 0 -7.5 2
      vertex -0.490523 -7.48394 2
    endloop
  endfacet
  facet normal 0.032723 -0.999464 0
    outer loop
      vertex -0.490523 7.48394 2
      vertex 0 7.5 27
      vertex -0.490523 7.48394 27
    endloop
  endfacet
  facet normal 0.032723 -0.999464 0
    outer loop
      vertex 0 7.5 27
      vertex -0.490523 7.48394 2
      vertex 0 7.5 2
    endloop
  endfacet
  facet normal 0.729864 0.683592 0
    outer loop
      vertex -5.3033 -5.3033 27
      vertex -5.6388 -4.94509 0
      vertex -5.6388 -4.94509 27
    endloop
  endfacet
  facet normal 0.729864 0.683592 0
    outer loop
      vertex -5.6388 -4.94509 0
      vertex -5.3033 -5.3033 27
      vertex -5.3033 -5.3033 0
    endloop
  endfacet
  facet normal 0.77301 0.634394 0
    outer loop
      vertex -5.6388 -4.94509 27
      vertex -5.95015 -4.56571 0
      vertex -5.95015 -4.56571 27
    endloop
  endfacet
  facet normal 0.77301 0.634394 0
    outer loop
      vertex -5.95015 -4.56571 0
      vertex -5.6388 -4.94509 27
      vertex -5.6388 -4.94509 0
    endloop
  endfacet
  facet normal -0.032723 -0.999464 0
    outer loop
      vertex 0 7.5 2
      vertex 0.490523 7.48394 27
      vertex 0 7.5 27
    endloop
  endfacet
  facet normal -0.032723 -0.999464 -0
    outer loop
      vertex 0.490523 7.48394 27
      vertex 0 7.5 2
      vertex 0.490523 7.48394 2
    endloop
  endfacet
  facet normal 0.634394 0.77301 -0
    outer loop
      vertex -4.56571 -5.95015 2
      vertex -4.94509 -5.6388 27
      vertex -4.56571 -5.95015 27
    endloop
  endfacet
  facet normal 0.634394 0.77301 0
    outer loop
      vertex -4.94509 -5.6388 27
      vertex -4.56571 -5.95015 2
      vertex -4.94509 -5.6388 2
    endloop
  endfacet
  facet normal -0.582479 0.812846 0
    outer loop
      vertex 4.56571 -5.95015 2
      vertex 4.16678 -6.23602 27
      vertex 4.56571 -5.95015 27
    endloop
  endfacet
  facet normal -0.582479 0.812846 0
    outer loop
      vertex 4.16678 -6.23602 27
      vertex 4.56571 -5.95015 2
      vertex 4.16678 -6.23602 2
    endloop
  endfacet
  facet normal -0.0980061 -0.995186 0
    outer loop
      vertex 0.490523 7.48394 2
      vertex 0.978946 7.43584 27
      vertex 0.490523 7.48394 27
    endloop
  endfacet
  facet normal -0.0980061 -0.995186 -0
    outer loop
      vertex 0.978946 7.43584 27
      vertex 0.490523 7.48394 2
      vertex 0.978946 7.43584 2
    endloop
  endfacet
  facet normal 0.4714 0.881919 -0
    outer loop
      vertex -3.31716 -6.72655 2
      vertex -3.75 -6.49519 27
      vertex -3.31716 -6.72655 27
    endloop
  endfacet
  facet normal 0.4714 0.881919 0
    outer loop
      vertex -3.75 -6.49519 27
      vertex -3.31716 -6.72655 2
      vertex -3.75 -6.49519 2
    endloop
  endfacet
  facet normal 0.582479 0.812846 -0
    outer loop
      vertex -4.16678 -6.23602 2
      vertex -4.56571 -5.95015 27
      vertex -4.16678 -6.23602 27
    endloop
  endfacet
  facet normal 0.582479 0.812846 0
    outer loop
      vertex -4.56571 -5.95015 27
      vertex -4.16678 -6.23602 2
      vertex -4.56571 -5.95015 2
    endloop
  endfacet
  facet normal -0.528067 0.849203 0
    outer loop
      vertex 4.16678 -6.23602 2
      vertex 3.75 -6.49519 27
      vertex 4.16678 -6.23602 27
    endloop
  endfacet
  facet normal -0.528067 0.849203 0
    outer loop
      vertex 3.75 -6.49519 27
      vertex 4.16678 -6.23602 2
      vertex 3.75 -6.49519 2
    endloop
  endfacet
  facet normal -0.881919 0.4714 0
    outer loop
      vertex 6.49519 -3.75 0
      vertex 6.72655 -3.31716 27
      vertex 6.72655 -3.31716 0
    endloop
  endfacet
  facet normal -0.881919 0.4714 0
    outer loop
      vertex 6.72655 -3.31716 27
      vertex 6.49519 -3.75 0
      vertex 6.49519 -3.75 27
    endloop
  endfacet
  facet normal -0.528067 -0.849203 0
    outer loop
      vertex 3.75 6.49519 2
      vertex 4.16678 6.23602 27
      vertex 3.75 6.49519 27
    endloop
  endfacet
  facet normal -0.528067 -0.849203 -0
    outer loop
      vertex 4.16678 6.23602 27
      vertex 3.75 6.49519 2
      vertex 4.16678 6.23602 2
    endloop
  endfacet
  facet normal 0.77301 -0.634394 0
    outer loop
      vertex -5.95015 4.56571 27
      vertex -5.6388 4.94509 0
      vertex -5.6388 4.94509 27
    endloop
  endfacet
  facet normal 0.77301 -0.634394 0
    outer loop
      vertex -5.6388 4.94509 0
      vertex -5.95015 4.56571 27
      vertex -5.95015 4.56571 0
    endloop
  endfacet
  facet normal 0.4714 -0.881919 0
    outer loop
      vertex -3.75 6.49519 2
      vertex -3.31716 6.72655 27
      vertex -3.75 6.49519 27
    endloop
  endfacet
  facet normal 0.4714 -0.881919 0
    outer loop
      vertex -3.31716 6.72655 27
      vertex -3.75 6.49519 2
      vertex -3.31716 6.72655 2
    endloop
  endfacet
  facet normal 0.910865 -0.412705 0
    outer loop
      vertex -6.9291 2.87012 27
      vertex -6.72655 3.31716 0
      vertex -6.72655 3.31716 27
    endloop
  endfacet
  facet normal 0.910865 -0.412705 0
    outer loop
      vertex -6.72655 3.31716 0
      vertex -6.9291 2.87012 27
      vertex -6.9291 2.87012 0
    endloop
  endfacet
  facet normal -0.290266 -0.956946 0
    outer loop
      vertex 1.94114 7.24444 2
      vertex 2.4108 7.10198 27
      vertex 1.94114 7.24444 27
    endloop
  endfacet
  facet normal -0.290266 -0.956946 -0
    outer loop
      vertex 2.4108 7.10198 27
      vertex 1.94114 7.24444 2
      vertex 2.4108 7.10198 2
    endloop
  endfacet
  facet normal 0.528067 -0.849203 0
    outer loop
      vertex -4.16678 6.23602 2
      vertex -3.75 6.49519 27
      vertex -4.16678 6.23602 27
    endloop
  endfacet
  facet normal 0.528067 -0.849203 0
    outer loop
      vertex -3.75 6.49519 27
      vertex -4.16678 6.23602 2
      vertex -3.75 6.49519 2
    endloop
  endfacet
  facet normal 0.729864 -0.683592 0
    outer loop
      vertex -5.6388 4.94509 27
      vertex -5.3033 5.3033 0
      vertex -5.3033 5.3033 27
    endloop
  endfacet
  facet normal 0.729864 -0.683592 0
    outer loop
      vertex -5.3033 5.3033 0
      vertex -5.6388 4.94509 27
      vertex -5.6388 4.94509 0
    endloop
  endfacet
  facet normal -0.634394 0.77301 0
    outer loop
      vertex 4.94509 -5.6388 2
      vertex 4.56571 -5.95015 27
      vertex 4.94509 -5.6388 27
    endloop
  endfacet
  facet normal -0.634394 0.77301 0
    outer loop
      vertex 4.56571 -5.95015 27
      vertex 4.94509 -5.6388 2
      vertex 4.56571 -5.95015 2
    endloop
  endfacet
  facet normal 1 -0 0
    outer loop
      vertex 13 -22 4
      vertex 13 22 0
      vertex 13 22 4
    endloop
  endfacet
  facet normal 1 0 0
    outer loop
      vertex 13 22 0
      vertex 13 -22 4
      vertex 13 -22 0
    endloop
  endfacet
  facet normal -0 0 -1
    outer loop
      vertex -5 5.58737 0
      vertex -5.3033 5.3033 0
      vertex -5 16 0
    endloop
  endfacet
  facet normal 0 0 -1
    outer loop
      vertex 13 -22 0
      vertex 11.7 0 0
      vertex 13 22 0
    endloop
  endfacet
  facet normal 0 0 -1
    outer loop
      vertex 13 -22 0
      vertex 11.6421 -0.439992 0
      vertex 11.7 0 0
    endloop
  endfacet
  facet normal 0 0 -1
    outer loop
      vertex 13 -22 0
      vertex 11.4722 -0.849999 0
      vertex 11.6421 -0.439992 0
    endloop
  endfacet
  facet normal 0 0 -1
    outer loop
      vertex 13 -22 0
      vertex 11.2021 -1.20208 0
      vertex 11.4722 -0.849999 0
    endloop
  endfacet
  facet normal 0 0 -1
    outer loop
      vertex 13 -22 0
      vertex 10.85 -1.47224 0
      vertex 11.2021 -1.20208 0
    endloop
  endfacet
  facet normal 0 0 -1
    outer loop
      vertex 13 -22 0
      vertex 10.44 -1.64207 0
      vertex 10.85 -1.47224 0
    endloop
  endfacet
  facet normal 0 0 -1
    outer loop
      vertex 5 -16 0
      vertex 10.44 -1.64207 0
      vertex 13 -22 0
    endloop
  endfacet
  facet normal 0 -0 -1
    outer loop
      vertex 5.95015 -4.56571 0
      vertex 10.44 -1.64207 0
      vertex 5 -16 0
    endloop
  endfacet
  facet normal 0 -0 -1
    outer loop
      vertex 6.23602 -4.16678 0
      vertex 10.44 -1.64207 0
      vertex 5.95015 -4.56571 0
    endloop
  endfacet
  facet normal 0 -0 -1
    outer loop
      vertex 6.72655 -3.31716 0
      vertex 10 -1.7 0
      vertex 6.49519 -3.75 0
    endloop
  endfacet
  facet normal -0 0 -1
    outer loop
      vertex 10 -1.7 0
      vertex 6.72655 -3.31716 0
      vertex 9.56001 -1.64207 0
    endloop
  endfacet
  facet normal -0 0 -1
    outer loop
      vertex 9.56001 -1.64207 0
      vertex 7.10198 -2.4108 0
      vertex 9.15 -1.47224 0
    endloop
  endfacet
  facet normal 0 0 -1
    outer loop
      vertex 7.48394 -0.490523 0
      vertex 8.3 0 0
      vertex 8.35793 -0.439992 0
    endloop
  endfacet
  facet normal -0 0 -1
    outer loop
      vertex 9.15 -1.47224 0
      vertex 7.24444 -1.94114 0
      vertex 8.79792 -1.20208 0
    endloop
  endfacet
  facet normal -0 0 -1
    outer loop
      vertex 8.3 0 0
      vertex 7.48394 -0.490523 0
      vertex 7.5 0 0
    endloop
  endfacet
  facet normal 0 0 -1
    outer loop
      vertex 8.35793 -0.439992 0
      vertex 7.43584 -0.978946 0
      vertex 7.48394 -0.490523 0
    endloop
  endfacet
  facet normal -0 0 -1
    outer loop
      vertex 8.52776 -0.849999 0
      vertex 7.43584 -0.978946 0
      vertex 8.35793 -0.439992 0
    endloop
  endfacet
  facet normal 0 -0 -1
    outer loop
      vertex 7.43584 -0.978946 0
      vertex 8.52776 -0.849999 0
      vertex 7.35589 -1.46318 0
    endloop
  endfacet
  facet normal -0 0 -1
    outer loop
      vertex 8.79792 -1.20208 0
      vertex 7.35589 -1.46318 0
      vertex 8.52776 -0.849999 0
    endloop
  endfacet
  facet normal 0 -0 -1
    outer loop
      vertex 7.35589 -1.46318 0
      vertex 8.79792 -1.20208 0
      vertex 7.24444 -1.94114 0
    endloop
  endfacet
  facet normal 0 -0 -1
    outer loop
      vertex 7.24444 -1.94114 0
      vertex 9.15 -1.47224 0
      vertex 7.10198 -2.4108 0
    endloop
  endfacet
  facet normal 0 -0 -1
    outer loop
      vertex 7.10198 -2.4108 0
      vertex 9.56001 -1.64207 0
      vertex 6.9291 -2.87012 0
    endloop
  endfacet
  facet normal 0 -0 -1
    outer loop
      vertex 6.9291 -2.87012 0
      vertex 9.56001 -1.64207 0
      vertex 6.72655 -3.31716 0
    endloop
  endfacet
  facet normal 0 -0 -1
    outer loop
      vertex 6.49519 -3.75 0
      vertex 10 -1.7 0
      vertex 6.23602 -4.16678 0
    endloop
  endfacet
  facet normal 0 0 -1
    outer loop
      vertex 10.44 -1.64207 0
      vertex 6.23602 -4.16678 0
      vertex 10 -1.7 0
    endloop
  endfacet
  facet normal 0 0 -1
    outer loop
      vertex 5.95015 -4.56571 0
      vertex 5 -16 0
      vertex 5.6388 -4.94509 0
    endloop
  endfacet
  facet normal 0 0 -1
    outer loop
      vertex 5.6388 -4.94509 0
      vertex 5 -16 0
      vertex 5.3033 -5.3033 0
    endloop
  endfacet
  facet normal 0 0 -1
    outer loop
      vertex 13 -22 0
      vertex -5 -16 0
      vertex 5 -16 0
    endloop
  endfacet
  facet normal 0 0 -1
    outer loop
      vertex -5 -16 0
      vertex -5.3033 -5.3033 0
      vertex -5 -5.58737 0
    endloop
  endfacet
  facet normal 0 0 -1
    outer loop
      vertex -5 -16 0
      vertex -5.6388 -4.94509 0
      vertex -5.3033 -5.3033 0
    endloop
  endfacet
  facet normal 0 0 -1
    outer loop
      vertex -5 -16 0
      vertex -5.95015 -4.56571 0
      vertex -5.6388 -4.94509 0
    endloop
  endfacet
  facet normal 0 0 -1
    outer loop
      vertex -10.44 -1.64207 0
      vertex -5.95015 -4.56571 0
      vertex -5 -16 0
    endloop
  endfacet
  facet normal 0 0 -1
    outer loop
      vertex -5.95015 -4.56571 0
      vertex -10.44 -1.64207 0
      vertex -6.23602 -4.16678 0
    endloop
  endfacet
  facet normal -0 -0 -1
    outer loop
      vertex -10 -1.7 0
      vertex -6.23602 -4.16678 0
      vertex -10.44 -1.64207 0
    endloop
  endfacet
  facet normal 0 0 -1
    outer loop
      vertex -6.23602 -4.16678 0
      vertex -10 -1.7 0
      vertex -6.49519 -3.75 0
    endloop
  endfacet
  facet normal 0 0 -1
    outer loop
      vertex -6.49519 -3.75 0
      vertex -10 -1.7 0
      vertex -6.72655 -3.31716 0
    endloop
  endfacet
  facet normal 0 0 -1
    outer loop
      vertex -6.72655 -3.31716 0
      vertex -9.56001 -1.64207 0
      vertex -6.9291 -2.87012 0
    endloop
  endfacet
  facet normal 0 0 -1
    outer loop
      vertex -6.9291 -2.87012 0
      vertex -9.56001 -1.64207 0
      vertex -7.10198 -2.4108 0
    endloop
  endfacet
  facet normal 0 0 -1
    outer loop
      vertex -7.10198 -2.4108 0
      vertex -9.15 -1.47224 0
      vertex -7.24444 -1.94114 0
    endloop
  endfacet
  facet normal 0 0 -1
    outer loop
      vertex -7.48394 -0.490523 0
      vertex -8.3 0 0
      vertex -7.5 0 0
    endloop
  endfacet
  facet normal 0 0 -1
    outer loop
      vertex -8.35793 -0.439992 0
      vertex -7.48394 -0.490523 0
      vertex -7.43584 -0.978946 0
    endloop
  endfacet
  facet normal 0 0 -1
    outer loop
      vertex -7.24444 -1.94114 0
      vertex -8.79792 -1.20208 0
      vertex -7.35589 -1.46318 0
    endloop
  endfacet
  facet normal 0 0 -1
    outer loop
      vertex -7.48394 -0.490523 0
      vertex -8.35793 -0.439992 0
      vertex -8.3 0 0
    endloop
  endfacet
  facet normal 0 0 -1
    outer loop
      vertex -7.43584 -0.978946 0
      vertex -8.52776 -0.849999 0
      vertex -8.35793 -0.439992 0
    endloop
  endfacet
  facet normal 0 0 -1
    outer loop
      vertex -7.35589 -1.46318 0
      vertex -8.52776 -0.849999 0
      vertex -7.43584 -0.978946 0
    endloop
  endfacet
  facet normal 0 -0 -1
    outer loop
      vertex -8.52776 -0.849999 0
      vertex -7.35589 -1.46318 0
      vertex -8.79792 -1.20208 0
    endloop
  endfacet
  facet normal 0 -0 -1
    outer loop
      vertex -8.79792 -1.20208 0
      vertex -7.24444 -1.94114 0
      vertex -9.15 -1.47224 0
    endloop
  endfacet
  facet normal 0 -0 -1
    outer loop
      vertex -9.15 -1.47224 0
      vertex -7.10198 -2.4108 0
      vertex -9.56001 -1.64207 0
    endloop
  endfacet
  facet normal 0 -0 -1
    outer loop
      vertex -9.56001 -1.64207 0
      vertex -6.72655 -3.31716 0
      vertex -10 -1.7 0
    endloop
  endfacet
  facet normal 0 0 -1
    outer loop
      vertex -5 -16 0
      vertex -10.85 -1.47224 0
      vertex -10.44 -1.64207 0
    endloop
  endfacet
  facet normal 0 0 -1
    outer loop
      vertex -13 -22 0
      vertex -10.85 -1.47224 0
      vertex -5 -16 0
    endloop
  endfacet
  facet normal -0 0 -1
    outer loop
      vertex -10.85 -1.47224 0
      vertex -13 -22 0
      vertex -11.2021 -1.20208 0
    endloop
  endfacet
  facet normal -0 0 -1
    outer loop
      vertex -11.6421 -0.439992 0
      vertex -13 -22 0
      vertex -11.7 0 0
    endloop
  endfacet
  facet normal -0 0 -1
    outer loop
      vertex -11.4722 -0.849999 0
      vertex -13 -22 0
      vertex -11.6421 -0.439992 0
    endloop
  endfacet
  facet normal -0 0 -1
    outer loop
      vertex -11.2021 -1.20208 0
      vertex -13 -22 0
      vertex -11.4722 -0.849999 0
    endloop
  endfacet
  facet normal 0 0 -1
    outer loop
      vertex -13 -22 0
      vertex -5 -16 0
      vertex 13 -22 0
    endloop
  endfacet
  facet normal 0 0 -1
    outer loop
      vertex 11.6421 0.439992 0
      vertex 13 22 0
      vertex 11.7 0 0
    endloop
  endfacet
  facet normal 0 0 -1
    outer loop
      vertex 11.4722 0.849999 0
      vertex 13 22 0
      vertex 11.6421 0.439992 0
    endloop
  endfacet
  facet normal 0 0 -1
    outer loop
      vertex 11.2021 1.20208 0
      vertex 13 22 0
      vertex 11.4722 0.849999 0
    endloop
  endfacet
  facet normal 0 0 -1
    outer loop
      vertex 10.85 1.47224 0
      vertex 13 22 0
      vertex 11.2021 1.20208 0
    endloop
  endfacet
  facet normal 0 0 -1
    outer loop
      vertex 10.44 1.64207 0
      vertex 13 22 0
      vertex 10.85 1.47224 0
    endloop
  endfacet
  facet normal 0 0 -1
    outer loop
      vertex 6.23602 4.16678 0
      vertex 10.44 1.64207 0
      vertex 10 1.7 0
    endloop
  endfacet
  facet normal 0 0 -1
    outer loop
      vertex 6.72655 3.31716 0
      vertex 10 1.7 0
      vertex 9.56001 1.64207 0
    endloop
  endfacet
  facet normal 0 0 -1
    outer loop
      vertex 7.10198 2.4108 0
      vertex 9.56001 1.64207 0
      vertex 9.15 1.47224 0
    endloop
  endfacet
  facet normal 0 0 -1
    outer loop
      vertex 7.24444 1.94114 0
      vertex 9.15 1.47224 0
      vertex 8.79792 1.20208 0
    endloop
  endfacet
  facet normal 0 0 -1
    outer loop
      vertex 7.35589 1.46318 0
      vertex 8.79792 1.20208 0
      vertex 8.52776 0.849999 0
    endloop
  endfacet
  facet normal 0 0 -1
    outer loop
      vertex 7.43584 0.978946 0
      vertex 8.52776 0.849999 0
      vertex 8.35793 0.439992 0
    endloop
  endfacet
  facet normal 0 0 -1
    outer loop
      vertex 7.48394 0.490523 0
      vertex 8.3 0 0
      vertex 7.5 0 0
    endloop
  endfacet
  facet normal 0 0 -1
    outer loop
      vertex 8.3 0 0
      vertex 7.48394 0.490523 0
      vertex 8.35793 0.439992 0
    endloop
  endfacet
  facet normal 0 0 -1
    outer loop
      vertex 7.43584 0.978946 0
      vertex 8.35793 0.439992 0
      vertex 7.48394 0.490523 0
    endloop
  endfacet
  facet normal 0 0 -1
    outer loop
      vertex 8.52776 0.849999 0
      vertex 7.43584 0.978946 0
      vertex 7.35589 1.46318 0
    endloop
  endfacet
  facet normal 0 0 -1
    outer loop
      vertex 8.79792 1.20208 0
      vertex 7.35589 1.46318 0
      vertex 7.24444 1.94114 0
    endloop
  endfacet
  facet normal 0 0 -1
    outer loop
      vertex 9.15 1.47224 0
      vertex 7.24444 1.94114 0
      vertex 7.10198 2.4108 0
    endloop
  endfacet
  facet normal 0 0 -1
    outer loop
      vertex 9.56001 1.64207 0
      vertex 7.10198 2.4108 0
      vertex 6.9291 2.87012 0
    endloop
  endfacet
  facet normal 0 0 -1
    outer loop
      vertex 9.56001 1.64207 0
      vertex 6.9291 2.87012 0
      vertex 6.72655 3.31716 0
    endloop
  endfacet
  facet normal 0 0 -1
    outer loop
      vertex 10 1.7 0
      vertex 6.72655 3.31716 0
      vertex 6.49519 3.75 0
    endloop
  endfacet
  facet normal 0 0 -1
    outer loop
      vertex 10 1.7 0
      vertex 6.49519 3.75 0
      vertex 6.23602 4.16678 0
    endloop
  endfacet
  facet normal 0 0 -1
    outer loop
      vertex 10.44 1.64207 0
      vertex 6.23602 4.16678 0
      vertex 5.95015 4.56571 0
    endloop
  endfacet
  facet normal 0 0 -1
    outer loop
      vertex 10.44 1.64207 0
      vertex 5.95015 4.56571 0
      vertex 5 16 0
    endloop
  endfacet
  facet normal 0 0 -1
    outer loop
      vertex 5 16 0
      vertex 5.95015 4.56571 0
      vertex 5.6388 4.94509 0
    endloop
  endfacet
  facet normal 0 0 -1
    outer loop
      vertex 5 16 0
      vertex 5.6388 4.94509 0
      vertex 5.3033 5.3033 0
    endloop
  endfacet
  facet normal 0 0 -1
    outer loop
      vertex 5 16 0
      vertex 5.3033 5.3033 0
      vertex 5 5.58737 0
    endloop
  endfacet
  facet normal 0 0 -1
    outer loop
      vertex 10.44 1.64207 0
      vertex 5 16 0
      vertex 13 22 0
    endloop
  endfacet
  facet normal 0 0 -1
    outer loop
      vertex -5 16 0
      vertex 13 22 0
      vertex 5 16 0
    endloop
  endfacet
  facet normal 0 0 -1
    outer loop
      vertex -5.6388 4.94509 0
      vertex -5 16 0
      vertex -5.3033 5.3033 0
    endloop
  endfacet
  facet normal 0 0 -1
    outer loop
      vertex -5.95015 4.56571 0
      vertex -5 16 0
      vertex -5.6388 4.94509 0
    endloop
  endfacet
  facet normal 0 0 -1
    outer loop
      vertex -10.44 1.64207 0
      vertex -5.95015 4.56571 0
      vertex -6.23602 4.16678 0
    endloop
  endfacet
  facet normal 0 0 -1
    outer loop
      vertex -10 1.7 0
      vertex -6.23602 4.16678 0
      vertex -6.49519 3.75 0
    endloop
  endfacet
  facet normal 0 0 -1
    outer loop
      vertex -10 1.7 0
      vertex -6.49519 3.75 0
      vertex -6.72655 3.31716 0
    endloop
  endfacet
  facet normal 0 0 -1
    outer loop
      vertex -9.56001 1.64207 0
      vertex -6.72655 3.31716 0
      vertex -6.9291 2.87012 0
    endloop
  endfacet
  facet normal 0 0 -1
    outer loop
      vertex -9.56001 1.64207 0
      vertex -6.9291 2.87012 0
      vertex -7.10198 2.4108 0
    endloop
  endfacet
  facet normal 0 0 -1
    outer loop
      vertex -9.15 1.47224 0
      vertex -7.10198 2.4108 0
      vertex -7.24444 1.94114 0
    endloop
  endfacet
  facet normal 0 0 -1
    outer loop
      vertex -8.79792 1.20208 0
      vertex -7.24444 1.94114 0
      vertex -7.35589 1.46318 0
    endloop
  endfacet
  facet normal 0 0 -1
    outer loop
      vertex -8.52776 0.849999 0
      vertex -7.35589 1.46318 0
      vertex -7.43584 0.978946 0
    endloop
  endfacet
  facet normal 0 0 -1
    outer loop
      vertex -8.3 0 0
      vertex -7.48394 0.490523 0
      vertex -7.5 0 0
    endloop
  endfacet
  facet normal 0 0 -1
    outer loop
      vertex -8.35793 0.439992 0
      vertex -7.48394 0.490523 0
      vertex -8.3 0 0
    endloop
  endfacet
  facet normal -0 0 -1
    outer loop
      vertex -7.48394 0.490523 0
      vertex -8.35793 0.439992 0
      vertex -7.43584 0.978946 0
    endloop
  endfacet
  facet normal 0 0 -1
    outer loop
      vertex -8.52776 0.849999 0
      vertex -7.43584 0.978946 0
      vertex -8.35793 0.439992 0
    endloop
  endfacet
  facet normal 0 0 -1
    outer loop
      vertex -7.35589 1.46318 0
      vertex -8.52776 0.849999 0
      vertex -8.79792 1.20208 0
    endloop
  endfacet
  facet normal 0 0 -1
    outer loop
      vertex -7.24444 1.94114 0
      vertex -8.79792 1.20208 0
      vertex -9.15 1.47224 0
    endloop
  endfacet
  facet normal 0 0 -1
    outer loop
      vertex -7.10198 2.4108 0
      vertex -9.15 1.47224 0
      vertex -9.56001 1.64207 0
    endloop
  endfacet
  facet normal 0 0 -1
    outer loop
      vertex -6.72655 3.31716 0
      vertex -9.56001 1.64207 0
      vertex -10 1.7 0
    endloop
  endfacet
  facet normal 0 0 -1
    outer loop
      vertex -6.23602 4.16678 0
      vertex -10 1.7 0
      vertex -10.44 1.64207 0
    endloop
  endfacet
  facet normal -0 0 -1
    outer loop
      vertex -5.95015 4.56571 0
      vertex -10.44 1.64207 0
      vertex -5 16 0
    endloop
  endfacet
  facet normal 0 0 -1
    outer loop
      vertex -10.85 1.47224 0
      vertex -5 16 0
      vertex -10.44 1.64207 0
    endloop
  endfacet
  facet normal 0 0 -1
    outer loop
      vertex -13 22 0
      vertex -10.85 1.47224 0
      vertex -11.2021 1.20208 0
    endloop
  endfacet
  facet normal 0 0 -1
    outer loop
      vertex -13 22 0
      vertex -11.2021 1.20208 0
      vertex -11.4722 0.849999 0
    endloop
  endfacet
  facet normal 0 0 -1
    outer loop
      vertex -5 16 0
      vertex -13 22 0
      vertex 13 22 0
    endloop
  endfacet
  facet normal 0 0 -1
    outer loop
      vertex -10.85 1.47224 0
      vertex -13 22 0
      vertex -5 16 0
    endloop
  endfacet
  facet normal 0 0 -1
    outer loop
      vertex -11.6421 0.439992 0
      vertex -13 22 0
      vertex -11.4722 0.849999 0
    endloop
  endfacet
  facet normal 0 0 -1
    outer loop
      vertex -11.7 0 0
      vertex -13 22 0
      vertex -11.6421 0.439992 0
    endloop
  endfacet
  facet normal 0 0 -1
    outer loop
      vertex -13 22 0
      vertex -11.7 0 0
      vertex -13 -22 0
    endloop
  endfacet
  facet normal 0 0 -1
    outer loop
      vertex 5.3033 -5.3033 0
      vertex 5 -16 0
      vertex 5 -5.58737 0
    endloop
  endfacet
  facet normal -1 0 0
    outer loop
      vertex -13 -22 0
      vertex -13 22 4
      vertex -13 22 0
    endloop
  endfacet
  facet normal -1 -0 0
    outer loop
      vertex -13 22 4
      vertex -13 -22 0
      vertex -13 -22 4
    endloop
  endfacet
  facet normal 0 1 -0
    outer loop
      vertex 13 22 0
      vertex -13 22 4
      vertex 13 22 4
    endloop
  endfacet
  facet normal 0 1 0
    outer loop
      vertex -13 22 4
      vertex 13 22 0
      vertex -13 22 0
    endloop
  endfacet
  facet normal 0 -1 0
    outer loop
      vertex -13 -22 0
      vertex 13 -22 4
      vertex -13 -22 4
    endloop
  endfacet
  facet normal 0 -1 -0
    outer loop
      vertex 13 -22 4
      vertex -13 -22 0
      vertex 13 -22 0
    endloop
  endfacet
  facet normal -0.92388 -0.382683 0
    outer loop
      vertex -8.35793 0.439992 0
      vertex -8.52776 0.849999 5
      vertex -8.52776 0.849999 0
    endloop
  endfacet
  facet normal -0.92388 -0.382683 0
    outer loop
      vertex -8.52776 0.849999 5
      vertex -8.35793 0.439992 0
      vertex -8.35793 0.439992 5
    endloop
  endfacet
  facet normal -0.991444 -0.130535 0
    outer loop
      vertex -8.3 0 0
      vertex -8.35793 0.439992 5
      vertex -8.35793 0.439992 0
    endloop
  endfacet
  facet normal -0.991444 -0.130535 0
    outer loop
      vertex -8.35793 0.439992 5
      vertex -8.3 0 0
      vertex -8.3 0 5
    endloop
  endfacet
  facet normal -0.793355 -0.60876 0
    outer loop
      vertex -8.52776 0.849999 0
      vertex -8.79792 1.20208 5
      vertex -8.79792 1.20208 0
    endloop
  endfacet
  facet normal -0.793355 -0.60876 0
    outer loop
      vertex -8.79792 1.20208 5
      vertex -8.52776 0.849999 0
      vertex -8.52776 0.849999 5
    endloop
  endfacet
  facet normal -0.793355 0.60876 0
    outer loop
      vertex -8.79792 -1.20208 0
      vertex -8.52776 -0.849999 5
      vertex -8.52776 -0.849999 0
    endloop
  endfacet
  facet normal -0.793355 0.60876 0
    outer loop
      vertex -8.52776 -0.849999 5
      vertex -8.79792 -1.20208 0
      vertex -8.79792 -1.20208 5
    endloop
  endfacet
  facet normal -0.130517 -0.991446 -0
    outer loop
      vertex -10 1.7 4
      vertex -10 1.7 0
      vertex -9.85248 1.68058 4
    endloop
  endfacet
  facet normal -0.130545 -0.991442 0
    outer loop
      vertex -9.85248 1.68058 4
      vertex -9.56001 1.64207 5
      vertex -9.85248 1.68058 5
    endloop
  endfacet
  facet normal -0.130536 -0.991444 6.9166e-07
    outer loop
      vertex -9.56001 1.64207 0
      vertex -9.85248 1.68058 4
      vertex -10 1.7 0
    endloop
  endfacet
  facet normal -0.130545 -0.991442 0
    outer loop
      vertex -9.85248 1.68058 4
      vertex -9.56001 1.64207 0
      vertex -9.56001 1.64207 5
    endloop
  endfacet
  facet normal -0.991444 0.130535 0
    outer loop
      vertex -8.35793 -0.439992 0
      vertex -8.3 0 5
      vertex -8.3 0 0
    endloop
  endfacet
  facet normal -0.991444 0.130535 0
    outer loop
      vertex -8.3 0 5
      vertex -8.35793 -0.439992 0
      vertex -8.35793 -0.439992 5
    endloop
  endfacet
  facet normal 0.991452 -0.130469 0
    outer loop
      vertex -11.7 0 4
      vertex -11.6421 0.439992 0
      vertex -11.6421 0.439992 4
    endloop
  endfacet
  facet normal 0.991452 -0.130469 0
    outer loop
      vertex -11.6421 0.439992 0
      vertex -11.7 0 4
      vertex -11.7 0 0
    endloop
  endfacet
  facet normal 0.130533 0.991444 -0
    outer loop
      vertex -10 -1.7 0
      vertex -10.44 -1.64207 4
      vertex -10 -1.7 4
    endloop
  endfacet
  facet normal 0.130533 0.991444 0
    outer loop
      vertex -10.44 -1.64207 4
      vertex -10 -1.7 0
      vertex -10.44 -1.64207 0
    endloop
  endfacet
  facet normal -0.608761 -0.793354 0
    outer loop
      vertex -9.15 1.47224 0
      vertex -8.79792 1.20208 5
      vertex -9.15 1.47224 5
    endloop
  endfacet
  facet normal -0.608761 -0.793354 -0
    outer loop
      vertex -8.79792 1.20208 5
      vertex -9.15 1.47224 0
      vertex -8.79792 1.20208 0
    endloop
  endfacet
  facet normal 0.382688 0.923878 -0
    outer loop
      vertex -10.44 -1.64207 0
      vertex -10.85 -1.47224 4
      vertex -10.44 -1.64207 4
    endloop
  endfacet
  facet normal 0.382688 0.923878 0
    outer loop
      vertex -10.85 -1.47224 4
      vertex -10.44 -1.64207 0
      vertex -10.85 -1.47224 0
    endloop
  endfacet
  facet normal 0 0 -1
    outer loop
      vertex -10 0 5
      vertex -8.3 0 5
      vertex -8.35793 -0.439992 5
    endloop
  endfacet
  facet normal 0 0 -1
    outer loop
      vertex -9.97859 -0.654031 5
      vertex -8.35793 -0.439992 5
      vertex -8.52776 -0.849999 5
    endloop
  endfacet
  facet normal 0 0 -1
    outer loop
      vertex -8.3 0 5
      vertex -10 0 5
      vertex -8.35793 0.439992 5
    endloop
  endfacet
  facet normal 0 0 -1
    outer loop
      vertex -9.97859 -0.654031 5
      vertex -8.52776 -0.849999 5
      vertex -8.79792 -1.20208 5
    endloop
  endfacet
  facet normal 0 -0 -1
    outer loop
      vertex -9.97859 0.654031 5
      vertex -8.35793 0.439992 5
      vertex -10 0 5
    endloop
  endfacet
  facet normal 0 0 -1
    outer loop
      vertex -9.97859 -0.654031 5
      vertex -8.79792 -1.20208 5
      vertex -9.15 -1.47224 5
    endloop
  endfacet
  facet normal 0 0 -1
    outer loop
      vertex -8.35793 0.439992 5
      vertex -9.97859 0.654031 5
      vertex -8.52776 0.849999 5
    endloop
  endfacet
  facet normal 0 0 -1
    outer loop
      vertex -9.91445 -1.30526 5
      vertex -9.15 -1.47224 5
      vertex -9.56001 -1.64207 5
    endloop
  endfacet
  facet normal -0 0 -1
    outer loop
      vertex -8.35793 -0.439992 5
      vertex -9.97859 -0.654031 5
      vertex -10 0 5
    endloop
  endfacet
  facet normal 0 0 -1
    outer loop
      vertex -9.91445 -1.30526 5
      vertex -9.56001 -1.64207 5
      vertex -9.85248 -1.68058 5
    endloop
  endfacet
  facet normal 0 0 -1
    outer loop
      vertex -9.15 -1.47224 5
      vertex -9.91445 -1.30526 5
      vertex -9.97859 -0.654031 5
    endloop
  endfacet
  facet normal -0 0 -1
    outer loop
      vertex -8.52776 0.849999 5
      vertex -9.97859 0.654031 5
      vertex -8.79792 1.20208 5
    endloop
  endfacet
  facet normal -0 0 -1
    outer loop
      vertex -8.79792 1.20208 5
      vertex -9.97859 0.654031 5
      vertex -9.15 1.47224 5
    endloop
  endfacet
  facet normal -0 0 -1
    outer loop
      vertex -9.15 1.47224 5
      vertex -9.91445 1.30526 5
      vertex -9.56001 1.64207 5
    endloop
  endfacet
  facet normal -0 0 -1
    outer loop
      vertex -9.56001 1.64207 5
      vertex -9.91445 1.30526 5
      vertex -9.85248 1.68058 5
    endloop
  endfacet
  facet normal 0 -0 -1
    outer loop
      vertex -9.91445 1.30526 5
      vertex -9.15 1.47224 5
      vertex -9.97859 0.654031 5
    endloop
  endfacet
  facet normal 0.923824 0.382817 0
    outer loop
      vertex -11.4722 -0.849999 4
      vertex -11.6421 -0.439992 0
      vertex -11.6421 -0.439992 4
    endloop
  endfacet
  facet normal 0.923824 0.382817 0
    outer loop
      vertex -11.6421 -0.439992 0
      vertex -11.4722 -0.849999 4
      vertex -11.4722 -0.849999 0
    endloop
  endfacet
  facet normal 0.608739 0.793371 -0
    outer loop
      vertex -10.85 -1.47224 0
      vertex -11.2021 -1.20208 4
      vertex -10.85 -1.47224 4
    endloop
  endfacet
  facet normal 0.608739 0.793371 0
    outer loop
      vertex -11.2021 -1.20208 4
      vertex -10.85 -1.47224 0
      vertex -11.2021 -1.20208 0
    endloop
  endfacet
  facet normal -0.92388 0.382683 0
    outer loop
      vertex -8.52776 -0.849999 0
      vertex -8.35793 -0.439992 5
      vertex -8.35793 -0.439992 0
    endloop
  endfacet
  facet normal -0.92388 0.382683 0
    outer loop
      vertex -8.35793 -0.439992 5
      vertex -8.52776 -0.849999 0
      vertex -8.52776 -0.849999 5
    endloop
  endfacet
  facet normal -0.130545 0.991442 0
    outer loop
      vertex -9.56001 -1.64207 5
      vertex -9.85248 -1.68058 4
      vertex -9.85248 -1.68058 5
    endloop
  endfacet
  facet normal -0.130545 0.991442 0
    outer loop
      vertex -9.56001 -1.64207 0
      vertex -9.85248 -1.68058 4
      vertex -9.56001 -1.64207 5
    endloop
  endfacet
  facet normal -0.130536 0.991444 6.9166e-07
    outer loop
      vertex -10 -1.7 0
      vertex -9.85248 -1.68058 4
      vertex -9.56001 -1.64207 0
    endloop
  endfacet
  facet normal -0.130517 0.991446 0
    outer loop
      vertex -9.85248 -1.68058 4
      vertex -10 -1.7 0
      vertex -10 -1.7 4
    endloop
  endfacet
  facet normal -0.38268 -0.923881 0
    outer loop
      vertex -9.56001 1.64207 0
      vertex -9.15 1.47224 5
      vertex -9.56001 1.64207 5
    endloop
  endfacet
  facet normal -0.38268 -0.923881 -0
    outer loop
      vertex -9.15 1.47224 5
      vertex -9.56001 1.64207 0
      vertex -9.15 1.47224 0
    endloop
  endfacet
  facet normal 0.79342 -0.608675 0
    outer loop
      vertex -11.4722 0.849999 4
      vertex -11.2021 1.20208 0
      vertex -11.2021 1.20208 4
    endloop
  endfacet
  facet normal 0.79342 -0.608675 0
    outer loop
      vertex -11.2021 1.20208 0
      vertex -11.4722 0.849999 4
      vertex -11.4722 0.849999 0
    endloop
  endfacet
  facet normal 0.991452 0.130469 0
    outer loop
      vertex -11.6421 -0.439992 4
      vertex -11.7 0 0
      vertex -11.7 0 4
    endloop
  endfacet
  facet normal 0.991452 0.130469 0
    outer loop
      vertex -11.7 0 0
      vertex -11.6421 -0.439992 4
      vertex -11.6421 -0.439992 0
    endloop
  endfacet
  facet normal 0.130533 -0.991444 0
    outer loop
      vertex -10.44 1.64207 0
      vertex -10 1.7 4
      vertex -10.44 1.64207 4
    endloop
  endfacet
  facet normal 0.130533 -0.991444 0
    outer loop
      vertex -10 1.7 4
      vertex -10.44 1.64207 0
      vertex -10 1.7 0
    endloop
  endfacet
  facet normal -0.608761 0.793354 0
    outer loop
      vertex -8.79792 -1.20208 0
      vertex -9.15 -1.47224 5
      vertex -8.79792 -1.20208 5
    endloop
  endfacet
  facet normal -0.608761 0.793354 0
    outer loop
      vertex -9.15 -1.47224 5
      vertex -8.79792 -1.20208 0
      vertex -9.15 -1.47224 0
    endloop
  endfacet
  facet normal 0.923824 -0.382817 0
    outer loop
      vertex -11.6421 0.439992 4
      vertex -11.4722 0.849999 0
      vertex -11.4722 0.849999 4
    endloop
  endfacet
  facet normal 0.923824 -0.382817 0
    outer loop
      vertex -11.4722 0.849999 0
      vertex -11.6421 0.439992 4
      vertex -11.6421 0.439992 0
    endloop
  endfacet
  facet normal 0.79342 0.608675 0
    outer loop
      vertex -11.2021 -1.20208 4
      vertex -11.4722 -0.849999 0
      vertex -11.4722 -0.849999 4
    endloop
  endfacet
  facet normal 0.79342 0.608675 0
    outer loop
      vertex -11.4722 -0.849999 0
      vertex -11.2021 -1.20208 4
      vertex -11.2021 -1.20208 0
    endloop
  endfacet
  facet normal -0.38268 0.923881 0
    outer loop
      vertex -9.15 -1.47224 0
      vertex -9.56001 -1.64207 5
      vertex -9.15 -1.47224 5
    endloop
  endfacet
  facet normal -0.38268 0.923881 0
    outer loop
      vertex -9.56001 -1.64207 5
      vertex -9.15 -1.47224 0
      vertex -9.56001 -1.64207 0
    endloop
  endfacet
  facet normal 0.608739 -0.793371 0
    outer loop
      vertex -11.2021 1.20208 0
      vertex -10.85 1.47224 4
      vertex -11.2021 1.20208 4
    endloop
  endfacet
  facet normal 0.608739 -0.793371 0
    outer loop
      vertex -10.85 1.47224 4
      vertex -11.2021 1.20208 0
      vertex -10.85 1.47224 0
    endloop
  endfacet
  facet normal 0.382688 -0.923878 0
    outer loop
      vertex -10.85 1.47224 0
      vertex -10.44 1.64207 4
      vertex -10.85 1.47224 4
    endloop
  endfacet
  facet normal 0.382688 -0.923878 0
    outer loop
      vertex -10.44 1.64207 4
      vertex -10.85 1.47224 0
      vertex -10.44 1.64207 0
    endloop
  endfacet
  facet normal 0.92388 0.382683 0
    outer loop
      vertex 8.52776 -0.849999 5
      vertex 8.35793 -0.439992 0
      vertex 8.35793 -0.439992 5
    endloop
  endfacet
  facet normal 0.92388 0.382683 0
    outer loop
      vertex 8.35793 -0.439992 0
      vertex 8.52776 -0.849999 5
      vertex 8.52776 -0.849999 0
    endloop
  endfacet
  facet normal -0.923824 -0.382817 0
    outer loop
      vertex 11.6421 0.439992 0
      vertex 11.4722 0.849999 4
      vertex 11.4722 0.849999 0
    endloop
  endfacet
  facet normal -0.923824 -0.382817 0
    outer loop
      vertex 11.4722 0.849999 4
      vertex 11.6421 0.439992 0
      vertex 11.6421 0.439992 4
    endloop
  endfacet
  facet normal -0.991452 -0.130469 0
    outer loop
      vertex 11.7 0 0
      vertex 11.6421 0.439992 4
      vertex 11.6421 0.439992 0
    endloop
  endfacet
  facet normal -0.991452 -0.130469 0
    outer loop
      vertex 11.6421 0.439992 4
      vertex 11.7 0 0
      vertex 11.7 0 4
    endloop
  endfacet
  facet normal -0.79342 -0.608675 0
    outer loop
      vertex 11.4722 0.849999 0
      vertex 11.2021 1.20208 4
      vertex 11.2021 1.20208 0
    endloop
  endfacet
  facet normal -0.79342 -0.608675 0
    outer loop
      vertex 11.2021 1.20208 4
      vertex 11.4722 0.849999 0
      vertex 11.4722 0.849999 4
    endloop
  endfacet
  facet normal -0.608739 -0.793371 0
    outer loop
      vertex 10.85 1.47224 0
      vertex 11.2021 1.20208 4
      vertex 10.85 1.47224 4
    endloop
  endfacet
  facet normal -0.608739 -0.793371 -0
    outer loop
      vertex 11.2021 1.20208 4
      vertex 10.85 1.47224 0
      vertex 11.2021 1.20208 0
    endloop
  endfacet
  facet normal -0.130533 -0.991444 0
    outer loop
      vertex 10 1.7 0
      vertex 10.44 1.64207 4
      vertex 10 1.7 4
    endloop
  endfacet
  facet normal -0.130533 -0.991444 -0
    outer loop
      vertex 10.44 1.64207 4
      vertex 10 1.7 0
      vertex 10.44 1.64207 0
    endloop
  endfacet
  facet normal 0.991444 -0.130535 0
    outer loop
      vertex 8.3 0 5
      vertex 8.35793 0.439992 0
      vertex 8.35793 0.439992 5
    endloop
  endfacet
  facet normal 0.991444 -0.130535 0
    outer loop
      vertex 8.35793 0.439992 0
      vertex 8.3 0 5
      vertex 8.3 0 0
    endloop
  endfacet
  facet normal 0.38268 0.923881 -0
    outer loop
      vertex 9.56001 -1.64207 0
      vertex 9.15 -1.47224 5
      vertex 9.56001 -1.64207 5
    endloop
  endfacet
  facet normal 0.38268 0.923881 0
    outer loop
      vertex 9.15 -1.47224 5
      vertex 9.56001 -1.64207 0
      vertex 9.15 -1.47224 0
    endloop
  endfacet
  facet normal -0.382688 0.923878 0
    outer loop
      vertex 10.85 -1.47224 0
      vertex 10.44 -1.64207 4
      vertex 10.85 -1.47224 4
    endloop
  endfacet
  facet normal -0.382688 0.923878 0
    outer loop
      vertex 10.44 -1.64207 4
      vertex 10.85 -1.47224 0
      vertex 10.44 -1.64207 0
    endloop
  endfacet
  facet normal 0.38268 -0.923881 0
    outer loop
      vertex 9.15 1.47224 0
      vertex 9.56001 1.64207 5
      vertex 9.15 1.47224 5
    endloop
  endfacet
  facet normal 0.38268 -0.923881 0
    outer loop
      vertex 9.56001 1.64207 5
      vertex 9.15 1.47224 0
      vertex 9.56001 1.64207 0
    endloop
  endfacet
  facet normal 0.608761 -0.793354 0
    outer loop
      vertex 8.79792 1.20208 0
      vertex 9.15 1.47224 5
      vertex 8.79792 1.20208 5
    endloop
  endfacet
  facet normal 0.608761 -0.793354 0
    outer loop
      vertex 9.15 1.47224 5
      vertex 8.79792 1.20208 0
      vertex 9.15 1.47224 0
    endloop
  endfacet
  facet normal -0.382688 -0.923878 0
    outer loop
      vertex 10.44 1.64207 0
      vertex 10.85 1.47224 4
      vertex 10.44 1.64207 4
    endloop
  endfacet
  facet normal -0.382688 -0.923878 -0
    outer loop
      vertex 10.85 1.47224 4
      vertex 10.44 1.64207 0
      vertex 10.85 1.47224 0
    endloop
  endfacet
  facet normal -0.991452 0.130469 0
    outer loop
      vertex 11.6421 -0.439992 0
      vertex 11.7 0 4
      vertex 11.7 0 0
    endloop
  endfacet
  facet normal -0.991452 0.130469 0
    outer loop
      vertex 11.7 0 4
      vertex 11.6421 -0.439992 0
      vertex 11.6421 -0.439992 4
    endloop
  endfacet
  facet normal 0.793355 0.60876 0
    outer loop
      vertex 8.79792 -1.20208 5
      vertex 8.52776 -0.849999 0
      vertex 8.52776 -0.849999 5
    endloop
  endfacet
  facet normal 0.793355 0.60876 0
    outer loop
      vertex 8.52776 -0.849999 0
      vertex 8.79792 -1.20208 5
      vertex 8.79792 -1.20208 0
    endloop
  endfacet
  facet normal 0.130545 -0.991442 0
    outer loop
      vertex 9.56001 1.64207 5
      vertex 9.85248 1.68058 4
      vertex 9.85248 1.68058 5
    endloop
  endfacet
  facet normal 0.130545 -0.991442 0
    outer loop
      vertex 9.56001 1.64207 0
      vertex 9.85248 1.68058 4
      vertex 9.56001 1.64207 5
    endloop
  endfacet
  facet normal 0.130536 -0.991444 6.9166e-07
    outer loop
      vertex 10 1.7 0
      vertex 9.85248 1.68058 4
      vertex 9.56001 1.64207 0
    endloop
  endfacet
  facet normal 0.130517 -0.991446 0
    outer loop
      vertex 9.85248 1.68058 4
      vertex 10 1.7 0
      vertex 10 1.7 4
    endloop
  endfacet
  facet normal -0.79342 0.608675 0
    outer loop
      vertex 11.2021 -1.20208 0
      vertex 11.4722 -0.849999 4
      vertex 11.4722 -0.849999 0
    endloop
  endfacet
  facet normal -0.79342 0.608675 0
    outer loop
      vertex 11.4722 -0.849999 4
      vertex 11.2021 -1.20208 0
      vertex 11.2021 -1.20208 4
    endloop
  endfacet
  facet normal 0.92388 -0.382683 0
    outer loop
      vertex 8.35793 0.439992 5
      vertex 8.52776 0.849999 0
      vertex 8.52776 0.849999 5
    endloop
  endfacet
  facet normal 0.92388 -0.382683 0
    outer loop
      vertex 8.52776 0.849999 0
      vertex 8.35793 0.439992 5
      vertex 8.35793 0.439992 0
    endloop
  endfacet
  facet normal -0.130533 0.991444 0
    outer loop
      vertex 10.44 -1.64207 0
      vertex 10 -1.7 4
      vertex 10.44 -1.64207 4
    endloop
  endfacet
  facet normal -0.130533 0.991444 0
    outer loop
      vertex 10 -1.7 4
      vertex 10.44 -1.64207 0
      vertex 10 -1.7 0
    endloop
  endfacet
  facet normal 0.608761 0.793354 -0
    outer loop
      vertex 9.15 -1.47224 0
      vertex 8.79792 -1.20208 5
      vertex 9.15 -1.47224 5
    endloop
  endfacet
  facet normal 0.608761 0.793354 0
    outer loop
      vertex 8.79792 -1.20208 5
      vertex 9.15 -1.47224 0
      vertex 8.79792 -1.20208 0
    endloop
  endfacet
  facet normal 0.991444 0.130535 0
    outer loop
      vertex 8.35793 -0.439992 5
      vertex 8.3 0 0
      vertex 8.3 0 5
    endloop
  endfacet
  facet normal 0.991444 0.130535 0
    outer loop
      vertex 8.3 0 0
      vertex 8.35793 -0.439992 5
      vertex 8.35793 -0.439992 0
    endloop
  endfacet
  facet normal -0.608739 0.793371 0
    outer loop
      vertex 11.2021 -1.20208 0
      vertex 10.85 -1.47224 4
      vertex 11.2021 -1.20208 4
    endloop
  endfacet
  facet normal -0.608739 0.793371 0
    outer loop
      vertex 10.85 -1.47224 4
      vertex 11.2021 -1.20208 0
      vertex 10.85 -1.47224 0
    endloop
  endfacet
  facet normal -0.923824 0.382817 0
    outer loop
      vertex 11.4722 -0.849999 0
      vertex 11.6421 -0.439992 4
      vertex 11.6421 -0.439992 0
    endloop
  endfacet
  facet normal -0.923824 0.382817 0
    outer loop
      vertex 11.6421 -0.439992 4
      vertex 11.4722 -0.849999 0
      vertex 11.4722 -0.849999 4
    endloop
  endfacet
  facet normal 0.130517 0.991446 0
    outer loop
      vertex 10 -1.7 4
      vertex 10 -1.7 0
      vertex 9.85248 -1.68058 4
    endloop
  endfacet
  facet normal 0.130545 0.991442 -0
    outer loop
      vertex 9.85248 -1.68058 4
      vertex 9.56001 -1.64207 5
      vertex 9.85248 -1.68058 5
    endloop
  endfacet
  facet normal 0.130536 0.991444 6.9166e-07
    outer loop
      vertex 9.56001 -1.64207 0
      vertex 9.85248 -1.68058 4
      vertex 10 -1.7 0
    endloop
  endfacet
  facet normal 0.130545 0.991442 0
    outer loop
      vertex 9.85248 -1.68058 4
      vertex 9.56001 -1.64207 0
      vertex 9.56001 -1.64207 5
    endloop
  endfacet
  facet normal 0 0 -1
    outer loop
      vertex 8.35793 -0.439992 5
      vertex 10 0 5
      vertex 9.97859 -0.654031 5
    endloop
  endfacet
  facet normal 0 0 -1
    outer loop
      vertex 9.15 -1.47224 5
      vertex 9.97859 -0.654031 5
      vertex 9.91445 -1.30526 5
    endloop
  endfacet
  facet normal 0 0 -1
    outer loop
      vertex 8.35793 -0.439992 5
      vertex 9.97859 -0.654031 5
      vertex 8.52776 -0.849999 5
    endloop
  endfacet
  facet normal 0 0 -1
    outer loop
      vertex 9.56001 -1.64207 5
      vertex 9.91445 -1.30526 5
      vertex 9.85248 -1.68058 5
    endloop
  endfacet
  facet normal 0 0 -1
    outer loop
      vertex 9.97859 -0.654031 5
      vertex 9.15 -1.47224 5
      vertex 8.79792 -1.20208 5
    endloop
  endfacet
  facet normal 0 0 -1
    outer loop
      vertex 9.91445 -1.30526 5
      vertex 9.56001 -1.64207 5
      vertex 9.15 -1.47224 5
    endloop
  endfacet
  facet normal 0 0 -1
    outer loop
      vertex 9.97859 -0.654031 5
      vertex 8.79792 -1.20208 5
      vertex 8.52776 -0.849999 5
    endloop
  endfacet
  facet normal -0 0 -1
    outer loop
      vertex 10 0 5
      vertex 8.35793 -0.439992 5
      vertex 8.3 0 5
    endloop
  endfacet
  facet normal 0 0 -1
    outer loop
      vertex 9.91445 1.30526 5
      vertex 9.56001 1.64207 5
      vertex 9.85248 1.68058 5
    endloop
  endfacet
  facet normal 0 0 -1
    outer loop
      vertex 9.97859 0.654031 5
      vertex 9.15 1.47224 5
      vertex 9.91445 1.30526 5
    endloop
  endfacet
  facet normal 0 -0 -1
    outer loop
      vertex 9.56001 1.64207 5
      vertex 9.91445 1.30526 5
      vertex 9.15 1.47224 5
    endloop
  endfacet
  facet normal 0 -0 -1
    outer loop
      vertex 8.35793 0.439992 5
      vertex 10 0 5
      vertex 8.3 0 5
    endloop
  endfacet
  facet normal 0 -0 -1
    outer loop
      vertex 9.15 1.47224 5
      vertex 9.97859 0.654031 5
      vertex 8.79792 1.20208 5
    endloop
  endfacet
  facet normal 0 0 -1
    outer loop
      vertex 10 0 5
      vertex 8.35793 0.439992 5
      vertex 9.97859 0.654031 5
    endloop
  endfacet
  facet normal 0 -0 -1
    outer loop
      vertex 8.79792 1.20208 5
      vertex 9.97859 0.654031 5
      vertex 8.52776 0.849999 5
    endloop
  endfacet
  facet normal 0 -0 -1
    outer loop
      vertex 8.52776 0.849999 5
      vertex 9.97859 0.654031 5
      vertex 8.35793 0.439992 5
    endloop
  endfacet
  facet normal 0.793355 -0.60876 0
    outer loop
      vertex 8.52776 0.849999 5
      vertex 8.79792 1.20208 0
      vertex 8.79792 1.20208 5
    endloop
  endfacet
  facet normal 0.793355 -0.60876 0
    outer loop
      vertex 8.79792 1.20208 0
      vertex 8.52776 0.849999 5
      vertex 8.52776 0.849999 0
    endloop
  endfacet
  facet normal -1 0 0
    outer loop
      vertex 5 5.58737 0
      vertex 5 16 2
      vertex 5 16 0
    endloop
  endfacet
  facet normal -1 -0 0
    outer loop
      vertex 5 16 2
      vertex 5 5.58737 0
      vertex 5 5.58737 2
    endloop
  endfacet
  facet normal -1 0 0
    outer loop
      vertex 5 -16 0
      vertex 5 -5.58737 2
      vertex 5 -5.58737 0
    endloop
  endfacet
  facet normal -1 -0 0
    outer loop
      vertex 5 -5.58737 2
      vertex 5 -16 0
      vertex 5 -16 2
    endloop
  endfacet
  facet normal 0 0 -1
    outer loop
      vertex 4.94509 5.6388 2
      vertex 5 16 2
      vertex 5 5.58737 2
    endloop
  endfacet
  facet normal 0 0 -1
    outer loop
      vertex 4.56571 5.95015 2
      vertex 5 16 2
      vertex 4.94509 5.6388 2
    endloop
  endfacet
  facet normal 0 0 -1
    outer loop
      vertex 4.16678 6.23602 2
      vertex 5 16 2
      vertex 4.56571 5.95015 2
    endloop
  endfacet
  facet normal 0 0 -1
    outer loop
      vertex 3.75 6.49519 2
      vertex 5 16 2
      vertex 4.16678 6.23602 2
    endloop
  endfacet
  facet normal 0 0 -1
    outer loop
      vertex 3.31716 6.72655 2
      vertex 5 16 2
      vertex 3.75 6.49519 2
    endloop
  endfacet
  facet normal 0 0 -1
    outer loop
      vertex 2.87012 6.9291 2
      vertex 5 16 2
      vertex 3.31716 6.72655 2
    endloop
  endfacet
  facet normal 0 0 -1
    outer loop
      vertex 2.4108 7.10198 2
      vertex 5 16 2
      vertex 2.87012 6.9291 2
    endloop
  endfacet
  facet normal 0 0 -1
    outer loop
      vertex 1.94114 7.24444 2
      vertex 5 16 2
      vertex 2.4108 7.10198 2
    endloop
  endfacet
  facet normal 0 0 -1
    outer loop
      vertex 1.46318 7.35589 2
      vertex 5 16 2
      vertex 1.94114 7.24444 2
    endloop
  endfacet
  facet normal 0 0 -1
    outer loop
      vertex 0.978946 7.43584 2
      vertex 5 16 2
      vertex 1.46318 7.35589 2
    endloop
  endfacet
  facet normal 0 0 -1
    outer loop
      vertex 0.490523 7.48394 2
      vertex 5 16 2
      vertex 0.978946 7.43584 2
    endloop
  endfacet
  facet normal 0 0 -1
    outer loop
      vertex 0 7.5 2
      vertex 5 16 2
      vertex 0.490523 7.48394 2
    endloop
  endfacet
  facet normal 0 0 -1
    outer loop
      vertex -5 16 2
      vertex 0 7.5 2
      vertex -0.490523 7.48394 2
    endloop
  endfacet
  facet normal 0 0 -1
    outer loop
      vertex -5 16 2
      vertex -0.490523 7.48394 2
      vertex -0.978946 7.43584 2
    endloop
  endfacet
  facet normal 0 0 -1
    outer loop
      vertex -5 16 2
      vertex -0.978946 7.43584 2
      vertex -1.46318 7.35589 2
    endloop
  endfacet
  facet normal 0 0 -1
    outer loop
      vertex -5 16 2
      vertex -1.46318 7.35589 2
      vertex -1.94114 7.24444 2
    endloop
  endfacet
  facet normal 0 0 -1
    outer loop
      vertex -5 16 2
      vertex -1.94114 7.24444 2
      vertex -2.4108 7.10198 2
    endloop
  endfacet
  facet normal 0 0 -1
    outer loop
      vertex -5 16 2
      vertex -2.4108 7.10198 2
      vertex -2.87012 6.9291 2
    endloop
  endfacet
  facet normal 0 0 -1
    outer loop
      vertex -5 16 2
      vertex -2.87012 6.9291 2
      vertex -3.31716 6.72655 2
    endloop
  endfacet
  facet normal 0 0 -1
    outer loop
      vertex -5 16 2
      vertex -3.31716 6.72655 2
      vertex -3.75 6.49519 2
    endloop
  endfacet
  facet normal 0 0 -1
    outer loop
      vertex -5 16 2
      vertex -3.75 6.49519 2
      vertex -4.16678 6.23602 2
    endloop
  endfacet
  facet normal 0 0 -1
    outer loop
      vertex -5 16 2
      vertex -4.16678 6.23602 2
      vertex -4.56571 5.95015 2
    endloop
  endfacet
  facet normal 0 0 -1
    outer loop
      vertex -5 16 2
      vertex -4.56571 5.95015 2
      vertex -4.94509 5.6388 2
    endloop
  endfacet
  facet normal 0 0 -1
    outer loop
      vertex -5 16 2
      vertex -4.94509 5.6388 2
      vertex -5 5.58737 2
    endloop
  endfacet
  facet normal 0 0 -1
    outer loop
      vertex 0 7.5 2
      vertex -5 16 2
      vertex 5 16 2
    endloop
  endfacet
  facet normal 0 0 -1
    outer loop
      vertex 5 -16 2
      vertex 4.94509 -5.6388 2
      vertex 5 -5.58737 2
    endloop
  endfacet
  facet normal 0 0 -1
    outer loop
      vertex 5 -16 2
      vertex 4.56571 -5.95015 2
      vertex 4.94509 -5.6388 2
    endloop
  endfacet
  facet normal 0 0 -1
    outer loop
      vertex 5 -16 2
      vertex 4.16678 -6.23602 2
      vertex 4.56571 -5.95015 2
    endloop
  endfacet
  facet normal 0 0 -1
    outer loop
      vertex 5 -16 2
      vertex 3.75 -6.49519 2
      vertex 4.16678 -6.23602 2
    endloop
  endfacet
  facet normal 0 0 -1
    outer loop
      vertex 5 -16 2
      vertex 3.31716 -6.72655 2
      vertex 3.75 -6.49519 2
    endloop
  endfacet
  facet normal 0 0 -1
    outer loop
      vertex 5 -16 2
      vertex 2.87012 -6.9291 2
      vertex 3.31716 -6.72655 2
    endloop
  endfacet
  facet normal 0 0 -1
    outer loop
      vertex 5 -16 2
      vertex 2.4108 -7.10198 2
      vertex 2.87012 -6.9291 2
    endloop
  endfacet
  facet normal 0 0 -1
    outer loop
      vertex 5 -16 2
      vertex 1.94114 -7.24444 2
      vertex 2.4108 -7.10198 2
    endloop
  endfacet
  facet normal 0 0 -1
    outer loop
      vertex 5 -16 2
      vertex 1.46318 -7.35589 2
      vertex 1.94114 -7.24444 2
    endloop
  endfacet
  facet normal 0 0 -1
    outer loop
      vertex 5 -16 2
      vertex 0.978946 -7.43584 2
      vertex 1.46318 -7.35589 2
    endloop
  endfacet
  facet normal 0 0 -1
    outer loop
      vertex 5 -16 2
      vertex 0.490523 -7.48394 2
      vertex 0.978946 -7.43584 2
    endloop
  endfacet
  facet normal 0 0 -1
    outer loop
      vertex 5 -16 2
      vertex 0 -7.5 2
      vertex 0.490523 -7.48394 2
    endloop
  endfacet
  facet normal 0 0 -1
    outer loop
      vertex -5 -16 2
      vertex 0 -7.5 2
      vertex 5 -16 2
    endloop
  endfacet
  facet normal -0 0 -1
    outer loop
      vertex 0 -7.5 2
      vertex -5 -16 2
      vertex -0.490523 -7.48394 2
    endloop
  endfacet
  facet normal -0 0 -1
    outer loop
      vertex -0.490523 -7.48394 2
      vertex -5 -16 2
      vertex -0.978946 -7.43584 2
    endloop
  endfacet
  facet normal -0 0 -1
    outer loop
      vertex -0.978946 -7.43584 2
      vertex -5 -16 2
      vertex -1.46318 -7.35589 2
    endloop
  endfacet
  facet normal -0 0 -1
    outer loop
      vertex -1.46318 -7.35589 2
      vertex -5 -16 2
      vertex -1.94114 -7.24444 2
    endloop
  endfacet
  facet normal -0 0 -1
    outer loop
      vertex -1.94114 -7.24444 2
      vertex -5 -16 2
      vertex -2.4108 -7.10198 2
    endloop
  endfacet
  facet normal -0 0 -1
    outer loop
      vertex -2.4108 -7.10198 2
      vertex -5 -16 2
      vertex -2.87012 -6.9291 2
    endloop
  endfacet
  facet normal -0 0 -1
    outer loop
      vertex -2.87012 -6.9291 2
      vertex -5 -16 2
      vertex -3.31716 -6.72655 2
    endloop
  endfacet
  facet normal -0 0 -1
    outer loop
      vertex -3.31716 -6.72655 2
      vertex -5 -16 2
      vertex -3.75 -6.49519 2
    endloop
  endfacet
  facet normal -0 0 -1
    outer loop
      vertex -3.75 -6.49519 2
      vertex -5 -16 2
      vertex -4.16678 -6.23602 2
    endloop
  endfacet
  facet normal -0 0 -1
    outer loop
      vertex -4.16678 -6.23602 2
      vertex -5 -16 2
      vertex -4.56571 -5.95015 2
    endloop
  endfacet
  facet normal -0 0 -1
    outer loop
      vertex -4.56571 -5.95015 2
      vertex -5 -16 2
      vertex -4.94509 -5.6388 2
    endloop
  endfacet
  facet normal -0 0 -1
    outer loop
      vertex -4.94509 -5.6388 2
      vertex -5 -16 2
      vertex -5 -5.58737 2
    endloop
  endfacet
  facet normal 1 -0 0
    outer loop
      vertex -5 5.58737 2
      vertex -5 16 0
      vertex -5 16 2
    endloop
  endfacet
  facet normal 1 0 0
    outer loop
      vertex -5 16 0
      vertex -5 5.58737 2
      vertex -5 5.58737 0
    endloop
  endfacet
  facet normal 1 -0 0
    outer loop
      vertex -5 -16 2
      vertex -5 -5.58737 0
      vertex -5 -5.58737 2
    endloop
  endfacet
  facet normal 1 0 0
    outer loop
      vertex -5 -5.58737 0
      vertex -5 -16 2
      vertex -5 -16 0
    endloop
  endfacet
  facet normal 0 -1 0
    outer loop
      vertex -5 16 0
      vertex 5 16 2
      vertex -5 16 2
    endloop
  endfacet
  facet normal 0 -1 -0
    outer loop
      vertex 5 16 2
      vertex -5 16 0
      vertex 5 16 0
    endloop
  endfacet
  facet normal 0 1 -0
    outer loop
      vertex 5 -16 0
      vertex -5 -16 2
      vertex 5 -16 2
    endloop
  endfacet
  facet normal 0 1 0
    outer loop
      vertex -5 -16 2
      vertex 5 -16 0
      vertex -5 -16 0
    endloop
  endfacet
endsolid OpenSCAD_Model
