solid OpenSCAD_Model
  facet normal 0.773018 -0.634385 0
    outer loop
      vertex -2.16182 1.44448 6
      vertex -1.83848 1.83848 0
      vertex -1.83848 1.83848 6
    endloop
  endfacet
  facet normal 0.773018 -0.634385 0
    outer loop
      vertex -1.83848 1.83848 0
      vertex -2.16182 1.44448 6
      vertex -2.16182 1.44448 0
    endloop
  endfacet
  facet normal 0.956943 -0.290276 0
    outer loop
      vertex -2.55004 0.507235 6
      vertex -2.40209 0.994976 0
      vertex -2.40209 0.994976 6
    endloop
  endfacet
  facet normal 0.956943 -0.290276 0
    outer loop
      vertex -2.40209 0.994976 0
      vertex -2.55004 0.507235 6
      vertex -2.55004 0.507235 0
    endloop
  endfacet
  facet normal 0.471405 -0.881917 0
    outer loop
      vertex -1.44448 2.16182 0
      vertex -0.994976 2.40209 6
      vertex -1.44448 2.16182 6
    endloop
  endfacet
  facet normal 0.471405 -0.881917 0
    outer loop
      vertex -0.994976 2.40209 6
      vertex -1.44448 2.16182 0
      vertex -0.994976 2.40209 0
    endloop
  endfacet
  facet normal -0.634385 -0.773018 0
    outer loop
      vertex 1.44448 2.16182 0
      vertex 1.83848 1.83848 6
      vertex 1.44448 2.16182 6
    endloop
  endfacet
  facet normal -0.634385 -0.773018 -0
    outer loop
      vertex 1.83848 1.83848 6
      vertex 1.44448 2.16182 0
      vertex 1.83848 1.83848 0
    endloop
  endfacet
  facet normal -0.773022 0.634379 0
    outer loop
      vertex 1.83848 -1.83848 0
      vertex 2 -1.64166 6
      vertex 2 -1.64166 0
    endloop
  endfacet
  facet normal -0.773022 0.634379 0
    outer loop
      vertex 2 -1.64166 6
      vertex 1.83848 -1.83848 0
      vertex 1.83848 -1.83848 6
    endloop
  endfacet
  facet normal 0.0980205 -0.995184 0
    outer loop
      vertex -0.507235 2.55004 0
      vertex 0 2.6 6
      vertex -0.507235 2.55004 6
    endloop
  endfacet
  facet normal 0.0980205 -0.995184 0
    outer loop
      vertex 0 2.6 6
      vertex -0.507235 2.55004 0
      vertex 0 2.6 0
    endloop
  endfacet
  facet normal -0.290276 0.956943 0
    outer loop
      vertex 0.994976 -2.40209 0
      vertex 0.507235 -2.55004 6
      vertex 0.994976 -2.40209 6
    endloop
  endfacet
  facet normal -0.290276 0.956943 0
    outer loop
      vertex 0.507235 -2.55004 6
      vertex 0.994976 -2.40209 0
      vertex 0.507235 -2.55004 0
    endloop
  endfacet
  facet normal 0.881917 -0.471405 0
    outer loop
      vertex -2.40209 0.994976 6
      vertex -2.16182 1.44448 0
      vertex -2.16182 1.44448 6
    endloop
  endfacet
  facet normal 0.881917 -0.471405 0
    outer loop
      vertex -2.16182 1.44448 0
      vertex -2.40209 0.994976 6
      vertex -2.40209 0.994976 0
    endloop
  endfacet
  facet normal 0.290276 0.956943 -0
    outer loop
      vertex -0.507235 -2.55004 0
      vertex -0.994976 -2.40209 6
      vertex -0.507235 -2.55004 6
    endloop
  endfacet
  facet normal 0.290276 0.956943 0
    outer loop
      vertex -0.994976 -2.40209 6
      vertex -0.507235 -2.55004 0
      vertex -0.994976 -2.40209 0
    endloop
  endfacet
  facet normal -0.290276 -0.956943 0
    outer loop
      vertex 0.507235 2.55004 0
      vertex 0.994976 2.40209 6
      vertex 0.507235 2.55004 6
    endloop
  endfacet
  facet normal -0.290276 -0.956943 -0
    outer loop
      vertex 0.994976 2.40209 6
      vertex 0.507235 2.55004 0
      vertex 0.994976 2.40209 0
    endloop
  endfacet
  facet normal -0.0980205 0.995184 0
    outer loop
      vertex 0.507235 -2.55004 0
      vertex 0 -2.6 6
      vertex 0.507235 -2.55004 6
    endloop
  endfacet
  facet normal -0.0980205 0.995184 0
    outer loop
      vertex 0 -2.6 6
      vertex 0.507235 -2.55004 0
      vertex 0 -2.6 0
    endloop
  endfacet
  facet normal 0.634385 -0.773018 0
    outer loop
      vertex -1.83848 1.83848 0
      vertex -1.44448 2.16182 6
      vertex -1.83848 1.83848 6
    endloop
  endfacet
  facet normal 0.634385 -0.773018 0
    outer loop
      vertex -1.44448 2.16182 6
      vertex -1.83848 1.83848 0
      vertex -1.44448 2.16182 0
    endloop
  endfacet
  facet normal 0.995184 -0.0980205 0
    outer loop
      vertex -2.6 0 6
      vertex -2.55004 0.507235 0
      vertex -2.55004 0.507235 6
    endloop
  endfacet
  facet normal 0.995184 -0.0980205 0
    outer loop
      vertex -2.55004 0.507235 0
      vertex -2.6 0 6
      vertex -2.6 0 0
    endloop
  endfacet
  facet normal -0.634385 0.773018 0
    outer loop
      vertex 1.83848 -1.83848 0
      vertex 1.44448 -2.16182 6
      vertex 1.83848 -1.83848 6
    endloop
  endfacet
  facet normal -0.634385 0.773018 0
    outer loop
      vertex 1.44448 -2.16182 6
      vertex 1.83848 -1.83848 0
      vertex 1.44448 -2.16182 0
    endloop
  endfacet
  facet normal 0.634385 0.773018 -0
    outer loop
      vertex -1.44448 -2.16182 0
      vertex -1.83848 -1.83848 6
      vertex -1.44448 -2.16182 6
    endloop
  endfacet
  facet normal 0.634385 0.773018 0
    outer loop
      vertex -1.83848 -1.83848 6
      vertex -1.44448 -2.16182 0
      vertex -1.83848 -1.83848 0
    endloop
  endfacet
  facet normal -0.471405 0.881917 0
    outer loop
      vertex 1.44448 -2.16182 0
      vertex 0.994976 -2.40209 6
      vertex 1.44448 -2.16182 6
    endloop
  endfacet
  facet normal -0.471405 0.881917 0
    outer loop
      vertex 0.994976 -2.40209 6
      vertex 1.44448 -2.16182 0
      vertex 0.994976 -2.40209 0
    endloop
  endfacet
  facet normal -0.471405 -0.881917 0
    outer loop
      vertex 0.994976 2.40209 0
      vertex 1.44448 2.16182 6
      vertex 0.994976 2.40209 6
    endloop
  endfacet
  facet normal -0.471405 -0.881917 -0
    outer loop
      vertex 1.44448 2.16182 6
      vertex 0.994976 2.40209 0
      vertex 1.44448 2.16182 0
    endloop
  endfacet
  facet normal -0.773022 -0.634379 0
    outer loop
      vertex 2 1.64166 0
      vertex 1.83848 1.83848 6
      vertex 1.83848 1.83848 0
    endloop
  endfacet
  facet normal -0.773022 -0.634379 0
    outer loop
      vertex 1.83848 1.83848 6
      vertex 2 1.64166 0
      vertex 2 1.64166 6
    endloop
  endfacet
  facet normal 0.956943 0.290276 0
    outer loop
      vertex -2.40209 -0.994976 6
      vertex -2.55004 -0.507235 0
      vertex -2.55004 -0.507235 6
    endloop
  endfacet
  facet normal 0.956943 0.290276 0
    outer loop
      vertex -2.55004 -0.507235 0
      vertex -2.40209 -0.994976 6
      vertex -2.40209 -0.994976 0
    endloop
  endfacet
  facet normal 0.290276 -0.956943 0
    outer loop
      vertex -0.994976 2.40209 0
      vertex -0.507235 2.55004 6
      vertex -0.994976 2.40209 6
    endloop
  endfacet
  facet normal 0.290276 -0.956943 0
    outer loop
      vertex -0.507235 2.55004 6
      vertex -0.994976 2.40209 0
      vertex -0.507235 2.55004 0
    endloop
  endfacet
  facet normal 0.881917 0.471405 0
    outer loop
      vertex -2.16182 -1.44448 6
      vertex -2.40209 -0.994976 0
      vertex -2.40209 -0.994976 6
    endloop
  endfacet
  facet normal 0.881917 0.471405 0
    outer loop
      vertex -2.40209 -0.994976 0
      vertex -2.16182 -1.44448 6
      vertex -2.16182 -1.44448 0
    endloop
  endfacet
  facet normal 0.773018 0.634385 0
    outer loop
      vertex -1.83848 -1.83848 6
      vertex -2.16182 -1.44448 0
      vertex -2.16182 -1.44448 6
    endloop
  endfacet
  facet normal 0.773018 0.634385 0
    outer loop
      vertex -2.16182 -1.44448 0
      vertex -1.83848 -1.83848 6
      vertex -1.83848 -1.83848 0
    endloop
  endfacet
  facet normal 0.995184 0.0980205 0
    outer loop
      vertex -2.55004 -0.507235 6
      vertex -2.6 0 0
      vertex -2.6 0 6
    endloop
  endfacet
  facet normal 0.995184 0.0980205 0
    outer loop
      vertex -2.6 0 0
      vertex -2.55004 -0.507235 6
      vertex -2.55004 -0.507235 0
    endloop
  endfacet
  facet normal -0.0980205 -0.995184 0
    outer loop
      vertex 0 2.6 0
      vertex 0.507235 2.55004 6
      vertex 0 2.6 6
    endloop
  endfacet
  facet normal -0.0980205 -0.995184 -0
    outer loop
      vertex 0.507235 2.55004 6
      vertex 0 2.6 0
      vertex 0.507235 2.55004 0
    endloop
  endfacet
  facet normal 0.0980205 0.995184 -0
    outer loop
      vertex 0 -2.6 0
      vertex -0.507235 -2.55004 6
      vertex 0 -2.6 6
    endloop
  endfacet
  facet normal 0.0980205 0.995184 0
    outer loop
      vertex -0.507235 -2.55004 6
      vertex 0 -2.6 0
      vertex -0.507235 -2.55004 0
    endloop
  endfacet
  facet normal 0.471405 0.881917 -0
    outer loop
      vertex -0.994976 -2.40209 0
      vertex -1.44448 -2.16182 6
      vertex -0.994976 -2.40209 6
    endloop
  endfacet
  facet normal 0.471405 0.881917 0
    outer loop
      vertex -1.44448 -2.16182 6
      vertex -0.994976 -2.40209 0
      vertex -1.44448 -2.16182 0
    endloop
  endfacet
  facet normal -1 0 0
    outer loop
      vertex 2 1.64166 0
      vertex 2 1.3 3
      vertex 2 1.64166 6
    endloop
  endfacet
  facet normal -1 0 0
    outer loop
      vertex 2 1.64166 0
      vertex 2 1.23637 2.59828
      vertex 2 1.3 3
    endloop
  endfacet
  facet normal -1 0 0
    outer loop
      vertex 2 1.64166 0
      vertex 2 1.05172 2.23588
      vertex 2 1.23637 2.59828
    endloop
  endfacet
  facet normal -1 0 0
    outer loop
      vertex 2 1.64166 0
      vertex 2 0.76412 1.94828
      vertex 2 1.05172 2.23588
    endloop
  endfacet
  facet normal -1 0 0
    outer loop
      vertex 2 1.64166 0
      vertex 2 0.401722 1.76363
      vertex 2 0.76412 1.94828
    endloop
  endfacet
  facet normal -1 0 0
    outer loop
      vertex 2 1.64166 0
      vertex 2 0 1.7
      vertex 2 0.401722 1.76363
    endloop
  endfacet
  facet normal -1 0 0
    outer loop
      vertex 2 -1.64166 0
      vertex 2 0 1.7
      vertex 2 1.64166 0
    endloop
  endfacet
  facet normal -1 -0 0
    outer loop
      vertex 2 0 1.7
      vertex 2 -1.64166 0
      vertex 2 -0.401722 1.76363
    endloop
  endfacet
  facet normal -1 -0 0
    outer loop
      vertex 2 -1.23637 2.59828
      vertex 2 -1.64166 0
      vertex 2 -1.3 3
    endloop
  endfacet
  facet normal -1 -0 0
    outer loop
      vertex 2 -1.05172 2.23588
      vertex 2 -1.64166 0
      vertex 2 -1.23637 2.59828
    endloop
  endfacet
  facet normal -1 -0 0
    outer loop
      vertex 2 -0.76412 1.94828
      vertex 2 -1.64166 0
      vertex 2 -1.05172 2.23588
    endloop
  endfacet
  facet normal -1 -0 0
    outer loop
      vertex 2 -0.401722 1.76363
      vertex 2 -1.64166 0
      vertex 2 -0.76412 1.94828
    endloop
  endfacet
  facet normal -1 0 0
    outer loop
      vertex 2 1.23637 3.40172
      vertex 2 1.64166 6
      vertex 2 1.3 3
    endloop
  endfacet
  facet normal -1 0 0
    outer loop
      vertex 2 1.05172 3.76412
      vertex 2 1.64166 6
      vertex 2 1.23637 3.40172
    endloop
  endfacet
  facet normal -1 0 0
    outer loop
      vertex 2 0.76412 4.05172
      vertex 2 1.64166 6
      vertex 2 1.05172 3.76412
    endloop
  endfacet
  facet normal -1 0 0
    outer loop
      vertex 2 0.401722 4.23637
      vertex 2 1.64166 6
      vertex 2 0.76412 4.05172
    endloop
  endfacet
  facet normal -1 0 0
    outer loop
      vertex 2 0 4.3
      vertex 2 1.64166 6
      vertex 2 0.401722 4.23637
    endloop
  endfacet
  facet normal -1 0 0
    outer loop
      vertex 2 -1.64166 6
      vertex 2 0 4.3
      vertex 2 -0.401722 4.23637
    endloop
  endfacet
  facet normal -1 0 0
    outer loop
      vertex 2 -1.64166 6
      vertex 2 -0.401722 4.23637
      vertex 2 -0.76412 4.05172
    endloop
  endfacet
  facet normal -1 0 0
    outer loop
      vertex 2 0 4.3
      vertex 2 -1.64166 6
      vertex 2 1.64166 6
    endloop
  endfacet
  facet normal -1 0 0
    outer loop
      vertex 2 -1.05172 3.76412
      vertex 2 -1.64166 6
      vertex 2 -0.76412 4.05172
    endloop
  endfacet
  facet normal -1 0 0
    outer loop
      vertex 2 -1.23637 3.40172
      vertex 2 -1.64166 6
      vertex 2 -1.05172 3.76412
    endloop
  endfacet
  facet normal -1 0 0
    outer loop
      vertex 2 -1.3 3
      vertex 2 -1.64166 6
      vertex 2 -1.23637 3.40172
    endloop
  endfacet
  facet normal -1 0 0
    outer loop
      vertex 2 -1.64166 6
      vertex 2 -1.3 3
      vertex 2 -1.64166 0
    endloop
  endfacet
  facet normal -0 0 -1
    outer loop
      vertex 2.39873 -17.4552 0
      vertex -0.192108 -17.6182 0
      vertex 2.39467 -16.6989 0
    endloop
  endfacet
  facet normal 0 0 -1
    outer loop
      vertex 2.40428 -17.7199 0
      vertex -0.192108 -17.6182 0
      vertex 2.39873 -17.4552 0
    endloop
  endfacet
  facet normal 0 0 -1
    outer loop
      vertex -0.192108 -17.6182 0
      vertex 2.40428 -17.7199 0
      vertex 2.38402 -17.9881 0
    endloop
  endfacet
  facet normal 0 0 -1
    outer loop
      vertex 4.85016 -18.3029 0
      vertex 6.83429 -17.6582 0
      vertex 6.82703 -17.9428 0
    endloop
  endfacet
  facet normal -0 0 -1
    outer loop
      vertex 6.83429 -17.6582 0
      vertex 4.85016 -18.3029 0
      vertex 6.82999 -17.3775 0
    endloop
  endfacet
  facet normal 0 0 -1
    outer loop
      vertex 5.0233 -18.5288 0
      vertex 6.82703 -17.9428 0
      vertex 6.80881 -18.2308 0
    endloop
  endfacet
  facet normal 0 0 -1
    outer loop
      vertex 4.68863 -18.0732 0
      vertex 6.82999 -17.3775 0
      vertex 4.85016 -18.3029 0
    endloop
  endfacet
  facet normal 0 0 -1
    outer loop
      vertex 5.20732 -18.7511 0
      vertex 6.80881 -18.2308 0
      vertex 6.78008 -18.5219 0
    endloop
  endfacet
  facet normal 0 0 -1
    outer loop
      vertex 5.40167 -18.9698 0
      vertex 6.78008 -18.5219 0
      vertex 6.74117 -18.8158 0
    endloop
  endfacet
  facet normal 0 0 -1
    outer loop
      vertex 6.82703 -17.9428 0
      vertex 5.0233 -18.5288 0
      vertex 4.85016 -18.3029 0
    endloop
  endfacet
  facet normal 0 0 -1
    outer loop
      vertex 5.6059 -19.1846 0
      vertex 6.74117 -18.8158 0
      vertex 6.69234 -19.1122 0
    endloop
  endfacet
  facet normal 0 0 -1
    outer loop
      vertex 6.80881 -18.2308 0
      vertex 5.20732 -18.7511 0
      vertex 5.0233 -18.5288 0
    endloop
  endfacet
  facet normal 0 0 -1
    outer loop
      vertex 4.53981 -17.8399 0
      vertex 6.81322 -17.1012 0
      vertex 4.68863 -18.0732 0
    endloop
  endfacet
  facet normal 0 0 -1
    outer loop
      vertex 6.74117 -18.8158 0
      vertex 5.6059 -19.1846 0
      vertex 5.40167 -18.9698 0
    endloop
  endfacet
  facet normal 0 0 -1
    outer loop
      vertex 5.6059 -19.1846 0
      vertex 6.69234 -19.1122 0
      vertex 5.81961 -19.3957 0
    endloop
  endfacet
  facet normal 0 0 -1
    outer loop
      vertex 10.2008 -17.1878 0
      vertex 11.2087 -16.5482 0
      vertex 11.2351 -16.8474 0
    endloop
  endfacet
  facet normal -0 0 -1
    outer loop
      vertex 11.2087 -16.5482 0
      vertex 10.2008 -17.1878 0
      vertex 11.1733 -16.2538 0
    endloop
  endfacet
  facet normal 0 0 -1
    outer loop
      vertex 9.94955 -17.0304 0
      vertex 11.1733 -16.2538 0
      vertex 10.2008 -17.1878 0
    endloop
  endfacet
  facet normal 0 0 -1
    outer loop
      vertex 9.70694 -16.867 0
      vertex 11.1287 -15.9647 0
      vertex 9.94955 -17.0304 0
    endloop
  endfacet
  facet normal -0 0 -1
    outer loop
      vertex 11.1287 -15.9647 0
      vertex 9.70694 -16.867 0
      vertex 11.0747 -15.6812 0
    endloop
  endfacet
  facet normal 0 0 -1
    outer loop
      vertex 9.47342 -16.6975 0
      vertex 11.0747 -15.6812 0
      vertex 9.70694 -16.867 0
    endloop
  endfacet
  facet normal 0 0 -1
    outer loop
      vertex 9.24951 -16.5217 0
      vertex 11.011 -15.4038 0
      vertex 9.47342 -16.6975 0
    endloop
  endfacet
  facet normal -0 0 -1
    outer loop
      vertex 11.011 -15.4038 0
      vertex 9.24951 -16.5217 0
      vertex 10.937 -15.133 0
    endloop
  endfacet
  facet normal 0 0 -1
    outer loop
      vertex 9.03596 -16.3394 0
      vertex 10.937 -15.133 0
      vertex 9.24951 -16.5217 0
    endloop
  endfacet
  facet normal 0 0 -1
    outer loop
      vertex 10.2008 -17.1878 0
      vertex 11.2351 -16.8474 0
      vertex 10.4603 -17.3391 0
    endloop
  endfacet
  facet normal -0 0 -1
    outer loop
      vertex 11.1733 -16.2538 0
      vertex 9.94955 -17.0304 0
      vertex 11.1287 -15.9647 0
    endloop
  endfacet
  facet normal -0 0 -1
    outer loop
      vertex 11.0747 -15.6812 0
      vertex 9.47342 -16.6975 0
      vertex 11.011 -15.4038 0
    endloop
  endfacet
  facet normal 0 0 -1
    outer loop
      vertex 8.83377 -16.1504 0
      vertex 10.8521 -14.8696 0
      vertex 9.03596 -16.3394 0
    endloop
  endfacet
  facet normal -0 0 -1
    outer loop
      vertex 10.937 -15.133 0
      vertex 9.03596 -16.3394 0
      vertex 10.8521 -14.8696 0
    endloop
  endfacet
  facet normal 0 0 -1
    outer loop
      vertex 14.1548 -14.111 0
      vertex 14.9719 -13.2408 0
      vertex 15.0719 -13.524 0
    endloop
  endfacet
  facet normal -0 0 -1
    outer loop
      vertex 14.9719 -13.2408 0
      vertex 14.1548 -14.111 0
      vertex 14.8644 -12.9645 0
    endloop
  endfacet
  facet normal 0 0 -1
    outer loop
      vertex 13.8723 -14.021 0
      vertex 14.8644 -12.9645 0
      vertex 14.1548 -14.111 0
    endloop
  endfacet
  facet normal 0 0 -1
    outer loop
      vertex 13.5966 -13.9231 0
      vertex 14.7493 -12.6956 0
      vertex 13.8723 -14.021 0
    endloop
  endfacet
  facet normal 0 0 -1
    outer loop
      vertex 14.1548 -14.111 0
      vertex 15.0719 -13.524 0
      vertex 14.4437 -14.193 0
    endloop
  endfacet
  facet normal -0 0 -1
    outer loop
      vertex 14.8644 -12.9645 0
      vertex 13.8723 -14.021 0
      vertex 14.7493 -12.6956 0
    endloop
  endfacet
  facet normal -0 0 -1
    outer loop
      vertex 14.7493 -12.6956 0
      vertex 13.5966 -13.9231 0
      vertex 14.6266 -12.4344 0
    endloop
  endfacet
  facet normal 0 0 -1
    outer loop
      vertex 13.3283 -13.8169 0
      vertex 14.6266 -12.4344 0
      vertex 13.5966 -13.9231 0
    endloop
  endfacet
  facet normal -0 0 -1
    outer loop
      vertex 14.6266 -12.4344 0
      vertex 13.3283 -13.8169 0
      vertex 14.4958 -12.1815 0
    endloop
  endfacet
  facet normal 0 0 -1
    outer loop
      vertex 13.0677 -13.7023 0
      vertex 14.4958 -12.1815 0
      vertex 13.3283 -13.8169 0
    endloop
  endfacet
  facet normal -0 0 -1
    outer loop
      vertex 14.4958 -12.1815 0
      vertex 13.0677 -13.7023 0
      vertex 14.3568 -11.9376 0
    endloop
  endfacet
  facet normal 0 0 -1
    outer loop
      vertex 12.8155 -13.5789 0
      vertex 14.3568 -11.9376 0
      vertex 13.0677 -13.7023 0
    endloop
  endfacet
  facet normal -0 0 -1
    outer loop
      vertex 14.3568 -11.9376 0
      vertex 12.8155 -13.5789 0
      vertex 14.209 -11.7036 0
    endloop
  endfacet
  facet normal 0 0 -1
    outer loop
      vertex 12.5727 -13.4461 0
      vertex 14.209 -11.7036 0
      vertex 12.8155 -13.5789 0
    endloop
  endfacet
  facet normal -0 0 -1
    outer loop
      vertex 14.209 -11.7036 0
      vertex 12.5727 -13.4461 0
      vertex 14.0516 -11.4808 0
    endloop
  endfacet
  facet normal -0 0 -1
    outer loop
      vertex 14.0516 -11.4808 0
      vertex 12.3404 -13.3029 0
      vertex 13.8828 -11.2714 0
    endloop
  endfacet
  facet normal 0 0 -1
    outer loop
      vertex 12.3404 -13.3029 0
      vertex 14.0516 -11.4808 0
      vertex 12.5727 -13.4461 0
    endloop
  endfacet
  facet normal 0 0 -1
    outer loop
      vertex 17.2193 -10.1475 0
      vertex 17.7944 -9.10144 0
      vertex 17.9617 -9.35094 0
    endloop
  endfacet
  facet normal 0 0 -1
    outer loop
      vertex 17.2193 -10.1475 0
      vertex 17.9617 -9.35094 0
      vertex 17.5196 -10.1551 0
    endloop
  endfacet
  facet normal -0 0 -1
    outer loop
      vertex 17.7944 -9.10144 0
      vertex 17.2193 -10.1475 0
      vertex 17.6216 -8.86058 0
    endloop
  endfacet
  facet normal 0 0 -1
    outer loop
      vertex 16.9233 -10.1306 0
      vertex 17.6216 -8.86058 0
      vertex 17.2193 -10.1475 0
    endloop
  endfacet
  facet normal -0 0 -1
    outer loop
      vertex 17.6216 -8.86058 0
      vertex 16.9233 -10.1306 0
      vertex 17.4432 -8.62869 0
    endloop
  endfacet
  facet normal 0 0 -1
    outer loop
      vertex 16.632 -10.1043 0
      vertex 17.4432 -8.62869 0
      vertex 16.9233 -10.1306 0
    endloop
  endfacet
  facet normal -0 0 -1
    outer loop
      vertex 17.4432 -8.62869 0
      vertex 16.632 -10.1043 0
      vertex 17.2594 -8.40628 0
    endloop
  endfacet
  facet normal 0 0 -1
    outer loop
      vertex 16.3457 -10.0682 0
      vertex 17.2594 -8.40628 0
      vertex 16.632 -10.1043 0
    endloop
  endfacet
  facet normal -0 0 -1
    outer loop
      vertex 17.2594 -8.40628 0
      vertex 16.3457 -10.0682 0
      vertex 17.0698 -8.19386 0
    endloop
  endfacet
  facet normal 0 0 -1
    outer loop
      vertex 16.0648 -10.022 0
      vertex 17.0698 -8.19386 0
      vertex 16.3457 -10.0682 0
    endloop
  endfacet
  facet normal -0 0 -1
    outer loop
      vertex 17.0698 -8.19386 0
      vertex 16.0648 -10.022 0
      vertex 16.8746 -7.99217 0
    endloop
  endfacet
  facet normal 0 0 -1
    outer loop
      vertex 15.7899 -9.96523 0
      vertex 16.8746 -7.99217 0
      vertex 16.0648 -10.022 0
    endloop
  endfacet
  facet normal -0 0 -1
    outer loop
      vertex 16.8746 -7.99217 0
      vertex 15.7899 -9.96523 0
      vertex 16.6732 -7.80226 0
    endloop
  endfacet
  facet normal 0 0 -1
    outer loop
      vertex 15.5216 -9.89699 0
      vertex 16.6732 -7.80226 0
      vertex 15.7899 -9.96523 0
    endloop
  endfacet
  facet normal -0 0 -1
    outer loop
      vertex 16.6732 -7.80226 0
      vertex 15.5216 -9.89699 0
      vertex 16.4653 -7.62558 0
    endloop
  endfacet
  facet normal 0 0 -1
    outer loop
      vertex 15.261 -9.81609 0
      vertex 16.4653 -7.62558 0
      vertex 15.5216 -9.89699 0
    endloop
  endfacet
  facet normal -0 0 -1
    outer loop
      vertex 16.4653 -7.62558 0
      vertex 15.261 -9.81609 0
      vertex 16.2497 -7.4648 0
    endloop
  endfacet
  facet normal 0 0 -1
    outer loop
      vertex 15.0098 -9.72023 0
      vertex 16.2497 -7.4648 0
      vertex 15.261 -9.81609 0
    endloop
  endfacet
  facet normal 0 0 -1
    outer loop
      vertex 14.7726 -9.60249 0
      vertex 16.0232 -7.32762 0
      vertex 15.0098 -9.72023 0
    endloop
  endfacet
  facet normal -0 0 -1
    outer loop
      vertex 16.2497 -7.4648 0
      vertex 15.0098 -9.72023 0
      vertex 16.0232 -7.32762 0
    endloop
  endfacet
  facet normal 0 0 -1
    outer loop
      vertex 19.4947 -5.47906 0
      vertex 19.4988 -4.39023 0
      vertex 19.7229 -4.59027 0
    endloop
  endfacet
  facet normal 0 0 -1
    outer loop
      vertex 19.2019 -5.54642 0
      vertex 19.4988 -4.39023 0
      vertex 19.4947 -5.47906 0
    endloop
  endfacet
  facet normal -0 0 -1
    outer loop
      vertex 19.4988 -4.39023 0
      vertex 19.2019 -5.54642 0
      vertex 19.2715 -4.19989 0
    endloop
  endfacet
  facet normal 0 0 -1
    outer loop
      vertex 18.9111 -5.6037 0
      vertex 19.2715 -4.19989 0
      vertex 19.2019 -5.54642 0
    endloop
  endfacet
  facet normal -0 0 -1
    outer loop
      vertex 19.2715 -4.19989 0
      vertex 18.9111 -5.6037 0
      vertex 19.0411 -4.01965 0
    endloop
  endfacet
  facet normal 0 0 -1
    outer loop
      vertex 18.6223 -5.65065 0
      vertex 19.0411 -4.01965 0
      vertex 18.9111 -5.6037 0
    endloop
  endfacet
  facet normal -0 0 -1
    outer loop
      vertex 19.0411 -4.01965 0
      vertex 18.6223 -5.65065 0
      vertex 18.8077 -3.84996 0
    endloop
  endfacet
  facet normal 0 0 -1
    outer loop
      vertex 18.336 -5.68692 0
      vertex 18.8077 -3.84996 0
      vertex 18.6223 -5.65065 0
    endloop
  endfacet
  facet normal -0 0 -1
    outer loop
      vertex 18.8077 -3.84996 0
      vertex 18.336 -5.68692 0
      vertex 18.5713 -3.69133 0
    endloop
  endfacet
  facet normal 0 0 -1
    outer loop
      vertex 18.0525 -5.71204 0
      vertex 18.5713 -3.69133 0
      vertex 18.336 -5.68692 0
    endloop
  endfacet
  facet normal -0 0 -1
    outer loop
      vertex 18.5713 -3.69133 0
      vertex 18.0525 -5.71204 0
      vertex 18.332 -3.54456 0
    endloop
  endfacet
  facet normal 0 0 -1
    outer loop
      vertex 17.772 -5.72537 0
      vertex 18.332 -3.54456 0
      vertex 18.0525 -5.71204 0
    endloop
  endfacet
  facet normal -0 0 -1
    outer loop
      vertex 18.332 -3.54456 0
      vertex 17.772 -5.72537 0
      vertex 18.0897 -3.41068 0
    endloop
  endfacet
  facet normal 0 0 -1
    outer loop
      vertex 17.4953 -5.72598 0
      vertex 18.0897 -3.41068 0
      vertex 17.772 -5.72537 0
    endloop
  endfacet
  facet normal -0 0 -1
    outer loop
      vertex 18.0897 -3.41068 0
      vertex 17.4953 -5.72598 0
      vertex 17.8444 -3.29126 0
    endloop
  endfacet
  facet normal 0 0 -1
    outer loop
      vertex 17.2227 -5.71243 0
      vertex 17.8444 -3.29126 0
      vertex 17.4953 -5.72598 0
    endloop
  endfacet
  facet normal -0 0 -1
    outer loop
      vertex 17.8444 -3.29126 0
      vertex 17.2227 -5.71243 0
      vertex 17.5956 -3.18915 0
    endloop
  endfacet
  facet normal 0 0 -1
    outer loop
      vertex 16.9555 -5.68207 0
      vertex 17.5956 -3.18915 0
      vertex 17.2227 -5.71243 0
    endloop
  endfacet
  facet normal -0 0 -1
    outer loop
      vertex 17.5956 -3.18915 0
      vertex 16.9555 -5.68207 0
      vertex 17.3421 -3.11259 0
    endloop
  endfacet
  facet normal 0 0 -1
    outer loop
      vertex 16.6965 -5.62701 0
      vertex 17.3421 -3.11259 0
      vertex 16.9555 -5.68207 0
    endloop
  endfacet
  facet normal 0 0 -1
    outer loop
      vertex 16.6965 -5.62701 0
      vertex 16.6185 -2.88177 0
      vertex 17.3421 -3.11259 0
    endloop
  endfacet
  facet normal -0 0 -1
    outer loop
      vertex 16.6185 -2.88177 0
      vertex 15.9577 -5.48196 0
      vertex 16.6185 2.88177 0
    endloop
  endfacet
  facet normal 0 0 -1
    outer loop
      vertex 15.9577 -5.48196 0
      vertex 16.6185 -2.88177 0
      vertex 16.6965 -5.62701 0
    endloop
  endfacet
  facet normal 0 0 -1
    outer loop
      vertex 19.978 -0.596848 0
      vertex 20.2448 0.458817 0
      vertex 20.2448 -0.458817 0
    endloop
  endfacet
  facet normal 0 0 -1
    outer loop
      vertex 19.978 -0.596848 0
      vertex 19.978 0.596848 0
      vertex 20.2448 0.458817 0
    endloop
  endfacet
  facet normal 0 0 -1
    outer loop
      vertex 19.7105 -0.72467 0
      vertex 19.978 0.596848 0
      vertex 19.978 -0.596848 0
    endloop
  endfacet
  facet normal 0 0 -1
    outer loop
      vertex 19.7105 -0.72467 0
      vertex 19.7105 0.72467 0
      vertex 19.978 0.596848 0
    endloop
  endfacet
  facet normal 0 0 -1
    outer loop
      vertex 19.4425 -0.841949 0
      vertex 19.7105 0.72467 0
      vertex 19.7105 -0.72467 0
    endloop
  endfacet
  facet normal 0 0 -1
    outer loop
      vertex 19.4425 -0.841949 0
      vertex 19.4425 0.841949 0
      vertex 19.7105 0.72467 0
    endloop
  endfacet
  facet normal 0 0 -1
    outer loop
      vertex 19.1743 -0.948273 0
      vertex 19.4425 0.841949 0
      vertex 19.4425 -0.841949 0
    endloop
  endfacet
  facet normal 0 0 -1
    outer loop
      vertex 19.1743 -0.948273 0
      vertex 19.1743 0.948273 0
      vertex 19.4425 0.841949 0
    endloop
  endfacet
  facet normal 0 0 -1
    outer loop
      vertex 18.9059 -1.04312 0
      vertex 19.1743 0.948273 0
      vertex 19.1743 -0.948273 0
    endloop
  endfacet
  facet normal 0 0 -1
    outer loop
      vertex 18.9059 -1.04312 0
      vertex 18.9059 1.04312 0
      vertex 19.1743 0.948273 0
    endloop
  endfacet
  facet normal 0 0 -1
    outer loop
      vertex 18.6376 -1.12578 0
      vertex 18.9059 1.04312 0
      vertex 18.9059 -1.04312 0
    endloop
  endfacet
  facet normal 0 0 -1
    outer loop
      vertex 18.6376 -1.12578 0
      vertex 18.6376 1.12578 0
      vertex 18.9059 1.04312 0
    endloop
  endfacet
  facet normal 0 0 -1
    outer loop
      vertex 18.3696 -1.19521 0
      vertex 18.6376 1.12578 0
      vertex 18.6376 -1.12578 0
    endloop
  endfacet
  facet normal 0 0 -1
    outer loop
      vertex 18.3696 -1.19521 0
      vertex 18.3696 1.19521 0
      vertex 18.6376 1.12578 0
    endloop
  endfacet
  facet normal 0 0 -1
    outer loop
      vertex 18.1023 -1.24985 0
      vertex 18.3696 1.19521 0
      vertex 18.3696 -1.19521 0
    endloop
  endfacet
  facet normal 0 0 -1
    outer loop
      vertex 18.1023 -1.24985 0
      vertex 18.1023 1.24985 0
      vertex 18.3696 1.19521 0
    endloop
  endfacet
  facet normal 0 0 -1
    outer loop
      vertex 17.8359 -1.2869 0
      vertex 18.1023 1.24985 0
      vertex 18.1023 -1.24985 0
    endloop
  endfacet
  facet normal 0 0 -1
    outer loop
      vertex 17.8359 -1.2869 0
      vertex 17.8359 1.2869 0
      vertex 18.1023 1.24985 0
    endloop
  endfacet
  facet normal 0 0 -1
    outer loop
      vertex 17.5714 -1.29799 0
      vertex 17.8359 1.2869 0
      vertex 17.8359 -1.2869 0
    endloop
  endfacet
  facet normal 0 0 -1
    outer loop
      vertex 17.5714 -1.29799 0
      vertex 17.5714 1.29799 0
      vertex 17.8359 1.2869 0
    endloop
  endfacet
  facet normal 0 0 -1
    outer loop
      vertex 16.8154 -1.34146 0
      vertex 17.5714 1.29799 0
      vertex 17.5714 -1.29799 0
    endloop
  endfacet
  facet normal 0 0 -1
    outer loop
      vertex 16.8154 -1.34146 0
      vertex 16.8154 1.34146 0
      vertex 17.5714 1.29799 0
    endloop
  endfacet
  facet normal 0 0 -1
    outer loop
      vertex 16.6185 -2.88177 0
      vertex 16.8154 -1.34146 0
      vertex 16.7306 -2.20262 0
    endloop
  endfacet
  facet normal -0 0 -1
    outer loop
      vertex 16.8154 -1.34146 0
      vertex 16.6185 -2.88177 0
      vertex 16.8154 1.34146 0
    endloop
  endfacet
  facet normal 0 0 -1
    outer loop
      vertex 16.6185 2.88177 0
      vertex 16.8154 1.34146 0
      vertex 16.6185 -2.88177 0
    endloop
  endfacet
  facet normal 0 0 -1
    outer loop
      vertex 16.8154 1.34146 0
      vertex 16.6185 2.88177 0
      vertex 16.7306 2.20262 0
    endloop
  endfacet
  facet normal 0 0 -1
    outer loop
      vertex 19.4988 4.39023 0
      vertex 19.4947 5.47906 0
      vertex 19.7229 4.59027 0
    endloop
  endfacet
  facet normal 0 0 -1
    outer loop
      vertex 19.2019 5.54642 0
      vertex 19.4988 4.39023 0
      vertex 19.2715 4.19989 0
    endloop
  endfacet
  facet normal 0 0 -1
    outer loop
      vertex 19.4988 4.39023 0
      vertex 19.2019 5.54642 0
      vertex 19.4947 5.47906 0
    endloop
  endfacet
  facet normal 0 0 -1
    outer loop
      vertex 18.9111 5.6037 0
      vertex 19.2715 4.19989 0
      vertex 19.0411 4.01965 0
    endloop
  endfacet
  facet normal 0 0 -1
    outer loop
      vertex 19.2715 4.19989 0
      vertex 18.9111 5.6037 0
      vertex 19.2019 5.54642 0
    endloop
  endfacet
  facet normal 0 0 -1
    outer loop
      vertex 18.6223 5.65065 0
      vertex 19.0411 4.01965 0
      vertex 18.8077 3.84996 0
    endloop
  endfacet
  facet normal 0 0 -1
    outer loop
      vertex 19.0411 4.01965 0
      vertex 18.6223 5.65065 0
      vertex 18.9111 5.6037 0
    endloop
  endfacet
  facet normal 0 0 -1
    outer loop
      vertex 18.336 5.68692 0
      vertex 18.8077 3.84996 0
      vertex 18.5713 3.69133 0
    endloop
  endfacet
  facet normal 0 0 -1
    outer loop
      vertex 18.8077 3.84996 0
      vertex 18.336 5.68692 0
      vertex 18.6223 5.65065 0
    endloop
  endfacet
  facet normal 0 0 -1
    outer loop
      vertex 18.0525 5.71204 0
      vertex 18.5713 3.69133 0
      vertex 18.332 3.54456 0
    endloop
  endfacet
  facet normal 0 0 -1
    outer loop
      vertex 17.772 5.72537 0
      vertex 18.332 3.54456 0
      vertex 18.0897 3.41068 0
    endloop
  endfacet
  facet normal 0 0 -1
    outer loop
      vertex 18.5713 3.69133 0
      vertex 18.0525 5.71204 0
      vertex 18.336 5.68692 0
    endloop
  endfacet
  facet normal 0 0 -1
    outer loop
      vertex 17.4953 5.72598 0
      vertex 18.0897 3.41068 0
      vertex 17.8444 3.29126 0
    endloop
  endfacet
  facet normal 0 0 -1
    outer loop
      vertex 18.332 3.54456 0
      vertex 17.772 5.72537 0
      vertex 18.0525 5.71204 0
    endloop
  endfacet
  facet normal 0 0 -1
    outer loop
      vertex 17.2227 5.71243 0
      vertex 17.8444 3.29126 0
      vertex 17.5956 3.18915 0
    endloop
  endfacet
  facet normal 0 0 -1
    outer loop
      vertex 18.0897 3.41068 0
      vertex 17.4953 5.72598 0
      vertex 17.772 5.72537 0
    endloop
  endfacet
  facet normal 0 0 -1
    outer loop
      vertex 16.9555 5.68207 0
      vertex 17.5956 3.18915 0
      vertex 17.3421 3.11259 0
    endloop
  endfacet
  facet normal 0 0 -1
    outer loop
      vertex 17.8444 3.29126 0
      vertex 17.2227 5.71243 0
      vertex 17.4953 5.72598 0
    endloop
  endfacet
  facet normal 0 0 -1
    outer loop
      vertex 17.5956 3.18915 0
      vertex 16.9555 5.68207 0
      vertex 17.2227 5.71243 0
    endloop
  endfacet
  facet normal 0 0 -1
    outer loop
      vertex 17.3421 3.11259 0
      vertex 16.6965 5.62701 0
      vertex 16.9555 5.68207 0
    endloop
  endfacet
  facet normal 0 0 -1
    outer loop
      vertex 16.6185 2.88177 0
      vertex 16.6965 5.62701 0
      vertex 17.3421 3.11259 0
    endloop
  endfacet
  facet normal 0 0 -1
    outer loop
      vertex 15.9577 5.48196 0
      vertex 16.6185 2.88177 0
      vertex 15.9577 -5.48196 0
    endloop
  endfacet
  facet normal 0 0 -1
    outer loop
      vertex 16.6185 2.88177 0
      vertex 15.9577 5.48196 0
      vertex 16.6965 5.62701 0
    endloop
  endfacet
  facet normal 0 0 -1
    outer loop
      vertex 15.3793 -6.92383 0
      vertex 15.9577 -5.48196 0
      vertex 15.5905 -6.45778 0
    endloop
  endfacet
  facet normal -0 0 -1
    outer loop
      vertex 15.9577 -5.48196 0
      vertex 15.3793 -6.92383 0
      vertex 15.9577 5.48196 0
    endloop
  endfacet
  facet normal 0 0 -1
    outer loop
      vertex 15.3793 6.92383 0
      vertex 15.9577 5.48196 0
      vertex 15.3793 -6.92383 0
    endloop
  endfacet
  facet normal 0 0 -1
    outer loop
      vertex 15.9577 5.48196 0
      vertex 15.3793 6.92383 0
      vertex 15.5905 6.45778 0
    endloop
  endfacet
  facet normal 0 0 -1
    outer loop
      vertex 17.2193 10.1475 0
      vertex 17.7944 9.10144 0
      vertex 17.6216 8.86058 0
    endloop
  endfacet
  facet normal 0 0 -1
    outer loop
      vertex 17.7944 9.10144 0
      vertex 17.2193 10.1475 0
      vertex 17.9617 9.35094 0
    endloop
  endfacet
  facet normal 0 0 -1
    outer loop
      vertex 16.9233 10.1306 0
      vertex 17.6216 8.86058 0
      vertex 17.4432 8.62869 0
    endloop
  endfacet
  facet normal 0 0 -1
    outer loop
      vertex 16.632 10.1043 0
      vertex 17.4432 8.62869 0
      vertex 17.2594 8.40628 0
    endloop
  endfacet
  facet normal 0 0 -1
    outer loop
      vertex 17.9617 9.35094 0
      vertex 17.2193 10.1475 0
      vertex 17.5196 10.1551 0
    endloop
  endfacet
  facet normal 0 0 -1
    outer loop
      vertex 16.3457 10.0682 0
      vertex 17.2594 8.40628 0
      vertex 17.0698 8.19386 0
    endloop
  endfacet
  facet normal 0 0 -1
    outer loop
      vertex 17.6216 8.86058 0
      vertex 16.9233 10.1306 0
      vertex 17.2193 10.1475 0
    endloop
  endfacet
  facet normal 0 0 -1
    outer loop
      vertex 16.0648 10.022 0
      vertex 17.0698 8.19386 0
      vertex 16.8746 7.99217 0
    endloop
  endfacet
  facet normal 0 0 -1
    outer loop
      vertex 15.7899 9.96523 0
      vertex 16.8746 7.99217 0
      vertex 16.6732 7.80226 0
    endloop
  endfacet
  facet normal 0 0 -1
    outer loop
      vertex 17.4432 8.62869 0
      vertex 16.632 10.1043 0
      vertex 16.9233 10.1306 0
    endloop
  endfacet
  facet normal 0 0 -1
    outer loop
      vertex 15.5216 9.89699 0
      vertex 16.6732 7.80226 0
      vertex 16.4653 7.62558 0
    endloop
  endfacet
  facet normal 0 0 -1
    outer loop
      vertex 17.2594 8.40628 0
      vertex 16.3457 10.0682 0
      vertex 16.632 10.1043 0
    endloop
  endfacet
  facet normal 0 0 -1
    outer loop
      vertex 15.261 9.81609 0
      vertex 16.4653 7.62558 0
      vertex 16.2497 7.4648 0
    endloop
  endfacet
  facet normal 0 0 -1
    outer loop
      vertex 17.0698 8.19386 0
      vertex 16.0648 10.022 0
      vertex 16.3457 10.0682 0
    endloop
  endfacet
  facet normal 0 0 -1
    outer loop
      vertex 15.0098 9.72023 0
      vertex 16.2497 7.4648 0
      vertex 16.0232 7.32762 0
    endloop
  endfacet
  facet normal 0 0 -1
    outer loop
      vertex 16.8746 7.99217 0
      vertex 15.7899 9.96523 0
      vertex 16.0648 10.022 0
    endloop
  endfacet
  facet normal 0 0 -1
    outer loop
      vertex 16.6732 7.80226 0
      vertex 15.5216 9.89699 0
      vertex 15.7899 9.96523 0
    endloop
  endfacet
  facet normal 0 0 -1
    outer loop
      vertex 14.7726 9.60249 0
      vertex 16.0232 7.32762 0
      vertex 15.3793 6.92383 0
    endloop
  endfacet
  facet normal 0 0 -1
    outer loop
      vertex 16.4653 7.62558 0
      vertex 15.261 9.81609 0
      vertex 15.5216 9.89699 0
    endloop
  endfacet
  facet normal 0 0 -1
    outer loop
      vertex 14.0917 -9.27763 0
      vertex 15.3793 -6.92383 0
      vertex 14.7726 -9.60249 0
    endloop
  endfacet
  facet normal -0 0 -1
    outer loop
      vertex 16.0232 -7.32762 0
      vertex 14.7726 -9.60249 0
      vertex 15.3793 -6.92383 0
    endloop
  endfacet
  facet normal -0 0 -1
    outer loop
      vertex 15.3793 -6.92383 0
      vertex 14.0917 -9.27763 0
      vertex 15.3793 6.92383 0
    endloop
  endfacet
  facet normal 0 0 -1
    outer loop
      vertex 16.0232 7.32762 0
      vertex 14.7726 9.60249 0
      vertex 15.0098 9.72023 0
    endloop
  endfacet
  facet normal 0 0 -1
    outer loop
      vertex 16.2497 7.4648 0
      vertex 15.0098 9.72023 0
      vertex 15.261 9.81609 0
    endloop
  endfacet
  facet normal 0 0 -1
    outer loop
      vertex 14.0917 9.27763 0
      vertex 15.3793 6.92383 0
      vertex 14.0917 -9.27763 0
    endloop
  endfacet
  facet normal 0 0 -1
    outer loop
      vertex 15.3793 6.92383 0
      vertex 14.0917 9.27763 0
      vertex 14.7726 9.60249 0
    endloop
  endfacet
  facet normal 0 0 -1
    outer loop
      vertex 13.1752 -10.532 0
      vertex 14.0917 -9.27763 0
      vertex 14.031 -9.37524 0
    endloop
  endfacet
  facet normal -0 0 -1
    outer loop
      vertex 14.0917 -9.27763 0
      vertex 13.1752 -10.532 0
      vertex 14.0917 9.27763 0
    endloop
  endfacet
  facet normal 0 0 -1
    outer loop
      vertex 13.1752 -10.532 0
      vertex 14.031 -9.37524 0
      vertex 13.3878 -10.2728 0
    endloop
  endfacet
  facet normal 0 0 -1
    outer loop
      vertex 13.1752 10.532 0
      vertex 14.0917 9.27763 0
      vertex 13.1752 -10.532 0
    endloop
  endfacet
  facet normal 0 0 -1
    outer loop
      vertex 14.0917 9.27763 0
      vertex 13.1752 10.532 0
      vertex 14.031 9.37524 0
    endloop
  endfacet
  facet normal 0 0 -1
    outer loop
      vertex 14.031 9.37524 0
      vertex 13.1752 10.532 0
      vertex 13.3878 10.2728 0
    endloop
  endfacet
  facet normal 0 0 -1
    outer loop
      vertex 14.1548 14.111 0
      vertex 14.9719 13.2408 0
      vertex 14.8644 12.9645 0
    endloop
  endfacet
  facet normal 0 0 -1
    outer loop
      vertex 13.8723 14.021 0
      vertex 14.8644 12.9645 0
      vertex 14.7493 12.6956 0
    endloop
  endfacet
  facet normal 0 0 -1
    outer loop
      vertex 13.5966 13.9231 0
      vertex 14.7493 12.6956 0
      vertex 14.6266 12.4344 0
    endloop
  endfacet
  facet normal 0 0 -1
    outer loop
      vertex 13.3283 13.8169 0
      vertex 14.6266 12.4344 0
      vertex 14.4958 12.1815 0
    endloop
  endfacet
  facet normal 0 0 -1
    outer loop
      vertex 14.8644 12.9645 0
      vertex 13.8723 14.021 0
      vertex 14.1548 14.111 0
    endloop
  endfacet
  facet normal 0 0 -1
    outer loop
      vertex 13.0677 13.7023 0
      vertex 14.4958 12.1815 0
      vertex 14.3568 11.9376 0
    endloop
  endfacet
  facet normal 0 0 -1
    outer loop
      vertex 12.8155 13.5789 0
      vertex 14.3568 11.9376 0
      vertex 14.209 11.7036 0
    endloop
  endfacet
  facet normal 0 0 -1
    outer loop
      vertex 15.0719 13.524 0
      vertex 14.1548 14.111 0
      vertex 14.4437 14.193 0
    endloop
  endfacet
  facet normal 0 0 -1
    outer loop
      vertex 12.5727 13.4461 0
      vertex 14.209 11.7036 0
      vertex 14.0516 11.4808 0
    endloop
  endfacet
  facet normal 0 0 -1
    outer loop
      vertex 12.3404 13.3029 0
      vertex 14.0516 11.4808 0
      vertex 13.8828 11.2714 0
    endloop
  endfacet
  facet normal 0 0 -1
    outer loop
      vertex 14.9719 13.2408 0
      vertex 14.1548 14.111 0
      vertex 15.0719 13.524 0
    endloop
  endfacet
  facet normal 0 0 -1
    outer loop
      vertex 12.1209 13.1476 0
      vertex 13.8828 11.2714 0
      vertex 13.6975 11.0822 0
    endloop
  endfacet
  facet normal 0 0 -1
    outer loop
      vertex 14.7493 12.6956 0
      vertex 13.5966 13.9231 0
      vertex 13.8723 14.021 0
    endloop
  endfacet
  facet normal 0 0 -1
    outer loop
      vertex 14.6266 12.4344 0
      vertex 13.3283 13.8169 0
      vertex 13.5966 13.9231 0
    endloop
  endfacet
  facet normal 0 0 -1
    outer loop
      vertex 11.9204 12.9746 0
      vertex 13.6975 11.0822 0
      vertex 13.1752 10.532 0
    endloop
  endfacet
  facet normal 0 0 -1
    outer loop
      vertex 14.4958 12.1815 0
      vertex 13.0677 13.7023 0
      vertex 13.3283 13.8169 0
    endloop
  endfacet
  facet normal -0 0 -1
    outer loop
      vertex 13.1752 -10.532 0
      vertex 11.3389 -12.4883 0
      vertex 13.1752 10.532 0
    endloop
  endfacet
  facet normal 0 0 -1
    outer loop
      vertex 12.1209 -13.1476 0
      vertex 13.8828 -11.2714 0
      vertex 12.3404 -13.3029 0
    endloop
  endfacet
  facet normal 0 0 -1
    outer loop
      vertex 11.3389 12.4883 0
      vertex 13.1752 10.532 0
      vertex 11.3389 -12.4883 0
    endloop
  endfacet
  facet normal -0 0 -1
    outer loop
      vertex 13.8828 -11.2714 0
      vertex 12.1209 -13.1476 0
      vertex 13.6975 -11.0822 0
    endloop
  endfacet
  facet normal 0 -0 -1
    outer loop
      vertex 11.9204 12.9746 0
      vertex 13.1752 10.532 0
      vertex 11.3389 12.4883 0
    endloop
  endfacet
  facet normal 0 0 -1
    outer loop
      vertex 11.9204 -12.9746 0
      vertex 13.6975 -11.0822 0
      vertex 12.1209 -13.1476 0
    endloop
  endfacet
  facet normal 0 0 -1
    outer loop
      vertex 13.1752 -10.532 0
      vertex 11.9204 -12.9746 0
      vertex 11.3389 -12.4883 0
    endloop
  endfacet
  facet normal -0 0 -1
    outer loop
      vertex 13.6975 -11.0822 0
      vertex 11.9204 -12.9746 0
      vertex 13.1752 -10.532 0
    endloop
  endfacet
  facet normal 0 0 -1
    outer loop
      vertex 13.6975 11.0822 0
      vertex 11.9204 12.9746 0
      vertex 12.1209 13.1476 0
    endloop
  endfacet
  facet normal 0 0 -1
    outer loop
      vertex 14.0516 11.4808 0
      vertex 12.3404 13.3029 0
      vertex 12.5727 13.4461 0
    endloop
  endfacet
  facet normal 0 0 -1
    outer loop
      vertex 13.8828 11.2714 0
      vertex 12.1209 13.1476 0
      vertex 12.3404 13.3029 0
    endloop
  endfacet
  facet normal 0 0 -1
    outer loop
      vertex 14.3568 11.9376 0
      vertex 12.8155 13.5789 0
      vertex 13.0677 13.7023 0
    endloop
  endfacet
  facet normal 0 0 -1
    outer loop
      vertex 14.209 11.7036 0
      vertex 12.5727 13.4461 0
      vertex 12.8155 13.5789 0
    endloop
  endfacet
  facet normal 0 0 -1
    outer loop
      vertex 10.1436 -13.4804 0
      vertex 11.3389 -12.4883 0
      vertex 11.1264 -12.6873 0
    endloop
  endfacet
  facet normal -0 0 -1
    outer loop
      vertex 11.3389 -12.4883 0
      vertex 10.1436 -13.4804 0
      vertex 11.3389 12.4883 0
    endloop
  endfacet
  facet normal 0 0 -1
    outer loop
      vertex 10.1436 -13.4804 0
      vertex 11.1264 -12.6873 0
      vertex 10.2728 -13.3878 0
    endloop
  endfacet
  facet normal 0 0 -1
    outer loop
      vertex 10.1436 13.4804 0
      vertex 11.3389 12.4883 0
      vertex 10.1436 -13.4804 0
    endloop
  endfacet
  facet normal 0 0 -1
    outer loop
      vertex 11.3389 12.4883 0
      vertex 10.1436 13.4804 0
      vertex 11.1264 12.6873 0
    endloop
  endfacet
  facet normal 0 0 -1
    outer loop
      vertex 11.1264 12.6873 0
      vertex 10.1436 13.4804 0
      vertex 10.2728 13.3878 0
    endloop
  endfacet
  facet normal 0 0 -1
    outer loop
      vertex 10.2008 17.1878 0
      vertex 11.2087 16.5482 0
      vertex 11.1733 16.2538 0
    endloop
  endfacet
  facet normal 0 0 -1
    outer loop
      vertex 9.94955 17.0304 0
      vertex 11.1733 16.2538 0
      vertex 11.1287 15.9647 0
    endloop
  endfacet
  facet normal 0 0 -1
    outer loop
      vertex 9.70694 16.867 0
      vertex 11.1287 15.9647 0
      vertex 11.0747 15.6812 0
    endloop
  endfacet
  facet normal 0 0 -1
    outer loop
      vertex 9.47342 16.6975 0
      vertex 11.0747 15.6812 0
      vertex 11.011 15.4038 0
    endloop
  endfacet
  facet normal 0 0 -1
    outer loop
      vertex 9.24951 16.5217 0
      vertex 11.011 15.4038 0
      vertex 10.937 15.133 0
    endloop
  endfacet
  facet normal 0 0 -1
    outer loop
      vertex 9.03596 16.3394 0
      vertex 10.937 15.133 0
      vertex 10.8521 14.8696 0
    endloop
  endfacet
  facet normal 0 0 -1
    outer loop
      vertex 8.83377 16.1504 0
      vertex 10.8521 14.8696 0
      vertex 10.755 14.6145 0
    endloop
  endfacet
  facet normal 0 0 -1
    outer loop
      vertex 8.64439 15.9539 0
      vertex 10.755 14.6145 0
      vertex 10.6435 14.3698 0
    endloop
  endfacet
  facet normal 0 0 -1
    outer loop
      vertex 8.4704 15.7489 0
      vertex 10.6435 14.3698 0
      vertex 10.5111 14.1405 0
    endloop
  endfacet
  facet normal 0 0 -1
    outer loop
      vertex 11.1287 15.9647 0
      vertex 9.70694 16.867 0
      vertex 9.94955 17.0304 0
    endloop
  endfacet
  facet normal 0 0 -1
    outer loop
      vertex 11.2351 16.8474 0
      vertex 10.2008 17.1878 0
      vertex 10.4603 17.3391 0
    endloop
  endfacet
  facet normal 0 0 -1
    outer loop
      vertex 8.31926 15.5315 0
      vertex 10.5111 14.1405 0
      vertex 10.1436 13.4804 0
    endloop
  endfacet
  facet normal 0 0 -1
    outer loop
      vertex 11.2087 16.5482 0
      vertex 10.2008 17.1878 0
      vertex 11.2351 16.8474 0
    endloop
  endfacet
  facet normal -0 0 -1
    outer loop
      vertex 10.1436 -13.4804 0
      vertex 7.87593 -14.9143 0
      vertex 10.1436 13.4804 0
    endloop
  endfacet
  facet normal -0 0 -1
    outer loop
      vertex 10.8521 -14.8696 0
      vertex 8.83377 -16.1504 0
      vertex 10.755 -14.6145 0
    endloop
  endfacet
  facet normal 0 0 -1
    outer loop
      vertex 7.87593 14.9143 0
      vertex 10.1436 13.4804 0
      vertex 7.87593 -14.9143 0
    endloop
  endfacet
  facet normal 0 0 -1
    outer loop
      vertex 8.64439 -15.9539 0
      vertex 10.755 -14.6145 0
      vertex 8.83377 -16.1504 0
    endloop
  endfacet
  facet normal 0 -0 -1
    outer loop
      vertex 8.31926 15.5315 0
      vertex 10.1436 13.4804 0
      vertex 7.87593 14.9143 0
    endloop
  endfacet
  facet normal -0 0 -1
    outer loop
      vertex 10.755 -14.6145 0
      vertex 8.64439 -15.9539 0
      vertex 10.6435 -14.3698 0
    endloop
  endfacet
  facet normal 0 0 -1
    outer loop
      vertex 10.5111 14.1405 0
      vertex 8.31926 15.5315 0
      vertex 8.4704 15.7489 0
    endloop
  endfacet
  facet normal 0 0 -1
    outer loop
      vertex 8.4704 -15.7489 0
      vertex 10.6435 -14.3698 0
      vertex 8.64439 -15.9539 0
    endloop
  endfacet
  facet normal 0 0 -1
    outer loop
      vertex 11.1733 16.2538 0
      vertex 9.94955 17.0304 0
      vertex 10.2008 17.1878 0
    endloop
  endfacet
  facet normal -0 0 -1
    outer loop
      vertex 10.6435 -14.3698 0
      vertex 8.4704 -15.7489 0
      vertex 10.5111 -14.1405 0
    endloop
  endfacet
  facet normal 0 0 -1
    outer loop
      vertex 11.0747 15.6812 0
      vertex 9.47342 16.6975 0
      vertex 9.70694 16.867 0
    endloop
  endfacet
  facet normal 0 0 -1
    outer loop
      vertex 8.31926 -15.5315 0
      vertex 10.5111 -14.1405 0
      vertex 8.4704 -15.7489 0
    endloop
  endfacet
  facet normal 0 0 -1
    outer loop
      vertex 10.1436 -13.4804 0
      vertex 8.31926 -15.5315 0
      vertex 7.87593 -14.9143 0
    endloop
  endfacet
  facet normal -0 0 -1
    outer loop
      vertex 10.5111 -14.1405 0
      vertex 8.31926 -15.5315 0
      vertex 10.1436 -13.4804 0
    endloop
  endfacet
  facet normal 0 0 -1
    outer loop
      vertex 11.011 15.4038 0
      vertex 9.24951 16.5217 0
      vertex 9.47342 16.6975 0
    endloop
  endfacet
  facet normal 0 0 -1
    outer loop
      vertex 10.755 14.6145 0
      vertex 8.64439 15.9539 0
      vertex 8.83377 16.1504 0
    endloop
  endfacet
  facet normal 0 0 -1
    outer loop
      vertex 10.6435 14.3698 0
      vertex 8.4704 15.7489 0
      vertex 8.64439 15.9539 0
    endloop
  endfacet
  facet normal 0 0 -1
    outer loop
      vertex 10.937 15.133 0
      vertex 9.03596 16.3394 0
      vertex 9.24951 16.5217 0
    endloop
  endfacet
  facet normal 0 0 -1
    outer loop
      vertex 10.8521 14.8696 0
      vertex 8.83377 16.1504 0
      vertex 9.03596 16.3394 0
    endloop
  endfacet
  facet normal 0 0 -1
    outer loop
      vertex 6.47348 -15.5833 0
      vertex 7.87593 -14.9143 0
      vertex 7.46361 -15.1347 0
    endloop
  endfacet
  facet normal -0 0 -1
    outer loop
      vertex 7.87593 -14.9143 0
      vertex 6.47348 -15.5833 0
      vertex 7.87593 14.9143 0
    endloop
  endfacet
  facet normal 0 0 -1
    outer loop
      vertex 6.47348 15.5833 0
      vertex 7.87593 14.9143 0
      vertex 6.47348 -15.5833 0
    endloop
  endfacet
  facet normal 0 0 -1
    outer loop
      vertex 7.87593 14.9143 0
      vertex 6.47348 15.5833 0
      vertex 7.46361 15.1347 0
    endloop
  endfacet
  facet normal 0 0 -1
    outer loop
      vertex 4.85016 18.3029 0
      vertex 6.83429 17.6582 0
      vertex 6.82999 17.3775 0
    endloop
  endfacet
  facet normal 0 0 -1
    outer loop
      vertex 4.68863 18.0732 0
      vertex 6.82999 17.3775 0
      vertex 6.81322 17.1012 0
    endloop
  endfacet
  facet normal 0 0 -1
    outer loop
      vertex 6.83429 17.6582 0
      vertex 4.85016 18.3029 0
      vertex 6.82703 17.9428 0
    endloop
  endfacet
  facet normal 0 0 -1
    outer loop
      vertex 4.53981 17.8399 0
      vertex 6.81322 17.1012 0
      vertex 6.78258 16.8301 0
    endloop
  endfacet
  facet normal 0 -0 -1
    outer loop
      vertex 5.0233 18.5288 0
      vertex 6.82703 17.9428 0
      vertex 4.85016 18.3029 0
    endloop
  endfacet
  facet normal 0 -0 -1
    outer loop
      vertex 5.20732 18.7511 0
      vertex 6.80881 18.2308 0
      vertex 5.0233 18.5288 0
    endloop
  endfacet
  facet normal 0 0 -1
    outer loop
      vertex 4.40523 17.6025 0
      vertex 6.78258 16.8301 0
      vertex 6.7355 16.5653 0
    endloop
  endfacet
  facet normal 0 0 -1
    outer loop
      vertex 6.80881 18.2308 0
      vertex 5.20732 18.7511 0
      vertex 6.78008 18.5219 0
    endloop
  endfacet
  facet normal 0 0 -1
    outer loop
      vertex 4.28769 17.3607 0
      vertex 6.7355 16.5653 0
      vertex 6.66429 16.3102 0
    endloop
  endfacet
  facet normal 0 0 -1
    outer loop
      vertex 4.19537 17.1124 0
      vertex 6.66429 16.3102 0
      vertex 6.47348 15.5833 0
    endloop
  endfacet
  facet normal 0 -0 -1
    outer loop
      vertex 5.40167 18.9698 0
      vertex 6.78008 18.5219 0
      vertex 5.20732 18.7511 0
    endloop
  endfacet
  facet normal -0 0 -1
    outer loop
      vertex 6.47348 -15.5833 0
      vertex 3.91946 -16.4045 0
      vertex 6.47348 15.5833 0
    endloop
  endfacet
  facet normal 0 0 -1
    outer loop
      vertex 6.78008 -18.5219 0
      vertex 5.40167 -18.9698 0
      vertex 5.20732 -18.7511 0
    endloop
  endfacet
  facet normal 0 0 -1
    outer loop
      vertex 3.91946 16.4045 0
      vertex 6.47348 15.5833 0
      vertex 3.91946 -16.4045 0
    endloop
  endfacet
  facet normal -0 0 -1
    outer loop
      vertex 6.82999 -17.3775 0
      vertex 4.68863 -18.0732 0
      vertex 6.81322 -17.1012 0
    endloop
  endfacet
  facet normal 0 -0 -1
    outer loop
      vertex 4.19537 17.1124 0
      vertex 6.47348 15.5833 0
      vertex 3.91946 16.4045 0
    endloop
  endfacet
  facet normal -0 0 -1
    outer loop
      vertex 6.81322 -17.1012 0
      vertex 4.53981 -17.8399 0
      vertex 6.78258 -16.8301 0
    endloop
  endfacet
  facet normal 0 0 -1
    outer loop
      vertex 6.69234 19.1122 0
      vertex 5.6059 19.1846 0
      vertex 5.81961 19.3957 0
    endloop
  endfacet
  facet normal 0 0 -1
    outer loop
      vertex 4.40523 -17.6025 0
      vertex 6.78258 -16.8301 0
      vertex 4.53981 -17.8399 0
    endloop
  endfacet
  facet normal 0 0 -1
    outer loop
      vertex 6.66429 16.3102 0
      vertex 4.19537 17.1124 0
      vertex 4.28769 17.3607 0
    endloop
  endfacet
  facet normal -0 0 -1
    outer loop
      vertex 6.78258 -16.8301 0
      vertex 4.40523 -17.6025 0
      vertex 6.7355 -16.5653 0
    endloop
  endfacet
  facet normal 0 0 -1
    outer loop
      vertex 6.74117 18.8158 0
      vertex 5.6059 19.1846 0
      vertex 6.69234 19.1122 0
    endloop
  endfacet
  facet normal 0 0 -1
    outer loop
      vertex 4.28769 -17.3607 0
      vertex 6.7355 -16.5653 0
      vertex 4.40523 -17.6025 0
    endloop
  endfacet
  facet normal 0 -0 -1
    outer loop
      vertex 5.6059 19.1846 0
      vertex 6.74117 18.8158 0
      vertex 5.40167 18.9698 0
    endloop
  endfacet
  facet normal -0 0 -1
    outer loop
      vertex 6.7355 -16.5653 0
      vertex 4.28769 -17.3607 0
      vertex 6.66429 -16.3102 0
    endloop
  endfacet
  facet normal 0 0 -1
    outer loop
      vertex 6.78008 18.5219 0
      vertex 5.40167 18.9698 0
      vertex 6.74117 18.8158 0
    endloop
  endfacet
  facet normal 0 0 -1
    outer loop
      vertex 4.19537 -17.1124 0
      vertex 6.66429 -16.3102 0
      vertex 4.28769 -17.3607 0
    endloop
  endfacet
  facet normal 0 0 -1
    outer loop
      vertex 6.82703 17.9428 0
      vertex 5.0233 18.5288 0
      vertex 6.80881 18.2308 0
    endloop
  endfacet
  facet normal -0 0 -1
    outer loop
      vertex 6.66429 -16.3102 0
      vertex 4.19537 -17.1124 0
      vertex 6.47348 -15.5833 0
    endloop
  endfacet
  facet normal 0 0 -1
    outer loop
      vertex 6.47348 -15.5833 0
      vertex 4.19537 -17.1124 0
      vertex 3.91946 -16.4045 0
    endloop
  endfacet
  facet normal 0 0 -1
    outer loop
      vertex 6.82999 17.3775 0
      vertex 4.68863 18.0732 0
      vertex 4.85016 18.3029 0
    endloop
  endfacet
  facet normal 0 0 -1
    outer loop
      vertex 6.7355 16.5653 0
      vertex 4.28769 17.3607 0
      vertex 4.40523 17.6025 0
    endloop
  endfacet
  facet normal 0 0 -1
    outer loop
      vertex 6.81322 17.1012 0
      vertex 4.53981 17.8399 0
      vertex 4.68863 18.0732 0
    endloop
  endfacet
  facet normal 0 0 -1
    outer loop
      vertex 6.78258 16.8301 0
      vertex 4.40523 17.6025 0
      vertex 4.53981 17.8399 0
    endloop
  endfacet
  facet normal 0 0 -1
    outer loop
      vertex 2.39467 -16.6989 0
      vertex 3.91946 -16.4045 0
      vertex 3.29214 -16.5508 0
    endloop
  endfacet
  facet normal -0 0 -1
    outer loop
      vertex 3.91946 -16.4045 0
      vertex 2.39467 -16.6989 0
      vertex 3.91946 16.4045 0
    endloop
  endfacet
  facet normal 0 0 -1
    outer loop
      vertex 2.39467 16.6989 0
      vertex 3.91946 16.4045 0
      vertex 2.39467 -16.6989 0
    endloop
  endfacet
  facet normal 0 0 -1
    outer loop
      vertex 3.91946 16.4045 0
      vertex 2.39467 16.6989 0
      vertex 3.29214 16.5508 0
    endloop
  endfacet
  facet normal 0 0 -1
    outer loop
      vertex -0.164413 17.8815 0
      vertex 2.40428 17.7199 0
      vertex 2.39873 17.4552 0
    endloop
  endfacet
  facet normal 0 0 -1
    outer loop
      vertex -0.192108 17.6182 0
      vertex 2.39873 17.4552 0
      vertex 2.39467 16.6989 0
    endloop
  endfacet
  facet normal 0 0 -1
    outer loop
      vertex 2.39467 -16.6989 0
      vertex 2 -1.64166 0
      vertex 2.39467 16.6989 0
    endloop
  endfacet
  facet normal 0 0 -1
    outer loop
      vertex -0.110718 -18.145 0
      vertex 2.38402 -17.9881 0
      vertex 2.34628 -18.2583 0
    endloop
  endfacet
  facet normal 0 0 -1
    outer loop
      vertex 2 1.64166 0
      vertex 2.39467 16.6989 0
      vertex 2 -1.64166 0
    endloop
  endfacet
  facet normal 0 0 -1
    outer loop
      vertex -0.0393982 -18.4084 0
      vertex 2.34628 -18.2583 0
      vertex 2.29381 -18.5301 0
    endloop
  endfacet
  facet normal 0 0 -1
    outer loop
      vertex 1.83848 1.83848 0
      vertex 2.39467 16.6989 0
      vertex 2 1.64166 0
    endloop
  endfacet
  facet normal 0 0 -1
    outer loop
      vertex 0.0466919 -18.6715 0
      vertex 2.29381 -18.5301 0
      vertex 2.22816 -18.803 0
    endloop
  endfacet
  facet normal 0 0 -1
    outer loop
      vertex 1.44448 2.16182 0
      vertex 2.39467 16.6989 0
      vertex 1.83848 1.83848 0
    endloop
  endfacet
  facet normal 0 0 -1
    outer loop
      vertex 0.146042 -18.934 0
      vertex 2.22816 -18.803 0
      vertex 2.15036 -19.0769 0
    endloop
  endfacet
  facet normal 0 0 -1
    outer loop
      vertex 0.994976 2.40209 0
      vertex 2.39467 16.6989 0
      vertex 1.44448 2.16182 0
    endloop
  endfacet
  facet normal 0 0 -1
    outer loop
      vertex 0.257553 -19.196 0
      vertex 2.15036 -19.0769 0
      vertex 2.06108 -19.3513 0
    endloop
  endfacet
  facet normal 0 0 -1
    outer loop
      vertex 0.507235 2.55004 0
      vertex 2.39467 16.6989 0
      vertex 0.994976 2.40209 0
    endloop
  endfacet
  facet normal 0 -0 -1
    outer loop
      vertex -0.192108 17.6182 0
      vertex 2.39467 16.6989 0
      vertex -0.283051 16.8657 0
    endloop
  endfacet
  facet normal 0 0 -1
    outer loop
      vertex 0.380508 -19.457 0
      vertex 2.06108 -19.3513 0
      vertex 1.96086 -19.6261 0
    endloop
  endfacet
  facet normal 0 0 -1
    outer loop
      vertex 0.514389 -19.7171 0
      vertex 1.96086 -19.6261 0
      vertex 1.8501 -19.9011 0
    endloop
  endfacet
  facet normal 0 0 -1
    outer loop
      vertex 2.39467 -16.6989 0
      vertex 1.83848 -1.83848 0
      vertex 2 -1.64166 0
    endloop
  endfacet
  facet normal 0 0 -1
    outer loop
      vertex 0.658752 -19.976 0
      vertex 1.8501 -19.9011 0
      vertex 1.72908 -20.176 0
    endloop
  endfacet
  facet normal 0 -0 -1
    outer loop
      vertex 0 -2.6 0
      vertex 2.39467 -16.6989 0
      vertex -0.283051 -16.8657 0
    endloop
  endfacet
  facet normal 0 0 -1
    outer loop
      vertex 2.39467 -16.6989 0
      vertex 1.44448 -2.16182 0
      vertex 1.83848 -1.83848 0
    endloop
  endfacet
  facet normal 0 0 -1
    outer loop
      vertex 0.658752 -19.976 0
      vertex 1.72908 -20.176 0
      vertex 0.813263 -20.2336 0
    endloop
  endfacet
  facet normal -0 0 -1
    outer loop
      vertex 1.8501 -19.9011 0
      vertex 0.658752 -19.976 0
      vertex 0.514389 -19.7171 0
    endloop
  endfacet
  facet normal -0 0 -1
    outer loop
      vertex 1.96086 -19.6261 0
      vertex 0.514389 -19.7171 0
      vertex 0.380508 -19.457 0
    endloop
  endfacet
  facet normal 0 0 -1
    outer loop
      vertex 2.39467 -16.6989 0
      vertex 0.994976 -2.40209 0
      vertex 1.44448 -2.16182 0
    endloop
  endfacet
  facet normal -0 0 -1
    outer loop
      vertex 2.06108 -19.3513 0
      vertex 0.380508 -19.457 0
      vertex 0.257553 -19.196 0
    endloop
  endfacet
  facet normal -0 0 -1
    outer loop
      vertex 2.15036 -19.0769 0
      vertex 0.257553 -19.196 0
      vertex 0.146042 -18.934 0
    endloop
  endfacet
  facet normal -0 0 -1
    outer loop
      vertex 2.22816 -18.803 0
      vertex 0.146042 -18.934 0
      vertex 0.0466919 -18.6715 0
    endloop
  endfacet
  facet normal -0 0 -1
    outer loop
      vertex 2.29381 -18.5301 0
      vertex 0.0466919 -18.6715 0
      vertex -0.0393982 -18.4084 0
    endloop
  endfacet
  facet normal 0 0 -1
    outer loop
      vertex 2.39467 -16.6989 0
      vertex 0.507235 -2.55004 0
      vertex 0.994976 -2.40209 0
    endloop
  endfacet
  facet normal -0 0 -1
    outer loop
      vertex 2.34628 -18.2583 0
      vertex -0.0393982 -18.4084 0
      vertex -0.110718 -18.145 0
    endloop
  endfacet
  facet normal -0 0 -1
    outer loop
      vertex 2.38402 -17.9881 0
      vertex -0.110718 -18.145 0
      vertex -0.164413 -17.8815 0
    endloop
  endfacet
  facet normal 0 0 -1
    outer loop
      vertex 2.38402 -17.9881 0
      vertex -0.164413 -17.8815 0
      vertex -0.192108 -17.6182 0
    endloop
  endfacet
  facet normal 0 0 -1
    outer loop
      vertex 2.39467 -16.6989 0
      vertex -0.192108 -17.6182 0
      vertex -0.283051 -16.8657 0
    endloop
  endfacet
  facet normal 0 0 -1
    outer loop
      vertex 2.39467 -16.6989 0
      vertex 0 -2.6 0
      vertex 0.507235 -2.55004 0
    endloop
  endfacet
  facet normal 0 0 -1
    outer loop
      vertex -1.10367 -16.8389 0
      vertex 0 -2.6 0
      vertex -0.283051 -16.8657 0
    endloop
  endfacet
  facet normal 0 0 -1
    outer loop
      vertex -1.8327 -16.7671 0
      vertex 0 -2.6 0
      vertex -1.10367 -16.8389 0
    endloop
  endfacet
  facet normal -0 0 -1
    outer loop
      vertex 0 -2.6 0
      vertex -1.8327 -16.7671 0
      vertex -0.507235 -2.55004 0
    endloop
  endfacet
  facet normal 0 0 -1
    outer loop
      vertex -4.46899 -16.2692 0
      vertex -0.507235 -2.55004 0
      vertex -1.8327 -16.7671 0
    endloop
  endfacet
  facet normal -0 0 -1
    outer loop
      vertex -0.507235 -2.55004 0
      vertex -4.46899 -16.2692 0
      vertex -0.994976 -2.40209 0
    endloop
  endfacet
  facet normal 0 0 -1
    outer loop
      vertex -5.42429 -15.9794 0
      vertex -0.994976 -2.40209 0
      vertex -4.46899 -16.2692 0
    endloop
  endfacet
  facet normal 0 0 -1
    outer loop
      vertex -4.46899 -16.2692 0
      vertex -1.8327 -16.7671 0
      vertex -2.01753 -17.5033 0
    endloop
  endfacet
  facet normal 0 0 -1
    outer loop
      vertex -4.56754 -17.0169 0
      vertex -2.01753 -17.5033 0
      vertex -2.07802 -17.7612 0
    endloop
  endfacet
  facet normal 0 0 -1
    outer loop
      vertex -5.94447 -15.7836 0
      vertex -0.994976 -2.40209 0
      vertex -5.42429 -15.9794 0
    endloop
  endfacet
  facet normal 0 0 -1
    outer loop
      vertex -4.60622 -17.2789 0
      vertex -2.07802 -17.7612 0
      vertex -2.16431 -18.0158 0
    endloop
  endfacet
  facet normal 0 0 -1
    outer loop
      vertex -4.61974 -17.5474 0
      vertex -2.16431 -18.0158 0
      vertex -2.26808 -18.2682 0
    endloop
  endfacet
  facet normal 0 0 -1
    outer loop
      vertex -4.61615 -17.8203 0
      vertex -2.26808 -18.2682 0
      vertex -2.38649 -18.5184 0
    endloop
  endfacet
  facet normal 0 0 -1
    outer loop
      vertex -8.37494 -14.6476 0
      vertex -0.994976 -2.40209 0
      vertex -5.94447 -15.7836 0
    endloop
  endfacet
  facet normal 0 0 -1
    outer loop
      vertex -4.59816 -18.0965 0
      vertex -2.38649 -18.5184 0
      vertex -2.51794 -18.7664 0
    endloop
  endfacet
  facet normal -0 0 -1
    outer loop
      vertex -0.994976 -2.40209 0
      vertex -8.37494 -14.6476 0
      vertex -1.44448 -2.16182 0
    endloop
  endfacet
  facet normal 0 0 -1
    outer loop
      vertex -8.4375 -14.6142 0
      vertex -1.44448 -2.16182 0
      vertex -8.37494 -14.6476 0
    endloop
  endfacet
  facet normal 0 0 -1
    outer loop
      vertex -4.56725 -18.3755 0
      vertex -2.51794 -18.7664 0
      vertex -2.66141 -19.0123 0
    endloop
  endfacet
  facet normal 0 0 -1
    outer loop
      vertex -2.6 0 0
      vertex -16.875 0 0
      vertex -16.8496 0.776382 0
    endloop
  endfacet
  facet normal 0 0 -1
    outer loop
      vertex -16.8496 -0.776382 0
      vertex -2.55004 -0.507235 0
      vertex -16.5166 -3.43855 0
    endloop
  endfacet
  facet normal -0 0 -1
    outer loop
      vertex -2.55004 -0.507235 0
      vertex -16.8496 -0.776382 0
      vertex -2.6 0 0
    endloop
  endfacet
  facet normal 0 -0 -1
    outer loop
      vertex -16.3 4.36757 0
      vertex -2.6 0 0
      vertex -16.5166 3.43855 0
    endloop
  endfacet
  facet normal 0 0 -1
    outer loop
      vertex -2.6 0 0
      vertex -16.3 4.36757 0
      vertex -16.1258 4.9417 0
    endloop
  endfacet
  facet normal 0 0 -1
    outer loop
      vertex -16.875 0 0
      vertex -2.6 0 0
      vertex -16.8496 -0.776382 0
    endloop
  endfacet
  facet normal 0 0 -1
    outer loop
      vertex -17.2701 -3.49002 0
      vertex -16.8496 -0.776382 0
      vertex -16.5166 -3.43855 0
    endloop
  endfacet
  facet normal 0 0 -1
    outer loop
      vertex -17.5955 -0.91452 0
      vertex -17.2701 -3.49002 0
      vertex -17.534 -3.51218 0
    endloop
  endfacet
  facet normal 0 0 -1
    outer loop
      vertex -17.2701 -3.49002 0
      vertex -17.5955 -0.91452 0
      vertex -16.8496 -0.776382 0
    endloop
  endfacet
  facet normal 0 0 -1
    outer loop
      vertex -17.8566 -0.958679 0
      vertex -17.534 -3.51218 0
      vertex -17.8029 -3.5088 0
    endloop
  endfacet
  facet normal 0 0 -1
    outer loop
      vertex -17.534 -3.51218 0
      vertex -17.8566 -0.958679 0
      vertex -17.5955 -0.91452 0
    endloop
  endfacet
  facet normal 0 0 -1
    outer loop
      vertex -18.1162 -1.02882 0
      vertex -17.8029 -3.5088 0
      vertex -18.075 -3.4881 0
    endloop
  endfacet
  facet normal 0 0 -1
    outer loop
      vertex -17.8029 -3.5088 0
      vertex -18.1162 -1.02882 0
      vertex -17.8566 -0.958679 0
    endloop
  endfacet
  facet normal 0 0 -1
    outer loop
      vertex -18.3746 -1.11653 0
      vertex -18.075 -3.4881 0
      vertex -18.3495 -3.4528 0
    endloop
  endfacet
  facet normal 0 0 -1
    outer loop
      vertex -18.075 -3.4881 0
      vertex -18.3746 -1.11653 0
      vertex -18.1162 -1.02882 0
    endloop
  endfacet
  facet normal 0 0 -1
    outer loop
      vertex -18.6317 -1.21899 0
      vertex -18.3495 -3.4528 0
      vertex -18.626 -3.40442 0
    endloop
  endfacet
  facet normal 0 0 -1
    outer loop
      vertex -18.3495 -3.4528 0
      vertex -18.6317 -1.21899 0
      vertex -18.3746 -1.11653 0
    endloop
  endfacet
  facet normal 0 0 -1
    outer loop
      vertex -18.626 -3.40442 0
      vertex -18.8875 -1.33463 0
      vertex -18.6317 -1.21899 0
    endloop
  endfacet
  facet normal 0 0 -1
    outer loop
      vertex -18.9042 -3.34396 0
      vertex -18.8875 -1.33463 0
      vertex -18.626 -3.40442 0
    endloop
  endfacet
  facet normal 0 0 -1
    outer loop
      vertex -18.9042 -3.34396 0
      vertex -19.1419 -1.46237 0
      vertex -18.8875 -1.33463 0
    endloop
  endfacet
  facet normal 0 0 -1
    outer loop
      vertex -19.1837 -3.27209 0
      vertex -19.1419 -1.46237 0
      vertex -18.9042 -3.34396 0
    endloop
  endfacet
  facet normal 0 0 -1
    outer loop
      vertex -19.1837 -3.27209 0
      vertex -19.3947 -1.60147 0
      vertex -19.1419 -1.46237 0
    endloop
  endfacet
  facet normal 0 0 -1
    outer loop
      vertex -19.4643 -3.18933 0
      vertex -19.3947 -1.60147 0
      vertex -19.1837 -3.27209 0
    endloop
  endfacet
  facet normal 0 0 -1
    outer loop
      vertex -19.4643 -3.18933 0
      vertex -19.6459 -1.75142 0
      vertex -19.3947 -1.60147 0
    endloop
  endfacet
  facet normal 0 0 -1
    outer loop
      vertex -19.7457 -3.09604 0
      vertex -19.6459 -1.75142 0
      vertex -19.4643 -3.18933 0
    endloop
  endfacet
  facet normal 0 0 -1
    outer loop
      vertex -19.7457 -3.09604 0
      vertex -19.8953 -1.91176 0
      vertex -19.6459 -1.75142 0
    endloop
  endfacet
  facet normal 0 0 -1
    outer loop
      vertex -20.0276 -2.99254 0
      vertex -19.8953 -1.91176 0
      vertex -19.7457 -3.09604 0
    endloop
  endfacet
  facet normal 0 0 -1
    outer loop
      vertex -19.8953 -1.91176 0
      vertex -20.0276 -2.99254 0
      vertex -20.1427 -2.08214 0
    endloop
  endfacet
  facet normal 0 0 -1
    outer loop
      vertex -16.1258 -4.9417 0
      vertex -2.40209 -0.994976 0
      vertex -15.1458 -7.4391 0
    endloop
  endfacet
  facet normal 0 0 -1
    outer loop
      vertex -16.3 -4.36757 0
      vertex -2.55004 -0.507235 0
      vertex -16.1258 -4.9417 0
    endloop
  endfacet
  facet normal -0 0 -1
    outer loop
      vertex -2.40209 -0.994976 0
      vertex -16.1258 -4.9417 0
      vertex -2.55004 -0.507235 0
    endloop
  endfacet
  facet normal 0 -0 -1
    outer loop
      vertex -15.1347 7.46361 0
      vertex -2.6 0 0
      vertex -15.1458 7.4391 0
    endloop
  endfacet
  facet normal 0 0 -1
    outer loop
      vertex -2.6 0 0
      vertex -14.6142 8.4375 0
      vertex -14.3906 8.79706 0
    endloop
  endfacet
  facet normal 0 0 -1
    outer loop
      vertex -2.6 0 0
      vertex -15.1347 7.46361 0
      vertex -14.6142 8.4375 0
    endloop
  endfacet
  facet normal 0 0 -1
    outer loop
      vertex -16.1258 -4.9417 0
      vertex -15.1458 -7.4391 0
      vertex -15.8596 -7.67528 0
    endloop
  endfacet
  facet normal 0 0 -1
    outer loop
      vertex -16.5166 -3.43855 0
      vertex -2.55004 -0.507235 0
      vertex -16.3 -4.36757 0
    endloop
  endfacet
  facet normal 0 0 -1
    outer loop
      vertex -16.8152 -5.2616 0
      vertex -15.8596 -7.67528 0
      vertex -16.1097 -7.76236 0
    endloop
  endfacet
  facet normal 0 0 -1
    outer loop
      vertex -2.6 0 0
      vertex -16.1258 4.9417 0
      vertex -15.1458 7.4391 0
    endloop
  endfacet
  facet normal -0 0 -1
    outer loop
      vertex -15.1458 7.4391 0
      vertex -16.1258 4.9417 0
      vertex -15.8596 7.67528 0
    endloop
  endfacet
  facet normal 0 0 -1
    outer loop
      vertex -17.0572 -5.36931 0
      vertex -16.1097 -7.76236 0
      vertex -16.371 -7.82596 0
    endloop
  endfacet
  facet normal 0 0 -1
    outer loop
      vertex -17.2912 -5.5018 0
      vertex -16.371 -7.82596 0
      vertex -16.6396 -7.87357 0
    endloop
  endfacet
  facet normal 0 0 -1
    outer loop
      vertex -15.8596 -7.67528 0
      vertex -16.8152 -5.2616 0
      vertex -16.1258 -4.9417 0
    endloop
  endfacet
  facet normal 0 0 -1
    outer loop
      vertex -17.5196 -5.65103 0
      vertex -16.6396 -7.87357 0
      vertex -16.9143 -7.90765 0
    endloop
  endfacet
  facet normal 0 0 -1
    outer loop
      vertex -16.1097 -7.76236 0
      vertex -17.0572 -5.36931 0
      vertex -16.8152 -5.2616 0
    endloop
  endfacet
  facet normal 0 0 -1
    outer loop
      vertex -17.7432 -5.81421 0
      vertex -16.9143 -7.90765 0
      vertex -17.1942 -7.92957 0
    endloop
  endfacet
  facet normal 0 0 -1
    outer loop
      vertex -16.371 -7.82596 0
      vertex -17.2912 -5.5018 0
      vertex -17.0572 -5.36931 0
    endloop
  endfacet
  facet normal 0 0 -1
    outer loop
      vertex -17.9622 -5.98984 0
      vertex -17.1942 -7.92957 0
      vertex -17.4787 -7.94019 0
    endloop
  endfacet
  facet normal 0 0 -1
    outer loop
      vertex -16.6396 -7.87357 0
      vertex -17.5196 -5.65103 0
      vertex -17.2912 -5.5018 0
    endloop
  endfacet
  facet normal 0 0 -1
    outer loop
      vertex -16.9143 -7.90765 0
      vertex -17.7432 -5.81421 0
      vertex -17.5196 -5.65103 0
    endloop
  endfacet
  facet normal 0 0 -1
    outer loop
      vertex -18.1768 -6.17682 0
      vertex -17.4787 -7.94019 0
      vertex -17.7673 -7.94009 0
    endloop
  endfacet
  facet normal 0 0 -1
    outer loop
      vertex -17.1942 -7.92957 0
      vertex -17.9622 -5.98984 0
      vertex -17.7432 -5.81421 0
    endloop
  endfacet
  facet normal 0 0 -1
    outer loop
      vertex -18.3871 -6.37444 0
      vertex -17.7673 -7.94009 0
      vertex -18.0596 -7.9297 0
    endloop
  endfacet
  facet normal 0 0 -1
    outer loop
      vertex -17.4787 -7.94019 0
      vertex -18.1768 -6.17682 0
      vertex -17.9622 -5.98984 0
    endloop
  endfacet
  facet normal 0 0 -1
    outer loop
      vertex -18.5931 -6.58214 0
      vertex -18.0596 -7.9297 0
      vertex -18.3553 -7.90932 0
    endloop
  endfacet
  facet normal 0 0 -1
    outer loop
      vertex -17.7673 -7.94009 0
      vertex -18.3871 -6.37444 0
      vertex -18.1768 -6.17682 0
    endloop
  endfacet
  facet normal 0 0 -1
    outer loop
      vertex -18.0596 -7.9297 0
      vertex -18.5931 -6.58214 0
      vertex -18.3871 -6.37444 0
    endloop
  endfacet
  facet normal 0 0 -1
    outer loop
      vertex -18.7948 -6.79945 0
      vertex -18.3553 -7.90932 0
      vertex -18.6542 -7.8792 0
    endloop
  endfacet
  facet normal 0 0 -1
    outer loop
      vertex -18.3553 -7.90932 0
      vertex -18.7948 -6.79945 0
      vertex -18.5931 -6.58214 0
    endloop
  endfacet
  facet normal 0 -0 -1
    outer loop
      vertex -18.7948 -6.79945 0
      vertex -18.6542 -7.8792 0
      vertex -18.992 -7.026 0
    endloop
  endfacet
  facet normal 0 0 -1
    outer loop
      vertex -14.6142 -8.4375 0
      vertex -2.16182 -1.44448 0
      vertex -14.3906 -8.79706 0
    endloop
  endfacet
  facet normal 0 0 -1
    outer loop
      vertex -15.1347 -7.46361 0
      vertex -2.40209 -0.994976 0
      vertex -14.6142 -8.4375 0
    endloop
  endfacet
  facet normal -0 0 -1
    outer loop
      vertex -2.16182 -1.44448 0
      vertex -14.6142 -8.4375 0
      vertex -2.40209 -0.994976 0
    endloop
  endfacet
  facet normal 0 -0 -1
    outer loop
      vertex -12.6873 11.1264 0
      vertex -2.6 0 0
      vertex -12.8161 10.9695 0
    endloop
  endfacet
  facet normal 0 0 -1
    outer loop
      vertex -2.6 0 0
      vertex -11.9324 11.9324 0
      vertex -11.7521 12.1013 0
    endloop
  endfacet
  facet normal 0 0 -1
    outer loop
      vertex -2.6 0 0
      vertex -12.6873 11.1264 0
      vertex -11.9324 11.9324 0
    endloop
  endfacet
  facet normal 0 0 -1
    outer loop
      vertex -14.3906 -8.79706 0
      vertex -12.8161 -10.9695 0
      vertex -13.4526 -11.3783 0
    endloop
  endfacet
  facet normal 0 0 -1
    outer loop
      vertex -15.1458 -7.4391 0
      vertex -2.40209 -0.994976 0
      vertex -15.1347 -7.46361 0
    endloop
  endfacet
  facet normal 0 0 -1
    outer loop
      vertex -14.9785 -9.27808 0
      vertex -13.4526 -11.3783 0
      vertex -13.6732 -11.5248 0
    endloop
  endfacet
  facet normal 0 0 -1
    outer loop
      vertex -2.6 0 0
      vertex -14.3906 8.79706 0
      vertex -12.8161 10.9695 0
    endloop
  endfacet
  facet normal 0 0 -1
    outer loop
      vertex -15.186 -9.44257 0
      vertex -13.6732 -11.5248 0
      vertex -13.9104 -11.6514 0
    endloop
  endfacet
  facet normal -0 0 -1
    outer loop
      vertex -12.8161 10.9695 0
      vertex -14.3906 8.79706 0
      vertex -13.4526 11.3783 0
    endloop
  endfacet
  facet normal 0 0 -1
    outer loop
      vertex -15.3797 -9.6291 0
      vertex -13.9104 -11.6514 0
      vertex -14.1588 -11.7643 0
    endloop
  endfacet
  facet normal 0 0 -1
    outer loop
      vertex -14.9785 9.27808 0
      vertex -13.4526 11.3783 0
      vertex -14.3906 8.79706 0
    endloop
  endfacet
  facet normal -0 0 -1
    outer loop
      vertex -13.4526 11.3783 0
      vertex -14.9785 9.27808 0
      vertex -13.6732 11.5248 0
    endloop
  endfacet
  facet normal 0 0 -1
    outer loop
      vertex -15.5638 -9.83044 0
      vertex -14.1588 -11.7643 0
      vertex -14.4164 -11.8656 0
    endloop
  endfacet
  facet normal 0 0 -1
    outer loop
      vertex -15.7398 -10.0441 0
      vertex -14.4164 -11.8656 0
      vertex -14.682 -11.9565 0
    endloop
  endfacet
  facet normal 0 0 -1
    outer loop
      vertex -15.9083 -10.2687 0
      vertex -14.682 -11.9565 0
      vertex -14.9549 -12.0375 0
    endloop
  endfacet
  facet normal 0 0 -1
    outer loop
      vertex -13.4526 -11.3783 0
      vertex -14.9785 -9.27808 0
      vertex -14.3906 -8.79706 0
    endloop
  endfacet
  facet normal 0 0 -1
    outer loop
      vertex -13.6732 -11.5248 0
      vertex -15.186 -9.44257 0
      vertex -14.9785 -9.27808 0
    endloop
  endfacet
  facet normal 0 0 -1
    outer loop
      vertex -16.0697 -10.5032 0
      vertex -14.9549 -12.0375 0
      vertex -15.2345 -12.1092 0
    endloop
  endfacet
  facet normal 0 0 -1
    outer loop
      vertex -13.9104 -11.6514 0
      vertex -15.3797 -9.6291 0
      vertex -15.186 -9.44257 0
    endloop
  endfacet
  facet normal 0 0 -1
    outer loop
      vertex -16.2242 -10.7469 0
      vertex -15.2345 -12.1092 0
      vertex -15.5202 -12.1718 0
    endloop
  endfacet
  facet normal 0 0 -1
    outer loop
      vertex -14.1588 -11.7643 0
      vertex -15.5638 -9.83044 0
      vertex -15.3797 -9.6291 0
    endloop
  endfacet
  facet normal 0 0 -1
    outer loop
      vertex -14.4164 -11.8656 0
      vertex -15.7398 -10.0441 0
      vertex -15.5638 -9.83044 0
    endloop
  endfacet
  facet normal 0 0 -1
    outer loop
      vertex -16.3721 -10.9993 0
      vertex -15.5202 -12.1718 0
      vertex -15.8117 -12.2256 0
    endloop
  endfacet
  facet normal 0 0 -1
    outer loop
      vertex -14.682 -11.9565 0
      vertex -15.9083 -10.2687 0
      vertex -15.7398 -10.0441 0
    endloop
  endfacet
  facet normal 0 0 -1
    outer loop
      vertex -14.9549 -12.0375 0
      vertex -16.0697 -10.5032 0
      vertex -15.9083 -10.2687 0
    endloop
  endfacet
  facet normal 0 0 -1
    outer loop
      vertex -16.5134 -11.2599 0
      vertex -15.8117 -12.2256 0
      vertex -16.1087 -12.2708 0
    endloop
  endfacet
  facet normal 0 0 -1
    outer loop
      vertex -15.2345 -12.1092 0
      vertex -16.2242 -10.7469 0
      vertex -16.0697 -10.5032 0
    endloop
  endfacet
  facet normal 0 0 -1
    outer loop
      vertex -15.5202 -12.1718 0
      vertex -16.3721 -10.9993 0
      vertex -16.2242 -10.7469 0
    endloop
  endfacet
  facet normal 0 0 -1
    outer loop
      vertex -15.8117 -12.2256 0
      vertex -16.5134 -11.2599 0
      vertex -16.3721 -10.9993 0
    endloop
  endfacet
  facet normal 0 -0 -1
    outer loop
      vertex -16.5134 -11.2599 0
      vertex -16.1087 -12.2708 0
      vertex -16.6481 -11.5284 0
    endloop
  endfacet
  facet normal 0 0 -1
    outer loop
      vertex -12.6873 -11.1264 0
      vertex -1.83848 -1.83848 0
      vertex -11.9324 -11.9324 0
    endloop
  endfacet
  facet normal -0 0 -1
    outer loop
      vertex -1.83848 -1.83848 0
      vertex -12.8161 -10.9695 0
      vertex -2.16182 -1.44448 0
    endloop
  endfacet
  facet normal 0 0 -1
    outer loop
      vertex -12.8161 -10.9695 0
      vertex -1.83848 -1.83848 0
      vertex -12.6873 -11.1264 0
    endloop
  endfacet
  facet normal 0 -0 -1
    outer loop
      vertex -9.37524 14.031 0
      vertex -2.6 0 0
      vertex -9.68355 13.8101 0
    endloop
  endfacet
  facet normal 0 0 -1
    outer loop
      vertex -2.6 0 0
      vertex -9.37524 14.031 0
      vertex -8.37494 14.6476 0
    endloop
  endfacet
  facet normal 0 0 -1
    outer loop
      vertex -8.37494 14.6476 0
      vertex -9.37524 14.031 0
      vertex -8.4375 14.6142 0
    endloop
  endfacet
  facet normal 0 0 -1
    outer loop
      vertex -11.7521 -12.1013 0
      vertex -9.68355 -13.8101 0
      vertex -10.2003 -14.3663 0
    endloop
  endfacet
  facet normal 0 0 -1
    outer loop
      vertex -14.3906 -8.79706 0
      vertex -2.16182 -1.44448 0
      vertex -12.8161 -10.9695 0
    endloop
  endfacet
  facet normal 0 0 -1
    outer loop
      vertex -12.2005 -12.7116 0
      vertex -10.2003 -14.3663 0
      vertex -10.3775 -14.5631 0
    endloop
  endfacet
  facet normal 0 0 -1
    outer loop
      vertex -2.6 0 0
      vertex -11.7521 12.1013 0
      vertex -9.68355 13.8101 0
    endloop
  endfacet
  facet normal 0 0 -1
    outer loop
      vertex -12.3606 -12.9225 0
      vertex -10.3775 -14.5631 0
      vertex -10.5758 -14.7447 0
    endloop
  endfacet
  facet normal -0 0 -1
    outer loop
      vertex -9.68355 13.8101 0
      vertex -11.7521 12.1013 0
      vertex -10.2003 14.3663 0
    endloop
  endfacet
  facet normal 0 0 -1
    outer loop
      vertex -12.5018 -13.1514 0
      vertex -10.5758 -14.7447 0
      vertex -10.7883 -14.9159 0
    endloop
  endfacet
  facet normal 0 0 -1
    outer loop
      vertex -12.2005 12.7116 0
      vertex -10.2003 14.3663 0
      vertex -11.7521 12.1013 0
    endloop
  endfacet
  facet normal 0 0 -1
    outer loop
      vertex -12.6301 -13.3922 0
      vertex -10.7883 -14.9159 0
      vertex -11.0126 -15.0781 0
    endloop
  endfacet
  facet normal -0 0 -1
    outer loop
      vertex -10.2003 14.3663 0
      vertex -12.2005 12.7116 0
      vertex -10.3775 14.5631 0
    endloop
  endfacet
  facet normal 0 0 -1
    outer loop
      vertex -12.7475 -13.6429 0
      vertex -11.0126 -15.0781 0
      vertex -11.2473 -15.2321 0
    endloop
  endfacet
  facet normal 0 0 -1
    outer loop
      vertex -12.3606 12.9225 0
      vertex -10.3775 14.5631 0
      vertex -12.2005 12.7116 0
    endloop
  endfacet
  facet normal 0 0 -1
    outer loop
      vertex -12.8548 -13.9023 0
      vertex -11.2473 -15.2321 0
      vertex -11.4915 -15.3785 0
    endloop
  endfacet
  facet normal -0 0 -1
    outer loop
      vertex -10.3775 14.5631 0
      vertex -12.3606 12.9225 0
      vertex -10.5758 14.7447 0
    endloop
  endfacet
  facet normal 0 0 -1
    outer loop
      vertex -12.9528 -14.1696 0
      vertex -11.4915 -15.3785 0
      vertex -11.7444 -15.5174 0
    endloop
  endfacet
  facet normal 0 0 -1
    outer loop
      vertex -12.5018 13.1514 0
      vertex -10.5758 14.7447 0
      vertex -12.3606 12.9225 0
    endloop
  endfacet
  facet normal -0 0 -1
    outer loop
      vertex -10.5758 14.7447 0
      vertex -12.5018 13.1514 0
      vertex -10.7883 14.9159 0
    endloop
  endfacet
  facet normal 0 0 -1
    outer loop
      vertex -13.0419 -14.444 0
      vertex -11.7444 -15.5174 0
      vertex -12.0056 -15.6491 0
    endloop
  endfacet
  facet normal 0 0 -1
    outer loop
      vertex -10.2003 -14.3663 0
      vertex -12.2005 -12.7116 0
      vertex -11.7521 -12.1013 0
    endloop
  endfacet
  facet normal 0 0 -1
    outer loop
      vertex -13.1223 -14.7253 0
      vertex -12.0056 -15.6491 0
      vertex -12.2746 -15.7737 0
    endloop
  endfacet
  facet normal 0 0 -1
    outer loop
      vertex -10.3775 -14.5631 0
      vertex -12.3606 -12.9225 0
      vertex -12.2005 -12.7116 0
    endloop
  endfacet
  facet normal 0 0 -1
    outer loop
      vertex -10.5758 -14.7447 0
      vertex -12.5018 -13.1514 0
      vertex -12.3606 -12.9225 0
    endloop
  endfacet
  facet normal 0 0 -1
    outer loop
      vertex -13.1943 -15.0129 0
      vertex -12.2746 -15.7737 0
      vertex -12.551 -15.8913 0
    endloop
  endfacet
  facet normal 0 0 -1
    outer loop
      vertex -10.7883 -14.9159 0
      vertex -12.6301 -13.3922 0
      vertex -12.5018 -13.1514 0
    endloop
  endfacet
  facet normal 0 0 -1
    outer loop
      vertex -11.0126 -15.0781 0
      vertex -12.7475 -13.6429 0
      vertex -12.6301 -13.3922 0
    endloop
  endfacet
  facet normal 0 0 -1
    outer loop
      vertex -11.2473 -15.2321 0
      vertex -12.8548 -13.9023 0
      vertex -12.7475 -13.6429 0
    endloop
  endfacet
  facet normal 0 0 -1
    outer loop
      vertex -11.4915 -15.3785 0
      vertex -12.9528 -14.1696 0
      vertex -12.8548 -13.9023 0
    endloop
  endfacet
  facet normal 0 0 -1
    outer loop
      vertex -11.7444 -15.5174 0
      vertex -13.0419 -14.444 0
      vertex -12.9528 -14.1696 0
    endloop
  endfacet
  facet normal 0 0 -1
    outer loop
      vertex -12.0056 -15.6491 0
      vertex -13.1223 -14.7253 0
      vertex -13.0419 -14.444 0
    endloop
  endfacet
  facet normal 0 0 -1
    outer loop
      vertex -12.2746 -15.7737 0
      vertex -13.1943 -15.0129 0
      vertex -13.1223 -14.7253 0
    endloop
  endfacet
  facet normal 0 -0 -1
    outer loop
      vertex -13.1943 -15.0129 0
      vertex -12.551 -15.8913 0
      vertex -13.258 -15.3064 0
    endloop
  endfacet
  facet normal -0 0 -1
    outer loop
      vertex -1.44448 -2.16182 0
      vertex -9.68355 -13.8101 0
      vertex -1.83848 -1.83848 0
    endloop
  endfacet
  facet normal 0 0 -1
    outer loop
      vertex -11.7521 -12.1013 0
      vertex -1.83848 -1.83848 0
      vertex -9.68355 -13.8101 0
    endloop
  endfacet
  facet normal 0 -0 -1
    outer loop
      vertex -5.42429 15.9794 0
      vertex -2.6 0 0
      vertex -5.94447 15.7836 0
    endloop
  endfacet
  facet normal 0 0 -1
    outer loop
      vertex -2.6 0 0
      vertex -5.42429 15.9794 0
      vertex -4.46899 16.2692 0
    endloop
  endfacet
  facet normal 0 0 -1
    outer loop
      vertex -8.37494 -14.6476 0
      vertex -5.94447 -15.7836 0
      vertex -6.30705 -16.4517 0
    endloop
  endfacet
  facet normal 0 0 -1
    outer loop
      vertex -11.9324 -11.9324 0
      vertex -1.83848 -1.83848 0
      vertex -11.7521 -12.1013 0
    endloop
  endfacet
  facet normal 0 0 -1
    outer loop
      vertex -8.65596 -15.3464 0
      vertex -6.30705 -16.4517 0
      vertex -6.42975 -16.6864 0
    endloop
  endfacet
  facet normal 0 0 -1
    outer loop
      vertex -2.6 0 0
      vertex -8.37494 14.6476 0
      vertex -5.94447 15.7836 0
    endloop
  endfacet
  facet normal 0 0 -1
    outer loop
      vertex -8.75859 -15.5905 0
      vertex -6.42975 -16.6864 0
      vertex -6.57668 -16.9116 0
    endloop
  endfacet
  facet normal -0 0 -1
    outer loop
      vertex -5.94447 15.7836 0
      vertex -8.37494 14.6476 0
      vertex -6.30705 16.4517 0
    endloop
  endfacet
  facet normal 0 0 -1
    outer loop
      vertex -8.83847 -15.8473 0
      vertex -6.57668 -16.9116 0
      vertex -6.73994 -17.1302 0
    endloop
  endfacet
  facet normal 0 0 -1
    outer loop
      vertex -8.65596 15.3464 0
      vertex -6.30705 16.4517 0
      vertex -8.37494 14.6476 0
    endloop
  endfacet
  facet normal 0 0 -1
    outer loop
      vertex -8.90285 -16.1124 0
      vertex -6.73994 -17.1302 0
      vertex -6.91684 -17.3431 0
    endloop
  endfacet
  facet normal -0 0 -1
    outer loop
      vertex -6.30705 16.4517 0
      vertex -8.65596 15.3464 0
      vertex -6.42975 16.6864 0
    endloop
  endfacet
  facet normal 0 0 -1
    outer loop
      vertex -8.95412 -16.3844 0
      vertex -6.91684 -17.3431 0
      vertex -7.10587 -17.5507 0
    endloop
  endfacet
  facet normal 0 0 -1
    outer loop
      vertex -8.75859 15.5905 0
      vertex -6.42975 16.6864 0
      vertex -8.65596 15.3464 0
    endloop
  endfacet
  facet normal 0 0 -1
    outer loop
      vertex -8.99356 -16.6624 0
      vertex -7.10587 -17.5507 0
      vertex -7.30597 -17.7531 0
    endloop
  endfacet
  facet normal -0 0 -1
    outer loop
      vertex -6.42975 16.6864 0
      vertex -8.75859 15.5905 0
      vertex -6.57668 16.9116 0
    endloop
  endfacet
  facet normal 0 0 -1
    outer loop
      vertex -9.02202 -16.9456 0
      vertex -7.30597 -17.7531 0
      vertex -7.5164 -17.9506 0
    endloop
  endfacet
  facet normal 0 0 -1
    outer loop
      vertex -8.83847 15.8473 0
      vertex -6.57668 16.9116 0
      vertex -8.75859 15.5905 0
    endloop
  endfacet
  facet normal 0 0 -1
    outer loop
      vertex -9.04004 -17.2336 0
      vertex -7.5164 -17.9506 0
      vertex -7.73662 -18.1432 0
    endloop
  endfacet
  facet normal -0 0 -1
    outer loop
      vertex -6.57668 16.9116 0
      vertex -8.83847 15.8473 0
      vertex -6.73994 17.1302 0
    endloop
  endfacet
  facet normal 0 0 -1
    outer loop
      vertex -9.04803 -17.5261 0
      vertex -7.73662 -18.1432 0
      vertex -7.96617 -18.3307 0
    endloop
  endfacet
  facet normal 0 0 -1
    outer loop
      vertex -8.90285 16.1124 0
      vertex -6.73994 17.1302 0
      vertex -8.83847 15.8473 0
    endloop
  endfacet
  facet normal 0 0 -1
    outer loop
      vertex -9.04625 -17.8225 0
      vertex -7.96617 -18.3307 0
      vertex -8.20465 -18.5134 0
    endloop
  endfacet
  facet normal -0 0 -1
    outer loop
      vertex -6.73994 17.1302 0
      vertex -8.90285 16.1124 0
      vertex -6.91684 17.3431 0
    endloop
  endfacet
  facet normal 0 0 -1
    outer loop
      vertex -8.95412 16.3844 0
      vertex -6.91684 17.3431 0
      vertex -8.90285 16.1124 0
    endloop
  endfacet
  facet normal 0 0 -1
    outer loop
      vertex -6.30705 -16.4517 0
      vertex -8.65596 -15.3464 0
      vertex -8.37494 -14.6476 0
    endloop
  endfacet
  facet normal 0 0 -1
    outer loop
      vertex -6.42975 -16.6864 0
      vertex -8.75859 -15.5905 0
      vertex -8.65596 -15.3464 0
    endloop
  endfacet
  facet normal 0 0 -1
    outer loop
      vertex -6.57668 -16.9116 0
      vertex -8.83847 -15.8473 0
      vertex -8.75859 -15.5905 0
    endloop
  endfacet
  facet normal 0 0 -1
    outer loop
      vertex -6.73994 -17.1302 0
      vertex -8.90285 -16.1124 0
      vertex -8.83847 -15.8473 0
    endloop
  endfacet
  facet normal 0 0 -1
    outer loop
      vertex -6.91684 -17.3431 0
      vertex -8.95412 -16.3844 0
      vertex -8.90285 -16.1124 0
    endloop
  endfacet
  facet normal 0 0 -1
    outer loop
      vertex -7.10587 -17.5507 0
      vertex -8.99356 -16.6624 0
      vertex -8.95412 -16.3844 0
    endloop
  endfacet
  facet normal 0 0 -1
    outer loop
      vertex -7.30597 -17.7531 0
      vertex -9.02202 -16.9456 0
      vertex -8.99356 -16.6624 0
    endloop
  endfacet
  facet normal 0 0 -1
    outer loop
      vertex -9.04625 -17.8225 0
      vertex -8.20465 -18.5134 0
      vertex -9.03496 -18.1227 0
    endloop
  endfacet
  facet normal 0 0 -1
    outer loop
      vertex -7.5164 -17.9506 0
      vertex -9.04004 -17.2336 0
      vertex -9.02202 -16.9456 0
    endloop
  endfacet
  facet normal 0 0 -1
    outer loop
      vertex -7.96617 -18.3307 0
      vertex -9.04625 -17.8225 0
      vertex -9.04803 -17.5261 0
    endloop
  endfacet
  facet normal 0 0 -1
    outer loop
      vertex -7.73662 -18.1432 0
      vertex -9.04803 -17.5261 0
      vertex -9.04004 -17.2336 0
    endloop
  endfacet
  facet normal 0 0 -1
    outer loop
      vertex -4.61974 17.5474 0
      vertex -2.16431 18.0158 0
      vertex -4.60622 17.2789 0
    endloop
  endfacet
  facet normal -0 0 -1
    outer loop
      vertex -2.16431 18.0158 0
      vertex -4.61974 17.5474 0
      vertex -2.26808 18.2682 0
    endloop
  endfacet
  facet normal 0 0 -1
    outer loop
      vertex -2.38649 18.5184 0
      vertex -4.4702 18.9404 0
      vertex -4.40521 19.2256 0
    endloop
  endfacet
  facet normal 0 0 -1
    outer loop
      vertex -2.38649 18.5184 0
      vertex -4.52437 18.6569 0
      vertex -4.4702 18.9404 0
    endloop
  endfacet
  facet normal -0 0 -1
    outer loop
      vertex -2.38649 18.5184 0
      vertex -4.56725 18.3755 0
      vertex -4.52437 18.6569 0
    endloop
  endfacet
  facet normal 0 0 -1
    outer loop
      vertex -2.38649 18.5184 0
      vertex -4.59816 18.0965 0
      vertex -4.56725 18.3755 0
    endloop
  endfacet
  facet normal 0 -0 -1
    outer loop
      vertex -4.61615 17.8203 0
      vertex -2.26808 18.2682 0
      vertex -4.61974 17.5474 0
    endloop
  endfacet
  facet normal 0 0 -1
    outer loop
      vertex -2.38649 18.5184 0
      vertex -4.61615 17.8203 0
      vertex -4.59816 18.0965 0
    endloop
  endfacet
  facet normal -0 0 -1
    outer loop
      vertex -2.26808 18.2682 0
      vertex -4.61615 17.8203 0
      vertex -2.38649 18.5184 0
    endloop
  endfacet
  facet normal -0 0 -1
    outer loop
      vertex -6.91684 17.3431 0
      vertex -8.95412 16.3844 0
      vertex -7.10587 17.5507 0
    endloop
  endfacet
  facet normal 0 0 -1
    outer loop
      vertex -8.99356 16.6624 0
      vertex -7.10587 17.5507 0
      vertex -8.95412 16.3844 0
    endloop
  endfacet
  facet normal -0 0 -1
    outer loop
      vertex -7.10587 17.5507 0
      vertex -8.99356 16.6624 0
      vertex -7.30597 17.7531 0
    endloop
  endfacet
  facet normal 0 0 -1
    outer loop
      vertex -9.02202 16.9456 0
      vertex -7.30597 17.7531 0
      vertex -8.99356 16.6624 0
    endloop
  endfacet
  facet normal -0 0 -1
    outer loop
      vertex -7.30597 17.7531 0
      vertex -9.02202 16.9456 0
      vertex -7.5164 17.9506 0
    endloop
  endfacet
  facet normal 0 0 -1
    outer loop
      vertex -9.04004 17.2336 0
      vertex -7.5164 17.9506 0
      vertex -9.02202 16.9456 0
    endloop
  endfacet
  facet normal -0 0 -1
    outer loop
      vertex -7.5164 17.9506 0
      vertex -9.04004 17.2336 0
      vertex -7.73662 18.1432 0
    endloop
  endfacet
  facet normal 0 0 -1
    outer loop
      vertex -9.04803 17.5261 0
      vertex -7.73662 18.1432 0
      vertex -9.04004 17.2336 0
    endloop
  endfacet
  facet normal -0 0 -1
    outer loop
      vertex -7.73662 18.1432 0
      vertex -9.04803 17.5261 0
      vertex -7.96617 18.3307 0
    endloop
  endfacet
  facet normal 0 -0 -1
    outer loop
      vertex -9.04625 17.8225 0
      vertex -7.96617 18.3307 0
      vertex -9.04803 17.5261 0
    endloop
  endfacet
  facet normal 0 0 -1
    outer loop
      vertex -8.20465 18.5134 0
      vertex -9.04625 17.8225 0
      vertex -9.03496 18.1227 0
    endloop
  endfacet
  facet normal -0 0 -1
    outer loop
      vertex -7.96617 18.3307 0
      vertex -9.04625 17.8225 0
      vertex -8.20465 18.5134 0
    endloop
  endfacet
  facet normal 0 0 -1
    outer loop
      vertex -12.6301 13.3922 0
      vertex -10.7883 14.9159 0
      vertex -12.5018 13.1514 0
    endloop
  endfacet
  facet normal -0 0 -1
    outer loop
      vertex -10.7883 14.9159 0
      vertex -12.6301 13.3922 0
      vertex -11.0126 15.0781 0
    endloop
  endfacet
  facet normal 0 0 -1
    outer loop
      vertex -12.7475 13.6429 0
      vertex -11.0126 15.0781 0
      vertex -12.6301 13.3922 0
    endloop
  endfacet
  facet normal -0 0 -1
    outer loop
      vertex -11.0126 15.0781 0
      vertex -12.7475 13.6429 0
      vertex -11.2473 15.2321 0
    endloop
  endfacet
  facet normal 0 0 -1
    outer loop
      vertex -12.8548 13.9023 0
      vertex -11.2473 15.2321 0
      vertex -12.7475 13.6429 0
    endloop
  endfacet
  facet normal -0 0 -1
    outer loop
      vertex -11.2473 15.2321 0
      vertex -12.8548 13.9023 0
      vertex -11.4915 15.3785 0
    endloop
  endfacet
  facet normal 0 0 -1
    outer loop
      vertex -12.9528 14.1696 0
      vertex -11.4915 15.3785 0
      vertex -12.8548 13.9023 0
    endloop
  endfacet
  facet normal -0 0 -1
    outer loop
      vertex -11.4915 15.3785 0
      vertex -12.9528 14.1696 0
      vertex -11.7444 15.5174 0
    endloop
  endfacet
  facet normal 0 0 -1
    outer loop
      vertex -13.0419 14.444 0
      vertex -11.7444 15.5174 0
      vertex -12.9528 14.1696 0
    endloop
  endfacet
  facet normal -0 0 -1
    outer loop
      vertex -11.7444 15.5174 0
      vertex -13.0419 14.444 0
      vertex -12.0056 15.6491 0
    endloop
  endfacet
  facet normal 0 0 -1
    outer loop
      vertex -13.1223 14.7253 0
      vertex -12.0056 15.6491 0
      vertex -13.0419 14.444 0
    endloop
  endfacet
  facet normal -0 0 -1
    outer loop
      vertex -12.0056 15.6491 0
      vertex -13.1223 14.7253 0
      vertex -12.2746 15.7737 0
    endloop
  endfacet
  facet normal 0 0 -1
    outer loop
      vertex -13.1943 15.0129 0
      vertex -12.2746 15.7737 0
      vertex -13.1223 14.7253 0
    endloop
  endfacet
  facet normal -0 0 -1
    outer loop
      vertex -12.2746 15.7737 0
      vertex -13.1943 15.0129 0
      vertex -12.551 15.8913 0
    endloop
  endfacet
  facet normal 0 0 -1
    outer loop
      vertex -12.551 15.8913 0
      vertex -13.1943 15.0129 0
      vertex -13.258 15.3064 0
    endloop
  endfacet
  facet normal 0 0 -1
    outer loop
      vertex -15.186 9.44257 0
      vertex -13.6732 11.5248 0
      vertex -14.9785 9.27808 0
    endloop
  endfacet
  facet normal -0 0 -1
    outer loop
      vertex -13.6732 11.5248 0
      vertex -15.186 9.44257 0
      vertex -13.9104 11.6514 0
    endloop
  endfacet
  facet normal 0 0 -1
    outer loop
      vertex -15.3797 9.6291 0
      vertex -13.9104 11.6514 0
      vertex -15.186 9.44257 0
    endloop
  endfacet
  facet normal -0 0 -1
    outer loop
      vertex -13.9104 11.6514 0
      vertex -15.3797 9.6291 0
      vertex -14.1588 11.7643 0
    endloop
  endfacet
  facet normal 0 0 -1
    outer loop
      vertex -15.5638 9.83044 0
      vertex -14.1588 11.7643 0
      vertex -15.3797 9.6291 0
    endloop
  endfacet
  facet normal -0 0 -1
    outer loop
      vertex -14.1588 11.7643 0
      vertex -15.5638 9.83044 0
      vertex -14.4164 11.8656 0
    endloop
  endfacet
  facet normal 0 0 -1
    outer loop
      vertex -15.7398 10.0441 0
      vertex -14.4164 11.8656 0
      vertex -15.5638 9.83044 0
    endloop
  endfacet
  facet normal -0 0 -1
    outer loop
      vertex -14.4164 11.8656 0
      vertex -15.7398 10.0441 0
      vertex -14.682 11.9565 0
    endloop
  endfacet
  facet normal 0 0 -1
    outer loop
      vertex -15.9083 10.2687 0
      vertex -14.682 11.9565 0
      vertex -15.7398 10.0441 0
    endloop
  endfacet
  facet normal -0 0 -1
    outer loop
      vertex -14.682 11.9565 0
      vertex -15.9083 10.2687 0
      vertex -14.9549 12.0375 0
    endloop
  endfacet
  facet normal 0 0 -1
    outer loop
      vertex -16.0697 10.5032 0
      vertex -14.9549 12.0375 0
      vertex -15.9083 10.2687 0
    endloop
  endfacet
  facet normal -0 0 -1
    outer loop
      vertex -14.9549 12.0375 0
      vertex -16.0697 10.5032 0
      vertex -15.2345 12.1092 0
    endloop
  endfacet
  facet normal 0 0 -1
    outer loop
      vertex -16.2242 10.7469 0
      vertex -15.2345 12.1092 0
      vertex -16.0697 10.5032 0
    endloop
  endfacet
  facet normal -0 0 -1
    outer loop
      vertex -15.2345 12.1092 0
      vertex -16.2242 10.7469 0
      vertex -15.5202 12.1718 0
    endloop
  endfacet
  facet normal 0 0 -1
    outer loop
      vertex -16.3721 10.9993 0
      vertex -15.5202 12.1718 0
      vertex -16.2242 10.7469 0
    endloop
  endfacet
  facet normal -0 0 -1
    outer loop
      vertex -15.5202 12.1718 0
      vertex -16.3721 10.9993 0
      vertex -15.8117 12.2256 0
    endloop
  endfacet
  facet normal 0 0 -1
    outer loop
      vertex -16.5134 11.2599 0
      vertex -15.8117 12.2256 0
      vertex -16.3721 10.9993 0
    endloop
  endfacet
  facet normal -0 0 -1
    outer loop
      vertex -15.8117 12.2256 0
      vertex -16.5134 11.2599 0
      vertex -16.1087 12.2708 0
    endloop
  endfacet
  facet normal 0 0 -1
    outer loop
      vertex -16.1087 12.2708 0
      vertex -16.5134 11.2599 0
      vertex -16.6481 11.5284 0
    endloop
  endfacet
  facet normal 0 0 -1
    outer loop
      vertex -16.8152 5.2616 0
      vertex -15.8596 7.67528 0
      vertex -16.1258 4.9417 0
    endloop
  endfacet
  facet normal -0 0 -1
    outer loop
      vertex -15.8596 7.67528 0
      vertex -16.8152 5.2616 0
      vertex -16.1097 7.76236 0
    endloop
  endfacet
  facet normal 0 0 -1
    outer loop
      vertex -17.0572 5.36931 0
      vertex -16.1097 7.76236 0
      vertex -16.8152 5.2616 0
    endloop
  endfacet
  facet normal -0 0 -1
    outer loop
      vertex -16.1097 7.76236 0
      vertex -17.0572 5.36931 0
      vertex -16.371 7.82596 0
    endloop
  endfacet
  facet normal 0 0 -1
    outer loop
      vertex -17.2912 5.5018 0
      vertex -16.371 7.82596 0
      vertex -17.0572 5.36931 0
    endloop
  endfacet
  facet normal -0 0 -1
    outer loop
      vertex -16.371 7.82596 0
      vertex -17.2912 5.5018 0
      vertex -16.6396 7.87357 0
    endloop
  endfacet
  facet normal 0 0 -1
    outer loop
      vertex -17.5196 5.65103 0
      vertex -16.6396 7.87357 0
      vertex -17.2912 5.5018 0
    endloop
  endfacet
  facet normal -0 0 -1
    outer loop
      vertex -16.6396 7.87357 0
      vertex -17.5196 5.65103 0
      vertex -16.9143 7.90765 0
    endloop
  endfacet
  facet normal 0 0 -1
    outer loop
      vertex -17.7432 5.81421 0
      vertex -16.9143 7.90765 0
      vertex -17.5196 5.65103 0
    endloop
  endfacet
  facet normal -0 0 -1
    outer loop
      vertex -16.9143 7.90765 0
      vertex -17.7432 5.81421 0
      vertex -17.1942 7.92957 0
    endloop
  endfacet
  facet normal 0 0 -1
    outer loop
      vertex -17.9622 5.98984 0
      vertex -17.1942 7.92957 0
      vertex -17.7432 5.81421 0
    endloop
  endfacet
  facet normal -0 0 -1
    outer loop
      vertex -17.1942 7.92957 0
      vertex -17.9622 5.98984 0
      vertex -17.4787 7.94019 0
    endloop
  endfacet
  facet normal 0 0 -1
    outer loop
      vertex -18.1768 6.17682 0
      vertex -17.4787 7.94019 0
      vertex -17.9622 5.98984 0
    endloop
  endfacet
  facet normal 0 0 -1
    outer loop
      vertex -17.4787 7.94019 0
      vertex -18.1768 6.17682 0
      vertex -17.7673 7.94009 0
    endloop
  endfacet
  facet normal 0 0 -1
    outer loop
      vertex -18.3871 6.37444 0
      vertex -17.7673 7.94009 0
      vertex -18.1768 6.17682 0
    endloop
  endfacet
  facet normal 0 0 -1
    outer loop
      vertex -17.7673 7.94009 0
      vertex -18.3871 6.37444 0
      vertex -18.0596 7.9297 0
    endloop
  endfacet
  facet normal 0 0 -1
    outer loop
      vertex -18.5931 6.58214 0
      vertex -18.0596 7.9297 0
      vertex -18.3871 6.37444 0
    endloop
  endfacet
  facet normal 0 0 -1
    outer loop
      vertex -18.0596 7.9297 0
      vertex -18.5931 6.58214 0
      vertex -18.3553 7.90932 0
    endloop
  endfacet
  facet normal 0 0 -1
    outer loop
      vertex -18.7948 6.79945 0
      vertex -18.3553 7.90932 0
      vertex -18.5931 6.58214 0
    endloop
  endfacet
  facet normal 0 0 -1
    outer loop
      vertex -18.3553 7.90932 0
      vertex -18.7948 6.79945 0
      vertex -18.6542 7.8792 0
    endloop
  endfacet
  facet normal 0 0 -1
    outer loop
      vertex -18.6542 7.8792 0
      vertex -18.7948 6.79945 0
      vertex -18.992 7.026 0
    endloop
  endfacet
  facet normal 0 0 -1
    outer loop
      vertex -2.6 0 0
      vertex -16.8496 0.776382 0
      vertex -16.5166 3.43855 0
    endloop
  endfacet
  facet normal 0 0 -1
    outer loop
      vertex -16.8496 0.776382 0
      vertex -17.2701 3.49002 0
      vertex -16.5166 3.43855 0
    endloop
  endfacet
  facet normal 0 0 -1
    outer loop
      vertex -17.5955 0.91452 0
      vertex -17.2701 3.49002 0
      vertex -16.8496 0.776382 0
    endloop
  endfacet
  facet normal -0 0 -1
    outer loop
      vertex -17.2701 3.49002 0
      vertex -17.5955 0.91452 0
      vertex -17.534 3.51218 0
    endloop
  endfacet
  facet normal 0 0 -1
    outer loop
      vertex -17.8566 0.958679 0
      vertex -17.534 3.51218 0
      vertex -17.5955 0.91452 0
    endloop
  endfacet
  facet normal 0 0 -1
    outer loop
      vertex -17.534 3.51218 0
      vertex -17.8566 0.958679 0
      vertex -17.8029 3.5088 0
    endloop
  endfacet
  facet normal 0 0 -1
    outer loop
      vertex -18.1162 1.02882 0
      vertex -17.8029 3.5088 0
      vertex -17.8566 0.958679 0
    endloop
  endfacet
  facet normal 0 0 -1
    outer loop
      vertex -17.8029 3.5088 0
      vertex -18.1162 1.02882 0
      vertex -18.075 3.4881 0
    endloop
  endfacet
  facet normal 0 0 -1
    outer loop
      vertex -18.3746 1.11653 0
      vertex -18.075 3.4881 0
      vertex -18.1162 1.02882 0
    endloop
  endfacet
  facet normal 0 0 -1
    outer loop
      vertex -18.075 3.4881 0
      vertex -18.3746 1.11653 0
      vertex -18.3495 3.4528 0
    endloop
  endfacet
  facet normal 0 0 -1
    outer loop
      vertex -18.6317 1.21899 0
      vertex -18.3495 3.4528 0
      vertex -18.3746 1.11653 0
    endloop
  endfacet
  facet normal 0 0 -1
    outer loop
      vertex -18.3495 3.4528 0
      vertex -18.6317 1.21899 0
      vertex -18.626 3.40442 0
    endloop
  endfacet
  facet normal 0 0 -1
    outer loop
      vertex -18.8875 1.33463 0
      vertex -18.626 3.40442 0
      vertex -18.6317 1.21899 0
    endloop
  endfacet
  facet normal 0 0 -1
    outer loop
      vertex -18.8875 1.33463 0
      vertex -18.9042 3.34396 0
      vertex -18.626 3.40442 0
    endloop
  endfacet
  facet normal 0 0 -1
    outer loop
      vertex -19.1419 1.46237 0
      vertex -18.9042 3.34396 0
      vertex -18.8875 1.33463 0
    endloop
  endfacet
  facet normal 0 0 -1
    outer loop
      vertex -19.1419 1.46237 0
      vertex -19.1837 3.27209 0
      vertex -18.9042 3.34396 0
    endloop
  endfacet
  facet normal 0 0 -1
    outer loop
      vertex -19.3947 1.60147 0
      vertex -19.1837 3.27209 0
      vertex -19.1419 1.46237 0
    endloop
  endfacet
  facet normal 0 0 -1
    outer loop
      vertex -19.3947 1.60147 0
      vertex -19.4643 3.18933 0
      vertex -19.1837 3.27209 0
    endloop
  endfacet
  facet normal 0 0 -1
    outer loop
      vertex -19.6459 1.75142 0
      vertex -19.4643 3.18933 0
      vertex -19.3947 1.60147 0
    endloop
  endfacet
  facet normal 0 0 -1
    outer loop
      vertex -19.6459 1.75142 0
      vertex -19.7457 3.09604 0
      vertex -19.4643 3.18933 0
    endloop
  endfacet
  facet normal 0 0 -1
    outer loop
      vertex -19.8953 1.91176 0
      vertex -19.7457 3.09604 0
      vertex -19.6459 1.75142 0
    endloop
  endfacet
  facet normal 0 0 -1
    outer loop
      vertex -19.8953 1.91176 0
      vertex -20.0276 2.99254 0
      vertex -19.7457 3.09604 0
    endloop
  endfacet
  facet normal 0 -0 -1
    outer loop
      vertex -20.0276 2.99254 0
      vertex -19.8953 1.91176 0
      vertex -20.1427 2.08214 0
    endloop
  endfacet
  facet normal 0 0 -1
    outer loop
      vertex 2.40428 17.7199 0
      vertex -0.164413 17.8815 0
      vertex 2.38402 17.9881 0
    endloop
  endfacet
  facet normal 0 -0 -1
    outer loop
      vertex -0.110718 18.145 0
      vertex 2.38402 17.9881 0
      vertex -0.164413 17.8815 0
    endloop
  endfacet
  facet normal 0 -0 -1
    outer loop
      vertex -0.0393982 18.4084 0
      vertex 2.34628 18.2583 0
      vertex -0.110718 18.145 0
    endloop
  endfacet
  facet normal 0 0 -1
    outer loop
      vertex 2.34628 18.2583 0
      vertex -0.0393982 18.4084 0
      vertex 2.29381 18.5301 0
    endloop
  endfacet
  facet normal 0 -0 -1
    outer loop
      vertex 0.0466919 18.6715 0
      vertex 2.29381 18.5301 0
      vertex -0.0393982 18.4084 0
    endloop
  endfacet
  facet normal 0 0 -1
    outer loop
      vertex 2.38402 17.9881 0
      vertex -0.110718 18.145 0
      vertex 2.34628 18.2583 0
    endloop
  endfacet
  facet normal 0 -0 -1
    outer loop
      vertex -0.164413 17.8815 0
      vertex 2.39873 17.4552 0
      vertex -0.192108 17.6182 0
    endloop
  endfacet
  facet normal 0 0 -1
    outer loop
      vertex 2.29381 18.5301 0
      vertex 0.0466919 18.6715 0
      vertex 2.22816 18.803 0
    endloop
  endfacet
  facet normal 0 -0 -1
    outer loop
      vertex 0.146042 18.934 0
      vertex 2.22816 18.803 0
      vertex 0.0466919 18.6715 0
    endloop
  endfacet
  facet normal -0 0 -1
    outer loop
      vertex 1.72908 20.176 0
      vertex 0.658752 19.976 0
      vertex 0.813263 20.2336 0
    endloop
  endfacet
  facet normal 0 0 -1
    outer loop
      vertex 0 2.6 0
      vertex 2.39467 16.6989 0
      vertex 0.507235 2.55004 0
    endloop
  endfacet
  facet normal 0 -0 -1
    outer loop
      vertex 0.257553 19.196 0
      vertex 2.15036 19.0769 0
      vertex 0.146042 18.934 0
    endloop
  endfacet
  facet normal 0 0 -1
    outer loop
      vertex 1.8501 19.9011 0
      vertex 0.658752 19.976 0
      vertex 1.72908 20.176 0
    endloop
  endfacet
  facet normal 0 -0 -1
    outer loop
      vertex 0.658752 19.976 0
      vertex 1.8501 19.9011 0
      vertex 0.514389 19.7171 0
    endloop
  endfacet
  facet normal 0 0 -1
    outer loop
      vertex 1.96086 19.6261 0
      vertex 0.514389 19.7171 0
      vertex 1.8501 19.9011 0
    endloop
  endfacet
  facet normal -0 0 -1
    outer loop
      vertex 2.39467 16.6989 0
      vertex 0 2.6 0
      vertex -0.283051 16.8657 0
    endloop
  endfacet
  facet normal 0 -0 -1
    outer loop
      vertex 0.514389 19.7171 0
      vertex 1.96086 19.6261 0
      vertex 0.380508 19.457 0
    endloop
  endfacet
  facet normal 0 0 -1
    outer loop
      vertex 2.06108 19.3513 0
      vertex 0.380508 19.457 0
      vertex 1.96086 19.6261 0
    endloop
  endfacet
  facet normal 0 -0 -1
    outer loop
      vertex 0.380508 19.457 0
      vertex 2.06108 19.3513 0
      vertex 0.257553 19.196 0
    endloop
  endfacet
  facet normal 0 0 -1
    outer loop
      vertex 2.22816 18.803 0
      vertex 0.146042 18.934 0
      vertex 2.15036 19.0769 0
    endloop
  endfacet
  facet normal 0 0 -1
    outer loop
      vertex 2.15036 19.0769 0
      vertex 0.257553 19.196 0
      vertex 2.06108 19.3513 0
    endloop
  endfacet
  facet normal 0 0 -1
    outer loop
      vertex -1.8327 16.7671 0
      vertex 0 2.6 0
      vertex -0.507235 2.55004 0
    endloop
  endfacet
  facet normal 0 0 -1
    outer loop
      vertex -4.46899 16.2692 0
      vertex -0.507235 2.55004 0
      vertex -0.994976 2.40209 0
    endloop
  endfacet
  facet normal 0 0 -1
    outer loop
      vertex 0 2.6 0
      vertex -1.10367 16.8389 0
      vertex -0.283051 16.8657 0
    endloop
  endfacet
  facet normal 0 0 -1
    outer loop
      vertex -4.46899 16.2692 0
      vertex -0.994976 2.40209 0
      vertex -1.44448 2.16182 0
    endloop
  endfacet
  facet normal 0 0 -1
    outer loop
      vertex 0 2.6 0
      vertex -1.8327 16.7671 0
      vertex -1.10367 16.8389 0
    endloop
  endfacet
  facet normal 0 0 -1
    outer loop
      vertex -4.46899 16.2692 0
      vertex -1.44448 2.16182 0
      vertex -1.83848 1.83848 0
    endloop
  endfacet
  facet normal 0 0 -1
    outer loop
      vertex -0.507235 2.55004 0
      vertex -4.46899 16.2692 0
      vertex -1.8327 16.7671 0
    endloop
  endfacet
  facet normal 0 0 -1
    outer loop
      vertex -4.46899 16.2692 0
      vertex -2.01753 17.5033 0
      vertex -1.8327 16.7671 0
    endloop
  endfacet
  facet normal 0 0 -1
    outer loop
      vertex -4.46899 16.2692 0
      vertex -1.83848 1.83848 0
      vertex -2.16182 1.44448 0
    endloop
  endfacet
  facet normal 0 0 -1
    outer loop
      vertex -4.56754 17.0169 0
      vertex -2.01753 17.5033 0
      vertex -4.46899 16.2692 0
    endloop
  endfacet
  facet normal -0 0 -1
    outer loop
      vertex -2.01753 17.5033 0
      vertex -4.56754 17.0169 0
      vertex -2.07802 17.7612 0
    endloop
  endfacet
  facet normal 0 0 -1
    outer loop
      vertex -4.60622 17.2789 0
      vertex -2.07802 17.7612 0
      vertex -4.56754 17.0169 0
    endloop
  endfacet
  facet normal 0 0 -1
    outer loop
      vertex -4.46899 16.2692 0
      vertex -2.16182 1.44448 0
      vertex -2.40209 0.994976 0
    endloop
  endfacet
  facet normal -0 0 -1
    outer loop
      vertex -2.07802 17.7612 0
      vertex -4.60622 17.2789 0
      vertex -2.16431 18.0158 0
    endloop
  endfacet
  facet normal 0 0 -1
    outer loop
      vertex -4.46899 16.2692 0
      vertex -2.40209 0.994976 0
      vertex -2.55004 0.507235 0
    endloop
  endfacet
  facet normal 0 0 -1
    outer loop
      vertex -4.46899 16.2692 0
      vertex -2.55004 0.507235 0
      vertex -2.6 0 0
    endloop
  endfacet
  facet normal 0 0 -1
    outer loop
      vertex -2.38649 18.5184 0
      vertex -4.40521 19.2256 0
      vertex -2.51794 18.7664 0
    endloop
  endfacet
  facet normal 0 0 -1
    outer loop
      vertex -9.37524 -14.031 0
      vertex -1.44448 -2.16182 0
      vertex -8.4375 -14.6142 0
    endloop
  endfacet
  facet normal 0 0 -1
    outer loop
      vertex -4.52437 -18.6569 0
      vertex -2.66141 -19.0123 0
      vertex -2.81613 -19.2559 0
    endloop
  endfacet
  facet normal 0 0 -1
    outer loop
      vertex -9.68355 -13.8101 0
      vertex -1.44448 -2.16182 0
      vertex -9.37524 -14.031 0
    endloop
  endfacet
  facet normal 0 0 -1
    outer loop
      vertex -4.4702 -18.9404 0
      vertex -2.81613 -19.2559 0
      vertex -2.98154 -19.4972 0
    endloop
  endfacet
  facet normal 0 0 -1
    outer loop
      vertex -2.51794 18.7664 0
      vertex -4.40521 19.2256 0
      vertex -2.66141 19.0123 0
    endloop
  endfacet
  facet normal 0 0 -1
    outer loop
      vertex -4.40521 -19.2256 0
      vertex -2.98154 -19.4972 0
      vertex -3.15723 -19.736 0
    endloop
  endfacet
  facet normal 0 0 -1
    outer loop
      vertex -2.66141 19.0123 0
      vertex -4.40521 19.2256 0
      vertex -2.81613 19.2559 0
    endloop
  endfacet
  facet normal 0 0 -1
    outer loop
      vertex -4.32977 -19.5123 0
      vertex -3.15723 -19.736 0
      vertex -3.3428 -19.9722 0
    endloop
  endfacet
  facet normal -0 0 -1
    outer loop
      vertex -2.81613 19.2559 0
      vertex -4.40521 19.2256 0
      vertex -2.98154 19.4972 0
    endloop
  endfacet
  facet normal 0 0 -1
    outer loop
      vertex -4.32977 -19.5123 0
      vertex -3.3428 -19.9722 0
      vertex -4.24417 -19.8002 0
    endloop
  endfacet
  facet normal -0 0 -1
    outer loop
      vertex -2.98154 19.4972 0
      vertex -4.40521 19.2256 0
      vertex -3.15723 19.736 0
    endloop
  endfacet
  facet normal 0 0 -1
    outer loop
      vertex -3.15723 -19.736 0
      vertex -4.32977 -19.5123 0
      vertex -4.40521 -19.2256 0
    endloop
  endfacet
  facet normal 0 -0 -1
    outer loop
      vertex -4.32977 19.5123 0
      vertex -3.15723 19.736 0
      vertex -4.40521 19.2256 0
    endloop
  endfacet
  facet normal 0 0 -1
    outer loop
      vertex -2.98154 -19.4972 0
      vertex -4.40521 -19.2256 0
      vertex -4.4702 -18.9404 0
    endloop
  endfacet
  facet normal -0 0 -1
    outer loop
      vertex -3.15723 19.736 0
      vertex -4.32977 19.5123 0
      vertex -3.3428 19.9722 0
    endloop
  endfacet
  facet normal 0 0 -1
    outer loop
      vertex -3.3428 19.9722 0
      vertex -4.32977 19.5123 0
      vertex -4.24417 19.8002 0
    endloop
  endfacet
  facet normal 0 0 -1
    outer loop
      vertex -2.81613 -19.2559 0
      vertex -4.4702 -18.9404 0
      vertex -4.52437 -18.6569 0
    endloop
  endfacet
  facet normal 0 0 -1
    outer loop
      vertex -2.66141 -19.0123 0
      vertex -4.52437 -18.6569 0
      vertex -4.56725 -18.3755 0
    endloop
  endfacet
  facet normal 0 0 -1
    outer loop
      vertex -2.51794 -18.7664 0
      vertex -4.56725 -18.3755 0
      vertex -4.59816 -18.0965 0
    endloop
  endfacet
  facet normal 0 0 -1
    outer loop
      vertex -2.01753 -17.5033 0
      vertex -4.56754 -17.0169 0
      vertex -4.46899 -16.2692 0
    endloop
  endfacet
  facet normal 0 0 -1
    outer loop
      vertex -2.38649 -18.5184 0
      vertex -4.59816 -18.0965 0
      vertex -4.61615 -17.8203 0
    endloop
  endfacet
  facet normal 0 0 -1
    outer loop
      vertex -2.26808 -18.2682 0
      vertex -4.61615 -17.8203 0
      vertex -4.61974 -17.5474 0
    endloop
  endfacet
  facet normal 0 0 -1
    outer loop
      vertex -2.16431 -18.0158 0
      vertex -4.61974 -17.5474 0
      vertex -4.60622 -17.2789 0
    endloop
  endfacet
  facet normal 0 0 -1
    outer loop
      vertex -2.07802 -17.7612 0
      vertex -4.60622 -17.2789 0
      vertex -4.56754 -17.0169 0
    endloop
  endfacet
  facet normal 0 0 1
    outer loop
      vertex 2.39873 17.4552 6
      vertex -0.192108 17.6182 6
      vertex 2.39467 16.6989 6
    endloop
  endfacet
  facet normal 0 0 1
    outer loop
      vertex 2.40428 17.7199 6
      vertex -0.192108 17.6182 6
      vertex 2.39873 17.4552 6
    endloop
  endfacet
  facet normal 0 0 1
    outer loop
      vertex -0.192108 17.6182 6
      vertex 2.40428 17.7199 6
      vertex 2.38402 17.9881 6
    endloop
  endfacet
  facet normal 0 0 1
    outer loop
      vertex 4.85016 18.3029 6
      vertex 6.83429 17.6582 6
      vertex 6.82703 17.9428 6
    endloop
  endfacet
  facet normal 0 0 1
    outer loop
      vertex 6.83429 17.6582 6
      vertex 4.85016 18.3029 6
      vertex 6.82999 17.3775 6
    endloop
  endfacet
  facet normal 0 0 1
    outer loop
      vertex 5.0233 18.5288 6
      vertex 6.82703 17.9428 6
      vertex 6.80881 18.2308 6
    endloop
  endfacet
  facet normal -0 0 1
    outer loop
      vertex 4.68863 18.0732 6
      vertex 6.82999 17.3775 6
      vertex 4.85016 18.3029 6
    endloop
  endfacet
  facet normal 0 0 1
    outer loop
      vertex 5.20732 18.7511 6
      vertex 6.80881 18.2308 6
      vertex 6.78008 18.5219 6
    endloop
  endfacet
  facet normal 0 0 1
    outer loop
      vertex 5.40167 18.9698 6
      vertex 6.78008 18.5219 6
      vertex 6.74117 18.8158 6
    endloop
  endfacet
  facet normal 0 0 1
    outer loop
      vertex 6.82703 17.9428 6
      vertex 5.0233 18.5288 6
      vertex 4.85016 18.3029 6
    endloop
  endfacet
  facet normal 0 0 1
    outer loop
      vertex 5.6059 19.1846 6
      vertex 6.74117 18.8158 6
      vertex 6.69234 19.1122 6
    endloop
  endfacet
  facet normal 0 0 1
    outer loop
      vertex 6.80881 18.2308 6
      vertex 5.20732 18.7511 6
      vertex 5.0233 18.5288 6
    endloop
  endfacet
  facet normal -0 0 1
    outer loop
      vertex 4.53981 17.8399 6
      vertex 6.81322 17.1012 6
      vertex 4.68863 18.0732 6
    endloop
  endfacet
  facet normal 0 0 1
    outer loop
      vertex 6.74117 18.8158 6
      vertex 5.6059 19.1846 6
      vertex 5.40167 18.9698 6
    endloop
  endfacet
  facet normal -0 0 1
    outer loop
      vertex 5.6059 19.1846 6
      vertex 6.69234 19.1122 6
      vertex 5.81961 19.3957 6
    endloop
  endfacet
  facet normal 0 0 1
    outer loop
      vertex 10.2008 17.1878 6
      vertex 11.2087 16.5482 6
      vertex 11.2351 16.8474 6
    endloop
  endfacet
  facet normal 0 0 1
    outer loop
      vertex 11.2087 16.5482 6
      vertex 10.2008 17.1878 6
      vertex 11.1733 16.2538 6
    endloop
  endfacet
  facet normal -0 0 1
    outer loop
      vertex 9.94955 17.0304 6
      vertex 11.1733 16.2538 6
      vertex 10.2008 17.1878 6
    endloop
  endfacet
  facet normal -0 0 1
    outer loop
      vertex 9.70694 16.867 6
      vertex 11.1287 15.9647 6
      vertex 9.94955 17.0304 6
    endloop
  endfacet
  facet normal 0 0 1
    outer loop
      vertex 11.1287 15.9647 6
      vertex 9.70694 16.867 6
      vertex 11.0747 15.6812 6
    endloop
  endfacet
  facet normal -0 0 1
    outer loop
      vertex 9.47342 16.6975 6
      vertex 11.0747 15.6812 6
      vertex 9.70694 16.867 6
    endloop
  endfacet
  facet normal -0 0 1
    outer loop
      vertex 9.24951 16.5217 6
      vertex 11.011 15.4038 6
      vertex 9.47342 16.6975 6
    endloop
  endfacet
  facet normal 0 0 1
    outer loop
      vertex 11.011 15.4038 6
      vertex 9.24951 16.5217 6
      vertex 10.937 15.133 6
    endloop
  endfacet
  facet normal -0 0 1
    outer loop
      vertex 9.03596 16.3394 6
      vertex 10.937 15.133 6
      vertex 9.24951 16.5217 6
    endloop
  endfacet
  facet normal -0 0 1
    outer loop
      vertex 10.2008 17.1878 6
      vertex 11.2351 16.8474 6
      vertex 10.4603 17.3391 6
    endloop
  endfacet
  facet normal 0 0 1
    outer loop
      vertex 11.1733 16.2538 6
      vertex 9.94955 17.0304 6
      vertex 11.1287 15.9647 6
    endloop
  endfacet
  facet normal 0 0 1
    outer loop
      vertex 11.0747 15.6812 6
      vertex 9.47342 16.6975 6
      vertex 11.011 15.4038 6
    endloop
  endfacet
  facet normal -0 0 1
    outer loop
      vertex 8.83377 16.1504 6
      vertex 10.8521 14.8696 6
      vertex 9.03596 16.3394 6
    endloop
  endfacet
  facet normal 0 0 1
    outer loop
      vertex 10.937 15.133 6
      vertex 9.03596 16.3394 6
      vertex 10.8521 14.8696 6
    endloop
  endfacet
  facet normal 0 0 1
    outer loop
      vertex 14.1548 14.111 6
      vertex 14.9719 13.2408 6
      vertex 15.0719 13.524 6
    endloop
  endfacet
  facet normal 0 0 1
    outer loop
      vertex 14.9719 13.2408 6
      vertex 14.1548 14.111 6
      vertex 14.8644 12.9645 6
    endloop
  endfacet
  facet normal -0 0 1
    outer loop
      vertex 13.8723 14.021 6
      vertex 14.8644 12.9645 6
      vertex 14.1548 14.111 6
    endloop
  endfacet
  facet normal -0 0 1
    outer loop
      vertex 13.5966 13.9231 6
      vertex 14.7493 12.6956 6
      vertex 13.8723 14.021 6
    endloop
  endfacet
  facet normal -0 0 1
    outer loop
      vertex 14.1548 14.111 6
      vertex 15.0719 13.524 6
      vertex 14.4437 14.193 6
    endloop
  endfacet
  facet normal 0 0 1
    outer loop
      vertex 14.8644 12.9645 6
      vertex 13.8723 14.021 6
      vertex 14.7493 12.6956 6
    endloop
  endfacet
  facet normal 0 0 1
    outer loop
      vertex 14.7493 12.6956 6
      vertex 13.5966 13.9231 6
      vertex 14.6266 12.4344 6
    endloop
  endfacet
  facet normal -0 0 1
    outer loop
      vertex 13.3283 13.8169 6
      vertex 14.6266 12.4344 6
      vertex 13.5966 13.9231 6
    endloop
  endfacet
  facet normal 0 0 1
    outer loop
      vertex 14.6266 12.4344 6
      vertex 13.3283 13.8169 6
      vertex 14.4958 12.1815 6
    endloop
  endfacet
  facet normal -0 0 1
    outer loop
      vertex 13.0677 13.7023 6
      vertex 14.4958 12.1815 6
      vertex 13.3283 13.8169 6
    endloop
  endfacet
  facet normal 0 0 1
    outer loop
      vertex 14.4958 12.1815 6
      vertex 13.0677 13.7023 6
      vertex 14.3568 11.9376 6
    endloop
  endfacet
  facet normal -0 0 1
    outer loop
      vertex 12.8155 13.5789 6
      vertex 14.3568 11.9376 6
      vertex 13.0677 13.7023 6
    endloop
  endfacet
  facet normal 0 0 1
    outer loop
      vertex 14.3568 11.9376 6
      vertex 12.8155 13.5789 6
      vertex 14.209 11.7036 6
    endloop
  endfacet
  facet normal -0 0 1
    outer loop
      vertex 12.5727 13.4461 6
      vertex 14.209 11.7036 6
      vertex 12.8155 13.5789 6
    endloop
  endfacet
  facet normal 0 0 1
    outer loop
      vertex 14.209 11.7036 6
      vertex 12.5727 13.4461 6
      vertex 14.0516 11.4808 6
    endloop
  endfacet
  facet normal 0 0 1
    outer loop
      vertex 14.0516 11.4808 6
      vertex 12.3404 13.3029 6
      vertex 13.8828 11.2714 6
    endloop
  endfacet
  facet normal -0 0 1
    outer loop
      vertex 12.3404 13.3029 6
      vertex 14.0516 11.4808 6
      vertex 12.5727 13.4461 6
    endloop
  endfacet
  facet normal 0 0 1
    outer loop
      vertex 17.2193 10.1475 6
      vertex 17.7944 9.10144 6
      vertex 17.9617 9.35094 6
    endloop
  endfacet
  facet normal -0 0 1
    outer loop
      vertex 17.2193 10.1475 6
      vertex 17.9617 9.35094 6
      vertex 17.5196 10.1551 6
    endloop
  endfacet
  facet normal 0 0 1
    outer loop
      vertex 17.7944 9.10144 6
      vertex 17.2193 10.1475 6
      vertex 17.6216 8.86058 6
    endloop
  endfacet
  facet normal -0 0 1
    outer loop
      vertex 16.9233 10.1306 6
      vertex 17.6216 8.86058 6
      vertex 17.2193 10.1475 6
    endloop
  endfacet
  facet normal 0 0 1
    outer loop
      vertex 17.6216 8.86058 6
      vertex 16.9233 10.1306 6
      vertex 17.4432 8.62869 6
    endloop
  endfacet
  facet normal -0 0 1
    outer loop
      vertex 16.632 10.1043 6
      vertex 17.4432 8.62869 6
      vertex 16.9233 10.1306 6
    endloop
  endfacet
  facet normal 0 0 1
    outer loop
      vertex 17.4432 8.62869 6
      vertex 16.632 10.1043 6
      vertex 17.2594 8.40628 6
    endloop
  endfacet
  facet normal -0 0 1
    outer loop
      vertex 16.3457 10.0682 6
      vertex 17.2594 8.40628 6
      vertex 16.632 10.1043 6
    endloop
  endfacet
  facet normal 0 0 1
    outer loop
      vertex 17.2594 8.40628 6
      vertex 16.3457 10.0682 6
      vertex 17.0698 8.19386 6
    endloop
  endfacet
  facet normal -0 0 1
    outer loop
      vertex 16.0648 10.022 6
      vertex 17.0698 8.19386 6
      vertex 16.3457 10.0682 6
    endloop
  endfacet
  facet normal 0 0 1
    outer loop
      vertex 17.0698 8.19386 6
      vertex 16.0648 10.022 6
      vertex 16.8746 7.99217 6
    endloop
  endfacet
  facet normal -0 0 1
    outer loop
      vertex 15.7899 9.96523 6
      vertex 16.8746 7.99217 6
      vertex 16.0648 10.022 6
    endloop
  endfacet
  facet normal 0 0 1
    outer loop
      vertex 16.8746 7.99217 6
      vertex 15.7899 9.96523 6
      vertex 16.6732 7.80226 6
    endloop
  endfacet
  facet normal -0 0 1
    outer loop
      vertex 15.5216 9.89699 6
      vertex 16.6732 7.80226 6
      vertex 15.7899 9.96523 6
    endloop
  endfacet
  facet normal 0 0 1
    outer loop
      vertex 16.6732 7.80226 6
      vertex 15.5216 9.89699 6
      vertex 16.4653 7.62558 6
    endloop
  endfacet
  facet normal -0 0 1
    outer loop
      vertex 15.261 9.81609 6
      vertex 16.4653 7.62558 6
      vertex 15.5216 9.89699 6
    endloop
  endfacet
  facet normal 0 0 1
    outer loop
      vertex 16.4653 7.62558 6
      vertex 15.261 9.81609 6
      vertex 16.2497 7.4648 6
    endloop
  endfacet
  facet normal -0 0 1
    outer loop
      vertex 15.0098 9.72023 6
      vertex 16.2497 7.4648 6
      vertex 15.261 9.81609 6
    endloop
  endfacet
  facet normal -0 0 1
    outer loop
      vertex 14.7726 9.60249 6
      vertex 16.0232 7.32762 6
      vertex 15.0098 9.72023 6
    endloop
  endfacet
  facet normal 0 0 1
    outer loop
      vertex 16.2497 7.4648 6
      vertex 15.0098 9.72023 6
      vertex 16.0232 7.32762 6
    endloop
  endfacet
  facet normal 0 0 1
    outer loop
      vertex 19.4947 5.47906 6
      vertex 19.4988 4.39023 6
      vertex 19.7229 4.59027 6
    endloop
  endfacet
  facet normal 0 0 1
    outer loop
      vertex 19.2019 5.54642 6
      vertex 19.4988 4.39023 6
      vertex 19.4947 5.47906 6
    endloop
  endfacet
  facet normal 0 0 1
    outer loop
      vertex 19.4988 4.39023 6
      vertex 19.2019 5.54642 6
      vertex 19.2715 4.19989 6
    endloop
  endfacet
  facet normal 0 0 1
    outer loop
      vertex 18.9111 5.6037 6
      vertex 19.2715 4.19989 6
      vertex 19.2019 5.54642 6
    endloop
  endfacet
  facet normal 0 0 1
    outer loop
      vertex 19.2715 4.19989 6
      vertex 18.9111 5.6037 6
      vertex 19.0411 4.01965 6
    endloop
  endfacet
  facet normal 0 0 1
    outer loop
      vertex 18.6223 5.65065 6
      vertex 19.0411 4.01965 6
      vertex 18.9111 5.6037 6
    endloop
  endfacet
  facet normal 0 0 1
    outer loop
      vertex 19.0411 4.01965 6
      vertex 18.6223 5.65065 6
      vertex 18.8077 3.84996 6
    endloop
  endfacet
  facet normal 0 0 1
    outer loop
      vertex 18.336 5.68692 6
      vertex 18.8077 3.84996 6
      vertex 18.6223 5.65065 6
    endloop
  endfacet
  facet normal 0 0 1
    outer loop
      vertex 18.8077 3.84996 6
      vertex 18.336 5.68692 6
      vertex 18.5713 3.69133 6
    endloop
  endfacet
  facet normal 0 0 1
    outer loop
      vertex 18.0525 5.71204 6
      vertex 18.5713 3.69133 6
      vertex 18.336 5.68692 6
    endloop
  endfacet
  facet normal 0 0 1
    outer loop
      vertex 18.5713 3.69133 6
      vertex 18.0525 5.71204 6
      vertex 18.332 3.54456 6
    endloop
  endfacet
  facet normal 0 0 1
    outer loop
      vertex 17.772 5.72537 6
      vertex 18.332 3.54456 6
      vertex 18.0525 5.71204 6
    endloop
  endfacet
  facet normal 0 0 1
    outer loop
      vertex 18.332 3.54456 6
      vertex 17.772 5.72537 6
      vertex 18.0897 3.41068 6
    endloop
  endfacet
  facet normal 0 0 1
    outer loop
      vertex 17.4953 5.72598 6
      vertex 18.0897 3.41068 6
      vertex 17.772 5.72537 6
    endloop
  endfacet
  facet normal 0 0 1
    outer loop
      vertex 18.0897 3.41068 6
      vertex 17.4953 5.72598 6
      vertex 17.8444 3.29126 6
    endloop
  endfacet
  facet normal -0 0 1
    outer loop
      vertex 17.2227 5.71243 6
      vertex 17.8444 3.29126 6
      vertex 17.4953 5.72598 6
    endloop
  endfacet
  facet normal 0 0 1
    outer loop
      vertex 17.8444 3.29126 6
      vertex 17.2227 5.71243 6
      vertex 17.5956 3.18915 6
    endloop
  endfacet
  facet normal -0 0 1
    outer loop
      vertex 16.9555 5.68207 6
      vertex 17.5956 3.18915 6
      vertex 17.2227 5.71243 6
    endloop
  endfacet
  facet normal 0 0 1
    outer loop
      vertex 17.5956 3.18915 6
      vertex 16.9555 5.68207 6
      vertex 17.3421 3.11259 6
    endloop
  endfacet
  facet normal -0 0 1
    outer loop
      vertex 16.6965 5.62701 6
      vertex 17.3421 3.11259 6
      vertex 16.9555 5.68207 6
    endloop
  endfacet
  facet normal 0 0 1
    outer loop
      vertex 16.6965 5.62701 6
      vertex 16.6185 2.88177 6
      vertex 17.3421 3.11259 6
    endloop
  endfacet
  facet normal 0 0 1
    outer loop
      vertex 16.6185 2.88177 6
      vertex 15.9577 5.48196 6
      vertex 16.6185 -2.88177 6
    endloop
  endfacet
  facet normal -0 0 1
    outer loop
      vertex 15.9577 5.48196 6
      vertex 16.6185 2.88177 6
      vertex 16.6965 5.62701 6
    endloop
  endfacet
  facet normal 0 0 1
    outer loop
      vertex 19.978 0.596848 6
      vertex 20.2448 -0.458817 6
      vertex 20.2448 0.458817 6
    endloop
  endfacet
  facet normal 0 0 1
    outer loop
      vertex 19.978 0.596848 6
      vertex 19.978 -0.596848 6
      vertex 20.2448 -0.458817 6
    endloop
  endfacet
  facet normal 0 0 1
    outer loop
      vertex 19.7105 0.72467 6
      vertex 19.978 -0.596848 6
      vertex 19.978 0.596848 6
    endloop
  endfacet
  facet normal 0 0 1
    outer loop
      vertex 19.7105 0.72467 6
      vertex 19.7105 -0.72467 6
      vertex 19.978 -0.596848 6
    endloop
  endfacet
  facet normal 0 0 1
    outer loop
      vertex 19.4425 0.841949 6
      vertex 19.7105 -0.72467 6
      vertex 19.7105 0.72467 6
    endloop
  endfacet
  facet normal 0 0 1
    outer loop
      vertex 19.4425 0.841949 6
      vertex 19.4425 -0.841949 6
      vertex 19.7105 -0.72467 6
    endloop
  endfacet
  facet normal 0 0 1
    outer loop
      vertex 19.1743 0.948273 6
      vertex 19.4425 -0.841949 6
      vertex 19.4425 0.841949 6
    endloop
  endfacet
  facet normal 0 0 1
    outer loop
      vertex 19.1743 0.948273 6
      vertex 19.1743 -0.948273 6
      vertex 19.4425 -0.841949 6
    endloop
  endfacet
  facet normal 0 0 1
    outer loop
      vertex 18.9059 1.04312 6
      vertex 19.1743 -0.948273 6
      vertex 19.1743 0.948273 6
    endloop
  endfacet
  facet normal 0 0 1
    outer loop
      vertex 18.9059 1.04312 6
      vertex 18.9059 -1.04312 6
      vertex 19.1743 -0.948273 6
    endloop
  endfacet
  facet normal 0 0 1
    outer loop
      vertex 18.6376 1.12578 6
      vertex 18.9059 -1.04312 6
      vertex 18.9059 1.04312 6
    endloop
  endfacet
  facet normal 0 0 1
    outer loop
      vertex 18.6376 1.12578 6
      vertex 18.6376 -1.12578 6
      vertex 18.9059 -1.04312 6
    endloop
  endfacet
  facet normal 0 0 1
    outer loop
      vertex 18.3696 1.19521 6
      vertex 18.6376 -1.12578 6
      vertex 18.6376 1.12578 6
    endloop
  endfacet
  facet normal 0 0 1
    outer loop
      vertex 18.3696 1.19521 6
      vertex 18.3696 -1.19521 6
      vertex 18.6376 -1.12578 6
    endloop
  endfacet
  facet normal 0 0 1
    outer loop
      vertex 18.1023 1.24985 6
      vertex 18.3696 -1.19521 6
      vertex 18.3696 1.19521 6
    endloop
  endfacet
  facet normal 0 0 1
    outer loop
      vertex 18.1023 1.24985 6
      vertex 18.1023 -1.24985 6
      vertex 18.3696 -1.19521 6
    endloop
  endfacet
  facet normal 0 0 1
    outer loop
      vertex 17.8359 1.2869 6
      vertex 18.1023 -1.24985 6
      vertex 18.1023 1.24985 6
    endloop
  endfacet
  facet normal 0 0 1
    outer loop
      vertex 17.8359 1.2869 6
      vertex 17.8359 -1.2869 6
      vertex 18.1023 -1.24985 6
    endloop
  endfacet
  facet normal 0 0 1
    outer loop
      vertex 17.5714 1.29799 6
      vertex 17.8359 -1.2869 6
      vertex 17.8359 1.2869 6
    endloop
  endfacet
  facet normal 0 0 1
    outer loop
      vertex 17.5714 1.29799 6
      vertex 17.5714 -1.29799 6
      vertex 17.8359 -1.2869 6
    endloop
  endfacet
  facet normal 0 0 1
    outer loop
      vertex 16.8154 1.34146 6
      vertex 17.5714 -1.29799 6
      vertex 17.5714 1.29799 6
    endloop
  endfacet
  facet normal 0 0 1
    outer loop
      vertex 16.8154 1.34146 6
      vertex 16.8154 -1.34146 6
      vertex 17.5714 -1.29799 6
    endloop
  endfacet
  facet normal 0 0 1
    outer loop
      vertex 16.6185 2.88177 6
      vertex 16.8154 1.34146 6
      vertex 16.7306 2.20262 6
    endloop
  endfacet
  facet normal 0 0 1
    outer loop
      vertex 16.8154 1.34146 6
      vertex 16.6185 2.88177 6
      vertex 16.8154 -1.34146 6
    endloop
  endfacet
  facet normal 0 0 1
    outer loop
      vertex 16.6185 -2.88177 6
      vertex 16.8154 -1.34146 6
      vertex 16.6185 2.88177 6
    endloop
  endfacet
  facet normal 0 0 1
    outer loop
      vertex 16.8154 -1.34146 6
      vertex 16.6185 -2.88177 6
      vertex 16.7306 -2.20262 6
    endloop
  endfacet
  facet normal 0 0 1
    outer loop
      vertex 19.4988 -4.39023 6
      vertex 19.4947 -5.47906 6
      vertex 19.7229 -4.59027 6
    endloop
  endfacet
  facet normal 0 0 1
    outer loop
      vertex 19.2019 -5.54642 6
      vertex 19.4988 -4.39023 6
      vertex 19.2715 -4.19989 6
    endloop
  endfacet
  facet normal 0 0 1
    outer loop
      vertex 19.4988 -4.39023 6
      vertex 19.2019 -5.54642 6
      vertex 19.4947 -5.47906 6
    endloop
  endfacet
  facet normal 0 0 1
    outer loop
      vertex 18.9111 -5.6037 6
      vertex 19.2715 -4.19989 6
      vertex 19.0411 -4.01965 6
    endloop
  endfacet
  facet normal 0 0 1
    outer loop
      vertex 19.2715 -4.19989 6
      vertex 18.9111 -5.6037 6
      vertex 19.2019 -5.54642 6
    endloop
  endfacet
  facet normal 0 0 1
    outer loop
      vertex 18.6223 -5.65065 6
      vertex 19.0411 -4.01965 6
      vertex 18.8077 -3.84996 6
    endloop
  endfacet
  facet normal 0 0 1
    outer loop
      vertex 19.0411 -4.01965 6
      vertex 18.6223 -5.65065 6
      vertex 18.9111 -5.6037 6
    endloop
  endfacet
  facet normal 0 0 1
    outer loop
      vertex 18.336 -5.68692 6
      vertex 18.8077 -3.84996 6
      vertex 18.5713 -3.69133 6
    endloop
  endfacet
  facet normal 0 0 1
    outer loop
      vertex 18.8077 -3.84996 6
      vertex 18.336 -5.68692 6
      vertex 18.6223 -5.65065 6
    endloop
  endfacet
  facet normal 0 0 1
    outer loop
      vertex 18.0525 -5.71204 6
      vertex 18.5713 -3.69133 6
      vertex 18.332 -3.54456 6
    endloop
  endfacet
  facet normal 0 0 1
    outer loop
      vertex 17.772 -5.72537 6
      vertex 18.332 -3.54456 6
      vertex 18.0897 -3.41068 6
    endloop
  endfacet
  facet normal 0 0 1
    outer loop
      vertex 18.5713 -3.69133 6
      vertex 18.0525 -5.71204 6
      vertex 18.336 -5.68692 6
    endloop
  endfacet
  facet normal 0 0 1
    outer loop
      vertex 17.4953 -5.72598 6
      vertex 18.0897 -3.41068 6
      vertex 17.8444 -3.29126 6
    endloop
  endfacet
  facet normal 0 0 1
    outer loop
      vertex 18.332 -3.54456 6
      vertex 17.772 -5.72537 6
      vertex 18.0525 -5.71204 6
    endloop
  endfacet
  facet normal 0 0 1
    outer loop
      vertex 17.2227 -5.71243 6
      vertex 17.8444 -3.29126 6
      vertex 17.5956 -3.18915 6
    endloop
  endfacet
  facet normal 0 0 1
    outer loop
      vertex 18.0897 -3.41068 6
      vertex 17.4953 -5.72598 6
      vertex 17.772 -5.72537 6
    endloop
  endfacet
  facet normal 0 0 1
    outer loop
      vertex 16.9555 -5.68207 6
      vertex 17.5956 -3.18915 6
      vertex 17.3421 -3.11259 6
    endloop
  endfacet
  facet normal 0 0 1
    outer loop
      vertex 17.8444 -3.29126 6
      vertex 17.2227 -5.71243 6
      vertex 17.4953 -5.72598 6
    endloop
  endfacet
  facet normal 0 0 1
    outer loop
      vertex 17.5956 -3.18915 6
      vertex 16.9555 -5.68207 6
      vertex 17.2227 -5.71243 6
    endloop
  endfacet
  facet normal 0 0 1
    outer loop
      vertex 17.3421 -3.11259 6
      vertex 16.6965 -5.62701 6
      vertex 16.9555 -5.68207 6
    endloop
  endfacet
  facet normal 0 0 1
    outer loop
      vertex 16.6185 -2.88177 6
      vertex 16.6965 -5.62701 6
      vertex 17.3421 -3.11259 6
    endloop
  endfacet
  facet normal 0 0 1
    outer loop
      vertex 15.9577 -5.48196 6
      vertex 16.6185 -2.88177 6
      vertex 15.9577 5.48196 6
    endloop
  endfacet
  facet normal 0 0 1
    outer loop
      vertex 16.6185 -2.88177 6
      vertex 15.9577 -5.48196 6
      vertex 16.6965 -5.62701 6
    endloop
  endfacet
  facet normal 0 0 1
    outer loop
      vertex 15.3793 6.92383 6
      vertex 15.9577 5.48196 6
      vertex 15.5905 6.45778 6
    endloop
  endfacet
  facet normal 0 0 1
    outer loop
      vertex 15.9577 5.48196 6
      vertex 15.3793 6.92383 6
      vertex 15.9577 -5.48196 6
    endloop
  endfacet
  facet normal 0 0 1
    outer loop
      vertex 15.3793 -6.92383 6
      vertex 15.9577 -5.48196 6
      vertex 15.3793 6.92383 6
    endloop
  endfacet
  facet normal 0 0 1
    outer loop
      vertex 15.9577 -5.48196 6
      vertex 15.3793 -6.92383 6
      vertex 15.5905 -6.45778 6
    endloop
  endfacet
  facet normal 0 0 1
    outer loop
      vertex 17.2193 -10.1475 6
      vertex 17.7944 -9.10144 6
      vertex 17.6216 -8.86058 6
    endloop
  endfacet
  facet normal 0 0 1
    outer loop
      vertex 17.7944 -9.10144 6
      vertex 17.2193 -10.1475 6
      vertex 17.9617 -9.35094 6
    endloop
  endfacet
  facet normal 0 0 1
    outer loop
      vertex 16.9233 -10.1306 6
      vertex 17.6216 -8.86058 6
      vertex 17.4432 -8.62869 6
    endloop
  endfacet
  facet normal 0 0 1
    outer loop
      vertex 16.632 -10.1043 6
      vertex 17.4432 -8.62869 6
      vertex 17.2594 -8.40628 6
    endloop
  endfacet
  facet normal 0 0 1
    outer loop
      vertex 17.9617 -9.35094 6
      vertex 17.2193 -10.1475 6
      vertex 17.5196 -10.1551 6
    endloop
  endfacet
  facet normal 0 0 1
    outer loop
      vertex 16.3457 -10.0682 6
      vertex 17.2594 -8.40628 6
      vertex 17.0698 -8.19386 6
    endloop
  endfacet
  facet normal 0 0 1
    outer loop
      vertex 17.6216 -8.86058 6
      vertex 16.9233 -10.1306 6
      vertex 17.2193 -10.1475 6
    endloop
  endfacet
  facet normal 0 0 1
    outer loop
      vertex 16.0648 -10.022 6
      vertex 17.0698 -8.19386 6
      vertex 16.8746 -7.99217 6
    endloop
  endfacet
  facet normal 0 0 1
    outer loop
      vertex 15.7899 -9.96523 6
      vertex 16.8746 -7.99217 6
      vertex 16.6732 -7.80226 6
    endloop
  endfacet
  facet normal 0 0 1
    outer loop
      vertex 17.4432 -8.62869 6
      vertex 16.632 -10.1043 6
      vertex 16.9233 -10.1306 6
    endloop
  endfacet
  facet normal 0 0 1
    outer loop
      vertex 15.5216 -9.89699 6
      vertex 16.6732 -7.80226 6
      vertex 16.4653 -7.62558 6
    endloop
  endfacet
  facet normal 0 0 1
    outer loop
      vertex 17.2594 -8.40628 6
      vertex 16.3457 -10.0682 6
      vertex 16.632 -10.1043 6
    endloop
  endfacet
  facet normal 0 0 1
    outer loop
      vertex 15.261 -9.81609 6
      vertex 16.4653 -7.62558 6
      vertex 16.2497 -7.4648 6
    endloop
  endfacet
  facet normal 0 0 1
    outer loop
      vertex 17.0698 -8.19386 6
      vertex 16.0648 -10.022 6
      vertex 16.3457 -10.0682 6
    endloop
  endfacet
  facet normal 0 0 1
    outer loop
      vertex 15.0098 -9.72023 6
      vertex 16.2497 -7.4648 6
      vertex 16.0232 -7.32762 6
    endloop
  endfacet
  facet normal 0 0 1
    outer loop
      vertex 16.8746 -7.99217 6
      vertex 15.7899 -9.96523 6
      vertex 16.0648 -10.022 6
    endloop
  endfacet
  facet normal 0 0 1
    outer loop
      vertex 16.6732 -7.80226 6
      vertex 15.5216 -9.89699 6
      vertex 15.7899 -9.96523 6
    endloop
  endfacet
  facet normal 0 0 1
    outer loop
      vertex 14.7726 -9.60249 6
      vertex 16.0232 -7.32762 6
      vertex 15.3793 -6.92383 6
    endloop
  endfacet
  facet normal 0 0 1
    outer loop
      vertex 16.4653 -7.62558 6
      vertex 15.261 -9.81609 6
      vertex 15.5216 -9.89699 6
    endloop
  endfacet
  facet normal -0 0 1
    outer loop
      vertex 14.0917 9.27763 6
      vertex 15.3793 6.92383 6
      vertex 14.7726 9.60249 6
    endloop
  endfacet
  facet normal 0 0 1
    outer loop
      vertex 16.0232 7.32762 6
      vertex 14.7726 9.60249 6
      vertex 15.3793 6.92383 6
    endloop
  endfacet
  facet normal 0 0 1
    outer loop
      vertex 15.3793 6.92383 6
      vertex 14.0917 9.27763 6
      vertex 15.3793 -6.92383 6
    endloop
  endfacet
  facet normal 0 0 1
    outer loop
      vertex 16.0232 -7.32762 6
      vertex 14.7726 -9.60249 6
      vertex 15.0098 -9.72023 6
    endloop
  endfacet
  facet normal 0 0 1
    outer loop
      vertex 16.2497 -7.4648 6
      vertex 15.0098 -9.72023 6
      vertex 15.261 -9.81609 6
    endloop
  endfacet
  facet normal 0 0 1
    outer loop
      vertex 14.0917 -9.27763 6
      vertex 15.3793 -6.92383 6
      vertex 14.0917 9.27763 6
    endloop
  endfacet
  facet normal 0 0 1
    outer loop
      vertex 15.3793 -6.92383 6
      vertex 14.0917 -9.27763 6
      vertex 14.7726 -9.60249 6
    endloop
  endfacet
  facet normal 0 0 1
    outer loop
      vertex 13.1752 10.532 6
      vertex 14.0917 9.27763 6
      vertex 14.031 9.37524 6
    endloop
  endfacet
  facet normal 0 0 1
    outer loop
      vertex 14.0917 9.27763 6
      vertex 13.1752 10.532 6
      vertex 14.0917 -9.27763 6
    endloop
  endfacet
  facet normal 0 0 1
    outer loop
      vertex 13.1752 10.532 6
      vertex 14.031 9.37524 6
      vertex 13.3878 10.2728 6
    endloop
  endfacet
  facet normal 0 0 1
    outer loop
      vertex 13.1752 -10.532 6
      vertex 14.0917 -9.27763 6
      vertex 13.1752 10.532 6
    endloop
  endfacet
  facet normal 0 0 1
    outer loop
      vertex 14.0917 -9.27763 6
      vertex 13.1752 -10.532 6
      vertex 14.031 -9.37524 6
    endloop
  endfacet
  facet normal 0 0 1
    outer loop
      vertex 14.031 -9.37524 6
      vertex 13.1752 -10.532 6
      vertex 13.3878 -10.2728 6
    endloop
  endfacet
  facet normal 0 0 1
    outer loop
      vertex 14.1548 -14.111 6
      vertex 14.9719 -13.2408 6
      vertex 14.8644 -12.9645 6
    endloop
  endfacet
  facet normal 0 0 1
    outer loop
      vertex 13.8723 -14.021 6
      vertex 14.8644 -12.9645 6
      vertex 14.7493 -12.6956 6
    endloop
  endfacet
  facet normal 0 0 1
    outer loop
      vertex 13.5966 -13.9231 6
      vertex 14.7493 -12.6956 6
      vertex 14.6266 -12.4344 6
    endloop
  endfacet
  facet normal 0 0 1
    outer loop
      vertex 13.3283 -13.8169 6
      vertex 14.6266 -12.4344 6
      vertex 14.4958 -12.1815 6
    endloop
  endfacet
  facet normal 0 0 1
    outer loop
      vertex 14.8644 -12.9645 6
      vertex 13.8723 -14.021 6
      vertex 14.1548 -14.111 6
    endloop
  endfacet
  facet normal 0 0 1
    outer loop
      vertex 13.0677 -13.7023 6
      vertex 14.4958 -12.1815 6
      vertex 14.3568 -11.9376 6
    endloop
  endfacet
  facet normal 0 0 1
    outer loop
      vertex 12.8155 -13.5789 6
      vertex 14.3568 -11.9376 6
      vertex 14.209 -11.7036 6
    endloop
  endfacet
  facet normal 0 0 1
    outer loop
      vertex 15.0719 -13.524 6
      vertex 14.1548 -14.111 6
      vertex 14.4437 -14.193 6
    endloop
  endfacet
  facet normal 0 0 1
    outer loop
      vertex 12.5727 -13.4461 6
      vertex 14.209 -11.7036 6
      vertex 14.0516 -11.4808 6
    endloop
  endfacet
  facet normal 0 0 1
    outer loop
      vertex 12.3404 -13.3029 6
      vertex 14.0516 -11.4808 6
      vertex 13.8828 -11.2714 6
    endloop
  endfacet
  facet normal 0 0 1
    outer loop
      vertex 14.9719 -13.2408 6
      vertex 14.1548 -14.111 6
      vertex 15.0719 -13.524 6
    endloop
  endfacet
  facet normal 0 0 1
    outer loop
      vertex 12.1209 -13.1476 6
      vertex 13.8828 -11.2714 6
      vertex 13.6975 -11.0822 6
    endloop
  endfacet
  facet normal 0 0 1
    outer loop
      vertex 14.7493 -12.6956 6
      vertex 13.5966 -13.9231 6
      vertex 13.8723 -14.021 6
    endloop
  endfacet
  facet normal 0 0 1
    outer loop
      vertex 14.6266 -12.4344 6
      vertex 13.3283 -13.8169 6
      vertex 13.5966 -13.9231 6
    endloop
  endfacet
  facet normal 0 0 1
    outer loop
      vertex 11.9204 -12.9746 6
      vertex 13.6975 -11.0822 6
      vertex 13.1752 -10.532 6
    endloop
  endfacet
  facet normal 0 0 1
    outer loop
      vertex 14.4958 -12.1815 6
      vertex 13.0677 -13.7023 6
      vertex 13.3283 -13.8169 6
    endloop
  endfacet
  facet normal 0 0 1
    outer loop
      vertex 13.1752 10.532 6
      vertex 11.3389 12.4883 6
      vertex 13.1752 -10.532 6
    endloop
  endfacet
  facet normal -0 0 1
    outer loop
      vertex 12.1209 13.1476 6
      vertex 13.8828 11.2714 6
      vertex 12.3404 13.3029 6
    endloop
  endfacet
  facet normal 0 0 1
    outer loop
      vertex 11.3389 -12.4883 6
      vertex 13.1752 -10.532 6
      vertex 11.3389 12.4883 6
    endloop
  endfacet
  facet normal 0 0 1
    outer loop
      vertex 13.8828 11.2714 6
      vertex 12.1209 13.1476 6
      vertex 13.6975 11.0822 6
    endloop
  endfacet
  facet normal 0 -0 1
    outer loop
      vertex 11.9204 -12.9746 6
      vertex 13.1752 -10.532 6
      vertex 11.3389 -12.4883 6
    endloop
  endfacet
  facet normal -0 0 1
    outer loop
      vertex 11.9204 12.9746 6
      vertex 13.6975 11.0822 6
      vertex 12.1209 13.1476 6
    endloop
  endfacet
  facet normal 0 0 1
    outer loop
      vertex 13.1752 10.532 6
      vertex 11.9204 12.9746 6
      vertex 11.3389 12.4883 6
    endloop
  endfacet
  facet normal 0 0 1
    outer loop
      vertex 13.6975 11.0822 6
      vertex 11.9204 12.9746 6
      vertex 13.1752 10.532 6
    endloop
  endfacet
  facet normal 0 0 1
    outer loop
      vertex 13.6975 -11.0822 6
      vertex 11.9204 -12.9746 6
      vertex 12.1209 -13.1476 6
    endloop
  endfacet
  facet normal 0 0 1
    outer loop
      vertex 14.0516 -11.4808 6
      vertex 12.3404 -13.3029 6
      vertex 12.5727 -13.4461 6
    endloop
  endfacet
  facet normal 0 0 1
    outer loop
      vertex 13.8828 -11.2714 6
      vertex 12.1209 -13.1476 6
      vertex 12.3404 -13.3029 6
    endloop
  endfacet
  facet normal 0 0 1
    outer loop
      vertex 14.3568 -11.9376 6
      vertex 12.8155 -13.5789 6
      vertex 13.0677 -13.7023 6
    endloop
  endfacet
  facet normal 0 0 1
    outer loop
      vertex 14.209 -11.7036 6
      vertex 12.5727 -13.4461 6
      vertex 12.8155 -13.5789 6
    endloop
  endfacet
  facet normal 0 0 1
    outer loop
      vertex 10.1436 13.4804 6
      vertex 11.3389 12.4883 6
      vertex 11.1264 12.6873 6
    endloop
  endfacet
  facet normal 0 0 1
    outer loop
      vertex 11.3389 12.4883 6
      vertex 10.1436 13.4804 6
      vertex 11.3389 -12.4883 6
    endloop
  endfacet
  facet normal 0 0 1
    outer loop
      vertex 10.1436 13.4804 6
      vertex 11.1264 12.6873 6
      vertex 10.2728 13.3878 6
    endloop
  endfacet
  facet normal 0 0 1
    outer loop
      vertex 10.1436 -13.4804 6
      vertex 11.3389 -12.4883 6
      vertex 10.1436 13.4804 6
    endloop
  endfacet
  facet normal 0 0 1
    outer loop
      vertex 11.3389 -12.4883 6
      vertex 10.1436 -13.4804 6
      vertex 11.1264 -12.6873 6
    endloop
  endfacet
  facet normal 0 0 1
    outer loop
      vertex 11.1264 -12.6873 6
      vertex 10.1436 -13.4804 6
      vertex 10.2728 -13.3878 6
    endloop
  endfacet
  facet normal 0 0 1
    outer loop
      vertex 10.2008 -17.1878 6
      vertex 11.2087 -16.5482 6
      vertex 11.1733 -16.2538 6
    endloop
  endfacet
  facet normal 0 0 1
    outer loop
      vertex 9.94955 -17.0304 6
      vertex 11.1733 -16.2538 6
      vertex 11.1287 -15.9647 6
    endloop
  endfacet
  facet normal 0 0 1
    outer loop
      vertex 9.70694 -16.867 6
      vertex 11.1287 -15.9647 6
      vertex 11.0747 -15.6812 6
    endloop
  endfacet
  facet normal 0 0 1
    outer loop
      vertex 9.47342 -16.6975 6
      vertex 11.0747 -15.6812 6
      vertex 11.011 -15.4038 6
    endloop
  endfacet
  facet normal 0 0 1
    outer loop
      vertex 9.24951 -16.5217 6
      vertex 11.011 -15.4038 6
      vertex 10.937 -15.133 6
    endloop
  endfacet
  facet normal 0 0 1
    outer loop
      vertex 9.03596 -16.3394 6
      vertex 10.937 -15.133 6
      vertex 10.8521 -14.8696 6
    endloop
  endfacet
  facet normal 0 0 1
    outer loop
      vertex 8.83377 -16.1504 6
      vertex 10.8521 -14.8696 6
      vertex 10.755 -14.6145 6
    endloop
  endfacet
  facet normal 0 0 1
    outer loop
      vertex 8.64439 -15.9539 6
      vertex 10.755 -14.6145 6
      vertex 10.6435 -14.3698 6
    endloop
  endfacet
  facet normal 0 0 1
    outer loop
      vertex 8.4704 -15.7489 6
      vertex 10.6435 -14.3698 6
      vertex 10.5111 -14.1405 6
    endloop
  endfacet
  facet normal 0 0 1
    outer loop
      vertex 11.1287 -15.9647 6
      vertex 9.70694 -16.867 6
      vertex 9.94955 -17.0304 6
    endloop
  endfacet
  facet normal 0 0 1
    outer loop
      vertex 11.2351 -16.8474 6
      vertex 10.2008 -17.1878 6
      vertex 10.4603 -17.3391 6
    endloop
  endfacet
  facet normal 0 0 1
    outer loop
      vertex 8.31926 -15.5315 6
      vertex 10.5111 -14.1405 6
      vertex 10.1436 -13.4804 6
    endloop
  endfacet
  facet normal 0 0 1
    outer loop
      vertex 11.2087 -16.5482 6
      vertex 10.2008 -17.1878 6
      vertex 11.2351 -16.8474 6
    endloop
  endfacet
  facet normal 0 0 1
    outer loop
      vertex 10.1436 13.4804 6
      vertex 7.87593 14.9143 6
      vertex 10.1436 -13.4804 6
    endloop
  endfacet
  facet normal 0 0 1
    outer loop
      vertex 10.8521 14.8696 6
      vertex 8.83377 16.1504 6
      vertex 10.755 14.6145 6
    endloop
  endfacet
  facet normal 0 0 1
    outer loop
      vertex 7.87593 -14.9143 6
      vertex 10.1436 -13.4804 6
      vertex 7.87593 14.9143 6
    endloop
  endfacet
  facet normal -0 0 1
    outer loop
      vertex 8.64439 15.9539 6
      vertex 10.755 14.6145 6
      vertex 8.83377 16.1504 6
    endloop
  endfacet
  facet normal 0 -0 1
    outer loop
      vertex 8.31926 -15.5315 6
      vertex 10.1436 -13.4804 6
      vertex 7.87593 -14.9143 6
    endloop
  endfacet
  facet normal 0 0 1
    outer loop
      vertex 10.755 14.6145 6
      vertex 8.64439 15.9539 6
      vertex 10.6435 14.3698 6
    endloop
  endfacet
  facet normal 0 0 1
    outer loop
      vertex 10.5111 -14.1405 6
      vertex 8.31926 -15.5315 6
      vertex 8.4704 -15.7489 6
    endloop
  endfacet
  facet normal -0 0 1
    outer loop
      vertex 8.4704 15.7489 6
      vertex 10.6435 14.3698 6
      vertex 8.64439 15.9539 6
    endloop
  endfacet
  facet normal 0 0 1
    outer loop
      vertex 11.1733 -16.2538 6
      vertex 9.94955 -17.0304 6
      vertex 10.2008 -17.1878 6
    endloop
  endfacet
  facet normal 0 0 1
    outer loop
      vertex 10.6435 14.3698 6
      vertex 8.4704 15.7489 6
      vertex 10.5111 14.1405 6
    endloop
  endfacet
  facet normal 0 0 1
    outer loop
      vertex 11.0747 -15.6812 6
      vertex 9.47342 -16.6975 6
      vertex 9.70694 -16.867 6
    endloop
  endfacet
  facet normal -0 0 1
    outer loop
      vertex 8.31926 15.5315 6
      vertex 10.5111 14.1405 6
      vertex 8.4704 15.7489 6
    endloop
  endfacet
  facet normal 0 0 1
    outer loop
      vertex 10.1436 13.4804 6
      vertex 8.31926 15.5315 6
      vertex 7.87593 14.9143 6
    endloop
  endfacet
  facet normal 0 0 1
    outer loop
      vertex 10.5111 14.1405 6
      vertex 8.31926 15.5315 6
      vertex 10.1436 13.4804 6
    endloop
  endfacet
  facet normal 0 0 1
    outer loop
      vertex 11.011 -15.4038 6
      vertex 9.24951 -16.5217 6
      vertex 9.47342 -16.6975 6
    endloop
  endfacet
  facet normal 0 0 1
    outer loop
      vertex 10.755 -14.6145 6
      vertex 8.64439 -15.9539 6
      vertex 8.83377 -16.1504 6
    endloop
  endfacet
  facet normal 0 0 1
    outer loop
      vertex 10.6435 -14.3698 6
      vertex 8.4704 -15.7489 6
      vertex 8.64439 -15.9539 6
    endloop
  endfacet
  facet normal 0 0 1
    outer loop
      vertex 10.937 -15.133 6
      vertex 9.03596 -16.3394 6
      vertex 9.24951 -16.5217 6
    endloop
  endfacet
  facet normal 0 0 1
    outer loop
      vertex 10.8521 -14.8696 6
      vertex 8.83377 -16.1504 6
      vertex 9.03596 -16.3394 6
    endloop
  endfacet
  facet normal 0 0 1
    outer loop
      vertex 6.47348 15.5833 6
      vertex 7.87593 14.9143 6
      vertex 7.46361 15.1347 6
    endloop
  endfacet
  facet normal 0 0 1
    outer loop
      vertex 7.87593 14.9143 6
      vertex 6.47348 15.5833 6
      vertex 7.87593 -14.9143 6
    endloop
  endfacet
  facet normal 0 0 1
    outer loop
      vertex 6.47348 -15.5833 6
      vertex 7.87593 -14.9143 6
      vertex 6.47348 15.5833 6
    endloop
  endfacet
  facet normal 0 0 1
    outer loop
      vertex 7.87593 -14.9143 6
      vertex 6.47348 -15.5833 6
      vertex 7.46361 -15.1347 6
    endloop
  endfacet
  facet normal 0 0 1
    outer loop
      vertex 4.85016 -18.3029 6
      vertex 6.83429 -17.6582 6
      vertex 6.82999 -17.3775 6
    endloop
  endfacet
  facet normal 0 0 1
    outer loop
      vertex 4.68863 -18.0732 6
      vertex 6.82999 -17.3775 6
      vertex 6.81322 -17.1012 6
    endloop
  endfacet
  facet normal 0 0 1
    outer loop
      vertex 6.83429 -17.6582 6
      vertex 4.85016 -18.3029 6
      vertex 6.82703 -17.9428 6
    endloop
  endfacet
  facet normal 0 0 1
    outer loop
      vertex 4.53981 -17.8399 6
      vertex 6.81322 -17.1012 6
      vertex 6.78258 -16.8301 6
    endloop
  endfacet
  facet normal 0 -0 1
    outer loop
      vertex 5.0233 -18.5288 6
      vertex 6.82703 -17.9428 6
      vertex 4.85016 -18.3029 6
    endloop
  endfacet
  facet normal 0 -0 1
    outer loop
      vertex 5.20732 -18.7511 6
      vertex 6.80881 -18.2308 6
      vertex 5.0233 -18.5288 6
    endloop
  endfacet
  facet normal 0 0 1
    outer loop
      vertex 4.40523 -17.6025 6
      vertex 6.78258 -16.8301 6
      vertex 6.7355 -16.5653 6
    endloop
  endfacet
  facet normal 0 0 1
    outer loop
      vertex 6.80881 -18.2308 6
      vertex 5.20732 -18.7511 6
      vertex 6.78008 -18.5219 6
    endloop
  endfacet
  facet normal 0 0 1
    outer loop
      vertex 4.28769 -17.3607 6
      vertex 6.7355 -16.5653 6
      vertex 6.66429 -16.3102 6
    endloop
  endfacet
  facet normal 0 0 1
    outer loop
      vertex 4.19537 -17.1124 6
      vertex 6.66429 -16.3102 6
      vertex 6.47348 -15.5833 6
    endloop
  endfacet
  facet normal 0 -0 1
    outer loop
      vertex 5.40167 -18.9698 6
      vertex 6.78008 -18.5219 6
      vertex 5.20732 -18.7511 6
    endloop
  endfacet
  facet normal 0 0 1
    outer loop
      vertex 6.47348 15.5833 6
      vertex 3.91946 16.4045 6
      vertex 6.47348 -15.5833 6
    endloop
  endfacet
  facet normal 0 0 1
    outer loop
      vertex 6.78008 18.5219 6
      vertex 5.40167 18.9698 6
      vertex 5.20732 18.7511 6
    endloop
  endfacet
  facet normal 0 0 1
    outer loop
      vertex 3.91946 -16.4045 6
      vertex 6.47348 -15.5833 6
      vertex 3.91946 16.4045 6
    endloop
  endfacet
  facet normal 0 0 1
    outer loop
      vertex 6.82999 17.3775 6
      vertex 4.68863 18.0732 6
      vertex 6.81322 17.1012 6
    endloop
  endfacet
  facet normal 0 -0 1
    outer loop
      vertex 4.19537 -17.1124 6
      vertex 6.47348 -15.5833 6
      vertex 3.91946 -16.4045 6
    endloop
  endfacet
  facet normal 0 0 1
    outer loop
      vertex 6.81322 17.1012 6
      vertex 4.53981 17.8399 6
      vertex 6.78258 16.8301 6
    endloop
  endfacet
  facet normal 0 0 1
    outer loop
      vertex 6.69234 -19.1122 6
      vertex 5.6059 -19.1846 6
      vertex 5.81961 -19.3957 6
    endloop
  endfacet
  facet normal -0 0 1
    outer loop
      vertex 4.40523 17.6025 6
      vertex 6.78258 16.8301 6
      vertex 4.53981 17.8399 6
    endloop
  endfacet
  facet normal 0 0 1
    outer loop
      vertex 6.66429 -16.3102 6
      vertex 4.19537 -17.1124 6
      vertex 4.28769 -17.3607 6
    endloop
  endfacet
  facet normal 0 0 1
    outer loop
      vertex 6.78258 16.8301 6
      vertex 4.40523 17.6025 6
      vertex 6.7355 16.5653 6
    endloop
  endfacet
  facet normal 0 0 1
    outer loop
      vertex 6.74117 -18.8158 6
      vertex 5.6059 -19.1846 6
      vertex 6.69234 -19.1122 6
    endloop
  endfacet
  facet normal -0 0 1
    outer loop
      vertex 4.28769 17.3607 6
      vertex 6.7355 16.5653 6
      vertex 4.40523 17.6025 6
    endloop
  endfacet
  facet normal 0 -0 1
    outer loop
      vertex 5.6059 -19.1846 6
      vertex 6.74117 -18.8158 6
      vertex 5.40167 -18.9698 6
    endloop
  endfacet
  facet normal 0 0 1
    outer loop
      vertex 6.7355 16.5653 6
      vertex 4.28769 17.3607 6
      vertex 6.66429 16.3102 6
    endloop
  endfacet
  facet normal 0 0 1
    outer loop
      vertex 6.78008 -18.5219 6
      vertex 5.40167 -18.9698 6
      vertex 6.74117 -18.8158 6
    endloop
  endfacet
  facet normal -0 0 1
    outer loop
      vertex 4.19537 17.1124 6
      vertex 6.66429 16.3102 6
      vertex 4.28769 17.3607 6
    endloop
  endfacet
  facet normal 0 0 1
    outer loop
      vertex 6.82703 -17.9428 6
      vertex 5.0233 -18.5288 6
      vertex 6.80881 -18.2308 6
    endloop
  endfacet
  facet normal 0 0 1
    outer loop
      vertex 6.66429 16.3102 6
      vertex 4.19537 17.1124 6
      vertex 6.47348 15.5833 6
    endloop
  endfacet
  facet normal 0 0 1
    outer loop
      vertex 6.47348 15.5833 6
      vertex 4.19537 17.1124 6
      vertex 3.91946 16.4045 6
    endloop
  endfacet
  facet normal 0 0 1
    outer loop
      vertex 6.82999 -17.3775 6
      vertex 4.68863 -18.0732 6
      vertex 4.85016 -18.3029 6
    endloop
  endfacet
  facet normal 0 0 1
    outer loop
      vertex 6.7355 -16.5653 6
      vertex 4.28769 -17.3607 6
      vertex 4.40523 -17.6025 6
    endloop
  endfacet
  facet normal 0 0 1
    outer loop
      vertex 6.81322 -17.1012 6
      vertex 4.53981 -17.8399 6
      vertex 4.68863 -18.0732 6
    endloop
  endfacet
  facet normal 0 0 1
    outer loop
      vertex 6.78258 -16.8301 6
      vertex 4.40523 -17.6025 6
      vertex 4.53981 -17.8399 6
    endloop
  endfacet
  facet normal 0 0 1
    outer loop
      vertex 2.39467 16.6989 6
      vertex 3.91946 16.4045 6
      vertex 3.29214 16.5508 6
    endloop
  endfacet
  facet normal 0 0 1
    outer loop
      vertex 3.91946 16.4045 6
      vertex 2.39467 16.6989 6
      vertex 3.91946 -16.4045 6
    endloop
  endfacet
  facet normal 0 0 1
    outer loop
      vertex 2.39467 -16.6989 6
      vertex 3.91946 -16.4045 6
      vertex 2.39467 16.6989 6
    endloop
  endfacet
  facet normal 0 0 1
    outer loop
      vertex 3.91946 -16.4045 6
      vertex 2.39467 -16.6989 6
      vertex 3.29214 -16.5508 6
    endloop
  endfacet
  facet normal 0 0 1
    outer loop
      vertex -0.164413 -17.8815 6
      vertex 2.40428 -17.7199 6
      vertex 2.39873 -17.4552 6
    endloop
  endfacet
  facet normal 0 0 1
    outer loop
      vertex -0.192108 -17.6182 6
      vertex 2.39873 -17.4552 6
      vertex 2.39467 -16.6989 6
    endloop
  endfacet
  facet normal 0 0 1
    outer loop
      vertex 2.39467 16.6989 6
      vertex 2 1.64166 6
      vertex 2.39467 -16.6989 6
    endloop
  endfacet
  facet normal -0 0 1
    outer loop
      vertex -0.110718 18.145 6
      vertex 2.38402 17.9881 6
      vertex 2.34628 18.2583 6
    endloop
  endfacet
  facet normal -0 0 1
    outer loop
      vertex 2 -1.64166 6
      vertex 2.39467 -16.6989 6
      vertex 2 1.64166 6
    endloop
  endfacet
  facet normal -0 0 1
    outer loop
      vertex -0.0393982 18.4084 6
      vertex 2.34628 18.2583 6
      vertex 2.29381 18.5301 6
    endloop
  endfacet
  facet normal -0 0 1
    outer loop
      vertex 1.83848 -1.83848 6
      vertex 2.39467 -16.6989 6
      vertex 2 -1.64166 6
    endloop
  endfacet
  facet normal -0 0 1
    outer loop
      vertex 0.0466919 18.6715 6
      vertex 2.29381 18.5301 6
      vertex 2.22816 18.803 6
    endloop
  endfacet
  facet normal -0 0 1
    outer loop
      vertex 1.44448 -2.16182 6
      vertex 2.39467 -16.6989 6
      vertex 1.83848 -1.83848 6
    endloop
  endfacet
  facet normal -0 0 1
    outer loop
      vertex 0.146042 18.934 6
      vertex 2.22816 18.803 6
      vertex 2.15036 19.0769 6
    endloop
  endfacet
  facet normal -0 0 1
    outer loop
      vertex 0.994976 -2.40209 6
      vertex 2.39467 -16.6989 6
      vertex 1.44448 -2.16182 6
    endloop
  endfacet
  facet normal -0 0 1
    outer loop
      vertex 0.257553 19.196 6
      vertex 2.15036 19.0769 6
      vertex 2.06108 19.3513 6
    endloop
  endfacet
  facet normal -0 0 1
    outer loop
      vertex 0.507235 -2.55004 6
      vertex 2.39467 -16.6989 6
      vertex 0.994976 -2.40209 6
    endloop
  endfacet
  facet normal 0 -0 1
    outer loop
      vertex -0.192108 -17.6182 6
      vertex 2.39467 -16.6989 6
      vertex -0.283051 -16.8657 6
    endloop
  endfacet
  facet normal -0 0 1
    outer loop
      vertex 0.380508 19.457 6
      vertex 2.06108 19.3513 6
      vertex 1.96086 19.6261 6
    endloop
  endfacet
  facet normal -0 0 1
    outer loop
      vertex 0.514389 19.7171 6
      vertex 1.96086 19.6261 6
      vertex 1.8501 19.9011 6
    endloop
  endfacet
  facet normal 0 0 1
    outer loop
      vertex 2.39467 16.6989 6
      vertex 1.83848 1.83848 6
      vertex 2 1.64166 6
    endloop
  endfacet
  facet normal -0 0 1
    outer loop
      vertex 0.658752 19.976 6
      vertex 1.8501 19.9011 6
      vertex 1.72908 20.176 6
    endloop
  endfacet
  facet normal 0 -0 1
    outer loop
      vertex 0 2.6 6
      vertex 2.39467 16.6989 6
      vertex -0.283051 16.8657 6
    endloop
  endfacet
  facet normal 0 0 1
    outer loop
      vertex 2.39467 16.6989 6
      vertex 1.44448 2.16182 6
      vertex 1.83848 1.83848 6
    endloop
  endfacet
  facet normal 0 0 1
    outer loop
      vertex 0.658752 19.976 6
      vertex 1.72908 20.176 6
      vertex 0.813263 20.2336 6
    endloop
  endfacet
  facet normal 0 0 1
    outer loop
      vertex 1.8501 19.9011 6
      vertex 0.658752 19.976 6
      vertex 0.514389 19.7171 6
    endloop
  endfacet
  facet normal 0 0 1
    outer loop
      vertex 1.96086 19.6261 6
      vertex 0.514389 19.7171 6
      vertex 0.380508 19.457 6
    endloop
  endfacet
  facet normal 0 0 1
    outer loop
      vertex 2.39467 16.6989 6
      vertex 0.994976 2.40209 6
      vertex 1.44448 2.16182 6
    endloop
  endfacet
  facet normal 0 0 1
    outer loop
      vertex 2.06108 19.3513 6
      vertex 0.380508 19.457 6
      vertex 0.257553 19.196 6
    endloop
  endfacet
  facet normal 0 0 1
    outer loop
      vertex 2.15036 19.0769 6
      vertex 0.257553 19.196 6
      vertex 0.146042 18.934 6
    endloop
  endfacet
  facet normal 0 0 1
    outer loop
      vertex 2.22816 18.803 6
      vertex 0.146042 18.934 6
      vertex 0.0466919 18.6715 6
    endloop
  endfacet
  facet normal 0 0 1
    outer loop
      vertex 2.29381 18.5301 6
      vertex 0.0466919 18.6715 6
      vertex -0.0393982 18.4084 6
    endloop
  endfacet
  facet normal 0 0 1
    outer loop
      vertex 2.39467 16.6989 6
      vertex 0.507235 2.55004 6
      vertex 0.994976 2.40209 6
    endloop
  endfacet
  facet normal 0 0 1
    outer loop
      vertex 2.34628 18.2583 6
      vertex -0.0393982 18.4084 6
      vertex -0.110718 18.145 6
    endloop
  endfacet
  facet normal 0 0 1
    outer loop
      vertex 2.38402 17.9881 6
      vertex -0.110718 18.145 6
      vertex -0.164413 17.8815 6
    endloop
  endfacet
  facet normal 0 0 1
    outer loop
      vertex 2.38402 17.9881 6
      vertex -0.164413 17.8815 6
      vertex -0.192108 17.6182 6
    endloop
  endfacet
  facet normal 0 0 1
    outer loop
      vertex 2.39467 16.6989 6
      vertex -0.192108 17.6182 6
      vertex -0.283051 16.8657 6
    endloop
  endfacet
  facet normal 0 0 1
    outer loop
      vertex 2.39467 16.6989 6
      vertex 0 2.6 6
      vertex 0.507235 2.55004 6
    endloop
  endfacet
  facet normal -0 0 1
    outer loop
      vertex -1.10367 16.8389 6
      vertex 0 2.6 6
      vertex -0.283051 16.8657 6
    endloop
  endfacet
  facet normal -0 0 1
    outer loop
      vertex -1.8327 16.7671 6
      vertex 0 2.6 6
      vertex -1.10367 16.8389 6
    endloop
  endfacet
  facet normal 0 0 1
    outer loop
      vertex 0 2.6 6
      vertex -1.8327 16.7671 6
      vertex -0.507235 2.55004 6
    endloop
  endfacet
  facet normal -0 0 1
    outer loop
      vertex -4.46899 16.2692 6
      vertex -0.507235 2.55004 6
      vertex -1.8327 16.7671 6
    endloop
  endfacet
  facet normal 0 0 1
    outer loop
      vertex -0.507235 2.55004 6
      vertex -4.46899 16.2692 6
      vertex -0.994976 2.40209 6
    endloop
  endfacet
  facet normal -0 0 1
    outer loop
      vertex -5.42429 15.9794 6
      vertex -0.994976 2.40209 6
      vertex -4.46899 16.2692 6
    endloop
  endfacet
  facet normal 0 0 1
    outer loop
      vertex -4.46899 16.2692 6
      vertex -1.8327 16.7671 6
      vertex -2.01753 17.5033 6
    endloop
  endfacet
  facet normal 0 0 1
    outer loop
      vertex -4.56754 17.0169 6
      vertex -2.01753 17.5033 6
      vertex -2.07802 17.7612 6
    endloop
  endfacet
  facet normal -0 0 1
    outer loop
      vertex -5.94447 15.7836 6
      vertex -0.994976 2.40209 6
      vertex -5.42429 15.9794 6
    endloop
  endfacet
  facet normal 0 0 1
    outer loop
      vertex -4.60622 17.2789 6
      vertex -2.07802 17.7612 6
      vertex -2.16431 18.0158 6
    endloop
  endfacet
  facet normal 0 0 1
    outer loop
      vertex -4.61974 17.5474 6
      vertex -2.16431 18.0158 6
      vertex -2.26808 18.2682 6
    endloop
  endfacet
  facet normal 0 0 1
    outer loop
      vertex -4.61615 17.8203 6
      vertex -2.26808 18.2682 6
      vertex -2.38649 18.5184 6
    endloop
  endfacet
  facet normal -0 0 1
    outer loop
      vertex -8.37494 14.6476 6
      vertex -0.994976 2.40209 6
      vertex -5.94447 15.7836 6
    endloop
  endfacet
  facet normal 0 0 1
    outer loop
      vertex -4.59816 18.0965 6
      vertex -2.38649 18.5184 6
      vertex -2.51794 18.7664 6
    endloop
  endfacet
  facet normal 0 0 1
    outer loop
      vertex -0.994976 2.40209 6
      vertex -8.37494 14.6476 6
      vertex -1.44448 2.16182 6
    endloop
  endfacet
  facet normal -0 0 1
    outer loop
      vertex -8.4375 14.6142 6
      vertex -1.44448 2.16182 6
      vertex -8.37494 14.6476 6
    endloop
  endfacet
  facet normal 0 0 1
    outer loop
      vertex -4.56725 18.3755 6
      vertex -2.51794 18.7664 6
      vertex -2.66141 19.0123 6
    endloop
  endfacet
  facet normal 0 0 1
    outer loop
      vertex -2.6 0 6
      vertex -16.875 0 6
      vertex -16.8496 -0.776382 6
    endloop
  endfacet
  facet normal -0 0 1
    outer loop
      vertex -16.8496 0.776382 6
      vertex -2.55004 0.507235 6
      vertex -16.5166 3.43855 6
    endloop
  endfacet
  facet normal 0 0 1
    outer loop
      vertex -2.55004 0.507235 6
      vertex -16.8496 0.776382 6
      vertex -2.6 0 6
    endloop
  endfacet
  facet normal 0 -0 1
    outer loop
      vertex -16.3 -4.36757 6
      vertex -2.6 0 6
      vertex -16.5166 -3.43855 6
    endloop
  endfacet
  facet normal 0 0 1
    outer loop
      vertex -2.6 0 6
      vertex -16.3 -4.36757 6
      vertex -16.1258 -4.9417 6
    endloop
  endfacet
  facet normal 0 0 1
    outer loop
      vertex -16.875 0 6
      vertex -2.6 0 6
      vertex -16.8496 0.776382 6
    endloop
  endfacet
  facet normal 0 0 1
    outer loop
      vertex -17.2701 3.49002 6
      vertex -16.8496 0.776382 6
      vertex -16.5166 3.43855 6
    endloop
  endfacet
  facet normal 0 0 1
    outer loop
      vertex -17.5955 0.91452 6
      vertex -17.2701 3.49002 6
      vertex -17.534 3.51218 6
    endloop
  endfacet
  facet normal 0 0 1
    outer loop
      vertex -17.2701 3.49002 6
      vertex -17.5955 0.91452 6
      vertex -16.8496 0.776382 6
    endloop
  endfacet
  facet normal 0 0 1
    outer loop
      vertex -17.8566 0.958679 6
      vertex -17.534 3.51218 6
      vertex -17.8029 3.5088 6
    endloop
  endfacet
  facet normal 0 0 1
    outer loop
      vertex -17.534 3.51218 6
      vertex -17.8566 0.958679 6
      vertex -17.5955 0.91452 6
    endloop
  endfacet
  facet normal 0 0 1
    outer loop
      vertex -18.1162 1.02882 6
      vertex -17.8029 3.5088 6
      vertex -18.075 3.4881 6
    endloop
  endfacet
  facet normal 0 0 1
    outer loop
      vertex -17.8029 3.5088 6
      vertex -18.1162 1.02882 6
      vertex -17.8566 0.958679 6
    endloop
  endfacet
  facet normal 0 0 1
    outer loop
      vertex -18.3746 1.11653 6
      vertex -18.075 3.4881 6
      vertex -18.3495 3.4528 6
    endloop
  endfacet
  facet normal 0 0 1
    outer loop
      vertex -18.075 3.4881 6
      vertex -18.3746 1.11653 6
      vertex -18.1162 1.02882 6
    endloop
  endfacet
  facet normal 0 0 1
    outer loop
      vertex -18.6317 1.21899 6
      vertex -18.3495 3.4528 6
      vertex -18.626 3.40442 6
    endloop
  endfacet
  facet normal 0 0 1
    outer loop
      vertex -18.3495 3.4528 6
      vertex -18.6317 1.21899 6
      vertex -18.3746 1.11653 6
    endloop
  endfacet
  facet normal 0 0 1
    outer loop
      vertex -18.626 3.40442 6
      vertex -18.8875 1.33463 6
      vertex -18.6317 1.21899 6
    endloop
  endfacet
  facet normal -0 0 1
    outer loop
      vertex -18.9042 3.34396 6
      vertex -18.8875 1.33463 6
      vertex -18.626 3.40442 6
    endloop
  endfacet
  facet normal 0 0 1
    outer loop
      vertex -18.9042 3.34396 6
      vertex -19.1419 1.46237 6
      vertex -18.8875 1.33463 6
    endloop
  endfacet
  facet normal -0 0 1
    outer loop
      vertex -19.1837 3.27209 6
      vertex -19.1419 1.46237 6
      vertex -18.9042 3.34396 6
    endloop
  endfacet
  facet normal 0 0 1
    outer loop
      vertex -19.1837 3.27209 6
      vertex -19.3947 1.60147 6
      vertex -19.1419 1.46237 6
    endloop
  endfacet
  facet normal -0 0 1
    outer loop
      vertex -19.4643 3.18933 6
      vertex -19.3947 1.60147 6
      vertex -19.1837 3.27209 6
    endloop
  endfacet
  facet normal 0 0 1
    outer loop
      vertex -19.4643 3.18933 6
      vertex -19.6459 1.75142 6
      vertex -19.3947 1.60147 6
    endloop
  endfacet
  facet normal -0 0 1
    outer loop
      vertex -19.7457 3.09604 6
      vertex -19.6459 1.75142 6
      vertex -19.4643 3.18933 6
    endloop
  endfacet
  facet normal 0 0 1
    outer loop
      vertex -19.7457 3.09604 6
      vertex -19.8953 1.91176 6
      vertex -19.6459 1.75142 6
    endloop
  endfacet
  facet normal -0 0 1
    outer loop
      vertex -20.0276 2.99254 6
      vertex -19.8953 1.91176 6
      vertex -19.7457 3.09604 6
    endloop
  endfacet
  facet normal 0 0 1
    outer loop
      vertex -19.8953 1.91176 6
      vertex -20.0276 2.99254 6
      vertex -20.1427 2.08214 6
    endloop
  endfacet
  facet normal -0 0 1
    outer loop
      vertex -16.1258 4.9417 6
      vertex -2.40209 0.994976 6
      vertex -15.1458 7.4391 6
    endloop
  endfacet
  facet normal -0 0 1
    outer loop
      vertex -16.3 4.36757 6
      vertex -2.55004 0.507235 6
      vertex -16.1258 4.9417 6
    endloop
  endfacet
  facet normal 0 0 1
    outer loop
      vertex -2.40209 0.994976 6
      vertex -16.1258 4.9417 6
      vertex -2.55004 0.507235 6
    endloop
  endfacet
  facet normal 0 -0 1
    outer loop
      vertex -15.1347 -7.46361 6
      vertex -2.6 0 6
      vertex -15.1458 -7.4391 6
    endloop
  endfacet
  facet normal 0 0 1
    outer loop
      vertex -2.6 0 6
      vertex -14.6142 -8.4375 6
      vertex -14.3906 -8.79706 6
    endloop
  endfacet
  facet normal 0 0 1
    outer loop
      vertex -2.6 0 6
      vertex -15.1347 -7.46361 6
      vertex -14.6142 -8.4375 6
    endloop
  endfacet
  facet normal 0 0 1
    outer loop
      vertex -16.1258 4.9417 6
      vertex -15.1458 7.4391 6
      vertex -15.8596 7.67528 6
    endloop
  endfacet
  facet normal -0 0 1
    outer loop
      vertex -16.5166 3.43855 6
      vertex -2.55004 0.507235 6
      vertex -16.3 4.36757 6
    endloop
  endfacet
  facet normal 0 0 1
    outer loop
      vertex -16.8152 5.2616 6
      vertex -15.8596 7.67528 6
      vertex -16.1097 7.76236 6
    endloop
  endfacet
  facet normal 0 0 1
    outer loop
      vertex -2.6 0 6
      vertex -16.1258 -4.9417 6
      vertex -15.1458 -7.4391 6
    endloop
  endfacet
  facet normal 0 0 1
    outer loop
      vertex -15.1458 -7.4391 6
      vertex -16.1258 -4.9417 6
      vertex -15.8596 -7.67528 6
    endloop
  endfacet
  facet normal 0 0 1
    outer loop
      vertex -17.0572 5.36931 6
      vertex -16.1097 7.76236 6
      vertex -16.371 7.82596 6
    endloop
  endfacet
  facet normal 0 0 1
    outer loop
      vertex -17.2912 5.5018 6
      vertex -16.371 7.82596 6
      vertex -16.6396 7.87357 6
    endloop
  endfacet
  facet normal 0 0 1
    outer loop
      vertex -15.8596 7.67528 6
      vertex -16.8152 5.2616 6
      vertex -16.1258 4.9417 6
    endloop
  endfacet
  facet normal 0 0 1
    outer loop
      vertex -17.5196 5.65103 6
      vertex -16.6396 7.87357 6
      vertex -16.9143 7.90765 6
    endloop
  endfacet
  facet normal 0 0 1
    outer loop
      vertex -16.1097 7.76236 6
      vertex -17.0572 5.36931 6
      vertex -16.8152 5.2616 6
    endloop
  endfacet
  facet normal 0 0 1
    outer loop
      vertex -17.7432 5.81421 6
      vertex -16.9143 7.90765 6
      vertex -17.1942 7.92957 6
    endloop
  endfacet
  facet normal 0 0 1
    outer loop
      vertex -16.371 7.82596 6
      vertex -17.2912 5.5018 6
      vertex -17.0572 5.36931 6
    endloop
  endfacet
  facet normal 0 0 1
    outer loop
      vertex -17.9622 5.98984 6
      vertex -17.1942 7.92957 6
      vertex -17.4787 7.94019 6
    endloop
  endfacet
  facet normal 0 0 1
    outer loop
      vertex -16.6396 7.87357 6
      vertex -17.5196 5.65103 6
      vertex -17.2912 5.5018 6
    endloop
  endfacet
  facet normal 0 0 1
    outer loop
      vertex -16.9143 7.90765 6
      vertex -17.7432 5.81421 6
      vertex -17.5196 5.65103 6
    endloop
  endfacet
  facet normal 0 0 1
    outer loop
      vertex -18.1768 6.17682 6
      vertex -17.4787 7.94019 6
      vertex -17.7673 7.94009 6
    endloop
  endfacet
  facet normal 0 0 1
    outer loop
      vertex -17.1942 7.92957 6
      vertex -17.9622 5.98984 6
      vertex -17.7432 5.81421 6
    endloop
  endfacet
  facet normal 0 0 1
    outer loop
      vertex -18.3871 6.37444 6
      vertex -17.7673 7.94009 6
      vertex -18.0596 7.9297 6
    endloop
  endfacet
  facet normal 0 0 1
    outer loop
      vertex -17.4787 7.94019 6
      vertex -18.1768 6.17682 6
      vertex -17.9622 5.98984 6
    endloop
  endfacet
  facet normal 0 0 1
    outer loop
      vertex -18.5931 6.58214 6
      vertex -18.0596 7.9297 6
      vertex -18.3553 7.90932 6
    endloop
  endfacet
  facet normal 0 0 1
    outer loop
      vertex -17.7673 7.94009 6
      vertex -18.3871 6.37444 6
      vertex -18.1768 6.17682 6
    endloop
  endfacet
  facet normal 0 0 1
    outer loop
      vertex -18.0596 7.9297 6
      vertex -18.5931 6.58214 6
      vertex -18.3871 6.37444 6
    endloop
  endfacet
  facet normal 0 0 1
    outer loop
      vertex -18.7948 6.79945 6
      vertex -18.3553 7.90932 6
      vertex -18.6542 7.8792 6
    endloop
  endfacet
  facet normal 0 0 1
    outer loop
      vertex -18.3553 7.90932 6
      vertex -18.7948 6.79945 6
      vertex -18.5931 6.58214 6
    endloop
  endfacet
  facet normal 0 -0 1
    outer loop
      vertex -18.7948 6.79945 6
      vertex -18.6542 7.8792 6
      vertex -18.992 7.026 6
    endloop
  endfacet
  facet normal -0 0 1
    outer loop
      vertex -14.6142 8.4375 6
      vertex -2.16182 1.44448 6
      vertex -14.3906 8.79706 6
    endloop
  endfacet
  facet normal -0 0 1
    outer loop
      vertex -15.1347 7.46361 6
      vertex -2.40209 0.994976 6
      vertex -14.6142 8.4375 6
    endloop
  endfacet
  facet normal 0 0 1
    outer loop
      vertex -2.16182 1.44448 6
      vertex -14.6142 8.4375 6
      vertex -2.40209 0.994976 6
    endloop
  endfacet
  facet normal 0 -0 1
    outer loop
      vertex -12.6873 -11.1264 6
      vertex -2.6 0 6
      vertex -12.8161 -10.9695 6
    endloop
  endfacet
  facet normal 0 0 1
    outer loop
      vertex -2.6 0 6
      vertex -11.9324 -11.9324 6
      vertex -11.7521 -12.1013 6
    endloop
  endfacet
  facet normal 0 0 1
    outer loop
      vertex -2.6 0 6
      vertex -12.6873 -11.1264 6
      vertex -11.9324 -11.9324 6
    endloop
  endfacet
  facet normal 0 0 1
    outer loop
      vertex -14.3906 8.79706 6
      vertex -12.8161 10.9695 6
      vertex -13.4526 11.3783 6
    endloop
  endfacet
  facet normal -0 0 1
    outer loop
      vertex -15.1458 7.4391 6
      vertex -2.40209 0.994976 6
      vertex -15.1347 7.46361 6
    endloop
  endfacet
  facet normal 0 0 1
    outer loop
      vertex -14.9785 9.27808 6
      vertex -13.4526 11.3783 6
      vertex -13.6732 11.5248 6
    endloop
  endfacet
  facet normal 0 0 1
    outer loop
      vertex -2.6 0 6
      vertex -14.3906 -8.79706 6
      vertex -12.8161 -10.9695 6
    endloop
  endfacet
  facet normal 0 0 1
    outer loop
      vertex -15.186 9.44257 6
      vertex -13.6732 11.5248 6
      vertex -13.9104 11.6514 6
    endloop
  endfacet
  facet normal 0 0 1
    outer loop
      vertex -12.8161 -10.9695 6
      vertex -14.3906 -8.79706 6
      vertex -13.4526 -11.3783 6
    endloop
  endfacet
  facet normal 0 0 1
    outer loop
      vertex -15.3797 9.6291 6
      vertex -13.9104 11.6514 6
      vertex -14.1588 11.7643 6
    endloop
  endfacet
  facet normal -0 0 1
    outer loop
      vertex -14.9785 -9.27808 6
      vertex -13.4526 -11.3783 6
      vertex -14.3906 -8.79706 6
    endloop
  endfacet
  facet normal 0 0 1
    outer loop
      vertex -13.4526 -11.3783 6
      vertex -14.9785 -9.27808 6
      vertex -13.6732 -11.5248 6
    endloop
  endfacet
  facet normal 0 0 1
    outer loop
      vertex -15.5638 9.83044 6
      vertex -14.1588 11.7643 6
      vertex -14.4164 11.8656 6
    endloop
  endfacet
  facet normal 0 0 1
    outer loop
      vertex -15.7398 10.0441 6
      vertex -14.4164 11.8656 6
      vertex -14.682 11.9565 6
    endloop
  endfacet
  facet normal 0 0 1
    outer loop
      vertex -15.9083 10.2687 6
      vertex -14.682 11.9565 6
      vertex -14.9549 12.0375 6
    endloop
  endfacet
  facet normal 0 0 1
    outer loop
      vertex -13.4526 11.3783 6
      vertex -14.9785 9.27808 6
      vertex -14.3906 8.79706 6
    endloop
  endfacet
  facet normal 0 0 1
    outer loop
      vertex -13.6732 11.5248 6
      vertex -15.186 9.44257 6
      vertex -14.9785 9.27808 6
    endloop
  endfacet
  facet normal 0 0 1
    outer loop
      vertex -16.0697 10.5032 6
      vertex -14.9549 12.0375 6
      vertex -15.2345 12.1092 6
    endloop
  endfacet
  facet normal 0 0 1
    outer loop
      vertex -13.9104 11.6514 6
      vertex -15.3797 9.6291 6
      vertex -15.186 9.44257 6
    endloop
  endfacet
  facet normal 0 0 1
    outer loop
      vertex -16.2242 10.7469 6
      vertex -15.2345 12.1092 6
      vertex -15.5202 12.1718 6
    endloop
  endfacet
  facet normal 0 0 1
    outer loop
      vertex -14.1588 11.7643 6
      vertex -15.5638 9.83044 6
      vertex -15.3797 9.6291 6
    endloop
  endfacet
  facet normal 0 0 1
    outer loop
      vertex -14.4164 11.8656 6
      vertex -15.7398 10.0441 6
      vertex -15.5638 9.83044 6
    endloop
  endfacet
  facet normal 0 0 1
    outer loop
      vertex -16.3721 10.9993 6
      vertex -15.5202 12.1718 6
      vertex -15.8117 12.2256 6
    endloop
  endfacet
  facet normal 0 0 1
    outer loop
      vertex -14.682 11.9565 6
      vertex -15.9083 10.2687 6
      vertex -15.7398 10.0441 6
    endloop
  endfacet
  facet normal 0 0 1
    outer loop
      vertex -14.9549 12.0375 6
      vertex -16.0697 10.5032 6
      vertex -15.9083 10.2687 6
    endloop
  endfacet
  facet normal 0 0 1
    outer loop
      vertex -16.5134 11.2599 6
      vertex -15.8117 12.2256 6
      vertex -16.1087 12.2708 6
    endloop
  endfacet
  facet normal 0 0 1
    outer loop
      vertex -15.2345 12.1092 6
      vertex -16.2242 10.7469 6
      vertex -16.0697 10.5032 6
    endloop
  endfacet
  facet normal 0 0 1
    outer loop
      vertex -15.5202 12.1718 6
      vertex -16.3721 10.9993 6
      vertex -16.2242 10.7469 6
    endloop
  endfacet
  facet normal 0 0 1
    outer loop
      vertex -15.8117 12.2256 6
      vertex -16.5134 11.2599 6
      vertex -16.3721 10.9993 6
    endloop
  endfacet
  facet normal 0 -0 1
    outer loop
      vertex -16.5134 11.2599 6
      vertex -16.1087 12.2708 6
      vertex -16.6481 11.5284 6
    endloop
  endfacet
  facet normal -0 0 1
    outer loop
      vertex -12.6873 11.1264 6
      vertex -1.83848 1.83848 6
      vertex -11.9324 11.9324 6
    endloop
  endfacet
  facet normal 0 0 1
    outer loop
      vertex -1.83848 1.83848 6
      vertex -12.8161 10.9695 6
      vertex -2.16182 1.44448 6
    endloop
  endfacet
  facet normal -0 0 1
    outer loop
      vertex -12.8161 10.9695 6
      vertex -1.83848 1.83848 6
      vertex -12.6873 11.1264 6
    endloop
  endfacet
  facet normal 0 -0 1
    outer loop
      vertex -9.37524 -14.031 6
      vertex -2.6 0 6
      vertex -9.68355 -13.8101 6
    endloop
  endfacet
  facet normal 0 0 1
    outer loop
      vertex -2.6 0 6
      vertex -9.37524 -14.031 6
      vertex -8.37494 -14.6476 6
    endloop
  endfacet
  facet normal 0 0 1
    outer loop
      vertex -8.37494 -14.6476 6
      vertex -9.37524 -14.031 6
      vertex -8.4375 -14.6142 6
    endloop
  endfacet
  facet normal 0 0 1
    outer loop
      vertex -11.7521 12.1013 6
      vertex -9.68355 13.8101 6
      vertex -10.2003 14.3663 6
    endloop
  endfacet
  facet normal -0 0 1
    outer loop
      vertex -14.3906 8.79706 6
      vertex -2.16182 1.44448 6
      vertex -12.8161 10.9695 6
    endloop
  endfacet
  facet normal 0 0 1
    outer loop
      vertex -12.2005 12.7116 6
      vertex -10.2003 14.3663 6
      vertex -10.3775 14.5631 6
    endloop
  endfacet
  facet normal 0 0 1
    outer loop
      vertex -2.6 0 6
      vertex -11.7521 -12.1013 6
      vertex -9.68355 -13.8101 6
    endloop
  endfacet
  facet normal 0 0 1
    outer loop
      vertex -12.3606 12.9225 6
      vertex -10.3775 14.5631 6
      vertex -10.5758 14.7447 6
    endloop
  endfacet
  facet normal 0 0 1
    outer loop
      vertex -9.68355 -13.8101 6
      vertex -11.7521 -12.1013 6
      vertex -10.2003 -14.3663 6
    endloop
  endfacet
  facet normal 0 0 1
    outer loop
      vertex -12.5018 13.1514 6
      vertex -10.5758 14.7447 6
      vertex -10.7883 14.9159 6
    endloop
  endfacet
  facet normal -0 0 1
    outer loop
      vertex -12.2005 -12.7116 6
      vertex -10.2003 -14.3663 6
      vertex -11.7521 -12.1013 6
    endloop
  endfacet
  facet normal 0 0 1
    outer loop
      vertex -12.6301 13.3922 6
      vertex -10.7883 14.9159 6
      vertex -11.0126 15.0781 6
    endloop
  endfacet
  facet normal 0 0 1
    outer loop
      vertex -10.2003 -14.3663 6
      vertex -12.2005 -12.7116 6
      vertex -10.3775 -14.5631 6
    endloop
  endfacet
  facet normal 0 0 1
    outer loop
      vertex -12.7475 13.6429 6
      vertex -11.0126 15.0781 6
      vertex -11.2473 15.2321 6
    endloop
  endfacet
  facet normal -0 0 1
    outer loop
      vertex -12.3606 -12.9225 6
      vertex -10.3775 -14.5631 6
      vertex -12.2005 -12.7116 6
    endloop
  endfacet
  facet normal 0 0 1
    outer loop
      vertex -12.8548 13.9023 6
      vertex -11.2473 15.2321 6
      vertex -11.4915 15.3785 6
    endloop
  endfacet
  facet normal 0 0 1
    outer loop
      vertex -10.3775 -14.5631 6
      vertex -12.3606 -12.9225 6
      vertex -10.5758 -14.7447 6
    endloop
  endfacet
  facet normal 0 0 1
    outer loop
      vertex -12.9528 14.1696 6
      vertex -11.4915 15.3785 6
      vertex -11.7444 15.5174 6
    endloop
  endfacet
  facet normal -0 0 1
    outer loop
      vertex -12.5018 -13.1514 6
      vertex -10.5758 -14.7447 6
      vertex -12.3606 -12.9225 6
    endloop
  endfacet
  facet normal 0 0 1
    outer loop
      vertex -10.5758 -14.7447 6
      vertex -12.5018 -13.1514 6
      vertex -10.7883 -14.9159 6
    endloop
  endfacet
  facet normal 0 0 1
    outer loop
      vertex -13.0419 14.444 6
      vertex -11.7444 15.5174 6
      vertex -12.0056 15.6491 6
    endloop
  endfacet
  facet normal 0 0 1
    outer loop
      vertex -10.2003 14.3663 6
      vertex -12.2005 12.7116 6
      vertex -11.7521 12.1013 6
    endloop
  endfacet
  facet normal 0 0 1
    outer loop
      vertex -13.1223 14.7253 6
      vertex -12.0056 15.6491 6
      vertex -12.2746 15.7737 6
    endloop
  endfacet
  facet normal 0 0 1
    outer loop
      vertex -10.3775 14.5631 6
      vertex -12.3606 12.9225 6
      vertex -12.2005 12.7116 6
    endloop
  endfacet
  facet normal 0 0 1
    outer loop
      vertex -10.5758 14.7447 6
      vertex -12.5018 13.1514 6
      vertex -12.3606 12.9225 6
    endloop
  endfacet
  facet normal 0 0 1
    outer loop
      vertex -13.1943 15.0129 6
      vertex -12.2746 15.7737 6
      vertex -12.551 15.8913 6
    endloop
  endfacet
  facet normal 0 0 1
    outer loop
      vertex -10.7883 14.9159 6
      vertex -12.6301 13.3922 6
      vertex -12.5018 13.1514 6
    endloop
  endfacet
  facet normal 0 0 1
    outer loop
      vertex -11.0126 15.0781 6
      vertex -12.7475 13.6429 6
      vertex -12.6301 13.3922 6
    endloop
  endfacet
  facet normal 0 0 1
    outer loop
      vertex -11.2473 15.2321 6
      vertex -12.8548 13.9023 6
      vertex -12.7475 13.6429 6
    endloop
  endfacet
  facet normal 0 0 1
    outer loop
      vertex -11.4915 15.3785 6
      vertex -12.9528 14.1696 6
      vertex -12.8548 13.9023 6
    endloop
  endfacet
  facet normal 0 0 1
    outer loop
      vertex -11.7444 15.5174 6
      vertex -13.0419 14.444 6
      vertex -12.9528 14.1696 6
    endloop
  endfacet
  facet normal 0 0 1
    outer loop
      vertex -12.0056 15.6491 6
      vertex -13.1223 14.7253 6
      vertex -13.0419 14.444 6
    endloop
  endfacet
  facet normal 0 0 1
    outer loop
      vertex -12.2746 15.7737 6
      vertex -13.1943 15.0129 6
      vertex -13.1223 14.7253 6
    endloop
  endfacet
  facet normal 0 -0 1
    outer loop
      vertex -13.1943 15.0129 6
      vertex -12.551 15.8913 6
      vertex -13.258 15.3064 6
    endloop
  endfacet
  facet normal 0 0 1
    outer loop
      vertex -1.44448 2.16182 6
      vertex -9.68355 13.8101 6
      vertex -1.83848 1.83848 6
    endloop
  endfacet
  facet normal -0 0 1
    outer loop
      vertex -11.7521 12.1013 6
      vertex -1.83848 1.83848 6
      vertex -9.68355 13.8101 6
    endloop
  endfacet
  facet normal 0 -0 1
    outer loop
      vertex -5.42429 -15.9794 6
      vertex -2.6 0 6
      vertex -5.94447 -15.7836 6
    endloop
  endfacet
  facet normal 0 0 1
    outer loop
      vertex -2.6 0 6
      vertex -5.42429 -15.9794 6
      vertex -4.46899 -16.2692 6
    endloop
  endfacet
  facet normal 0 0 1
    outer loop
      vertex -8.37494 14.6476 6
      vertex -5.94447 15.7836 6
      vertex -6.30705 16.4517 6
    endloop
  endfacet
  facet normal -0 0 1
    outer loop
      vertex -11.9324 11.9324 6
      vertex -1.83848 1.83848 6
      vertex -11.7521 12.1013 6
    endloop
  endfacet
  facet normal 0 0 1
    outer loop
      vertex -8.65596 15.3464 6
      vertex -6.30705 16.4517 6
      vertex -6.42975 16.6864 6
    endloop
  endfacet
  facet normal 0 0 1
    outer loop
      vertex -2.6 0 6
      vertex -8.37494 -14.6476 6
      vertex -5.94447 -15.7836 6
    endloop
  endfacet
  facet normal 0 0 1
    outer loop
      vertex -8.75859 15.5905 6
      vertex -6.42975 16.6864 6
      vertex -6.57668 16.9116 6
    endloop
  endfacet
  facet normal 0 0 1
    outer loop
      vertex -5.94447 -15.7836 6
      vertex -8.37494 -14.6476 6
      vertex -6.30705 -16.4517 6
    endloop
  endfacet
  facet normal 0 0 1
    outer loop
      vertex -8.83847 15.8473 6
      vertex -6.57668 16.9116 6
      vertex -6.73994 17.1302 6
    endloop
  endfacet
  facet normal -0 0 1
    outer loop
      vertex -8.65596 -15.3464 6
      vertex -6.30705 -16.4517 6
      vertex -8.37494 -14.6476 6
    endloop
  endfacet
  facet normal 0 0 1
    outer loop
      vertex -8.90285 16.1124 6
      vertex -6.73994 17.1302 6
      vertex -6.91684 17.3431 6
    endloop
  endfacet
  facet normal 0 0 1
    outer loop
      vertex -6.30705 -16.4517 6
      vertex -8.65596 -15.3464 6
      vertex -6.42975 -16.6864 6
    endloop
  endfacet
  facet normal 0 0 1
    outer loop
      vertex -8.95412 16.3844 6
      vertex -6.91684 17.3431 6
      vertex -7.10587 17.5507 6
    endloop
  endfacet
  facet normal -0 0 1
    outer loop
      vertex -8.75859 -15.5905 6
      vertex -6.42975 -16.6864 6
      vertex -8.65596 -15.3464 6
    endloop
  endfacet
  facet normal 0 0 1
    outer loop
      vertex -8.99356 16.6624 6
      vertex -7.10587 17.5507 6
      vertex -7.30597 17.7531 6
    endloop
  endfacet
  facet normal 0 0 1
    outer loop
      vertex -6.42975 -16.6864 6
      vertex -8.75859 -15.5905 6
      vertex -6.57668 -16.9116 6
    endloop
  endfacet
  facet normal 0 0 1
    outer loop
      vertex -9.02202 16.9456 6
      vertex -7.30597 17.7531 6
      vertex -7.5164 17.9506 6
    endloop
  endfacet
  facet normal -0 0 1
    outer loop
      vertex -8.83847 -15.8473 6
      vertex -6.57668 -16.9116 6
      vertex -8.75859 -15.5905 6
    endloop
  endfacet
  facet normal 0 0 1
    outer loop
      vertex -9.04004 17.2336 6
      vertex -7.5164 17.9506 6
      vertex -7.73662 18.1432 6
    endloop
  endfacet
  facet normal 0 0 1
    outer loop
      vertex -6.57668 -16.9116 6
      vertex -8.83847 -15.8473 6
      vertex -6.73994 -17.1302 6
    endloop
  endfacet
  facet normal 0 0 1
    outer loop
      vertex -9.04803 17.5261 6
      vertex -7.73662 18.1432 6
      vertex -7.96617 18.3307 6
    endloop
  endfacet
  facet normal -0 0 1
    outer loop
      vertex -8.90285 -16.1124 6
      vertex -6.73994 -17.1302 6
      vertex -8.83847 -15.8473 6
    endloop
  endfacet
  facet normal 0 0 1
    outer loop
      vertex -9.04625 17.8225 6
      vertex -7.96617 18.3307 6
      vertex -8.20465 18.5134 6
    endloop
  endfacet
  facet normal 0 0 1
    outer loop
      vertex -6.73994 -17.1302 6
      vertex -8.90285 -16.1124 6
      vertex -6.91684 -17.3431 6
    endloop
  endfacet
  facet normal -0 0 1
    outer loop
      vertex -8.95412 -16.3844 6
      vertex -6.91684 -17.3431 6
      vertex -8.90285 -16.1124 6
    endloop
  endfacet
  facet normal 0 0 1
    outer loop
      vertex -6.30705 16.4517 6
      vertex -8.65596 15.3464 6
      vertex -8.37494 14.6476 6
    endloop
  endfacet
  facet normal 0 0 1
    outer loop
      vertex -6.42975 16.6864 6
      vertex -8.75859 15.5905 6
      vertex -8.65596 15.3464 6
    endloop
  endfacet
  facet normal 0 0 1
    outer loop
      vertex -6.57668 16.9116 6
      vertex -8.83847 15.8473 6
      vertex -8.75859 15.5905 6
    endloop
  endfacet
  facet normal 0 0 1
    outer loop
      vertex -6.73994 17.1302 6
      vertex -8.90285 16.1124 6
      vertex -8.83847 15.8473 6
    endloop
  endfacet
  facet normal 0 0 1
    outer loop
      vertex -6.91684 17.3431 6
      vertex -8.95412 16.3844 6
      vertex -8.90285 16.1124 6
    endloop
  endfacet
  facet normal 0 0 1
    outer loop
      vertex -7.10587 17.5507 6
      vertex -8.99356 16.6624 6
      vertex -8.95412 16.3844 6
    endloop
  endfacet
  facet normal 0 0 1
    outer loop
      vertex -7.30597 17.7531 6
      vertex -9.02202 16.9456 6
      vertex -8.99356 16.6624 6
    endloop
  endfacet
  facet normal 0 0 1
    outer loop
      vertex -9.04625 17.8225 6
      vertex -8.20465 18.5134 6
      vertex -9.03496 18.1227 6
    endloop
  endfacet
  facet normal 0 0 1
    outer loop
      vertex -7.5164 17.9506 6
      vertex -9.04004 17.2336 6
      vertex -9.02202 16.9456 6
    endloop
  endfacet
  facet normal 0 0 1
    outer loop
      vertex -7.96617 18.3307 6
      vertex -9.04625 17.8225 6
      vertex -9.04803 17.5261 6
    endloop
  endfacet
  facet normal 0 0 1
    outer loop
      vertex -7.73662 18.1432 6
      vertex -9.04803 17.5261 6
      vertex -9.04004 17.2336 6
    endloop
  endfacet
  facet normal -0 0 1
    outer loop
      vertex -4.61974 -17.5474 6
      vertex -2.16431 -18.0158 6
      vertex -4.60622 -17.2789 6
    endloop
  endfacet
  facet normal 0 0 1
    outer loop
      vertex -2.16431 -18.0158 6
      vertex -4.61974 -17.5474 6
      vertex -2.26808 -18.2682 6
    endloop
  endfacet
  facet normal 0 0 1
    outer loop
      vertex -2.38649 -18.5184 6
      vertex -4.4702 -18.9404 6
      vertex -4.40521 -19.2256 6
    endloop
  endfacet
  facet normal 0 0 1
    outer loop
      vertex -2.38649 -18.5184 6
      vertex -4.52437 -18.6569 6
      vertex -4.4702 -18.9404 6
    endloop
  endfacet
  facet normal 0 0 1
    outer loop
      vertex -2.38649 -18.5184 6
      vertex -4.56725 -18.3755 6
      vertex -4.52437 -18.6569 6
    endloop
  endfacet
  facet normal 0 0 1
    outer loop
      vertex -2.38649 -18.5184 6
      vertex -4.59816 -18.0965 6
      vertex -4.56725 -18.3755 6
    endloop
  endfacet
  facet normal -0 -0 1
    outer loop
      vertex -4.61615 -17.8203 6
      vertex -2.26808 -18.2682 6
      vertex -4.61974 -17.5474 6
    endloop
  endfacet
  facet normal 0 0 1
    outer loop
      vertex -2.38649 -18.5184 6
      vertex -4.61615 -17.8203 6
      vertex -4.59816 -18.0965 6
    endloop
  endfacet
  facet normal 0 0 1
    outer loop
      vertex -2.26808 -18.2682 6
      vertex -4.61615 -17.8203 6
      vertex -2.38649 -18.5184 6
    endloop
  endfacet
  facet normal 0 0 1
    outer loop
      vertex -6.91684 -17.3431 6
      vertex -8.95412 -16.3844 6
      vertex -7.10587 -17.5507 6
    endloop
  endfacet
  facet normal -0 0 1
    outer loop
      vertex -8.99356 -16.6624 6
      vertex -7.10587 -17.5507 6
      vertex -8.95412 -16.3844 6
    endloop
  endfacet
  facet normal 0 0 1
    outer loop
      vertex -7.10587 -17.5507 6
      vertex -8.99356 -16.6624 6
      vertex -7.30597 -17.7531 6
    endloop
  endfacet
  facet normal -0 0 1
    outer loop
      vertex -9.02202 -16.9456 6
      vertex -7.30597 -17.7531 6
      vertex -8.99356 -16.6624 6
    endloop
  endfacet
  facet normal 0 0 1
    outer loop
      vertex -7.30597 -17.7531 6
      vertex -9.02202 -16.9456 6
      vertex -7.5164 -17.9506 6
    endloop
  endfacet
  facet normal -0 0 1
    outer loop
      vertex -9.04004 -17.2336 6
      vertex -7.5164 -17.9506 6
      vertex -9.02202 -16.9456 6
    endloop
  endfacet
  facet normal 0 0 1
    outer loop
      vertex -7.5164 -17.9506 6
      vertex -9.04004 -17.2336 6
      vertex -7.73662 -18.1432 6
    endloop
  endfacet
  facet normal -0 0 1
    outer loop
      vertex -9.04803 -17.5261 6
      vertex -7.73662 -18.1432 6
      vertex -9.04004 -17.2336 6
    endloop
  endfacet
  facet normal 0 0 1
    outer loop
      vertex -7.73662 -18.1432 6
      vertex -9.04803 -17.5261 6
      vertex -7.96617 -18.3307 6
    endloop
  endfacet
  facet normal -0 -0 1
    outer loop
      vertex -9.04625 -17.8225 6
      vertex -7.96617 -18.3307 6
      vertex -9.04803 -17.5261 6
    endloop
  endfacet
  facet normal 0 0 1
    outer loop
      vertex -8.20465 -18.5134 6
      vertex -9.04625 -17.8225 6
      vertex -9.03496 -18.1227 6
    endloop
  endfacet
  facet normal 0 0 1
    outer loop
      vertex -7.96617 -18.3307 6
      vertex -9.04625 -17.8225 6
      vertex -8.20465 -18.5134 6
    endloop
  endfacet
  facet normal -0 0 1
    outer loop
      vertex -12.6301 -13.3922 6
      vertex -10.7883 -14.9159 6
      vertex -12.5018 -13.1514 6
    endloop
  endfacet
  facet normal 0 0 1
    outer loop
      vertex -10.7883 -14.9159 6
      vertex -12.6301 -13.3922 6
      vertex -11.0126 -15.0781 6
    endloop
  endfacet
  facet normal -0 0 1
    outer loop
      vertex -12.7475 -13.6429 6
      vertex -11.0126 -15.0781 6
      vertex -12.6301 -13.3922 6
    endloop
  endfacet
  facet normal 0 0 1
    outer loop
      vertex -11.0126 -15.0781 6
      vertex -12.7475 -13.6429 6
      vertex -11.2473 -15.2321 6
    endloop
  endfacet
  facet normal -0 0 1
    outer loop
      vertex -12.8548 -13.9023 6
      vertex -11.2473 -15.2321 6
      vertex -12.7475 -13.6429 6
    endloop
  endfacet
  facet normal 0 0 1
    outer loop
      vertex -11.2473 -15.2321 6
      vertex -12.8548 -13.9023 6
      vertex -11.4915 -15.3785 6
    endloop
  endfacet
  facet normal -0 0 1
    outer loop
      vertex -12.9528 -14.1696 6
      vertex -11.4915 -15.3785 6
      vertex -12.8548 -13.9023 6
    endloop
  endfacet
  facet normal 0 0 1
    outer loop
      vertex -11.4915 -15.3785 6
      vertex -12.9528 -14.1696 6
      vertex -11.7444 -15.5174 6
    endloop
  endfacet
  facet normal -0 0 1
    outer loop
      vertex -13.0419 -14.444 6
      vertex -11.7444 -15.5174 6
      vertex -12.9528 -14.1696 6
    endloop
  endfacet
  facet normal 0 0 1
    outer loop
      vertex -11.7444 -15.5174 6
      vertex -13.0419 -14.444 6
      vertex -12.0056 -15.6491 6
    endloop
  endfacet
  facet normal -0 0 1
    outer loop
      vertex -13.1223 -14.7253 6
      vertex -12.0056 -15.6491 6
      vertex -13.0419 -14.444 6
    endloop
  endfacet
  facet normal 0 0 1
    outer loop
      vertex -12.0056 -15.6491 6
      vertex -13.1223 -14.7253 6
      vertex -12.2746 -15.7737 6
    endloop
  endfacet
  facet normal -0 0 1
    outer loop
      vertex -13.1943 -15.0129 6
      vertex -12.2746 -15.7737 6
      vertex -13.1223 -14.7253 6
    endloop
  endfacet
  facet normal 0 0 1
    outer loop
      vertex -12.2746 -15.7737 6
      vertex -13.1943 -15.0129 6
      vertex -12.551 -15.8913 6
    endloop
  endfacet
  facet normal 0 0 1
    outer loop
      vertex -12.551 -15.8913 6
      vertex -13.1943 -15.0129 6
      vertex -13.258 -15.3064 6
    endloop
  endfacet
  facet normal -0 0 1
    outer loop
      vertex -15.186 -9.44257 6
      vertex -13.6732 -11.5248 6
      vertex -14.9785 -9.27808 6
    endloop
  endfacet
  facet normal 0 0 1
    outer loop
      vertex -13.6732 -11.5248 6
      vertex -15.186 -9.44257 6
      vertex -13.9104 -11.6514 6
    endloop
  endfacet
  facet normal -0 0 1
    outer loop
      vertex -15.3797 -9.6291 6
      vertex -13.9104 -11.6514 6
      vertex -15.186 -9.44257 6
    endloop
  endfacet
  facet normal 0 0 1
    outer loop
      vertex -13.9104 -11.6514 6
      vertex -15.3797 -9.6291 6
      vertex -14.1588 -11.7643 6
    endloop
  endfacet
  facet normal -0 0 1
    outer loop
      vertex -15.5638 -9.83044 6
      vertex -14.1588 -11.7643 6
      vertex -15.3797 -9.6291 6
    endloop
  endfacet
  facet normal 0 0 1
    outer loop
      vertex -14.1588 -11.7643 6
      vertex -15.5638 -9.83044 6
      vertex -14.4164 -11.8656 6
    endloop
  endfacet
  facet normal -0 0 1
    outer loop
      vertex -15.7398 -10.0441 6
      vertex -14.4164 -11.8656 6
      vertex -15.5638 -9.83044 6
    endloop
  endfacet
  facet normal 0 0 1
    outer loop
      vertex -14.4164 -11.8656 6
      vertex -15.7398 -10.0441 6
      vertex -14.682 -11.9565 6
    endloop
  endfacet
  facet normal -0 0 1
    outer loop
      vertex -15.9083 -10.2687 6
      vertex -14.682 -11.9565 6
      vertex -15.7398 -10.0441 6
    endloop
  endfacet
  facet normal 0 0 1
    outer loop
      vertex -14.682 -11.9565 6
      vertex -15.9083 -10.2687 6
      vertex -14.9549 -12.0375 6
    endloop
  endfacet
  facet normal -0 0 1
    outer loop
      vertex -16.0697 -10.5032 6
      vertex -14.9549 -12.0375 6
      vertex -15.9083 -10.2687 6
    endloop
  endfacet
  facet normal 0 0 1
    outer loop
      vertex -14.9549 -12.0375 6
      vertex -16.0697 -10.5032 6
      vertex -15.2345 -12.1092 6
    endloop
  endfacet
  facet normal -0 0 1
    outer loop
      vertex -16.2242 -10.7469 6
      vertex -15.2345 -12.1092 6
      vertex -16.0697 -10.5032 6
    endloop
  endfacet
  facet normal 0 0 1
    outer loop
      vertex -15.2345 -12.1092 6
      vertex -16.2242 -10.7469 6
      vertex -15.5202 -12.1718 6
    endloop
  endfacet
  facet normal -0 0 1
    outer loop
      vertex -16.3721 -10.9993 6
      vertex -15.5202 -12.1718 6
      vertex -16.2242 -10.7469 6
    endloop
  endfacet
  facet normal 0 0 1
    outer loop
      vertex -15.5202 -12.1718 6
      vertex -16.3721 -10.9993 6
      vertex -15.8117 -12.2256 6
    endloop
  endfacet
  facet normal -0 0 1
    outer loop
      vertex -16.5134 -11.2599 6
      vertex -15.8117 -12.2256 6
      vertex -16.3721 -10.9993 6
    endloop
  endfacet
  facet normal 0 0 1
    outer loop
      vertex -15.8117 -12.2256 6
      vertex -16.5134 -11.2599 6
      vertex -16.1087 -12.2708 6
    endloop
  endfacet
  facet normal 0 0 1
    outer loop
      vertex -16.1087 -12.2708 6
      vertex -16.5134 -11.2599 6
      vertex -16.6481 -11.5284 6
    endloop
  endfacet
  facet normal -0 0 1
    outer loop
      vertex -16.8152 -5.2616 6
      vertex -15.8596 -7.67528 6
      vertex -16.1258 -4.9417 6
    endloop
  endfacet
  facet normal 0 0 1
    outer loop
      vertex -15.8596 -7.67528 6
      vertex -16.8152 -5.2616 6
      vertex -16.1097 -7.76236 6
    endloop
  endfacet
  facet normal -0 0 1
    outer loop
      vertex -17.0572 -5.36931 6
      vertex -16.1097 -7.76236 6
      vertex -16.8152 -5.2616 6
    endloop
  endfacet
  facet normal 0 0 1
    outer loop
      vertex -16.1097 -7.76236 6
      vertex -17.0572 -5.36931 6
      vertex -16.371 -7.82596 6
    endloop
  endfacet
  facet normal -0 0 1
    outer loop
      vertex -17.2912 -5.5018 6
      vertex -16.371 -7.82596 6
      vertex -17.0572 -5.36931 6
    endloop
  endfacet
  facet normal 0 0 1
    outer loop
      vertex -16.371 -7.82596 6
      vertex -17.2912 -5.5018 6
      vertex -16.6396 -7.87357 6
    endloop
  endfacet
  facet normal -0 0 1
    outer loop
      vertex -17.5196 -5.65103 6
      vertex -16.6396 -7.87357 6
      vertex -17.2912 -5.5018 6
    endloop
  endfacet
  facet normal 0 0 1
    outer loop
      vertex -16.6396 -7.87357 6
      vertex -17.5196 -5.65103 6
      vertex -16.9143 -7.90765 6
    endloop
  endfacet
  facet normal -0 0 1
    outer loop
      vertex -17.7432 -5.81421 6
      vertex -16.9143 -7.90765 6
      vertex -17.5196 -5.65103 6
    endloop
  endfacet
  facet normal 0 0 1
    outer loop
      vertex -16.9143 -7.90765 6
      vertex -17.7432 -5.81421 6
      vertex -17.1942 -7.92957 6
    endloop
  endfacet
  facet normal -0 0 1
    outer loop
      vertex -17.9622 -5.98984 6
      vertex -17.1942 -7.92957 6
      vertex -17.7432 -5.81421 6
    endloop
  endfacet
  facet normal 0 0 1
    outer loop
      vertex -17.1942 -7.92957 6
      vertex -17.9622 -5.98984 6
      vertex -17.4787 -7.94019 6
    endloop
  endfacet
  facet normal -0 0 1
    outer loop
      vertex -18.1768 -6.17682 6
      vertex -17.4787 -7.94019 6
      vertex -17.9622 -5.98984 6
    endloop
  endfacet
  facet normal 0 0 1
    outer loop
      vertex -17.4787 -7.94019 6
      vertex -18.1768 -6.17682 6
      vertex -17.7673 -7.94009 6
    endloop
  endfacet
  facet normal -0 0 1
    outer loop
      vertex -18.3871 -6.37444 6
      vertex -17.7673 -7.94009 6
      vertex -18.1768 -6.17682 6
    endloop
  endfacet
  facet normal 0 0 1
    outer loop
      vertex -17.7673 -7.94009 6
      vertex -18.3871 -6.37444 6
      vertex -18.0596 -7.9297 6
    endloop
  endfacet
  facet normal -0 0 1
    outer loop
      vertex -18.5931 -6.58214 6
      vertex -18.0596 -7.9297 6
      vertex -18.3871 -6.37444 6
    endloop
  endfacet
  facet normal 0 0 1
    outer loop
      vertex -18.0596 -7.9297 6
      vertex -18.5931 -6.58214 6
      vertex -18.3553 -7.90932 6
    endloop
  endfacet
  facet normal -0 0 1
    outer loop
      vertex -18.7948 -6.79945 6
      vertex -18.3553 -7.90932 6
      vertex -18.5931 -6.58214 6
    endloop
  endfacet
  facet normal 0 0 1
    outer loop
      vertex -18.3553 -7.90932 6
      vertex -18.7948 -6.79945 6
      vertex -18.6542 -7.8792 6
    endloop
  endfacet
  facet normal 0 0 1
    outer loop
      vertex -18.6542 -7.8792 6
      vertex -18.7948 -6.79945 6
      vertex -18.992 -7.026 6
    endloop
  endfacet
  facet normal 0 0 1
    outer loop
      vertex -2.6 0 6
      vertex -16.8496 -0.776382 6
      vertex -16.5166 -3.43855 6
    endloop
  endfacet
  facet normal 0 0 1
    outer loop
      vertex -16.8496 -0.776382 6
      vertex -17.2701 -3.49002 6
      vertex -16.5166 -3.43855 6
    endloop
  endfacet
  facet normal -0 0 1
    outer loop
      vertex -17.5955 -0.91452 6
      vertex -17.2701 -3.49002 6
      vertex -16.8496 -0.776382 6
    endloop
  endfacet
  facet normal 0 0 1
    outer loop
      vertex -17.2701 -3.49002 6
      vertex -17.5955 -0.91452 6
      vertex -17.534 -3.51218 6
    endloop
  endfacet
  facet normal -0 0 1
    outer loop
      vertex -17.8566 -0.958679 6
      vertex -17.534 -3.51218 6
      vertex -17.5955 -0.91452 6
    endloop
  endfacet
  facet normal 0 0 1
    outer loop
      vertex -17.534 -3.51218 6
      vertex -17.8566 -0.958679 6
      vertex -17.8029 -3.5088 6
    endloop
  endfacet
  facet normal -0 0 1
    outer loop
      vertex -18.1162 -1.02882 6
      vertex -17.8029 -3.5088 6
      vertex -17.8566 -0.958679 6
    endloop
  endfacet
  facet normal 0 0 1
    outer loop
      vertex -17.8029 -3.5088 6
      vertex -18.1162 -1.02882 6
      vertex -18.075 -3.4881 6
    endloop
  endfacet
  facet normal -0 0 1
    outer loop
      vertex -18.3746 -1.11653 6
      vertex -18.075 -3.4881 6
      vertex -18.1162 -1.02882 6
    endloop
  endfacet
  facet normal 0 0 1
    outer loop
      vertex -18.075 -3.4881 6
      vertex -18.3746 -1.11653 6
      vertex -18.3495 -3.4528 6
    endloop
  endfacet
  facet normal -0 0 1
    outer loop
      vertex -18.6317 -1.21899 6
      vertex -18.3495 -3.4528 6
      vertex -18.3746 -1.11653 6
    endloop
  endfacet
  facet normal 0 0 1
    outer loop
      vertex -18.3495 -3.4528 6
      vertex -18.6317 -1.21899 6
      vertex -18.626 -3.40442 6
    endloop
  endfacet
  facet normal -0 0 1
    outer loop
      vertex -18.8875 -1.33463 6
      vertex -18.626 -3.40442 6
      vertex -18.6317 -1.21899 6
    endloop
  endfacet
  facet normal 0 0 1
    outer loop
      vertex -18.8875 -1.33463 6
      vertex -18.9042 -3.34396 6
      vertex -18.626 -3.40442 6
    endloop
  endfacet
  facet normal -0 0 1
    outer loop
      vertex -19.1419 -1.46237 6
      vertex -18.9042 -3.34396 6
      vertex -18.8875 -1.33463 6
    endloop
  endfacet
  facet normal 0 0 1
    outer loop
      vertex -19.1419 -1.46237 6
      vertex -19.1837 -3.27209 6
      vertex -18.9042 -3.34396 6
    endloop
  endfacet
  facet normal -0 0 1
    outer loop
      vertex -19.3947 -1.60147 6
      vertex -19.1837 -3.27209 6
      vertex -19.1419 -1.46237 6
    endloop
  endfacet
  facet normal 0 0 1
    outer loop
      vertex -19.3947 -1.60147 6
      vertex -19.4643 -3.18933 6
      vertex -19.1837 -3.27209 6
    endloop
  endfacet
  facet normal -0 0 1
    outer loop
      vertex -19.6459 -1.75142 6
      vertex -19.4643 -3.18933 6
      vertex -19.3947 -1.60147 6
    endloop
  endfacet
  facet normal 0 0 1
    outer loop
      vertex -19.6459 -1.75142 6
      vertex -19.7457 -3.09604 6
      vertex -19.4643 -3.18933 6
    endloop
  endfacet
  facet normal -0 0 1
    outer loop
      vertex -19.8953 -1.91176 6
      vertex -19.7457 -3.09604 6
      vertex -19.6459 -1.75142 6
    endloop
  endfacet
  facet normal 0 0 1
    outer loop
      vertex -19.8953 -1.91176 6
      vertex -20.0276 -2.99254 6
      vertex -19.7457 -3.09604 6
    endloop
  endfacet
  facet normal 0 -0 1
    outer loop
      vertex -20.0276 -2.99254 6
      vertex -19.8953 -1.91176 6
      vertex -20.1427 -2.08214 6
    endloop
  endfacet
  facet normal 0 0 1
    outer loop
      vertex 2.40428 -17.7199 6
      vertex -0.164413 -17.8815 6
      vertex 2.38402 -17.9881 6
    endloop
  endfacet
  facet normal 0 -0 1
    outer loop
      vertex -0.110718 -18.145 6
      vertex 2.38402 -17.9881 6
      vertex -0.164413 -17.8815 6
    endloop
  endfacet
  facet normal 0 -0 1
    outer loop
      vertex -0.0393982 -18.4084 6
      vertex 2.34628 -18.2583 6
      vertex -0.110718 -18.145 6
    endloop
  endfacet
  facet normal 0 0 1
    outer loop
      vertex 2.34628 -18.2583 6
      vertex -0.0393982 -18.4084 6
      vertex 2.29381 -18.5301 6
    endloop
  endfacet
  facet normal 0 -0 1
    outer loop
      vertex 0.0466919 -18.6715 6
      vertex 2.29381 -18.5301 6
      vertex -0.0393982 -18.4084 6
    endloop
  endfacet
  facet normal 0 0 1
    outer loop
      vertex 2.38402 -17.9881 6
      vertex -0.110718 -18.145 6
      vertex 2.34628 -18.2583 6
    endloop
  endfacet
  facet normal 0 -0 1
    outer loop
      vertex -0.164413 -17.8815 6
      vertex 2.39873 -17.4552 6
      vertex -0.192108 -17.6182 6
    endloop
  endfacet
  facet normal 0 0 1
    outer loop
      vertex 2.29381 -18.5301 6
      vertex 0.0466919 -18.6715 6
      vertex 2.22816 -18.803 6
    endloop
  endfacet
  facet normal 0 -0 1
    outer loop
      vertex 0.146042 -18.934 6
      vertex 2.22816 -18.803 6
      vertex 0.0466919 -18.6715 6
    endloop
  endfacet
  facet normal 0 0 1
    outer loop
      vertex 1.72908 -20.176 6
      vertex 0.658752 -19.976 6
      vertex 0.813263 -20.2336 6
    endloop
  endfacet
  facet normal -0 0 1
    outer loop
      vertex 0 -2.6 6
      vertex 2.39467 -16.6989 6
      vertex 0.507235 -2.55004 6
    endloop
  endfacet
  facet normal 0 -0 1
    outer loop
      vertex 0.257553 -19.196 6
      vertex 2.15036 -19.0769 6
      vertex 0.146042 -18.934 6
    endloop
  endfacet
  facet normal 0 0 1
    outer loop
      vertex 1.8501 -19.9011 6
      vertex 0.658752 -19.976 6
      vertex 1.72908 -20.176 6
    endloop
  endfacet
  facet normal 0 -0 1
    outer loop
      vertex 0.658752 -19.976 6
      vertex 1.8501 -19.9011 6
      vertex 0.514389 -19.7171 6
    endloop
  endfacet
  facet normal 0 0 1
    outer loop
      vertex 1.96086 -19.6261 6
      vertex 0.514389 -19.7171 6
      vertex 1.8501 -19.9011 6
    endloop
  endfacet
  facet normal 0 0 1
    outer loop
      vertex 2.39467 -16.6989 6
      vertex 0 -2.6 6
      vertex -0.283051 -16.8657 6
    endloop
  endfacet
  facet normal 0 -0 1
    outer loop
      vertex 0.514389 -19.7171 6
      vertex 1.96086 -19.6261 6
      vertex 0.380508 -19.457 6
    endloop
  endfacet
  facet normal 0 0 1
    outer loop
      vertex 2.06108 -19.3513 6
      vertex 0.380508 -19.457 6
      vertex 1.96086 -19.6261 6
    endloop
  endfacet
  facet normal 0 -0 1
    outer loop
      vertex 0.380508 -19.457 6
      vertex 2.06108 -19.3513 6
      vertex 0.257553 -19.196 6
    endloop
  endfacet
  facet normal 0 0 1
    outer loop
      vertex 2.22816 -18.803 6
      vertex 0.146042 -18.934 6
      vertex 2.15036 -19.0769 6
    endloop
  endfacet
  facet normal 0 0 1
    outer loop
      vertex 2.15036 -19.0769 6
      vertex 0.257553 -19.196 6
      vertex 2.06108 -19.3513 6
    endloop
  endfacet
  facet normal 0 0 1
    outer loop
      vertex -1.8327 -16.7671 6
      vertex 0 -2.6 6
      vertex -0.507235 -2.55004 6
    endloop
  endfacet
  facet normal 0 0 1
    outer loop
      vertex -4.46899 -16.2692 6
      vertex -0.507235 -2.55004 6
      vertex -0.994976 -2.40209 6
    endloop
  endfacet
  facet normal 0 0 1
    outer loop
      vertex 0 -2.6 6
      vertex -1.10367 -16.8389 6
      vertex -0.283051 -16.8657 6
    endloop
  endfacet
  facet normal 0 0 1
    outer loop
      vertex -4.46899 -16.2692 6
      vertex -0.994976 -2.40209 6
      vertex -1.44448 -2.16182 6
    endloop
  endfacet
  facet normal 0 0 1
    outer loop
      vertex 0 -2.6 6
      vertex -1.8327 -16.7671 6
      vertex -1.10367 -16.8389 6
    endloop
  endfacet
  facet normal 0 0 1
    outer loop
      vertex -4.46899 -16.2692 6
      vertex -1.44448 -2.16182 6
      vertex -1.83848 -1.83848 6
    endloop
  endfacet
  facet normal 0 0 1
    outer loop
      vertex -0.507235 -2.55004 6
      vertex -4.46899 -16.2692 6
      vertex -1.8327 -16.7671 6
    endloop
  endfacet
  facet normal 0 0 1
    outer loop
      vertex -4.46899 -16.2692 6
      vertex -2.01753 -17.5033 6
      vertex -1.8327 -16.7671 6
    endloop
  endfacet
  facet normal 0 0 1
    outer loop
      vertex -4.46899 -16.2692 6
      vertex -1.83848 -1.83848 6
      vertex -2.16182 -1.44448 6
    endloop
  endfacet
  facet normal -0 0 1
    outer loop
      vertex -4.56754 -17.0169 6
      vertex -2.01753 -17.5033 6
      vertex -4.46899 -16.2692 6
    endloop
  endfacet
  facet normal 0 0 1
    outer loop
      vertex -2.01753 -17.5033 6
      vertex -4.56754 -17.0169 6
      vertex -2.07802 -17.7612 6
    endloop
  endfacet
  facet normal -0 0 1
    outer loop
      vertex -4.60622 -17.2789 6
      vertex -2.07802 -17.7612 6
      vertex -4.56754 -17.0169 6
    endloop
  endfacet
  facet normal 0 0 1
    outer loop
      vertex -4.46899 -16.2692 6
      vertex -2.16182 -1.44448 6
      vertex -2.40209 -0.994976 6
    endloop
  endfacet
  facet normal 0 0 1
    outer loop
      vertex -2.07802 -17.7612 6
      vertex -4.60622 -17.2789 6
      vertex -2.16431 -18.0158 6
    endloop
  endfacet
  facet normal 0 0 1
    outer loop
      vertex -4.46899 -16.2692 6
      vertex -2.40209 -0.994976 6
      vertex -2.55004 -0.507235 6
    endloop
  endfacet
  facet normal 0 0 1
    outer loop
      vertex -4.46899 -16.2692 6
      vertex -2.55004 -0.507235 6
      vertex -2.6 0 6
    endloop
  endfacet
  facet normal 0 0 1
    outer loop
      vertex -2.38649 -18.5184 6
      vertex -4.40521 -19.2256 6
      vertex -2.51794 -18.7664 6
    endloop
  endfacet
  facet normal -0 0 1
    outer loop
      vertex -9.37524 14.031 6
      vertex -1.44448 2.16182 6
      vertex -8.4375 14.6142 6
    endloop
  endfacet
  facet normal 0 0 1
    outer loop
      vertex -4.52437 18.6569 6
      vertex -2.66141 19.0123 6
      vertex -2.81613 19.2559 6
    endloop
  endfacet
  facet normal -0 0 1
    outer loop
      vertex -9.68355 13.8101 6
      vertex -1.44448 2.16182 6
      vertex -9.37524 14.031 6
    endloop
  endfacet
  facet normal 0 0 1
    outer loop
      vertex -4.4702 18.9404 6
      vertex -2.81613 19.2559 6
      vertex -2.98154 19.4972 6
    endloop
  endfacet
  facet normal 0 0 1
    outer loop
      vertex -2.51794 -18.7664 6
      vertex -4.40521 -19.2256 6
      vertex -2.66141 -19.0123 6
    endloop
  endfacet
  facet normal 0 0 1
    outer loop
      vertex -4.40521 19.2256 6
      vertex -2.98154 19.4972 6
      vertex -3.15723 19.736 6
    endloop
  endfacet
  facet normal 0 0 1
    outer loop
      vertex -2.66141 -19.0123 6
      vertex -4.40521 -19.2256 6
      vertex -2.81613 -19.2559 6
    endloop
  endfacet
  facet normal 0 0 1
    outer loop
      vertex -4.32977 19.5123 6
      vertex -3.15723 19.736 6
      vertex -3.3428 19.9722 6
    endloop
  endfacet
  facet normal 0 0 1
    outer loop
      vertex -2.81613 -19.2559 6
      vertex -4.40521 -19.2256 6
      vertex -2.98154 -19.4972 6
    endloop
  endfacet
  facet normal 0 0 1
    outer loop
      vertex -4.32977 19.5123 6
      vertex -3.3428 19.9722 6
      vertex -4.24417 19.8002 6
    endloop
  endfacet
  facet normal 0 0 1
    outer loop
      vertex -2.98154 -19.4972 6
      vertex -4.40521 -19.2256 6
      vertex -3.15723 -19.736 6
    endloop
  endfacet
  facet normal 0 0 1
    outer loop
      vertex -3.15723 19.736 6
      vertex -4.32977 19.5123 6
      vertex -4.40521 19.2256 6
    endloop
  endfacet
  facet normal -0 -0 1
    outer loop
      vertex -4.32977 -19.5123 6
      vertex -3.15723 -19.736 6
      vertex -4.40521 -19.2256 6
    endloop
  endfacet
  facet normal 0 0 1
    outer loop
      vertex -2.98154 19.4972 6
      vertex -4.40521 19.2256 6
      vertex -4.4702 18.9404 6
    endloop
  endfacet
  facet normal 0 0 1
    outer loop
      vertex -3.15723 -19.736 6
      vertex -4.32977 -19.5123 6
      vertex -3.3428 -19.9722 6
    endloop
  endfacet
  facet normal 0 0 1
    outer loop
      vertex -3.3428 -19.9722 6
      vertex -4.32977 -19.5123 6
      vertex -4.24417 -19.8002 6
    endloop
  endfacet
  facet normal 0 0 1
    outer loop
      vertex -2.81613 19.2559 6
      vertex -4.4702 18.9404 6
      vertex -4.52437 18.6569 6
    endloop
  endfacet
  facet normal 0 0 1
    outer loop
      vertex -2.66141 19.0123 6
      vertex -4.52437 18.6569 6
      vertex -4.56725 18.3755 6
    endloop
  endfacet
  facet normal 0 0 1
    outer loop
      vertex -2.51794 18.7664 6
      vertex -4.56725 18.3755 6
      vertex -4.59816 18.0965 6
    endloop
  endfacet
  facet normal 0 0 1
    outer loop
      vertex -2.01753 17.5033 6
      vertex -4.56754 17.0169 6
      vertex -4.46899 16.2692 6
    endloop
  endfacet
  facet normal 0 0 1
    outer loop
      vertex -2.38649 18.5184 6
      vertex -4.59816 18.0965 6
      vertex -4.61615 17.8203 6
    endloop
  endfacet
  facet normal 0 0 1
    outer loop
      vertex -2.26808 18.2682 6
      vertex -4.61615 17.8203 6
      vertex -4.61974 17.5474 6
    endloop
  endfacet
  facet normal 0 0 1
    outer loop
      vertex -2.16431 18.0158 6
      vertex -4.61974 17.5474 6
      vertex -4.60622 17.2789 6
    endloop
  endfacet
  facet normal 0 0 1
    outer loop
      vertex -2.07802 17.7612 6
      vertex -4.60622 17.2789 6
      vertex -4.56754 17.0169 6
    endloop
  endfacet
  facet normal 0.915236 -0.402917 0
    outer loop
      vertex 1.72908 -20.176 6
      vertex 1.8501 -19.9011 0
      vertex 1.8501 -19.9011 6
    endloop
  endfacet
  facet normal 0.915236 -0.402917 0
    outer loop
      vertex 1.8501 -19.9011 0
      vertex 1.72908 -20.176 6
      vertex 1.72908 -20.176 0
    endloop
  endfacet
  facet normal 0.92759 -0.3736 0
    outer loop
      vertex 1.8501 -19.9011 6
      vertex 1.96086 -19.6261 0
      vertex 1.96086 -19.6261 6
    endloop
  endfacet
  facet normal 0.92759 -0.3736 0
    outer loop
      vertex 1.96086 -19.6261 0
      vertex 1.8501 -19.9011 6
      vertex 1.8501 -19.9011 0
    endloop
  endfacet
  facet normal 0.939472 -0.342627 0
    outer loop
      vertex 1.96086 -19.6261 6
      vertex 2.06108 -19.3513 0
      vertex 2.06108 -19.3513 6
    endloop
  endfacet
  facet normal 0.939472 -0.342627 0
    outer loop
      vertex 2.06108 -19.3513 0
      vertex 1.96086 -19.6261 6
      vertex 1.96086 -19.6261 0
    endloop
  endfacet
  facet normal 0.950932 -0.309399 0
    outer loop
      vertex 2.06108 -19.3513 6
      vertex 2.15036 -19.0769 0
      vertex 2.15036 -19.0769 6
    endloop
  endfacet
  facet normal 0.950932 -0.309399 0
    outer loop
      vertex 2.15036 -19.0769 0
      vertex 2.06108 -19.3513 6
      vertex 2.06108 -19.3513 0
    endloop
  endfacet
  facet normal 0.961947 -0.273236 0
    outer loop
      vertex 2.15036 -19.0769 6
      vertex 2.22816 -18.803 0
      vertex 2.22816 -18.803 6
    endloop
  endfacet
  facet normal 0.961947 -0.273236 0
    outer loop
      vertex 2.22816 -18.803 0
      vertex 2.15036 -19.0769 6
      vertex 2.15036 -19.0769 0
    endloop
  endfacet
  facet normal 0.972263 -0.233892 0
    outer loop
      vertex 2.22816 -18.803 6
      vertex 2.29381 -18.5301 0
      vertex 2.29381 -18.5301 6
    endloop
  endfacet
  facet normal 0.972263 -0.233892 0
    outer loop
      vertex 2.29381 -18.5301 0
      vertex 2.22816 -18.803 6
      vertex 2.22816 -18.803 0
    endloop
  endfacet
  facet normal 0.981872 -0.189547 0
    outer loop
      vertex 2.29381 -18.5301 6
      vertex 2.34628 -18.2583 0
      vertex 2.34628 -18.2583 6
    endloop
  endfacet
  facet normal 0.981872 -0.189547 0
    outer loop
      vertex 2.34628 -18.2583 0
      vertex 2.29381 -18.5301 6
      vertex 2.29381 -18.5301 0
    endloop
  endfacet
  facet normal 0.990386 -0.138331 0
    outer loop
      vertex 2.34628 -18.2583 6
      vertex 2.38402 -17.9881 0
      vertex 2.38402 -17.9881 6
    endloop
  endfacet
  facet normal 0.990386 -0.138331 0
    outer loop
      vertex 2.38402 -17.9881 0
      vertex 2.34628 -18.2583 6
      vertex 2.34628 -18.2583 0
    endloop
  endfacet
  facet normal 0.997159 -0.075326 0
    outer loop
      vertex 2.38402 -17.9881 6
      vertex 2.40428 -17.7199 0
      vertex 2.40428 -17.7199 6
    endloop
  endfacet
  facet normal 0.997159 -0.075326 0
    outer loop
      vertex 2.40428 -17.7199 0
      vertex 2.38402 -17.9881 6
      vertex 2.38402 -17.9881 0
    endloop
  endfacet
  facet normal 0.99978 0.0209625 0
    outer loop
      vertex 2.40428 -17.7199 6
      vertex 2.39873 -17.4552 0
      vertex 2.39873 -17.4552 6
    endloop
  endfacet
  facet normal 0.99978 0.0209625 0
    outer loop
      vertex 2.39873 -17.4552 0
      vertex 2.40428 -17.7199 6
      vertex 2.40428 -17.7199 0
    endloop
  endfacet
  facet normal 0.999986 0.00536816 0
    outer loop
      vertex 2.39873 -17.4552 6
      vertex 2.39467 -16.6989 0
      vertex 2.39467 -16.6989 6
    endloop
  endfacet
  facet normal 0.999986 0.00536816 0
    outer loop
      vertex 2.39467 -16.6989 0
      vertex 2.39873 -17.4552 6
      vertex 2.39873 -17.4552 0
    endloop
  endfacet
  facet normal 0.162817 -0.986656 0
    outer loop
      vertex 2.39467 -16.6989 0
      vertex 3.29214 -16.5508 6
      vertex 2.39467 -16.6989 6
    endloop
  endfacet
  facet normal 0.162817 -0.986656 0
    outer loop
      vertex 3.29214 -16.5508 6
      vertex 2.39467 -16.6989 0
      vertex 3.29214 -16.5508 0
    endloop
  endfacet
  facet normal 0.22712 -0.973867 0
    outer loop
      vertex 3.29214 -16.5508 0
      vertex 3.91946 -16.4045 6
      vertex 3.29214 -16.5508 6
    endloop
  endfacet
  facet normal 0.22712 -0.973867 0
    outer loop
      vertex 3.91946 -16.4045 6
      vertex 3.29214 -16.5508 0
      vertex 3.91946 -16.4045 0
    endloop
  endfacet
  facet normal -0.931731 -0.36315 0
    outer loop
      vertex 4.19537 -17.1124 0
      vertex 3.91946 -16.4045 6
      vertex 3.91946 -16.4045 0
    endloop
  endfacet
  facet normal -0.931731 -0.36315 0
    outer loop
      vertex 3.91946 -16.4045 6
      vertex 4.19537 -17.1124 0
      vertex 4.19537 -17.1124 6
    endloop
  endfacet
  facet normal -0.937309 -0.348499 0
    outer loop
      vertex 4.28769 -17.3607 0
      vertex 4.19537 -17.1124 6
      vertex 4.19537 -17.1124 0
    endloop
  endfacet
  facet normal -0.937309 -0.348499 0
    outer loop
      vertex 4.19537 -17.1124 6
      vertex 4.28769 -17.3607 0
      vertex 4.28769 -17.3607 6
    endloop
  endfacet
  facet normal -0.89937 -0.437188 0
    outer loop
      vertex 4.40523 -17.6025 0
      vertex 4.28769 -17.3607 6
      vertex 4.28769 -17.3607 0
    endloop
  endfacet
  facet normal -0.89937 -0.437188 0
    outer loop
      vertex 4.28769 -17.3607 6
      vertex 4.40523 -17.6025 0
      vertex 4.40523 -17.6025 6
    endloop
  endfacet
  facet normal -0.869938 -0.49316 0
    outer loop
      vertex 4.53981 -17.8399 0
      vertex 4.40523 -17.6025 6
      vertex 4.40523 -17.6025 0
    endloop
  endfacet
  facet normal -0.869938 -0.49316 0
    outer loop
      vertex 4.40523 -17.6025 6
      vertex 4.53981 -17.8399 0
      vertex 4.53981 -17.8399 6
    endloop
  endfacet
  facet normal -0.843078 -0.537792 0
    outer loop
      vertex 4.68863 -18.0732 0
      vertex 4.53981 -17.8399 6
      vertex 4.53981 -17.8399 0
    endloop
  endfacet
  facet normal -0.843078 -0.537792 0
    outer loop
      vertex 4.53981 -17.8399 6
      vertex 4.68863 -18.0732 0
      vertex 4.68863 -18.0732 6
    endloop
  endfacet
  facet normal -0.817992 -0.57523 0
    outer loop
      vertex 4.85016 -18.3029 0
      vertex 4.68863 -18.0732 6
      vertex 4.68863 -18.0732 0
    endloop
  endfacet
  facet normal -0.817992 -0.57523 0
    outer loop
      vertex 4.68863 -18.0732 6
      vertex 4.85016 -18.3029 0
      vertex 4.85016 -18.3029 6
    endloop
  endfacet
  facet normal -0.793691 -0.608321 0
    outer loop
      vertex 5.0233 -18.5288 0
      vertex 4.85016 -18.3029 6
      vertex 4.85016 -18.3029 0
    endloop
  endfacet
  facet normal -0.793691 -0.608321 0
    outer loop
      vertex 4.85016 -18.3029 6
      vertex 5.0233 -18.5288 0
      vertex 5.0233 -18.5288 6
    endloop
  endfacet
  facet normal -0.770313 -0.637666 0
    outer loop
      vertex 5.20732 -18.7511 0
      vertex 5.0233 -18.5288 6
      vertex 5.0233 -18.5288 0
    endloop
  endfacet
  facet normal -0.770313 -0.637666 0
    outer loop
      vertex 5.0233 -18.5288 6
      vertex 5.20732 -18.7511 0
      vertex 5.20732 -18.7511 6
    endloop
  endfacet
  facet normal -0.747494 -0.664268 0
    outer loop
      vertex 5.40167 -18.9698 0
      vertex 5.20732 -18.7511 6
      vertex 5.20732 -18.7511 0
    endloop
  endfacet
  facet normal -0.747494 -0.664268 0
    outer loop
      vertex 5.20732 -18.7511 6
      vertex 5.40167 -18.9698 0
      vertex 5.40167 -18.9698 6
    endloop
  endfacet
  facet normal -0.724713 -0.689051 0
    outer loop
      vertex 5.6059 -19.1846 0
      vertex 5.40167 -18.9698 6
      vertex 5.40167 -18.9698 0
    endloop
  endfacet
  facet normal -0.724713 -0.689051 0
    outer loop
      vertex 5.40167 -18.9698 6
      vertex 5.6059 -19.1846 0
      vertex 5.6059 -19.1846 6
    endloop
  endfacet
  facet normal -0.702749 -0.711438 0
    outer loop
      vertex 5.6059 -19.1846 0
      vertex 5.81961 -19.3957 6
      vertex 5.6059 -19.1846 6
    endloop
  endfacet
  facet normal -0.702749 -0.711438 -0
    outer loop
      vertex 5.81961 -19.3957 6
      vertex 5.6059 -19.1846 0
      vertex 5.81961 -19.3957 0
    endloop
  endfacet
  facet normal 0.308951 -0.951078 0
    outer loop
      vertex 5.81961 -19.3957 0
      vertex 6.69234 -19.1122 6
      vertex 5.81961 -19.3957 6
    endloop
  endfacet
  facet normal 0.308951 -0.951078 0
    outer loop
      vertex 6.69234 -19.1122 6
      vertex 5.81961 -19.3957 0
      vertex 6.69234 -19.1122 0
    endloop
  endfacet
  facet normal 0.9867 -0.162552 0
    outer loop
      vertex 6.69234 -19.1122 6
      vertex 6.74117 -18.8158 0
      vertex 6.74117 -18.8158 6
    endloop
  endfacet
  facet normal 0.9867 -0.162552 0
    outer loop
      vertex 6.74117 -18.8158 0
      vertex 6.69234 -19.1122 6
      vertex 6.69234 -19.1122 0
    endloop
  endfacet
  facet normal 0.99135 -0.131247 0
    outer loop
      vertex 6.74117 -18.8158 6
      vertex 6.78008 -18.5219 0
      vertex 6.78008 -18.5219 6
    endloop
  endfacet
  facet normal 0.99135 -0.131247 0
    outer loop
      vertex 6.78008 -18.5219 0
      vertex 6.74117 -18.8158 6
      vertex 6.74117 -18.8158 0
    endloop
  endfacet
  facet normal 0.995165 -0.0982174 0
    outer loop
      vertex 6.78008 -18.5219 6
      vertex 6.80881 -18.2308 0
      vertex 6.80881 -18.2308 6
    endloop
  endfacet
  facet normal 0.995165 -0.0982174 0
    outer loop
      vertex 6.80881 -18.2308 0
      vertex 6.78008 -18.5219 6
      vertex 6.78008 -18.5219 0
    endloop
  endfacet
  facet normal 0.998005 -0.0631377 0
    outer loop
      vertex 6.80881 -18.2308 6
      vertex 6.82703 -17.9428 0
      vertex 6.82703 -17.9428 6
    endloop
  endfacet
  facet normal 0.998005 -0.0631377 0
    outer loop
      vertex 6.82703 -17.9428 0
      vertex 6.80881 -18.2308 6
      vertex 6.80881 -18.2308 0
    endloop
  endfacet
  facet normal 0.999675 -0.0255012 0
    outer loop
      vertex 6.82703 -17.9428 6
      vertex 6.83429 -17.6582 0
      vertex 6.83429 -17.6582 6
    endloop
  endfacet
  facet normal 0.999675 -0.0255012 0
    outer loop
      vertex 6.83429 -17.6582 0
      vertex 6.82703 -17.9428 6
      vertex 6.82703 -17.9428 0
    endloop
  endfacet
  facet normal 0.999883 0.015317 0
    outer loop
      vertex 6.83429 -17.6582 6
      vertex 6.82999 -17.3775 0
      vertex 6.82999 -17.3775 6
    endloop
  endfacet
  facet normal 0.999883 0.015317 0
    outer loop
      vertex 6.82999 -17.3775 0
      vertex 6.83429 -17.6582 6
      vertex 6.83429 -17.6582 0
    endloop
  endfacet
  facet normal 0.998163 0.0605834 0
    outer loop
      vertex 6.82999 -17.3775 6
      vertex 6.81322 -17.1012 0
      vertex 6.81322 -17.1012 6
    endloop
  endfacet
  facet normal 0.998163 0.0605834 0
    outer loop
      vertex 6.81322 -17.1012 0
      vertex 6.82999 -17.3775 6
      vertex 6.82999 -17.3775 0
    endloop
  endfacet
  facet normal 0.993674 0.112306 0
    outer loop
      vertex 6.81322 -17.1012 6
      vertex 6.78258 -16.8301 0
      vertex 6.78258 -16.8301 6
    endloop
  endfacet
  facet normal 0.993674 0.112306 0
    outer loop
      vertex 6.78258 -16.8301 0
      vertex 6.81322 -17.1012 6
      vertex 6.81322 -17.1012 0
    endloop
  endfacet
  facet normal 0.98456 0.175049 0
    outer loop
      vertex 6.78258 -16.8301 6
      vertex 6.7355 -16.5653 0
      vertex 6.7355 -16.5653 6
    endloop
  endfacet
  facet normal 0.98456 0.175049 0
    outer loop
      vertex 6.7355 -16.5653 0
      vertex 6.78258 -16.8301 6
      vertex 6.78258 -16.8301 0
    endloop
  endfacet
  facet normal 0.963177 0.268867 0
    outer loop
      vertex 6.7355 -16.5653 6
      vertex 6.66429 -16.3102 0
      vertex 6.66429 -16.3102 6
    endloop
  endfacet
  facet normal 0.963177 0.268867 0
    outer loop
      vertex 6.66429 -16.3102 0
      vertex 6.7355 -16.5653 6
      vertex 6.7355 -16.5653 0
    endloop
  endfacet
  facet normal 0.967231 0.253897 0
    outer loop
      vertex 6.66429 -16.3102 6
      vertex 6.47348 -15.5833 0
      vertex 6.47348 -15.5833 6
    endloop
  endfacet
  facet normal 0.967231 0.253897 0
    outer loop
      vertex 6.47348 -15.5833 0
      vertex 6.66429 -16.3102 6
      vertex 6.66429 -16.3102 0
    endloop
  endfacet
  facet normal 0.41269 -0.910871 0
    outer loop
      vertex 6.47348 -15.5833 0
      vertex 7.46361 -15.1347 6
      vertex 6.47348 -15.5833 6
    endloop
  endfacet
  facet normal 0.41269 -0.910871 0
    outer loop
      vertex 7.46361 -15.1347 6
      vertex 6.47348 -15.5833 0
      vertex 7.46361 -15.1347 0
    endloop
  endfacet
  facet normal 0.471414 -0.881912 0
    outer loop
      vertex 7.46361 -15.1347 0
      vertex 7.87593 -14.9143 6
      vertex 7.46361 -15.1347 6
    endloop
  endfacet
  facet normal 0.471414 -0.881912 0
    outer loop
      vertex 7.87593 -14.9143 6
      vertex 7.46361 -15.1347 0
      vertex 7.87593 -14.9143 0
    endloop
  endfacet
  facet normal -0.812192 -0.583391 0
    outer loop
      vertex 8.31926 -15.5315 0
      vertex 7.87593 -14.9143 6
      vertex 7.87593 -14.9143 0
    endloop
  endfacet
  facet normal -0.812192 -0.583391 0
    outer loop
      vertex 7.87593 -14.9143 6
      vertex 8.31926 -15.5315 0
      vertex 8.31926 -15.5315 6
    endloop
  endfacet
  facet normal -0.821073 -0.570823 0
    outer loop
      vertex 8.4704 -15.7489 0
      vertex 8.31926 -15.5315 6
      vertex 8.31926 -15.5315 0
    endloop
  endfacet
  facet normal -0.821073 -0.570823 0
    outer loop
      vertex 8.31926 -15.5315 6
      vertex 8.4704 -15.7489 0
      vertex 8.4704 -15.7489 6
    endloop
  endfacet
  facet normal -0.762416 -0.647087 0
    outer loop
      vertex 8.64439 -15.9539 0
      vertex 8.4704 -15.7489 6
      vertex 8.4704 -15.7489 0
    endloop
  endfacet
  facet normal -0.762416 -0.647087 0
    outer loop
      vertex 8.4704 -15.7489 6
      vertex 8.64439 -15.9539 0
      vertex 8.64439 -15.9539 6
    endloop
  endfacet
  facet normal -0.720031 -0.693942 0
    outer loop
      vertex 8.83377 -16.1504 0
      vertex 8.64439 -15.9539 6
      vertex 8.64439 -15.9539 0
    endloop
  endfacet
  facet normal -0.720031 -0.693942 0
    outer loop
      vertex 8.64439 -15.9539 6
      vertex 8.83377 -16.1504 0
      vertex 8.83377 -16.1504 6
    endloop
  endfacet
  facet normal -0.682877 -0.730534 0
    outer loop
      vertex 8.83377 -16.1504 0
      vertex 9.03596 -16.3394 6
      vertex 8.83377 -16.1504 6
    endloop
  endfacet
  facet normal -0.682877 -0.730534 -0
    outer loop
      vertex 9.03596 -16.3394 6
      vertex 8.83377 -16.1504 0
      vertex 9.03596 -16.3394 0
    endloop
  endfacet
  facet normal -0.649265 -0.760562 0
    outer loop
      vertex 9.03596 -16.3394 0
      vertex 9.24951 -16.5217 6
      vertex 9.03596 -16.3394 6
    endloop
  endfacet
  facet normal -0.649265 -0.760562 -0
    outer loop
      vertex 9.24951 -16.5217 6
      vertex 9.03596 -16.3394 0
      vertex 9.24951 -16.5217 0
    endloop
  endfacet
  facet normal -0.617541 -0.786539 0
    outer loop
      vertex 9.24951 -16.5217 0
      vertex 9.47342 -16.6975 6
      vertex 9.24951 -16.5217 6
    endloop
  endfacet
  facet normal -0.617541 -0.786539 -0
    outer loop
      vertex 9.47342 -16.6975 6
      vertex 9.24951 -16.5217 0
      vertex 9.47342 -16.6975 0
    endloop
  endfacet
  facet normal -0.587417 -0.809284 0
    outer loop
      vertex 9.47342 -16.6975 0
      vertex 9.70694 -16.867 6
      vertex 9.47342 -16.6975 6
    endloop
  endfacet
  facet normal -0.587417 -0.809284 -0
    outer loop
      vertex 9.70694 -16.867 6
      vertex 9.47342 -16.6975 0
      vertex 9.70694 -16.867 0
    endloop
  endfacet
  facet normal -0.558623 -0.829422 0
    outer loop
      vertex 9.70694 -16.867 0
      vertex 9.94955 -17.0304 6
      vertex 9.70694 -16.867 6
    endloop
  endfacet
  facet normal -0.558623 -0.829422 -0
    outer loop
      vertex 9.94955 -17.0304 6
      vertex 9.70694 -16.867 0
      vertex 9.94955 -17.0304 0
    endloop
  endfacet
  facet normal -0.530893 -0.847439 0
    outer loop
      vertex 9.94955 -17.0304 0
      vertex 10.2008 -17.1878 6
      vertex 9.94955 -17.0304 6
    endloop
  endfacet
  facet normal -0.530893 -0.847439 -0
    outer loop
      vertex 10.2008 -17.1878 6
      vertex 9.94955 -17.0304 0
      vertex 10.2008 -17.1878 0
    endloop
  endfacet
  facet normal -0.503685 -0.863888 0
    outer loop
      vertex 10.2008 -17.1878 0
      vertex 10.4603 -17.3391 6
      vertex 10.2008 -17.1878 6
    endloop
  endfacet
  facet normal -0.503685 -0.863888 -0
    outer loop
      vertex 10.4603 -17.3391 6
      vertex 10.2008 -17.1878 0
      vertex 10.4603 -17.3391 0
    endloop
  endfacet
  facet normal 0.535824 -0.844329 0
    outer loop
      vertex 10.4603 -17.3391 0
      vertex 11.2351 -16.8474 6
      vertex 10.4603 -17.3391 6
    endloop
  endfacet
  facet normal 0.535824 -0.844329 0
    outer loop
      vertex 11.2351 -16.8474 6
      vertex 10.4603 -17.3391 0
      vertex 11.2351 -16.8474 0
    endloop
  endfacet
  facet normal 0.99613 0.0878938 0
    outer loop
      vertex 11.2351 -16.8474 6
      vertex 11.2087 -16.5482 0
      vertex 11.2087 -16.5482 6
    endloop
  endfacet
  facet normal 0.99613 0.0878938 0
    outer loop
      vertex 11.2087 -16.5482 0
      vertex 11.2351 -16.8474 6
      vertex 11.2351 -16.8474 0
    endloop
  endfacet
  facet normal 0.992848 0.119385 0
    outer loop
      vertex 11.2087 -16.5482 6
      vertex 11.1733 -16.2538 0
      vertex 11.1733 -16.2538 6
    endloop
  endfacet
  facet normal 0.992848 0.119385 0
    outer loop
      vertex 11.1733 -16.2538 0
      vertex 11.2087 -16.5482 6
      vertex 11.2087 -16.5482 0
    endloop
  endfacet
  facet normal 0.988308 0.152468 0
    outer loop
      vertex 11.1733 -16.2538 6
      vertex 11.1287 -15.9647 0
      vertex 11.1287 -15.9647 6
    endloop
  endfacet
  facet normal 0.988308 0.152468 0
    outer loop
      vertex 11.1287 -15.9647 0
      vertex 11.1733 -16.2538 6
      vertex 11.1733 -16.2538 0
    endloop
  endfacet
  facet normal 0.982339 0.187112 0
    outer loop
      vertex 11.1287 -15.9647 6
      vertex 11.0747 -15.6812 0
      vertex 11.0747 -15.6812 6
    endloop
  endfacet
  facet normal 0.982339 0.187112 0
    outer loop
      vertex 11.0747 -15.6812 0
      vertex 11.1287 -15.9647 6
      vertex 11.1287 -15.9647 0
    endloop
  endfacet
  facet normal 0.974633 0.223807 0
    outer loop
      vertex 11.0747 -15.6812 6
      vertex 11.011 -15.4038 0
      vertex 11.011 -15.4038 6
    endloop
  endfacet
  facet normal 0.974633 0.223807 0
    outer loop
      vertex 11.011 -15.4038 0
      vertex 11.0747 -15.6812 6
      vertex 11.0747 -15.6812 0
    endloop
  endfacet
  facet normal 0.964632 0.2636 0
    outer loop
      vertex 11.011 -15.4038 6
      vertex 10.937 -15.133 0
      vertex 10.937 -15.133 6
    endloop
  endfacet
  facet normal 0.964632 0.2636 0
    outer loop
      vertex 10.937 -15.133 0
      vertex 11.011 -15.4038 6
      vertex 11.011 -15.4038 0
    endloop
  endfacet
  facet normal 0.95178 0.306781 0
    outer loop
      vertex 10.937 -15.133 6
      vertex 10.8521 -14.8696 0
      vertex 10.8521 -14.8696 6
    endloop
  endfacet
  facet normal 0.95178 0.306781 0
    outer loop
      vertex 10.8521 -14.8696 0
      vertex 10.937 -15.133 6
      vertex 10.937 -15.133 0
    endloop
  endfacet
  facet normal 0.934586 0.355736 0
    outer loop
      vertex 10.8521 -14.8696 6
      vertex 10.755 -14.6145 0
      vertex 10.755 -14.6145 6
    endloop
  endfacet
  facet normal 0.934586 0.355736 0
    outer loop
      vertex 10.755 -14.6145 0
      vertex 10.8521 -14.8696 6
      vertex 10.8521 -14.8696 0
    endloop
  endfacet
  facet normal 0.909984 0.414643 0
    outer loop
      vertex 10.755 -14.6145 6
      vertex 10.6435 -14.3698 0
      vertex 10.6435 -14.3698 6
    endloop
  endfacet
  facet normal 0.909984 0.414643 0
    outer loop
      vertex 10.6435 -14.3698 0
      vertex 10.755 -14.6145 6
      vertex 10.755 -14.6145 0
    endloop
  endfacet
  facet normal 0.866003 0.500038 0
    outer loop
      vertex 10.6435 -14.3698 6
      vertex 10.5111 -14.1405 0
      vertex 10.5111 -14.1405 6
    endloop
  endfacet
  facet normal 0.866003 0.500038 0
    outer loop
      vertex 10.5111 -14.1405 0
      vertex 10.6435 -14.3698 6
      vertex 10.6435 -14.3698 0
    endloop
  endfacet
  facet normal 0.87372 0.486429 0
    outer loop
      vertex 10.5111 -14.1405 6
      vertex 10.1436 -13.4804 0
      vertex 10.1436 -13.4804 6
    endloop
  endfacet
  facet normal 0.87372 0.486429 0
    outer loop
      vertex 10.1436 -13.4804 0
      vertex 10.5111 -14.1405 6
      vertex 10.5111 -14.1405 0
    endloop
  endfacet
  facet normal 0.582547 -0.812797 0
    outer loop
      vertex 10.1436 -13.4804 0
      vertex 10.2728 -13.3878 6
      vertex 10.1436 -13.4804 6
    endloop
  endfacet
  facet normal 0.582547 -0.812797 0
    outer loop
      vertex 10.2728 -13.3878 6
      vertex 10.1436 -13.4804 0
      vertex 10.2728 -13.3878 0
    endloop
  endfacet
  facet normal 0.634376 -0.773024 0
    outer loop
      vertex 10.2728 -13.3878 0
      vertex 11.1264 -12.6873 6
      vertex 10.2728 -13.3878 6
    endloop
  endfacet
  facet normal 0.634376 -0.773024 0
    outer loop
      vertex 11.1264 -12.6873 6
      vertex 10.2728 -13.3878 0
      vertex 11.1264 -12.6873 0
    endloop
  endfacet
  facet normal 0.683541 -0.729912 0
    outer loop
      vertex 11.1264 -12.6873 0
      vertex 11.3389 -12.4883 6
      vertex 11.1264 -12.6873 6
    endloop
  endfacet
  facet normal 0.683541 -0.729912 0
    outer loop
      vertex 11.3389 -12.4883 6
      vertex 11.1264 -12.6873 0
      vertex 11.3389 -12.4883 0
    endloop
  endfacet
  facet normal -0.64152 -0.767106 0
    outer loop
      vertex 11.3389 -12.4883 0
      vertex 11.9204 -12.9746 6
      vertex 11.3389 -12.4883 6
    endloop
  endfacet
  facet normal -0.64152 -0.767106 -0
    outer loop
      vertex 11.9204 -12.9746 6
      vertex 11.3389 -12.4883 0
      vertex 11.9204 -12.9746 0
    endloop
  endfacet
  facet normal -0.653276 -0.75712 0
    outer loop
      vertex 11.9204 -12.9746 0
      vertex 12.1209 -13.1476 6
      vertex 11.9204 -12.9746 6
    endloop
  endfacet
  facet normal -0.653276 -0.75712 -0
    outer loop
      vertex 12.1209 -13.1476 6
      vertex 11.9204 -12.9746 0
      vertex 12.1209 -13.1476 0
    endloop
  endfacet
  facet normal -0.577574 -0.816339 0
    outer loop
      vertex 12.1209 -13.1476 0
      vertex 12.3404 -13.3029 6
      vertex 12.1209 -13.1476 6
    endloop
  endfacet
  facet normal -0.577574 -0.816339 -0
    outer loop
      vertex 12.3404 -13.3029 6
      vertex 12.1209 -13.1476 0
      vertex 12.3404 -13.3029 0
    endloop
  endfacet
  facet normal -0.524752 -0.851255 0
    outer loop
      vertex 12.3404 -13.3029 0
      vertex 12.5727 -13.4461 6
      vertex 12.3404 -13.3029 6
    endloop
  endfacet
  facet normal -0.524752 -0.851255 -0
    outer loop
      vertex 12.5727 -13.4461 6
      vertex 12.3404 -13.3029 0
      vertex 12.5727 -13.4461 0
    endloop
  endfacet
  facet normal -0.479864 -0.877343 0
    outer loop
      vertex 12.5727 -13.4461 0
      vertex 12.8155 -13.5789 6
      vertex 12.5727 -13.4461 6
    endloop
  endfacet
  facet normal -0.479864 -0.877343 -0
    outer loop
      vertex 12.8155 -13.5789 6
      vertex 12.5727 -13.4461 0
      vertex 12.8155 -13.5789 0
    endloop
  endfacet
  facet normal -0.439504 -0.898241 0
    outer loop
      vertex 12.8155 -13.5789 0
      vertex 13.0677 -13.7023 6
      vertex 12.8155 -13.5789 6
    endloop
  endfacet
  facet normal -0.439504 -0.898241 -0
    outer loop
      vertex 13.0677 -13.7023 6
      vertex 12.8155 -13.5789 0
      vertex 13.0677 -13.7023 0
    endloop
  endfacet
  facet normal -0.40255 -0.915398 0
    outer loop
      vertex 13.0677 -13.7023 0
      vertex 13.3283 -13.8169 6
      vertex 13.0677 -13.7023 6
    endloop
  endfacet
  facet normal -0.40255 -0.915398 -0
    outer loop
      vertex 13.3283 -13.8169 6
      vertex 13.0677 -13.7023 0
      vertex 13.3283 -13.8169 0
    endloop
  endfacet
  facet normal -0.368042 -0.929809 0
    outer loop
      vertex 13.3283 -13.8169 0
      vertex 13.5966 -13.9231 6
      vertex 13.3283 -13.8169 6
    endloop
  endfacet
  facet normal -0.368042 -0.929809 -0
    outer loop
      vertex 13.5966 -13.9231 6
      vertex 13.3283 -13.8169 0
      vertex 13.5966 -13.9231 0
    endloop
  endfacet
  facet normal -0.334625 -0.942351 0
    outer loop
      vertex 13.5966 -13.9231 0
      vertex 13.8723 -14.021 6
      vertex 13.5966 -13.9231 6
    endloop
  endfacet
  facet normal -0.334625 -0.942351 -0
    outer loop
      vertex 13.8723 -14.021 6
      vertex 13.5966 -13.9231 0
      vertex 13.8723 -14.021 0
    endloop
  endfacet
  facet normal -0.303552 -0.952815 0
    outer loop
      vertex 13.8723 -14.021 0
      vertex 14.1548 -14.111 6
      vertex 13.8723 -14.021 6
    endloop
  endfacet
  facet normal -0.303552 -0.952815 -0
    outer loop
      vertex 14.1548 -14.111 6
      vertex 13.8723 -14.021 0
      vertex 14.1548 -14.111 0
    endloop
  endfacet
  facet normal -0.273049 -0.962 0
    outer loop
      vertex 14.1548 -14.111 0
      vertex 14.4437 -14.193 6
      vertex 14.1548 -14.111 6
    endloop
  endfacet
  facet normal -0.273049 -0.962 -0
    outer loop
      vertex 14.4437 -14.193 6
      vertex 14.1548 -14.111 0
      vertex 14.4437 -14.193 0
    endloop
  endfacet
  facet normal 0.728986 -0.684528 0
    outer loop
      vertex 14.4437 -14.193 6
      vertex 15.0719 -13.524 0
      vertex 15.0719 -13.524 6
    endloop
  endfacet
  facet normal 0.728986 -0.684528 0
    outer loop
      vertex 15.0719 -13.524 0
      vertex 14.4437 -14.193 6
      vertex 14.4437 -14.193 0
    endloop
  endfacet
  facet normal 0.942941 0.332959 0
    outer loop
      vertex 15.0719 -13.524 6
      vertex 14.9719 -13.2408 0
      vertex 14.9719 -13.2408 6
    endloop
  endfacet
  facet normal 0.942941 0.332959 0
    outer loop
      vertex 14.9719 -13.2408 0
      vertex 15.0719 -13.524 6
      vertex 15.0719 -13.524 0
    endloop
  endfacet
  facet normal 0.931948 0.362593 0
    outer loop
      vertex 14.9719 -13.2408 6
      vertex 14.8644 -12.9645 0
      vertex 14.8644 -12.9645 6
    endloop
  endfacet
  facet normal 0.931948 0.362593 0
    outer loop
      vertex 14.8644 -12.9645 0
      vertex 14.9719 -13.2408 6
      vertex 14.9719 -13.2408 0
    endloop
  endfacet
  facet normal 0.919322 0.393507 0
    outer loop
      vertex 14.8644 -12.9645 6
      vertex 14.7493 -12.6956 0
      vertex 14.7493 -12.6956 6
    endloop
  endfacet
  facet normal 0.919322 0.393507 0
    outer loop
      vertex 14.7493 -12.6956 0
      vertex 14.8644 -12.9645 6
      vertex 14.8644 -12.9645 0
    endloop
  endfacet
  facet normal 0.905109 0.425179 0
    outer loop
      vertex 14.7493 -12.6956 6
      vertex 14.6266 -12.4344 0
      vertex 14.6266 -12.4344 6
    endloop
  endfacet
  facet normal 0.905109 0.425179 0
    outer loop
      vertex 14.6266 -12.4344 0
      vertex 14.7493 -12.6956 6
      vertex 14.7493 -12.6956 0
    endloop
  endfacet
  facet normal 0.888232 0.459394 0
    outer loop
      vertex 14.6266 -12.4344 6
      vertex 14.4958 -12.1815 0
      vertex 14.4958 -12.1815 6
    endloop
  endfacet
  facet normal 0.888232 0.459394 0
    outer loop
      vertex 14.4958 -12.1815 0
      vertex 14.6266 -12.4344 6
      vertex 14.6266 -12.4344 0
    endloop
  endfacet
  facet normal 0.868813 0.495141 0
    outer loop
      vertex 14.4958 -12.1815 6
      vertex 14.3568 -11.9376 0
      vertex 14.3568 -11.9376 6
    endloop
  endfacet
  facet normal 0.868813 0.495141 0
    outer loop
      vertex 14.3568 -11.9376 0
      vertex 14.4958 -12.1815 6
      vertex 14.4958 -12.1815 0
    endloop
  endfacet
  facet normal 0.845472 0.53402 0
    outer loop
      vertex 14.3568 -11.9376 6
      vertex 14.209 -11.7036 0
      vertex 14.209 -11.7036 6
    endloop
  endfacet
  facet normal 0.845472 0.53402 0
    outer loop
      vertex 14.209 -11.7036 0
      vertex 14.3568 -11.9376 6
      vertex 14.3568 -11.9376 0
    endloop
  endfacet
  facet normal 0.816744 0.577 0
    outer loop
      vertex 14.209 -11.7036 6
      vertex 14.0516 -11.4808 0
      vertex 14.0516 -11.4808 6
    endloop
  endfacet
  facet normal 0.816744 0.577 0
    outer loop
      vertex 14.0516 -11.4808 0
      vertex 14.209 -11.7036 6
      vertex 14.209 -11.7036 0
    endloop
  endfacet
  facet normal 0.778542 0.627593 0
    outer loop
      vertex 14.0516 -11.4808 6
      vertex 13.8828 -11.2714 0
      vertex 13.8828 -11.2714 6
    endloop
  endfacet
  facet normal 0.778542 0.627593 0
    outer loop
      vertex 13.8828 -11.2714 0
      vertex 14.0516 -11.4808 6
      vertex 14.0516 -11.4808 0
    endloop
  endfacet
  facet normal 0.714432 0.699705 0
    outer loop
      vertex 13.8828 -11.2714 6
      vertex 13.6975 -11.0822 0
      vertex 13.6975 -11.0822 6
    endloop
  endfacet
  facet normal 0.714432 0.699705 0
    outer loop
      vertex 13.6975 -11.0822 0
      vertex 13.8828 -11.2714 6
      vertex 13.8828 -11.2714 0
    endloop
  endfacet
  facet normal 0.725256 0.688479 0
    outer loop
      vertex 13.6975 -11.0822 6
      vertex 13.1752 -10.532 0
      vertex 13.1752 -10.532 6
    endloop
  endfacet
  facet normal 0.725256 0.688479 0
    outer loop
      vertex 13.1752 -10.532 0
      vertex 13.6975 -11.0822 6
      vertex 13.6975 -11.0822 0
    endloop
  endfacet
  facet normal 0.773186 -0.634179 0
    outer loop
      vertex 13.1752 -10.532 6
      vertex 13.3878 -10.2728 0
      vertex 13.3878 -10.2728 6
    endloop
  endfacet
  facet normal 0.773186 -0.634179 0
    outer loop
      vertex 13.3878 -10.2728 0
      vertex 13.1752 -10.532 6
      vertex 13.1752 -10.532 0
    endloop
  endfacet
  facet normal 0.812839 -0.582488 0
    outer loop
      vertex 13.3878 -10.2728 6
      vertex 14.031 -9.37524 0
      vertex 14.031 -9.37524 6
    endloop
  endfacet
  facet normal 0.812839 -0.582488 0
    outer loop
      vertex 14.031 -9.37524 0
      vertex 13.3878 -10.2728 6
      vertex 13.3878 -10.2728 0
    endloop
  endfacet
  facet normal 0.849194 -0.528082 0
    outer loop
      vertex 14.031 -9.37524 6
      vertex 14.0917 -9.27763 0
      vertex 14.0917 -9.27763 6
    endloop
  endfacet
  facet normal 0.849194 -0.528082 0
    outer loop
      vertex 14.0917 -9.27763 0
      vertex 14.031 -9.37524 6
      vertex 14.031 -9.37524 0
    endloop
  endfacet
  facet normal -0.430605 -0.90254 0
    outer loop
      vertex 14.0917 -9.27763 0
      vertex 14.7726 -9.60249 6
      vertex 14.0917 -9.27763 6
    endloop
  endfacet
  facet normal -0.430605 -0.90254 -0
    outer loop
      vertex 14.7726 -9.60249 6
      vertex 14.0917 -9.27763 0
      vertex 14.7726 -9.60249 0
    endloop
  endfacet
  facet normal -0.444614 -0.895722 0
    outer loop
      vertex 14.7726 -9.60249 0
      vertex 15.0098 -9.72023 6
      vertex 14.7726 -9.60249 6
    endloop
  endfacet
  facet normal -0.444614 -0.895722 -0
    outer loop
      vertex 15.0098 -9.72023 6
      vertex 14.7726 -9.60249 0
      vertex 15.0098 -9.72023 0
    endloop
  endfacet
  facet normal -0.35653 -0.934284 0
    outer loop
      vertex 15.0098 -9.72023 0
      vertex 15.261 -9.81609 6
      vertex 15.0098 -9.72023 6
    endloop
  endfacet
  facet normal -0.35653 -0.934284 -0
    outer loop
      vertex 15.261 -9.81609 6
      vertex 15.0098 -9.72023 0
      vertex 15.261 -9.81609 0
    endloop
  endfacet
  facet normal -0.29648 -0.955039 0
    outer loop
      vertex 15.261 -9.81609 0
      vertex 15.5216 -9.89699 6
      vertex 15.261 -9.81609 6
    endloop
  endfacet
  facet normal -0.29648 -0.955039 -0
    outer loop
      vertex 15.5216 -9.89699 6
      vertex 15.261 -9.81609 0
      vertex 15.5216 -9.89699 0
    endloop
  endfacet
  facet normal -0.246494 -0.969144 0
    outer loop
      vertex 15.5216 -9.89699 0
      vertex 15.7899 -9.96523 6
      vertex 15.5216 -9.89699 6
    endloop
  endfacet
  facet normal -0.246494 -0.969144 -0
    outer loop
      vertex 15.7899 -9.96523 6
      vertex 15.5216 -9.89699 0
      vertex 15.7899 -9.96523 0
    endloop
  endfacet
  facet normal -0.202244 -0.979335 0
    outer loop
      vertex 15.7899 -9.96523 0
      vertex 16.0648 -10.022 6
      vertex 15.7899 -9.96523 6
    endloop
  endfacet
  facet normal -0.202244 -0.979335 -0
    outer loop
      vertex 16.0648 -10.022 6
      vertex 15.7899 -9.96523 0
      vertex 16.0648 -10.022 0
    endloop
  endfacet
  facet normal -0.162291 -0.986743 0
    outer loop
      vertex 16.0648 -10.022 0
      vertex 16.3457 -10.0682 6
      vertex 16.0648 -10.022 6
    endloop
  endfacet
  facet normal -0.162291 -0.986743 -0
    outer loop
      vertex 16.3457 -10.0682 6
      vertex 16.0648 -10.022 0
      vertex 16.3457 -10.0682 0
    endloop
  endfacet
  facet normal -0.125101 -0.992144 0
    outer loop
      vertex 16.3457 -10.0682 0
      vertex 16.632 -10.1043 6
      vertex 16.3457 -10.0682 6
    endloop
  endfacet
  facet normal -0.125101 -0.992144 -0
    outer loop
      vertex 16.632 -10.1043 6
      vertex 16.3457 -10.0682 0
      vertex 16.632 -10.1043 0
    endloop
  endfacet
  facet normal -0.0899192 -0.995949 0
    outer loop
      vertex 16.632 -10.1043 0
      vertex 16.9233 -10.1306 6
      vertex 16.632 -10.1043 6
    endloop
  endfacet
  facet normal -0.0899192 -0.995949 -0
    outer loop
      vertex 16.9233 -10.1306 6
      vertex 16.632 -10.1043 0
      vertex 16.9233 -10.1306 0
    endloop
  endfacet
  facet normal -0.0570018 -0.998374 0
    outer loop
      vertex 16.9233 -10.1306 0
      vertex 17.2193 -10.1475 6
      vertex 16.9233 -10.1306 6
    endloop
  endfacet
  facet normal -0.0570018 -0.998374 -0
    outer loop
      vertex 17.2193 -10.1475 6
      vertex 16.9233 -10.1306 0
      vertex 17.2193 -10.1475 0
    endloop
  endfacet
  facet normal -0.0252999 -0.99968 0
    outer loop
      vertex 17.2193 -10.1475 0
      vertex 17.5196 -10.1551 6
      vertex 17.2193 -10.1475 6
    endloop
  endfacet
  facet normal -0.0252999 -0.99968 -0
    outer loop
      vertex 17.5196 -10.1551 6
      vertex 17.2193 -10.1475 0
      vertex 17.5196 -10.1551 0
    endloop
  endfacet
  facet normal 0.876302 -0.481761 0
    outer loop
      vertex 17.5196 -10.1551 6
      vertex 17.9617 -9.35094 0
      vertex 17.9617 -9.35094 6
    endloop
  endfacet
  facet normal 0.876302 -0.481761 0
    outer loop
      vertex 17.9617 -9.35094 0
      vertex 17.5196 -10.1551 6
      vertex 17.5196 -10.1551 0
    endloop
  endfacet
  facet normal 0.830562 0.556926 0
    outer loop
      vertex 17.9617 -9.35094 6
      vertex 17.7944 -9.10144 0
      vertex 17.7944 -9.10144 6
    endloop
  endfacet
  facet normal 0.830562 0.556926 0
    outer loop
      vertex 17.7944 -9.10144 0
      vertex 17.9617 -9.35094 6
      vertex 17.9617 -9.35094 0
    endloop
  endfacet
  facet normal 0.812524 0.582928 0
    outer loop
      vertex 17.7944 -9.10144 6
      vertex 17.6216 -8.86058 0
      vertex 17.6216 -8.86058 6
    endloop
  endfacet
  facet normal 0.812524 0.582928 0
    outer loop
      vertex 17.6216 -8.86058 0
      vertex 17.7944 -9.10144 6
      vertex 17.7944 -9.10144 0
    endloop
  endfacet
  facet normal 0.792586 0.60976 0
    outer loop
      vertex 17.6216 -8.86058 6
      vertex 17.4432 -8.62869 0
      vertex 17.4432 -8.62869 6
    endloop
  endfacet
  facet normal 0.792586 0.60976 0
    outer loop
      vertex 17.4432 -8.62869 0
      vertex 17.6216 -8.86058 6
      vertex 17.6216 -8.86058 0
    endloop
  endfacet
  facet normal 0.770843 0.637026 0
    outer loop
      vertex 17.4432 -8.62869 6
      vertex 17.2594 -8.40628 0
      vertex 17.2594 -8.40628 6
    endloop
  endfacet
  facet normal 0.770843 0.637026 0
    outer loop
      vertex 17.2594 -8.40628 0
      vertex 17.4432 -8.62869 6
      vertex 17.4432 -8.62869 0
    endloop
  endfacet
  facet normal 0.746044 0.665897 0
    outer loop
      vertex 17.2594 -8.40628 6
      vertex 17.0698 -8.19386 0
      vertex 17.0698 -8.19386 6
    endloop
  endfacet
  facet normal 0.746044 0.665897 0
    outer loop
      vertex 17.0698 -8.19386 0
      vertex 17.2594 -8.40628 6
      vertex 17.2594 -8.40628 0
    endloop
  endfacet
  facet normal 0.718573 0.695451 0
    outer loop
      vertex 17.0698 -8.19386 6
      vertex 16.8746 -7.99217 0
      vertex 16.8746 -7.99217 6
    endloop
  endfacet
  facet normal 0.718573 0.695451 0
    outer loop
      vertex 16.8746 -7.99217 0
      vertex 17.0698 -8.19386 6
      vertex 17.0698 -8.19386 0
    endloop
  endfacet
  facet normal 0.686048 0.727556 -0
    outer loop
      vertex 16.8746 -7.99217 0
      vertex 16.6732 -7.80226 6
      vertex 16.8746 -7.99217 6
    endloop
  endfacet
  facet normal 0.686048 0.727556 0
    outer loop
      vertex 16.6732 -7.80226 6
      vertex 16.8746 -7.99217 0
      vertex 16.6732 -7.80226 0
    endloop
  endfacet
  facet normal 0.647574 0.762003 -0
    outer loop
      vertex 16.6732 -7.80226 0
      vertex 16.4653 -7.62558 6
      vertex 16.6732 -7.80226 6
    endloop
  endfacet
  facet normal 0.647574 0.762003 0
    outer loop
      vertex 16.4653 -7.62558 6
      vertex 16.6732 -7.80226 0
      vertex 16.4653 -7.62558 0
    endloop
  endfacet
  facet normal 0.597808 0.801639 -0
    outer loop
      vertex 16.4653 -7.62558 0
      vertex 16.2497 -7.4648 6
      vertex 16.4653 -7.62558 6
    endloop
  endfacet
  facet normal 0.597808 0.801639 0
    outer loop
      vertex 16.2497 -7.4648 6
      vertex 16.4653 -7.62558 0
      vertex 16.2497 -7.4648 0
    endloop
  endfacet
  facet normal 0.518046 0.855353 -0
    outer loop
      vertex 16.2497 -7.4648 0
      vertex 16.0232 -7.32762 6
      vertex 16.2497 -7.4648 6
    endloop
  endfacet
  facet normal 0.518046 0.855353 0
    outer loop
      vertex 16.0232 -7.32762 6
      vertex 16.2497 -7.4648 0
      vertex 16.0232 -7.32762 0
    endloop
  endfacet
  facet normal 0.531278 0.847198 -0
    outer loop
      vertex 16.0232 -7.32762 0
      vertex 15.3793 -6.92383 6
      vertex 16.0232 -7.32762 6
    endloop
  endfacet
  facet normal 0.531278 0.847198 0
    outer loop
      vertex 15.3793 -6.92383 6
      vertex 16.0232 -7.32762 0
      vertex 15.3793 -6.92383 0
    endloop
  endfacet
  facet normal 0.910838 -0.412765 0
    outer loop
      vertex 15.3793 -6.92383 6
      vertex 15.5905 -6.45778 0
      vertex 15.5905 -6.45778 6
    endloop
  endfacet
  facet normal 0.910838 -0.412765 0
    outer loop
      vertex 15.5905 -6.45778 0
      vertex 15.3793 -6.92383 6
      vertex 15.3793 -6.92383 0
    endloop
  endfacet
  facet normal 0.935929 -0.352189 0
    outer loop
      vertex 15.5905 -6.45778 6
      vertex 15.9577 -5.48196 0
      vertex 15.9577 -5.48196 6
    endloop
  endfacet
  facet normal 0.935929 -0.352189 0
    outer loop
      vertex 15.9577 -5.48196 0
      vertex 15.5905 -6.45778 6
      vertex 15.5905 -6.45778 0
    endloop
  endfacet
  facet normal -0.192654 -0.981267 0
    outer loop
      vertex 15.9577 -5.48196 0
      vertex 16.6965 -5.62701 6
      vertex 15.9577 -5.48196 6
    endloop
  endfacet
  facet normal -0.192654 -0.981267 -0
    outer loop
      vertex 16.6965 -5.62701 6
      vertex 15.9577 -5.48196 0
      vertex 16.6965 -5.62701 0
    endloop
  endfacet
  facet normal -0.20794 -0.978142 0
    outer loop
      vertex 16.6965 -5.62701 0
      vertex 16.9555 -5.68207 6
      vertex 16.6965 -5.62701 6
    endloop
  endfacet
  facet normal -0.20794 -0.978142 -0
    outer loop
      vertex 16.9555 -5.68207 6
      vertex 16.6965 -5.62701 0
      vertex 16.9555 -5.68207 0
    endloop
  endfacet
  facet normal -0.112896 -0.993607 0
    outer loop
      vertex 16.9555 -5.68207 0
      vertex 17.2227 -5.71243 6
      vertex 16.9555 -5.68207 6
    endloop
  endfacet
  facet normal -0.112896 -0.993607 -0
    outer loop
      vertex 17.2227 -5.71243 6
      vertex 16.9555 -5.68207 0
      vertex 17.2227 -5.71243 0
    endloop
  endfacet
  facet normal -0.0496452 -0.998767 0
    outer loop
      vertex 17.2227 -5.71243 0
      vertex 17.4953 -5.72598 6
      vertex 17.2227 -5.71243 6
    endloop
  endfacet
  facet normal -0.0496452 -0.998767 -0
    outer loop
      vertex 17.4953 -5.72598 6
      vertex 17.2227 -5.71243 0
      vertex 17.4953 -5.72598 0
    endloop
  endfacet
  facet normal 0.00220455 -0.999998 0
    outer loop
      vertex 17.4953 -5.72598 0
      vertex 17.772 -5.72537 6
      vertex 17.4953 -5.72598 6
    endloop
  endfacet
  facet normal 0.00220455 -0.999998 0
    outer loop
      vertex 17.772 -5.72537 6
      vertex 17.4953 -5.72598 0
      vertex 17.772 -5.72537 0
    endloop
  endfacet
  facet normal 0.0474687 -0.998873 0
    outer loop
      vertex 17.772 -5.72537 0
      vertex 18.0525 -5.71204 6
      vertex 17.772 -5.72537 6
    endloop
  endfacet
  facet normal 0.0474687 -0.998873 0
    outer loop
      vertex 18.0525 -5.71204 6
      vertex 17.772 -5.72537 0
      vertex 18.0525 -5.71204 0
    endloop
  endfacet
  facet normal 0.0882609 -0.996097 0
    outer loop
      vertex 18.0525 -5.71204 0
      vertex 18.336 -5.68692 6
      vertex 18.0525 -5.71204 6
    endloop
  endfacet
  facet normal 0.0882609 -0.996097 0
    outer loop
      vertex 18.336 -5.68692 6
      vertex 18.0525 -5.71204 0
      vertex 18.336 -5.68692 0
    endloop
  endfacet
  facet normal 0.125681 -0.992071 0
    outer loop
      vertex 18.336 -5.68692 0
      vertex 18.6223 -5.65065 6
      vertex 18.336 -5.68692 6
    endloop
  endfacet
  facet normal 0.125681 -0.992071 0
    outer loop
      vertex 18.6223 -5.65065 6
      vertex 18.336 -5.68692 0
      vertex 18.6223 -5.65065 0
    endloop
  endfacet
  facet normal 0.160463 -0.987042 0
    outer loop
      vertex 18.6223 -5.65065 0
      vertex 18.9111 -5.6037 6
      vertex 18.6223 -5.65065 6
    endloop
  endfacet
  facet normal 0.160463 -0.987042 0
    outer loop
      vertex 18.9111 -5.6037 6
      vertex 18.6223 -5.65065 0
      vertex 18.9111 -5.6037 0
    endloop
  endfacet
  facet normal 0.19326 -0.981147 0
    outer loop
      vertex 18.9111 -5.6037 0
      vertex 19.2019 -5.54642 6
      vertex 18.9111 -5.6037 6
    endloop
  endfacet
  facet normal 0.19326 -0.981147 0
    outer loop
      vertex 19.2019 -5.54642 6
      vertex 18.9111 -5.6037 0
      vertex 19.2019 -5.54642 0
    endloop
  endfacet
  facet normal 0.224198 -0.974544 0
    outer loop
      vertex 19.2019 -5.54642 0
      vertex 19.4947 -5.47906 6
      vertex 19.2019 -5.54642 6
    endloop
  endfacet
  facet normal 0.224198 -0.974544 0
    outer loop
      vertex 19.4947 -5.47906 6
      vertex 19.2019 -5.54642 0
      vertex 19.4947 -5.47906 0
    endloop
  endfacet
  facet normal 0.968584 -0.248687 0
    outer loop
      vertex 19.4947 -5.47906 6
      vertex 19.7229 -4.59027 0
      vertex 19.7229 -4.59027 6
    endloop
  endfacet
  facet normal 0.968584 -0.248687 0
    outer loop
      vertex 19.7229 -4.59027 0
      vertex 19.4947 -5.47906 6
      vertex 19.4947 -5.47906 0
    endloop
  endfacet
  facet normal 0.665924 0.746019 -0
    outer loop
      vertex 19.7229 -4.59027 0
      vertex 19.4988 -4.39023 6
      vertex 19.7229 -4.59027 6
    endloop
  endfacet
  facet normal 0.665924 0.746019 0
    outer loop
      vertex 19.4988 -4.39023 6
      vertex 19.7229 -4.59027 0
      vertex 19.4988 -4.39023 0
    endloop
  endfacet
  facet normal 0.642021 0.766687 -0
    outer loop
      vertex 19.4988 -4.39023 0
      vertex 19.2715 -4.19989 6
      vertex 19.4988 -4.39023 6
    endloop
  endfacet
  facet normal 0.642021 0.766687 0
    outer loop
      vertex 19.2715 -4.19989 6
      vertex 19.4988 -4.39023 0
      vertex 19.2715 -4.19989 0
    endloop
  endfacet
  facet normal 0.616153 0.787626 -0
    outer loop
      vertex 19.2715 -4.19989 0
      vertex 19.0411 -4.01965 6
      vertex 19.2715 -4.19989 6
    endloop
  endfacet
  facet normal 0.616153 0.787626 0
    outer loop
      vertex 19.0411 -4.01965 6
      vertex 19.2715 -4.19989 0
      vertex 19.0411 -4.01965 0
    endloop
  endfacet
  facet normal 0.588046 0.808827 -0
    outer loop
      vertex 19.0411 -4.01965 0
      vertex 18.8077 -3.84996 6
      vertex 19.0411 -4.01965 6
    endloop
  endfacet
  facet normal 0.588046 0.808827 0
    outer loop
      vertex 18.8077 -3.84996 6
      vertex 19.0411 -4.01965 0
      vertex 18.8077 -3.84996 0
    endloop
  endfacet
  facet normal 0.557202 0.830377 -0
    outer loop
      vertex 18.8077 -3.84996 0
      vertex 18.5713 -3.69133 6
      vertex 18.8077 -3.84996 6
    endloop
  endfacet
  facet normal 0.557202 0.830377 0
    outer loop
      vertex 18.5713 -3.69133 6
      vertex 18.8077 -3.84996 0
      vertex 18.5713 -3.69133 0
    endloop
  endfacet
  facet normal 0.522827 0.852439 -0
    outer loop
      vertex 18.5713 -3.69133 0
      vertex 18.332 -3.54456 6
      vertex 18.5713 -3.69133 6
    endloop
  endfacet
  facet normal 0.522827 0.852439 0
    outer loop
      vertex 18.332 -3.54456 6
      vertex 18.5713 -3.69133 0
      vertex 18.332 -3.54456 0
    endloop
  endfacet
  facet normal 0.483623 0.875276 -0
    outer loop
      vertex 18.332 -3.54456 0
      vertex 18.0897 -3.41068 6
      vertex 18.332 -3.54456 6
    endloop
  endfacet
  facet normal 0.483623 0.875276 0
    outer loop
      vertex 18.0897 -3.41068 6
      vertex 18.332 -3.54456 0
      vertex 18.0897 -3.41068 0
    endloop
  endfacet
  facet normal 0.437717 0.899113 -0
    outer loop
      vertex 18.0897 -3.41068 0
      vertex 17.8444 -3.29126 6
      vertex 18.0897 -3.41068 6
    endloop
  endfacet
  facet normal 0.437717 0.899113 0
    outer loop
      vertex 17.8444 -3.29126 6
      vertex 18.0897 -3.41068 0
      vertex 17.8444 -3.29126 0
    endloop
  endfacet
  facet normal 0.379678 0.925119 -0
    outer loop
      vertex 17.8444 -3.29126 0
      vertex 17.5956 -3.18915 6
      vertex 17.8444 -3.29126 6
    endloop
  endfacet
  facet normal 0.379678 0.925119 0
    outer loop
      vertex 17.5956 -3.18915 6
      vertex 17.8444 -3.29126 0
      vertex 17.5956 -3.18915 0
    endloop
  endfacet
  facet normal 0.289114 0.957295 -0
    outer loop
      vertex 17.5956 -3.18915 0
      vertex 17.3421 -3.11259 6
      vertex 17.5956 -3.18915 6
    endloop
  endfacet
  facet normal 0.289114 0.957295 0
    outer loop
      vertex 17.3421 -3.11259 6
      vertex 17.5956 -3.18915 0
      vertex 17.3421 -3.11259 0
    endloop
  endfacet
  facet normal 0.303901 0.952704 -0
    outer loop
      vertex 17.3421 -3.11259 0
      vertex 16.6185 -2.88177 6
      vertex 17.3421 -3.11259 6
    endloop
  endfacet
  facet normal 0.303901 0.952704 0
    outer loop
      vertex 16.6185 -2.88177 6
      vertex 17.3421 -3.11259 0
      vertex 16.6185 -2.88177 0
    endloop
  endfacet
  facet normal 0.98665 -0.162856 0
    outer loop
      vertex 16.6185 -2.88177 6
      vertex 16.7306 -2.20262 0
      vertex 16.7306 -2.20262 6
    endloop
  endfacet
  facet normal 0.98665 -0.162856 0
    outer loop
      vertex 16.7306 -2.20262 0
      vertex 16.6185 -2.88177 6
      vertex 16.6185 -2.88177 0
    endloop
  endfacet
  facet normal 0.995187 -0.0979978 0
    outer loop
      vertex 16.7306 -2.20262 6
      vertex 16.8154 -1.34146 0
      vertex 16.8154 -1.34146 6
    endloop
  endfacet
  facet normal 0.995187 -0.0979978 0
    outer loop
      vertex 16.8154 -1.34146 0
      vertex 16.7306 -2.20262 6
      vertex 16.7306 -2.20262 0
    endloop
  endfacet
  facet normal 0.0574052 -0.998351 0
    outer loop
      vertex 16.8154 -1.34146 6
      vertex 17.5714 -1.29799 3.01269
      vertex 17.5714 -1.29799 6
    endloop
  endfacet
  facet normal 0.0573401 -0.998355 -1.653e-05
    outer loop
      vertex 16.8154 -1.34146 6
      vertex 17.5364 -1.3 3
      vertex 17.5714 -1.29799 3.01269
    endloop
  endfacet
  facet normal 0.0574086 -0.998351 0
    outer loop
      vertex 16.8154 -1.34146 0
      vertex 17.5364 -1.3 3
      vertex 16.8154 -1.34146 6
    endloop
  endfacet
  facet normal 0.0573401 -0.998355 1.653e-05
    outer loop
      vertex 16.8154 -1.34146 0
      vertex 17.5714 -1.29799 2.98731
      vertex 17.5364 -1.3 3
    endloop
  endfacet
  facet normal 0.0574052 -0.998351 0
    outer loop
      vertex 17.5714 -1.29799 2.98731
      vertex 16.8154 -1.34146 0
      vertex 17.5714 -1.29799 0
    endloop
  endfacet
  facet normal 0.0418914 -0.999122 0
    outer loop
      vertex 17.5714 -1.29799 0
      vertex 17.8359 -1.2869 2.91727
      vertex 17.5714 -1.29799 2.98731
    endloop
  endfacet
  facet normal 0.0418914 -0.999122 0
    outer loop
      vertex 17.8359 -1.2869 2.91727
      vertex 17.5714 -1.29799 0
      vertex 17.8359 -1.2869 0
    endloop
  endfacet
  facet normal 0.0418914 -0.999122 0
    outer loop
      vertex 17.5714 -1.29799 6
      vertex 17.8359 -1.2869 3.08273
      vertex 17.8359 -1.2869 6
    endloop
  endfacet
  facet normal 0.0418914 -0.999122 0
    outer loop
      vertex 17.8359 -1.2869 3.08273
      vertex 17.5714 -1.29799 6
      vertex 17.5714 -1.29799 3.01269
    endloop
  endfacet
  facet normal 0.137751 -0.990467 0
    outer loop
      vertex 17.8359 -1.2869 0
      vertex 18.1023 -1.24985 2.68335
      vertex 17.8359 -1.2869 2.91727
    endloop
  endfacet
  facet normal 0.137751 -0.990467 0
    outer loop
      vertex 18.1023 -1.24985 2.68335
      vertex 17.8359 -1.2869 0
      vertex 18.1023 -1.24985 0
    endloop
  endfacet
  facet normal 0.137751 -0.990467 0
    outer loop
      vertex 17.8359 -1.2869 6
      vertex 18.1023 -1.24985 3.31665
      vertex 18.1023 -1.24985 6
    endloop
  endfacet
  facet normal 0.137751 -0.990467 0
    outer loop
      vertex 18.1023 -1.24985 3.31665
      vertex 17.8359 -1.2869 6
      vertex 17.8359 -1.2869 3.08273
    endloop
  endfacet
  facet normal 0.200403 -0.979714 0
    outer loop
      vertex 18.1023 -1.24985 0
      vertex 18.1682 -1.23637 2.59828
      vertex 18.1023 -1.24985 2.68335
    endloop
  endfacet
  facet normal 0.200232 -0.979748 4.50009e-06
    outer loop
      vertex 18.1023 -1.24985 0
      vertex 18.3696 -1.19521 2.51748
      vertex 18.1682 -1.23637 2.59828
    endloop
  endfacet
  facet normal 0.200273 -0.97974 0
    outer loop
      vertex 18.3696 -1.19521 2.51748
      vertex 18.1023 -1.24985 0
      vertex 18.3696 -1.19521 0
    endloop
  endfacet
  facet normal 0.200273 -0.97974 0
    outer loop
      vertex 18.1023 -1.24985 6
      vertex 18.3696 -1.19521 3.48252
      vertex 18.3696 -1.19521 6
    endloop
  endfacet
  facet normal 0.200232 -0.979748 -4.50009e-06
    outer loop
      vertex 18.1023 -1.24985 6
      vertex 18.1682 -1.23637 3.40172
      vertex 18.3696 -1.19521 3.48252
    endloop
  endfacet
  facet normal 0.200403 -0.979714 0
    outer loop
      vertex 18.1682 -1.23637 3.40172
      vertex 18.1023 -1.24985 6
      vertex 18.1023 -1.24985 3.31665
    endloop
  endfacet
  facet normal 0.250788 -0.968042 0
    outer loop
      vertex 18.3696 -1.19521 0
      vertex 18.6376 -1.12578 2.38122
      vertex 18.3696 -1.19521 2.51748
    endloop
  endfacet
  facet normal 0.250788 -0.968042 0
    outer loop
      vertex 18.6376 -1.12578 2.38122
      vertex 18.3696 -1.19521 0
      vertex 18.6376 -1.12578 0
    endloop
  endfacet
  facet normal 0.250788 -0.968042 0
    outer loop
      vertex 18.3696 -1.19521 6
      vertex 18.6376 -1.12578 3.61878
      vertex 18.6376 -1.12578 6
    endloop
  endfacet
  facet normal 0.250788 -0.968042 0
    outer loop
      vertex 18.6376 -1.12578 3.61878
      vertex 18.3696 -1.19521 6
      vertex 18.3696 -1.19521 3.48252
    endloop
  endfacet
  facet normal 0.294527 -0.955643 0
    outer loop
      vertex 18.6376 -1.12578 0
      vertex 18.8779 -1.05172 2.23588
      vertex 18.6376 -1.12578 2.38122
    endloop
  endfacet
  facet normal 0.293635 -0.955917 0.000104946
    outer loop
      vertex 18.6376 -1.12578 0
      vertex 18.9059 -1.04312 2.22728
      vertex 18.8779 -1.05172 2.23588
    endloop
  endfacet
  facet normal 0.294431 -0.955673 0
    outer loop
      vertex 18.9059 -1.04312 2.22728
      vertex 18.6376 -1.12578 0
      vertex 18.9059 -1.04312 0
    endloop
  endfacet
  facet normal 0.294431 -0.955673 0
    outer loop
      vertex 18.6376 -1.12578 6
      vertex 18.9059 -1.04312 3.77272
      vertex 18.9059 -1.04312 6
    endloop
  endfacet
  facet normal 0.293635 -0.955917 -0.000104946
    outer loop
      vertex 18.6376 -1.12578 6
      vertex 18.8779 -1.05172 3.76412
      vertex 18.9059 -1.04312 3.77272
    endloop
  endfacet
  facet normal 0.294527 -0.955643 0
    outer loop
      vertex 18.8779 -1.05172 3.76412
      vertex 18.6376 -1.12578 6
      vertex 18.6376 -1.12578 3.61878
    endloop
  endfacet
  facet normal 0.333187 -0.942861 0
    outer loop
      vertex 18.9059 -1.04312 0
      vertex 19.1743 -0.948273 2.13243
      vertex 18.9059 -1.04312 2.22728
    endloop
  endfacet
  facet normal 0.333187 -0.942861 0
    outer loop
      vertex 19.1743 -0.948273 2.13243
      vertex 18.9059 -1.04312 0
      vertex 19.1743 -0.948273 0
    endloop
  endfacet
  facet normal 0.333187 -0.942861 0
    outer loop
      vertex 18.9059 -1.04312 6
      vertex 19.1743 -0.948273 3.86757
      vertex 19.1743 -0.948273 6
    endloop
  endfacet
  facet normal 0.333187 -0.942861 0
    outer loop
      vertex 19.1743 -0.948273 3.86757
      vertex 18.9059 -1.04312 6
      vertex 18.9059 -1.04312 3.77272
    endloop
  endfacet
  facet normal 0.368532 -0.929615 0
    outer loop
      vertex 19.1743 -0.948273 0
      vertex 19.4425 -0.841949 2.02611
      vertex 19.1743 -0.948273 2.13243
    endloop
  endfacet
  facet normal 0.368532 -0.929615 0
    outer loop
      vertex 19.4425 -0.841949 2.02611
      vertex 19.1743 -0.948273 0
      vertex 19.4425 -0.841949 0
    endloop
  endfacet
  facet normal 0.368532 -0.929615 0
    outer loop
      vertex 19.1743 -0.948273 6
      vertex 19.4425 -0.841949 3.97389
      vertex 19.4425 -0.841949 6
    endloop
  endfacet
  facet normal 0.368532 -0.929615 0
    outer loop
      vertex 19.4425 -0.841949 3.97389
      vertex 19.1743 -0.948273 6
      vertex 19.1743 -0.948273 3.86757
    endloop
  endfacet
  facet normal 0.400809 -0.916162 0
    outer loop
      vertex 19.4425 -0.841949 0
      vertex 19.6204 -0.76412 1.94828
      vertex 19.4425 -0.841949 2.02611
    endloop
  endfacet
  facet normal 0.40108 -0.916043 -2.94688e-05
    outer loop
      vertex 19.4425 -0.841949 0
      vertex 19.7105 -0.72467 1.92818
      vertex 19.6204 -0.76412 1.94828
    endloop
  endfacet
  facet normal 0.400902 -0.916121 0
    outer loop
      vertex 19.7105 -0.72467 1.92818
      vertex 19.4425 -0.841949 0
      vertex 19.7105 -0.72467 0
    endloop
  endfacet
  facet normal 0.400902 -0.916121 0
    outer loop
      vertex 19.4425 -0.841949 6
      vertex 19.7105 -0.72467 4.07182
      vertex 19.7105 -0.72467 6
    endloop
  endfacet
  facet normal 0.40108 -0.916043 2.94688e-05
    outer loop
      vertex 19.4425 -0.841949 6
      vertex 19.6204 -0.76412 4.05172
      vertex 19.7105 -0.72467 4.07182
    endloop
  endfacet
  facet normal 0.400809 -0.916162 0
    outer loop
      vertex 19.6204 -0.76412 4.05172
      vertex 19.4425 -0.841949 6
      vertex 19.4425 -0.841949 3.97389
    endloop
  endfacet
  facet normal 0.431146 -0.902282 0
    outer loop
      vertex 19.7105 -0.72467 0
      vertex 19.978 -0.596848 1.86305
      vertex 19.7105 -0.72467 1.92818
    endloop
  endfacet
  facet normal 0.431146 -0.902282 0
    outer loop
      vertex 19.978 -0.596848 1.86305
      vertex 19.7105 -0.72467 0
      vertex 19.978 -0.596848 0
    endloop
  endfacet
  facet normal 0.431146 -0.902282 0
    outer loop
      vertex 19.7105 -0.72467 6
      vertex 19.978 -0.596848 4.13695
      vertex 19.978 -0.596848 6
    endloop
  endfacet
  facet normal 0.431146 -0.902282 0
    outer loop
      vertex 19.978 -0.596848 4.13695
      vertex 19.7105 -0.72467 6
      vertex 19.7105 -0.72467 4.07182
    endloop
  endfacet
  facet normal 0.459572 -0.88814 0
    outer loop
      vertex 19.978 -0.596848 1.86305
      vertex 19.978 -0.596848 0
      vertex 20 -0.585464 1.85725
    endloop
  endfacet
  facet normal 0.459504 -0.888176 -1.02025e-06
    outer loop
      vertex 19.978 -0.596848 6
      vertex 20 -0.585464 4.14275
      vertex 20.2448 -0.458817 6
    endloop
  endfacet
  facet normal 0.459572 -0.88814 0
    outer loop
      vertex 20 -0.585464 4.14275
      vertex 19.978 -0.596848 6
      vertex 19.978 -0.596848 4.13695
    endloop
  endfacet
  facet normal 0.459498 -0.888179 0
    outer loop
      vertex 20 -0.585464 1.85725
      vertex 20.2448 -0.458817 6
      vertex 20 -0.585464 4.14275
    endloop
  endfacet
  facet normal 0.459504 -0.888176 1.02025e-06
    outer loop
      vertex 20.2448 -0.458817 0
      vertex 20 -0.585464 1.85725
      vertex 19.978 -0.596848 0
    endloop
  endfacet
  facet normal 0.459498 -0.888179 0
    outer loop
      vertex 20 -0.585464 1.85725
      vertex 20.2448 -0.458817 0
      vertex 20.2448 -0.458817 6
    endloop
  endfacet
  facet normal 1 -0 0
    outer loop
      vertex 20.2448 -0.458817 6
      vertex 20.2448 0.458817 0
      vertex 20.2448 0.458817 6
    endloop
  endfacet
  facet normal 1 0 0
    outer loop
      vertex 20.2448 0.458817 0
      vertex 20.2448 -0.458817 6
      vertex 20.2448 -0.458817 0
    endloop
  endfacet
  facet normal 0.459504 0.888176 -1.02025e-06
    outer loop
      vertex 20.2448 0.458817 6
      vertex 20 0.585464 4.14275
      vertex 19.978 0.596848 6
    endloop
  endfacet
  facet normal 0.459498 0.888179 0
    outer loop
      vertex 20.2448 0.458817 6
      vertex 20 0.585464 1.85725
      vertex 20 0.585464 4.14275
    endloop
  endfacet
  facet normal 0.459498 0.888179 0
    outer loop
      vertex 20 0.585464 1.85725
      vertex 20.2448 0.458817 6
      vertex 20.2448 0.458817 0
    endloop
  endfacet
  facet normal 0.459572 0.88814 0
    outer loop
      vertex 19.978 0.596848 6
      vertex 20 0.585464 4.14275
      vertex 19.978 0.596848 4.13695
    endloop
  endfacet
  facet normal 0.459504 0.888176 1.02025e-06
    outer loop
      vertex 19.978 0.596848 0
      vertex 20 0.585464 1.85725
      vertex 20.2448 0.458817 0
    endloop
  endfacet
  facet normal 0.459572 0.88814 0
    outer loop
      vertex 20 0.585464 1.85725
      vertex 19.978 0.596848 0
      vertex 19.978 0.596848 1.86305
    endloop
  endfacet
  facet normal 0.431146 0.902282 0
    outer loop
      vertex 19.7105 0.72467 0
      vertex 19.978 0.596848 1.86305
      vertex 19.978 0.596848 0
    endloop
  endfacet
  facet normal 0.431146 0.902282 0
    outer loop
      vertex 19.978 0.596848 1.86305
      vertex 19.7105 0.72467 0
      vertex 19.7105 0.72467 1.92818
    endloop
  endfacet
  facet normal 0.431146 0.902282 -0
    outer loop
      vertex 19.978 0.596848 4.13695
      vertex 19.7105 0.72467 6
      vertex 19.978 0.596848 6
    endloop
  endfacet
  facet normal 0.431146 0.902282 0
    outer loop
      vertex 19.7105 0.72467 6
      vertex 19.978 0.596848 4.13695
      vertex 19.7105 0.72467 4.07182
    endloop
  endfacet
  facet normal 0.400902 0.916121 0
    outer loop
      vertex 19.4425 0.841949 0
      vertex 19.7105 0.72467 1.92818
      vertex 19.7105 0.72467 0
    endloop
  endfacet
  facet normal 0.40108 0.916043 -2.94688e-05
    outer loop
      vertex 19.7105 0.72467 1.92818
      vertex 19.4425 0.841949 0
      vertex 19.6204 0.76412 1.94828
    endloop
  endfacet
  facet normal 0.400809 0.916162 0
    outer loop
      vertex 19.6204 0.76412 1.94828
      vertex 19.4425 0.841949 0
      vertex 19.4425 0.841949 2.02611
    endloop
  endfacet
  facet normal 0.400902 0.916121 -0
    outer loop
      vertex 19.7105 0.72467 4.07182
      vertex 19.4425 0.841949 6
      vertex 19.7105 0.72467 6
    endloop
  endfacet
  facet normal 0.40108 0.916043 2.94688e-05
    outer loop
      vertex 19.6204 0.76412 4.05172
      vertex 19.4425 0.841949 6
      vertex 19.7105 0.72467 4.07182
    endloop
  endfacet
  facet normal 0.400809 0.916162 0
    outer loop
      vertex 19.4425 0.841949 6
      vertex 19.6204 0.76412 4.05172
      vertex 19.4425 0.841949 3.97389
    endloop
  endfacet
  facet normal 0.368532 0.929615 0
    outer loop
      vertex 19.1743 0.948273 0
      vertex 19.4425 0.841949 2.02611
      vertex 19.4425 0.841949 0
    endloop
  endfacet
  facet normal 0.368532 0.929615 0
    outer loop
      vertex 19.4425 0.841949 2.02611
      vertex 19.1743 0.948273 0
      vertex 19.1743 0.948273 2.13243
    endloop
  endfacet
  facet normal 0.368532 0.929615 -0
    outer loop
      vertex 19.4425 0.841949 3.97389
      vertex 19.1743 0.948273 6
      vertex 19.4425 0.841949 6
    endloop
  endfacet
  facet normal 0.368532 0.929615 0
    outer loop
      vertex 19.1743 0.948273 6
      vertex 19.4425 0.841949 3.97389
      vertex 19.1743 0.948273 3.86757
    endloop
  endfacet
  facet normal 0.333187 0.942861 0
    outer loop
      vertex 18.9059 1.04312 0
      vertex 19.1743 0.948273 2.13243
      vertex 19.1743 0.948273 0
    endloop
  endfacet
  facet normal 0.333187 0.942861 0
    outer loop
      vertex 19.1743 0.948273 2.13243
      vertex 18.9059 1.04312 0
      vertex 18.9059 1.04312 2.22728
    endloop
  endfacet
  facet normal 0.333187 0.942861 -0
    outer loop
      vertex 19.1743 0.948273 3.86757
      vertex 18.9059 1.04312 6
      vertex 19.1743 0.948273 6
    endloop
  endfacet
  facet normal 0.333187 0.942861 0
    outer loop
      vertex 18.9059 1.04312 6
      vertex 19.1743 0.948273 3.86757
      vertex 18.9059 1.04312 3.77272
    endloop
  endfacet
  facet normal 0.294431 0.955673 0
    outer loop
      vertex 18.6376 1.12578 0
      vertex 18.9059 1.04312 2.22728
      vertex 18.9059 1.04312 0
    endloop
  endfacet
  facet normal 0.293635 0.955917 0.000104946
    outer loop
      vertex 18.9059 1.04312 2.22728
      vertex 18.6376 1.12578 0
      vertex 18.8779 1.05172 2.23588
    endloop
  endfacet
  facet normal 0.294527 0.955643 0
    outer loop
      vertex 18.8779 1.05172 2.23588
      vertex 18.6376 1.12578 0
      vertex 18.6376 1.12578 2.38122
    endloop
  endfacet
  facet normal 0.294431 0.955673 -0
    outer loop
      vertex 18.9059 1.04312 3.77272
      vertex 18.6376 1.12578 6
      vertex 18.9059 1.04312 6
    endloop
  endfacet
  facet normal 0.293635 0.955917 -0.000104946
    outer loop
      vertex 18.8779 1.05172 3.76412
      vertex 18.6376 1.12578 6
      vertex 18.9059 1.04312 3.77272
    endloop
  endfacet
  facet normal 0.294527 0.955643 0
    outer loop
      vertex 18.6376 1.12578 6
      vertex 18.8779 1.05172 3.76412
      vertex 18.6376 1.12578 3.61878
    endloop
  endfacet
  facet normal 0.250788 0.968042 0
    outer loop
      vertex 18.3696 1.19521 0
      vertex 18.6376 1.12578 2.38122
      vertex 18.6376 1.12578 0
    endloop
  endfacet
  facet normal 0.250788 0.968042 0
    outer loop
      vertex 18.6376 1.12578 2.38122
      vertex 18.3696 1.19521 0
      vertex 18.3696 1.19521 2.51748
    endloop
  endfacet
  facet normal 0.250788 0.968042 -0
    outer loop
      vertex 18.6376 1.12578 3.61878
      vertex 18.3696 1.19521 6
      vertex 18.6376 1.12578 6
    endloop
  endfacet
  facet normal 0.250788 0.968042 0
    outer loop
      vertex 18.3696 1.19521 6
      vertex 18.6376 1.12578 3.61878
      vertex 18.3696 1.19521 3.48252
    endloop
  endfacet
  facet normal 0.200273 0.97974 0
    outer loop
      vertex 18.1023 1.24985 0
      vertex 18.3696 1.19521 2.51748
      vertex 18.3696 1.19521 0
    endloop
  endfacet
  facet normal 0.200232 0.979748 4.50009e-06
    outer loop
      vertex 18.3696 1.19521 2.51748
      vertex 18.1023 1.24985 0
      vertex 18.1682 1.23637 2.59828
    endloop
  endfacet
  facet normal 0.200403 0.979714 0
    outer loop
      vertex 18.1682 1.23637 2.59828
      vertex 18.1023 1.24985 0
      vertex 18.1023 1.24985 2.68335
    endloop
  endfacet
  facet normal 0.200273 0.97974 -0
    outer loop
      vertex 18.3696 1.19521 3.48252
      vertex 18.1023 1.24985 6
      vertex 18.3696 1.19521 6
    endloop
  endfacet
  facet normal 0.200232 0.979748 -4.50009e-06
    outer loop
      vertex 18.1682 1.23637 3.40172
      vertex 18.1023 1.24985 6
      vertex 18.3696 1.19521 3.48252
    endloop
  endfacet
  facet normal 0.200403 0.979714 0
    outer loop
      vertex 18.1023 1.24985 6
      vertex 18.1682 1.23637 3.40172
      vertex 18.1023 1.24985 3.31665
    endloop
  endfacet
  facet normal 0.137751 0.990467 0
    outer loop
      vertex 17.8359 1.2869 0
      vertex 18.1023 1.24985 2.68335
      vertex 18.1023 1.24985 0
    endloop
  endfacet
  facet normal 0.137751 0.990467 0
    outer loop
      vertex 18.1023 1.24985 2.68335
      vertex 17.8359 1.2869 0
      vertex 17.8359 1.2869 2.91727
    endloop
  endfacet
  facet normal 0.137751 0.990467 -0
    outer loop
      vertex 18.1023 1.24985 3.31665
      vertex 17.8359 1.2869 6
      vertex 18.1023 1.24985 6
    endloop
  endfacet
  facet normal 0.137751 0.990467 0
    outer loop
      vertex 17.8359 1.2869 6
      vertex 18.1023 1.24985 3.31665
      vertex 17.8359 1.2869 3.08273
    endloop
  endfacet
  facet normal 0.0418914 0.999122 0
    outer loop
      vertex 17.5714 1.29799 0
      vertex 17.8359 1.2869 2.91727
      vertex 17.8359 1.2869 0
    endloop
  endfacet
  facet normal 0.0418914 0.999122 0
    outer loop
      vertex 17.8359 1.2869 2.91727
      vertex 17.5714 1.29799 0
      vertex 17.5714 1.29799 2.98731
    endloop
  endfacet
  facet normal 0.0418914 0.999122 -0
    outer loop
      vertex 17.8359 1.2869 3.08273
      vertex 17.5714 1.29799 6
      vertex 17.8359 1.2869 6
    endloop
  endfacet
  facet normal 0.0418914 0.999122 0
    outer loop
      vertex 17.5714 1.29799 6
      vertex 17.8359 1.2869 3.08273
      vertex 17.5714 1.29799 3.01269
    endloop
  endfacet
  facet normal 0.0574052 0.998351 -0
    outer loop
      vertex 17.5714 1.29799 3.01269
      vertex 16.8154 1.34146 6
      vertex 17.5714 1.29799 6
    endloop
  endfacet
  facet normal 0.0573401 0.998355 -1.653e-05
    outer loop
      vertex 17.5364 1.3 3
      vertex 16.8154 1.34146 6
      vertex 17.5714 1.29799 3.01269
    endloop
  endfacet
  facet normal 0.0574052 0.998351 0
    outer loop
      vertex 16.8154 1.34146 0
      vertex 17.5714 1.29799 2.98731
      vertex 17.5714 1.29799 0
    endloop
  endfacet
  facet normal 0.0573401 0.998355 1.653e-05
    outer loop
      vertex 17.5714 1.29799 2.98731
      vertex 16.8154 1.34146 0
      vertex 17.5364 1.3 3
    endloop
  endfacet
  facet normal 0.0574086 0.998351 0
    outer loop
      vertex 17.5364 1.3 3
      vertex 16.8154 1.34146 0
      vertex 16.8154 1.34146 6
    endloop
  endfacet
  facet normal 0.995187 0.0979978 0
    outer loop
      vertex 16.8154 1.34146 6
      vertex 16.7306 2.20262 0
      vertex 16.7306 2.20262 6
    endloop
  endfacet
  facet normal 0.995187 0.0979978 0
    outer loop
      vertex 16.7306 2.20262 0
      vertex 16.8154 1.34146 6
      vertex 16.8154 1.34146 0
    endloop
  endfacet
  facet normal 0.98665 0.162856 0
    outer loop
      vertex 16.7306 2.20262 6
      vertex 16.6185 2.88177 0
      vertex 16.6185 2.88177 6
    endloop
  endfacet
  facet normal 0.98665 0.162856 0
    outer loop
      vertex 16.6185 2.88177 0
      vertex 16.7306 2.20262 6
      vertex 16.7306 2.20262 0
    endloop
  endfacet
  facet normal 0.303901 -0.952704 0
    outer loop
      vertex 16.6185 2.88177 0
      vertex 17.3421 3.11259 6
      vertex 16.6185 2.88177 6
    endloop
  endfacet
  facet normal 0.303901 -0.952704 0
    outer loop
      vertex 17.3421 3.11259 6
      vertex 16.6185 2.88177 0
      vertex 17.3421 3.11259 0
    endloop
  endfacet
  facet normal 0.289114 -0.957295 0
    outer loop
      vertex 17.3421 3.11259 0
      vertex 17.5956 3.18915 6
      vertex 17.3421 3.11259 6
    endloop
  endfacet
  facet normal 0.289114 -0.957295 0
    outer loop
      vertex 17.5956 3.18915 6
      vertex 17.3421 3.11259 0
      vertex 17.5956 3.18915 0
    endloop
  endfacet
  facet normal 0.379678 -0.925119 0
    outer loop
      vertex 17.5956 3.18915 0
      vertex 17.8444 3.29126 6
      vertex 17.5956 3.18915 6
    endloop
  endfacet
  facet normal 0.379678 -0.925119 0
    outer loop
      vertex 17.8444 3.29126 6
      vertex 17.5956 3.18915 0
      vertex 17.8444 3.29126 0
    endloop
  endfacet
  facet normal 0.437717 -0.899113 0
    outer loop
      vertex 17.8444 3.29126 0
      vertex 18.0897 3.41068 6
      vertex 17.8444 3.29126 6
    endloop
  endfacet
  facet normal 0.437717 -0.899113 0
    outer loop
      vertex 18.0897 3.41068 6
      vertex 17.8444 3.29126 0
      vertex 18.0897 3.41068 0
    endloop
  endfacet
  facet normal 0.483623 -0.875276 0
    outer loop
      vertex 18.0897 3.41068 0
      vertex 18.332 3.54456 6
      vertex 18.0897 3.41068 6
    endloop
  endfacet
  facet normal 0.483623 -0.875276 0
    outer loop
      vertex 18.332 3.54456 6
      vertex 18.0897 3.41068 0
      vertex 18.332 3.54456 0
    endloop
  endfacet
  facet normal 0.522827 -0.852439 0
    outer loop
      vertex 18.332 3.54456 0
      vertex 18.5713 3.69133 6
      vertex 18.332 3.54456 6
    endloop
  endfacet
  facet normal 0.522827 -0.852439 0
    outer loop
      vertex 18.5713 3.69133 6
      vertex 18.332 3.54456 0
      vertex 18.5713 3.69133 0
    endloop
  endfacet
  facet normal 0.557202 -0.830377 0
    outer loop
      vertex 18.5713 3.69133 0
      vertex 18.8077 3.84996 6
      vertex 18.5713 3.69133 6
    endloop
  endfacet
  facet normal 0.557202 -0.830377 0
    outer loop
      vertex 18.8077 3.84996 6
      vertex 18.5713 3.69133 0
      vertex 18.8077 3.84996 0
    endloop
  endfacet
  facet normal 0.588046 -0.808827 0
    outer loop
      vertex 18.8077 3.84996 0
      vertex 19.0411 4.01965 6
      vertex 18.8077 3.84996 6
    endloop
  endfacet
  facet normal 0.588046 -0.808827 0
    outer loop
      vertex 19.0411 4.01965 6
      vertex 18.8077 3.84996 0
      vertex 19.0411 4.01965 0
    endloop
  endfacet
  facet normal 0.616153 -0.787626 0
    outer loop
      vertex 19.0411 4.01965 0
      vertex 19.2715 4.19989 6
      vertex 19.0411 4.01965 6
    endloop
  endfacet
  facet normal 0.616153 -0.787626 0
    outer loop
      vertex 19.2715 4.19989 6
      vertex 19.0411 4.01965 0
      vertex 19.2715 4.19989 0
    endloop
  endfacet
  facet normal 0.642021 -0.766687 0
    outer loop
      vertex 19.2715 4.19989 0
      vertex 19.4988 4.39023 6
      vertex 19.2715 4.19989 6
    endloop
  endfacet
  facet normal 0.642021 -0.766687 0
    outer loop
      vertex 19.4988 4.39023 6
      vertex 19.2715 4.19989 0
      vertex 19.4988 4.39023 0
    endloop
  endfacet
  facet normal 0.665924 -0.746019 0
    outer loop
      vertex 19.4988 4.39023 0
      vertex 19.7229 4.59027 6
      vertex 19.4988 4.39023 6
    endloop
  endfacet
  facet normal 0.665924 -0.746019 0
    outer loop
      vertex 19.7229 4.59027 6
      vertex 19.4988 4.39023 0
      vertex 19.7229 4.59027 0
    endloop
  endfacet
  facet normal 0.968584 0.248687 0
    outer loop
      vertex 19.7229 4.59027 6
      vertex 19.4947 5.47906 0
      vertex 19.4947 5.47906 6
    endloop
  endfacet
  facet normal 0.968584 0.248687 0
    outer loop
      vertex 19.4947 5.47906 0
      vertex 19.7229 4.59027 6
      vertex 19.7229 4.59027 0
    endloop
  endfacet
  facet normal 0.224198 0.974544 -0
    outer loop
      vertex 19.4947 5.47906 0
      vertex 19.2019 5.54642 6
      vertex 19.4947 5.47906 6
    endloop
  endfacet
  facet normal 0.224198 0.974544 0
    outer loop
      vertex 19.2019 5.54642 6
      vertex 19.4947 5.47906 0
      vertex 19.2019 5.54642 0
    endloop
  endfacet
  facet normal 0.19326 0.981147 -0
    outer loop
      vertex 19.2019 5.54642 0
      vertex 18.9111 5.6037 6
      vertex 19.2019 5.54642 6
    endloop
  endfacet
  facet normal 0.19326 0.981147 0
    outer loop
      vertex 18.9111 5.6037 6
      vertex 19.2019 5.54642 0
      vertex 18.9111 5.6037 0
    endloop
  endfacet
  facet normal 0.160463 0.987042 -0
    outer loop
      vertex 18.9111 5.6037 0
      vertex 18.6223 5.65065 6
      vertex 18.9111 5.6037 6
    endloop
  endfacet
  facet normal 0.160463 0.987042 0
    outer loop
      vertex 18.6223 5.65065 6
      vertex 18.9111 5.6037 0
      vertex 18.6223 5.65065 0
    endloop
  endfacet
  facet normal 0.125681 0.992071 -0
    outer loop
      vertex 18.6223 5.65065 0
      vertex 18.336 5.68692 6
      vertex 18.6223 5.65065 6
    endloop
  endfacet
  facet normal 0.125681 0.992071 0
    outer loop
      vertex 18.336 5.68692 6
      vertex 18.6223 5.65065 0
      vertex 18.336 5.68692 0
    endloop
  endfacet
  facet normal 0.0882609 0.996097 -0
    outer loop
      vertex 18.336 5.68692 0
      vertex 18.0525 5.71204 6
      vertex 18.336 5.68692 6
    endloop
  endfacet
  facet normal 0.0882609 0.996097 0
    outer loop
      vertex 18.0525 5.71204 6
      vertex 18.336 5.68692 0
      vertex 18.0525 5.71204 0
    endloop
  endfacet
  facet normal 0.0474687 0.998873 -0
    outer loop
      vertex 18.0525 5.71204 0
      vertex 17.772 5.72537 6
      vertex 18.0525 5.71204 6
    endloop
  endfacet
  facet normal 0.0474687 0.998873 0
    outer loop
      vertex 17.772 5.72537 6
      vertex 18.0525 5.71204 0
      vertex 17.772 5.72537 0
    endloop
  endfacet
  facet normal 0.00220455 0.999998 -0
    outer loop
      vertex 17.772 5.72537 0
      vertex 17.4953 5.72598 6
      vertex 17.772 5.72537 6
    endloop
  endfacet
  facet normal 0.00220455 0.999998 0
    outer loop
      vertex 17.4953 5.72598 6
      vertex 17.772 5.72537 0
      vertex 17.4953 5.72598 0
    endloop
  endfacet
  facet normal -0.0496452 0.998767 0
    outer loop
      vertex 17.4953 5.72598 0
      vertex 17.2227 5.71243 6
      vertex 17.4953 5.72598 6
    endloop
  endfacet
  facet normal -0.0496452 0.998767 0
    outer loop
      vertex 17.2227 5.71243 6
      vertex 17.4953 5.72598 0
      vertex 17.2227 5.71243 0
    endloop
  endfacet
  facet normal -0.112896 0.993607 0
    outer loop
      vertex 17.2227 5.71243 0
      vertex 16.9555 5.68207 6
      vertex 17.2227 5.71243 6
    endloop
  endfacet
  facet normal -0.112896 0.993607 0
    outer loop
      vertex 16.9555 5.68207 6
      vertex 17.2227 5.71243 0
      vertex 16.9555 5.68207 0
    endloop
  endfacet
  facet normal -0.20794 0.978142 0
    outer loop
      vertex 16.9555 5.68207 0
      vertex 16.6965 5.62701 6
      vertex 16.9555 5.68207 6
    endloop
  endfacet
  facet normal -0.20794 0.978142 0
    outer loop
      vertex 16.6965 5.62701 6
      vertex 16.9555 5.68207 0
      vertex 16.6965 5.62701 0
    endloop
  endfacet
  facet normal -0.192654 0.981267 0
    outer loop
      vertex 16.6965 5.62701 0
      vertex 15.9577 5.48196 6
      vertex 16.6965 5.62701 6
    endloop
  endfacet
  facet normal -0.192654 0.981267 0
    outer loop
      vertex 15.9577 5.48196 6
      vertex 16.6965 5.62701 0
      vertex 15.9577 5.48196 0
    endloop
  endfacet
  facet normal 0.935929 0.352189 0
    outer loop
      vertex 15.9577 5.48196 6
      vertex 15.5905 6.45778 0
      vertex 15.5905 6.45778 6
    endloop
  endfacet
  facet normal 0.935929 0.352189 0
    outer loop
      vertex 15.5905 6.45778 0
      vertex 15.9577 5.48196 6
      vertex 15.9577 5.48196 0
    endloop
  endfacet
  facet normal 0.910838 0.412765 0
    outer loop
      vertex 15.5905 6.45778 6
      vertex 15.3793 6.92383 0
      vertex 15.3793 6.92383 6
    endloop
  endfacet
  facet normal 0.910838 0.412765 0
    outer loop
      vertex 15.3793 6.92383 0
      vertex 15.5905 6.45778 6
      vertex 15.5905 6.45778 0
    endloop
  endfacet
  facet normal 0.531278 -0.847198 0
    outer loop
      vertex 15.3793 6.92383 0
      vertex 16.0232 7.32762 6
      vertex 15.3793 6.92383 6
    endloop
  endfacet
  facet normal 0.531278 -0.847198 0
    outer loop
      vertex 16.0232 7.32762 6
      vertex 15.3793 6.92383 0
      vertex 16.0232 7.32762 0
    endloop
  endfacet
  facet normal 0.518046 -0.855353 0
    outer loop
      vertex 16.0232 7.32762 0
      vertex 16.2497 7.4648 6
      vertex 16.0232 7.32762 6
    endloop
  endfacet
  facet normal 0.518046 -0.855353 0
    outer loop
      vertex 16.2497 7.4648 6
      vertex 16.0232 7.32762 0
      vertex 16.2497 7.4648 0
    endloop
  endfacet
  facet normal 0.597808 -0.801639 0
    outer loop
      vertex 16.2497 7.4648 0
      vertex 16.4653 7.62558 6
      vertex 16.2497 7.4648 6
    endloop
  endfacet
  facet normal 0.597808 -0.801639 0
    outer loop
      vertex 16.4653 7.62558 6
      vertex 16.2497 7.4648 0
      vertex 16.4653 7.62558 0
    endloop
  endfacet
  facet normal 0.647574 -0.762003 0
    outer loop
      vertex 16.4653 7.62558 0
      vertex 16.6732 7.80226 6
      vertex 16.4653 7.62558 6
    endloop
  endfacet
  facet normal 0.647574 -0.762003 0
    outer loop
      vertex 16.6732 7.80226 6
      vertex 16.4653 7.62558 0
      vertex 16.6732 7.80226 0
    endloop
  endfacet
  facet normal 0.686048 -0.727556 0
    outer loop
      vertex 16.6732 7.80226 0
      vertex 16.8746 7.99217 6
      vertex 16.6732 7.80226 6
    endloop
  endfacet
  facet normal 0.686048 -0.727556 0
    outer loop
      vertex 16.8746 7.99217 6
      vertex 16.6732 7.80226 0
      vertex 16.8746 7.99217 0
    endloop
  endfacet
  facet normal 0.718573 -0.695451 0
    outer loop
      vertex 16.8746 7.99217 6
      vertex 17.0698 8.19386 0
      vertex 17.0698 8.19386 6
    endloop
  endfacet
  facet normal 0.718573 -0.695451 0
    outer loop
      vertex 17.0698 8.19386 0
      vertex 16.8746 7.99217 6
      vertex 16.8746 7.99217 0
    endloop
  endfacet
  facet normal 0.746044 -0.665897 0
    outer loop
      vertex 17.0698 8.19386 6
      vertex 17.2594 8.40628 0
      vertex 17.2594 8.40628 6
    endloop
  endfacet
  facet normal 0.746044 -0.665897 0
    outer loop
      vertex 17.2594 8.40628 0
      vertex 17.0698 8.19386 6
      vertex 17.0698 8.19386 0
    endloop
  endfacet
  facet normal 0.770843 -0.637026 0
    outer loop
      vertex 17.2594 8.40628 6
      vertex 17.4432 8.62869 0
      vertex 17.4432 8.62869 6
    endloop
  endfacet
  facet normal 0.770843 -0.637026 0
    outer loop
      vertex 17.4432 8.62869 0
      vertex 17.2594 8.40628 6
      vertex 17.2594 8.40628 0
    endloop
  endfacet
  facet normal 0.792586 -0.60976 0
    outer loop
      vertex 17.4432 8.62869 6
      vertex 17.6216 8.86058 0
      vertex 17.6216 8.86058 6
    endloop
  endfacet
  facet normal 0.792586 -0.60976 0
    outer loop
      vertex 17.6216 8.86058 0
      vertex 17.4432 8.62869 6
      vertex 17.4432 8.62869 0
    endloop
  endfacet
  facet normal 0.812524 -0.582928 0
    outer loop
      vertex 17.6216 8.86058 6
      vertex 17.7944 9.10144 0
      vertex 17.7944 9.10144 6
    endloop
  endfacet
  facet normal 0.812524 -0.582928 0
    outer loop
      vertex 17.7944 9.10144 0
      vertex 17.6216 8.86058 6
      vertex 17.6216 8.86058 0
    endloop
  endfacet
  facet normal 0.830562 -0.556926 0
    outer loop
      vertex 17.7944 9.10144 6
      vertex 17.9617 9.35094 0
      vertex 17.9617 9.35094 6
    endloop
  endfacet
  facet normal 0.830562 -0.556926 0
    outer loop
      vertex 17.9617 9.35094 0
      vertex 17.7944 9.10144 6
      vertex 17.7944 9.10144 0
    endloop
  endfacet
  facet normal 0.876302 0.481761 0
    outer loop
      vertex 17.9617 9.35094 6
      vertex 17.5196 10.1551 0
      vertex 17.5196 10.1551 6
    endloop
  endfacet
  facet normal 0.876302 0.481761 0
    outer loop
      vertex 17.5196 10.1551 0
      vertex 17.9617 9.35094 6
      vertex 17.9617 9.35094 0
    endloop
  endfacet
  facet normal -0.0252999 0.99968 0
    outer loop
      vertex 17.5196 10.1551 0
      vertex 17.2193 10.1475 6
      vertex 17.5196 10.1551 6
    endloop
  endfacet
  facet normal -0.0252999 0.99968 0
    outer loop
      vertex 17.2193 10.1475 6
      vertex 17.5196 10.1551 0
      vertex 17.2193 10.1475 0
    endloop
  endfacet
  facet normal -0.0570018 0.998374 0
    outer loop
      vertex 17.2193 10.1475 0
      vertex 16.9233 10.1306 6
      vertex 17.2193 10.1475 6
    endloop
  endfacet
  facet normal -0.0570018 0.998374 0
    outer loop
      vertex 16.9233 10.1306 6
      vertex 17.2193 10.1475 0
      vertex 16.9233 10.1306 0
    endloop
  endfacet
  facet normal -0.0899192 0.995949 0
    outer loop
      vertex 16.9233 10.1306 0
      vertex 16.632 10.1043 6
      vertex 16.9233 10.1306 6
    endloop
  endfacet
  facet normal -0.0899192 0.995949 0
    outer loop
      vertex 16.632 10.1043 6
      vertex 16.9233 10.1306 0
      vertex 16.632 10.1043 0
    endloop
  endfacet
  facet normal -0.125101 0.992144 0
    outer loop
      vertex 16.632 10.1043 0
      vertex 16.3457 10.0682 6
      vertex 16.632 10.1043 6
    endloop
  endfacet
  facet normal -0.125101 0.992144 0
    outer loop
      vertex 16.3457 10.0682 6
      vertex 16.632 10.1043 0
      vertex 16.3457 10.0682 0
    endloop
  endfacet
  facet normal -0.162291 0.986743 0
    outer loop
      vertex 16.3457 10.0682 0
      vertex 16.0648 10.022 6
      vertex 16.3457 10.0682 6
    endloop
  endfacet
  facet normal -0.162291 0.986743 0
    outer loop
      vertex 16.0648 10.022 6
      vertex 16.3457 10.0682 0
      vertex 16.0648 10.022 0
    endloop
  endfacet
  facet normal -0.202244 0.979335 0
    outer loop
      vertex 16.0648 10.022 0
      vertex 15.7899 9.96523 6
      vertex 16.0648 10.022 6
    endloop
  endfacet
  facet normal -0.202244 0.979335 0
    outer loop
      vertex 15.7899 9.96523 6
      vertex 16.0648 10.022 0
      vertex 15.7899 9.96523 0
    endloop
  endfacet
  facet normal -0.246494 0.969144 0
    outer loop
      vertex 15.7899 9.96523 0
      vertex 15.5216 9.89699 6
      vertex 15.7899 9.96523 6
    endloop
  endfacet
  facet normal -0.246494 0.969144 0
    outer loop
      vertex 15.5216 9.89699 6
      vertex 15.7899 9.96523 0
      vertex 15.5216 9.89699 0
    endloop
  endfacet
  facet normal -0.29648 0.955039 0
    outer loop
      vertex 15.5216 9.89699 0
      vertex 15.261 9.81609 6
      vertex 15.5216 9.89699 6
    endloop
  endfacet
  facet normal -0.29648 0.955039 0
    outer loop
      vertex 15.261 9.81609 6
      vertex 15.5216 9.89699 0
      vertex 15.261 9.81609 0
    endloop
  endfacet
  facet normal -0.35653 0.934284 0
    outer loop
      vertex 15.261 9.81609 0
      vertex 15.0098 9.72023 6
      vertex 15.261 9.81609 6
    endloop
  endfacet
  facet normal -0.35653 0.934284 0
    outer loop
      vertex 15.0098 9.72023 6
      vertex 15.261 9.81609 0
      vertex 15.0098 9.72023 0
    endloop
  endfacet
  facet normal -0.444614 0.895722 0
    outer loop
      vertex 15.0098 9.72023 0
      vertex 14.7726 9.60249 6
      vertex 15.0098 9.72023 6
    endloop
  endfacet
  facet normal -0.444614 0.895722 0
    outer loop
      vertex 14.7726 9.60249 6
      vertex 15.0098 9.72023 0
      vertex 14.7726 9.60249 0
    endloop
  endfacet
  facet normal -0.430605 0.90254 0
    outer loop
      vertex 14.7726 9.60249 0
      vertex 14.0917 9.27763 6
      vertex 14.7726 9.60249 6
    endloop
  endfacet
  facet normal -0.430605 0.90254 0
    outer loop
      vertex 14.0917 9.27763 6
      vertex 14.7726 9.60249 0
      vertex 14.0917 9.27763 0
    endloop
  endfacet
  facet normal 0.849194 0.528082 0
    outer loop
      vertex 14.0917 9.27763 6
      vertex 14.031 9.37524 0
      vertex 14.031 9.37524 6
    endloop
  endfacet
  facet normal 0.849194 0.528082 0
    outer loop
      vertex 14.031 9.37524 0
      vertex 14.0917 9.27763 6
      vertex 14.0917 9.27763 0
    endloop
  endfacet
  facet normal 0.812839 0.582488 0
    outer loop
      vertex 14.031 9.37524 6
      vertex 13.3878 10.2728 0
      vertex 13.3878 10.2728 6
    endloop
  endfacet
  facet normal 0.812839 0.582488 0
    outer loop
      vertex 13.3878 10.2728 0
      vertex 14.031 9.37524 6
      vertex 14.031 9.37524 0
    endloop
  endfacet
  facet normal 0.773186 0.634179 0
    outer loop
      vertex 13.3878 10.2728 6
      vertex 13.1752 10.532 0
      vertex 13.1752 10.532 6
    endloop
  endfacet
  facet normal 0.773186 0.634179 0
    outer loop
      vertex 13.1752 10.532 0
      vertex 13.3878 10.2728 6
      vertex 13.3878 10.2728 0
    endloop
  endfacet
  facet normal 0.725256 -0.688479 0
    outer loop
      vertex 13.1752 10.532 6
      vertex 13.6975 11.0822 0
      vertex 13.6975 11.0822 6
    endloop
  endfacet
  facet normal 0.725256 -0.688479 0
    outer loop
      vertex 13.6975 11.0822 0
      vertex 13.1752 10.532 6
      vertex 13.1752 10.532 0
    endloop
  endfacet
  facet normal 0.714432 -0.699705 0
    outer loop
      vertex 13.6975 11.0822 6
      vertex 13.8828 11.2714 0
      vertex 13.8828 11.2714 6
    endloop
  endfacet
  facet normal 0.714432 -0.699705 0
    outer loop
      vertex 13.8828 11.2714 0
      vertex 13.6975 11.0822 6
      vertex 13.6975 11.0822 0
    endloop
  endfacet
  facet normal 0.778542 -0.627593 0
    outer loop
      vertex 13.8828 11.2714 6
      vertex 14.0516 11.4808 0
      vertex 14.0516 11.4808 6
    endloop
  endfacet
  facet normal 0.778542 -0.627593 0
    outer loop
      vertex 14.0516 11.4808 0
      vertex 13.8828 11.2714 6
      vertex 13.8828 11.2714 0
    endloop
  endfacet
  facet normal 0.816744 -0.577 0
    outer loop
      vertex 14.0516 11.4808 6
      vertex 14.209 11.7036 0
      vertex 14.209 11.7036 6
    endloop
  endfacet
  facet normal 0.816744 -0.577 0
    outer loop
      vertex 14.209 11.7036 0
      vertex 14.0516 11.4808 6
      vertex 14.0516 11.4808 0
    endloop
  endfacet
  facet normal 0.845472 -0.53402 0
    outer loop
      vertex 14.209 11.7036 6
      vertex 14.3568 11.9376 0
      vertex 14.3568 11.9376 6
    endloop
  endfacet
  facet normal 0.845472 -0.53402 0
    outer loop
      vertex 14.3568 11.9376 0
      vertex 14.209 11.7036 6
      vertex 14.209 11.7036 0
    endloop
  endfacet
  facet normal 0.868813 -0.495141 0
    outer loop
      vertex 14.3568 11.9376 6
      vertex 14.4958 12.1815 0
      vertex 14.4958 12.1815 6
    endloop
  endfacet
  facet normal 0.868813 -0.495141 0
    outer loop
      vertex 14.4958 12.1815 0
      vertex 14.3568 11.9376 6
      vertex 14.3568 11.9376 0
    endloop
  endfacet
  facet normal 0.888232 -0.459394 0
    outer loop
      vertex 14.4958 12.1815 6
      vertex 14.6266 12.4344 0
      vertex 14.6266 12.4344 6
    endloop
  endfacet
  facet normal 0.888232 -0.459394 0
    outer loop
      vertex 14.6266 12.4344 0
      vertex 14.4958 12.1815 6
      vertex 14.4958 12.1815 0
    endloop
  endfacet
  facet normal 0.905109 -0.425179 0
    outer loop
      vertex 14.6266 12.4344 6
      vertex 14.7493 12.6956 0
      vertex 14.7493 12.6956 6
    endloop
  endfacet
  facet normal 0.905109 -0.425179 0
    outer loop
      vertex 14.7493 12.6956 0
      vertex 14.6266 12.4344 6
      vertex 14.6266 12.4344 0
    endloop
  endfacet
  facet normal 0.919322 -0.393507 0
    outer loop
      vertex 14.7493 12.6956 6
      vertex 14.8644 12.9645 0
      vertex 14.8644 12.9645 6
    endloop
  endfacet
  facet normal 0.919322 -0.393507 0
    outer loop
      vertex 14.8644 12.9645 0
      vertex 14.7493 12.6956 6
      vertex 14.7493 12.6956 0
    endloop
  endfacet
  facet normal 0.931948 -0.362593 0
    outer loop
      vertex 14.8644 12.9645 6
      vertex 14.9719 13.2408 0
      vertex 14.9719 13.2408 6
    endloop
  endfacet
  facet normal 0.931948 -0.362593 0
    outer loop
      vertex 14.9719 13.2408 0
      vertex 14.8644 12.9645 6
      vertex 14.8644 12.9645 0
    endloop
  endfacet
  facet normal 0.942941 -0.332959 0
    outer loop
      vertex 14.9719 13.2408 6
      vertex 15.0719 13.524 0
      vertex 15.0719 13.524 6
    endloop
  endfacet
  facet normal 0.942941 -0.332959 0
    outer loop
      vertex 15.0719 13.524 0
      vertex 14.9719 13.2408 6
      vertex 14.9719 13.2408 0
    endloop
  endfacet
  facet normal 0.728986 0.684528 0
    outer loop
      vertex 15.0719 13.524 6
      vertex 14.4437 14.193 0
      vertex 14.4437 14.193 6
    endloop
  endfacet
  facet normal 0.728986 0.684528 0
    outer loop
      vertex 14.4437 14.193 0
      vertex 15.0719 13.524 6
      vertex 15.0719 13.524 0
    endloop
  endfacet
  facet normal -0.273049 0.962 0
    outer loop
      vertex 14.4437 14.193 0
      vertex 14.1548 14.111 6
      vertex 14.4437 14.193 6
    endloop
  endfacet
  facet normal -0.273049 0.962 0
    outer loop
      vertex 14.1548 14.111 6
      vertex 14.4437 14.193 0
      vertex 14.1548 14.111 0
    endloop
  endfacet
  facet normal -0.303552 0.952815 0
    outer loop
      vertex 14.1548 14.111 0
      vertex 13.8723 14.021 6
      vertex 14.1548 14.111 6
    endloop
  endfacet
  facet normal -0.303552 0.952815 0
    outer loop
      vertex 13.8723 14.021 6
      vertex 14.1548 14.111 0
      vertex 13.8723 14.021 0
    endloop
  endfacet
  facet normal -0.334625 0.942351 0
    outer loop
      vertex 13.8723 14.021 0
      vertex 13.5966 13.9231 6
      vertex 13.8723 14.021 6
    endloop
  endfacet
  facet normal -0.334625 0.942351 0
    outer loop
      vertex 13.5966 13.9231 6
      vertex 13.8723 14.021 0
      vertex 13.5966 13.9231 0
    endloop
  endfacet
  facet normal -0.368042 0.929809 0
    outer loop
      vertex 13.5966 13.9231 0
      vertex 13.3283 13.8169 6
      vertex 13.5966 13.9231 6
    endloop
  endfacet
  facet normal -0.368042 0.929809 0
    outer loop
      vertex 13.3283 13.8169 6
      vertex 13.5966 13.9231 0
      vertex 13.3283 13.8169 0
    endloop
  endfacet
  facet normal -0.40255 0.915398 0
    outer loop
      vertex 13.3283 13.8169 0
      vertex 13.0677 13.7023 6
      vertex 13.3283 13.8169 6
    endloop
  endfacet
  facet normal -0.40255 0.915398 0
    outer loop
      vertex 13.0677 13.7023 6
      vertex 13.3283 13.8169 0
      vertex 13.0677 13.7023 0
    endloop
  endfacet
  facet normal -0.439504 0.898241 0
    outer loop
      vertex 13.0677 13.7023 0
      vertex 12.8155 13.5789 6
      vertex 13.0677 13.7023 6
    endloop
  endfacet
  facet normal -0.439504 0.898241 0
    outer loop
      vertex 12.8155 13.5789 6
      vertex 13.0677 13.7023 0
      vertex 12.8155 13.5789 0
    endloop
  endfacet
  facet normal -0.479864 0.877343 0
    outer loop
      vertex 12.8155 13.5789 0
      vertex 12.5727 13.4461 6
      vertex 12.8155 13.5789 6
    endloop
  endfacet
  facet normal -0.479864 0.877343 0
    outer loop
      vertex 12.5727 13.4461 6
      vertex 12.8155 13.5789 0
      vertex 12.5727 13.4461 0
    endloop
  endfacet
  facet normal -0.524752 0.851255 0
    outer loop
      vertex 12.5727 13.4461 0
      vertex 12.3404 13.3029 6
      vertex 12.5727 13.4461 6
    endloop
  endfacet
  facet normal -0.524752 0.851255 0
    outer loop
      vertex 12.3404 13.3029 6
      vertex 12.5727 13.4461 0
      vertex 12.3404 13.3029 0
    endloop
  endfacet
  facet normal -0.577574 0.816339 0
    outer loop
      vertex 12.3404 13.3029 0
      vertex 12.1209 13.1476 6
      vertex 12.3404 13.3029 6
    endloop
  endfacet
  facet normal -0.577574 0.816339 0
    outer loop
      vertex 12.1209 13.1476 6
      vertex 12.3404 13.3029 0
      vertex 12.1209 13.1476 0
    endloop
  endfacet
  facet normal -0.653276 0.75712 0
    outer loop
      vertex 12.1209 13.1476 0
      vertex 11.9204 12.9746 6
      vertex 12.1209 13.1476 6
    endloop
  endfacet
  facet normal -0.653276 0.75712 0
    outer loop
      vertex 11.9204 12.9746 6
      vertex 12.1209 13.1476 0
      vertex 11.9204 12.9746 0
    endloop
  endfacet
  facet normal -0.64152 0.767106 0
    outer loop
      vertex 11.9204 12.9746 0
      vertex 11.3389 12.4883 6
      vertex 11.9204 12.9746 6
    endloop
  endfacet
  facet normal -0.64152 0.767106 0
    outer loop
      vertex 11.3389 12.4883 6
      vertex 11.9204 12.9746 0
      vertex 11.3389 12.4883 0
    endloop
  endfacet
  facet normal 0.683541 0.729912 -0
    outer loop
      vertex 11.3389 12.4883 0
      vertex 11.1264 12.6873 6
      vertex 11.3389 12.4883 6
    endloop
  endfacet
  facet normal 0.683541 0.729912 0
    outer loop
      vertex 11.1264 12.6873 6
      vertex 11.3389 12.4883 0
      vertex 11.1264 12.6873 0
    endloop
  endfacet
  facet normal 0.634376 0.773024 -0
    outer loop
      vertex 11.1264 12.6873 0
      vertex 10.2728 13.3878 6
      vertex 11.1264 12.6873 6
    endloop
  endfacet
  facet normal 0.634376 0.773024 0
    outer loop
      vertex 10.2728 13.3878 6
      vertex 11.1264 12.6873 0
      vertex 10.2728 13.3878 0
    endloop
  endfacet
  facet normal 0.582547 0.812797 -0
    outer loop
      vertex 10.2728 13.3878 0
      vertex 10.1436 13.4804 6
      vertex 10.2728 13.3878 6
    endloop
  endfacet
  facet normal 0.582547 0.812797 0
    outer loop
      vertex 10.1436 13.4804 6
      vertex 10.2728 13.3878 0
      vertex 10.1436 13.4804 0
    endloop
  endfacet
  facet normal 0.87372 -0.486429 0
    outer loop
      vertex 10.1436 13.4804 6
      vertex 10.5111 14.1405 0
      vertex 10.5111 14.1405 6
    endloop
  endfacet
  facet normal 0.87372 -0.486429 0
    outer loop
      vertex 10.5111 14.1405 0
      vertex 10.1436 13.4804 6
      vertex 10.1436 13.4804 0
    endloop
  endfacet
  facet normal 0.866003 -0.500038 0
    outer loop
      vertex 10.5111 14.1405 6
      vertex 10.6435 14.3698 0
      vertex 10.6435 14.3698 6
    endloop
  endfacet
  facet normal 0.866003 -0.500038 0
    outer loop
      vertex 10.6435 14.3698 0
      vertex 10.5111 14.1405 6
      vertex 10.5111 14.1405 0
    endloop
  endfacet
  facet normal 0.909984 -0.414643 0
    outer loop
      vertex 10.6435 14.3698 6
      vertex 10.755 14.6145 0
      vertex 10.755 14.6145 6
    endloop
  endfacet
  facet normal 0.909984 -0.414643 0
    outer loop
      vertex 10.755 14.6145 0
      vertex 10.6435 14.3698 6
      vertex 10.6435 14.3698 0
    endloop
  endfacet
  facet normal 0.934586 -0.355736 0
    outer loop
      vertex 10.755 14.6145 6
      vertex 10.8521 14.8696 0
      vertex 10.8521 14.8696 6
    endloop
  endfacet
  facet normal 0.934586 -0.355736 0
    outer loop
      vertex 10.8521 14.8696 0
      vertex 10.755 14.6145 6
      vertex 10.755 14.6145 0
    endloop
  endfacet
  facet normal 0.95178 -0.306781 0
    outer loop
      vertex 10.8521 14.8696 6
      vertex 10.937 15.133 0
      vertex 10.937 15.133 6
    endloop
  endfacet
  facet normal 0.95178 -0.306781 0
    outer loop
      vertex 10.937 15.133 0
      vertex 10.8521 14.8696 6
      vertex 10.8521 14.8696 0
    endloop
  endfacet
  facet normal 0.964632 -0.2636 0
    outer loop
      vertex 10.937 15.133 6
      vertex 11.011 15.4038 0
      vertex 11.011 15.4038 6
    endloop
  endfacet
  facet normal 0.964632 -0.2636 0
    outer loop
      vertex 11.011 15.4038 0
      vertex 10.937 15.133 6
      vertex 10.937 15.133 0
    endloop
  endfacet
  facet normal 0.974633 -0.223807 0
    outer loop
      vertex 11.011 15.4038 6
      vertex 11.0747 15.6812 0
      vertex 11.0747 15.6812 6
    endloop
  endfacet
  facet normal 0.974633 -0.223807 0
    outer loop
      vertex 11.0747 15.6812 0
      vertex 11.011 15.4038 6
      vertex 11.011 15.4038 0
    endloop
  endfacet
  facet normal 0.982339 -0.187112 0
    outer loop
      vertex 11.0747 15.6812 6
      vertex 11.1287 15.9647 0
      vertex 11.1287 15.9647 6
    endloop
  endfacet
  facet normal 0.982339 -0.187112 0
    outer loop
      vertex 11.1287 15.9647 0
      vertex 11.0747 15.6812 6
      vertex 11.0747 15.6812 0
    endloop
  endfacet
  facet normal 0.988308 -0.152468 0
    outer loop
      vertex 11.1287 15.9647 6
      vertex 11.1733 16.2538 0
      vertex 11.1733 16.2538 6
    endloop
  endfacet
  facet normal 0.988308 -0.152468 0
    outer loop
      vertex 11.1733 16.2538 0
      vertex 11.1287 15.9647 6
      vertex 11.1287 15.9647 0
    endloop
  endfacet
  facet normal 0.992848 -0.119385 0
    outer loop
      vertex 11.1733 16.2538 6
      vertex 11.2087 16.5482 0
      vertex 11.2087 16.5482 6
    endloop
  endfacet
  facet normal 0.992848 -0.119385 0
    outer loop
      vertex 11.2087 16.5482 0
      vertex 11.1733 16.2538 6
      vertex 11.1733 16.2538 0
    endloop
  endfacet
  facet normal 0.99613 -0.0878938 0
    outer loop
      vertex 11.2087 16.5482 6
      vertex 11.2351 16.8474 0
      vertex 11.2351 16.8474 6
    endloop
  endfacet
  facet normal 0.99613 -0.0878938 0
    outer loop
      vertex 11.2351 16.8474 0
      vertex 11.2087 16.5482 6
      vertex 11.2087 16.5482 0
    endloop
  endfacet
  facet normal 0.535824 0.844329 -0
    outer loop
      vertex 11.2351 16.8474 0
      vertex 10.4603 17.3391 6
      vertex 11.2351 16.8474 6
    endloop
  endfacet
  facet normal 0.535824 0.844329 0
    outer loop
      vertex 10.4603 17.3391 6
      vertex 11.2351 16.8474 0
      vertex 10.4603 17.3391 0
    endloop
  endfacet
  facet normal -0.503685 0.863888 0
    outer loop
      vertex 10.4603 17.3391 0
      vertex 10.2008 17.1878 6
      vertex 10.4603 17.3391 6
    endloop
  endfacet
  facet normal -0.503685 0.863888 0
    outer loop
      vertex 10.2008 17.1878 6
      vertex 10.4603 17.3391 0
      vertex 10.2008 17.1878 0
    endloop
  endfacet
  facet normal -0.530893 0.847439 0
    outer loop
      vertex 10.2008 17.1878 0
      vertex 9.94955 17.0304 6
      vertex 10.2008 17.1878 6
    endloop
  endfacet
  facet normal -0.530893 0.847439 0
    outer loop
      vertex 9.94955 17.0304 6
      vertex 10.2008 17.1878 0
      vertex 9.94955 17.0304 0
    endloop
  endfacet
  facet normal -0.558623 0.829422 0
    outer loop
      vertex 9.94955 17.0304 0
      vertex 9.70694 16.867 6
      vertex 9.94955 17.0304 6
    endloop
  endfacet
  facet normal -0.558623 0.829422 0
    outer loop
      vertex 9.70694 16.867 6
      vertex 9.94955 17.0304 0
      vertex 9.70694 16.867 0
    endloop
  endfacet
  facet normal -0.587417 0.809284 0
    outer loop
      vertex 9.70694 16.867 0
      vertex 9.47342 16.6975 6
      vertex 9.70694 16.867 6
    endloop
  endfacet
  facet normal -0.587417 0.809284 0
    outer loop
      vertex 9.47342 16.6975 6
      vertex 9.70694 16.867 0
      vertex 9.47342 16.6975 0
    endloop
  endfacet
  facet normal -0.617541 0.786539 0
    outer loop
      vertex 9.47342 16.6975 0
      vertex 9.24951 16.5217 6
      vertex 9.47342 16.6975 6
    endloop
  endfacet
  facet normal -0.617541 0.786539 0
    outer loop
      vertex 9.24951 16.5217 6
      vertex 9.47342 16.6975 0
      vertex 9.24951 16.5217 0
    endloop
  endfacet
  facet normal -0.649265 0.760562 0
    outer loop
      vertex 9.24951 16.5217 0
      vertex 9.03596 16.3394 6
      vertex 9.24951 16.5217 6
    endloop
  endfacet
  facet normal -0.649265 0.760562 0
    outer loop
      vertex 9.03596 16.3394 6
      vertex 9.24951 16.5217 0
      vertex 9.03596 16.3394 0
    endloop
  endfacet
  facet normal -0.682877 0.730534 0
    outer loop
      vertex 9.03596 16.3394 0
      vertex 8.83377 16.1504 6
      vertex 9.03596 16.3394 6
    endloop
  endfacet
  facet normal -0.682877 0.730534 0
    outer loop
      vertex 8.83377 16.1504 6
      vertex 9.03596 16.3394 0
      vertex 8.83377 16.1504 0
    endloop
  endfacet
  facet normal -0.720031 0.693942 0
    outer loop
      vertex 8.64439 15.9539 0
      vertex 8.83377 16.1504 6
      vertex 8.83377 16.1504 0
    endloop
  endfacet
  facet normal -0.720031 0.693942 0
    outer loop
      vertex 8.83377 16.1504 6
      vertex 8.64439 15.9539 0
      vertex 8.64439 15.9539 6
    endloop
  endfacet
  facet normal -0.762416 0.647087 0
    outer loop
      vertex 8.4704 15.7489 0
      vertex 8.64439 15.9539 6
      vertex 8.64439 15.9539 0
    endloop
  endfacet
  facet normal -0.762416 0.647087 0
    outer loop
      vertex 8.64439 15.9539 6
      vertex 8.4704 15.7489 0
      vertex 8.4704 15.7489 6
    endloop
  endfacet
  facet normal -0.821073 0.570823 0
    outer loop
      vertex 8.31926 15.5315 0
      vertex 8.4704 15.7489 6
      vertex 8.4704 15.7489 0
    endloop
  endfacet
  facet normal -0.821073 0.570823 0
    outer loop
      vertex 8.4704 15.7489 6
      vertex 8.31926 15.5315 0
      vertex 8.31926 15.5315 6
    endloop
  endfacet
  facet normal -0.812192 0.583391 0
    outer loop
      vertex 7.87593 14.9143 0
      vertex 8.31926 15.5315 6
      vertex 8.31926 15.5315 0
    endloop
  endfacet
  facet normal -0.812192 0.583391 0
    outer loop
      vertex 8.31926 15.5315 6
      vertex 7.87593 14.9143 0
      vertex 7.87593 14.9143 6
    endloop
  endfacet
  facet normal 0.471414 0.881912 -0
    outer loop
      vertex 7.87593 14.9143 0
      vertex 7.46361 15.1347 6
      vertex 7.87593 14.9143 6
    endloop
  endfacet
  facet normal 0.471414 0.881912 0
    outer loop
      vertex 7.46361 15.1347 6
      vertex 7.87593 14.9143 0
      vertex 7.46361 15.1347 0
    endloop
  endfacet
  facet normal 0.41269 0.910871 -0
    outer loop
      vertex 7.46361 15.1347 0
      vertex 6.47348 15.5833 6
      vertex 7.46361 15.1347 6
    endloop
  endfacet
  facet normal 0.41269 0.910871 0
    outer loop
      vertex 6.47348 15.5833 6
      vertex 7.46361 15.1347 0
      vertex 6.47348 15.5833 0
    endloop
  endfacet
  facet normal 0.967231 -0.253897 0
    outer loop
      vertex 6.47348 15.5833 6
      vertex 6.66429 16.3102 0
      vertex 6.66429 16.3102 6
    endloop
  endfacet
  facet normal 0.967231 -0.253897 0
    outer loop
      vertex 6.66429 16.3102 0
      vertex 6.47348 15.5833 6
      vertex 6.47348 15.5833 0
    endloop
  endfacet
  facet normal 0.963177 -0.268867 0
    outer loop
      vertex 6.66429 16.3102 6
      vertex 6.7355 16.5653 0
      vertex 6.7355 16.5653 6
    endloop
  endfacet
  facet normal 0.963177 -0.268867 0
    outer loop
      vertex 6.7355 16.5653 0
      vertex 6.66429 16.3102 6
      vertex 6.66429 16.3102 0
    endloop
  endfacet
  facet normal 0.98456 -0.175049 0
    outer loop
      vertex 6.7355 16.5653 6
      vertex 6.78258 16.8301 0
      vertex 6.78258 16.8301 6
    endloop
  endfacet
  facet normal 0.98456 -0.175049 0
    outer loop
      vertex 6.78258 16.8301 0
      vertex 6.7355 16.5653 6
      vertex 6.7355 16.5653 0
    endloop
  endfacet
  facet normal 0.993674 -0.112306 0
    outer loop
      vertex 6.78258 16.8301 6
      vertex 6.81322 17.1012 0
      vertex 6.81322 17.1012 6
    endloop
  endfacet
  facet normal 0.993674 -0.112306 0
    outer loop
      vertex 6.81322 17.1012 0
      vertex 6.78258 16.8301 6
      vertex 6.78258 16.8301 0
    endloop
  endfacet
  facet normal 0.998163 -0.0605834 0
    outer loop
      vertex 6.81322 17.1012 6
      vertex 6.82999 17.3775 0
      vertex 6.82999 17.3775 6
    endloop
  endfacet
  facet normal 0.998163 -0.0605834 0
    outer loop
      vertex 6.82999 17.3775 0
      vertex 6.81322 17.1012 6
      vertex 6.81322 17.1012 0
    endloop
  endfacet
  facet normal 0.999883 -0.015317 0
    outer loop
      vertex 6.82999 17.3775 6
      vertex 6.83429 17.6582 0
      vertex 6.83429 17.6582 6
    endloop
  endfacet
  facet normal 0.999883 -0.015317 0
    outer loop
      vertex 6.83429 17.6582 0
      vertex 6.82999 17.3775 6
      vertex 6.82999 17.3775 0
    endloop
  endfacet
  facet normal 0.999675 0.0255012 0
    outer loop
      vertex 6.83429 17.6582 6
      vertex 6.82703 17.9428 0
      vertex 6.82703 17.9428 6
    endloop
  endfacet
  facet normal 0.999675 0.0255012 0
    outer loop
      vertex 6.82703 17.9428 0
      vertex 6.83429 17.6582 6
      vertex 6.83429 17.6582 0
    endloop
  endfacet
  facet normal 0.998005 0.0631377 0
    outer loop
      vertex 6.82703 17.9428 6
      vertex 6.80881 18.2308 0
      vertex 6.80881 18.2308 6
    endloop
  endfacet
  facet normal 0.998005 0.0631377 0
    outer loop
      vertex 6.80881 18.2308 0
      vertex 6.82703 17.9428 6
      vertex 6.82703 17.9428 0
    endloop
  endfacet
  facet normal 0.995165 0.0982174 0
    outer loop
      vertex 6.80881 18.2308 6
      vertex 6.78008 18.5219 0
      vertex 6.78008 18.5219 6
    endloop
  endfacet
  facet normal 0.995165 0.0982174 0
    outer loop
      vertex 6.78008 18.5219 0
      vertex 6.80881 18.2308 6
      vertex 6.80881 18.2308 0
    endloop
  endfacet
  facet normal 0.99135 0.131247 0
    outer loop
      vertex 6.78008 18.5219 6
      vertex 6.74117 18.8158 0
      vertex 6.74117 18.8158 6
    endloop
  endfacet
  facet normal 0.99135 0.131247 0
    outer loop
      vertex 6.74117 18.8158 0
      vertex 6.78008 18.5219 6
      vertex 6.78008 18.5219 0
    endloop
  endfacet
  facet normal 0.9867 0.162552 0
    outer loop
      vertex 6.74117 18.8158 6
      vertex 6.69234 19.1122 0
      vertex 6.69234 19.1122 6
    endloop
  endfacet
  facet normal 0.9867 0.162552 0
    outer loop
      vertex 6.69234 19.1122 0
      vertex 6.74117 18.8158 6
      vertex 6.74117 18.8158 0
    endloop
  endfacet
  facet normal 0.308951 0.951078 -0
    outer loop
      vertex 6.69234 19.1122 0
      vertex 5.81961 19.3957 6
      vertex 6.69234 19.1122 6
    endloop
  endfacet
  facet normal 0.308951 0.951078 0
    outer loop
      vertex 5.81961 19.3957 6
      vertex 6.69234 19.1122 0
      vertex 5.81961 19.3957 0
    endloop
  endfacet
  facet normal -0.702749 0.711438 0
    outer loop
      vertex 5.81961 19.3957 0
      vertex 5.6059 19.1846 6
      vertex 5.81961 19.3957 6
    endloop
  endfacet
  facet normal -0.702749 0.711438 0
    outer loop
      vertex 5.6059 19.1846 6
      vertex 5.81961 19.3957 0
      vertex 5.6059 19.1846 0
    endloop
  endfacet
  facet normal -0.724713 0.689051 0
    outer loop
      vertex 5.40167 18.9698 0
      vertex 5.6059 19.1846 6
      vertex 5.6059 19.1846 0
    endloop
  endfacet
  facet normal -0.724713 0.689051 0
    outer loop
      vertex 5.6059 19.1846 6
      vertex 5.40167 18.9698 0
      vertex 5.40167 18.9698 6
    endloop
  endfacet
  facet normal -0.747494 0.664268 0
    outer loop
      vertex 5.20732 18.7511 0
      vertex 5.40167 18.9698 6
      vertex 5.40167 18.9698 0
    endloop
  endfacet
  facet normal -0.747494 0.664268 0
    outer loop
      vertex 5.40167 18.9698 6
      vertex 5.20732 18.7511 0
      vertex 5.20732 18.7511 6
    endloop
  endfacet
  facet normal -0.770313 0.637666 0
    outer loop
      vertex 5.0233 18.5288 0
      vertex 5.20732 18.7511 6
      vertex 5.20732 18.7511 0
    endloop
  endfacet
  facet normal -0.770313 0.637666 0
    outer loop
      vertex 5.20732 18.7511 6
      vertex 5.0233 18.5288 0
      vertex 5.0233 18.5288 6
    endloop
  endfacet
  facet normal -0.793691 0.608321 0
    outer loop
      vertex 4.85016 18.3029 0
      vertex 5.0233 18.5288 6
      vertex 5.0233 18.5288 0
    endloop
  endfacet
  facet normal -0.793691 0.608321 0
    outer loop
      vertex 5.0233 18.5288 6
      vertex 4.85016 18.3029 0
      vertex 4.85016 18.3029 6
    endloop
  endfacet
  facet normal -0.817992 0.57523 0
    outer loop
      vertex 4.68863 18.0732 0
      vertex 4.85016 18.3029 6
      vertex 4.85016 18.3029 0
    endloop
  endfacet
  facet normal -0.817992 0.57523 0
    outer loop
      vertex 4.85016 18.3029 6
      vertex 4.68863 18.0732 0
      vertex 4.68863 18.0732 6
    endloop
  endfacet
  facet normal -0.843078 0.537792 0
    outer loop
      vertex 4.53981 17.8399 0
      vertex 4.68863 18.0732 6
      vertex 4.68863 18.0732 0
    endloop
  endfacet
  facet normal -0.843078 0.537792 0
    outer loop
      vertex 4.68863 18.0732 6
      vertex 4.53981 17.8399 0
      vertex 4.53981 17.8399 6
    endloop
  endfacet
  facet normal -0.869938 0.49316 0
    outer loop
      vertex 4.40523 17.6025 0
      vertex 4.53981 17.8399 6
      vertex 4.53981 17.8399 0
    endloop
  endfacet
  facet normal -0.869938 0.49316 0
    outer loop
      vertex 4.53981 17.8399 6
      vertex 4.40523 17.6025 0
      vertex 4.40523 17.6025 6
    endloop
  endfacet
  facet normal -0.89937 0.437188 0
    outer loop
      vertex 4.28769 17.3607 0
      vertex 4.40523 17.6025 6
      vertex 4.40523 17.6025 0
    endloop
  endfacet
  facet normal -0.89937 0.437188 0
    outer loop
      vertex 4.40523 17.6025 6
      vertex 4.28769 17.3607 0
      vertex 4.28769 17.3607 6
    endloop
  endfacet
  facet normal -0.937309 0.348499 0
    outer loop
      vertex 4.19537 17.1124 0
      vertex 4.28769 17.3607 6
      vertex 4.28769 17.3607 0
    endloop
  endfacet
  facet normal -0.937309 0.348499 0
    outer loop
      vertex 4.28769 17.3607 6
      vertex 4.19537 17.1124 0
      vertex 4.19537 17.1124 6
    endloop
  endfacet
  facet normal -0.931731 0.36315 0
    outer loop
      vertex 3.91946 16.4045 0
      vertex 4.19537 17.1124 6
      vertex 4.19537 17.1124 0
    endloop
  endfacet
  facet normal -0.931731 0.36315 0
    outer loop
      vertex 4.19537 17.1124 6
      vertex 3.91946 16.4045 0
      vertex 3.91946 16.4045 6
    endloop
  endfacet
  facet normal 0.22712 0.973867 -0
    outer loop
      vertex 3.91946 16.4045 0
      vertex 3.29214 16.5508 6
      vertex 3.91946 16.4045 6
    endloop
  endfacet
  facet normal 0.22712 0.973867 0
    outer loop
      vertex 3.29214 16.5508 6
      vertex 3.91946 16.4045 0
      vertex 3.29214 16.5508 0
    endloop
  endfacet
  facet normal 0.162817 0.986656 -0
    outer loop
      vertex 3.29214 16.5508 0
      vertex 2.39467 16.6989 6
      vertex 3.29214 16.5508 6
    endloop
  endfacet
  facet normal 0.162817 0.986656 0
    outer loop
      vertex 2.39467 16.6989 6
      vertex 3.29214 16.5508 0
      vertex 2.39467 16.6989 0
    endloop
  endfacet
  facet normal 0.999986 -0.00536816 0
    outer loop
      vertex 2.39467 16.6989 6
      vertex 2.39873 17.4552 0
      vertex 2.39873 17.4552 6
    endloop
  endfacet
  facet normal 0.999986 -0.00536816 0
    outer loop
      vertex 2.39873 17.4552 0
      vertex 2.39467 16.6989 6
      vertex 2.39467 16.6989 0
    endloop
  endfacet
  facet normal 0.99978 -0.0209625 0
    outer loop
      vertex 2.39873 17.4552 6
      vertex 2.40428 17.7199 0
      vertex 2.40428 17.7199 6
    endloop
  endfacet
  facet normal 0.99978 -0.0209625 0
    outer loop
      vertex 2.40428 17.7199 0
      vertex 2.39873 17.4552 6
      vertex 2.39873 17.4552 0
    endloop
  endfacet
  facet normal 0.997159 0.075326 0
    outer loop
      vertex 2.40428 17.7199 6
      vertex 2.38402 17.9881 0
      vertex 2.38402 17.9881 6
    endloop
  endfacet
  facet normal 0.997159 0.075326 0
    outer loop
      vertex 2.38402 17.9881 0
      vertex 2.40428 17.7199 6
      vertex 2.40428 17.7199 0
    endloop
  endfacet
  facet normal 0.990386 0.138331 0
    outer loop
      vertex 2.38402 17.9881 6
      vertex 2.34628 18.2583 0
      vertex 2.34628 18.2583 6
    endloop
  endfacet
  facet normal 0.990386 0.138331 0
    outer loop
      vertex 2.34628 18.2583 0
      vertex 2.38402 17.9881 6
      vertex 2.38402 17.9881 0
    endloop
  endfacet
  facet normal 0.981872 0.189547 0
    outer loop
      vertex 2.34628 18.2583 6
      vertex 2.29381 18.5301 0
      vertex 2.29381 18.5301 6
    endloop
  endfacet
  facet normal 0.981872 0.189547 0
    outer loop
      vertex 2.29381 18.5301 0
      vertex 2.34628 18.2583 6
      vertex 2.34628 18.2583 0
    endloop
  endfacet
  facet normal 0.972263 0.233892 0
    outer loop
      vertex 2.29381 18.5301 6
      vertex 2.22816 18.803 0
      vertex 2.22816 18.803 6
    endloop
  endfacet
  facet normal 0.972263 0.233892 0
    outer loop
      vertex 2.22816 18.803 0
      vertex 2.29381 18.5301 6
      vertex 2.29381 18.5301 0
    endloop
  endfacet
  facet normal 0.961947 0.273236 0
    outer loop
      vertex 2.22816 18.803 6
      vertex 2.15036 19.0769 0
      vertex 2.15036 19.0769 6
    endloop
  endfacet
  facet normal 0.961947 0.273236 0
    outer loop
      vertex 2.15036 19.0769 0
      vertex 2.22816 18.803 6
      vertex 2.22816 18.803 0
    endloop
  endfacet
  facet normal 0.950932 0.309399 0
    outer loop
      vertex 2.15036 19.0769 6
      vertex 2.06108 19.3513 0
      vertex 2.06108 19.3513 6
    endloop
  endfacet
  facet normal 0.950932 0.309399 0
    outer loop
      vertex 2.06108 19.3513 0
      vertex 2.15036 19.0769 6
      vertex 2.15036 19.0769 0
    endloop
  endfacet
  facet normal 0.939472 0.342627 0
    outer loop
      vertex 2.06108 19.3513 6
      vertex 1.96086 19.6261 0
      vertex 1.96086 19.6261 6
    endloop
  endfacet
  facet normal 0.939472 0.342627 0
    outer loop
      vertex 1.96086 19.6261 0
      vertex 2.06108 19.3513 6
      vertex 2.06108 19.3513 0
    endloop
  endfacet
  facet normal 0.92759 0.3736 0
    outer loop
      vertex 1.96086 19.6261 6
      vertex 1.8501 19.9011 0
      vertex 1.8501 19.9011 6
    endloop
  endfacet
  facet normal 0.92759 0.3736 0
    outer loop
      vertex 1.8501 19.9011 0
      vertex 1.96086 19.6261 6
      vertex 1.96086 19.6261 0
    endloop
  endfacet
  facet normal 0.915236 0.402917 0
    outer loop
      vertex 1.8501 19.9011 6
      vertex 1.72908 20.176 0
      vertex 1.72908 20.176 6
    endloop
  endfacet
  facet normal 0.915236 0.402917 0
    outer loop
      vertex 1.72908 20.176 0
      vertex 1.8501 19.9011 6
      vertex 1.8501 19.9011 0
    endloop
  endfacet
  facet normal 0.0627706 0.998028 -0
    outer loop
      vertex 1.72908 20.176 0
      vertex 0.813263 20.2336 6
      vertex 1.72908 20.176 6
    endloop
  endfacet
  facet normal 0.0627706 0.998028 0
    outer loop
      vertex 0.813263 20.2336 6
      vertex 1.72908 20.176 0
      vertex 0.813263 20.2336 0
    endloop
  endfacet
  facet normal -0.857565 0.514376 0
    outer loop
      vertex 0.658752 19.976 0
      vertex 0.813263 20.2336 6
      vertex 0.813263 20.2336 0
    endloop
  endfacet
  facet normal -0.857565 0.514376 0
    outer loop
      vertex 0.813263 20.2336 6
      vertex 0.658752 19.976 0
      vertex 0.658752 19.976 6
    endloop
  endfacet
  facet normal -0.873398 0.487008 0
    outer loop
      vertex 0.514389 19.7171 0
      vertex 0.658752 19.976 6
      vertex 0.658752 19.976 0
    endloop
  endfacet
  facet normal -0.873398 0.487008 0
    outer loop
      vertex 0.658752 19.976 6
      vertex 0.514389 19.7171 0
      vertex 0.514389 19.7171 6
    endloop
  endfacet
  facet normal -0.889127 0.45766 0
    outer loop
      vertex 0.380508 19.457 0
      vertex 0.514389 19.7171 6
      vertex 0.514389 19.7171 0
    endloop
  endfacet
  facet normal -0.889127 0.45766 0
    outer loop
      vertex 0.514389 19.7171 6
      vertex 0.380508 19.457 0
      vertex 0.380508 19.457 6
    endloop
  endfacet
  facet normal -0.904643 0.42617 0
    outer loop
      vertex 0.257553 19.196 0
      vertex 0.380508 19.457 6
      vertex 0.380508 19.457 0
    endloop
  endfacet
  facet normal -0.904643 0.42617 0
    outer loop
      vertex 0.380508 19.457 6
      vertex 0.257553 19.196 0
      vertex 0.257553 19.196 6
    endloop
  endfacet
  facet normal -0.920127 0.39162 0
    outer loop
      vertex 0.146042 18.934 0
      vertex 0.257553 19.196 6
      vertex 0.257553 19.196 0
    endloop
  endfacet
  facet normal -0.920127 0.39162 0
    outer loop
      vertex 0.257553 19.196 6
      vertex 0.146042 18.934 0
      vertex 0.146042 18.934 6
    endloop
  endfacet
  facet normal -0.935256 0.353972 0
    outer loop
      vertex 0.0466919 18.6715 0
      vertex 0.146042 18.934 6
      vertex 0.146042 18.934 0
    endloop
  endfacet
  facet normal -0.935256 0.353972 0
    outer loop
      vertex 0.146042 18.934 6
      vertex 0.0466919 18.6715 0
      vertex 0.0466919 18.6715 6
    endloop
  endfacet
  facet normal -0.950414 0.310989 0
    outer loop
      vertex -0.0393982 18.4084 0
      vertex 0.0466919 18.6715 6
      vertex 0.0466919 18.6715 0
    endloop
  endfacet
  facet normal -0.950414 0.310989 0
    outer loop
      vertex 0.0466919 18.6715 6
      vertex -0.0393982 18.4084 0
      vertex -0.0393982 18.4084 6
    endloop
  endfacet
  facet normal -0.965243 0.261355 0
    outer loop
      vertex -0.110718 18.145 0
      vertex -0.0393982 18.4084 6
      vertex -0.0393982 18.4084 0
    endloop
  endfacet
  facet normal -0.965243 0.261355 0
    outer loop
      vertex -0.0393982 18.4084 6
      vertex -0.110718 18.145 0
      vertex -0.110718 18.145 6
    endloop
  endfacet
  facet normal -0.979863 0.199673 0
    outer loop
      vertex -0.164413 17.8815 0
      vertex -0.110718 18.145 6
      vertex -0.110718 18.145 0
    endloop
  endfacet
  facet normal -0.979863 0.199673 0
    outer loop
      vertex -0.110718 18.145 6
      vertex -0.164413 17.8815 0
      vertex -0.164413 17.8815 6
    endloop
  endfacet
  facet normal -0.994514 0.104607 0
    outer loop
      vertex -0.192108 17.6182 0
      vertex -0.164413 17.8815 6
      vertex -0.164413 17.8815 0
    endloop
  endfacet
  facet normal -0.994514 0.104607 0
    outer loop
      vertex -0.164413 17.8815 6
      vertex -0.192108 17.6182 0
      vertex -0.192108 17.6182 6
    endloop
  endfacet
  facet normal -0.992776 0.119981 0
    outer loop
      vertex -0.283051 16.8657 0
      vertex -0.192108 17.6182 6
      vertex -0.192108 17.6182 0
    endloop
  endfacet
  facet normal -0.992776 0.119981 0
    outer loop
      vertex -0.192108 17.6182 6
      vertex -0.283051 16.8657 0
      vertex -0.283051 16.8657 6
    endloop
  endfacet
  facet normal -0.0326409 0.999467 0
    outer loop
      vertex -0.283051 16.8657 0
      vertex -1.10367 16.8389 6
      vertex -0.283051 16.8657 6
    endloop
  endfacet
  facet normal -0.0326409 0.999467 0
    outer loop
      vertex -1.10367 16.8389 6
      vertex -0.283051 16.8657 0
      vertex -1.10367 16.8389 0
    endloop
  endfacet
  facet normal -0.0980128 0.995185 0
    outer loop
      vertex -1.10367 16.8389 0
      vertex -1.8327 16.7671 6
      vertex -1.10367 16.8389 6
    endloop
  endfacet
  facet normal -0.0980128 0.995185 0
    outer loop
      vertex -1.8327 16.7671 6
      vertex -1.10367 16.8389 0
      vertex -1.8327 16.7671 0
    endloop
  endfacet
  facet normal 0.9699 0.243503 0
    outer loop
      vertex -1.8327 16.7671 6
      vertex -2.01753 17.5033 0
      vertex -2.01753 17.5033 6
    endloop
  endfacet
  facet normal 0.9699 0.243503 0
    outer loop
      vertex -2.01753 17.5033 0
      vertex -1.8327 16.7671 6
      vertex -1.8327 16.7671 0
    endloop
  endfacet
  facet normal 0.973579 0.228351 0
    outer loop
      vertex -2.01753 17.5033 6
      vertex -2.07802 17.7612 0
      vertex -2.07802 17.7612 6
    endloop
  endfacet
  facet normal 0.973579 0.228351 0
    outer loop
      vertex -2.07802 17.7612 0
      vertex -2.01753 17.5033 6
      vertex -2.01753 17.5033 0
    endloop
  endfacet
  facet normal 0.947083 0.320989 0
    outer loop
      vertex -2.07802 17.7612 6
      vertex -2.16431 18.0158 0
      vertex -2.16431 18.0158 6
    endloop
  endfacet
  facet normal 0.947083 0.320989 0
    outer loop
      vertex -2.16431 18.0158 0
      vertex -2.07802 17.7612 6
      vertex -2.07802 17.7612 0
    endloop
  endfacet
  facet normal 0.924884 0.38025 0
    outer loop
      vertex -2.16431 18.0158 6
      vertex -2.26808 18.2682 0
      vertex -2.26808 18.2682 6
    endloop
  endfacet
  facet normal 0.924884 0.38025 0
    outer loop
      vertex -2.26808 18.2682 0
      vertex -2.16431 18.0158 6
      vertex -2.16431 18.0158 0
    endloop
  endfacet
  facet normal 0.903886 0.427774 0
    outer loop
      vertex -2.26808 18.2682 6
      vertex -2.38649 18.5184 0
      vertex -2.38649 18.5184 6
    endloop
  endfacet
  facet normal 0.903886 0.427774 0
    outer loop
      vertex -2.38649 18.5184 0
      vertex -2.26808 18.2682 6
      vertex -2.26808 18.2682 0
    endloop
  endfacet
  facet normal 0.883558 0.468321 0
    outer loop
      vertex -2.38649 18.5184 6
      vertex -2.51794 18.7664 0
      vertex -2.51794 18.7664 6
    endloop
  endfacet
  facet normal 0.883558 0.468321 0
    outer loop
      vertex -2.51794 18.7664 0
      vertex -2.38649 18.5184 6
      vertex -2.38649 18.5184 0
    endloop
  endfacet
  facet normal 0.863736 0.503945 0
    outer loop
      vertex -2.51794 18.7664 6
      vertex -2.66141 19.0123 0
      vertex -2.66141 19.0123 6
    endloop
  endfacet
  facet normal 0.863736 0.503945 0
    outer loop
      vertex -2.66141 19.0123 0
      vertex -2.51794 18.7664 6
      vertex -2.51794 18.7664 0
    endloop
  endfacet
  facet normal 0.844129 0.53614 0
    outer loop
      vertex -2.66141 19.0123 6
      vertex -2.81613 19.2559 0
      vertex -2.81613 19.2559 6
    endloop
  endfacet
  facet normal 0.844129 0.53614 0
    outer loop
      vertex -2.81613 19.2559 0
      vertex -2.66141 19.0123 6
      vertex -2.66141 19.0123 0
    endloop
  endfacet
  facet normal 0.824813 0.565405 0
    outer loop
      vertex -2.81613 19.2559 6
      vertex -2.98154 19.4972 0
      vertex -2.98154 19.4972 6
    endloop
  endfacet
  facet normal 0.824813 0.565405 0
    outer loop
      vertex -2.98154 19.4972 0
      vertex -2.81613 19.2559 6
      vertex -2.81613 19.2559 0
    endloop
  endfacet
  facet normal 0.805487 0.592613 0
    outer loop
      vertex -2.98154 19.4972 6
      vertex -3.15723 19.736 0
      vertex -3.15723 19.736 6
    endloop
  endfacet
  facet normal 0.805487 0.592613 0
    outer loop
      vertex -3.15723 19.736 0
      vertex -2.98154 19.4972 6
      vertex -2.98154 19.4972 0
    endloop
  endfacet
  facet normal 0.786344 0.617789 0
    outer loop
      vertex -3.15723 19.736 6
      vertex -3.3428 19.9722 0
      vertex -3.3428 19.9722 6
    endloop
  endfacet
  facet normal 0.786344 0.617789 0
    outer loop
      vertex -3.3428 19.9722 0
      vertex -3.15723 19.736 6
      vertex -3.15723 19.736 0
    endloop
  endfacet
  facet normal -0.187439 0.982276 0
    outer loop
      vertex -3.3428 19.9722 0
      vertex -4.24417 19.8002 6
      vertex -3.3428 19.9722 6
    endloop
  endfacet
  facet normal -0.187439 0.982276 0
    outer loop
      vertex -4.24417 19.8002 6
      vertex -3.3428 19.9722 0
      vertex -4.24417 19.8002 0
    endloop
  endfacet
  facet normal -0.958529 0.284995 0
    outer loop
      vertex -4.32977 19.5123 0
      vertex -4.24417 19.8002 6
      vertex -4.24417 19.8002 0
    endloop
  endfacet
  facet normal -0.958529 0.284995 0
    outer loop
      vertex -4.24417 19.8002 6
      vertex -4.32977 19.5123 0
      vertex -4.32977 19.5123 6
    endloop
  endfacet
  facet normal -0.967081 0.25447 0
    outer loop
      vertex -4.40521 19.2256 0
      vertex -4.32977 19.5123 6
      vertex -4.32977 19.5123 0
    endloop
  endfacet
  facet normal -0.967081 0.25447 0
    outer loop
      vertex -4.32977 19.5123 6
      vertex -4.40521 19.2256 0
      vertex -4.40521 19.2256 6
    endloop
  endfacet
  facet normal -0.975006 0.22218 0
    outer loop
      vertex -4.4702 18.9404 0
      vertex -4.40521 19.2256 6
      vertex -4.40521 19.2256 0
    endloop
  endfacet
  facet normal -0.975006 0.22218 0
    outer loop
      vertex -4.40521 19.2256 6
      vertex -4.4702 18.9404 0
      vertex -4.4702 18.9404 6
    endloop
  endfacet
  facet normal -0.98223 0.18768 0
    outer loop
      vertex -4.52437 18.6569 0
      vertex -4.4702 18.9404 6
      vertex -4.4702 18.9404 0
    endloop
  endfacet
  facet normal -0.98223 0.18768 0
    outer loop
      vertex -4.4702 18.9404 6
      vertex -4.52437 18.6569 0
      vertex -4.52437 18.6569 6
    endloop
  endfacet
  facet normal -0.988588 0.150642 0
    outer loop
      vertex -4.56725 18.3755 0
      vertex -4.52437 18.6569 6
      vertex -4.52437 18.6569 0
    endloop
  endfacet
  facet normal -0.988588 0.150642 0
    outer loop
      vertex -4.52437 18.6569 6
      vertex -4.56725 18.3755 0
      vertex -4.56725 18.3755 6
    endloop
  endfacet
  facet normal -0.993919 0.110115 0
    outer loop
      vertex -4.59816 18.0965 0
      vertex -4.56725 18.3755 6
      vertex -4.56725 18.3755 0
    endloop
  endfacet
  facet normal -0.993919 0.110115 0
    outer loop
      vertex -4.56725 18.3755 6
      vertex -4.59816 18.0965 0
      vertex -4.59816 18.0965 6
    endloop
  endfacet
  facet normal -0.997886 0.0649962 0
    outer loop
      vertex -4.61615 17.8203 0
      vertex -4.59816 18.0965 6
      vertex -4.59816 18.0965 0
    endloop
  endfacet
  facet normal -0.997886 0.0649962 0
    outer loop
      vertex -4.59816 18.0965 6
      vertex -4.61615 17.8203 0
      vertex -4.61615 17.8203 6
    endloop
  endfacet
  facet normal -0.999913 0.0131539 0
    outer loop
      vertex -4.61974 17.5474 0
      vertex -4.61615 17.8203 6
      vertex -4.61615 17.8203 0
    endloop
  endfacet
  facet normal -0.999913 0.0131539 0
    outer loop
      vertex -4.61615 17.8203 6
      vertex -4.61974 17.5474 0
      vertex -4.61974 17.5474 6
    endloop
  endfacet
  facet normal -0.998735 -0.0502901 0
    outer loop
      vertex -4.60622 17.2789 0
      vertex -4.61974 17.5474 6
      vertex -4.61974 17.5474 0
    endloop
  endfacet
  facet normal -0.998735 -0.0502901 0
    outer loop
      vertex -4.61974 17.5474 6
      vertex -4.60622 17.2789 0
      vertex -4.60622 17.2789 6
    endloop
  endfacet
  facet normal -0.989277 -0.146051 0
    outer loop
      vertex -4.56754 17.0169 0
      vertex -4.60622 17.2789 6
      vertex -4.60622 17.2789 0
    endloop
  endfacet
  facet normal -0.989277 -0.146051 0
    outer loop
      vertex -4.60622 17.2789 6
      vertex -4.56754 17.0169 0
      vertex -4.56754 17.0169 6
    endloop
  endfacet
  facet normal -0.991425 -0.130674 0
    outer loop
      vertex -4.46899 16.2692 0
      vertex -4.56754 17.0169 6
      vertex -4.56754 17.0169 0
    endloop
  endfacet
  facet normal -0.991425 -0.130674 0
    outer loop
      vertex -4.56754 17.0169 6
      vertex -4.46899 16.2692 0
      vertex -4.46899 16.2692 6
    endloop
  endfacet
  facet normal -0.290297 0.956937 0
    outer loop
      vertex -4.46899 16.2692 0
      vertex -5.42429 15.9794 6
      vertex -4.46899 16.2692 6
    endloop
  endfacet
  facet normal -0.290297 0.956937 0
    outer loop
      vertex -5.42429 15.9794 6
      vertex -4.46899 16.2692 0
      vertex -5.42429 15.9794 0
    endloop
  endfacet
  facet normal -0.352279 0.935895 0
    outer loop
      vertex -5.42429 15.9794 0
      vertex -5.94447 15.7836 6
      vertex -5.42429 15.9794 6
    endloop
  endfacet
  facet normal -0.352279 0.935895 0
    outer loop
      vertex -5.94447 15.7836 6
      vertex -5.42429 15.9794 0
      vertex -5.94447 15.7836 0
    endloop
  endfacet
  facet normal 0.87891 0.476987 0
    outer loop
      vertex -5.94447 15.7836 6
      vertex -6.30705 16.4517 0
      vertex -6.30705 16.4517 6
    endloop
  endfacet
  facet normal 0.87891 0.476987 0
    outer loop
      vertex -6.30705 16.4517 0
      vertex -5.94447 15.7836 6
      vertex -5.94447 15.7836 0
    endloop
  endfacet
  facet normal 0.886201 0.463301 0
    outer loop
      vertex -6.30705 16.4517 6
      vertex -6.42975 16.6864 0
      vertex -6.42975 16.6864 6
    endloop
  endfacet
  facet normal 0.886201 0.463301 0
    outer loop
      vertex -6.42975 16.6864 0
      vertex -6.30705 16.4517 6
      vertex -6.30705 16.4517 0
    endloop
  endfacet
  facet normal 0.837508 0.546425 0
    outer loop
      vertex -6.42975 16.6864 6
      vertex -6.57668 16.9116 0
      vertex -6.57668 16.9116 6
    endloop
  endfacet
  facet normal 0.837508 0.546425 0
    outer loop
      vertex -6.57668 16.9116 0
      vertex -6.42975 16.6864 6
      vertex -6.42975 16.6864 0
    endloop
  endfacet
  facet normal 0.801212 0.59838 0
    outer loop
      vertex -6.57668 16.9116 6
      vertex -6.73994 17.1302 0
      vertex -6.73994 17.1302 6
    endloop
  endfacet
  facet normal 0.801212 0.59838 0
    outer loop
      vertex -6.73994 17.1302 0
      vertex -6.57668 16.9116 6
      vertex -6.57668 16.9116 0
    endloop
  endfacet
  facet normal 0.769138 0.639082 0
    outer loop
      vertex -6.73994 17.1302 6
      vertex -6.91684 17.3431 0
      vertex -6.91684 17.3431 6
    endloop
  endfacet
  facet normal 0.769138 0.639082 0
    outer loop
      vertex -6.91684 17.3431 0
      vertex -6.73994 17.1302 6
      vertex -6.73994 17.1302 0
    endloop
  endfacet
  facet normal 0.739403 0.673263 0
    outer loop
      vertex -6.91684 17.3431 6
      vertex -7.10587 17.5507 0
      vertex -7.10587 17.5507 6
    endloop
  endfacet
  facet normal 0.739403 0.673263 0
    outer loop
      vertex -7.10587 17.5507 0
      vertex -6.91684 17.3431 6
      vertex -6.91684 17.3431 0
    endloop
  endfacet
  facet normal 0.711136 0.703055 0
    outer loop
      vertex -7.10587 17.5507 6
      vertex -7.30597 17.7531 0
      vertex -7.30597 17.7531 6
    endloop
  endfacet
  facet normal 0.711136 0.703055 0
    outer loop
      vertex -7.30597 17.7531 0
      vertex -7.10587 17.5507 6
      vertex -7.10587 17.5507 0
    endloop
  endfacet
  facet normal 0.68435 0.729153 -0
    outer loop
      vertex -7.30597 17.7531 0
      vertex -7.5164 17.9506 6
      vertex -7.30597 17.7531 6
    endloop
  endfacet
  facet normal 0.68435 0.729153 0
    outer loop
      vertex -7.5164 17.9506 6
      vertex -7.30597 17.7531 0
      vertex -7.5164 17.9506 0
    endloop
  endfacet
  facet normal 0.658326 0.752733 -0
    outer loop
      vertex -7.5164 17.9506 0
      vertex -7.73662 18.1432 6
      vertex -7.5164 17.9506 6
    endloop
  endfacet
  facet normal 0.658326 0.752733 0
    outer loop
      vertex -7.73662 18.1432 6
      vertex -7.5164 17.9506 0
      vertex -7.73662 18.1432 0
    endloop
  endfacet
  facet normal 0.632604 0.774476 -0
    outer loop
      vertex -7.73662 18.1432 0
      vertex -7.96617 18.3307 6
      vertex -7.73662 18.1432 6
    endloop
  endfacet
  facet normal 0.632604 0.774476 0
    outer loop
      vertex -7.96617 18.3307 6
      vertex -7.73662 18.1432 0
      vertex -7.96617 18.3307 0
    endloop
  endfacet
  facet normal 0.608149 0.793823 -0
    outer loop
      vertex -7.96617 18.3307 0
      vertex -8.20465 18.5134 6
      vertex -7.96617 18.3307 6
    endloop
  endfacet
  facet normal 0.608149 0.793823 0
    outer loop
      vertex -8.20465 18.5134 6
      vertex -7.96617 18.3307 0
      vertex -8.20465 18.5134 0
    endloop
  endfacet
  facet normal -0.425767 0.904833 0
    outer loop
      vertex -8.20465 18.5134 0
      vertex -9.03496 18.1227 6
      vertex -8.20465 18.5134 6
    endloop
  endfacet
  facet normal -0.425767 0.904833 0
    outer loop
      vertex -9.03496 18.1227 6
      vertex -8.20465 18.5134 0
      vertex -9.03496 18.1227 0
    endloop
  endfacet
  facet normal -0.999294 0.0375817 0
    outer loop
      vertex -9.04625 17.8225 0
      vertex -9.03496 18.1227 6
      vertex -9.03496 18.1227 0
    endloop
  endfacet
  facet normal -0.999294 0.0375817 0
    outer loop
      vertex -9.03496 18.1227 6
      vertex -9.04625 17.8225 0
      vertex -9.04625 17.8225 6
    endloop
  endfacet
  facet normal -0.999982 0.00600529 0
    outer loop
      vertex -9.04803 17.5261 0
      vertex -9.04625 17.8225 6
      vertex -9.04625 17.8225 0
    endloop
  endfacet
  facet normal -0.999982 0.00600529 0
    outer loop
      vertex -9.04625 17.8225 6
      vertex -9.04803 17.5261 0
      vertex -9.04803 17.5261 6
    endloop
  endfacet
  facet normal -0.999627 -0.0273061 0
    outer loop
      vertex -9.04004 17.2336 0
      vertex -9.04803 17.5261 6
      vertex -9.04803 17.5261 0
    endloop
  endfacet
  facet normal -0.999627 -0.0273061 0
    outer loop
      vertex -9.04803 17.5261 6
      vertex -9.04004 17.2336 0
      vertex -9.04004 17.2336 6
    endloop
  endfacet
  facet normal -0.998048 -0.0624473 0
    outer loop
      vertex -9.02202 16.9456 0
      vertex -9.04004 17.2336 6
      vertex -9.04004 17.2336 0
    endloop
  endfacet
  facet normal -0.998048 -0.0624473 0
    outer loop
      vertex -9.04004 17.2336 6
      vertex -9.02202 16.9456 0
      vertex -9.02202 16.9456 6
    endloop
  endfacet
  facet normal -0.994988 -0.0999907 0
    outer loop
      vertex -8.99356 16.6624 0
      vertex -9.02202 16.9456 6
      vertex -9.02202 16.9456 0
    endloop
  endfacet
  facet normal -0.994988 -0.0999907 0
    outer loop
      vertex -9.02202 16.9456 6
      vertex -8.99356 16.6624 0
      vertex -8.99356 16.6624 6
    endloop
  endfacet
  facet normal -0.990086 -0.140464 0
    outer loop
      vertex -8.95412 16.3844 0
      vertex -8.99356 16.6624 6
      vertex -8.99356 16.6624 0
    endloop
  endfacet
  facet normal -0.990086 -0.140464 0
    outer loop
      vertex -8.99356 16.6624 6
      vertex -8.95412 16.3844 0
      vertex -8.95412 16.3844 6
    endloop
  endfacet
  facet normal -0.982695 -0.185231 0
    outer loop
      vertex -8.90285 16.1124 0
      vertex -8.95412 16.3844 6
      vertex -8.95412 16.3844 0
    endloop
  endfacet
  facet normal -0.982695 -0.185231 0
    outer loop
      vertex -8.95412 16.3844 6
      vertex -8.90285 16.1124 0
      vertex -8.90285 16.1124 6
    endloop
  endfacet
  facet normal -0.971755 -0.235992 0
    outer loop
      vertex -8.83847 15.8473 0
      vertex -8.90285 16.1124 6
      vertex -8.90285 16.1124 0
    endloop
  endfacet
  facet normal -0.971755 -0.235992 0
    outer loop
      vertex -8.90285 16.1124 6
      vertex -8.83847 15.8473 0
      vertex -8.83847 15.8473 6
    endloop
  endfacet
  facet normal -0.954871 -0.297021 0
    outer loop
      vertex -8.75859 15.5905 0
      vertex -8.83847 15.8473 6
      vertex -8.83847 15.8473 0
    endloop
  endfacet
  facet normal -0.954871 -0.297021 0
    outer loop
      vertex -8.83847 15.8473 6
      vertex -8.75859 15.5905 0
      vertex -8.75859 15.5905 6
    endloop
  endfacet
  facet normal -0.921836 -0.387579 0
    outer loop
      vertex -8.65596 15.3464 0
      vertex -8.75859 15.5905 6
      vertex -8.75859 15.5905 0
    endloop
  endfacet
  facet normal -0.921836 -0.387579 0
    outer loop
      vertex -8.75859 15.5905 6
      vertex -8.65596 15.3464 0
      vertex -8.65596 15.3464 6
    endloop
  endfacet
  facet normal -0.927788 -0.373107 0
    outer loop
      vertex -8.37494 14.6476 0
      vertex -8.65596 15.3464 6
      vertex -8.65596 15.3464 0
    endloop
  endfacet
  facet normal -0.927788 -0.373107 0
    outer loop
      vertex -8.65596 15.3464 6
      vertex -8.37494 14.6476 0
      vertex -8.37494 14.6476 6
    endloop
  endfacet
  facet normal -0.470969 0.88215 0
    outer loop
      vertex -8.37494 14.6476 0
      vertex -8.4375 14.6142 6
      vertex -8.37494 14.6476 6
    endloop
  endfacet
  facet normal -0.470969 0.88215 0
    outer loop
      vertex -8.4375 14.6142 6
      vertex -8.37494 14.6476 0
      vertex -8.4375 14.6142 0
    endloop
  endfacet
  facet normal -0.528117 0.849171 0
    outer loop
      vertex -8.4375 14.6142 0
      vertex -9.37524 14.031 6
      vertex -8.4375 14.6142 6
    endloop
  endfacet
  facet normal -0.528117 0.849171 0
    outer loop
      vertex -9.37524 14.031 6
      vertex -8.4375 14.6142 0
      vertex -9.37524 14.031 0
    endloop
  endfacet
  facet normal -0.582422 0.812886 0
    outer loop
      vertex -9.37524 14.031 0
      vertex -9.68355 13.8101 6
      vertex -9.37524 14.031 6
    endloop
  endfacet
  facet normal -0.582422 0.812886 0
    outer loop
      vertex -9.68355 13.8101 6
      vertex -9.37524 14.031 0
      vertex -9.68355 13.8101 0
    endloop
  endfacet
  facet normal 0.732611 0.680648 0
    outer loop
      vertex -9.68355 13.8101 6
      vertex -10.2003 14.3663 0
      vertex -10.2003 14.3663 6
    endloop
  endfacet
  facet normal 0.732611 0.680648 0
    outer loop
      vertex -10.2003 14.3663 0
      vertex -9.68355 13.8101 6
      vertex -9.68355 13.8101 0
    endloop
  endfacet
  facet normal 0.743144 0.669132 0
    outer loop
      vertex -10.2003 14.3663 6
      vertex -10.3775 14.5631 0
      vertex -10.3775 14.5631 6
    endloop
  endfacet
  facet normal 0.743144 0.669132 0
    outer loop
      vertex -10.3775 14.5631 0
      vertex -10.2003 14.3663 6
      vertex -10.2003 14.3663 0
    endloop
  endfacet
  facet normal 0.675371 0.737478 -0
    outer loop
      vertex -10.3775 14.5631 0
      vertex -10.5758 14.7447 6
      vertex -10.3775 14.5631 6
    endloop
  endfacet
  facet normal 0.675371 0.737478 0
    outer loop
      vertex -10.5758 14.7447 6
      vertex -10.3775 14.5631 0
      vertex -10.5758 14.7447 0
    endloop
  endfacet
  facet normal 0.627373 0.778719 -0
    outer loop
      vertex -10.5758 14.7447 0
      vertex -10.7883 14.9159 6
      vertex -10.5758 14.7447 6
    endloop
  endfacet
  facet normal 0.627373 0.778719 0
    outer loop
      vertex -10.7883 14.9159 6
      vertex -10.5758 14.7447 0
      vertex -10.7883 14.9159 0
    endloop
  endfacet
  facet normal 0.585978 0.810327 -0
    outer loop
      vertex -10.7883 14.9159 0
      vertex -11.0126 15.0781 6
      vertex -10.7883 14.9159 6
    endloop
  endfacet
  facet normal 0.585978 0.810327 0
    outer loop
      vertex -11.0126 15.0781 6
      vertex -10.7883 14.9159 0
      vertex -11.0126 15.0781 0
    endloop
  endfacet
  facet normal 0.548602 0.836084 -0
    outer loop
      vertex -11.0126 15.0781 0
      vertex -11.2473 15.2321 6
      vertex -11.0126 15.0781 6
    endloop
  endfacet
  facet normal 0.548602 0.836084 0
    outer loop
      vertex -11.2473 15.2321 6
      vertex -11.0126 15.0781 0
      vertex -11.2473 15.2321 0
    endloop
  endfacet
  facet normal 0.514186 0.857679 -0
    outer loop
      vertex -11.2473 15.2321 0
      vertex -11.4915 15.3785 6
      vertex -11.2473 15.2321 6
    endloop
  endfacet
  facet normal 0.514186 0.857679 0
    outer loop
      vertex -11.4915 15.3785 6
      vertex -11.2473 15.2321 0
      vertex -11.4915 15.3785 0
    endloop
  endfacet
  facet normal 0.4814 0.876501 -0
    outer loop
      vertex -11.4915 15.3785 0
      vertex -11.7444 15.5174 6
      vertex -11.4915 15.3785 6
    endloop
  endfacet
  facet normal 0.4814 0.876501 0
    outer loop
      vertex -11.7444 15.5174 6
      vertex -11.4915 15.3785 0
      vertex -11.7444 15.5174 0
    endloop
  endfacet
  facet normal 0.450219 0.892918 -0
    outer loop
      vertex -11.7444 15.5174 0
      vertex -12.0056 15.6491 6
      vertex -11.7444 15.5174 6
    endloop
  endfacet
  facet normal 0.450219 0.892918 0
    outer loop
      vertex -12.0056 15.6491 6
      vertex -11.7444 15.5174 0
      vertex -12.0056 15.6491 0
    endloop
  endfacet
  facet normal 0.420298 0.907386 -0
    outer loop
      vertex -12.0056 15.6491 0
      vertex -12.2746 15.7737 6
      vertex -12.0056 15.6491 6
    endloop
  endfacet
  facet normal 0.420298 0.907386 0
    outer loop
      vertex -12.2746 15.7737 6
      vertex -12.0056 15.6491 0
      vertex -12.2746 15.7737 0
    endloop
  endfacet
  facet normal 0.391507 0.920175 -0
    outer loop
      vertex -12.2746 15.7737 0
      vertex -12.551 15.8913 6
      vertex -12.2746 15.7737 6
    endloop
  endfacet
  facet normal 0.391507 0.920175 0
    outer loop
      vertex -12.551 15.8913 6
      vertex -12.2746 15.7737 0
      vertex -12.551 15.8913 0
    endloop
  endfacet
  facet normal -0.637436 0.770503 0
    outer loop
      vertex -12.551 15.8913 0
      vertex -13.258 15.3064 6
      vertex -12.551 15.8913 6
    endloop
  endfacet
  facet normal -0.637436 0.770503 0
    outer loop
      vertex -13.258 15.3064 6
      vertex -12.551 15.8913 0
      vertex -13.258 15.3064 0
    endloop
  endfacet
  facet normal -0.977248 -0.212098 0
    outer loop
      vertex -13.1943 15.0129 0
      vertex -13.258 15.3064 6
      vertex -13.258 15.3064 0
    endloop
  endfacet
  facet normal -0.977248 -0.212098 0
    outer loop
      vertex -13.258 15.3064 6
      vertex -13.1943 15.0129 0
      vertex -13.1943 15.0129 6
    endloop
  endfacet
  facet normal -0.970063 -0.242853 0
    outer loop
      vertex -13.1223 14.7253 0
      vertex -13.1943 15.0129 6
      vertex -13.1943 15.0129 0
    endloop
  endfacet
  facet normal -0.970063 -0.242853 0
    outer loop
      vertex -13.1943 15.0129 6
      vertex -13.1223 14.7253 0
      vertex -13.1223 14.7253 6
    endloop
  endfacet
  facet normal -0.961498 -0.274811 0
    outer loop
      vertex -13.0419 14.444 0
      vertex -13.1223 14.7253 6
      vertex -13.1223 14.7253 0
    endloop
  endfacet
  facet normal -0.961498 -0.274811 0
    outer loop
      vertex -13.1223 14.7253 6
      vertex -13.0419 14.444 0
      vertex -13.0419 14.444 6
    endloop
  endfacet
  facet normal -0.951116 -0.308835 0
    outer loop
      vertex -12.9528 14.1696 0
      vertex -13.0419 14.444 6
      vertex -13.0419 14.444 0
    endloop
  endfacet
  facet normal -0.951116 -0.308835 0
    outer loop
      vertex -13.0419 14.444 6
      vertex -12.9528 14.1696 0
      vertex -12.9528 14.1696 6
    endloop
  endfacet
  facet normal -0.938888 -0.344224 0
    outer loop
      vertex -12.8548 13.9023 0
      vertex -12.9528 14.1696 6
      vertex -12.9528 14.1696 0
    endloop
  endfacet
  facet normal -0.938888 -0.344224 0
    outer loop
      vertex -12.9528 14.1696 6
      vertex -12.8548 13.9023 0
      vertex -12.8548 13.9023 6
    endloop
  endfacet
  facet normal -0.924065 -0.382236 0
    outer loop
      vertex -12.7475 13.6429 0
      vertex -12.8548 13.9023 6
      vertex -12.8548 13.9023 0
    endloop
  endfacet
  facet normal -0.924065 -0.382236 0
    outer loop
      vertex -12.8548 13.9023 6
      vertex -12.7475 13.6429 0
      vertex -12.7475 13.6429 6
    endloop
  endfacet
  facet normal -0.905619 -0.424091 0
    outer loop
      vertex -12.6301 13.3922 0
      vertex -12.7475 13.6429 6
      vertex -12.7475 13.6429 0
    endloop
  endfacet
  facet normal -0.905619 -0.424091 0
    outer loop
      vertex -12.7475 13.6429 6
      vertex -12.6301 13.3922 0
      vertex -12.6301 13.3922 6
    endloop
  endfacet
  facet normal -0.882546 -0.470227 0
    outer loop
      vertex -12.5018 13.1514 0
      vertex -12.6301 13.3922 6
      vertex -12.6301 13.3922 0
    endloop
  endfacet
  facet normal -0.882546 -0.470227 0
    outer loop
      vertex -12.6301 13.3922 6
      vertex -12.5018 13.1514 0
      vertex -12.5018 13.1514 6
    endloop
  endfacet
  facet normal -0.851096 -0.52501 0
    outer loop
      vertex -12.3606 12.9225 0
      vertex -12.5018 13.1514 6
      vertex -12.5018 13.1514 0
    endloop
  endfacet
  facet normal -0.851096 -0.52501 0
    outer loop
      vertex -12.5018 13.1514 6
      vertex -12.3606 12.9225 0
      vertex -12.3606 12.9225 6
    endloop
  endfacet
  facet normal -0.796497 -0.604643 0
    outer loop
      vertex -12.2005 12.7116 0
      vertex -12.3606 12.9225 6
      vertex -12.3606 12.9225 0
    endloop
  endfacet
  facet normal -0.796497 -0.604643 0
    outer loop
      vertex -12.3606 12.9225 6
      vertex -12.2005 12.7116 0
      vertex -12.2005 12.7116 6
    endloop
  endfacet
  facet normal -0.805872 -0.59209 0
    outer loop
      vertex -11.7521 12.1013 0
      vertex -12.2005 12.7116 6
      vertex -12.2005 12.7116 0
    endloop
  endfacet
  facet normal -0.805872 -0.59209 0
    outer loop
      vertex -12.2005 12.7116 6
      vertex -11.7521 12.1013 0
      vertex -11.7521 12.1013 6
    endloop
  endfacet
  facet normal -0.683658 0.729802 0
    outer loop
      vertex -11.7521 12.1013 0
      vertex -11.9324 11.9324 6
      vertex -11.7521 12.1013 6
    endloop
  endfacet
  facet normal -0.683658 0.729802 0
    outer loop
      vertex -11.9324 11.9324 6
      vertex -11.7521 12.1013 0
      vertex -11.9324 11.9324 0
    endloop
  endfacet
  facet normal -0.729865 0.683592 0
    outer loop
      vertex -12.6873 11.1264 0
      vertex -11.9324 11.9324 6
      vertex -11.9324 11.9324 0
    endloop
  endfacet
  facet normal -0.729865 0.683592 0
    outer loop
      vertex -11.9324 11.9324 6
      vertex -12.6873 11.1264 0
      vertex -12.6873 11.1264 6
    endloop
  endfacet
  facet normal -0.772925 0.634498 0
    outer loop
      vertex -12.8161 10.9695 0
      vertex -12.6873 11.1264 6
      vertex -12.6873 11.1264 0
    endloop
  endfacet
  facet normal -0.772925 0.634498 0
    outer loop
      vertex -12.6873 11.1264 6
      vertex -12.8161 10.9695 0
      vertex -12.8161 10.9695 6
    endloop
  endfacet
  facet normal 0.540403 0.841406 -0
    outer loop
      vertex -12.8161 10.9695 0
      vertex -13.4526 11.3783 6
      vertex -12.8161 10.9695 6
    endloop
  endfacet
  facet normal 0.540403 0.841406 0
    outer loop
      vertex -13.4526 11.3783 6
      vertex -12.8161 10.9695 0
      vertex -13.4526 11.3783 0
    endloop
  endfacet
  facet normal 0.553218 0.833037 -0
    outer loop
      vertex -13.4526 11.3783 0
      vertex -13.6732 11.5248 6
      vertex -13.4526 11.3783 6
    endloop
  endfacet
  facet normal 0.553218 0.833037 0
    outer loop
      vertex -13.6732 11.5248 6
      vertex -13.4526 11.3783 0
      vertex -13.6732 11.5248 0
    endloop
  endfacet
  facet normal 0.470858 0.882209 -0
    outer loop
      vertex -13.6732 11.5248 0
      vertex -13.9104 11.6514 6
      vertex -13.6732 11.5248 6
    endloop
  endfacet
  facet normal 0.470858 0.882209 0
    outer loop
      vertex -13.9104 11.6514 6
      vertex -13.6732 11.5248 0
      vertex -13.9104 11.6514 0
    endloop
  endfacet
  facet normal 0.413775 0.910379 -0
    outer loop
      vertex -13.9104 11.6514 0
      vertex -14.1588 11.7643 6
      vertex -13.9104 11.6514 6
    endloop
  endfacet
  facet normal 0.413775 0.910379 0
    outer loop
      vertex -14.1588 11.7643 6
      vertex -13.9104 11.6514 0
      vertex -14.1588 11.7643 0
    endloop
  endfacet
  facet normal 0.365965 0.930628 -0
    outer loop
      vertex -14.1588 11.7643 0
      vertex -14.4164 11.8656 6
      vertex -14.1588 11.7643 6
    endloop
  endfacet
  facet normal 0.365965 0.930628 0
    outer loop
      vertex -14.4164 11.8656 6
      vertex -14.1588 11.7643 0
      vertex -14.4164 11.8656 0
    endloop
  endfacet
  facet normal 0.323805 0.946124 -0
    outer loop
      vertex -14.4164 11.8656 0
      vertex -14.682 11.9565 6
      vertex -14.4164 11.8656 6
    endloop
  endfacet
  facet normal 0.323805 0.946124 0
    outer loop
      vertex -14.682 11.9565 6
      vertex -14.4164 11.8656 0
      vertex -14.682 11.9565 0
    endloop
  endfacet
  facet normal 0.284543 0.958663 -0
    outer loop
      vertex -14.682 11.9565 0
      vertex -14.9549 12.0375 6
      vertex -14.682 11.9565 6
    endloop
  endfacet
  facet normal 0.284543 0.958663 0
    outer loop
      vertex -14.9549 12.0375 6
      vertex -14.682 11.9565 0
      vertex -14.9549 12.0375 0
    endloop
  endfacet
  facet normal 0.2484 0.968657 -0
    outer loop
      vertex -14.9549 12.0375 0
      vertex -15.2345 12.1092 6
      vertex -14.9549 12.0375 6
    endloop
  endfacet
  facet normal 0.2484 0.968657 0
    outer loop
      vertex -15.2345 12.1092 6
      vertex -14.9549 12.0375 0
      vertex -15.2345 12.1092 0
    endloop
  endfacet
  facet normal 0.214033 0.976826 -0
    outer loop
      vertex -15.2345 12.1092 0
      vertex -15.5202 12.1718 6
      vertex -15.2345 12.1092 6
    endloop
  endfacet
  facet normal 0.214033 0.976826 0
    outer loop
      vertex -15.5202 12.1718 6
      vertex -15.2345 12.1092 0
      vertex -15.5202 12.1718 0
    endloop
  endfacet
  facet normal 0.181497 0.983391 -0
    outer loop
      vertex -15.5202 12.1718 0
      vertex -15.8117 12.2256 6
      vertex -15.5202 12.1718 6
    endloop
  endfacet
  facet normal 0.181497 0.983391 0
    outer loop
      vertex -15.8117 12.2256 6
      vertex -15.5202 12.1718 0
      vertex -15.8117 12.2256 0
    endloop
  endfacet
  facet normal 0.150456 0.988617 -0
    outer loop
      vertex -15.8117 12.2256 0
      vertex -16.1087 12.2708 6
      vertex -15.8117 12.2256 6
    endloop
  endfacet
  facet normal 0.150456 0.988617 0
    outer loop
      vertex -16.1087 12.2708 6
      vertex -15.8117 12.2256 0
      vertex -16.1087 12.2708 0
    endloop
  endfacet
  facet normal -0.809009 0.587796 0
    outer loop
      vertex -16.6481 11.5284 0
      vertex -16.1087 12.2708 6
      vertex -16.1087 12.2708 0
    endloop
  endfacet
  facet normal -0.809009 0.587796 0
    outer loop
      vertex -16.1087 12.2708 6
      vertex -16.6481 11.5284 0
      vertex -16.6481 11.5284 6
    endloop
  endfacet
  facet normal -0.893827 -0.448412 0
    outer loop
      vertex -16.5134 11.2599 0
      vertex -16.6481 11.5284 6
      vertex -16.6481 11.5284 0
    endloop
  endfacet
  facet normal -0.893827 -0.448412 0
    outer loop
      vertex -16.6481 11.5284 6
      vertex -16.5134 11.2599 0
      vertex -16.5134 11.2599 6
    endloop
  endfacet
  facet normal -0.879092 -0.476653 0
    outer loop
      vertex -16.3721 10.9993 0
      vertex -16.5134 11.2599 6
      vertex -16.5134 11.2599 0
    endloop
  endfacet
  facet normal -0.879092 -0.476653 0
    outer loop
      vertex -16.5134 11.2599 6
      vertex -16.3721 10.9993 0
      vertex -16.3721 10.9993 6
    endloop
  endfacet
  facet normal -0.862785 -0.50557 0
    outer loop
      vertex -16.2242 10.7469 0
      vertex -16.3721 10.9993 6
      vertex -16.3721 10.9993 0
    endloop
  endfacet
  facet normal -0.862785 -0.50557 0
    outer loop
      vertex -16.3721 10.9993 6
      vertex -16.2242 10.7469 0
      vertex -16.2242 10.7469 6
    endloop
  endfacet
  facet normal -0.844574 -0.53544 0
    outer loop
      vertex -16.0697 10.5032 0
      vertex -16.2242 10.7469 6
      vertex -16.2242 10.7469 0
    endloop
  endfacet
  facet normal -0.844574 -0.53544 0
    outer loop
      vertex -16.2242 10.7469 6
      vertex -16.0697 10.5032 0
      vertex -16.0697 10.5032 6
    endloop
  endfacet
  facet normal -0.823745 -0.566961 0
    outer loop
      vertex -15.9083 10.2687 0
      vertex -16.0697 10.5032 6
      vertex -16.0697 10.5032 0
    endloop
  endfacet
  facet normal -0.823745 -0.566961 0
    outer loop
      vertex -16.0697 10.5032 6
      vertex -15.9083 10.2687 0
      vertex -15.9083 10.2687 6
    endloop
  endfacet
  facet normal -0.799915 -0.600114 0
    outer loop
      vertex -15.7398 10.0441 0
      vertex -15.9083 10.2687 6
      vertex -15.9083 10.2687 0
    endloop
  endfacet
  facet normal -0.799915 -0.600114 0
    outer loop
      vertex -15.9083 10.2687 6
      vertex -15.7398 10.0441 0
      vertex -15.7398 10.0441 6
    endloop
  endfacet
  facet normal -0.771851 -0.635803 0
    outer loop
      vertex -15.5638 9.83044 0
      vertex -15.7398 10.0441 6
      vertex -15.7398 10.0441 0
    endloop
  endfacet
  facet normal -0.771851 -0.635803 0
    outer loop
      vertex -15.7398 10.0441 6
      vertex -15.5638 9.83044 0
      vertex -15.5638 9.83044 6
    endloop
  endfacet
  facet normal -0.737996 -0.674805 0
    outer loop
      vertex -15.3797 9.6291 0
      vertex -15.5638 9.83044 6
      vertex -15.5638 9.83044 0
    endloop
  endfacet
  facet normal -0.737996 -0.674805 0
    outer loop
      vertex -15.5638 9.83044 6
      vertex -15.3797 9.6291 0
      vertex -15.3797 9.6291 6
    endloop
  endfacet
  facet normal -0.69365 -0.720313 0
    outer loop
      vertex -15.3797 9.6291 0
      vertex -15.186 9.44257 6
      vertex -15.3797 9.6291 6
    endloop
  endfacet
  facet normal -0.69365 -0.720313 -0
    outer loop
      vertex -15.186 9.44257 6
      vertex -15.3797 9.6291 0
      vertex -15.186 9.44257 0
    endloop
  endfacet
  facet normal -0.621212 -0.783643 0
    outer loop
      vertex -15.186 9.44257 0
      vertex -14.9785 9.27808 6
      vertex -15.186 9.44257 6
    endloop
  endfacet
  facet normal -0.621212 -0.783643 -0
    outer loop
      vertex -14.9785 9.27808 6
      vertex -15.186 9.44257 0
      vertex -14.9785 9.27808 0
    endloop
  endfacet
  facet normal -0.633246 -0.77395 0
    outer loop
      vertex -14.9785 9.27808 0
      vertex -14.3906 8.79706 6
      vertex -14.9785 9.27808 6
    endloop
  endfacet
  facet normal -0.633246 -0.77395 -0
    outer loop
      vertex -14.3906 8.79706 6
      vertex -14.9785 9.27808 0
      vertex -14.3906 8.79706 0
    endloop
  endfacet
  facet normal -0.84919 0.528087 0
    outer loop
      vertex -14.6142 8.4375 0
      vertex -14.3906 8.79706 6
      vertex -14.3906 8.79706 0
    endloop
  endfacet
  facet normal -0.84919 0.528087 0
    outer loop
      vertex -14.3906 8.79706 6
      vertex -14.6142 8.4375 0
      vertex -14.6142 8.4375 6
    endloop
  endfacet
  facet normal -0.881942 0.471358 0
    outer loop
      vertex -15.1347 7.46361 0
      vertex -14.6142 8.4375 6
      vertex -14.6142 8.4375 0
    endloop
  endfacet
  facet normal -0.881942 0.471358 0
    outer loop
      vertex -14.6142 8.4375 6
      vertex -15.1347 7.46361 0
      vertex -15.1347 7.46361 6
    endloop
  endfacet
  facet normal -0.910938 0.412542 0
    outer loop
      vertex -15.1458 7.4391 0
      vertex -15.1347 7.46361 6
      vertex -15.1347 7.46361 0
    endloop
  endfacet
  facet normal -0.910938 0.412542 0
    outer loop
      vertex -15.1347 7.46361 6
      vertex -15.1458 7.4391 0
      vertex -15.1458 7.4391 6
    endloop
  endfacet
  facet normal 0.314128 0.949381 -0
    outer loop
      vertex -15.1458 7.4391 0
      vertex -15.8596 7.67528 6
      vertex -15.1458 7.4391 6
    endloop
  endfacet
  facet normal 0.314128 0.949381 0
    outer loop
      vertex -15.8596 7.67528 6
      vertex -15.1458 7.4391 0
      vertex -15.8596 7.67528 0
    endloop
  endfacet
  facet normal 0.328819 0.944393 -0
    outer loop
      vertex -15.8596 7.67528 0
      vertex -16.1097 7.76236 6
      vertex -15.8596 7.67528 6
    endloop
  endfacet
  facet normal 0.328819 0.944393 0
    outer loop
      vertex -16.1097 7.76236 6
      vertex -15.8596 7.67528 0
      vertex -16.1097 7.76236 0
    endloop
  endfacet
  facet normal 0.236494 0.971633 -0
    outer loop
      vertex -16.1097 7.76236 0
      vertex -16.371 7.82596 6
      vertex -16.1097 7.76236 6
    endloop
  endfacet
  facet normal 0.236494 0.971633 0
    outer loop
      vertex -16.371 7.82596 6
      vertex -16.1097 7.76236 0
      vertex -16.371 7.82596 0
    endloop
  endfacet
  facet normal 0.174532 0.984652 -0
    outer loop
      vertex -16.371 7.82596 0
      vertex -16.6396 7.87357 6
      vertex -16.371 7.82596 6
    endloop
  endfacet
  facet normal 0.174532 0.984652 0
    outer loop
      vertex -16.6396 7.87357 6
      vertex -16.371 7.82596 0
      vertex -16.6396 7.87357 0
    endloop
  endfacet
  facet normal 0.123119 0.992392 -0
    outer loop
      vertex -16.6396 7.87357 0
      vertex -16.9143 7.90765 6
      vertex -16.6396 7.87357 6
    endloop
  endfacet
  facet normal 0.123119 0.992392 0
    outer loop
      vertex -16.9143 7.90765 6
      vertex -16.6396 7.87357 0
      vertex -16.9143 7.90765 0
    endloop
  endfacet
  facet normal 0.0780746 0.996948 -0
    outer loop
      vertex -16.9143 7.90765 0
      vertex -17.1942 7.92957 6
      vertex -16.9143 7.90765 6
    endloop
  endfacet
  facet normal 0.0780746 0.996948 0
    outer loop
      vertex -17.1942 7.92957 6
      vertex -16.9143 7.90765 0
      vertex -17.1942 7.92957 0
    endloop
  endfacet
  facet normal 0.0373027 0.999304 -0
    outer loop
      vertex -17.1942 7.92957 0
      vertex -17.4787 7.94019 6
      vertex -17.1942 7.92957 6
    endloop
  endfacet
  facet normal 0.0373027 0.999304 0
    outer loop
      vertex -17.4787 7.94019 6
      vertex -17.1942 7.92957 0
      vertex -17.4787 7.94019 0
    endloop
  endfacet
  facet normal -0.0003465 1 0
    outer loop
      vertex -17.4787 7.94019 0
      vertex -17.7673 7.94009 6
      vertex -17.4787 7.94019 6
    endloop
  endfacet
  facet normal -0.0003465 1 0
    outer loop
      vertex -17.7673 7.94009 6
      vertex -17.4787 7.94019 0
      vertex -17.7673 7.94009 0
    endloop
  endfacet
  facet normal -0.0355232 0.999369 0
    outer loop
      vertex -17.7673 7.94009 0
      vertex -18.0596 7.9297 6
      vertex -17.7673 7.94009 6
    endloop
  endfacet
  facet normal -0.0355232 0.999369 0
    outer loop
      vertex -18.0596 7.9297 6
      vertex -17.7673 7.94009 0
      vertex -18.0596 7.9297 0
    endloop
  endfacet
  facet normal -0.0687581 0.997633 0
    outer loop
      vertex -18.0596 7.9297 0
      vertex -18.3553 7.90932 6
      vertex -18.0596 7.9297 6
    endloop
  endfacet
  facet normal -0.0687581 0.997633 0
    outer loop
      vertex -18.3553 7.90932 6
      vertex -18.0596 7.9297 0
      vertex -18.3553 7.90932 0
    endloop
  endfacet
  facet normal -0.100262 0.994961 0
    outer loop
      vertex -18.3553 7.90932 0
      vertex -18.6542 7.8792 6
      vertex -18.3553 7.90932 6
    endloop
  endfacet
  facet normal -0.100262 0.994961 0
    outer loop
      vertex -18.6542 7.8792 6
      vertex -18.3553 7.90932 0
      vertex -18.6542 7.8792 0
    endloop
  endfacet
  facet normal -0.929779 0.368119 0
    outer loop
      vertex -18.992 7.026 0
      vertex -18.6542 7.8792 6
      vertex -18.6542 7.8792 0
    endloop
  endfacet
  facet normal -0.929779 0.368119 0
    outer loop
      vertex -18.6542 7.8792 6
      vertex -18.992 7.026 0
      vertex -18.992 7.026 6
    endloop
  endfacet
  facet normal -0.754276 -0.656558 0
    outer loop
      vertex -18.7948 6.79945 0
      vertex -18.992 7.026 6
      vertex -18.992 7.026 0
    endloop
  endfacet
  facet normal -0.754276 -0.656558 0
    outer loop
      vertex -18.992 7.026 6
      vertex -18.7948 6.79945 0
      vertex -18.7948 6.79945 6
    endloop
  endfacet
  facet normal -0.732941 -0.680292 0
    outer loop
      vertex -18.5931 6.58214 0
      vertex -18.7948 6.79945 6
      vertex -18.7948 6.79945 0
    endloop
  endfacet
  facet normal -0.732941 -0.680292 0
    outer loop
      vertex -18.7948 6.79945 6
      vertex -18.5931 6.58214 0
      vertex -18.5931 6.58214 6
    endloop
  endfacet
  facet normal -0.710006 -0.704195 0
    outer loop
      vertex -18.3871 6.37444 0
      vertex -18.5931 6.58214 6
      vertex -18.5931 6.58214 0
    endloop
  endfacet
  facet normal -0.710006 -0.704195 0
    outer loop
      vertex -18.5931 6.58214 6
      vertex -18.3871 6.37444 0
      vertex -18.3871 6.37444 6
    endloop
  endfacet
  facet normal -0.684796 -0.728735 0
    outer loop
      vertex -18.3871 6.37444 0
      vertex -18.1768 6.17682 6
      vertex -18.3871 6.37444 6
    endloop
  endfacet
  facet normal -0.684796 -0.728735 -0
    outer loop
      vertex -18.1768 6.17682 6
      vertex -18.3871 6.37444 0
      vertex -18.1768 6.17682 0
    endloop
  endfacet
  facet normal -0.656921 -0.753959 0
    outer loop
      vertex -18.1768 6.17682 0
      vertex -17.9622 5.98984 6
      vertex -18.1768 6.17682 6
    endloop
  endfacet
  facet normal -0.656921 -0.753959 -0
    outer loop
      vertex -17.9622 5.98984 6
      vertex -18.1768 6.17682 0
      vertex -17.9622 5.98984 0
    endloop
  endfacet
  facet normal -0.625629 -0.780121 0
    outer loop
      vertex -17.9622 5.98984 0
      vertex -17.7432 5.81421 6
      vertex -17.9622 5.98984 6
    endloop
  endfacet
  facet normal -0.625629 -0.780121 -0
    outer loop
      vertex -17.7432 5.81421 6
      vertex -17.9622 5.98984 0
      vertex -17.7432 5.81421 0
    endloop
  endfacet
  facet normal -0.589498 -0.80777 0
    outer loop
      vertex -17.7432 5.81421 0
      vertex -17.5196 5.65103 6
      vertex -17.7432 5.81421 6
    endloop
  endfacet
  facet normal -0.589498 -0.80777 -0
    outer loop
      vertex -17.5196 5.65103 6
      vertex -17.7432 5.81421 0
      vertex -17.5196 5.65103 0
    endloop
  endfacet
  facet normal -0.546971 -0.837152 0
    outer loop
      vertex -17.5196 5.65103 0
      vertex -17.2912 5.5018 6
      vertex -17.5196 5.65103 6
    endloop
  endfacet
  facet normal -0.546971 -0.837152 -0
    outer loop
      vertex -17.2912 5.5018 6
      vertex -17.5196 5.65103 0
      vertex -17.2912 5.5018 0
    endloop
  endfacet
  facet normal -0.492703 -0.870198 0
    outer loop
      vertex -17.2912 5.5018 0
      vertex -17.0572 5.36931 6
      vertex -17.2912 5.5018 6
    endloop
  endfacet
  facet normal -0.492703 -0.870198 -0
    outer loop
      vertex -17.0572 5.36931 6
      vertex -17.2912 5.5018 0
      vertex -17.0572 5.36931 0
    endloop
  endfacet
  facet normal -0.406625 -0.913595 0
    outer loop
      vertex -17.0572 5.36931 0
      vertex -16.8152 5.2616 6
      vertex -17.0572 5.36931 6
    endloop
  endfacet
  facet normal -0.406625 -0.913595 -0
    outer loop
      vertex -16.8152 5.2616 6
      vertex -17.0572 5.36931 0
      vertex -16.8152 5.2616 0
    endloop
  endfacet
  facet normal -0.420918 -0.907099 0
    outer loop
      vertex -16.8152 5.2616 0
      vertex -16.1258 4.9417 6
      vertex -16.8152 5.2616 6
    endloop
  endfacet
  facet normal -0.420918 -0.907099 -0
    outer loop
      vertex -16.1258 4.9417 6
      vertex -16.8152 5.2616 0
      vertex -16.1258 4.9417 0
    endloop
  endfacet
  facet normal -0.956922 0.290345 0
    outer loop
      vertex -16.3 4.36757 0
      vertex -16.1258 4.9417 6
      vertex -16.1258 4.9417 0
    endloop
  endfacet
  facet normal -0.956922 0.290345 0
    outer loop
      vertex -16.1258 4.9417 6
      vertex -16.3 4.36757 0
      vertex -16.3 4.36757 6
    endloop
  endfacet
  facet normal -0.973881 0.227059 0
    outer loop
      vertex -16.5166 3.43855 0
      vertex -16.3 4.36757 6
      vertex -16.3 4.36757 0
    endloop
  endfacet
  facet normal -0.973881 0.227059 0
    outer loop
      vertex -16.3 4.36757 6
      vertex -16.5166 3.43855 0
      vertex -16.5166 3.43855 6
    endloop
  endfacet
  facet normal 0.0681491 0.997675 -0
    outer loop
      vertex -16.5166 3.43855 0
      vertex -17.2701 3.49002 6
      vertex -16.5166 3.43855 6
    endloop
  endfacet
  facet normal 0.0681491 0.997675 0
    outer loop
      vertex -17.2701 3.49002 6
      vertex -16.5166 3.43855 0
      vertex -17.2701 3.49002 0
    endloop
  endfacet
  facet normal 0.0836767 0.996493 -0
    outer loop
      vertex -17.2701 3.49002 0
      vertex -17.534 3.51218 6
      vertex -17.2701 3.49002 6
    endloop
  endfacet
  facet normal 0.0836767 0.996493 0
    outer loop
      vertex -17.534 3.51218 6
      vertex -17.2701 3.49002 0
      vertex -17.534 3.51218 0
    endloop
  endfacet
  facet normal -0.0125687 0.999921 0
    outer loop
      vertex -17.534 3.51218 0
      vertex -17.8029 3.5088 6
      vertex -17.534 3.51218 6
    endloop
  endfacet
  facet normal -0.0125687 0.999921 0
    outer loop
      vertex -17.8029 3.5088 6
      vertex -17.534 3.51218 0
      vertex -17.8029 3.5088 0
    endloop
  endfacet
  facet normal -0.0758558 0.997119 0
    outer loop
      vertex -17.8029 3.5088 0
      vertex -18.075 3.4881 6
      vertex -17.8029 3.5088 6
    endloop
  endfacet
  facet normal -0.0758558 0.997119 0
    outer loop
      vertex -18.075 3.4881 6
      vertex -17.8029 3.5088 0
      vertex -18.075 3.4881 0
    endloop
  endfacet
  facet normal -0.127547 0.991833 0
    outer loop
      vertex -18.075 3.4881 0
      vertex -18.3495 3.4528 6
      vertex -18.075 3.4881 6
    endloop
  endfacet
  facet normal -0.127547 0.991833 0
    outer loop
      vertex -18.3495 3.4528 6
      vertex -18.075 3.4881 0
      vertex -18.3495 3.4528 0
    endloop
  endfacet
  facet normal -0.172354 0.985035 0
    outer loop
      vertex -18.3495 3.4528 0
      vertex -18.626 3.40442 6
      vertex -18.3495 3.4528 6
    endloop
  endfacet
  facet normal -0.172354 0.985035 0
    outer loop
      vertex -18.626 3.40442 6
      vertex -18.3495 3.4528 0
      vertex -18.626 3.40442 0
    endloop
  endfacet
  facet normal -0.212368 0.97719 0
    outer loop
      vertex -18.626 3.40442 0
      vertex -18.9042 3.34396 6
      vertex -18.626 3.40442 6
    endloop
  endfacet
  facet normal -0.212368 0.97719 0
    outer loop
      vertex -18.9042 3.34396 6
      vertex -18.626 3.40442 0
      vertex -18.9042 3.34396 0
    endloop
  endfacet
  facet normal -0.249036 0.968494 0
    outer loop
      vertex -18.9042 3.34396 0
      vertex -19.1837 3.27209 6
      vertex -18.9042 3.34396 6
    endloop
  endfacet
  facet normal -0.249036 0.968494 0
    outer loop
      vertex -19.1837 3.27209 6
      vertex -18.9042 3.34396 0
      vertex -19.1837 3.27209 0
    endloop
  endfacet
  facet normal -0.282892 0.959152 0
    outer loop
      vertex -19.1837 3.27209 0
      vertex -19.4643 3.18933 6
      vertex -19.1837 3.27209 6
    endloop
  endfacet
  facet normal -0.282892 0.959152 0
    outer loop
      vertex -19.4643 3.18933 6
      vertex -19.1837 3.27209 0
      vertex -19.4643 3.18933 0
    endloop
  endfacet
  facet normal -0.314679 0.949198 0
    outer loop
      vertex -19.4643 3.18933 0
      vertex -19.7457 3.09604 6
      vertex -19.4643 3.18933 6
    endloop
  endfacet
  facet normal -0.314679 0.949198 0
    outer loop
      vertex -19.7457 3.09604 6
      vertex -19.4643 3.18933 0
      vertex -19.7457 3.09604 0
    endloop
  endfacet
  facet normal -0.344656 0.938729 0
    outer loop
      vertex -19.7457 3.09604 0
      vertex -20.0276 2.99254 6
      vertex -19.7457 3.09604 6
    endloop
  endfacet
  facet normal -0.344656 0.938729 0
    outer loop
      vertex -20.0276 2.99254 6
      vertex -19.7457 3.09604 0
      vertex -20.0276 2.99254 0
    endloop
  endfacet
  facet normal -0.992103 0.125429 0
    outer loop
      vertex -20.1427 2.08214 0
      vertex -20.0276 2.99254 6
      vertex -20.0276 2.99254 0
    endloop
  endfacet
  facet normal -0.992103 0.125429 0
    outer loop
      vertex -20.0276 2.99254 6
      vertex -20.1427 2.08214 0
      vertex -20.1427 2.08214 6
    endloop
  endfacet
  facet normal -0.56719 -0.823587 0
    outer loop
      vertex -20.1427 2.08214 0
      vertex -19.8953 1.91176 6
      vertex -20.1427 2.08214 6
    endloop
  endfacet
  facet normal -0.56719 -0.823587 -0
    outer loop
      vertex -19.8953 1.91176 6
      vertex -20.1427 2.08214 0
      vertex -19.8953 1.91176 0
    endloop
  endfacet
  facet normal -0.540785 -0.841161 0
    outer loop
      vertex -19.8953 1.91176 0
      vertex -19.6459 1.75142 6
      vertex -19.8953 1.91176 6
    endloop
  endfacet
  facet normal -0.540785 -0.841161 -0
    outer loop
      vertex -19.6459 1.75142 6
      vertex -19.8953 1.91176 0
      vertex -19.6459 1.75142 0
    endloop
  endfacet
  facet normal -0.512559 -0.858652 0
    outer loop
      vertex -19.6459 1.75142 0
      vertex -19.3947 1.60147 6
      vertex -19.6459 1.75142 6
    endloop
  endfacet
  facet normal -0.512559 -0.858652 -0
    outer loop
      vertex -19.3947 1.60147 6
      vertex -19.6459 1.75142 0
      vertex -19.3947 1.60147 0
    endloop
  endfacet
  facet normal -0.482078 -0.876128 0
    outer loop
      vertex -19.3947 1.60147 0
      vertex -19.1419 1.46237 6
      vertex -19.3947 1.60147 6
    endloop
  endfacet
  facet normal -0.482078 -0.876128 -0
    outer loop
      vertex -19.1419 1.46237 6
      vertex -19.3947 1.60147 0
      vertex -19.1419 1.46237 0
    endloop
  endfacet
  facet normal -0.44873 -0.893667 0
    outer loop
      vertex -19.1419 1.46237 0
      vertex -18.8875 1.33463 6
      vertex -19.1419 1.46237 6
    endloop
  endfacet
  facet normal -0.44873 -0.893667 -0
    outer loop
      vertex -18.8875 1.33463 6
      vertex -19.1419 1.46237 0
      vertex -18.8875 1.33463 0
    endloop
  endfacet
  facet normal -0.411934 -0.911214 0
    outer loop
      vertex -18.8875 1.33463 0
      vertex -18.6317 1.21899 6
      vertex -18.8875 1.33463 6
    endloop
  endfacet
  facet normal -0.411934 -0.911214 -0
    outer loop
      vertex -18.6317 1.21899 6
      vertex -18.8875 1.33463 0
      vertex -18.6317 1.21899 0
    endloop
  endfacet
  facet normal -0.370207 -0.928949 0
    outer loop
      vertex -18.6317 1.21899 0
      vertex -18.3746 1.11653 6
      vertex -18.6317 1.21899 6
    endloop
  endfacet
  facet normal -0.370207 -0.928949 -0
    outer loop
      vertex -18.3746 1.11653 6
      vertex -18.6317 1.21899 0
      vertex -18.3746 1.11653 0
    endloop
  endfacet
  facet normal -0.321423 -0.946936 0
    outer loop
      vertex -18.3746 1.11653 0
      vertex -18.1162 1.02882 6
      vertex -18.3746 1.11653 6
    endloop
  endfacet
  facet normal -0.321423 -0.946936 -0
    outer loop
      vertex -18.1162 1.02882 6
      vertex -18.3746 1.11653 0
      vertex -18.1162 1.02882 0
    endloop
  endfacet
  facet normal -0.260836 -0.965383 0
    outer loop
      vertex -18.1162 1.02882 0
      vertex -17.8566 0.958679 6
      vertex -18.1162 1.02882 6
    endloop
  endfacet
  facet normal -0.260836 -0.965383 -0
    outer loop
      vertex -17.8566 0.958679 6
      vertex -18.1162 1.02882 0
      vertex -17.8566 0.958679 0
    endloop
  endfacet
  facet normal -0.166759 -0.985998 0
    outer loop
      vertex -17.8566 0.958679 0
      vertex -17.5955 0.91452 6
      vertex -17.8566 0.958679 6
    endloop
  endfacet
  facet normal -0.166759 -0.985998 -0
    outer loop
      vertex -17.5955 0.91452 6
      vertex -17.8566 0.958679 0
      vertex -17.5955 0.91452 0
    endloop
  endfacet
  facet normal -0.1821 -0.98328 0
    outer loop
      vertex -17.5955 0.91452 0
      vertex -16.8496 0.776382 6
      vertex -17.5955 0.91452 6
    endloop
  endfacet
  facet normal -0.1821 -0.98328 -0
    outer loop
      vertex -16.8496 0.776382 6
      vertex -17.5955 0.91452 0
      vertex -16.8496 0.776382 0
    endloop
  endfacet
  facet normal -0.999465 0.0326984 0
    outer loop
      vertex -16.875 0 0
      vertex -16.8496 0.776382 6
      vertex -16.8496 0.776382 0
    endloop
  endfacet
  facet normal -0.999465 0.0326984 0
    outer loop
      vertex -16.8496 0.776382 6
      vertex -16.875 0 0
      vertex -16.875 0 6
    endloop
  endfacet
  facet normal -0.999465 -0.0326984 0
    outer loop
      vertex -16.8496 -0.776382 0
      vertex -16.875 0 6
      vertex -16.875 0 0
    endloop
  endfacet
  facet normal -0.999465 -0.0326984 0
    outer loop
      vertex -16.875 0 6
      vertex -16.8496 -0.776382 0
      vertex -16.8496 -0.776382 6
    endloop
  endfacet
  facet normal -0.1821 0.98328 0
    outer loop
      vertex -16.8496 -0.776382 0
      vertex -17.5955 -0.91452 6
      vertex -16.8496 -0.776382 6
    endloop
  endfacet
  facet normal -0.1821 0.98328 0
    outer loop
      vertex -17.5955 -0.91452 6
      vertex -16.8496 -0.776382 0
      vertex -17.5955 -0.91452 0
    endloop
  endfacet
  facet normal -0.166759 0.985998 0
    outer loop
      vertex -17.5955 -0.91452 0
      vertex -17.8566 -0.958679 6
      vertex -17.5955 -0.91452 6
    endloop
  endfacet
  facet normal -0.166759 0.985998 0
    outer loop
      vertex -17.8566 -0.958679 6
      vertex -17.5955 -0.91452 0
      vertex -17.8566 -0.958679 0
    endloop
  endfacet
  facet normal -0.260836 0.965383 0
    outer loop
      vertex -17.8566 -0.958679 0
      vertex -18.1162 -1.02882 6
      vertex -17.8566 -0.958679 6
    endloop
  endfacet
  facet normal -0.260836 0.965383 0
    outer loop
      vertex -18.1162 -1.02882 6
      vertex -17.8566 -0.958679 0
      vertex -18.1162 -1.02882 0
    endloop
  endfacet
  facet normal -0.321423 0.946936 0
    outer loop
      vertex -18.1162 -1.02882 0
      vertex -18.3746 -1.11653 6
      vertex -18.1162 -1.02882 6
    endloop
  endfacet
  facet normal -0.321423 0.946936 0
    outer loop
      vertex -18.3746 -1.11653 6
      vertex -18.1162 -1.02882 0
      vertex -18.3746 -1.11653 0
    endloop
  endfacet
  facet normal -0.370207 0.928949 0
    outer loop
      vertex -18.3746 -1.11653 0
      vertex -18.6317 -1.21899 6
      vertex -18.3746 -1.11653 6
    endloop
  endfacet
  facet normal -0.370207 0.928949 0
    outer loop
      vertex -18.6317 -1.21899 6
      vertex -18.3746 -1.11653 0
      vertex -18.6317 -1.21899 0
    endloop
  endfacet
  facet normal -0.411934 0.911214 0
    outer loop
      vertex -18.6317 -1.21899 0
      vertex -18.8875 -1.33463 6
      vertex -18.6317 -1.21899 6
    endloop
  endfacet
  facet normal -0.411934 0.911214 0
    outer loop
      vertex -18.8875 -1.33463 6
      vertex -18.6317 -1.21899 0
      vertex -18.8875 -1.33463 0
    endloop
  endfacet
  facet normal -0.44873 0.893667 0
    outer loop
      vertex -18.8875 -1.33463 0
      vertex -19.1419 -1.46237 6
      vertex -18.8875 -1.33463 6
    endloop
  endfacet
  facet normal -0.44873 0.893667 0
    outer loop
      vertex -19.1419 -1.46237 6
      vertex -18.8875 -1.33463 0
      vertex -19.1419 -1.46237 0
    endloop
  endfacet
  facet normal -0.482078 0.876128 0
    outer loop
      vertex -19.1419 -1.46237 0
      vertex -19.3947 -1.60147 6
      vertex -19.1419 -1.46237 6
    endloop
  endfacet
  facet normal -0.482078 0.876128 0
    outer loop
      vertex -19.3947 -1.60147 6
      vertex -19.1419 -1.46237 0
      vertex -19.3947 -1.60147 0
    endloop
  endfacet
  facet normal -0.512559 0.858652 0
    outer loop
      vertex -19.3947 -1.60147 0
      vertex -19.6459 -1.75142 6
      vertex -19.3947 -1.60147 6
    endloop
  endfacet
  facet normal -0.512559 0.858652 0
    outer loop
      vertex -19.6459 -1.75142 6
      vertex -19.3947 -1.60147 0
      vertex -19.6459 -1.75142 0
    endloop
  endfacet
  facet normal -0.540785 0.841161 0
    outer loop
      vertex -19.6459 -1.75142 0
      vertex -19.8953 -1.91176 6
      vertex -19.6459 -1.75142 6
    endloop
  endfacet
  facet normal -0.540785 0.841161 0
    outer loop
      vertex -19.8953 -1.91176 6
      vertex -19.6459 -1.75142 0
      vertex -19.8953 -1.91176 0
    endloop
  endfacet
  facet normal -0.56719 0.823587 0
    outer loop
      vertex -19.8953 -1.91176 0
      vertex -20.1427 -2.08214 6
      vertex -19.8953 -1.91176 6
    endloop
  endfacet
  facet normal -0.56719 0.823587 0
    outer loop
      vertex -20.1427 -2.08214 6
      vertex -19.8953 -1.91176 0
      vertex -20.1427 -2.08214 0
    endloop
  endfacet
  facet normal -0.992103 -0.125429 0
    outer loop
      vertex -20.0276 -2.99254 0
      vertex -20.1427 -2.08214 6
      vertex -20.1427 -2.08214 0
    endloop
  endfacet
  facet normal -0.992103 -0.125429 0
    outer loop
      vertex -20.1427 -2.08214 6
      vertex -20.0276 -2.99254 0
      vertex -20.0276 -2.99254 6
    endloop
  endfacet
  facet normal -0.344656 -0.938729 0
    outer loop
      vertex -20.0276 -2.99254 0
      vertex -19.7457 -3.09604 6
      vertex -20.0276 -2.99254 6
    endloop
  endfacet
  facet normal -0.344656 -0.938729 -0
    outer loop
      vertex -19.7457 -3.09604 6
      vertex -20.0276 -2.99254 0
      vertex -19.7457 -3.09604 0
    endloop
  endfacet
  facet normal -0.314679 -0.949198 0
    outer loop
      vertex -19.7457 -3.09604 0
      vertex -19.4643 -3.18933 6
      vertex -19.7457 -3.09604 6
    endloop
  endfacet
  facet normal -0.314679 -0.949198 -0
    outer loop
      vertex -19.4643 -3.18933 6
      vertex -19.7457 -3.09604 0
      vertex -19.4643 -3.18933 0
    endloop
  endfacet
  facet normal -0.282892 -0.959152 0
    outer loop
      vertex -19.4643 -3.18933 0
      vertex -19.1837 -3.27209 6
      vertex -19.4643 -3.18933 6
    endloop
  endfacet
  facet normal -0.282892 -0.959152 -0
    outer loop
      vertex -19.1837 -3.27209 6
      vertex -19.4643 -3.18933 0
      vertex -19.1837 -3.27209 0
    endloop
  endfacet
  facet normal -0.249036 -0.968494 0
    outer loop
      vertex -19.1837 -3.27209 0
      vertex -18.9042 -3.34396 6
      vertex -19.1837 -3.27209 6
    endloop
  endfacet
  facet normal -0.249036 -0.968494 -0
    outer loop
      vertex -18.9042 -3.34396 6
      vertex -19.1837 -3.27209 0
      vertex -18.9042 -3.34396 0
    endloop
  endfacet
  facet normal -0.212368 -0.97719 0
    outer loop
      vertex -18.9042 -3.34396 0
      vertex -18.626 -3.40442 6
      vertex -18.9042 -3.34396 6
    endloop
  endfacet
  facet normal -0.212368 -0.97719 -0
    outer loop
      vertex -18.626 -3.40442 6
      vertex -18.9042 -3.34396 0
      vertex -18.626 -3.40442 0
    endloop
  endfacet
  facet normal -0.172354 -0.985035 0
    outer loop
      vertex -18.626 -3.40442 0
      vertex -18.3495 -3.4528 6
      vertex -18.626 -3.40442 6
    endloop
  endfacet
  facet normal -0.172354 -0.985035 -0
    outer loop
      vertex -18.3495 -3.4528 6
      vertex -18.626 -3.40442 0
      vertex -18.3495 -3.4528 0
    endloop
  endfacet
  facet normal -0.127547 -0.991833 0
    outer loop
      vertex -18.3495 -3.4528 0
      vertex -18.075 -3.4881 6
      vertex -18.3495 -3.4528 6
    endloop
  endfacet
  facet normal -0.127547 -0.991833 -0
    outer loop
      vertex -18.075 -3.4881 6
      vertex -18.3495 -3.4528 0
      vertex -18.075 -3.4881 0
    endloop
  endfacet
  facet normal -0.0758558 -0.997119 0
    outer loop
      vertex -18.075 -3.4881 0
      vertex -17.8029 -3.5088 6
      vertex -18.075 -3.4881 6
    endloop
  endfacet
  facet normal -0.0758558 -0.997119 -0
    outer loop
      vertex -17.8029 -3.5088 6
      vertex -18.075 -3.4881 0
      vertex -17.8029 -3.5088 0
    endloop
  endfacet
  facet normal -0.0125687 -0.999921 0
    outer loop
      vertex -17.8029 -3.5088 0
      vertex -17.534 -3.51218 6
      vertex -17.8029 -3.5088 6
    endloop
  endfacet
  facet normal -0.0125687 -0.999921 -0
    outer loop
      vertex -17.534 -3.51218 6
      vertex -17.8029 -3.5088 0
      vertex -17.534 -3.51218 0
    endloop
  endfacet
  facet normal 0.0836767 -0.996493 0
    outer loop
      vertex -17.534 -3.51218 0
      vertex -17.2701 -3.49002 6
      vertex -17.534 -3.51218 6
    endloop
  endfacet
  facet normal 0.0836767 -0.996493 0
    outer loop
      vertex -17.2701 -3.49002 6
      vertex -17.534 -3.51218 0
      vertex -17.2701 -3.49002 0
    endloop
  endfacet
  facet normal 0.0681491 -0.997675 0
    outer loop
      vertex -17.2701 -3.49002 0
      vertex -16.5166 -3.43855 6
      vertex -17.2701 -3.49002 6
    endloop
  endfacet
  facet normal 0.0681491 -0.997675 0
    outer loop
      vertex -16.5166 -3.43855 6
      vertex -17.2701 -3.49002 0
      vertex -16.5166 -3.43855 0
    endloop
  endfacet
  facet normal -0.973881 -0.227059 0
    outer loop
      vertex -16.3 -4.36757 0
      vertex -16.5166 -3.43855 6
      vertex -16.5166 -3.43855 0
    endloop
  endfacet
  facet normal -0.973881 -0.227059 0
    outer loop
      vertex -16.5166 -3.43855 6
      vertex -16.3 -4.36757 0
      vertex -16.3 -4.36757 6
    endloop
  endfacet
  facet normal -0.956922 -0.290345 0
    outer loop
      vertex -16.1258 -4.9417 0
      vertex -16.3 -4.36757 6
      vertex -16.3 -4.36757 0
    endloop
  endfacet
  facet normal -0.956922 -0.290345 0
    outer loop
      vertex -16.3 -4.36757 6
      vertex -16.1258 -4.9417 0
      vertex -16.1258 -4.9417 6
    endloop
  endfacet
  facet normal -0.420918 0.907099 0
    outer loop
      vertex -16.1258 -4.9417 0
      vertex -16.8152 -5.2616 6
      vertex -16.1258 -4.9417 6
    endloop
  endfacet
  facet normal -0.420918 0.907099 0
    outer loop
      vertex -16.8152 -5.2616 6
      vertex -16.1258 -4.9417 0
      vertex -16.8152 -5.2616 0
    endloop
  endfacet
  facet normal -0.406625 0.913595 0
    outer loop
      vertex -16.8152 -5.2616 0
      vertex -17.0572 -5.36931 6
      vertex -16.8152 -5.2616 6
    endloop
  endfacet
  facet normal -0.406625 0.913595 0
    outer loop
      vertex -17.0572 -5.36931 6
      vertex -16.8152 -5.2616 0
      vertex -17.0572 -5.36931 0
    endloop
  endfacet
  facet normal -0.492703 0.870198 0
    outer loop
      vertex -17.0572 -5.36931 0
      vertex -17.2912 -5.5018 6
      vertex -17.0572 -5.36931 6
    endloop
  endfacet
  facet normal -0.492703 0.870198 0
    outer loop
      vertex -17.2912 -5.5018 6
      vertex -17.0572 -5.36931 0
      vertex -17.2912 -5.5018 0
    endloop
  endfacet
  facet normal -0.546971 0.837152 0
    outer loop
      vertex -17.2912 -5.5018 0
      vertex -17.5196 -5.65103 6
      vertex -17.2912 -5.5018 6
    endloop
  endfacet
  facet normal -0.546971 0.837152 0
    outer loop
      vertex -17.5196 -5.65103 6
      vertex -17.2912 -5.5018 0
      vertex -17.5196 -5.65103 0
    endloop
  endfacet
  facet normal -0.589498 0.80777 0
    outer loop
      vertex -17.5196 -5.65103 0
      vertex -17.7432 -5.81421 6
      vertex -17.5196 -5.65103 6
    endloop
  endfacet
  facet normal -0.589498 0.80777 0
    outer loop
      vertex -17.7432 -5.81421 6
      vertex -17.5196 -5.65103 0
      vertex -17.7432 -5.81421 0
    endloop
  endfacet
  facet normal -0.625629 0.780121 0
    outer loop
      vertex -17.7432 -5.81421 0
      vertex -17.9622 -5.98984 6
      vertex -17.7432 -5.81421 6
    endloop
  endfacet
  facet normal -0.625629 0.780121 0
    outer loop
      vertex -17.9622 -5.98984 6
      vertex -17.7432 -5.81421 0
      vertex -17.9622 -5.98984 0
    endloop
  endfacet
  facet normal -0.656921 0.753959 0
    outer loop
      vertex -17.9622 -5.98984 0
      vertex -18.1768 -6.17682 6
      vertex -17.9622 -5.98984 6
    endloop
  endfacet
  facet normal -0.656921 0.753959 0
    outer loop
      vertex -18.1768 -6.17682 6
      vertex -17.9622 -5.98984 0
      vertex -18.1768 -6.17682 0
    endloop
  endfacet
  facet normal -0.684796 0.728735 0
    outer loop
      vertex -18.1768 -6.17682 0
      vertex -18.3871 -6.37444 6
      vertex -18.1768 -6.17682 6
    endloop
  endfacet
  facet normal -0.684796 0.728735 0
    outer loop
      vertex -18.3871 -6.37444 6
      vertex -18.1768 -6.17682 0
      vertex -18.3871 -6.37444 0
    endloop
  endfacet
  facet normal -0.710006 0.704195 0
    outer loop
      vertex -18.5931 -6.58214 0
      vertex -18.3871 -6.37444 6
      vertex -18.3871 -6.37444 0
    endloop
  endfacet
  facet normal -0.710006 0.704195 0
    outer loop
      vertex -18.3871 -6.37444 6
      vertex -18.5931 -6.58214 0
      vertex -18.5931 -6.58214 6
    endloop
  endfacet
  facet normal -0.732941 0.680292 0
    outer loop
      vertex -18.7948 -6.79945 0
      vertex -18.5931 -6.58214 6
      vertex -18.5931 -6.58214 0
    endloop
  endfacet
  facet normal -0.732941 0.680292 0
    outer loop
      vertex -18.5931 -6.58214 6
      vertex -18.7948 -6.79945 0
      vertex -18.7948 -6.79945 6
    endloop
  endfacet
  facet normal -0.754276 0.656558 0
    outer loop
      vertex -18.992 -7.026 0
      vertex -18.7948 -6.79945 6
      vertex -18.7948 -6.79945 0
    endloop
  endfacet
  facet normal -0.754276 0.656558 0
    outer loop
      vertex -18.7948 -6.79945 6
      vertex -18.992 -7.026 0
      vertex -18.992 -7.026 6
    endloop
  endfacet
  facet normal -0.929779 -0.368119 0
    outer loop
      vertex -18.6542 -7.8792 0
      vertex -18.992 -7.026 6
      vertex -18.992 -7.026 0
    endloop
  endfacet
  facet normal -0.929779 -0.368119 0
    outer loop
      vertex -18.992 -7.026 6
      vertex -18.6542 -7.8792 0
      vertex -18.6542 -7.8792 6
    endloop
  endfacet
  facet normal -0.100262 -0.994961 0
    outer loop
      vertex -18.6542 -7.8792 0
      vertex -18.3553 -7.90932 6
      vertex -18.6542 -7.8792 6
    endloop
  endfacet
  facet normal -0.100262 -0.994961 -0
    outer loop
      vertex -18.3553 -7.90932 6
      vertex -18.6542 -7.8792 0
      vertex -18.3553 -7.90932 0
    endloop
  endfacet
  facet normal -0.0687581 -0.997633 0
    outer loop
      vertex -18.3553 -7.90932 0
      vertex -18.0596 -7.9297 6
      vertex -18.3553 -7.90932 6
    endloop
  endfacet
  facet normal -0.0687581 -0.997633 -0
    outer loop
      vertex -18.0596 -7.9297 6
      vertex -18.3553 -7.90932 0
      vertex -18.0596 -7.9297 0
    endloop
  endfacet
  facet normal -0.0355232 -0.999369 0
    outer loop
      vertex -18.0596 -7.9297 0
      vertex -17.7673 -7.94009 6
      vertex -18.0596 -7.9297 6
    endloop
  endfacet
  facet normal -0.0355232 -0.999369 -0
    outer loop
      vertex -17.7673 -7.94009 6
      vertex -18.0596 -7.9297 0
      vertex -17.7673 -7.94009 0
    endloop
  endfacet
  facet normal -0.0003465 -1 0
    outer loop
      vertex -17.7673 -7.94009 0
      vertex -17.4787 -7.94019 6
      vertex -17.7673 -7.94009 6
    endloop
  endfacet
  facet normal -0.0003465 -1 -0
    outer loop
      vertex -17.4787 -7.94019 6
      vertex -17.7673 -7.94009 0
      vertex -17.4787 -7.94019 0
    endloop
  endfacet
  facet normal 0.0373027 -0.999304 0
    outer loop
      vertex -17.4787 -7.94019 0
      vertex -17.1942 -7.92957 6
      vertex -17.4787 -7.94019 6
    endloop
  endfacet
  facet normal 0.0373027 -0.999304 0
    outer loop
      vertex -17.1942 -7.92957 6
      vertex -17.4787 -7.94019 0
      vertex -17.1942 -7.92957 0
    endloop
  endfacet
  facet normal 0.0780746 -0.996948 0
    outer loop
      vertex -17.1942 -7.92957 0
      vertex -16.9143 -7.90765 6
      vertex -17.1942 -7.92957 6
    endloop
  endfacet
  facet normal 0.0780746 -0.996948 0
    outer loop
      vertex -16.9143 -7.90765 6
      vertex -17.1942 -7.92957 0
      vertex -16.9143 -7.90765 0
    endloop
  endfacet
  facet normal 0.123119 -0.992392 0
    outer loop
      vertex -16.9143 -7.90765 0
      vertex -16.6396 -7.87357 6
      vertex -16.9143 -7.90765 6
    endloop
  endfacet
  facet normal 0.123119 -0.992392 0
    outer loop
      vertex -16.6396 -7.87357 6
      vertex -16.9143 -7.90765 0
      vertex -16.6396 -7.87357 0
    endloop
  endfacet
  facet normal 0.174532 -0.984652 0
    outer loop
      vertex -16.6396 -7.87357 0
      vertex -16.371 -7.82596 6
      vertex -16.6396 -7.87357 6
    endloop
  endfacet
  facet normal 0.174532 -0.984652 0
    outer loop
      vertex -16.371 -7.82596 6
      vertex -16.6396 -7.87357 0
      vertex -16.371 -7.82596 0
    endloop
  endfacet
  facet normal 0.236494 -0.971633 0
    outer loop
      vertex -16.371 -7.82596 0
      vertex -16.1097 -7.76236 6
      vertex -16.371 -7.82596 6
    endloop
  endfacet
  facet normal 0.236494 -0.971633 0
    outer loop
      vertex -16.1097 -7.76236 6
      vertex -16.371 -7.82596 0
      vertex -16.1097 -7.76236 0
    endloop
  endfacet
  facet normal 0.328819 -0.944393 0
    outer loop
      vertex -16.1097 -7.76236 0
      vertex -15.8596 -7.67528 6
      vertex -16.1097 -7.76236 6
    endloop
  endfacet
  facet normal 0.328819 -0.944393 0
    outer loop
      vertex -15.8596 -7.67528 6
      vertex -16.1097 -7.76236 0
      vertex -15.8596 -7.67528 0
    endloop
  endfacet
  facet normal 0.314128 -0.949381 0
    outer loop
      vertex -15.8596 -7.67528 0
      vertex -15.1458 -7.4391 6
      vertex -15.8596 -7.67528 6
    endloop
  endfacet
  facet normal 0.314128 -0.949381 0
    outer loop
      vertex -15.1458 -7.4391 6
      vertex -15.8596 -7.67528 0
      vertex -15.1458 -7.4391 0
    endloop
  endfacet
  facet normal -0.910938 -0.412542 0
    outer loop
      vertex -15.1347 -7.46361 0
      vertex -15.1458 -7.4391 6
      vertex -15.1458 -7.4391 0
    endloop
  endfacet
  facet normal -0.910938 -0.412542 0
    outer loop
      vertex -15.1458 -7.4391 6
      vertex -15.1347 -7.46361 0
      vertex -15.1347 -7.46361 6
    endloop
  endfacet
  facet normal -0.881942 -0.471358 0
    outer loop
      vertex -14.6142 -8.4375 0
      vertex -15.1347 -7.46361 6
      vertex -15.1347 -7.46361 0
    endloop
  endfacet
  facet normal -0.881942 -0.471358 0
    outer loop
      vertex -15.1347 -7.46361 6
      vertex -14.6142 -8.4375 0
      vertex -14.6142 -8.4375 6
    endloop
  endfacet
  facet normal -0.84919 -0.528087 0
    outer loop
      vertex -14.3906 -8.79706 0
      vertex -14.6142 -8.4375 6
      vertex -14.6142 -8.4375 0
    endloop
  endfacet
  facet normal -0.84919 -0.528087 0
    outer loop
      vertex -14.6142 -8.4375 6
      vertex -14.3906 -8.79706 0
      vertex -14.3906 -8.79706 6
    endloop
  endfacet
  facet normal -0.633246 0.77395 0
    outer loop
      vertex -14.3906 -8.79706 0
      vertex -14.9785 -9.27808 6
      vertex -14.3906 -8.79706 6
    endloop
  endfacet
  facet normal -0.633246 0.77395 0
    outer loop
      vertex -14.9785 -9.27808 6
      vertex -14.3906 -8.79706 0
      vertex -14.9785 -9.27808 0
    endloop
  endfacet
  facet normal -0.621212 0.783643 0
    outer loop
      vertex -14.9785 -9.27808 0
      vertex -15.186 -9.44257 6
      vertex -14.9785 -9.27808 6
    endloop
  endfacet
  facet normal -0.621212 0.783643 0
    outer loop
      vertex -15.186 -9.44257 6
      vertex -14.9785 -9.27808 0
      vertex -15.186 -9.44257 0
    endloop
  endfacet
  facet normal -0.69365 0.720313 0
    outer loop
      vertex -15.186 -9.44257 0
      vertex -15.3797 -9.6291 6
      vertex -15.186 -9.44257 6
    endloop
  endfacet
  facet normal -0.69365 0.720313 0
    outer loop
      vertex -15.3797 -9.6291 6
      vertex -15.186 -9.44257 0
      vertex -15.3797 -9.6291 0
    endloop
  endfacet
  facet normal -0.737996 0.674805 0
    outer loop
      vertex -15.5638 -9.83044 0
      vertex -15.3797 -9.6291 6
      vertex -15.3797 -9.6291 0
    endloop
  endfacet
  facet normal -0.737996 0.674805 0
    outer loop
      vertex -15.3797 -9.6291 6
      vertex -15.5638 -9.83044 0
      vertex -15.5638 -9.83044 6
    endloop
  endfacet
  facet normal -0.771851 0.635803 0
    outer loop
      vertex -15.7398 -10.0441 0
      vertex -15.5638 -9.83044 6
      vertex -15.5638 -9.83044 0
    endloop
  endfacet
  facet normal -0.771851 0.635803 0
    outer loop
      vertex -15.5638 -9.83044 6
      vertex -15.7398 -10.0441 0
      vertex -15.7398 -10.0441 6
    endloop
  endfacet
  facet normal -0.799915 0.600114 0
    outer loop
      vertex -15.9083 -10.2687 0
      vertex -15.7398 -10.0441 6
      vertex -15.7398 -10.0441 0
    endloop
  endfacet
  facet normal -0.799915 0.600114 0
    outer loop
      vertex -15.7398 -10.0441 6
      vertex -15.9083 -10.2687 0
      vertex -15.9083 -10.2687 6
    endloop
  endfacet
  facet normal -0.823745 0.566961 0
    outer loop
      vertex -16.0697 -10.5032 0
      vertex -15.9083 -10.2687 6
      vertex -15.9083 -10.2687 0
    endloop
  endfacet
  facet normal -0.823745 0.566961 0
    outer loop
      vertex -15.9083 -10.2687 6
      vertex -16.0697 -10.5032 0
      vertex -16.0697 -10.5032 6
    endloop
  endfacet
  facet normal -0.844574 0.53544 0
    outer loop
      vertex -16.2242 -10.7469 0
      vertex -16.0697 -10.5032 6
      vertex -16.0697 -10.5032 0
    endloop
  endfacet
  facet normal -0.844574 0.53544 0
    outer loop
      vertex -16.0697 -10.5032 6
      vertex -16.2242 -10.7469 0
      vertex -16.2242 -10.7469 6
    endloop
  endfacet
  facet normal -0.862785 0.50557 0
    outer loop
      vertex -16.3721 -10.9993 0
      vertex -16.2242 -10.7469 6
      vertex -16.2242 -10.7469 0
    endloop
  endfacet
  facet normal -0.862785 0.50557 0
    outer loop
      vertex -16.2242 -10.7469 6
      vertex -16.3721 -10.9993 0
      vertex -16.3721 -10.9993 6
    endloop
  endfacet
  facet normal -0.879092 0.476653 0
    outer loop
      vertex -16.5134 -11.2599 0
      vertex -16.3721 -10.9993 6
      vertex -16.3721 -10.9993 0
    endloop
  endfacet
  facet normal -0.879092 0.476653 0
    outer loop
      vertex -16.3721 -10.9993 6
      vertex -16.5134 -11.2599 0
      vertex -16.5134 -11.2599 6
    endloop
  endfacet
  facet normal -0.893827 0.448412 0
    outer loop
      vertex -16.6481 -11.5284 0
      vertex -16.5134 -11.2599 6
      vertex -16.5134 -11.2599 0
    endloop
  endfacet
  facet normal -0.893827 0.448412 0
    outer loop
      vertex -16.5134 -11.2599 6
      vertex -16.6481 -11.5284 0
      vertex -16.6481 -11.5284 6
    endloop
  endfacet
  facet normal -0.809009 -0.587796 0
    outer loop
      vertex -16.1087 -12.2708 0
      vertex -16.6481 -11.5284 6
      vertex -16.6481 -11.5284 0
    endloop
  endfacet
  facet normal -0.809009 -0.587796 0
    outer loop
      vertex -16.6481 -11.5284 6
      vertex -16.1087 -12.2708 0
      vertex -16.1087 -12.2708 6
    endloop
  endfacet
  facet normal 0.150456 -0.988617 0
    outer loop
      vertex -16.1087 -12.2708 0
      vertex -15.8117 -12.2256 6
      vertex -16.1087 -12.2708 6
    endloop
  endfacet
  facet normal 0.150456 -0.988617 0
    outer loop
      vertex -15.8117 -12.2256 6
      vertex -16.1087 -12.2708 0
      vertex -15.8117 -12.2256 0
    endloop
  endfacet
  facet normal 0.181497 -0.983391 0
    outer loop
      vertex -15.8117 -12.2256 0
      vertex -15.5202 -12.1718 6
      vertex -15.8117 -12.2256 6
    endloop
  endfacet
  facet normal 0.181497 -0.983391 0
    outer loop
      vertex -15.5202 -12.1718 6
      vertex -15.8117 -12.2256 0
      vertex -15.5202 -12.1718 0
    endloop
  endfacet
  facet normal 0.214033 -0.976826 0
    outer loop
      vertex -15.5202 -12.1718 0
      vertex -15.2345 -12.1092 6
      vertex -15.5202 -12.1718 6
    endloop
  endfacet
  facet normal 0.214033 -0.976826 0
    outer loop
      vertex -15.2345 -12.1092 6
      vertex -15.5202 -12.1718 0
      vertex -15.2345 -12.1092 0
    endloop
  endfacet
  facet normal 0.2484 -0.968657 0
    outer loop
      vertex -15.2345 -12.1092 0
      vertex -14.9549 -12.0375 6
      vertex -15.2345 -12.1092 6
    endloop
  endfacet
  facet normal 0.2484 -0.968657 0
    outer loop
      vertex -14.9549 -12.0375 6
      vertex -15.2345 -12.1092 0
      vertex -14.9549 -12.0375 0
    endloop
  endfacet
  facet normal 0.284543 -0.958663 0
    outer loop
      vertex -14.9549 -12.0375 0
      vertex -14.682 -11.9565 6
      vertex -14.9549 -12.0375 6
    endloop
  endfacet
  facet normal 0.284543 -0.958663 0
    outer loop
      vertex -14.682 -11.9565 6
      vertex -14.9549 -12.0375 0
      vertex -14.682 -11.9565 0
    endloop
  endfacet
  facet normal 0.323805 -0.946124 0
    outer loop
      vertex -14.682 -11.9565 0
      vertex -14.4164 -11.8656 6
      vertex -14.682 -11.9565 6
    endloop
  endfacet
  facet normal 0.323805 -0.946124 0
    outer loop
      vertex -14.4164 -11.8656 6
      vertex -14.682 -11.9565 0
      vertex -14.4164 -11.8656 0
    endloop
  endfacet
  facet normal 0.365965 -0.930628 0
    outer loop
      vertex -14.4164 -11.8656 0
      vertex -14.1588 -11.7643 6
      vertex -14.4164 -11.8656 6
    endloop
  endfacet
  facet normal 0.365965 -0.930628 0
    outer loop
      vertex -14.1588 -11.7643 6
      vertex -14.4164 -11.8656 0
      vertex -14.1588 -11.7643 0
    endloop
  endfacet
  facet normal 0.413775 -0.910379 0
    outer loop
      vertex -14.1588 -11.7643 0
      vertex -13.9104 -11.6514 6
      vertex -14.1588 -11.7643 6
    endloop
  endfacet
  facet normal 0.413775 -0.910379 0
    outer loop
      vertex -13.9104 -11.6514 6
      vertex -14.1588 -11.7643 0
      vertex -13.9104 -11.6514 0
    endloop
  endfacet
  facet normal 0.470858 -0.882209 0
    outer loop
      vertex -13.9104 -11.6514 0
      vertex -13.6732 -11.5248 6
      vertex -13.9104 -11.6514 6
    endloop
  endfacet
  facet normal 0.470858 -0.882209 0
    outer loop
      vertex -13.6732 -11.5248 6
      vertex -13.9104 -11.6514 0
      vertex -13.6732 -11.5248 0
    endloop
  endfacet
  facet normal 0.553218 -0.833037 0
    outer loop
      vertex -13.6732 -11.5248 0
      vertex -13.4526 -11.3783 6
      vertex -13.6732 -11.5248 6
    endloop
  endfacet
  facet normal 0.553218 -0.833037 0
    outer loop
      vertex -13.4526 -11.3783 6
      vertex -13.6732 -11.5248 0
      vertex -13.4526 -11.3783 0
    endloop
  endfacet
  facet normal 0.540403 -0.841406 0
    outer loop
      vertex -13.4526 -11.3783 0
      vertex -12.8161 -10.9695 6
      vertex -13.4526 -11.3783 6
    endloop
  endfacet
  facet normal 0.540403 -0.841406 0
    outer loop
      vertex -12.8161 -10.9695 6
      vertex -13.4526 -11.3783 0
      vertex -12.8161 -10.9695 0
    endloop
  endfacet
  facet normal -0.772925 -0.634498 0
    outer loop
      vertex -12.6873 -11.1264 0
      vertex -12.8161 -10.9695 6
      vertex -12.8161 -10.9695 0
    endloop
  endfacet
  facet normal -0.772925 -0.634498 0
    outer loop
      vertex -12.8161 -10.9695 6
      vertex -12.6873 -11.1264 0
      vertex -12.6873 -11.1264 6
    endloop
  endfacet
  facet normal -0.729865 -0.683592 0
    outer loop
      vertex -11.9324 -11.9324 0
      vertex -12.6873 -11.1264 6
      vertex -12.6873 -11.1264 0
    endloop
  endfacet
  facet normal -0.729865 -0.683592 0
    outer loop
      vertex -12.6873 -11.1264 6
      vertex -11.9324 -11.9324 0
      vertex -11.9324 -11.9324 6
    endloop
  endfacet
  facet normal -0.683658 -0.729802 0
    outer loop
      vertex -11.9324 -11.9324 0
      vertex -11.7521 -12.1013 6
      vertex -11.9324 -11.9324 6
    endloop
  endfacet
  facet normal -0.683658 -0.729802 -0
    outer loop
      vertex -11.7521 -12.1013 6
      vertex -11.9324 -11.9324 0
      vertex -11.7521 -12.1013 0
    endloop
  endfacet
  facet normal -0.805872 0.59209 0
    outer loop
      vertex -12.2005 -12.7116 0
      vertex -11.7521 -12.1013 6
      vertex -11.7521 -12.1013 0
    endloop
  endfacet
  facet normal -0.805872 0.59209 0
    outer loop
      vertex -11.7521 -12.1013 6
      vertex -12.2005 -12.7116 0
      vertex -12.2005 -12.7116 6
    endloop
  endfacet
  facet normal -0.796497 0.604643 0
    outer loop
      vertex -12.3606 -12.9225 0
      vertex -12.2005 -12.7116 6
      vertex -12.2005 -12.7116 0
    endloop
  endfacet
  facet normal -0.796497 0.604643 0
    outer loop
      vertex -12.2005 -12.7116 6
      vertex -12.3606 -12.9225 0
      vertex -12.3606 -12.9225 6
    endloop
  endfacet
  facet normal -0.851096 0.52501 0
    outer loop
      vertex -12.5018 -13.1514 0
      vertex -12.3606 -12.9225 6
      vertex -12.3606 -12.9225 0
    endloop
  endfacet
  facet normal -0.851096 0.52501 0
    outer loop
      vertex -12.3606 -12.9225 6
      vertex -12.5018 -13.1514 0
      vertex -12.5018 -13.1514 6
    endloop
  endfacet
  facet normal -0.882546 0.470227 0
    outer loop
      vertex -12.6301 -13.3922 0
      vertex -12.5018 -13.1514 6
      vertex -12.5018 -13.1514 0
    endloop
  endfacet
  facet normal -0.882546 0.470227 0
    outer loop
      vertex -12.5018 -13.1514 6
      vertex -12.6301 -13.3922 0
      vertex -12.6301 -13.3922 6
    endloop
  endfacet
  facet normal -0.905619 0.424091 0
    outer loop
      vertex -12.7475 -13.6429 0
      vertex -12.6301 -13.3922 6
      vertex -12.6301 -13.3922 0
    endloop
  endfacet
  facet normal -0.905619 0.424091 0
    outer loop
      vertex -12.6301 -13.3922 6
      vertex -12.7475 -13.6429 0
      vertex -12.7475 -13.6429 6
    endloop
  endfacet
  facet normal -0.924065 0.382236 0
    outer loop
      vertex -12.8548 -13.9023 0
      vertex -12.7475 -13.6429 6
      vertex -12.7475 -13.6429 0
    endloop
  endfacet
  facet normal -0.924065 0.382236 0
    outer loop
      vertex -12.7475 -13.6429 6
      vertex -12.8548 -13.9023 0
      vertex -12.8548 -13.9023 6
    endloop
  endfacet
  facet normal -0.938888 0.344224 0
    outer loop
      vertex -12.9528 -14.1696 0
      vertex -12.8548 -13.9023 6
      vertex -12.8548 -13.9023 0
    endloop
  endfacet
  facet normal -0.938888 0.344224 0
    outer loop
      vertex -12.8548 -13.9023 6
      vertex -12.9528 -14.1696 0
      vertex -12.9528 -14.1696 6
    endloop
  endfacet
  facet normal -0.951116 0.308835 0
    outer loop
      vertex -13.0419 -14.444 0
      vertex -12.9528 -14.1696 6
      vertex -12.9528 -14.1696 0
    endloop
  endfacet
  facet normal -0.951116 0.308835 0
    outer loop
      vertex -12.9528 -14.1696 6
      vertex -13.0419 -14.444 0
      vertex -13.0419 -14.444 6
    endloop
  endfacet
  facet normal -0.961498 0.274811 0
    outer loop
      vertex -13.1223 -14.7253 0
      vertex -13.0419 -14.444 6
      vertex -13.0419 -14.444 0
    endloop
  endfacet
  facet normal -0.961498 0.274811 0
    outer loop
      vertex -13.0419 -14.444 6
      vertex -13.1223 -14.7253 0
      vertex -13.1223 -14.7253 6
    endloop
  endfacet
  facet normal -0.970063 0.242853 0
    outer loop
      vertex -13.1943 -15.0129 0
      vertex -13.1223 -14.7253 6
      vertex -13.1223 -14.7253 0
    endloop
  endfacet
  facet normal -0.970063 0.242853 0
    outer loop
      vertex -13.1223 -14.7253 6
      vertex -13.1943 -15.0129 0
      vertex -13.1943 -15.0129 6
    endloop
  endfacet
  facet normal -0.977248 0.212098 0
    outer loop
      vertex -13.258 -15.3064 0
      vertex -13.1943 -15.0129 6
      vertex -13.1943 -15.0129 0
    endloop
  endfacet
  facet normal -0.977248 0.212098 0
    outer loop
      vertex -13.1943 -15.0129 6
      vertex -13.258 -15.3064 0
      vertex -13.258 -15.3064 6
    endloop
  endfacet
  facet normal -0.637436 -0.770503 0
    outer loop
      vertex -13.258 -15.3064 0
      vertex -12.551 -15.8913 6
      vertex -13.258 -15.3064 6
    endloop
  endfacet
  facet normal -0.637436 -0.770503 -0
    outer loop
      vertex -12.551 -15.8913 6
      vertex -13.258 -15.3064 0
      vertex -12.551 -15.8913 0
    endloop
  endfacet
  facet normal 0.391507 -0.920175 0
    outer loop
      vertex -12.551 -15.8913 0
      vertex -12.2746 -15.7737 6
      vertex -12.551 -15.8913 6
    endloop
  endfacet
  facet normal 0.391507 -0.920175 0
    outer loop
      vertex -12.2746 -15.7737 6
      vertex -12.551 -15.8913 0
      vertex -12.2746 -15.7737 0
    endloop
  endfacet
  facet normal 0.420298 -0.907386 0
    outer loop
      vertex -12.2746 -15.7737 0
      vertex -12.0056 -15.6491 6
      vertex -12.2746 -15.7737 6
    endloop
  endfacet
  facet normal 0.420298 -0.907386 0
    outer loop
      vertex -12.0056 -15.6491 6
      vertex -12.2746 -15.7737 0
      vertex -12.0056 -15.6491 0
    endloop
  endfacet
  facet normal 0.450219 -0.892918 0
    outer loop
      vertex -12.0056 -15.6491 0
      vertex -11.7444 -15.5174 6
      vertex -12.0056 -15.6491 6
    endloop
  endfacet
  facet normal 0.450219 -0.892918 0
    outer loop
      vertex -11.7444 -15.5174 6
      vertex -12.0056 -15.6491 0
      vertex -11.7444 -15.5174 0
    endloop
  endfacet
  facet normal 0.4814 -0.876501 0
    outer loop
      vertex -11.7444 -15.5174 0
      vertex -11.4915 -15.3785 6
      vertex -11.7444 -15.5174 6
    endloop
  endfacet
  facet normal 0.4814 -0.876501 0
    outer loop
      vertex -11.4915 -15.3785 6
      vertex -11.7444 -15.5174 0
      vertex -11.4915 -15.3785 0
    endloop
  endfacet
  facet normal 0.514186 -0.857679 0
    outer loop
      vertex -11.4915 -15.3785 0
      vertex -11.2473 -15.2321 6
      vertex -11.4915 -15.3785 6
    endloop
  endfacet
  facet normal 0.514186 -0.857679 0
    outer loop
      vertex -11.2473 -15.2321 6
      vertex -11.4915 -15.3785 0
      vertex -11.2473 -15.2321 0
    endloop
  endfacet
  facet normal 0.548602 -0.836084 0
    outer loop
      vertex -11.2473 -15.2321 0
      vertex -11.0126 -15.0781 6
      vertex -11.2473 -15.2321 6
    endloop
  endfacet
  facet normal 0.548602 -0.836084 0
    outer loop
      vertex -11.0126 -15.0781 6
      vertex -11.2473 -15.2321 0
      vertex -11.0126 -15.0781 0
    endloop
  endfacet
  facet normal 0.585978 -0.810327 0
    outer loop
      vertex -11.0126 -15.0781 0
      vertex -10.7883 -14.9159 6
      vertex -11.0126 -15.0781 6
    endloop
  endfacet
  facet normal 0.585978 -0.810327 0
    outer loop
      vertex -10.7883 -14.9159 6
      vertex -11.0126 -15.0781 0
      vertex -10.7883 -14.9159 0
    endloop
  endfacet
  facet normal 0.627373 -0.778719 0
    outer loop
      vertex -10.7883 -14.9159 0
      vertex -10.5758 -14.7447 6
      vertex -10.7883 -14.9159 6
    endloop
  endfacet
  facet normal 0.627373 -0.778719 0
    outer loop
      vertex -10.5758 -14.7447 6
      vertex -10.7883 -14.9159 0
      vertex -10.5758 -14.7447 0
    endloop
  endfacet
  facet normal 0.675371 -0.737478 0
    outer loop
      vertex -10.5758 -14.7447 0
      vertex -10.3775 -14.5631 6
      vertex -10.5758 -14.7447 6
    endloop
  endfacet
  facet normal 0.675371 -0.737478 0
    outer loop
      vertex -10.3775 -14.5631 6
      vertex -10.5758 -14.7447 0
      vertex -10.3775 -14.5631 0
    endloop
  endfacet
  facet normal 0.743144 -0.669132 0
    outer loop
      vertex -10.3775 -14.5631 6
      vertex -10.2003 -14.3663 0
      vertex -10.2003 -14.3663 6
    endloop
  endfacet
  facet normal 0.743144 -0.669132 0
    outer loop
      vertex -10.2003 -14.3663 0
      vertex -10.3775 -14.5631 6
      vertex -10.3775 -14.5631 0
    endloop
  endfacet
  facet normal 0.732611 -0.680648 0
    outer loop
      vertex -10.2003 -14.3663 6
      vertex -9.68355 -13.8101 0
      vertex -9.68355 -13.8101 6
    endloop
  endfacet
  facet normal 0.732611 -0.680648 0
    outer loop
      vertex -9.68355 -13.8101 0
      vertex -10.2003 -14.3663 6
      vertex -10.2003 -14.3663 0
    endloop
  endfacet
  facet normal -0.582422 -0.812886 0
    outer loop
      vertex -9.68355 -13.8101 0
      vertex -9.37524 -14.031 6
      vertex -9.68355 -13.8101 6
    endloop
  endfacet
  facet normal -0.582422 -0.812886 -0
    outer loop
      vertex -9.37524 -14.031 6
      vertex -9.68355 -13.8101 0
      vertex -9.37524 -14.031 0
    endloop
  endfacet
  facet normal -0.528117 -0.849171 0
    outer loop
      vertex -9.37524 -14.031 0
      vertex -8.4375 -14.6142 6
      vertex -9.37524 -14.031 6
    endloop
  endfacet
  facet normal -0.528117 -0.849171 -0
    outer loop
      vertex -8.4375 -14.6142 6
      vertex -9.37524 -14.031 0
      vertex -8.4375 -14.6142 0
    endloop
  endfacet
  facet normal -0.470969 -0.88215 0
    outer loop
      vertex -8.4375 -14.6142 0
      vertex -8.37494 -14.6476 6
      vertex -8.4375 -14.6142 6
    endloop
  endfacet
  facet normal -0.470969 -0.88215 -0
    outer loop
      vertex -8.37494 -14.6476 6
      vertex -8.4375 -14.6142 0
      vertex -8.37494 -14.6476 0
    endloop
  endfacet
  facet normal -0.927788 0.373107 0
    outer loop
      vertex -8.65596 -15.3464 0
      vertex -8.37494 -14.6476 6
      vertex -8.37494 -14.6476 0
    endloop
  endfacet
  facet normal -0.927788 0.373107 0
    outer loop
      vertex -8.37494 -14.6476 6
      vertex -8.65596 -15.3464 0
      vertex -8.65596 -15.3464 6
    endloop
  endfacet
  facet normal -0.921836 0.387579 0
    outer loop
      vertex -8.75859 -15.5905 0
      vertex -8.65596 -15.3464 6
      vertex -8.65596 -15.3464 0
    endloop
  endfacet
  facet normal -0.921836 0.387579 0
    outer loop
      vertex -8.65596 -15.3464 6
      vertex -8.75859 -15.5905 0
      vertex -8.75859 -15.5905 6
    endloop
  endfacet
  facet normal -0.954871 0.297021 0
    outer loop
      vertex -8.83847 -15.8473 0
      vertex -8.75859 -15.5905 6
      vertex -8.75859 -15.5905 0
    endloop
  endfacet
  facet normal -0.954871 0.297021 0
    outer loop
      vertex -8.75859 -15.5905 6
      vertex -8.83847 -15.8473 0
      vertex -8.83847 -15.8473 6
    endloop
  endfacet
  facet normal -0.971755 0.235992 0
    outer loop
      vertex -8.90285 -16.1124 0
      vertex -8.83847 -15.8473 6
      vertex -8.83847 -15.8473 0
    endloop
  endfacet
  facet normal -0.971755 0.235992 0
    outer loop
      vertex -8.83847 -15.8473 6
      vertex -8.90285 -16.1124 0
      vertex -8.90285 -16.1124 6
    endloop
  endfacet
  facet normal -0.982695 0.185231 0
    outer loop
      vertex -8.95412 -16.3844 0
      vertex -8.90285 -16.1124 6
      vertex -8.90285 -16.1124 0
    endloop
  endfacet
  facet normal -0.982695 0.185231 0
    outer loop
      vertex -8.90285 -16.1124 6
      vertex -8.95412 -16.3844 0
      vertex -8.95412 -16.3844 6
    endloop
  endfacet
  facet normal -0.990086 0.140464 0
    outer loop
      vertex -8.99356 -16.6624 0
      vertex -8.95412 -16.3844 6
      vertex -8.95412 -16.3844 0
    endloop
  endfacet
  facet normal -0.990086 0.140464 0
    outer loop
      vertex -8.95412 -16.3844 6
      vertex -8.99356 -16.6624 0
      vertex -8.99356 -16.6624 6
    endloop
  endfacet
  facet normal -0.994988 0.0999907 0
    outer loop
      vertex -9.02202 -16.9456 0
      vertex -8.99356 -16.6624 6
      vertex -8.99356 -16.6624 0
    endloop
  endfacet
  facet normal -0.994988 0.0999907 0
    outer loop
      vertex -8.99356 -16.6624 6
      vertex -9.02202 -16.9456 0
      vertex -9.02202 -16.9456 6
    endloop
  endfacet
  facet normal -0.998048 0.0624473 0
    outer loop
      vertex -9.04004 -17.2336 0
      vertex -9.02202 -16.9456 6
      vertex -9.02202 -16.9456 0
    endloop
  endfacet
  facet normal -0.998048 0.0624473 0
    outer loop
      vertex -9.02202 -16.9456 6
      vertex -9.04004 -17.2336 0
      vertex -9.04004 -17.2336 6
    endloop
  endfacet
  facet normal -0.999627 0.0273061 0
    outer loop
      vertex -9.04803 -17.5261 0
      vertex -9.04004 -17.2336 6
      vertex -9.04004 -17.2336 0
    endloop
  endfacet
  facet normal -0.999627 0.0273061 0
    outer loop
      vertex -9.04004 -17.2336 6
      vertex -9.04803 -17.5261 0
      vertex -9.04803 -17.5261 6
    endloop
  endfacet
  facet normal -0.999982 -0.00600529 0
    outer loop
      vertex -9.04625 -17.8225 0
      vertex -9.04803 -17.5261 6
      vertex -9.04803 -17.5261 0
    endloop
  endfacet
  facet normal -0.999982 -0.00600529 0
    outer loop
      vertex -9.04803 -17.5261 6
      vertex -9.04625 -17.8225 0
      vertex -9.04625 -17.8225 6
    endloop
  endfacet
  facet normal -0.999294 -0.0375817 0
    outer loop
      vertex -9.03496 -18.1227 0
      vertex -9.04625 -17.8225 6
      vertex -9.04625 -17.8225 0
    endloop
  endfacet
  facet normal -0.999294 -0.0375817 0
    outer loop
      vertex -9.04625 -17.8225 6
      vertex -9.03496 -18.1227 0
      vertex -9.03496 -18.1227 6
    endloop
  endfacet
  facet normal -0.425767 -0.904833 0
    outer loop
      vertex -9.03496 -18.1227 0
      vertex -8.20465 -18.5134 6
      vertex -9.03496 -18.1227 6
    endloop
  endfacet
  facet normal -0.425767 -0.904833 -0
    outer loop
      vertex -8.20465 -18.5134 6
      vertex -9.03496 -18.1227 0
      vertex -8.20465 -18.5134 0
    endloop
  endfacet
  facet normal 0.608149 -0.793823 0
    outer loop
      vertex -8.20465 -18.5134 0
      vertex -7.96617 -18.3307 6
      vertex -8.20465 -18.5134 6
    endloop
  endfacet
  facet normal 0.608149 -0.793823 0
    outer loop
      vertex -7.96617 -18.3307 6
      vertex -8.20465 -18.5134 0
      vertex -7.96617 -18.3307 0
    endloop
  endfacet
  facet normal 0.632604 -0.774476 0
    outer loop
      vertex -7.96617 -18.3307 0
      vertex -7.73662 -18.1432 6
      vertex -7.96617 -18.3307 6
    endloop
  endfacet
  facet normal 0.632604 -0.774476 0
    outer loop
      vertex -7.73662 -18.1432 6
      vertex -7.96617 -18.3307 0
      vertex -7.73662 -18.1432 0
    endloop
  endfacet
  facet normal 0.658326 -0.752733 0
    outer loop
      vertex -7.73662 -18.1432 0
      vertex -7.5164 -17.9506 6
      vertex -7.73662 -18.1432 6
    endloop
  endfacet
  facet normal 0.658326 -0.752733 0
    outer loop
      vertex -7.5164 -17.9506 6
      vertex -7.73662 -18.1432 0
      vertex -7.5164 -17.9506 0
    endloop
  endfacet
  facet normal 0.68435 -0.729153 0
    outer loop
      vertex -7.5164 -17.9506 0
      vertex -7.30597 -17.7531 6
      vertex -7.5164 -17.9506 6
    endloop
  endfacet
  facet normal 0.68435 -0.729153 0
    outer loop
      vertex -7.30597 -17.7531 6
      vertex -7.5164 -17.9506 0
      vertex -7.30597 -17.7531 0
    endloop
  endfacet
  facet normal 0.711136 -0.703055 0
    outer loop
      vertex -7.30597 -17.7531 6
      vertex -7.10587 -17.5507 0
      vertex -7.10587 -17.5507 6
    endloop
  endfacet
  facet normal 0.711136 -0.703055 0
    outer loop
      vertex -7.10587 -17.5507 0
      vertex -7.30597 -17.7531 6
      vertex -7.30597 -17.7531 0
    endloop
  endfacet
  facet normal 0.739403 -0.673263 0
    outer loop
      vertex -7.10587 -17.5507 6
      vertex -6.91684 -17.3431 0
      vertex -6.91684 -17.3431 6
    endloop
  endfacet
  facet normal 0.739403 -0.673263 0
    outer loop
      vertex -6.91684 -17.3431 0
      vertex -7.10587 -17.5507 6
      vertex -7.10587 -17.5507 0
    endloop
  endfacet
  facet normal 0.769138 -0.639082 0
    outer loop
      vertex -6.91684 -17.3431 6
      vertex -6.73994 -17.1302 0
      vertex -6.73994 -17.1302 6
    endloop
  endfacet
  facet normal 0.769138 -0.639082 0
    outer loop
      vertex -6.73994 -17.1302 0
      vertex -6.91684 -17.3431 6
      vertex -6.91684 -17.3431 0
    endloop
  endfacet
  facet normal 0.801212 -0.59838 0
    outer loop
      vertex -6.73994 -17.1302 6
      vertex -6.57668 -16.9116 0
      vertex -6.57668 -16.9116 6
    endloop
  endfacet
  facet normal 0.801212 -0.59838 0
    outer loop
      vertex -6.57668 -16.9116 0
      vertex -6.73994 -17.1302 6
      vertex -6.73994 -17.1302 0
    endloop
  endfacet
  facet normal 0.837508 -0.546425 0
    outer loop
      vertex -6.57668 -16.9116 6
      vertex -6.42975 -16.6864 0
      vertex -6.42975 -16.6864 6
    endloop
  endfacet
  facet normal 0.837508 -0.546425 0
    outer loop
      vertex -6.42975 -16.6864 0
      vertex -6.57668 -16.9116 6
      vertex -6.57668 -16.9116 0
    endloop
  endfacet
  facet normal 0.886201 -0.463301 0
    outer loop
      vertex -6.42975 -16.6864 6
      vertex -6.30705 -16.4517 0
      vertex -6.30705 -16.4517 6
    endloop
  endfacet
  facet normal 0.886201 -0.463301 0
    outer loop
      vertex -6.30705 -16.4517 0
      vertex -6.42975 -16.6864 6
      vertex -6.42975 -16.6864 0
    endloop
  endfacet
  facet normal 0.87891 -0.476987 0
    outer loop
      vertex -6.30705 -16.4517 6
      vertex -5.94447 -15.7836 0
      vertex -5.94447 -15.7836 6
    endloop
  endfacet
  facet normal 0.87891 -0.476987 0
    outer loop
      vertex -5.94447 -15.7836 0
      vertex -6.30705 -16.4517 6
      vertex -6.30705 -16.4517 0
    endloop
  endfacet
  facet normal -0.352279 -0.935895 0
    outer loop
      vertex -5.94447 -15.7836 0
      vertex -5.42429 -15.9794 6
      vertex -5.94447 -15.7836 6
    endloop
  endfacet
  facet normal -0.352279 -0.935895 -0
    outer loop
      vertex -5.42429 -15.9794 6
      vertex -5.94447 -15.7836 0
      vertex -5.42429 -15.9794 0
    endloop
  endfacet
  facet normal -0.290297 -0.956937 0
    outer loop
      vertex -5.42429 -15.9794 0
      vertex -4.46899 -16.2692 6
      vertex -5.42429 -15.9794 6
    endloop
  endfacet
  facet normal -0.290297 -0.956937 -0
    outer loop
      vertex -4.46899 -16.2692 6
      vertex -5.42429 -15.9794 0
      vertex -4.46899 -16.2692 0
    endloop
  endfacet
  facet normal -0.991425 0.130674 0
    outer loop
      vertex -4.56754 -17.0169 0
      vertex -4.46899 -16.2692 6
      vertex -4.46899 -16.2692 0
    endloop
  endfacet
  facet normal -0.991425 0.130674 0
    outer loop
      vertex -4.46899 -16.2692 6
      vertex -4.56754 -17.0169 0
      vertex -4.56754 -17.0169 6
    endloop
  endfacet
  facet normal -0.989277 0.146051 0
    outer loop
      vertex -4.60622 -17.2789 0
      vertex -4.56754 -17.0169 6
      vertex -4.56754 -17.0169 0
    endloop
  endfacet
  facet normal -0.989277 0.146051 0
    outer loop
      vertex -4.56754 -17.0169 6
      vertex -4.60622 -17.2789 0
      vertex -4.60622 -17.2789 6
    endloop
  endfacet
  facet normal -0.998735 0.0502901 0
    outer loop
      vertex -4.61974 -17.5474 0
      vertex -4.60622 -17.2789 6
      vertex -4.60622 -17.2789 0
    endloop
  endfacet
  facet normal -0.998735 0.0502901 0
    outer loop
      vertex -4.60622 -17.2789 6
      vertex -4.61974 -17.5474 0
      vertex -4.61974 -17.5474 6
    endloop
  endfacet
  facet normal -0.999913 -0.0131539 0
    outer loop
      vertex -4.61615 -17.8203 0
      vertex -4.61974 -17.5474 6
      vertex -4.61974 -17.5474 0
    endloop
  endfacet
  facet normal -0.999913 -0.0131539 0
    outer loop
      vertex -4.61974 -17.5474 6
      vertex -4.61615 -17.8203 0
      vertex -4.61615 -17.8203 6
    endloop
  endfacet
  facet normal -0.997886 -0.0649962 0
    outer loop
      vertex -4.59816 -18.0965 0
      vertex -4.61615 -17.8203 6
      vertex -4.61615 -17.8203 0
    endloop
  endfacet
  facet normal -0.997886 -0.0649962 0
    outer loop
      vertex -4.61615 -17.8203 6
      vertex -4.59816 -18.0965 0
      vertex -4.59816 -18.0965 6
    endloop
  endfacet
  facet normal -0.993919 -0.110115 0
    outer loop
      vertex -4.56725 -18.3755 0
      vertex -4.59816 -18.0965 6
      vertex -4.59816 -18.0965 0
    endloop
  endfacet
  facet normal -0.993919 -0.110115 0
    outer loop
      vertex -4.59816 -18.0965 6
      vertex -4.56725 -18.3755 0
      vertex -4.56725 -18.3755 6
    endloop
  endfacet
  facet normal -0.988588 -0.150642 0
    outer loop
      vertex -4.52437 -18.6569 0
      vertex -4.56725 -18.3755 6
      vertex -4.56725 -18.3755 0
    endloop
  endfacet
  facet normal -0.988588 -0.150642 0
    outer loop
      vertex -4.56725 -18.3755 6
      vertex -4.52437 -18.6569 0
      vertex -4.52437 -18.6569 6
    endloop
  endfacet
  facet normal -0.98223 -0.18768 0
    outer loop
      vertex -4.4702 -18.9404 0
      vertex -4.52437 -18.6569 6
      vertex -4.52437 -18.6569 0
    endloop
  endfacet
  facet normal -0.98223 -0.18768 0
    outer loop
      vertex -4.52437 -18.6569 6
      vertex -4.4702 -18.9404 0
      vertex -4.4702 -18.9404 6
    endloop
  endfacet
  facet normal -0.975006 -0.22218 0
    outer loop
      vertex -4.40521 -19.2256 0
      vertex -4.4702 -18.9404 6
      vertex -4.4702 -18.9404 0
    endloop
  endfacet
  facet normal -0.975006 -0.22218 0
    outer loop
      vertex -4.4702 -18.9404 6
      vertex -4.40521 -19.2256 0
      vertex -4.40521 -19.2256 6
    endloop
  endfacet
  facet normal -0.967081 -0.25447 0
    outer loop
      vertex -4.32977 -19.5123 0
      vertex -4.40521 -19.2256 6
      vertex -4.40521 -19.2256 0
    endloop
  endfacet
  facet normal -0.967081 -0.25447 0
    outer loop
      vertex -4.40521 -19.2256 6
      vertex -4.32977 -19.5123 0
      vertex -4.32977 -19.5123 6
    endloop
  endfacet
  facet normal -0.958529 -0.284995 0
    outer loop
      vertex -4.24417 -19.8002 0
      vertex -4.32977 -19.5123 6
      vertex -4.32977 -19.5123 0
    endloop
  endfacet
  facet normal -0.958529 -0.284995 0
    outer loop
      vertex -4.32977 -19.5123 6
      vertex -4.24417 -19.8002 0
      vertex -4.24417 -19.8002 6
    endloop
  endfacet
  facet normal -0.187439 -0.982276 0
    outer loop
      vertex -4.24417 -19.8002 0
      vertex -3.3428 -19.9722 6
      vertex -4.24417 -19.8002 6
    endloop
  endfacet
  facet normal -0.187439 -0.982276 -0
    outer loop
      vertex -3.3428 -19.9722 6
      vertex -4.24417 -19.8002 0
      vertex -3.3428 -19.9722 0
    endloop
  endfacet
  facet normal 0.786344 -0.617789 0
    outer loop
      vertex -3.3428 -19.9722 6
      vertex -3.15723 -19.736 0
      vertex -3.15723 -19.736 6
    endloop
  endfacet
  facet normal 0.786344 -0.617789 0
    outer loop
      vertex -3.15723 -19.736 0
      vertex -3.3428 -19.9722 6
      vertex -3.3428 -19.9722 0
    endloop
  endfacet
  facet normal 0.805487 -0.592613 0
    outer loop
      vertex -3.15723 -19.736 6
      vertex -2.98154 -19.4972 0
      vertex -2.98154 -19.4972 6
    endloop
  endfacet
  facet normal 0.805487 -0.592613 0
    outer loop
      vertex -2.98154 -19.4972 0
      vertex -3.15723 -19.736 6
      vertex -3.15723 -19.736 0
    endloop
  endfacet
  facet normal 0.824813 -0.565405 0
    outer loop
      vertex -2.98154 -19.4972 6
      vertex -2.81613 -19.2559 0
      vertex -2.81613 -19.2559 6
    endloop
  endfacet
  facet normal 0.824813 -0.565405 0
    outer loop
      vertex -2.81613 -19.2559 0
      vertex -2.98154 -19.4972 6
      vertex -2.98154 -19.4972 0
    endloop
  endfacet
  facet normal 0.844129 -0.53614 0
    outer loop
      vertex -2.81613 -19.2559 6
      vertex -2.66141 -19.0123 0
      vertex -2.66141 -19.0123 6
    endloop
  endfacet
  facet normal 0.844129 -0.53614 0
    outer loop
      vertex -2.66141 -19.0123 0
      vertex -2.81613 -19.2559 6
      vertex -2.81613 -19.2559 0
    endloop
  endfacet
  facet normal 0.863736 -0.503945 0
    outer loop
      vertex -2.66141 -19.0123 6
      vertex -2.51794 -18.7664 0
      vertex -2.51794 -18.7664 6
    endloop
  endfacet
  facet normal 0.863736 -0.503945 0
    outer loop
      vertex -2.51794 -18.7664 0
      vertex -2.66141 -19.0123 6
      vertex -2.66141 -19.0123 0
    endloop
  endfacet
  facet normal 0.883558 -0.468321 0
    outer loop
      vertex -2.51794 -18.7664 6
      vertex -2.38649 -18.5184 0
      vertex -2.38649 -18.5184 6
    endloop
  endfacet
  facet normal 0.883558 -0.468321 0
    outer loop
      vertex -2.38649 -18.5184 0
      vertex -2.51794 -18.7664 6
      vertex -2.51794 -18.7664 0
    endloop
  endfacet
  facet normal 0.903886 -0.427774 0
    outer loop
      vertex -2.38649 -18.5184 6
      vertex -2.26808 -18.2682 0
      vertex -2.26808 -18.2682 6
    endloop
  endfacet
  facet normal 0.903886 -0.427774 0
    outer loop
      vertex -2.26808 -18.2682 0
      vertex -2.38649 -18.5184 6
      vertex -2.38649 -18.5184 0
    endloop
  endfacet
  facet normal 0.924884 -0.38025 0
    outer loop
      vertex -2.26808 -18.2682 6
      vertex -2.16431 -18.0158 0
      vertex -2.16431 -18.0158 6
    endloop
  endfacet
  facet normal 0.924884 -0.38025 0
    outer loop
      vertex -2.16431 -18.0158 0
      vertex -2.26808 -18.2682 6
      vertex -2.26808 -18.2682 0
    endloop
  endfacet
  facet normal 0.947083 -0.320989 0
    outer loop
      vertex -2.16431 -18.0158 6
      vertex -2.07802 -17.7612 0
      vertex -2.07802 -17.7612 6
    endloop
  endfacet
  facet normal 0.947083 -0.320989 0
    outer loop
      vertex -2.07802 -17.7612 0
      vertex -2.16431 -18.0158 6
      vertex -2.16431 -18.0158 0
    endloop
  endfacet
  facet normal 0.973579 -0.228351 0
    outer loop
      vertex -2.07802 -17.7612 6
      vertex -2.01753 -17.5033 0
      vertex -2.01753 -17.5033 6
    endloop
  endfacet
  facet normal 0.973579 -0.228351 0
    outer loop
      vertex -2.01753 -17.5033 0
      vertex -2.07802 -17.7612 6
      vertex -2.07802 -17.7612 0
    endloop
  endfacet
  facet normal 0.9699 -0.243503 0
    outer loop
      vertex -2.01753 -17.5033 6
      vertex -1.8327 -16.7671 0
      vertex -1.8327 -16.7671 6
    endloop
  endfacet
  facet normal 0.9699 -0.243503 0
    outer loop
      vertex -1.8327 -16.7671 0
      vertex -2.01753 -17.5033 6
      vertex -2.01753 -17.5033 0
    endloop
  endfacet
  facet normal -0.0980128 -0.995185 0
    outer loop
      vertex -1.8327 -16.7671 0
      vertex -1.10367 -16.8389 6
      vertex -1.8327 -16.7671 6
    endloop
  endfacet
  facet normal -0.0980128 -0.995185 -0
    outer loop
      vertex -1.10367 -16.8389 6
      vertex -1.8327 -16.7671 0
      vertex -1.10367 -16.8389 0
    endloop
  endfacet
  facet normal -0.0326409 -0.999467 0
    outer loop
      vertex -1.10367 -16.8389 0
      vertex -0.283051 -16.8657 6
      vertex -1.10367 -16.8389 6
    endloop
  endfacet
  facet normal -0.0326409 -0.999467 -0
    outer loop
      vertex -0.283051 -16.8657 6
      vertex -1.10367 -16.8389 0
      vertex -0.283051 -16.8657 0
    endloop
  endfacet
  facet normal -0.992776 -0.119981 0
    outer loop
      vertex -0.192108 -17.6182 0
      vertex -0.283051 -16.8657 6
      vertex -0.283051 -16.8657 0
    endloop
  endfacet
  facet normal -0.992776 -0.119981 0
    outer loop
      vertex -0.283051 -16.8657 6
      vertex -0.192108 -17.6182 0
      vertex -0.192108 -17.6182 6
    endloop
  endfacet
  facet normal -0.994514 -0.104607 0
    outer loop
      vertex -0.164413 -17.8815 0
      vertex -0.192108 -17.6182 6
      vertex -0.192108 -17.6182 0
    endloop
  endfacet
  facet normal -0.994514 -0.104607 0
    outer loop
      vertex -0.192108 -17.6182 6
      vertex -0.164413 -17.8815 0
      vertex -0.164413 -17.8815 6
    endloop
  endfacet
  facet normal -0.979863 -0.199673 0
    outer loop
      vertex -0.110718 -18.145 0
      vertex -0.164413 -17.8815 6
      vertex -0.164413 -17.8815 0
    endloop
  endfacet
  facet normal -0.979863 -0.199673 0
    outer loop
      vertex -0.164413 -17.8815 6
      vertex -0.110718 -18.145 0
      vertex -0.110718 -18.145 6
    endloop
  endfacet
  facet normal -0.965243 -0.261355 0
    outer loop
      vertex -0.0393982 -18.4084 0
      vertex -0.110718 -18.145 6
      vertex -0.110718 -18.145 0
    endloop
  endfacet
  facet normal -0.965243 -0.261355 0
    outer loop
      vertex -0.110718 -18.145 6
      vertex -0.0393982 -18.4084 0
      vertex -0.0393982 -18.4084 6
    endloop
  endfacet
  facet normal -0.950414 -0.310989 0
    outer loop
      vertex 0.0466919 -18.6715 0
      vertex -0.0393982 -18.4084 6
      vertex -0.0393982 -18.4084 0
    endloop
  endfacet
  facet normal -0.950414 -0.310989 0
    outer loop
      vertex -0.0393982 -18.4084 6
      vertex 0.0466919 -18.6715 0
      vertex 0.0466919 -18.6715 6
    endloop
  endfacet
  facet normal -0.935256 -0.353972 0
    outer loop
      vertex 0.146042 -18.934 0
      vertex 0.0466919 -18.6715 6
      vertex 0.0466919 -18.6715 0
    endloop
  endfacet
  facet normal -0.935256 -0.353972 0
    outer loop
      vertex 0.0466919 -18.6715 6
      vertex 0.146042 -18.934 0
      vertex 0.146042 -18.934 6
    endloop
  endfacet
  facet normal -0.920127 -0.39162 0
    outer loop
      vertex 0.257553 -19.196 0
      vertex 0.146042 -18.934 6
      vertex 0.146042 -18.934 0
    endloop
  endfacet
  facet normal -0.920127 -0.39162 0
    outer loop
      vertex 0.146042 -18.934 6
      vertex 0.257553 -19.196 0
      vertex 0.257553 -19.196 6
    endloop
  endfacet
  facet normal -0.904643 -0.42617 0
    outer loop
      vertex 0.380508 -19.457 0
      vertex 0.257553 -19.196 6
      vertex 0.257553 -19.196 0
    endloop
  endfacet
  facet normal -0.904643 -0.42617 0
    outer loop
      vertex 0.257553 -19.196 6
      vertex 0.380508 -19.457 0
      vertex 0.380508 -19.457 6
    endloop
  endfacet
  facet normal -0.889127 -0.45766 0
    outer loop
      vertex 0.514389 -19.7171 0
      vertex 0.380508 -19.457 6
      vertex 0.380508 -19.457 0
    endloop
  endfacet
  facet normal -0.889127 -0.45766 0
    outer loop
      vertex 0.380508 -19.457 6
      vertex 0.514389 -19.7171 0
      vertex 0.514389 -19.7171 6
    endloop
  endfacet
  facet normal -0.873398 -0.487008 0
    outer loop
      vertex 0.658752 -19.976 0
      vertex 0.514389 -19.7171 6
      vertex 0.514389 -19.7171 0
    endloop
  endfacet
  facet normal -0.873398 -0.487008 0
    outer loop
      vertex 0.514389 -19.7171 6
      vertex 0.658752 -19.976 0
      vertex 0.658752 -19.976 6
    endloop
  endfacet
  facet normal -0.857565 -0.514376 0
    outer loop
      vertex 0.813263 -20.2336 0
      vertex 0.658752 -19.976 6
      vertex 0.658752 -19.976 0
    endloop
  endfacet
  facet normal -0.857565 -0.514376 0
    outer loop
      vertex 0.658752 -19.976 6
      vertex 0.813263 -20.2336 0
      vertex 0.813263 -20.2336 6
    endloop
  endfacet
  facet normal 0.0627706 -0.998028 0
    outer loop
      vertex 0.813263 -20.2336 0
      vertex 1.72908 -20.176 6
      vertex 0.813263 -20.2336 6
    endloop
  endfacet
  facet normal 0.0627706 -0.998028 0
    outer loop
      vertex 1.72908 -20.176 6
      vertex 0.813263 -20.2336 0
      vertex 1.72908 -20.176 0
    endloop
  endfacet
  facet normal 0 -0.156443 -0.987687
    outer loop
      vertex 2 0 4.3
      vertex 20 0.401722 4.23637
      vertex 20 0 4.3
    endloop
  endfacet
  facet normal -0 -0.156443 -0.987687
    outer loop
      vertex 20 0.401722 4.23637
      vertex 2 0 4.3
      vertex 2 0.401722 4.23637
    endloop
  endfacet
  facet normal -1.46535e-05 -0.453986 -0.891009
    outer loop
      vertex 20 0.401722 4.23637
      vertex 19.978 0.596848 4.13695
      vertex 20 0.585464 4.14275
    endloop
  endfacet
  facet normal 8.89745e-06 -0.453984 -0.89101
    outer loop
      vertex 20 0.401722 4.23637
      vertex 19.7105 0.72467 4.07182
      vertex 19.978 0.596848 4.13695
    endloop
  endfacet
  facet normal -1.22333e-05 -0.453999 -0.891002
    outer loop
      vertex 20 0.401722 4.23637
      vertex 19.6204 0.76412 4.05172
      vertex 19.7105 0.72467 4.07182
    endloop
  endfacet
  facet normal 0 -0.453989 -0.891008
    outer loop
      vertex 2 0.401722 4.23637
      vertex 19.6204 0.76412 4.05172
      vertex 20 0.401722 4.23637
    endloop
  endfacet
  facet normal -0 -0.453989 -0.891008
    outer loop
      vertex 19.6204 0.76412 4.05172
      vertex 2 0.401722 4.23637
      vertex 2 0.76412 4.05172
    endloop
  endfacet
  facet normal 0 -0.707107 -0.707107
    outer loop
      vertex 18.8779 1.05172 3.76412
      vertex 19.6204 0.76412 4.05172
      vertex 2 0.76412 4.05172
    endloop
  endfacet
  facet normal -3.06994e-05 -0.707146 -0.707067
    outer loop
      vertex 19.6204 0.76412 4.05172
      vertex 18.8779 1.05172 3.76412
      vertex 19.4425 0.841949 3.97389
    endloop
  endfacet
  facet normal 0.000137476 -0.70692 -0.707293
    outer loop
      vertex 19.4425 0.841949 3.97389
      vertex 18.8779 1.05172 3.76412
      vertex 19.1743 0.948273 3.86757
    endloop
  endfacet
  facet normal -0 -0.707107 -0.707107
    outer loop
      vertex 18.8779 1.05172 3.76412
      vertex 2 0.76412 4.05172
      vertex 2 1.05172 3.76412
    endloop
  endfacet
  facet normal -5.24961e-05 -0.707192 -0.707021
    outer loop
      vertex 19.1743 0.948273 3.86757
      vertex 18.8779 1.05172 3.76412
      vertex 18.9059 1.04312 3.77272
    endloop
  endfacet
  facet normal 0 0.156443 -0.987687
    outer loop
      vertex 2 -0.401722 4.23637
      vertex 20 0 4.3
      vertex 20 -0.401722 4.23637
    endloop
  endfacet
  facet normal 0 0.156443 -0.987687
    outer loop
      vertex 20 0 4.3
      vertex 2 -0.401722 4.23637
      vertex 2 0 4.3
    endloop
  endfacet
  facet normal 0 -0.156443 0.987687
    outer loop
      vertex 2 0.401722 1.76363
      vertex 20 0 1.7
      vertex 20 0.401722 1.76363
    endloop
  endfacet
  facet normal 0 -0.156443 0.987687
    outer loop
      vertex 20 0 1.7
      vertex 2 0.401722 1.76363
      vertex 2 0 1.7
    endloop
  endfacet
  facet normal 0 -0.987687 -0.156444
    outer loop
      vertex 17.5364 1.3 3
      vertex 18.1682 1.23637 3.40172
      vertex 2 1.23637 3.40172
    endloop
  endfacet
  facet normal 1.22589e-06 -0.987687 -0.156445
    outer loop
      vertex 17.5714 1.29799 3.01269
      vertex 18.1682 1.23637 3.40172
      vertex 17.5364 1.3 3
    endloop
  endfacet
  facet normal 1.84952e-05 -0.987685 -0.156458
    outer loop
      vertex 18.1023 1.24985 3.31665
      vertex 17.5714 1.29799 3.01269
      vertex 17.8359 1.2869 3.08273
    endloop
  endfacet
  facet normal -0 -0.987687 -0.156444
    outer loop
      vertex 17.5364 1.3 3
      vertex 2 1.23637 3.40172
      vertex 2 1.3 3
    endloop
  endfacet
  facet normal 8.29583e-05 -0.987667 -0.156568
    outer loop
      vertex 18.1682 1.23637 3.40172
      vertex 17.5714 1.29799 3.01269
      vertex 18.1023 1.24985 3.31665
    endloop
  endfacet
  facet normal 0 -0.987687 0.156444
    outer loop
      vertex 2 1.23637 2.59828
      vertex 17.5364 1.3 3
      vertex 2 1.3 3
    endloop
  endfacet
  facet normal 0 -0.987687 0.156444
    outer loop
      vertex 18.1682 1.23637 2.59828
      vertex 17.5364 1.3 3
      vertex 2 1.23637 2.59828
    endloop
  endfacet
  facet normal 1.22589e-06 -0.987687 0.156445
    outer loop
      vertex 17.5364 1.3 3
      vertex 18.1682 1.23637 2.59828
      vertex 17.5714 1.29799 2.98731
    endloop
  endfacet
  facet normal 8.29583e-05 -0.987667 0.156568
    outer loop
      vertex 18.1023 1.24985 2.68335
      vertex 17.5714 1.29799 2.98731
      vertex 18.1682 1.23637 2.59828
    endloop
  endfacet
  facet normal 1.84952e-05 -0.987685 0.156458
    outer loop
      vertex 17.5714 1.29799 2.98731
      vertex 18.1023 1.24985 2.68335
      vertex 17.8359 1.2869 2.91727
    endloop
  endfacet
  facet normal -0 0.156443 0.987687
    outer loop
      vertex 2 0 1.7
      vertex 20 -0.401722 1.76363
      vertex 20 0 1.7
    endloop
  endfacet
  facet normal 0 0.156443 0.987687
    outer loop
      vertex 20 -0.401722 1.76363
      vertex 2 0 1.7
      vertex 2 -0.401722 1.76363
    endloop
  endfacet
  facet normal -1.46535e-05 0.453986 0.891009
    outer loop
      vertex 20 -0.401722 1.76363
      vertex 19.978 -0.596848 1.86305
      vertex 20 -0.585464 1.85725
    endloop
  endfacet
  facet normal 8.89745e-06 0.453984 0.89101
    outer loop
      vertex 20 -0.401722 1.76363
      vertex 19.7105 -0.72467 1.92818
      vertex 19.978 -0.596848 1.86305
    endloop
  endfacet
  facet normal -1.22333e-05 0.453999 0.891002
    outer loop
      vertex 20 -0.401722 1.76363
      vertex 19.6204 -0.76412 1.94828
      vertex 19.7105 -0.72467 1.92818
    endloop
  endfacet
  facet normal -0 0.453989 0.891008
    outer loop
      vertex 2 -0.401722 1.76363
      vertex 19.6204 -0.76412 1.94828
      vertex 20 -0.401722 1.76363
    endloop
  endfacet
  facet normal 0 0.453989 0.891008
    outer loop
      vertex 19.6204 -0.76412 1.94828
      vertex 2 -0.401722 1.76363
      vertex 2 -0.76412 1.94828
    endloop
  endfacet
  facet normal 8.29583e-05 0.987667 -0.156568
    outer loop
      vertex 17.5714 -1.29799 3.01269
      vertex 18.1682 -1.23637 3.40172
      vertex 18.1023 -1.24985 3.31665
    endloop
  endfacet
  facet normal 1.84952e-05 0.987685 -0.156458
    outer loop
      vertex 17.5714 -1.29799 3.01269
      vertex 18.1023 -1.24985 3.31665
      vertex 17.8359 -1.2869 3.08273
    endloop
  endfacet
  facet normal 1.22589e-06 0.987687 -0.156445
    outer loop
      vertex 18.1682 -1.23637 3.40172
      vertex 17.5714 -1.29799 3.01269
      vertex 17.5364 -1.3 3
    endloop
  endfacet
  facet normal 0 0.987687 -0.156444
    outer loop
      vertex 18.1682 -1.23637 3.40172
      vertex 17.5364 -1.3 3
      vertex 2 -1.23637 3.40172
    endloop
  endfacet
  facet normal 0 0.987687 -0.156444
    outer loop
      vertex 2 -1.23637 3.40172
      vertex 17.5364 -1.3 3
      vertex 2 -1.3 3
    endloop
  endfacet
  facet normal -1.46535e-05 -0.453986 0.891009
    outer loop
      vertex 19.978 0.596848 1.86305
      vertex 20 0.401722 1.76363
      vertex 20 0.585464 1.85725
    endloop
  endfacet
  facet normal 8.89745e-06 -0.453984 0.89101
    outer loop
      vertex 19.7105 0.72467 1.92818
      vertex 20 0.401722 1.76363
      vertex 19.978 0.596848 1.86305
    endloop
  endfacet
  facet normal -1.22333e-05 -0.453999 0.891002
    outer loop
      vertex 19.6204 0.76412 1.94828
      vertex 20 0.401722 1.76363
      vertex 19.7105 0.72467 1.92818
    endloop
  endfacet
  facet normal 0 -0.453989 0.891008
    outer loop
      vertex 2 0.401722 1.76363
      vertex 19.6204 0.76412 1.94828
      vertex 2 0.76412 1.94828
    endloop
  endfacet
  facet normal 0 -0.453989 0.891008
    outer loop
      vertex 19.6204 0.76412 1.94828
      vertex 2 0.401722 1.76363
      vertex 20 0.401722 1.76363
    endloop
  endfacet
  facet normal 0 -0.891009 -0.453987
    outer loop
      vertex 18.1682 1.23637 3.40172
      vertex 18.8779 1.05172 3.76412
      vertex 2 1.05172 3.76412
    endloop
  endfacet
  facet normal 0.000128286 -0.890907 -0.454186
    outer loop
      vertex 18.8779 1.05172 3.76412
      vertex 18.1682 1.23637 3.40172
      vertex 18.6376 1.12578 3.61878
    endloop
  endfacet
  facet normal -0 -0.891009 -0.453987
    outer loop
      vertex 18.1682 1.23637 3.40172
      vertex 2 1.05172 3.76412
      vertex 2 1.23637 3.40172
    endloop
  endfacet
  facet normal 0.000228139 -0.890819 -0.454357
    outer loop
      vertex 18.6376 1.12578 3.61878
      vertex 18.1682 1.23637 3.40172
      vertex 18.3696 1.19521 3.48252
    endloop
  endfacet
  facet normal 0.000228139 0.890819 0.454357
    outer loop
      vertex 18.6376 -1.12578 2.38122
      vertex 18.1682 -1.23637 2.59828
      vertex 18.3696 -1.19521 2.51748
    endloop
  endfacet
  facet normal 0.000128286 0.890907 0.454186
    outer loop
      vertex 18.1682 -1.23637 2.59828
      vertex 18.6376 -1.12578 2.38122
      vertex 18.8779 -1.05172 2.23588
    endloop
  endfacet
  facet normal 0 0.891009 0.453987
    outer loop
      vertex 18.1682 -1.23637 2.59828
      vertex 18.8779 -1.05172 2.23588
      vertex 2 -1.05172 2.23588
    endloop
  endfacet
  facet normal 0 0.891009 0.453987
    outer loop
      vertex 18.1682 -1.23637 2.59828
      vertex 2 -1.05172 2.23588
      vertex 2 -1.23637 2.59828
    endloop
  endfacet
  facet normal -5.24961e-05 0.707192 0.707021
    outer loop
      vertex 19.1743 -0.948273 2.13243
      vertex 18.8779 -1.05172 2.23588
      vertex 18.9059 -1.04312 2.22728
    endloop
  endfacet
  facet normal 7.23361e-05 0.707013 0.7072
    outer loop
      vertex 18.8779 -1.05172 2.23588
      vertex 19.1743 -0.948273 2.13243
      vertex 19.6204 -0.76412 1.94828
    endloop
  endfacet
  facet normal -0.000150734 0.707284 0.70693
    outer loop
      vertex 19.6204 -0.76412 1.94828
      vertex 19.1743 -0.948273 2.13243
      vertex 19.4425 -0.841949 2.02611
    endloop
  endfacet
  facet normal 0 0.707107 0.707107
    outer loop
      vertex 18.8779 -1.05172 2.23588
      vertex 19.6204 -0.76412 1.94828
      vertex 2 -0.76412 1.94828
    endloop
  endfacet
  facet normal 0 0.707107 0.707107
    outer loop
      vertex 18.8779 -1.05172 2.23588
      vertex 2 -0.76412 1.94828
      vertex 2 -1.05172 2.23588
    endloop
  endfacet
  facet normal -3.06994e-05 0.707146 -0.707067
    outer loop
      vertex 18.8779 -1.05172 3.76412
      vertex 19.6204 -0.76412 4.05172
      vertex 19.4425 -0.841949 3.97389
    endloop
  endfacet
  facet normal 0.000137476 0.70692 -0.707293
    outer loop
      vertex 18.8779 -1.05172 3.76412
      vertex 19.4425 -0.841949 3.97389
      vertex 19.1743 -0.948273 3.86757
    endloop
  endfacet
  facet normal -5.24961e-05 0.707192 -0.707021
    outer loop
      vertex 18.8779 -1.05172 3.76412
      vertex 19.1743 -0.948273 3.86757
      vertex 18.9059 -1.04312 3.77272
    endloop
  endfacet
  facet normal 0 0.707107 -0.707107
    outer loop
      vertex 19.6204 -0.76412 4.05172
      vertex 18.8779 -1.05172 3.76412
      vertex 2 -0.76412 4.05172
    endloop
  endfacet
  facet normal 0 0.707107 -0.707107
    outer loop
      vertex 2 -0.76412 4.05172
      vertex 18.8779 -1.05172 3.76412
      vertex 2 -1.05172 3.76412
    endloop
  endfacet
  facet normal 0 -0.891009 0.453987
    outer loop
      vertex 2 1.05172 2.23588
      vertex 18.1682 1.23637 2.59828
      vertex 2 1.23637 2.59828
    endloop
  endfacet
  facet normal 0 -0.891009 0.453987
    outer loop
      vertex 18.8779 1.05172 2.23588
      vertex 18.1682 1.23637 2.59828
      vertex 2 1.05172 2.23588
    endloop
  endfacet
  facet normal 0.000128286 -0.890907 0.454186
    outer loop
      vertex 18.6376 1.12578 2.38122
      vertex 18.1682 1.23637 2.59828
      vertex 18.8779 1.05172 2.23588
    endloop
  endfacet
  facet normal 0.000228139 -0.890819 0.454357
    outer loop
      vertex 18.1682 1.23637 2.59828
      vertex 18.6376 1.12578 2.38122
      vertex 18.3696 1.19521 2.51748
    endloop
  endfacet
  facet normal 1.22589e-06 0.987687 0.156445
    outer loop
      vertex 18.1682 -1.23637 2.59828
      vertex 17.5364 -1.3 3
      vertex 17.5714 -1.29799 2.98731
    endloop
  endfacet
  facet normal 1.84952e-05 0.987685 0.156458
    outer loop
      vertex 18.1023 -1.24985 2.68335
      vertex 17.5714 -1.29799 2.98731
      vertex 17.8359 -1.2869 2.91727
    endloop
  endfacet
  facet normal 8.29583e-05 0.987667 0.156568
    outer loop
      vertex 17.5714 -1.29799 2.98731
      vertex 18.1023 -1.24985 2.68335
      vertex 18.1682 -1.23637 2.59828
    endloop
  endfacet
  facet normal 0 0.987687 0.156444
    outer loop
      vertex 17.5364 -1.3 3
      vertex 18.1682 -1.23637 2.59828
      vertex 2 -1.23637 2.59828
    endloop
  endfacet
  facet normal 0 0.987687 0.156444
    outer loop
      vertex 17.5364 -1.3 3
      vertex 2 -1.23637 2.59828
      vertex 2 -1.3 3
    endloop
  endfacet
  facet normal 0 -0.707107 0.707107
    outer loop
      vertex 2 0.76412 1.94828
      vertex 18.8779 1.05172 2.23588
      vertex 2 1.05172 2.23588
    endloop
  endfacet
  facet normal 0 -0.707107 0.707107
    outer loop
      vertex 19.6204 0.76412 1.94828
      vertex 18.8779 1.05172 2.23588
      vertex 2 0.76412 1.94828
    endloop
  endfacet
  facet normal 7.23361e-05 -0.707013 0.7072
    outer loop
      vertex 19.1743 0.948273 2.13243
      vertex 18.8779 1.05172 2.23588
      vertex 19.6204 0.76412 1.94828
    endloop
  endfacet
  facet normal -5.24961e-05 -0.707192 0.707021
    outer loop
      vertex 18.8779 1.05172 2.23588
      vertex 19.1743 0.948273 2.13243
      vertex 18.9059 1.04312 2.22728
    endloop
  endfacet
  facet normal -0.000150734 -0.707284 0.70693
    outer loop
      vertex 19.1743 0.948273 2.13243
      vertex 19.6204 0.76412 1.94828
      vertex 19.4425 0.841949 2.02611
    endloop
  endfacet
  facet normal -1.46535e-05 0.453986 -0.891009
    outer loop
      vertex 19.978 -0.596848 4.13695
      vertex 20 -0.401722 4.23637
      vertex 20 -0.585464 4.14275
    endloop
  endfacet
  facet normal 8.89745e-06 0.453984 -0.89101
    outer loop
      vertex 19.7105 -0.72467 4.07182
      vertex 20 -0.401722 4.23637
      vertex 19.978 -0.596848 4.13695
    endloop
  endfacet
  facet normal -1.22333e-05 0.453999 -0.891002
    outer loop
      vertex 19.6204 -0.76412 4.05172
      vertex 20 -0.401722 4.23637
      vertex 19.7105 -0.72467 4.07182
    endloop
  endfacet
  facet normal 0 0.453989 -0.891008
    outer loop
      vertex 2 -0.401722 4.23637
      vertex 19.6204 -0.76412 4.05172
      vertex 2 -0.76412 4.05172
    endloop
  endfacet
  facet normal 0 0.453989 -0.891008
    outer loop
      vertex 19.6204 -0.76412 4.05172
      vertex 2 -0.401722 4.23637
      vertex 20 -0.401722 4.23637
    endloop
  endfacet
  facet normal -1 0 0
    outer loop
      vertex 20 0 1.7
      vertex 20 0.585464 1.85725
      vertex 20 0.401722 1.76363
    endloop
  endfacet
  facet normal -1 0 0
    outer loop
      vertex 20 0.585464 1.85725
      vertex 20 -0.585464 1.85725
      vertex 20 0.585464 4.14275
    endloop
  endfacet
  facet normal -1 -0 0
    outer loop
      vertex 20 0.585464 1.85725
      vertex 20 0 1.7
      vertex 20 -0.585464 1.85725
    endloop
  endfacet
  facet normal -1 0 0
    outer loop
      vertex 20 -0.585464 4.14275
      vertex 20 0.585464 4.14275
      vertex 20 -0.585464 1.85725
    endloop
  endfacet
  facet normal -1 0 0
    outer loop
      vertex 20 -0.585464 1.85725
      vertex 20 0 1.7
      vertex 20 -0.401722 1.76363
    endloop
  endfacet
  facet normal -1 0 -0
    outer loop
      vertex 20 0 4.3
      vertex 20 0.585464 4.14275
      vertex 20 -0.585464 4.14275
    endloop
  endfacet
  facet normal -1 0 0
    outer loop
      vertex 20 0.585464 4.14275
      vertex 20 0 4.3
      vertex 20 0.401722 4.23637
    endloop
  endfacet
  facet normal -1 0 0
    outer loop
      vertex 20 0 4.3
      vertex 20 -0.585464 4.14275
      vertex 20 -0.401722 4.23637
    endloop
  endfacet
  facet normal 0.000128286 0.890907 -0.454186
    outer loop
      vertex 18.1682 -1.23637 3.40172
      vertex 18.8779 -1.05172 3.76412
      vertex 18.6376 -1.12578 3.61878
    endloop
  endfacet
  facet normal 0.000228139 0.890819 -0.454357
    outer loop
      vertex 18.1682 -1.23637 3.40172
      vertex 18.6376 -1.12578 3.61878
      vertex 18.3696 -1.19521 3.48252
    endloop
  endfacet
  facet normal 0 0.891009 -0.453987
    outer loop
      vertex 18.8779 -1.05172 3.76412
      vertex 18.1682 -1.23637 3.40172
      vertex 2 -1.05172 3.76412
    endloop
  endfacet
  facet normal 0 0.891009 -0.453987
    outer loop
      vertex 2 -1.05172 3.76412
      vertex 18.1682 -1.23637 3.40172
      vertex 2 -1.23637 3.40172
    endloop
  endfacet
endsolid OpenSCAD_Model
