solid OpenSCAD_Model
  facet normal -0.941547 0.23821 0.238212
    outer loop
      vertex -95.694 25.476 15.5765
      vertex -92.388 17.1603 36.9593
      vertex -92.388 32.0096 22.1101
    endloop
  endfacet
  facet normal -0.941547 0.23821 0.238212
    outer loop
      vertex -92.388 17.1603 36.9593
      vertex -95.694 25.476 15.5765
      vertex -95.694 10.6267 30.4257
    endloop
  endfacet
  facet normal 0.989176 0.103758 0.103758
    outer loop
      vertex 98.0785 3.89547 23.6945
      vertex 99.5185 11.8806 1.98111
      vertex 98.0785 18.7447 8.84522
    endloop
  endfacet
  facet normal 0.989176 0.103758 0.103758
    outer loop
      vertex 99.5185 11.8806 1.98111
      vertex 98.0785 3.89547 23.6945
      vertex 99.5185 -2.96864 16.8304
    endloop
  endfacet
  facet normal 0.998796 0.0346942 0.0346941
    outer loop
      vertex 99.5185 -2.96864 16.8304
      vertex 100 4.94975 -4.94975
      vertex 99.5185 11.8806 1.98111
    endloop
  endfacet
  facet normal 0.998796 0.034694 0.034694
    outer loop
      vertex 100 4.94975 -4.94975
      vertex 99.5185 -2.96864 16.8304
      vertex 100 -9.8995 9.8995
    endloop
  endfacet
  facet normal 0.970031 0.171812 0.171813
    outer loop
      vertex 95.694 10.6267 30.4257
      vertex 98.0785 18.7447 8.84522
      vertex 95.694 25.476 15.5765
    endloop
  endfacet
  facet normal 0.970031 0.171815 0.171814
    outer loop
      vertex 98.0785 18.7447 8.84522
      vertex 95.694 10.6267 30.4257
      vertex 98.0785 3.89547 23.6945
    endloop
  endfacet
  facet normal 0.857733 0.363521 0.363521
    outer loop
      vertex 83.147 29.3853 49.1842
      vertex 88.1921 38.2825 28.383
      vertex 83.147 44.2345 34.335
    endloop
  endfacet
  facet normal 0.857731 0.363524 0.363522
    outer loop
      vertex 88.1921 38.2825 28.383
      vertex 83.147 29.3853 49.1842
      vertex 88.1921 23.4333 43.2323
    endloop
  endfacet
  facet normal 0.427553 0.639218 0.639218
    outer loop
      vertex 38.2683 55.4287 75.2276
      vertex 47.1397 67.311 57.4115
      vertex 38.2683 70.2779 60.3784
    endloop
  endfacet
  facet normal 0.427553 0.639218 0.639218
    outer loop
      vertex 47.1397 67.311 57.4115
      vertex 38.2683 55.4287 75.2276
      vertex 47.1397 52.4618 72.2607
    endloop
  endfacet
  facet normal 0.671553 0.523937 0.523934
    outer loop
      vertex 63.4393 44.7606 64.5596
      vertex 70.7107 54.9497 45.0503
      vertex 63.4393 59.6098 49.7103
    endloop
  endfacet
  facet normal 0.671557 0.523933 0.523933
    outer loop
      vertex 70.7107 54.9497 45.0503
      vertex 63.4393 44.7606 64.5596
      vertex 70.7107 40.1005 59.8995
    endloop
  endfacet
  facet normal -0.857733 0.363521 0.363521
    outer loop
      vertex -88.1921 38.2825 28.383
      vertex -83.147 29.3853 49.1842
      vertex -83.147 44.2345 34.335
    endloop
  endfacet
  facet normal -0.857731 0.363524 0.363522
    outer loop
      vertex -83.147 29.3853 49.1842
      vertex -88.1921 38.2825 28.383
      vertex -88.1921 23.4333 43.2323
    endloop
  endfacet
  facet normal -0.803202 0.42123 0.421227
    outer loop
      vertex -83.147 44.2345 34.335
      vertex -77.301 34.9589 54.7579
      vertex -77.301 49.8081 39.9086
    endloop
  endfacet
  facet normal -0.803204 0.421226 0.421226
    outer loop
      vertex -77.301 34.9589 54.7579
      vertex -83.147 44.2345 34.335
      vertex -83.147 29.3853 49.1842
    endloop
  endfacet
  facet normal -1.08738e-15 0.707107 -0.707107
    outer loop
      vertex 9.40965 72.5051 62.6056
      vertex 0 75.6604 65.7609
      vertex 9.80171 75.3199 65.4204
    endloop
  endfacet
  facet normal -1.81235e-16 0.707107 -0.707107
    outer loop
      vertex 18.7287 71.5277 61.6282
      vertex 9.80171 75.3199 65.4204
      vertex 19.509 74.3017 64.4022
    endloop
  endfacet
  facet normal -6.48939e-17 0.707107 -0.707107
    outer loop
      vertex -9.40965 72.5051 62.6056
      vertex 0 75.6604 65.7609
      vertex 0 72.832 62.9325
    endloop
  endfacet
  facet normal 1.08738e-15 0.707107 -0.707107
    outer loop
      vertex 0 75.6604 65.7609
      vertex -9.40965 72.5051 62.6056
      vertex -9.80171 75.3199 65.4204
    endloop
  endfacet
  facet normal 1.12038e-05 0.707117 -0.707096
    outer loop
      vertex 27.8673 69.909 60.0095
      vertex 19.509 74.3017 64.4022
      vertex 29.0285 72.6156 62.7162
    endloop
  endfacet
  facet normal 4.71955e-17 0.707107 -0.707107
    outer loop
      vertex 0 75.6604 65.7609
      vertex 9.40965 72.5051 62.6056
      vertex 0 72.832 62.9325
    endloop
  endfacet
  facet normal -1.88781e-16 0.707107 -0.707107
    outer loop
      vertex 9.80171 75.3199 65.4204
      vertex 18.7287 71.5277 61.6282
      vertex 9.40965 72.5051 62.6056
    endloop
  endfacet
  facet normal -6.66503e-06 0.707109 -0.707105
    outer loop
      vertex 36.7376 67.6648 57.7653
      vertex 29.0285 72.6156 62.7162
      vertex 38.2683 70.2779 60.3784
    endloop
  endfacet
  facet normal -8.02345e-16 0.707107 -0.707107
    outer loop
      vertex 19.509 74.3017 64.4022
      vertex 27.8673 69.909 60.0095
      vertex 18.7287 71.5277 61.6282
    endloop
  endfacet
  facet normal 5.96244e-06 0.707119 -0.707095
    outer loop
      vertex 29.0285 72.6156 62.7162
      vertex 36.7376 67.6648 57.7653
      vertex 27.8673 69.909 60.0095
    endloop
  endfacet
  facet normal -1.54046e-15 0.707107 -0.707107
    outer loop
      vertex 45.2541 64.8166 54.9171
      vertex 38.2683 70.2779 60.3784
      vertex 47.1397 67.311 57.4115
    endloop
  endfacet
  facet normal -5.66347e-16 0.707107 -0.707107
    outer loop
      vertex 38.2683 70.2779 60.3784
      vertex 45.2541 64.8166 54.9171
      vertex 36.7376 67.6648 57.7653
    endloop
  endfacet
  facet normal 1.49516e-15 0.707107 -0.707107
    outer loop
      vertex 53.3347 61.3918 51.4923
      vertex 47.1397 67.311 57.4115
      vertex 55.557 63.7435 53.844
    endloop
  endfacet
  facet normal -1.74625e-15 0.707107 -0.707107
    outer loop
      vertex 47.1397 67.311 57.4115
      vertex 53.3347 61.3918 51.4923
      vertex 45.2541 64.8166 54.9171
    endloop
  endfacet
  facet normal -3.62462e-16 0.707107 -0.707107
    outer loop
      vertex 60.9018 57.4234 47.5239
      vertex 55.557 63.7435 53.844
      vertex 63.4393 59.6098 49.7103
    endloop
  endfacet
  facet normal 7.07926e-16 0.707107 -0.707107
    outer loop
      vertex 55.557 63.7435 53.844
      vertex 60.9018 57.4234 47.5239
      vertex 53.3347 61.3918 51.4923
    endloop
  endfacet
  facet normal 5.10109e-06 0.707103 -0.70711
    outer loop
      vertex 67.8822 52.9497 43.0503
      vertex 63.4393 59.6098 49.7103
      vertex 70.7107 54.9497 45.0503
    endloop
  endfacet
  facet normal 5.80908e-06 0.707103 -0.70711
    outer loop
      vertex 63.4393 59.6098 49.7103
      vertex 67.8822 52.9497 43.0503
      vertex 60.9018 57.4234 47.5239
    endloop
  endfacet
  facet normal -4.57657e-06 0.707111 -0.707103
    outer loop
      vertex 74.209 48.0138 38.1143
      vertex 70.7107 54.9497 45.0503
      vertex 77.301 49.8081 39.9086
    endloop
  endfacet
  facet normal -5.31361e-06 0.707111 -0.707103
    outer loop
      vertex 70.7107 54.9497 45.0503
      vertex 74.209 48.0138 38.1143
      vertex 67.8822 52.9497 43.0503
    endloop
  endfacet
  facet normal 1.26859e-15 0.707107 -0.707107
    outer loop
      vertex 79.8211 42.6631 32.7636
      vertex 77.301 49.8081 39.9086
      vertex 83.147 44.2345 34.335
    endloop
  endfacet
  facet normal 0 0.707107 -0.707107
    outer loop
      vertex 77.301 49.8081 39.9086
      vertex 79.8211 42.6631 32.7636
      vertex 74.209 48.0138 38.1143
    endloop
  endfacet
  facet normal -6.79608e-16 0.707107 -0.707107
    outer loop
      vertex 84.6644 36.9492 27.0497
      vertex 83.147 44.2345 34.335
      vertex 88.1921 38.2825 28.383
    endloop
  endfacet
  facet normal 1.36865e-15 0.707107 -0.707107
    outer loop
      vertex 83.147 44.2345 34.335
      vertex 84.6644 36.9492 27.0497
      vertex 79.8211 42.6631 32.7636
    endloop
  endfacet
  facet normal 0 0.707107 -0.707107
    outer loop
      vertex 88.6924 30.9272 21.0277
      vertex 88.1921 38.2825 28.383
      vertex 92.388 32.0096 22.1101
    endloop
  endfacet
  facet normal -7.07931e-16 0.707107 -0.707107
    outer loop
      vertex 88.1921 38.2825 28.383
      vertex 88.6924 30.9272 21.0277
      vertex 84.6644 36.9492 27.0497
    endloop
  endfacet
  facet normal 2.945e-16 0.707107 -0.707107
    outer loop
      vertex 91.8663 24.6549 14.7554
      vertex 92.388 32.0096 22.1101
      vertex 95.694 25.476 15.5765
    endloop
  endfacet
  facet normal -4.71936e-17 0.707107 -0.707107
    outer loop
      vertex 92.388 32.0096 22.1101
      vertex 91.8663 24.6549 14.7554
      vertex 88.6924 30.9272 21.0277
    endloop
  endfacet
  facet normal 2.81483e-07 0.707106 -0.707108
    outer loop
      vertex 94.1554 18.1929 8.29342
      vertex 95.694 25.476 15.5765
      vertex 98.0785 18.7447 8.84522
    endloop
  endfacet
  facet normal 4.36313e-07 0.707106 -0.707108
    outer loop
      vertex 95.694 25.476 15.5765
      vertex 94.1554 18.1929 8.29342
      vertex 91.8663 24.6549 14.7554
    endloop
  endfacet
  facet normal 5.18145e-06 0.707108 -0.707106
    outer loop
      vertex 95.5377 11.6034 1.70388
      vertex 98.0785 18.7447 8.84522
      vertex 99.5185 11.8806 1.98111
    endloop
  endfacet
  facet normal -5.86428e-07 0.707109 -0.707105
    outer loop
      vertex 98.0785 18.7447 8.84522
      vertex 95.5377 11.6034 1.70388
      vertex 94.1554 18.1929 8.29342
    endloop
  endfacet
  facet normal 0 0.707107 -0.707106
    outer loop
      vertex 96 4.94975 -4.94975
      vertex 99.5185 11.8806 1.98111
      vertex 100 4.94975 -4.94975
    endloop
  endfacet
  facet normal 5.45052e-06 0.707106 -0.707108
    outer loop
      vertex 99.5185 11.8806 1.98111
      vertex 96 4.94975 -4.94975
      vertex 95.5377 11.6034 1.70388
    endloop
  endfacet
  facet normal 0 0.707106 -0.707107
    outer loop
      vertex 99.5185 -1.98111 -11.8806
      vertex 96 4.94975 -4.94975
      vertex 100 4.94975 -4.94975
    endloop
  endfacet
  facet normal 5.45052e-06 0.707108 -0.707106
    outer loop
      vertex 96 4.94975 -4.94975
      vertex 99.5185 -1.98111 -11.8806
      vertex 95.5377 -1.70388 -11.6034
    endloop
  endfacet
  facet normal 5.18145e-06 0.707106 -0.707108
    outer loop
      vertex 98.0785 -8.84522 -18.7447
      vertex 95.5377 -1.70388 -11.6034
      vertex 99.5185 -1.98111 -11.8806
    endloop
  endfacet
  facet normal -5.86428e-07 0.707105 -0.707109
    outer loop
      vertex 95.5377 -1.70388 -11.6034
      vertex 98.0785 -8.84522 -18.7447
      vertex 94.1554 -8.29342 -18.1929
    endloop
  endfacet
  facet normal 2.81483e-07 0.707108 -0.707106
    outer loop
      vertex 95.694 -15.5765 -25.476
      vertex 94.1554 -8.29342 -18.1929
      vertex 98.0785 -8.84522 -18.7447
    endloop
  endfacet
  facet normal 4.36313e-07 0.707108 -0.707106
    outer loop
      vertex 94.1554 -8.29342 -18.1929
      vertex 95.694 -15.5765 -25.476
      vertex 91.8663 -14.7554 -24.6549
    endloop
  endfacet
  facet normal 3.62461e-16 0.707107 -0.707107
    outer loop
      vertex 92.388 -22.1101 -32.0096
      vertex 91.8663 -14.7554 -24.6549
      vertex 95.694 -15.5765 -25.476
    endloop
  endfacet
  facet normal -1.88774e-16 0.707107 -0.707107
    outer loop
      vertex 91.8663 -14.7554 -24.6549
      vertex 92.388 -22.1101 -32.0096
      vertex 88.6924 -21.0277 -30.9272
    endloop
  endfacet
  facet normal 0 0.707107 -0.707107
    outer loop
      vertex 88.1921 -28.383 -38.2825
      vertex 88.6924 -21.0277 -30.9272
      vertex 92.388 -22.1101 -32.0096
    endloop
  endfacet
  facet normal -7.55126e-16 0.707107 -0.707107
    outer loop
      vertex 88.6924 -21.0277 -30.9272
      vertex 88.1921 -28.383 -38.2825
      vertex 84.6644 -27.0497 -36.9492
    endloop
  endfacet
  facet normal -5.43686e-16 0.707107 -0.707107
    outer loop
      vertex 83.147 -34.335 -44.2345
      vertex 84.6644 -27.0497 -36.9492
      vertex 88.1921 -28.383 -38.2825
    endloop
  endfacet
  facet normal 1.51024e-15 0.707107 -0.707107
    outer loop
      vertex 84.6644 -27.0497 -36.9492
      vertex 83.147 -34.335 -44.2345
      vertex 79.8211 -32.7636 -42.6631
    endloop
  endfacet
  facet normal 1.26859e-15 0.707107 -0.707107
    outer loop
      vertex 77.301 -39.9086 -49.8081
      vertex 79.8211 -32.7636 -42.6631
      vertex 83.147 -34.335 -44.2345
    endloop
  endfacet
  facet normal 0 0.707107 -0.707107
    outer loop
      vertex 79.8211 -32.7636 -42.6631
      vertex 77.301 -39.9086 -49.8081
      vertex 74.209 -38.1143 -48.0138
    endloop
  endfacet
  facet normal -4.57657e-06 0.707103 -0.707111
    outer loop
      vertex 70.7107 -45.0503 -54.9497
      vertex 74.209 -38.1143 -48.0138
      vertex 77.301 -39.9086 -49.8081
    endloop
  endfacet
  facet normal -5.31361e-06 0.707103 -0.707111
    outer loop
      vertex 74.209 -38.1143 -48.0138
      vertex 70.7107 -45.0503 -54.9497
      vertex 67.8822 -43.0503 -52.9497
    endloop
  endfacet
  facet normal 5.10109e-06 0.70711 -0.707103
    outer loop
      vertex 63.4393 -49.7103 -59.6098
      vertex 67.8822 -43.0503 -52.9497
      vertex 70.7107 -45.0503 -54.9497
    endloop
  endfacet
  facet normal 5.80908e-06 0.70711 -0.707103
    outer loop
      vertex 67.8822 -43.0503 -52.9497
      vertex 63.4393 -49.7103 -59.6098
      vertex 60.9018 -47.5239 -57.4234
    endloop
  endfacet
  facet normal -4.53078e-16 0.707107 -0.707107
    outer loop
      vertex 55.557 -53.844 -63.7435
      vertex 60.9018 -47.5239 -57.4234
      vertex 63.4393 -49.7103 -59.6098
    endloop
  endfacet
  facet normal 7.55121e-16 0.707107 -0.707107
    outer loop
      vertex 60.9018 -47.5239 -57.4234
      vertex 55.557 -53.844 -63.7435
      vertex 53.3347 -51.4923 -61.3918
    endloop
  endfacet
  facet normal 1.54047e-15 0.707107 -0.707107
    outer loop
      vertex 47.1397 -57.4115 -67.311
      vertex 53.3347 -51.4923 -61.3918
      vertex 55.557 -53.844 -63.7435
    endloop
  endfacet
  facet normal -1.69905e-15 0.707107 -0.707107
    outer loop
      vertex 53.3347 -51.4923 -61.3918
      vertex 47.1397 -57.4115 -67.311
      vertex 45.2541 -54.9171 -64.8166
    endloop
  endfacet
  facet normal -1.54046e-15 0.707107 -0.707107
    outer loop
      vertex 38.2683 -60.3784 -70.2779
      vertex 45.2541 -54.9171 -64.8166
      vertex 47.1397 -57.4115 -67.311
    endloop
  endfacet
  facet normal -5.19152e-16 0.707107 -0.707107
    outer loop
      vertex 45.2541 -54.9171 -64.8166
      vertex 38.2683 -60.3784 -70.2779
      vertex 36.7376 -57.7653 -67.6648
    endloop
  endfacet
  facet normal -6.66503e-06 0.707105 -0.707109
    outer loop
      vertex 29.0285 -62.7162 -72.6156
      vertex 36.7376 -57.7653 -67.6648
      vertex 38.2683 -60.3784 -70.2779
    endloop
  endfacet
  facet normal 5.96244e-06 0.707095 -0.707119
    outer loop
      vertex 36.7376 -57.7653 -67.6648
      vertex 29.0285 -62.7162 -72.6156
      vertex 27.8673 -60.0095 -69.909
    endloop
  endfacet
  facet normal 1.12038e-05 0.707096 -0.707117
    outer loop
      vertex 19.509 -64.4022 -74.3017
      vertex 27.8673 -60.0095 -69.909
      vertex 29.0285 -62.7162 -72.6156
    endloop
  endfacet
  facet normal -8.25944e-16 0.707107 -0.707107
    outer loop
      vertex 27.8673 -60.0095 -69.909
      vertex 19.509 -64.4022 -74.3017
      vertex 18.7287 -61.6282 -71.5277
    endloop
  endfacet
  facet normal -1.81235e-16 0.707107 -0.707107
    outer loop
      vertex 9.80171 -65.4204 -75.3199
      vertex 18.7287 -61.6282 -71.5277
      vertex 19.509 -64.4022 -74.3017
    endloop
  endfacet
  facet normal -1.88781e-16 0.707107 -0.707107
    outer loop
      vertex 18.7287 -61.6282 -71.5277
      vertex 9.80171 -65.4204 -75.3199
      vertex 9.40965 -62.6056 -72.5051
    endloop
  endfacet
  facet normal 1.88781e-16 0.707107 -0.707107
    outer loop
      vertex -18.7287 71.5277 61.6282
      vertex -9.80171 75.3199 65.4204
      vertex -9.40965 72.5051 62.6056
    endloop
  endfacet
  facet normal 1.81235e-16 0.707107 -0.707107
    outer loop
      vertex -9.80171 75.3199 65.4204
      vertex -18.7287 71.5277 61.6282
      vertex -19.509 74.3017 64.4022
    endloop
  endfacet
  facet normal 8.25944e-16 0.707107 -0.707107
    outer loop
      vertex -27.8673 69.909 60.0095
      vertex -19.509 74.3017 64.4022
      vertex -18.7287 71.5277 61.6282
    endloop
  endfacet
  facet normal -1.12038e-05 0.707117 -0.707096
    outer loop
      vertex -19.509 74.3017 64.4022
      vertex -27.8673 69.909 60.0095
      vertex -29.0285 72.6156 62.7162
    endloop
  endfacet
  facet normal -5.96244e-06 0.707119 -0.707095
    outer loop
      vertex -36.7376 67.6648 57.7653
      vertex -29.0285 72.6156 62.7162
      vertex -27.8673 69.909 60.0095
    endloop
  endfacet
  facet normal 6.66503e-06 0.707109 -0.707105
    outer loop
      vertex -29.0285 72.6156 62.7162
      vertex -36.7376 67.6648 57.7653
      vertex -38.2683 70.2779 60.3784
    endloop
  endfacet
  facet normal 5.19152e-16 0.707107 -0.707107
    outer loop
      vertex -45.2541 64.8166 54.9171
      vertex -38.2683 70.2779 60.3784
      vertex -36.7376 67.6648 57.7653
    endloop
  endfacet
  facet normal 1.54046e-15 0.707107 -0.707107
    outer loop
      vertex -38.2683 70.2779 60.3784
      vertex -45.2541 64.8166 54.9171
      vertex -47.1397 67.311 57.4115
    endloop
  endfacet
  facet normal 1.69905e-15 0.707107 -0.707107
    outer loop
      vertex -53.3347 61.3918 51.4923
      vertex -47.1397 67.311 57.4115
      vertex -45.2541 64.8166 54.9171
    endloop
  endfacet
  facet normal -1.54047e-15 0.707107 -0.707107
    outer loop
      vertex -47.1397 67.311 57.4115
      vertex -53.3347 61.3918 51.4923
      vertex -55.557 63.7435 53.844
    endloop
  endfacet
  facet normal -7.55121e-16 0.707107 -0.707107
    outer loop
      vertex -60.9018 57.4234 47.5239
      vertex -55.557 63.7435 53.844
      vertex -53.3347 61.3918 51.4923
    endloop
  endfacet
  facet normal 4.53078e-16 0.707107 -0.707107
    outer loop
      vertex -55.557 63.7435 53.844
      vertex -60.9018 57.4234 47.5239
      vertex -63.4393 59.6098 49.7103
    endloop
  endfacet
  facet normal -5.80908e-06 0.707103 -0.70711
    outer loop
      vertex -67.8822 52.9497 43.0503
      vertex -63.4393 59.6098 49.7103
      vertex -60.9018 57.4234 47.5239
    endloop
  endfacet
  facet normal -5.10109e-06 0.707103 -0.70711
    outer loop
      vertex -63.4393 59.6098 49.7103
      vertex -67.8822 52.9497 43.0503
      vertex -70.7107 54.9497 45.0503
    endloop
  endfacet
  facet normal 5.31361e-06 0.707111 -0.707103
    outer loop
      vertex -74.209 48.0138 38.1143
      vertex -70.7107 54.9497 45.0503
      vertex -67.8822 52.9497 43.0503
    endloop
  endfacet
  facet normal 4.57657e-06 0.707111 -0.707103
    outer loop
      vertex -70.7107 54.9497 45.0503
      vertex -74.209 48.0138 38.1143
      vertex -77.301 49.8081 39.9086
    endloop
  endfacet
  facet normal 0 0.707107 -0.707107
    outer loop
      vertex -79.8211 42.6631 32.7636
      vertex -77.301 49.8081 39.9086
      vertex -74.209 48.0138 38.1143
    endloop
  endfacet
  facet normal -1.26859e-15 0.707107 -0.707107
    outer loop
      vertex -77.301 49.8081 39.9086
      vertex -79.8211 42.6631 32.7636
      vertex -83.147 44.2345 34.335
    endloop
  endfacet
  facet normal -1.51024e-15 0.707107 -0.707107
    outer loop
      vertex -84.6644 36.9492 27.0497
      vertex -83.147 44.2345 34.335
      vertex -79.8211 42.6631 32.7636
    endloop
  endfacet
  facet normal 5.43686e-16 0.707107 -0.707107
    outer loop
      vertex -83.147 44.2345 34.335
      vertex -84.6644 36.9492 27.0497
      vertex -88.1921 38.2825 28.383
    endloop
  endfacet
  facet normal 7.55126e-16 0.707107 -0.707107
    outer loop
      vertex -88.6924 30.9272 21.0277
      vertex -88.1921 38.2825 28.383
      vertex -84.6644 36.9492 27.0497
    endloop
  endfacet
  facet normal 0 0.707107 -0.707107
    outer loop
      vertex -88.1921 38.2825 28.383
      vertex -88.6924 30.9272 21.0277
      vertex -92.388 32.0096 22.1101
    endloop
  endfacet
  facet normal 1.88774e-16 0.707107 -0.707107
    outer loop
      vertex -91.8663 24.6549 14.7554
      vertex -92.388 32.0096 22.1101
      vertex -88.6924 30.9272 21.0277
    endloop
  endfacet
  facet normal -3.62461e-16 0.707107 -0.707107
    outer loop
      vertex -92.388 32.0096 22.1101
      vertex -91.8663 24.6549 14.7554
      vertex -95.694 25.476 15.5765
    endloop
  endfacet
  facet normal -4.36313e-07 0.707106 -0.707108
    outer loop
      vertex -94.1554 18.1929 8.29342
      vertex -95.694 25.476 15.5765
      vertex -91.8663 24.6549 14.7554
    endloop
  endfacet
  facet normal -2.81483e-07 0.707106 -0.707108
    outer loop
      vertex -95.694 25.476 15.5765
      vertex -94.1554 18.1929 8.29342
      vertex -98.0785 18.7447 8.84522
    endloop
  endfacet
  facet normal 5.86428e-07 0.707109 -0.707105
    outer loop
      vertex -95.5377 11.6034 1.70388
      vertex -98.0785 18.7447 8.84522
      vertex -94.1554 18.1929 8.29342
    endloop
  endfacet
  facet normal -5.18145e-06 0.707108 -0.707106
    outer loop
      vertex -98.0785 18.7447 8.84522
      vertex -95.5377 11.6034 1.70388
      vertex -99.5185 11.8806 1.98111
    endloop
  endfacet
  facet normal -5.45052e-06 0.707106 -0.707108
    outer loop
      vertex -96 4.94975 -4.94975
      vertex -99.5185 11.8806 1.98111
      vertex -95.5377 11.6034 1.70388
    endloop
  endfacet
  facet normal 0 0.707107 -0.707106
    outer loop
      vertex -96 4.94975 -4.94975
      vertex -100 4.94975 -4.94975
      vertex -99.5185 11.8806 1.98111
    endloop
  endfacet
  facet normal -5.45052e-06 0.707108 -0.707106
    outer loop
      vertex -99.5185 -1.98111 -11.8806
      vertex -96 4.94975 -4.94975
      vertex -95.5377 -1.70388 -11.6034
    endloop
  endfacet
  facet normal 0 0.707106 -0.707107
    outer loop
      vertex -96 4.94975 -4.94975
      vertex -99.5185 -1.98111 -11.8806
      vertex -100 4.94975 -4.94975
    endloop
  endfacet
  facet normal 5.86428e-07 0.707105 -0.707109
    outer loop
      vertex -98.0785 -8.84522 -18.7447
      vertex -95.5377 -1.70388 -11.6034
      vertex -94.1554 -8.29342 -18.1929
    endloop
  endfacet
  facet normal -5.18145e-06 0.707106 -0.707108
    outer loop
      vertex -95.5377 -1.70388 -11.6034
      vertex -98.0785 -8.84522 -18.7447
      vertex -99.5185 -1.98111 -11.8806
    endloop
  endfacet
  facet normal -4.36313e-07 0.707108 -0.707106
    outer loop
      vertex -95.694 -15.5765 -25.476
      vertex -94.1554 -8.29342 -18.1929
      vertex -91.8663 -14.7554 -24.6549
    endloop
  endfacet
  facet normal -2.81483e-07 0.707108 -0.707106
    outer loop
      vertex -94.1554 -8.29342 -18.1929
      vertex -95.694 -15.5765 -25.476
      vertex -98.0785 -8.84522 -18.7447
    endloop
  endfacet
  facet normal 4.71936e-17 0.707107 -0.707107
    outer loop
      vertex -92.388 -22.1101 -32.0096
      vertex -91.8663 -14.7554 -24.6549
      vertex -88.6924 -21.0277 -30.9272
    endloop
  endfacet
  facet normal -2.945e-16 0.707107 -0.707107
    outer loop
      vertex -91.8663 -14.7554 -24.6549
      vertex -92.388 -22.1101 -32.0096
      vertex -95.694 -15.5765 -25.476
    endloop
  endfacet
  facet normal 7.07931e-16 0.707107 -0.707107
    outer loop
      vertex -88.1921 -28.383 -38.2825
      vertex -88.6924 -21.0277 -30.9272
      vertex -84.6644 -27.0497 -36.9492
    endloop
  endfacet
  facet normal 0 0.707107 -0.707107
    outer loop
      vertex -88.6924 -21.0277 -30.9272
      vertex -88.1921 -28.383 -38.2825
      vertex -92.388 -22.1101 -32.0096
    endloop
  endfacet
  facet normal -1.36865e-15 0.707107 -0.707107
    outer loop
      vertex -83.147 -34.335 -44.2345
      vertex -84.6644 -27.0497 -36.9492
      vertex -79.8211 -32.7636 -42.6631
    endloop
  endfacet
  facet normal 6.79608e-16 0.707107 -0.707107
    outer loop
      vertex -84.6644 -27.0497 -36.9492
      vertex -83.147 -34.335 -44.2345
      vertex -88.1921 -28.383 -38.2825
    endloop
  endfacet
  facet normal 0 0.707107 -0.707107
    outer loop
      vertex -77.301 -39.9086 -49.8081
      vertex -79.8211 -32.7636 -42.6631
      vertex -74.209 -38.1143 -48.0138
    endloop
  endfacet
  facet normal -1.26859e-15 0.707107 -0.707107
    outer loop
      vertex -79.8211 -32.7636 -42.6631
      vertex -77.301 -39.9086 -49.8081
      vertex -83.147 -34.335 -44.2345
    endloop
  endfacet
  facet normal 5.31361e-06 0.707103 -0.707111
    outer loop
      vertex -70.7107 -45.0503 -54.9497
      vertex -74.209 -38.1143 -48.0138
      vertex -67.8822 -43.0503 -52.9497
    endloop
  endfacet
  facet normal 4.57657e-06 0.707103 -0.707111
    outer loop
      vertex -74.209 -38.1143 -48.0138
      vertex -70.7107 -45.0503 -54.9497
      vertex -77.301 -39.9086 -49.8081
    endloop
  endfacet
  facet normal -5.80908e-06 0.70711 -0.707103
    outer loop
      vertex -63.4393 -49.7103 -59.6098
      vertex -67.8822 -43.0503 -52.9497
      vertex -60.9018 -47.5239 -57.4234
    endloop
  endfacet
  facet normal -5.10109e-06 0.70711 -0.707103
    outer loop
      vertex -67.8822 -43.0503 -52.9497
      vertex -63.4393 -49.7103 -59.6098
      vertex -70.7107 -45.0503 -54.9497
    endloop
  endfacet
  facet normal -7.07926e-16 0.707107 -0.707107
    outer loop
      vertex -55.557 -53.844 -63.7435
      vertex -60.9018 -47.5239 -57.4234
      vertex -53.3347 -51.4923 -61.3918
    endloop
  endfacet
  facet normal 3.62462e-16 0.707107 -0.707107
    outer loop
      vertex -60.9018 -47.5239 -57.4234
      vertex -55.557 -53.844 -63.7435
      vertex -63.4393 -49.7103 -59.6098
    endloop
  endfacet
  facet normal 1.74625e-15 0.707107 -0.707107
    outer loop
      vertex -47.1397 -57.4115 -67.311
      vertex -53.3347 -51.4923 -61.3918
      vertex -45.2541 -54.9171 -64.8166
    endloop
  endfacet
  facet normal -1.49516e-15 0.707107 -0.707107
    outer loop
      vertex -53.3347 -51.4923 -61.3918
      vertex -47.1397 -57.4115 -67.311
      vertex -55.557 -53.844 -63.7435
    endloop
  endfacet
  facet normal 5.66347e-16 0.707107 -0.707107
    outer loop
      vertex -38.2683 -60.3784 -70.2779
      vertex -45.2541 -54.9171 -64.8166
      vertex -36.7376 -57.7653 -67.6648
    endloop
  endfacet
  facet normal -5.96244e-06 0.707095 -0.707119
    outer loop
      vertex -29.0285 -62.7162 -72.6156
      vertex -36.7376 -57.7653 -67.6648
      vertex -27.8673 -60.0095 -69.909
    endloop
  endfacet
  facet normal 1.54046e-15 0.707107 -0.707107
    outer loop
      vertex -45.2541 -54.9171 -64.8166
      vertex -38.2683 -60.3784 -70.2779
      vertex -47.1397 -57.4115 -67.311
    endloop
  endfacet
  facet normal 8.02345e-16 0.707107 -0.707107
    outer loop
      vertex -19.509 -64.4022 -74.3017
      vertex -27.8673 -60.0095 -69.909
      vertex -18.7287 -61.6282 -71.5277
    endloop
  endfacet
  facet normal 1.88781e-16 0.707107 -0.707107
    outer loop
      vertex -9.80171 -65.4204 -75.3199
      vertex -18.7287 -61.6282 -71.5277
      vertex -9.40965 -62.6056 -72.5051
    endloop
  endfacet
  facet normal 6.66503e-06 0.707105 -0.707109
    outer loop
      vertex -36.7376 -57.7653 -67.6648
      vertex -29.0285 -62.7162 -72.6156
      vertex -38.2683 -60.3784 -70.2779
    endloop
  endfacet
  facet normal -4.71955e-17 0.707107 -0.707107
    outer loop
      vertex 0 -65.7609 -75.6604
      vertex -9.40965 -62.6056 -72.5051
      vertex 0 -62.9325 -72.832
    endloop
  endfacet
  facet normal -1.08738e-15 0.707107 -0.707107
    outer loop
      vertex 0 -65.7609 -75.6604
      vertex 9.40965 -62.6056 -72.5051
      vertex 9.80171 -65.4204 -75.3199
    endloop
  endfacet
  facet normal -1.12038e-05 0.707096 -0.707117
    outer loop
      vertex -27.8673 -60.0095 -69.909
      vertex -19.509 -64.4022 -74.3017
      vertex -29.0285 -62.7162 -72.6156
    endloop
  endfacet
  facet normal 6.48939e-17 0.707107 -0.707107
    outer loop
      vertex 9.40965 -62.6056 -72.5051
      vertex 0 -65.7609 -75.6604
      vertex 0 -62.9325 -72.832
    endloop
  endfacet
  facet normal 1.81235e-16 0.707107 -0.707107
    outer loop
      vertex -18.7287 -61.6282 -71.5277
      vertex -9.80171 -65.4204 -75.3199
      vertex -19.509 -64.4022 -74.3017
    endloop
  endfacet
  facet normal 1.08738e-15 0.707107 -0.707107
    outer loop
      vertex -9.40965 -62.6056 -72.5051
      vertex 0 -65.7609 -75.6604
      vertex -9.80171 -65.4204 -75.3199
    endloop
  endfacet
  facet normal -0.514103 -0.606504 -0.606508
    outer loop
      vertex -55.557 -53.844 -63.7435
      vertex -47.1397 -72.2607 -52.4618
      vertex -55.557 -68.6933 -48.8943
    endloop
  endfacet
  facet normal -0.514108 -0.606503 -0.606503
    outer loop
      vertex -47.1397 -72.2607 -52.4618
      vertex -55.557 -53.844 -63.7435
      vertex -47.1397 -57.4115 -67.311
    endloop
  endfacet
  facet normal -0.671553 -0.523935 -0.523935
    outer loop
      vertex -63.4393 -49.7103 -59.6098
      vertex -70.7107 -59.8995 -40.1005
      vertex -70.7107 -45.0503 -54.9497
    endloop
  endfacet
  facet normal -0.671557 -0.523931 -0.523935
    outer loop
      vertex -70.7107 -59.8995 -40.1005
      vertex -63.4393 -49.7103 -59.6098
      vertex -63.4393 -64.5596 -44.7606
    endloop
  endfacet
  facet normal 0.336892 0.665772 0.665772
    outer loop
      vertex 38.2683 55.4287 75.2276
      vertex 29.0285 72.6156 62.7162
      vertex 29.0285 57.7664 77.5654
    endloop
  endfacet
  facet normal 0.336892 0.665772 0.665772
    outer loop
      vertex 29.0285 72.6156 62.7162
      vertex 38.2683 55.4287 75.2276
      vertex 38.2683 70.2779 60.3784
    endloop
  endfacet
  facet normal 0.049069 -0.706253 -0.706257
    outer loop
      vertex 0 -65.7609 -75.6604
      vertex 9.80171 -80.2697 -60.4707
      vertex 0 -80.6102 -60.8112
    endloop
  endfacet
  facet normal 0.049069 -0.706253 -0.706257
    outer loop
      vertex 9.80171 -80.2697 -60.4707
      vertex 0 -65.7609 -75.6604
      vertex 9.80171 -65.4204 -75.3199
    endloop
  endfacet
  facet normal 0.242973 0.685919 0.685915
    outer loop
      vertex 19.509 59.4525 79.2515
      vertex 29.0285 72.6156 62.7162
      vertex 19.509 74.3017 64.4022
    endloop
  endfacet
  facet normal 0.24298 0.685916 0.685916
    outer loop
      vertex 29.0285 72.6156 62.7162
      vertex 19.509 59.4525 79.2515
      vertex 29.0285 57.7664 77.5654
    endloop
  endfacet
  facet normal 0.970031 -0.171812 -0.171813
    outer loop
      vertex 98.0785 -23.6945 -3.89547
      vertex 95.694 -15.5765 -25.476
      vertex 98.0785 -8.84522 -18.7447
    endloop
  endfacet
  facet normal 0.970031 -0.171815 -0.171814
    outer loop
      vertex 95.694 -15.5765 -25.476
      vertex 98.0785 -23.6945 -3.89547
      vertex 95.694 -30.4257 -10.6267
    endloop
  endfacet
  facet normal -0.146732 -0.699451 -0.699456
    outer loop
      vertex -19.509 -64.4022 -74.3017
      vertex -9.80171 -80.2697 -60.4707
      vertex -19.509 -79.2515 -59.4525
    endloop
  endfacet
  facet normal -0.146732 -0.699451 -0.699456
    outer loop
      vertex -9.80171 -80.2697 -60.4707
      vertex -19.509 -64.4022 -74.3017
      vertex -9.80171 -65.4204 -75.3199
    endloop
  endfacet
  facet normal 0.740956 0.47486 0.47486
    outer loop
      vertex 70.7107 40.1005 59.8995
      vertex 77.301 49.8081 39.9086
      vertex 70.7107 54.9497 45.0503
    endloop
  endfacet
  facet normal 0.740953 0.474864 0.474861
    outer loop
      vertex 77.301 49.8081 39.9086
      vertex 70.7107 40.1005 59.8995
      vertex 77.301 34.9589 54.7579
    endloop
  endfacet
  facet normal -0.998796 -0.0346941 -0.0346941
    outer loop
      vertex -99.5185 -1.98111 -11.8806
      vertex -100 -9.8995 9.8995
      vertex -100 4.94975 -4.94975
    endloop
  endfacet
  facet normal -0.998796 -0.034694 -0.0346941
    outer loop
      vertex -100 -9.8995 9.8995
      vertex -99.5185 -1.98111 -11.8806
      vertex -99.5185 -16.8304 2.96864
    endloop
  endfacet
  facet normal 0.941547 0.23821 0.238212
    outer loop
      vertex 92.388 17.1603 36.9593
      vertex 95.694 25.476 15.5765
      vertex 92.388 32.0096 22.1101
    endloop
  endfacet
  facet normal 0.941547 0.23821 0.238212
    outer loop
      vertex 95.694 25.476 15.5765
      vertex 92.388 17.1603 36.9593
      vertex 95.694 10.6267 30.4257
    endloop
  endfacet
  facet normal 0.049069 0.706257 0.706253
    outer loop
      vertex 9.80171 60.4707 80.2697
      vertex 0 75.6604 65.7609
      vertex 0 60.8112 80.6102
    endloop
  endfacet
  facet normal 0.049069 0.706257 0.706253
    outer loop
      vertex 0 75.6604 65.7609
      vertex 9.80171 60.4707 80.2697
      vertex 9.80171 75.3199 65.4204
    endloop
  endfacet
  facet normal -0.049069 0.706257 0.706253
    outer loop
      vertex 0 75.6604 65.7609
      vertex -9.80171 60.4707 80.2697
      vertex 0 60.8112 80.6102
    endloop
  endfacet
  facet normal -0.049069 0.706257 0.706253
    outer loop
      vertex -9.80171 60.4707 80.2697
      vertex 0 75.6604 65.7609
      vertex -9.80171 75.3199 65.4204
    endloop
  endfacet
  facet normal 0.514103 -0.606504 -0.606508
    outer loop
      vertex 47.1397 -72.2607 -52.4618
      vertex 55.557 -53.844 -63.7435
      vertex 55.557 -68.6933 -48.8943
    endloop
  endfacet
  facet normal 0.514108 -0.606503 -0.606503
    outer loop
      vertex 55.557 -53.844 -63.7435
      vertex 47.1397 -72.2607 -52.4618
      vertex 47.1397 -57.4115 -67.311
    endloop
  endfacet
  facet normal -0.970031 -0.171812 -0.171813
    outer loop
      vertex -95.694 -15.5765 -25.476
      vertex -98.0785 -23.6945 -3.89547
      vertex -98.0785 -8.84522 -18.7447
    endloop
  endfacet
  facet normal -0.970031 -0.171815 -0.171814
    outer loop
      vertex -98.0785 -23.6945 -3.89547
      vertex -95.694 -15.5765 -25.476
      vertex -95.694 -30.4257 -10.6267
    endloop
  endfacet
  facet normal -0.336892 0.665772 0.665772
    outer loop
      vertex -29.0285 72.6156 62.7162
      vertex -38.2683 55.4287 75.2276
      vertex -29.0285 57.7664 77.5654
    endloop
  endfacet
  facet normal -0.336892 0.665772 0.665772
    outer loop
      vertex -38.2683 55.4287 75.2276
      vertex -29.0285 72.6156 62.7162
      vertex -38.2683 70.2779 60.3784
    endloop
  endfacet
  facet normal -0.941547 -0.238212 -0.23821
    outer loop
      vertex -92.388 -22.1101 -32.0096
      vertex -95.694 -30.4257 -10.6267
      vertex -95.694 -15.5765 -25.476
    endloop
  endfacet
  facet normal -0.941547 -0.238212 -0.23821
    outer loop
      vertex -95.694 -30.4257 -10.6267
      vertex -92.388 -22.1101 -32.0096
      vertex -92.388 -36.9593 -17.1603
    endloop
  endfacet
  facet normal -0.989176 0.103758 0.103758
    outer loop
      vertex -99.5185 11.8806 1.98111
      vertex -98.0785 3.89547 23.6945
      vertex -98.0785 18.7447 8.84522
    endloop
  endfacet
  facet normal -0.989176 0.103758 0.103758
    outer loop
      vertex -98.0785 3.89547 23.6945
      vertex -99.5185 11.8806 1.98111
      vertex -99.5185 -2.96864 16.8304
    endloop
  endfacet
  facet normal -0.514108 0.606503 0.606503
    outer loop
      vertex -55.557 63.7435 53.844
      vertex -47.1397 52.4618 72.2607
      vertex -47.1397 67.311 57.4115
    endloop
  endfacet
  facet normal -0.514103 0.606508 0.606504
    outer loop
      vertex -47.1397 52.4618 72.2607
      vertex -55.557 63.7435 53.844
      vertex -55.557 48.8943 68.6933
    endloop
  endfacet
  facet normal -0.671553 0.523937 0.523934
    outer loop
      vertex -70.7107 54.9497 45.0503
      vertex -63.4393 44.7606 64.5596
      vertex -63.4393 59.6098 49.7103
    endloop
  endfacet
  facet normal -0.671557 0.523933 0.523933
    outer loop
      vertex -63.4393 44.7606 64.5596
      vertex -70.7107 54.9497 45.0503
      vertex -70.7107 40.1005 59.8995
    endloop
  endfacet
  facet normal -0.970031 0.171812 0.171813
    outer loop
      vertex -98.0785 18.7447 8.84522
      vertex -95.694 10.6267 30.4257
      vertex -95.694 25.476 15.5765
    endloop
  endfacet
  facet normal -0.970031 0.171815 0.171814
    outer loop
      vertex -95.694 10.6267 30.4257
      vertex -98.0785 18.7447 8.84522
      vertex -98.0785 3.89547 23.6945
    endloop
  endfacet
  facet normal 0.427553 -0.639218 -0.639218
    outer loop
      vertex 38.2683 -75.2276 -55.4287
      vertex 47.1397 -57.4115 -67.311
      vertex 47.1397 -72.2607 -52.4618
    endloop
  endfacet
  facet normal 0.427553 -0.639218 -0.639218
    outer loop
      vertex 47.1397 -57.4115 -67.311
      vertex 38.2683 -75.2276 -55.4287
      vertex 38.2683 -60.3784 -70.2779
    endloop
  endfacet
  facet normal -0.336892 -0.665772 -0.665772
    outer loop
      vertex -38.2683 -60.3784 -70.2779
      vertex -29.0285 -77.5654 -57.7664
      vertex -38.2683 -75.2276 -55.4287
    endloop
  endfacet
  facet normal -0.336892 -0.665772 -0.665772
    outer loop
      vertex -29.0285 -77.5654 -57.7664
      vertex -38.2683 -60.3784 -70.2779
      vertex -29.0285 -62.7162 -72.6156
    endloop
  endfacet
  facet normal -0.242973 0.685919 0.685915
    outer loop
      vertex -29.0285 72.6156 62.7162
      vertex -19.509 59.4525 79.2515
      vertex -19.509 74.3017 64.4022
    endloop
  endfacet
  facet normal -0.24298 0.685916 0.685916
    outer loop
      vertex -19.509 59.4525 79.2515
      vertex -29.0285 72.6156 62.7162
      vertex -29.0285 57.7664 77.5654
    endloop
  endfacet
  facet normal -0.740956 0.47486 0.47486
    outer loop
      vertex -77.301 49.8081 39.9086
      vertex -70.7107 40.1005 59.8995
      vertex -70.7107 54.9497 45.0503
    endloop
  endfacet
  facet normal -0.740953 0.474864 0.474861
    outer loop
      vertex -70.7107 40.1005 59.8995
      vertex -77.301 49.8081 39.9086
      vertex -77.301 34.9589 54.7579
    endloop
  endfacet
  facet normal 0.514108 0.606503 0.606503
    outer loop
      vertex 47.1397 52.4618 72.2607
      vertex 55.557 63.7435 53.844
      vertex 47.1397 67.311 57.4115
    endloop
  endfacet
  facet normal 0.514103 0.606508 0.606504
    outer loop
      vertex 55.557 63.7435 53.844
      vertex 47.1397 52.4618 72.2607
      vertex 55.557 48.8943 68.6933
    endloop
  endfacet
  facet normal -0.595701 0.567955 0.567951
    outer loop
      vertex -63.4393 59.6098 49.7103
      vertex -55.557 48.8943 68.6933
      vertex -55.557 63.7435 53.844
    endloop
  endfacet
  facet normal -0.595701 0.567955 0.567951
    outer loop
      vertex -55.557 48.8943 68.6933
      vertex -63.4393 59.6098 49.7103
      vertex -63.4393 44.7606 64.5596
    endloop
  endfacet
  facet normal 0.595701 0.567955 0.567951
    outer loop
      vertex 55.557 48.8943 68.6933
      vertex 63.4393 59.6098 49.7103
      vertex 55.557 63.7435 53.844
    endloop
  endfacet
  facet normal 0.595701 0.567955 0.567951
    outer loop
      vertex 63.4393 59.6098 49.7103
      vertex 55.557 48.8943 68.6933
      vertex 63.4393 44.7606 64.5596
    endloop
  endfacet
  facet normal 0.146732 -0.699451 -0.699456
    outer loop
      vertex 9.80171 -80.2697 -60.4707
      vertex 19.509 -64.4022 -74.3017
      vertex 19.509 -79.2515 -59.4525
    endloop
  endfacet
  facet normal 0.146732 -0.699451 -0.699456
    outer loop
      vertex 19.509 -64.4022 -74.3017
      vertex 9.80171 -80.2697 -60.4707
      vertex 9.80171 -65.4204 -75.3199
    endloop
  endfacet
  facet normal 0.941547 -0.238212 -0.23821
    outer loop
      vertex 95.694 -30.4257 -10.6267
      vertex 92.388 -22.1101 -32.0096
      vertex 95.694 -15.5765 -25.476
    endloop
  endfacet
  facet normal 0.941547 -0.238212 -0.23821
    outer loop
      vertex 92.388 -22.1101 -32.0096
      vertex 95.694 -30.4257 -10.6267
      vertex 92.388 -36.9593 -17.1603
    endloop
  endfacet
  facet normal 0.740956 -0.474858 -0.474861
    outer loop
      vertex 77.301 -54.7579 -34.9589
      vertex 70.7107 -45.0503 -54.9497
      vertex 77.301 -39.9086 -49.8081
    endloop
  endfacet
  facet normal 0.740953 -0.474862 -0.474862
    outer loop
      vertex 70.7107 -45.0503 -54.9497
      vertex 77.301 -54.7579 -34.9589
      vertex 70.7107 -59.8995 -40.1005
    endloop
  endfacet
  facet normal 0.803202 -0.421228 -0.421228
    outer loop
      vertex 83.147 -49.1842 -29.3853
      vertex 77.301 -39.9086 -49.8081
      vertex 83.147 -34.335 -44.2345
    endloop
  endfacet
  facet normal 0.803204 -0.421225 -0.421227
    outer loop
      vertex 77.301 -39.9086 -49.8081
      vertex 83.147 -49.1842 -29.3853
      vertex 77.301 -54.7579 -34.9589
    endloop
  endfacet
  facet normal -0.427553 0.639218 0.639218
    outer loop
      vertex -47.1397 67.311 57.4115
      vertex -38.2683 55.4287 75.2276
      vertex -38.2683 70.2779 60.3784
    endloop
  endfacet
  facet normal -0.427553 0.639218 0.639218
    outer loop
      vertex -38.2683 55.4287 75.2276
      vertex -47.1397 67.311 57.4115
      vertex -47.1397 52.4618 72.2607
    endloop
  endfacet
  facet normal 0.903984 0.302336 0.302333
    outer loop
      vertex 88.1921 23.4333 43.2323
      vertex 92.388 32.0096 22.1101
      vertex 88.1921 38.2825 28.383
    endloop
  endfacet
  facet normal 0.903987 0.30233 0.302332
    outer loop
      vertex 92.388 32.0096 22.1101
      vertex 88.1921 23.4333 43.2323
      vertex 92.388 17.1603 36.9593
    endloop
  endfacet
  facet normal -0.857733 -0.363519 -0.363522
    outer loop
      vertex -83.147 -34.335 -44.2345
      vertex -88.1921 -43.2323 -23.4333
      vertex -88.1921 -28.383 -38.2825
    endloop
  endfacet
  facet normal -0.857731 -0.363523 -0.363523
    outer loop
      vertex -88.1921 -43.2323 -23.4333
      vertex -83.147 -34.335 -44.2345
      vertex -83.147 -49.1842 -29.3853
    endloop
  endfacet
  facet normal -0.24298 -0.685916 -0.685916
    outer loop
      vertex -29.0285 -62.7162 -72.6156
      vertex -19.509 -79.2515 -59.4525
      vertex -29.0285 -77.5654 -57.7664
    endloop
  endfacet
  facet normal -0.242973 -0.685915 -0.685919
    outer loop
      vertex -19.509 -79.2515 -59.4525
      vertex -29.0285 -62.7162 -72.6156
      vertex -19.509 -64.4022 -74.3017
    endloop
  endfacet
  facet normal 0.989176 -0.103758 -0.103758
    outer loop
      vertex 99.5185 -16.8304 2.96864
      vertex 98.0785 -8.84522 -18.7447
      vertex 99.5185 -1.98111 -11.8806
    endloop
  endfacet
  facet normal 0.989176 -0.103758 -0.103758
    outer loop
      vertex 98.0785 -8.84522 -18.7447
      vertex 99.5185 -16.8304 2.96864
      vertex 98.0785 -23.6945 -3.89547
    endloop
  endfacet
  facet normal -0.803202 -0.421228 -0.421228
    outer loop
      vertex -77.301 -39.9086 -49.8081
      vertex -83.147 -49.1842 -29.3853
      vertex -83.147 -34.335 -44.2345
    endloop
  endfacet
  facet normal -0.803204 -0.421225 -0.421227
    outer loop
      vertex -83.147 -49.1842 -29.3853
      vertex -77.301 -39.9086 -49.8081
      vertex -77.301 -54.7579 -34.9589
    endloop
  endfacet
  facet normal 0.803202 0.42123 0.421227
    outer loop
      vertex 77.301 34.9589 54.7579
      vertex 83.147 44.2345 34.335
      vertex 77.301 49.8081 39.9086
    endloop
  endfacet
  facet normal 0.803204 0.421226 0.421226
    outer loop
      vertex 83.147 44.2345 34.335
      vertex 77.301 34.9589 54.7579
      vertex 83.147 29.3853 49.1842
    endloop
  endfacet
  facet normal -0.903984 -0.302336 -0.302333
    outer loop
      vertex -88.1921 -28.383 -38.2825
      vertex -92.388 -36.9593 -17.1603
      vertex -92.388 -22.1101 -32.0096
    endloop
  endfacet
  facet normal -0.903987 -0.30233 -0.302332
    outer loop
      vertex -92.388 -36.9593 -17.1603
      vertex -88.1921 -28.383 -38.2825
      vertex -88.1921 -43.2323 -23.4333
    endloop
  endfacet
  facet normal 0.146732 0.699456 0.699451
    outer loop
      vertex 9.80171 60.4707 80.2697
      vertex 19.509 74.3017 64.4022
      vertex 9.80171 75.3199 65.4204
    endloop
  endfacet
  facet normal 0.146732 0.699456 0.699451
    outer loop
      vertex 19.509 74.3017 64.4022
      vertex 9.80171 60.4707 80.2697
      vertex 19.509 59.4525 79.2515
    endloop
  endfacet
  facet normal -0.427553 -0.639218 -0.639218
    outer loop
      vertex -47.1397 -57.4115 -67.311
      vertex -38.2683 -75.2276 -55.4287
      vertex -47.1397 -72.2607 -52.4618
    endloop
  endfacet
  facet normal -0.427553 -0.639218 -0.639218
    outer loop
      vertex -38.2683 -75.2276 -55.4287
      vertex -47.1397 -57.4115 -67.311
      vertex -38.2683 -60.3784 -70.2779
    endloop
  endfacet
  facet normal 0.595701 -0.567951 -0.567955
    outer loop
      vertex 63.4393 -64.5596 -44.7606
      vertex 55.557 -53.844 -63.7435
      vertex 63.4393 -49.7103 -59.6098
    endloop
  endfacet
  facet normal 0.595701 -0.567951 -0.567955
    outer loop
      vertex 55.557 -53.844 -63.7435
      vertex 63.4393 -64.5596 -44.7606
      vertex 55.557 -68.6933 -48.8943
    endloop
  endfacet
  facet normal 0.998796 -0.0346941 -0.0346941
    outer loop
      vertex 100 -9.8995 9.8995
      vertex 99.5185 -1.98111 -11.8806
      vertex 100 4.94975 -4.94975
    endloop
  endfacet
  facet normal 0.998796 -0.034694 -0.0346941
    outer loop
      vertex 99.5185 -1.98111 -11.8806
      vertex 100 -9.8995 9.8995
      vertex 99.5185 -16.8304 2.96864
    endloop
  endfacet
  facet normal -0.146732 0.699456 0.699451
    outer loop
      vertex -19.509 74.3017 64.4022
      vertex -9.80171 60.4707 80.2697
      vertex -9.80171 75.3199 65.4204
    endloop
  endfacet
  facet normal -0.146732 0.699456 0.699451
    outer loop
      vertex -9.80171 60.4707 80.2697
      vertex -19.509 74.3017 64.4022
      vertex -19.509 59.4525 79.2515
    endloop
  endfacet
  facet normal -0.989176 -0.103758 -0.103758
    outer loop
      vertex -98.0785 -8.84522 -18.7447
      vertex -99.5185 -16.8304 2.96864
      vertex -99.5185 -1.98111 -11.8806
    endloop
  endfacet
  facet normal -0.989176 -0.103758 -0.103758
    outer loop
      vertex -99.5185 -16.8304 2.96864
      vertex -98.0785 -8.84522 -18.7447
      vertex -98.0785 -23.6945 -3.89547
    endloop
  endfacet
  facet normal 0.336892 -0.665772 -0.665772
    outer loop
      vertex 29.0285 -77.5654 -57.7664
      vertex 38.2683 -60.3784 -70.2779
      vertex 38.2683 -75.2276 -55.4287
    endloop
  endfacet
  facet normal 0.336892 -0.665772 -0.665772
    outer loop
      vertex 38.2683 -60.3784 -70.2779
      vertex 29.0285 -77.5654 -57.7664
      vertex 29.0285 -62.7162 -72.6156
    endloop
  endfacet
  facet normal 0.24298 -0.685916 -0.685916
    outer loop
      vertex 19.509 -79.2515 -59.4525
      vertex 29.0285 -62.7162 -72.6156
      vertex 29.0285 -77.5654 -57.7664
    endloop
  endfacet
  facet normal 0.242973 -0.685915 -0.685919
    outer loop
      vertex 29.0285 -62.7162 -72.6156
      vertex 19.509 -79.2515 -59.4525
      vertex 19.509 -64.4022 -74.3017
    endloop
  endfacet
  facet normal -0.740956 -0.474858 -0.474861
    outer loop
      vertex -70.7107 -45.0503 -54.9497
      vertex -77.301 -54.7579 -34.9589
      vertex -77.301 -39.9086 -49.8081
    endloop
  endfacet
  facet normal -0.740953 -0.474862 -0.474862
    outer loop
      vertex -77.301 -54.7579 -34.9589
      vertex -70.7107 -45.0503 -54.9497
      vertex -70.7107 -59.8995 -40.1005
    endloop
  endfacet
  facet normal -0.903984 0.302336 0.302333
    outer loop
      vertex -92.388 32.0096 22.1101
      vertex -88.1921 23.4333 43.2323
      vertex -88.1921 38.2825 28.383
    endloop
  endfacet
  facet normal -0.903987 0.30233 0.302332
    outer loop
      vertex -88.1921 23.4333 43.2323
      vertex -92.388 32.0096 22.1101
      vertex -92.388 17.1603 36.9593
    endloop
  endfacet
  facet normal -0.595701 -0.567951 -0.567955
    outer loop
      vertex -55.557 -53.844 -63.7435
      vertex -63.4393 -64.5596 -44.7606
      vertex -63.4393 -49.7103 -59.6098
    endloop
  endfacet
  facet normal -0.595701 -0.567951 -0.567955
    outer loop
      vertex -63.4393 -64.5596 -44.7606
      vertex -55.557 -53.844 -63.7435
      vertex -55.557 -68.6933 -48.8943
    endloop
  endfacet
  facet normal 0.903984 -0.302336 -0.302333
    outer loop
      vertex 92.388 -36.9593 -17.1603
      vertex 88.1921 -28.383 -38.2825
      vertex 92.388 -22.1101 -32.0096
    endloop
  endfacet
  facet normal 0.903987 -0.30233 -0.302332
    outer loop
      vertex 88.1921 -28.383 -38.2825
      vertex 92.388 -36.9593 -17.1603
      vertex 88.1921 -43.2323 -23.4333
    endloop
  endfacet
  facet normal 0.857733 -0.363519 -0.363522
    outer loop
      vertex 88.1921 -43.2323 -23.4333
      vertex 83.147 -34.335 -44.2345
      vertex 88.1921 -28.383 -38.2825
    endloop
  endfacet
  facet normal 0.857731 -0.363523 -0.363523
    outer loop
      vertex 83.147 -34.335 -44.2345
      vertex 88.1921 -43.2323 -23.4333
      vertex 83.147 -49.1842 -29.3853
    endloop
  endfacet
  facet normal -0.049069 -0.706253 -0.706257
    outer loop
      vertex -9.80171 -80.2697 -60.4707
      vertex 0 -65.7609 -75.6604
      vertex 0 -80.6102 -60.8112
    endloop
  endfacet
  facet normal -0.049069 -0.706253 -0.706257
    outer loop
      vertex 0 -65.7609 -75.6604
      vertex -9.80171 -80.2697 -60.4707
      vertex -9.80171 -65.4204 -75.3199
    endloop
  endfacet
  facet normal -1.97602e-08 0.707107 -0.707107
    outer loop
      vertex -84.6644 -37.6563 -26.3426
      vertex -26.4812 -9.3815 1.93221
      vertex -30 -33.9411 -22.6274
    endloop
  endfacet
  facet normal 9.17181e-08 0.707107 -0.707107
    outer loop
      vertex -26.4812 -9.3815 1.93221
      vertex -84.6644 -37.6563 -26.3426
      vertex -88.6924 -31.6343 -20.3206
    endloop
  endfacet
  facet normal -7.60472e-17 0.707107 -0.707107
    outer loop
      vertex -30 -33.9411 -22.6274
      vertex -79.8211 -43.3702 -32.0565
      vertex -84.6644 -37.6563 -26.3426
    endloop
  endfacet
  facet normal 0 0.707107 -0.707107
    outer loop
      vertex -30 -33.9411 -22.6274
      vertex -74.209 -48.7209 -37.4072
      vertex -79.8211 -43.3702 -32.0565
    endloop
  endfacet
  facet normal 3.35263e-06 0.707102 -0.707112
    outer loop
      vertex -30 -33.9411 -22.6274
      vertex -67.8822 -53.6569 -42.3431
      vertex -74.209 -48.7209 -37.4072
    endloop
  endfacet
  facet normal -5.56976e-06 0.70711 -0.707103
    outer loop
      vertex -30 -33.9411 -22.6274
      vertex -60.9018 -58.1305 -46.8168
      vertex -67.8822 -53.6569 -42.3431
    endloop
  endfacet
  facet normal 2.436e-16 0.707107 -0.707107
    outer loop
      vertex -53.3347 -62.0989 -50.7852
      vertex -30 -33.9411 -22.6274
      vertex -30 -58.6899 -47.3762
    endloop
  endfacet
  facet normal 6.73527e-06 0.707109 -0.707104
    outer loop
      vertex 36.7376 -68.3719 -57.0582
      vertex 30 -58.6899 -47.3762
      vertex 45.2541 -65.5237 -54.2099
    endloop
  endfacet
  facet normal -5.9693e-16 0.707107 -0.707107
    outer loop
      vertex 27.8673 -70.6161 -59.3024
      vertex 30 -58.6899 -47.3762
      vertex 36.7376 -68.3719 -57.0582
    endloop
  endfacet
  facet normal 0 0.707107 -0.707107
    outer loop
      vertex 18.7287 -72.2348 -60.9211
      vertex 30 -58.6899 -47.3762
      vertex 27.8673 -70.6161 -59.3024
    endloop
  endfacet
  facet normal 0 0.707107 -0.707107
    outer loop
      vertex -30 -33.9411 -22.6274
      vertex -53.3347 -62.0989 -50.7852
      vertex -60.9018 -58.1305 -46.8168
    endloop
  endfacet
  facet normal 5.88739e-16 0.707107 -0.707107
    outer loop
      vertex 9.40965 -73.2122 -61.8985
      vertex 30 -58.6899 -47.3762
      vertex 18.7287 -72.2348 -60.9211
    endloop
  endfacet
  facet normal 2.24314e-06 0.707099 -0.707114
    outer loop
      vertex -53.3347 -62.0989 -50.7852
      vertex -30 -58.6899 -47.3762
      vertex -45.2541 -65.5237 -54.2099
    endloop
  endfacet
  facet normal -5.75255e-16 0.707107 -0.707107
    outer loop
      vertex 0 -73.5391 -62.2254
      vertex 30 -58.6899 -47.3762
      vertex 9.40965 -73.2122 -61.8985
    endloop
  endfacet
  facet normal -6.73527e-06 0.707109 -0.707104
    outer loop
      vertex -45.2541 -65.5237 -54.2099
      vertex -30 -58.6899 -47.3762
      vertex -36.7376 -68.3719 -57.0582
    endloop
  endfacet
  facet normal 0 0.707107 -0.707107
    outer loop
      vertex -27.8673 -70.6161 -59.3024
      vertex -30 -58.6899 -47.3762
      vertex -18.7287 -72.2348 -60.9211
    endloop
  endfacet
  facet normal 5.9693e-16 0.707107 -0.707107
    outer loop
      vertex -36.7376 -68.3719 -57.0582
      vertex -30 -58.6899 -47.3762
      vertex -27.8673 -70.6161 -59.3024
    endloop
  endfacet
  facet normal 0 0.707107 -0.707107
    outer loop
      vertex 30 -58.6899 -47.3762
      vertex 0 -73.5391 -62.2254
      vertex -30 -58.6899 -47.3762
    endloop
  endfacet
  facet normal -6.97764e-16 0.707107 -0.707107
    outer loop
      vertex -30 -58.6899 -47.3762
      vertex -9.40965 -73.2122 -61.8985
      vertex -18.7287 -72.2348 -60.9211
    endloop
  endfacet
  facet normal 4.64071e-16 0.707107 -0.707107
    outer loop
      vertex -30 -58.6899 -47.3762
      vertex 0 -73.5391 -62.2254
      vertex -9.40965 -73.2122 -61.8985
    endloop
  endfacet
  facet normal -4.64071e-16 0.707107 -0.707107
    outer loop
      vertex 30 47.3762 58.6899
      vertex 0 62.2254 73.5391
      vertex 9.40965 61.8985 73.2122
    endloop
  endfacet
  facet normal 6.97764e-16 0.707107 -0.707107
    outer loop
      vertex 30 47.3762 58.6899
      vertex 9.40965 61.8985 73.2122
      vertex 18.7287 60.9211 72.2348
    endloop
  endfacet
  facet normal 0 0.707107 -0.707107
    outer loop
      vertex -30 47.3762 58.6899
      vertex 0 62.2254 73.5391
      vertex 30 47.3762 58.6899
    endloop
  endfacet
  facet normal 0 0.707107 -0.707107
    outer loop
      vertex 30 47.3762 58.6899
      vertex 18.7287 60.9211 72.2348
      vertex 27.8673 59.3024 70.6161
    endloop
  endfacet
  facet normal 5.75255e-16 0.707107 -0.707107
    outer loop
      vertex 0 62.2254 73.5391
      vertex -30 47.3762 58.6899
      vertex -9.40965 61.8985 73.2122
    endloop
  endfacet
  facet normal -5.9693e-16 0.707107 -0.707107
    outer loop
      vertex 30 47.3762 58.6899
      vertex 27.8673 59.3024 70.6161
      vertex 36.7376 57.0582 68.3719
    endloop
  endfacet
  facet normal -5.88739e-16 0.707107 -0.707107
    outer loop
      vertex -9.40965 61.8985 73.2122
      vertex -30 47.3762 58.6899
      vertex -18.7287 60.9211 72.2348
    endloop
  endfacet
  facet normal 6.73527e-06 0.707104 -0.707109
    outer loop
      vertex 30 47.3762 58.6899
      vertex 36.7376 57.0582 68.3719
      vertex 45.2541 54.2099 65.5237
    endloop
  endfacet
  facet normal 0 0.707107 -0.707107
    outer loop
      vertex -18.7287 60.9211 72.2348
      vertex -30 47.3762 58.6899
      vertex -27.8673 59.3024 70.6161
    endloop
  endfacet
  facet normal -2.24314e-06 0.707114 -0.707099
    outer loop
      vertex 30 47.3762 58.6899
      vertex 45.2541 54.2099 65.5237
      vertex 53.3347 50.7852 62.0989
    endloop
  endfacet
  facet normal 5.9693e-16 0.707107 -0.707107
    outer loop
      vertex -27.8673 59.3024 70.6161
      vertex -30 47.3762 58.6899
      vertex -36.7376 57.0582 68.3719
    endloop
  endfacet
  facet normal -6.73527e-06 0.707104 -0.707109
    outer loop
      vertex -36.7376 57.0582 68.3719
      vertex -30 47.3762 58.6899
      vertex -45.2541 54.2099 65.5237
    endloop
  endfacet
  facet normal 0 0.707107 -0.707107
    outer loop
      vertex 30 22.6274 33.9411
      vertex 53.3347 50.7852 62.0989
      vertex 60.9018 46.8168 58.1305
    endloop
  endfacet
  facet normal 5.56976e-06 0.707103 -0.70711
    outer loop
      vertex 30 22.6274 33.9411
      vertex 60.9018 46.8168 58.1305
      vertex 67.8822 42.3431 53.6569
    endloop
  endfacet
  facet normal -3.35263e-06 0.707112 -0.707102
    outer loop
      vertex 30 22.6274 33.9411
      vertex 67.8822 42.3431 53.6569
      vertex 74.209 37.4072 48.7209
    endloop
  endfacet
  facet normal 0 0.707107 -0.707107
    outer loop
      vertex 30 22.6274 33.9411
      vertex 74.209 37.4072 48.7209
      vertex 79.8211 32.0565 43.3702
    endloop
  endfacet
  facet normal 7.60472e-17 0.707107 -0.707107
    outer loop
      vertex 30 22.6274 33.9411
      vertex 79.8211 32.0565 43.3702
      vertex 84.6644 26.3426 37.6563
    endloop
  endfacet
  facet normal -2.436e-16 0.707107 -0.707107
    outer loop
      vertex 53.3347 50.7852 62.0989
      vertex 30 22.6274 33.9411
      vertex 30 47.3762 58.6899
    endloop
  endfacet
  facet normal 1.97602e-08 0.707107 -0.707107
    outer loop
      vertex 84.6644 26.3426 37.6563
      vertex 26.4812 -1.93221 9.3815
      vertex 30 22.6274 33.9411
    endloop
  endfacet
  facet normal -9.17181e-08 0.707107 -0.707107
    outer loop
      vertex 26.4812 -1.93221 9.3815
      vertex 84.6644 26.3426 37.6563
      vertex 88.6924 20.3206 31.6343
    endloop
  endfacet
  facet normal 2.24314e-06 0.707114 -0.707099
    outer loop
      vertex -45.2541 54.2099 65.5237
      vertex -30 47.3762 58.6899
      vertex -53.3347 50.7852 62.0989
    endloop
  endfacet
  facet normal 2.784e-16 0.707107 -0.707107
    outer loop
      vertex -30 22.6274 33.9411
      vertex -53.3347 50.7852 62.0989
      vertex -30 47.3762 58.6899
    endloop
  endfacet
  facet normal 0 0.707107 -0.707107
    outer loop
      vertex -53.3347 50.7852 62.0989
      vertex -30 22.6274 33.9411
      vertex -60.9018 46.8168 58.1305
    endloop
  endfacet
  facet normal -5.56976e-06 0.707103 -0.70711
    outer loop
      vertex -60.9018 46.8168 58.1305
      vertex -30 22.6274 33.9411
      vertex -67.8822 42.3431 53.6569
    endloop
  endfacet
  facet normal 3.35263e-06 0.707112 -0.707102
    outer loop
      vertex -67.8822 42.3431 53.6569
      vertex -30 22.6274 33.9411
      vertex -74.209 37.4072 48.7209
    endloop
  endfacet
  facet normal 0 0.707107 -0.707107
    outer loop
      vertex -74.209 37.4072 48.7209
      vertex -30 22.6274 33.9411
      vertex -79.8211 32.0565 43.3702
    endloop
  endfacet
  facet normal -7.60472e-17 0.707107 -0.707107
    outer loop
      vertex -79.8211 32.0565 43.3702
      vertex -30 22.6274 33.9411
      vertex -84.6644 26.3426 37.6563
    endloop
  endfacet
  facet normal -1.97602e-08 0.707107 -0.707107
    outer loop
      vertex -26.4812 -1.93221 9.3815
      vertex -84.6644 26.3426 37.6563
      vertex -30 22.6274 33.9411
    endloop
  endfacet
  facet normal 3.45038e-16 0.707107 -0.707107
    outer loop
      vertex 2.64646 13.3431 24.6568
      vertex 30 22.6274 33.9411
      vertex 5.26744 13.0682 24.3819
    endloop
  endfacet
  facet normal -9.55285e-08 0.707107 -0.707107
    outer loop
      vertex 26.87 -3.78552 7.52819
      vertex 88.6924 20.3206 31.6343
      vertex 91.8663 14.0483 25.362
    endloop
  endfacet
  facet normal -4.23185e-16 0.707107 -0.707107
    outer loop
      vertex -2.64646 13.3431 24.6568
      vertex -30 22.6274 33.9411
      vertex 0 13.435 24.7487
    endloop
  endfacet
  facet normal -3.45038e-16 0.707107 -0.707107
    outer loop
      vertex -5.26744 13.0682 24.3819
      vertex -30 22.6274 33.9411
      vertex -2.64646 13.3431 24.6568
    endloop
  endfacet
  facet normal 0 0.707107 -0.707107
    outer loop
      vertex 30 22.6274 33.9411
      vertex 0 13.435 24.7487
      vertex -30 22.6274 33.9411
    endloop
  endfacet
  facet normal 4.23185e-16 0.707107 -0.707107
    outer loop
      vertex 0 13.435 24.7487
      vertex 30 22.6274 33.9411
      vertex 2.64646 13.3431 24.6568
    endloop
  endfacet
  facet normal -5.609e-16 0.707107 -0.707107
    outer loop
      vertex 30 22.6274 33.9411
      vertex 7.83769 12.6129 23.9266
      vertex 5.26744 13.0682 24.3819
    endloop
  endfacet
  facet normal 1.81703e-05 0.707087 -0.707127
    outer loop
      vertex 30 22.6274 33.9411
      vertex 10.3325 11.9817 23.2955
      vertex 7.83769 12.6129 23.9266
    endloop
  endfacet
  facet normal -1.96204e-05 0.707122 -0.707092
    outer loop
      vertex 30 22.6274 33.9411
      vertex 12.7277 11.1807 22.4944
      vertex 10.3325 11.9817 23.2955
    endloop
  endfacet
  facet normal 0 0.707107 -0.707107
    outer loop
      vertex 30 22.6274 33.9411
      vertex 15.0004 10.2175 21.5312
      vertex 12.7277 11.1807 22.4944
    endloop
  endfacet
  facet normal 6.10061e-06 0.707103 -0.70711
    outer loop
      vertex 30 22.6274 33.9411
      vertex 17.1286 9.10137 20.4151
      vertex 15.0004 10.2175 21.5312
    endloop
  endfacet
  facet normal 3.85015e-06 0.707104 -0.707109
    outer loop
      vertex 30 22.6274 33.9411
      vertex 19.0919 7.84315 19.1569
      vertex 17.1286 9.10137 20.4151
    endloop
  endfacet
  facet normal -6.46447e-07 0.707108 -0.707106
    outer loop
      vertex 26.87 -3.78552 7.52819
      vertex 91.8663 14.0483 25.362
      vertex 94.1554 7.58632 18.9
    endloop
  endfacet
  facet normal -1.63165e-05 0.707112 -0.707102
    outer loop
      vertex 30 22.6274 33.9411
      vertex 20.8713 6.45491 17.7686
      vertex 19.0919 7.84315 19.1569
    endloop
  endfacet
  facet normal -5.55395e-06 0.707109 -0.707105
    outer loop
      vertex 30 22.6274 33.9411
      vertex 22.4497 4.95003 16.2637
      vertex 20.8713 6.45491 17.7686
    endloop
  endfacet
  facet normal 1.12964e-05 0.707105 -0.707109
    outer loop
      vertex 30 22.6274 33.9411
      vertex 23.8119 3.343 14.6567
      vertex 22.4497 4.95003 16.2637
    endloop
  endfacet
  facet normal 4.21829e-06 0.707106 -0.707107
    outer loop
      vertex 30 22.6274 33.9411
      vertex 24.9447 1.64929 12.963
      vertex 23.8119 3.343 14.6567
    endloop
  endfacet
  facet normal 8.1381e-07 0.707104 -0.707109
    outer loop
      vertex 27 -5.65685 5.65685
      vertex 94.1554 7.58632 18.9
      vertex 95.5377 0.99677 12.3105
    endloop
  endfacet
  facet normal -1.9768e-05 0.707109 -0.707105
    outer loop
      vertex 30 22.6274 33.9411
      vertex 25.8374 -0.114774 11.1989
      vertex 24.9447 1.64929 12.963
    endloop
  endfacet
  facet normal 2.75744e-05 0.707105 -0.707109
    outer loop
      vertex 30 22.6274 33.9411
      vertex 26.4812 -1.93221 9.3815
      vertex 25.8374 -0.114774 11.1989
    endloop
  endfacet
  facet normal -1.05728e-07 0.707107 -0.707107
    outer loop
      vertex 88.6924 20.3206 31.6343
      vertex 26.87 -3.78552 7.52819
      vertex 26.4812 -1.93221 9.3815
    endloop
  endfacet
  facet normal 0 0.707108 -0.707105
    outer loop
      vertex 27 -5.65685 5.65685
      vertex 95.5377 0.99677 12.3105
      vertex 96 -5.65685 5.65685
    endloop
  endfacet
  facet normal -9.42823e-07 0.707109 -0.707105
    outer loop
      vertex 94.1554 7.58632 18.9
      vertex 27 -5.65685 5.65685
      vertex 26.87 -3.78552 7.52819
    endloop
  endfacet
  facet normal 0 0.707105 -0.707108
    outer loop
      vertex 95.5377 -12.3105 -0.99677
      vertex 27 -5.65685 5.65685
      vertex 96 -5.65685 5.65685
    endloop
  endfacet
  facet normal 8.1381e-07 0.707109 -0.707104
    outer loop
      vertex 94.1554 -18.9 -7.58632
      vertex 27 -5.65685 5.65685
      vertex 95.5377 -12.3105 -0.99677
    endloop
  endfacet
  facet normal -9.42823e-07 0.707105 -0.707109
    outer loop
      vertex 27 -5.65685 5.65685
      vertex 94.1554 -18.9 -7.58632
      vertex 26.87 -7.52819 3.78552
    endloop
  endfacet
  facet normal -6.46447e-07 0.707106 -0.707108
    outer loop
      vertex 91.8663 -25.362 -14.0483
      vertex 26.87 -7.52819 3.78552
      vertex 94.1554 -18.9 -7.58632
    endloop
  endfacet
  facet normal -9.55285e-08 0.707107 -0.707107
    outer loop
      vertex 88.6924 -31.6343 -20.3206
      vertex 26.87 -7.52819 3.78552
      vertex 91.8663 -25.362 -14.0483
    endloop
  endfacet
  facet normal -1.05728e-07 0.707107 -0.707107
    outer loop
      vertex 26.87 -7.52819 3.78552
      vertex 88.6924 -31.6343 -20.3206
      vertex 26.4812 -9.3815 1.93221
    endloop
  endfacet
  facet normal -9.17181e-08 0.707107 -0.707107
    outer loop
      vertex 84.6644 -37.6563 -26.3426
      vertex 26.4812 -9.3815 1.93221
      vertex 88.6924 -31.6343 -20.3206
    endloop
  endfacet
  facet normal 1.97602e-08 0.707107 -0.707107
    outer loop
      vertex 30 -33.9411 -22.6274
      vertex 26.4812 -9.3815 1.93221
      vertex 84.6644 -37.6563 -26.3426
    endloop
  endfacet
  facet normal -1.9768e-05 0.707105 -0.707109
    outer loop
      vertex 25.8374 -11.1989 0.114774
      vertex 30 -33.9411 -22.6274
      vertex 24.9447 -12.963 -1.64929
    endloop
  endfacet
  facet normal -5.55395e-06 0.707105 -0.707109
    outer loop
      vertex 22.4497 -16.2637 -4.95003
      vertex 30 -33.9411 -22.6274
      vertex 20.8713 -17.7686 -6.45491
    endloop
  endfacet
  facet normal -1.63165e-05 0.707102 -0.707112
    outer loop
      vertex 20.8713 -17.7686 -6.45491
      vertex 30 -33.9411 -22.6274
      vertex 19.0919 -19.1569 -7.84315
    endloop
  endfacet
  facet normal 3.85015e-06 0.707109 -0.707104
    outer loop
      vertex 19.0919 -19.1569 -7.84315
      vertex 30 -33.9411 -22.6274
      vertex 17.1286 -20.4151 -9.10137
    endloop
  endfacet
  facet normal 6.10061e-06 0.70711 -0.707103
    outer loop
      vertex 17.1286 -20.4151 -9.10137
      vertex 30 -33.9411 -22.6274
      vertex 15.0004 -21.5312 -10.2175
    endloop
  endfacet
  facet normal -2.94496e-17 0.707107 -0.707107
    outer loop
      vertex 15.0004 -21.5312 -10.2175
      vertex 30 -33.9411 -22.6274
      vertex 12.7277 -22.4944 -11.1807
    endloop
  endfacet
  facet normal -1.96204e-05 0.707092 -0.707122
    outer loop
      vertex 12.7277 -22.4944 -11.1807
      vertex 30 -33.9411 -22.6274
      vertex 10.3325 -23.2955 -11.9817
    endloop
  endfacet
  facet normal 1.81703e-05 0.707127 -0.707087
    outer loop
      vertex 10.3325 -23.2955 -11.9817
      vertex 30 -33.9411 -22.6274
      vertex 7.83769 -23.9266 -12.6129
    endloop
  endfacet
  facet normal -3.85618e-16 0.707107 -0.707107
    outer loop
      vertex 7.83769 -23.9266 -12.6129
      vertex 30 -33.9411 -22.6274
      vertex 5.26744 -24.3819 -13.0682
    endloop
  endfacet
  facet normal 3.45038e-16 0.707107 -0.707107
    outer loop
      vertex 5.26744 -24.3819 -13.0682
      vertex 30 -33.9411 -22.6274
      vertex 2.64646 -24.6568 -13.3431
    endloop
  endfacet
  facet normal 1.12964e-05 0.707109 -0.707105
    outer loop
      vertex 23.8119 -14.6567 -3.343
      vertex 30 -33.9411 -22.6274
      vertex 22.4497 -16.2637 -4.95003
    endloop
  endfacet
  facet normal 3.85618e-16 0.707107 -0.707107
    outer loop
      vertex -7.83769 12.6129 23.9266
      vertex -30 22.6274 33.9411
      vertex -5.26744 13.0682 24.3819
    endloop
  endfacet
  facet normal -1.81703e-05 0.707087 -0.707127
    outer loop
      vertex -10.3325 11.9817 23.2955
      vertex -30 22.6274 33.9411
      vertex -7.83769 12.6129 23.9266
    endloop
  endfacet
  facet normal 1.96204e-05 0.707122 -0.707092
    outer loop
      vertex -12.7277 11.1807 22.4944
      vertex -30 22.6274 33.9411
      vertex -10.3325 11.9817 23.2955
    endloop
  endfacet
  facet normal 2.94496e-17 0.707107 -0.707107
    outer loop
      vertex -15.0004 10.2175 21.5312
      vertex -30 22.6274 33.9411
      vertex -12.7277 11.1807 22.4944
    endloop
  endfacet
  facet normal -6.10061e-06 0.707103 -0.70711
    outer loop
      vertex -17.1286 9.10137 20.4151
      vertex -30 22.6274 33.9411
      vertex -15.0004 10.2175 21.5312
    endloop
  endfacet
  facet normal -3.85015e-06 0.707104 -0.707109
    outer loop
      vertex -19.0919 7.84315 19.1569
      vertex -30 22.6274 33.9411
      vertex -17.1286 9.10137 20.4151
    endloop
  endfacet
  facet normal 1.63165e-05 0.707112 -0.707102
    outer loop
      vertex -20.8713 6.45491 17.7686
      vertex -30 22.6274 33.9411
      vertex -19.0919 7.84315 19.1569
    endloop
  endfacet
  facet normal 5.55395e-06 0.707109 -0.707105
    outer loop
      vertex -22.4497 4.95003 16.2637
      vertex -30 22.6274 33.9411
      vertex -20.8713 6.45491 17.7686
    endloop
  endfacet
  facet normal -1.12964e-05 0.707105 -0.707109
    outer loop
      vertex -23.8119 3.343 14.6567
      vertex -30 22.6274 33.9411
      vertex -22.4497 4.95003 16.2637
    endloop
  endfacet
  facet normal -4.21829e-06 0.707106 -0.707107
    outer loop
      vertex -24.9447 1.64929 12.963
      vertex -30 22.6274 33.9411
      vertex -23.8119 3.343 14.6567
    endloop
  endfacet
  facet normal 1.9768e-05 0.707109 -0.707105
    outer loop
      vertex -25.8374 -0.114774 11.1989
      vertex -30 22.6274 33.9411
      vertex -24.9447 1.64929 12.963
    endloop
  endfacet
  facet normal -2.75744e-05 0.707105 -0.707109
    outer loop
      vertex -26.4812 -1.93221 9.3815
      vertex -30 22.6274 33.9411
      vertex -25.8374 -0.114774 11.1989
    endloop
  endfacet
  facet normal 9.17181e-08 0.707107 -0.707107
    outer loop
      vertex -84.6644 26.3426 37.6563
      vertex -26.4812 -1.93221 9.3815
      vertex -88.6924 20.3206 31.6343
    endloop
  endfacet
  facet normal 1.05728e-07 0.707107 -0.707107
    outer loop
      vertex -26.87 -3.78552 7.52819
      vertex -88.6924 20.3206 31.6343
      vertex -26.4812 -1.93221 9.3815
    endloop
  endfacet
  facet normal 9.55285e-08 0.707107 -0.707107
    outer loop
      vertex -88.6924 20.3206 31.6343
      vertex -26.87 -3.78552 7.52819
      vertex -91.8663 14.0483 25.362
    endloop
  endfacet
  facet normal 6.46447e-07 0.707108 -0.707106
    outer loop
      vertex -91.8663 14.0483 25.362
      vertex -26.87 -3.78552 7.52819
      vertex -94.1554 7.58632 18.9
    endloop
  endfacet
  facet normal 9.42823e-07 0.707109 -0.707105
    outer loop
      vertex -27 -5.65685 5.65685
      vertex -94.1554 7.58632 18.9
      vertex -26.87 -3.78552 7.52819
    endloop
  endfacet
  facet normal -8.1381e-07 0.707104 -0.707109
    outer loop
      vertex -94.1554 7.58632 18.9
      vertex -27 -5.65685 5.65685
      vertex -95.5377 0.99677 12.3105
    endloop
  endfacet
  facet normal 0 0.707108 -0.707105
    outer loop
      vertex -27 -5.65685 5.65685
      vertex -96 -5.65685 5.65685
      vertex -95.5377 0.99677 12.3105
    endloop
  endfacet
  facet normal 9.42823e-07 0.707105 -0.707109
    outer loop
      vertex -94.1554 -18.9 -7.58632
      vertex -27 -5.65685 5.65685
      vertex -26.87 -7.52819 3.78552
    endloop
  endfacet
  facet normal 1.05728e-07 0.707107 -0.707107
    outer loop
      vertex -88.6924 -31.6343 -20.3206
      vertex -26.87 -7.52819 3.78552
      vertex -26.4812 -9.3815 1.93221
    endloop
  endfacet
  facet normal -2.75744e-05 0.707109 -0.707105
    outer loop
      vertex -30 -33.9411 -22.6274
      vertex -26.4812 -9.3815 1.93221
      vertex -25.8374 -11.1989 0.114774
    endloop
  endfacet
  facet normal 0 0.707105 -0.707108
    outer loop
      vertex -27 -5.65685 5.65685
      vertex -95.5377 -12.3105 -0.99677
      vertex -96 -5.65685 5.65685
    endloop
  endfacet
  facet normal 1.9768e-05 0.707105 -0.707109
    outer loop
      vertex -30 -33.9411 -22.6274
      vertex -25.8374 -11.1989 0.114774
      vertex -24.9447 -12.963 -1.64929
    endloop
  endfacet
  facet normal -4.21829e-06 0.707107 -0.707106
    outer loop
      vertex -30 -33.9411 -22.6274
      vertex -24.9447 -12.963 -1.64929
      vertex -23.8119 -14.6567 -3.343
    endloop
  endfacet
  facet normal -1.12964e-05 0.707109 -0.707105
    outer loop
      vertex -30 -33.9411 -22.6274
      vertex -23.8119 -14.6567 -3.343
      vertex -22.4497 -16.2637 -4.95003
    endloop
  endfacet
  facet normal 5.55395e-06 0.707105 -0.707109
    outer loop
      vertex -30 -33.9411 -22.6274
      vertex -22.4497 -16.2637 -4.95003
      vertex -20.8713 -17.7686 -6.45491
    endloop
  endfacet
  facet normal -8.1381e-07 0.707109 -0.707104
    outer loop
      vertex -27 -5.65685 5.65685
      vertex -94.1554 -18.9 -7.58632
      vertex -95.5377 -12.3105 -0.99677
    endloop
  endfacet
  facet normal 1.63165e-05 0.707102 -0.707112
    outer loop
      vertex -30 -33.9411 -22.6274
      vertex -20.8713 -17.7686 -6.45491
      vertex -19.0919 -19.1569 -7.84315
    endloop
  endfacet
  facet normal -3.85015e-06 0.707109 -0.707104
    outer loop
      vertex -30 -33.9411 -22.6274
      vertex -19.0919 -19.1569 -7.84315
      vertex -17.1286 -20.4151 -9.10137
    endloop
  endfacet
  facet normal -6.10061e-06 0.70711 -0.707103
    outer loop
      vertex -30 -33.9411 -22.6274
      vertex -17.1286 -20.4151 -9.10137
      vertex -15.0004 -21.5312 -10.2175
    endloop
  endfacet
  facet normal 0 0.707107 -0.707107
    outer loop
      vertex -30 -33.9411 -22.6274
      vertex -15.0004 -21.5312 -10.2175
      vertex -12.7277 -22.4944 -11.1807
    endloop
  endfacet
  facet normal 1.96204e-05 0.707092 -0.707122
    outer loop
      vertex -30 -33.9411 -22.6274
      vertex -12.7277 -22.4944 -11.1807
      vertex -10.3325 -23.2955 -11.9817
    endloop
  endfacet
  facet normal -1.81703e-05 0.707127 -0.707087
    outer loop
      vertex -30 -33.9411 -22.6274
      vertex -10.3325 -23.2955 -11.9817
      vertex -7.83769 -23.9266 -12.6129
    endloop
  endfacet
  facet normal 5.609e-16 0.707107 -0.707107
    outer loop
      vertex -30 -33.9411 -22.6274
      vertex -7.83769 -23.9266 -12.6129
      vertex -5.26744 -24.3819 -13.0682
    endloop
  endfacet
  facet normal -4.23185e-16 0.707107 -0.707107
    outer loop
      vertex 0 -24.7487 -13.435
      vertex -30 -33.9411 -22.6274
      vertex -2.64646 -24.6568 -13.3431
    endloop
  endfacet
  facet normal 6.46447e-07 0.707106 -0.707108
    outer loop
      vertex -26.87 -7.52819 3.78552
      vertex -91.8663 -25.362 -14.0483
      vertex -94.1554 -18.9 -7.58632
    endloop
  endfacet
  facet normal 0 0.707107 -0.707107
    outer loop
      vertex -30 -33.9411 -22.6274
      vertex 0 -24.7487 -13.435
      vertex 30 -33.9411 -22.6274
    endloop
  endfacet
  facet normal 4.23185e-16 0.707107 -0.707107
    outer loop
      vertex 2.64646 -24.6568 -13.3431
      vertex 30 -33.9411 -22.6274
      vertex 0 -24.7487 -13.435
    endloop
  endfacet
  facet normal 4.21829e-06 0.707107 -0.707106
    outer loop
      vertex 24.9447 -12.963 -1.64929
      vertex 30 -33.9411 -22.6274
      vertex 23.8119 -14.6567 -3.343
    endloop
  endfacet
  facet normal -3.45038e-16 0.707107 -0.707107
    outer loop
      vertex -2.64646 -24.6568 -13.3431
      vertex -30 -33.9411 -22.6274
      vertex -5.26744 -24.3819 -13.0682
    endloop
  endfacet
  facet normal 9.55285e-08 0.707107 -0.707107
    outer loop
      vertex -26.87 -7.52819 3.78552
      vertex -88.6924 -31.6343 -20.3206
      vertex -91.8663 -25.362 -14.0483
    endloop
  endfacet
  facet normal 2.75744e-05 0.707109 -0.707105
    outer loop
      vertex 26.4812 -9.3815 1.93221
      vertex 30 -33.9411 -22.6274
      vertex 25.8374 -11.1989 0.114774
    endloop
  endfacet
  facet normal 7.60472e-17 0.707107 -0.707107
    outer loop
      vertex 79.8211 -43.3702 -32.0565
      vertex 30 -33.9411 -22.6274
      vertex 84.6644 -37.6563 -26.3426
    endloop
  endfacet
  facet normal 0 0.707107 -0.707107
    outer loop
      vertex 74.209 -48.7209 -37.4072
      vertex 30 -33.9411 -22.6274
      vertex 79.8211 -43.3702 -32.0565
    endloop
  endfacet
  facet normal -3.35263e-06 0.707102 -0.707112
    outer loop
      vertex 67.8822 -53.6569 -42.3431
      vertex 30 -33.9411 -22.6274
      vertex 74.209 -48.7209 -37.4072
    endloop
  endfacet
  facet normal 5.56976e-06 0.70711 -0.707103
    outer loop
      vertex 60.9018 -58.1305 -46.8168
      vertex 30 -33.9411 -22.6274
      vertex 67.8822 -53.6569 -42.3431
    endloop
  endfacet
  facet normal 0 0.707107 -0.707107
    outer loop
      vertex 53.3347 -62.0989 -50.7852
      vertex 30 -33.9411 -22.6274
      vertex 60.9018 -58.1305 -46.8168
    endloop
  endfacet
  facet normal -2.24314e-06 0.707099 -0.707114
    outer loop
      vertex 45.2541 -65.5237 -54.2099
      vertex 30 -58.6899 -47.3762
      vertex 53.3347 -62.0989 -50.7852
    endloop
  endfacet
  facet normal -2.784e-16 0.707107 -0.707107
    outer loop
      vertex 30 -33.9411 -22.6274
      vertex 53.3347 -62.0989 -50.7852
      vertex 30 -58.6899 -47.3762
    endloop
  endfacet
  facet normal -0.998796 0.0346942 0.0346941
    outer loop
      vertex -100 4.94975 -4.94975
      vertex -99.5185 -2.96864 16.8304
      vertex -99.5185 11.8806 1.98111
    endloop
  endfacet
  facet normal -0.998796 0.034694 0.034694
    outer loop
      vertex -99.5185 -2.96864 16.8304
      vertex -100 4.94975 -4.94975
      vertex -100 -9.8995 9.8995
    endloop
  endfacet
  facet normal 0.671553 -0.523935 -0.523935
    outer loop
      vertex 70.7107 -59.8995 -40.1005
      vertex 63.4393 -49.7103 -59.6098
      vertex 70.7107 -45.0503 -54.9497
    endloop
  endfacet
  facet normal 0.671557 -0.523931 -0.523935
    outer loop
      vertex 63.4393 -49.7103 -59.6098
      vertex 70.7107 -59.8995 -40.1005
      vertex 63.4393 -64.5596 -44.7606
    endloop
  endfacet
  facet normal -0.989177 -0.103751 -0.103751
    outer loop
      vertex 95.5377 11.6034 1.70388
      vertex 94.1554 7.58632 18.9
      vertex 94.1554 18.1929 8.29342
    endloop
  endfacet
  facet normal -0.989177 -0.103751 -0.103751
    outer loop
      vertex 94.1554 7.58632 18.9
      vertex 95.5377 11.6034 1.70388
      vertex 95.5377 0.99677 12.3105
    endloop
  endfacet
  facet normal -0.998795 -0.0346985 -0.0346985
    outer loop
      vertex 96 4.94975 -4.94975
      vertex 95.5377 0.99677 12.3105
      vertex 95.5377 11.6034 1.70388
    endloop
  endfacet
  facet normal -0.998795 -0.0346986 -0.0346986
    outer loop
      vertex 95.5377 0.99677 12.3105
      vertex 96 4.94975 -4.94975
      vertex 96 -5.65685 5.65685
    endloop
  endfacet
  facet normal -0.970031 -0.171812 -0.171812
    outer loop
      vertex 94.1554 18.1929 8.29342
      vertex 91.8663 14.0483 25.362
      vertex 91.8663 24.6549 14.7554
    endloop
  endfacet
  facet normal -0.970031 -0.171812 -0.171812
    outer loop
      vertex 91.8663 14.0483 25.362
      vertex 94.1554 18.1929 8.29342
      vertex 94.1554 7.58632 18.9
    endloop
  endfacet
  facet normal -0.595701 0.567953 0.567953
    outer loop
      vertex 53.3347 -51.4923 -61.3918
      vertex 60.9018 -58.1305 -46.8168
      vertex 60.9018 -47.5239 -57.4234
    endloop
  endfacet
  facet normal -0.595701 0.567953 0.567953
    outer loop
      vertex 60.9018 -58.1305 -46.8168
      vertex 53.3347 -51.4923 -61.3918
      vertex 53.3347 -62.0989 -50.7852
    endloop
  endfacet
  facet normal -0.427558 0.639219 0.639213
    outer loop
      vertex 45.2541 -54.9171 -64.8166
      vertex 36.7376 -68.3719 -57.0582
      vertex 45.2541 -65.5237 -54.2099
    endloop
  endfacet
  facet normal -0.427551 0.639218 0.639218
    outer loop
      vertex 36.7376 -68.3719 -57.0582
      vertex 45.2541 -54.9171 -64.8166
      vertex 36.7376 -57.7653 -67.6648
    endloop
  endfacet
  facet normal 0.671561 0.52393 0.52393
    outer loop
      vertex -67.8822 -53.6569 -42.3431
      vertex -60.9018 -47.5239 -57.4234
      vertex -67.8822 -43.0503 -52.9497
    endloop
  endfacet
  facet normal 0.671561 0.52393 0.52393
    outer loop
      vertex -60.9018 -47.5239 -57.4234
      vertex -67.8822 -53.6569 -42.3431
      vertex -60.9018 -58.1305 -46.8168
    endloop
  endfacet
  facet normal -0.514103 -0.606503 -0.606508
    outer loop
      vertex 45.2541 64.8166 54.9171
      vertex 53.3347 50.7852 62.0989
      vertex 45.2541 54.2099 65.5237
    endloop
  endfacet
  facet normal -0.514108 -0.606503 -0.606503
    outer loop
      vertex 53.3347 50.7852 62.0989
      vertex 45.2541 64.8166 54.9171
      vertex 53.3347 61.3918 51.4923
    endloop
  endfacet
  facet normal 0.14672 0.699454 0.699454
    outer loop
      vertex -9.40965 -73.2122 -61.8985
      vertex -18.7287 -61.6282 -71.5277
      vertex -18.7287 -72.2348 -60.9211
    endloop
  endfacet
  facet normal 0.14672 0.699454 0.699454
    outer loop
      vertex -18.7287 -61.6282 -71.5277
      vertex -9.40965 -73.2122 -61.8985
      vertex -9.40965 -62.6056 -72.5051
    endloop
  endfacet
  facet normal 0.242989 -0.685914 -0.685914
    outer loop
      vertex -27.8673 59.3024 70.6161
      vertex -18.7287 71.5277 61.6282
      vertex -18.7287 60.9211 72.2348
    endloop
  endfacet
  facet normal 0.242989 -0.685914 -0.685914
    outer loop
      vertex -18.7287 71.5277 61.6282
      vertex -27.8673 59.3024 70.6161
      vertex -27.8673 69.909 60.0095
    endloop
  endfacet
  facet normal -0.740948 -0.474866 -0.474866
    outer loop
      vertex 74.209 48.0138 38.1143
      vertex 67.8822 42.3431 53.6569
      vertex 67.8822 52.9497 43.0503
    endloop
  endfacet
  facet normal -0.740948 -0.474866 -0.474866
    outer loop
      vertex 67.8822 42.3431 53.6569
      vertex 74.209 48.0138 38.1143
      vertex 74.209 37.4072 48.7209
    endloop
  endfacet
  facet normal 0.970031 0.171812 0.171812
    outer loop
      vertex -94.1554 -18.9 -7.58632
      vertex -91.8663 -14.7554 -24.6549
      vertex -94.1554 -8.29342 -18.1929
    endloop
  endfacet
  facet normal 0.970031 0.171812 0.171812
    outer loop
      vertex -91.8663 -14.7554 -24.6549
      vertex -94.1554 -18.9 -7.58632
      vertex -91.8663 -25.362 -14.0483
    endloop
  endfacet
  facet normal -0.857732 -0.363522 -0.363522
    outer loop
      vertex 84.6644 36.9492 27.0497
      vertex 79.8211 32.0565 43.3702
      vertex 79.8211 42.6631 32.7636
    endloop
  endfacet
  facet normal -0.857732 -0.363522 -0.363522
    outer loop
      vertex 79.8211 32.0565 43.3702
      vertex 84.6644 36.9492 27.0497
      vertex 84.6644 26.3426 37.6563
    endloop
  endfacet
  facet normal -0.671561 -0.52393 -0.52393
    outer loop
      vertex 67.8822 52.9497 43.0503
      vertex 60.9018 46.8168 58.1305
      vertex 60.9018 57.4234 47.5239
    endloop
  endfacet
  facet normal -0.671561 -0.52393 -0.52393
    outer loop
      vertex 60.9018 46.8168 58.1305
      vertex 67.8822 52.9497 43.0503
      vertex 67.8822 42.3431 53.6569
    endloop
  endfacet
  facet normal 0.941543 0.238219 0.238219
    outer loop
      vertex -91.8663 -25.362 -14.0483
      vertex -88.6924 -21.0277 -30.9272
      vertex -91.8663 -14.7554 -24.6549
    endloop
  endfacet
  facet normal 0.941543 0.238219 0.238219
    outer loop
      vertex -88.6924 -21.0277 -30.9272
      vertex -91.8663 -25.362 -14.0483
      vertex -88.6924 -31.6343 -20.3206
    endloop
  endfacet
  facet normal -0.336884 0.665774 0.665774
    outer loop
      vertex 36.7376 -57.7653 -67.6648
      vertex 27.8673 -70.6161 -59.3024
      vertex 36.7376 -68.3719 -57.0582
    endloop
  endfacet
  facet normal -0.336884 0.665774 0.665774
    outer loop
      vertex 27.8673 -70.6161 -59.3024
      vertex 36.7376 -57.7653 -67.6648
      vertex 27.8673 -60.0095 -69.909
    endloop
  endfacet
  facet normal -0.941543 -0.238219 -0.238219
    outer loop
      vertex 91.8663 24.6549 14.7554
      vertex 88.6924 20.3206 31.6343
      vertex 88.6924 30.9272 21.0277
    endloop
  endfacet
  facet normal -0.941543 -0.238219 -0.238219
    outer loop
      vertex 88.6924 20.3206 31.6343
      vertex 91.8663 24.6549 14.7554
      vertex 91.8663 14.0483 25.362
    endloop
  endfacet
  facet normal 0.998795 0.0346985 0.0346985
    outer loop
      vertex -96 -5.65685 5.65685
      vertex -95.5377 -1.70388 -11.6034
      vertex -96 4.94975 -4.94975
    endloop
  endfacet
  facet normal 0.998795 0.0346986 0.0346985
    outer loop
      vertex -95.5377 -1.70388 -11.6034
      vertex -96 -5.65685 5.65685
      vertex -95.5377 -12.3105 -0.99677
    endloop
  endfacet
  facet normal 0.0490719 -0.706255 -0.706255
    outer loop
      vertex -9.40965 61.8985 73.2122
      vertex 0 72.832 62.9325
      vertex 0 62.2254 73.5391
    endloop
  endfacet
  facet normal 0.0490719 -0.706255 -0.706255
    outer loop
      vertex 0 72.832 62.9325
      vertex -9.40965 61.8985 73.2122
      vertex -9.40965 72.5051 62.6056
    endloop
  endfacet
  facet normal -0.903987 0.30233 0.30233
    outer loop
      vertex 84.6644 -27.0497 -36.9492
      vertex 88.6924 -31.6343 -20.3206
      vertex 88.6924 -21.0277 -30.9272
    endloop
  endfacet
  facet normal -0.903987 0.30233 0.30233
    outer loop
      vertex 88.6924 -31.6343 -20.3206
      vertex 84.6644 -27.0497 -36.9492
      vertex 84.6644 -37.6563 -26.3426
    endloop
  endfacet
  facet normal -0.595701 -0.567953 -0.567953
    outer loop
      vertex 60.9018 57.4234 47.5239
      vertex 53.3347 50.7852 62.0989
      vertex 53.3347 61.3918 51.4923
    endloop
  endfacet
  facet normal -0.595701 -0.567953 -0.567953
    outer loop
      vertex 53.3347 50.7852 62.0989
      vertex 60.9018 57.4234 47.5239
      vertex 60.9018 46.8168 58.1305
    endloop
  endfacet
  facet normal -0.998795 0.0346985 0.0346985
    outer loop
      vertex 95.5377 -1.70388 -11.6034
      vertex 96 -5.65685 5.65685
      vertex 96 4.94975 -4.94975
    endloop
  endfacet
  facet normal -0.998795 0.0346986 0.0346985
    outer loop
      vertex 96 -5.65685 5.65685
      vertex 95.5377 -1.70388 -11.6034
      vertex 95.5377 -12.3105 -0.99677
    endloop
  endfacet
  facet normal 0.336884 0.665774 0.665774
    outer loop
      vertex -27.8673 -70.6161 -59.3024
      vertex -36.7376 -57.7653 -67.6648
      vertex -36.7376 -68.3719 -57.0582
    endloop
  endfacet
  facet normal 0.336884 0.665774 0.665774
    outer loop
      vertex -36.7376 -57.7653 -67.6648
      vertex -27.8673 -70.6161 -59.3024
      vertex -27.8673 -60.0095 -69.909
    endloop
  endfacet
  facet normal 0.0490719 0.706255 0.706255
    outer loop
      vertex 0 -73.5391 -62.2254
      vertex -9.40965 -62.6056 -72.5051
      vertex -9.40965 -73.2122 -61.8985
    endloop
  endfacet
  facet normal 0.0490719 0.706255 0.706255
    outer loop
      vertex -9.40965 -62.6056 -72.5051
      vertex 0 -73.5391 -62.2254
      vertex 0 -62.9325 -72.832
    endloop
  endfacet
  facet normal -0.0490719 0.706255 0.706255
    outer loop
      vertex 9.40965 -62.6056 -72.5051
      vertex 0 -73.5391 -62.2254
      vertex 9.40965 -73.2122 -61.8985
    endloop
  endfacet
  facet normal -0.0490719 0.706255 0.706255
    outer loop
      vertex 0 -73.5391 -62.2254
      vertex 9.40965 -62.6056 -72.5051
      vertex 0 -62.9325 -72.832
    endloop
  endfacet
  facet normal -0.803207 -0.421223 -0.421223
    outer loop
      vertex 79.8211 42.6631 32.7636
      vertex 74.209 37.4072 48.7209
      vertex 74.209 48.0138 38.1143
    endloop
  endfacet
  facet normal -0.803207 -0.421223 -0.421223
    outer loop
      vertex 74.209 37.4072 48.7209
      vertex 79.8211 42.6631 32.7636
      vertex 79.8211 32.0565 43.3702
    endloop
  endfacet
  facet normal 0.671561 -0.52393 -0.52393
    outer loop
      vertex -60.9018 46.8168 58.1305
      vertex -67.8822 52.9497 43.0503
      vertex -60.9018 57.4234 47.5239
    endloop
  endfacet
  facet normal 0.671561 -0.52393 -0.52393
    outer loop
      vertex -67.8822 52.9497 43.0503
      vertex -60.9018 46.8168 58.1305
      vertex -67.8822 42.3431 53.6569
    endloop
  endfacet
  facet normal -0.14672 -0.699454 -0.699454
    outer loop
      vertex 9.40965 72.5051 62.6056
      vertex 18.7287 60.9211 72.2348
      vertex 9.40965 61.8985 73.2122
    endloop
  endfacet
  facet normal -0.14672 -0.699454 -0.699454
    outer loop
      vertex 18.7287 60.9211 72.2348
      vertex 9.40965 72.5051 62.6056
      vertex 18.7287 71.5277 61.6282
    endloop
  endfacet
  facet normal -0.14672 0.699454 0.699454
    outer loop
      vertex 18.7287 -61.6282 -71.5277
      vertex 9.40965 -73.2122 -61.8985
      vertex 18.7287 -72.2348 -60.9211
    endloop
  endfacet
  facet normal -0.14672 0.699454 0.699454
    outer loop
      vertex 9.40965 -73.2122 -61.8985
      vertex 18.7287 -61.6282 -71.5277
      vertex 9.40965 -62.6056 -72.5051
    endloop
  endfacet
  facet normal -0.427558 -0.639216 -0.639216
    outer loop
      vertex 36.7376 67.6648 57.7653
      vertex 45.2541 54.2099 65.5237
      vertex 36.7376 57.0582 68.3719
    endloop
  endfacet
  facet normal -0.427551 -0.639215 -0.639221
    outer loop
      vertex 45.2541 54.2099 65.5237
      vertex 36.7376 67.6648 57.7653
      vertex 45.2541 64.8166 54.9171
    endloop
  endfacet
  facet normal -0.941543 0.238219 0.238219
    outer loop
      vertex 88.6924 -21.0277 -30.9272
      vertex 91.8663 -25.362 -14.0483
      vertex 91.8663 -14.7554 -24.6549
    endloop
  endfacet
  facet normal -0.941543 0.238219 0.238219
    outer loop
      vertex 91.8663 -25.362 -14.0483
      vertex 88.6924 -21.0277 -30.9272
      vertex 88.6924 -31.6343 -20.3206
    endloop
  endfacet
  facet normal -0.740948 0.474866 0.474866
    outer loop
      vertex 67.8822 -43.0503 -52.9497
      vertex 74.209 -48.7209 -37.4072
      vertex 74.209 -38.1143 -48.0138
    endloop
  endfacet
  facet normal -0.740948 0.474866 0.474866
    outer loop
      vertex 74.209 -48.7209 -37.4072
      vertex 67.8822 -43.0503 -52.9497
      vertex 67.8822 -53.6569 -42.3431
    endloop
  endfacet
  facet normal 0.740948 -0.474866 -0.474866
    outer loop
      vertex -67.8822 42.3431 53.6569
      vertex -74.209 48.0138 38.1143
      vertex -67.8822 52.9497 43.0503
    endloop
  endfacet
  facet normal 0.740948 -0.474866 -0.474866
    outer loop
      vertex -74.209 48.0138 38.1143
      vertex -67.8822 42.3431 53.6569
      vertex -74.209 37.4072 48.7209
    endloop
  endfacet
  facet normal 0.857732 -0.363522 -0.363522
    outer loop
      vertex -79.8211 32.0565 43.3702
      vertex -84.6644 36.9492 27.0497
      vertex -79.8211 42.6631 32.7636
    endloop
  endfacet
  facet normal 0.857732 -0.363522 -0.363522
    outer loop
      vertex -84.6644 36.9492 27.0497
      vertex -79.8211 32.0565 43.3702
      vertex -84.6644 26.3426 37.6563
    endloop
  endfacet
  facet normal -0.903987 -0.30233 -0.30233
    outer loop
      vertex 88.6924 30.9272 21.0277
      vertex 84.6644 26.3426 37.6563
      vertex 84.6644 36.9492 27.0497
    endloop
  endfacet
  facet normal -0.903987 -0.30233 -0.30233
    outer loop
      vertex 84.6644 26.3426 37.6563
      vertex 88.6924 30.9272 21.0277
      vertex 88.6924 20.3206 31.6343
    endloop
  endfacet
  facet normal 0.514103 -0.606503 -0.606508
    outer loop
      vertex -53.3347 50.7852 62.0989
      vertex -45.2541 64.8166 54.9171
      vertex -45.2541 54.2099 65.5237
    endloop
  endfacet
  facet normal 0.514108 -0.606503 -0.606503
    outer loop
      vertex -45.2541 64.8166 54.9171
      vertex -53.3347 50.7852 62.0989
      vertex -53.3347 61.3918 51.4923
    endloop
  endfacet
  facet normal -0.989177 0.103751 0.103751
    outer loop
      vertex 94.1554 -8.29342 -18.1929
      vertex 95.5377 -12.3105 -0.99677
      vertex 95.5377 -1.70388 -11.6034
    endloop
  endfacet
  facet normal -0.989177 0.103751 0.103751
    outer loop
      vertex 95.5377 -12.3105 -0.99677
      vertex 94.1554 -8.29342 -18.1929
      vertex 94.1554 -18.9 -7.58632
    endloop
  endfacet
  facet normal -0.514103 0.606506 0.606506
    outer loop
      vertex 53.3347 -51.4923 -61.3918
      vertex 45.2541 -65.5237 -54.2099
      vertex 53.3347 -62.0989 -50.7852
    endloop
  endfacet
  facet normal -0.514108 0.606506 0.6065
    outer loop
      vertex 45.2541 -65.5237 -54.2099
      vertex 53.3347 -51.4923 -61.3918
      vertex 45.2541 -54.9171 -64.8166
    endloop
  endfacet
  facet normal 0.941543 -0.238219 -0.238219
    outer loop
      vertex -88.6924 20.3206 31.6343
      vertex -91.8663 24.6549 14.7554
      vertex -88.6924 30.9272 21.0277
    endloop
  endfacet
  facet normal 0.941543 -0.238219 -0.238219
    outer loop
      vertex -91.8663 24.6549 14.7554
      vertex -88.6924 20.3206 31.6343
      vertex -91.8663 14.0483 25.362
    endloop
  endfacet
  facet normal -0.336884 -0.665774 -0.665774
    outer loop
      vertex 27.8673 59.3024 70.6161
      vertex 36.7376 67.6648 57.7653
      vertex 36.7376 57.0582 68.3719
    endloop
  endfacet
  facet normal -0.336884 -0.665774 -0.665774
    outer loop
      vertex 36.7376 67.6648 57.7653
      vertex 27.8673 59.3024 70.6161
      vertex 27.8673 69.909 60.0095
    endloop
  endfacet
  facet normal -0.242989 -0.685914 -0.685914
    outer loop
      vertex 18.7287 71.5277 61.6282
      vertex 27.8673 59.3024 70.6161
      vertex 18.7287 60.9211 72.2348
    endloop
  endfacet
  facet normal -0.242989 -0.685914 -0.685914
    outer loop
      vertex 27.8673 59.3024 70.6161
      vertex 18.7287 71.5277 61.6282
      vertex 27.8673 69.909 60.0095
    endloop
  endfacet
  facet normal 0.427558 -0.639216 -0.639216
    outer loop
      vertex -45.2541 54.2099 65.5237
      vertex -36.7376 67.6648 57.7653
      vertex -36.7376 57.0582 68.3719
    endloop
  endfacet
  facet normal 0.427551 -0.639215 -0.639221
    outer loop
      vertex -36.7376 67.6648 57.7653
      vertex -45.2541 54.2099 65.5237
      vertex -45.2541 64.8166 54.9171
    endloop
  endfacet
  facet normal 0.595701 -0.567953 -0.567953
    outer loop
      vertex -53.3347 50.7852 62.0989
      vertex -60.9018 57.4234 47.5239
      vertex -53.3347 61.3918 51.4923
    endloop
  endfacet
  facet normal 0.595701 -0.567953 -0.567953
    outer loop
      vertex -60.9018 57.4234 47.5239
      vertex -53.3347 50.7852 62.0989
      vertex -60.9018 46.8168 58.1305
    endloop
  endfacet
  facet normal -0.970031 0.171812 0.171812
    outer loop
      vertex 91.8663 -14.7554 -24.6549
      vertex 94.1554 -18.9 -7.58632
      vertex 94.1554 -8.29342 -18.1929
    endloop
  endfacet
  facet normal -0.970031 0.171812 0.171812
    outer loop
      vertex 94.1554 -18.9 -7.58632
      vertex 91.8663 -14.7554 -24.6549
      vertex 91.8663 -25.362 -14.0483
    endloop
  endfacet
  facet normal 0.14672 -0.699454 -0.699454
    outer loop
      vertex -18.7287 60.9211 72.2348
      vertex -9.40965 72.5051 62.6056
      vertex -9.40965 61.8985 73.2122
    endloop
  endfacet
  facet normal 0.14672 -0.699454 -0.699454
    outer loop
      vertex -9.40965 72.5051 62.6056
      vertex -18.7287 60.9211 72.2348
      vertex -18.7287 71.5277 61.6282
    endloop
  endfacet
  facet normal -0.242989 0.685914 0.685914
    outer loop
      vertex 27.8673 -60.0095 -69.909
      vertex 18.7287 -72.2348 -60.9211
      vertex 27.8673 -70.6161 -59.3024
    endloop
  endfacet
  facet normal -0.242989 0.685914 0.685914
    outer loop
      vertex 18.7287 -72.2348 -60.9211
      vertex 27.8673 -60.0095 -69.909
      vertex 18.7287 -61.6282 -71.5277
    endloop
  endfacet
  facet normal 0.903987 0.30233 0.30233
    outer loop
      vertex -88.6924 -31.6343 -20.3206
      vertex -84.6644 -27.0497 -36.9492
      vertex -88.6924 -21.0277 -30.9272
    endloop
  endfacet
  facet normal 0.903987 0.30233 0.30233
    outer loop
      vertex -84.6644 -27.0497 -36.9492
      vertex -88.6924 -31.6343 -20.3206
      vertex -84.6644 -37.6563 -26.3426
    endloop
  endfacet
  facet normal 0.970031 -0.171812 -0.171812
    outer loop
      vertex -91.8663 14.0483 25.362
      vertex -94.1554 18.1929 8.29342
      vertex -91.8663 24.6549 14.7554
    endloop
  endfacet
  facet normal 0.970031 -0.171812 -0.171812
    outer loop
      vertex -94.1554 18.1929 8.29342
      vertex -91.8663 14.0483 25.362
      vertex -94.1554 7.58632 18.9
    endloop
  endfacet
  facet normal 0.740948 0.474866 0.474866
    outer loop
      vertex -74.209 -48.7209 -37.4072
      vertex -67.8822 -43.0503 -52.9497
      vertex -74.209 -38.1143 -48.0138
    endloop
  endfacet
  facet normal 0.740948 0.474866 0.474866
    outer loop
      vertex -67.8822 -43.0503 -52.9497
      vertex -74.209 -48.7209 -37.4072
      vertex -67.8822 -53.6569 -42.3431
    endloop
  endfacet
  facet normal 0.336884 -0.665774 -0.665774
    outer loop
      vertex -36.7376 67.6648 57.7653
      vertex -27.8673 59.3024 70.6161
      vertex -36.7376 57.0582 68.3719
    endloop
  endfacet
  facet normal 0.336884 -0.665774 -0.665774
    outer loop
      vertex -27.8673 59.3024 70.6161
      vertex -36.7376 67.6648 57.7653
      vertex -27.8673 69.909 60.0095
    endloop
  endfacet
  facet normal 0.989177 -0.103751 -0.103751
    outer loop
      vertex -94.1554 7.58632 18.9
      vertex -95.5377 11.6034 1.70388
      vertex -94.1554 18.1929 8.29342
    endloop
  endfacet
  facet normal 0.989177 -0.103751 -0.103751
    outer loop
      vertex -95.5377 11.6034 1.70388
      vertex -94.1554 7.58632 18.9
      vertex -95.5377 0.99677 12.3105
    endloop
  endfacet
  facet normal 0.998795 -0.0346985 -0.0346985
    outer loop
      vertex -95.5377 0.99677 12.3105
      vertex -96 4.94975 -4.94975
      vertex -95.5377 11.6034 1.70388
    endloop
  endfacet
  facet normal 0.998795 -0.0346986 -0.0346986
    outer loop
      vertex -96 4.94975 -4.94975
      vertex -95.5377 0.99677 12.3105
      vertex -96 -5.65685 5.65685
    endloop
  endfacet
  facet normal 0.989177 0.103751 0.103751
    outer loop
      vertex -95.5377 -12.3105 -0.99677
      vertex -94.1554 -8.29342 -18.1929
      vertex -95.5377 -1.70388 -11.6034
    endloop
  endfacet
  facet normal 0.989177 0.103751 0.103751
    outer loop
      vertex -94.1554 -8.29342 -18.1929
      vertex -95.5377 -12.3105 -0.99677
      vertex -94.1554 -18.9 -7.58632
    endloop
  endfacet
  facet normal 0.803207 -0.421223 -0.421223
    outer loop
      vertex -74.209 37.4072 48.7209
      vertex -79.8211 42.6631 32.7636
      vertex -74.209 48.0138 38.1143
    endloop
  endfacet
  facet normal 0.803207 -0.421223 -0.421223
    outer loop
      vertex -79.8211 42.6631 32.7636
      vertex -74.209 37.4072 48.7209
      vertex -79.8211 32.0565 43.3702
    endloop
  endfacet
  facet normal 0.803207 0.421223 0.421223
    outer loop
      vertex -79.8211 -43.3702 -32.0565
      vertex -74.209 -38.1143 -48.0138
      vertex -79.8211 -32.7636 -42.6631
    endloop
  endfacet
  facet normal 0.803207 0.421223 0.421223
    outer loop
      vertex -74.209 -38.1143 -48.0138
      vertex -79.8211 -43.3702 -32.0565
      vertex -74.209 -48.7209 -37.4072
    endloop
  endfacet
  facet normal -0.0490719 -0.706255 -0.706255
    outer loop
      vertex 0 72.832 62.9325
      vertex 9.40965 61.8985 73.2122
      vertex 0 62.2254 73.5391
    endloop
  endfacet
  facet normal -0.0490719 -0.706255 -0.706255
    outer loop
      vertex 9.40965 61.8985 73.2122
      vertex 0 72.832 62.9325
      vertex 9.40965 72.5051 62.6056
    endloop
  endfacet
  facet normal -0.857732 0.363522 0.363522
    outer loop
      vertex 79.8211 -32.7636 -42.6631
      vertex 84.6644 -37.6563 -26.3426
      vertex 84.6644 -27.0497 -36.9492
    endloop
  endfacet
  facet normal -0.857732 0.363522 0.363522
    outer loop
      vertex 84.6644 -37.6563 -26.3426
      vertex 79.8211 -32.7636 -42.6631
      vertex 79.8211 -43.3702 -32.0565
    endloop
  endfacet
  facet normal 0.514103 0.606506 0.606506
    outer loop
      vertex -45.2541 -65.5237 -54.2099
      vertex -53.3347 -51.4923 -61.3918
      vertex -53.3347 -62.0989 -50.7852
    endloop
  endfacet
  facet normal 0.514108 0.606506 0.6065
    outer loop
      vertex -53.3347 -51.4923 -61.3918
      vertex -45.2541 -65.5237 -54.2099
      vertex -45.2541 -54.9171 -64.8166
    endloop
  endfacet
  facet normal 0.595701 0.567953 0.567953
    outer loop
      vertex -60.9018 -58.1305 -46.8168
      vertex -53.3347 -51.4923 -61.3918
      vertex -60.9018 -47.5239 -57.4234
    endloop
  endfacet
  facet normal 0.595701 0.567953 0.567953
    outer loop
      vertex -53.3347 -51.4923 -61.3918
      vertex -60.9018 -58.1305 -46.8168
      vertex -53.3347 -62.0989 -50.7852
    endloop
  endfacet
  facet normal 0.427558 0.639219 0.639213
    outer loop
      vertex -36.7376 -68.3719 -57.0582
      vertex -45.2541 -54.9171 -64.8166
      vertex -45.2541 -65.5237 -54.2099
    endloop
  endfacet
  facet normal 0.427551 0.639218 0.639218
    outer loop
      vertex -45.2541 -54.9171 -64.8166
      vertex -36.7376 -68.3719 -57.0582
      vertex -36.7376 -57.7653 -67.6648
    endloop
  endfacet
  facet normal -0.803207 0.421223 0.421223
    outer loop
      vertex 74.209 -38.1143 -48.0138
      vertex 79.8211 -43.3702 -32.0565
      vertex 79.8211 -32.7636 -42.6631
    endloop
  endfacet
  facet normal -0.803207 0.421223 0.421223
    outer loop
      vertex 79.8211 -43.3702 -32.0565
      vertex 74.209 -38.1143 -48.0138
      vertex 74.209 -48.7209 -37.4072
    endloop
  endfacet
  facet normal 0.242989 0.685914 0.685914
    outer loop
      vertex -18.7287 -72.2348 -60.9211
      vertex -27.8673 -60.0095 -69.909
      vertex -27.8673 -70.6161 -59.3024
    endloop
  endfacet
  facet normal 0.242989 0.685914 0.685914
    outer loop
      vertex -27.8673 -60.0095 -69.909
      vertex -18.7287 -72.2348 -60.9211
      vertex -18.7287 -61.6282 -71.5277
    endloop
  endfacet
  facet normal 0.857732 0.363522 0.363522
    outer loop
      vertex -84.6644 -37.6563 -26.3426
      vertex -79.8211 -32.7636 -42.6631
      vertex -84.6644 -27.0497 -36.9492
    endloop
  endfacet
  facet normal 0.857732 0.363522 0.363522
    outer loop
      vertex -79.8211 -32.7636 -42.6631
      vertex -84.6644 -37.6563 -26.3426
      vertex -79.8211 -43.3702 -32.0565
    endloop
  endfacet
  facet normal 0.903987 -0.30233 -0.30233
    outer loop
      vertex -84.6644 26.3426 37.6563
      vertex -88.6924 30.9272 21.0277
      vertex -84.6644 36.9492 27.0497
    endloop
  endfacet
  facet normal 0.903987 -0.30233 -0.30233
    outer loop
      vertex -88.6924 30.9272 21.0277
      vertex -84.6644 26.3426 37.6563
      vertex -88.6924 20.3206 31.6343
    endloop
  endfacet
  facet normal -0.671561 0.52393 0.52393
    outer loop
      vertex 60.9018 -47.5239 -57.4234
      vertex 67.8822 -53.6569 -42.3431
      vertex 67.8822 -43.0503 -52.9497
    endloop
  endfacet
  facet normal -0.671561 0.52393 0.52393
    outer loop
      vertex 67.8822 -53.6569 -42.3431
      vertex 60.9018 -47.5239 -57.4234
      vertex 60.9018 -58.1305 -46.8168
    endloop
  endfacet
  facet normal 1.26463e-07 -0.707106 0.707108
    outer loop
      vertex 88.1921 -43.2323 -23.4333
      vertex 26.4812 -13.6241 6.17485
      vertex 30 -38.1838 -18.3848
    endloop
  endfacet
  facet normal -4.33726e-07 -0.707107 0.707107
    outer loop
      vertex 26.4812 -13.6241 6.17485
      vertex 88.1921 -43.2323 -23.4333
      vertex 92.388 -36.9593 -17.1603
    endloop
  endfacet
  facet normal -9.60079e-07 -0.707112 0.707101
    outer loop
      vertex 30 -38.1838 -18.3848
      vertex 83.147 -49.1842 -29.3853
      vertex 88.1921 -43.2323 -23.4333
    endloop
  endfacet
  facet normal 3.25066e-06 -0.707102 0.707111
    outer loop
      vertex 30 -38.1838 -18.3848
      vertex 77.301 -54.7579 -34.9589
      vertex 83.147 -49.1842 -29.3853
    endloop
  endfacet
  facet normal 2.28098e-16 -0.707107 0.707107
    outer loop
      vertex 30 -38.1838 -18.3848
      vertex 70.7107 -59.8995 -40.1005
      vertex 77.301 -54.7579 -34.9589
    endloop
  endfacet
  facet normal 2.22419e-16 -0.707107 0.707107
    outer loop
      vertex 55.557 -68.6933 -48.8943
      vertex 30 -38.1838 -18.3848
      vertex 30 -62.9325 -43.1335
    endloop
  endfacet
  facet normal -2.31255e-16 -0.707107 0.707107
    outer loop
      vertex 30 -38.1838 -18.3848
      vertex 63.4393 -64.5596 -44.7606
      vertex 70.7107 -59.8995 -40.1005
    endloop
  endfacet
  facet normal 2.91665e-06 -0.707113 0.7071
    outer loop
      vertex -47.1397 -72.2607 -52.4618
      vertex -30 -62.9325 -43.1335
      vertex -55.557 -68.6933 -48.8943
    endloop
  endfacet
  facet normal -1.57022e-06 -0.707109 0.707104
    outer loop
      vertex -38.2683 -75.2276 -55.4287
      vertex -30 -62.9325 -43.1335
      vertex -47.1397 -72.2607 -52.4618
    endloop
  endfacet
  facet normal -7.78358e-06 -0.707107 0.707107
    outer loop
      vertex -29.0285 -77.5654 -57.7664
      vertex -30 -62.9325 -43.1335
      vertex -38.2683 -75.2276 -55.4287
    endloop
  endfacet
  facet normal 5.2922e-16 -0.707107 0.707107
    outer loop
      vertex -19.509 -79.2515 -59.4525
      vertex -30 -62.9325 -43.1335
      vertex -29.0285 -77.5654 -57.7664
    endloop
  endfacet
  facet normal -9.29e-16 -0.707107 0.707107
    outer loop
      vertex 30 -38.1838 -18.3848
      vertex 55.557 -68.6933 -48.8943
      vertex 63.4393 -64.5596 -44.7606
    endloop
  endfacet
  facet normal -5.95169e-16 -0.707107 0.707107
    outer loop
      vertex -9.80171 -80.2697 -60.4707
      vertex -30 -62.9325 -43.1335
      vertex -19.509 -79.2515 -59.4525
    endloop
  endfacet
  facet normal -2.91665e-06 -0.707113 0.7071
    outer loop
      vertex 55.557 -68.6933 -48.8943
      vertex 30 -62.9325 -43.1335
      vertex 47.1397 -72.2607 -52.4618
    endloop
  endfacet
  facet normal -5.31527e-16 -0.707107 0.707107
    outer loop
      vertex 0 -80.6102 -60.8112
      vertex -30 -62.9325 -43.1335
      vertex -9.80171 -80.2697 -60.4707
    endloop
  endfacet
  facet normal 1.57022e-06 -0.707109 0.707104
    outer loop
      vertex 47.1397 -72.2607 -52.4618
      vertex 30 -62.9325 -43.1335
      vertex 38.2683 -75.2276 -55.4287
    endloop
  endfacet
  facet normal -5.2922e-16 -0.707107 0.707107
    outer loop
      vertex 29.0285 -77.5654 -57.7664
      vertex 30 -62.9325 -43.1335
      vertex 19.509 -79.2515 -59.4525
    endloop
  endfacet
  facet normal 7.78358e-06 -0.707107 0.707107
    outer loop
      vertex 38.2683 -75.2276 -55.4287
      vertex 30 -62.9325 -43.1335
      vertex 29.0285 -77.5654 -57.7664
    endloop
  endfacet
  facet normal 0 -0.707107 0.707107
    outer loop
      vertex -30 -62.9325 -43.1335
      vertex 0 -80.6102 -60.8112
      vertex 30 -62.9325 -43.1335
    endloop
  endfacet
  facet normal 5.44155e-16 -0.707107 0.707107
    outer loop
      vertex 30 -62.9325 -43.1335
      vertex 9.80171 -80.2697 -60.4707
      vertex 19.509 -79.2515 -59.4525
    endloop
  endfacet
  facet normal 4.93011e-16 -0.707107 0.707107
    outer loop
      vertex 30 -62.9325 -43.1335
      vertex 0 -80.6102 -60.8112
      vertex 9.80171 -80.2697 -60.4707
    endloop
  endfacet
  facet normal -4.93011e-16 -0.707107 0.707107
    outer loop
      vertex -30 43.1335 62.9325
      vertex 0 60.8112 80.6102
      vertex -9.80171 60.4707 80.2697
    endloop
  endfacet
  facet normal -5.44155e-16 -0.707107 0.707107
    outer loop
      vertex -30 43.1335 62.9325
      vertex -9.80171 60.4707 80.2697
      vertex -19.509 59.4525 79.2515
    endloop
  endfacet
  facet normal 0 -0.707107 0.707107
    outer loop
      vertex 30 43.1335 62.9325
      vertex 0 60.8112 80.6102
      vertex -30 43.1335 62.9325
    endloop
  endfacet
  facet normal 5.83966e-16 -0.707107 0.707107
    outer loop
      vertex -30 43.1335 62.9325
      vertex -19.509 59.4525 79.2515
      vertex -29.0285 57.7664 77.5654
    endloop
  endfacet
  facet normal 5.31527e-16 -0.707107 0.707107
    outer loop
      vertex 0 60.8112 80.6102
      vertex 30 43.1335 62.9325
      vertex 9.80171 60.4707 80.2697
    endloop
  endfacet
  facet normal -7.78358e-06 -0.707107 0.707107
    outer loop
      vertex -30 43.1335 62.9325
      vertex -29.0285 57.7664 77.5654
      vertex -38.2683 55.4287 75.2276
    endloop
  endfacet
  facet normal 5.95169e-16 -0.707107 0.707107
    outer loop
      vertex 9.80171 60.4707 80.2697
      vertex 30 43.1335 62.9325
      vertex 19.509 59.4525 79.2515
    endloop
  endfacet
  facet normal -1.57022e-06 -0.707104 0.707109
    outer loop
      vertex -30 43.1335 62.9325
      vertex -38.2683 55.4287 75.2276
      vertex -47.1397 52.4618 72.2607
    endloop
  endfacet
  facet normal -5.2922e-16 -0.707107 0.707107
    outer loop
      vertex 19.509 59.4525 79.2515
      vertex 30 43.1335 62.9325
      vertex 29.0285 57.7664 77.5654
    endloop
  endfacet
  facet normal 2.91665e-06 -0.7071 0.707113
    outer loop
      vertex -30 43.1335 62.9325
      vertex -47.1397 52.4618 72.2607
      vertex -55.557 48.8943 68.6933
    endloop
  endfacet
  facet normal 7.78358e-06 -0.707107 0.707107
    outer loop
      vertex 29.0285 57.7664 77.5654
      vertex 30 43.1335 62.9325
      vertex 38.2683 55.4287 75.2276
    endloop
  endfacet
  facet normal 9.29e-16 -0.707107 0.707107
    outer loop
      vertex -30 18.3848 38.1838
      vertex -55.557 48.8943 68.6933
      vertex -63.4393 44.7606 64.5596
    endloop
  endfacet
  facet normal 1.57022e-06 -0.707104 0.707109
    outer loop
      vertex 38.2683 55.4287 75.2276
      vertex 30 43.1335 62.9325
      vertex 47.1397 52.4618 72.2607
    endloop
  endfacet
  facet normal -2.91665e-06 -0.7071 0.707113
    outer loop
      vertex 47.1397 52.4618 72.2607
      vertex 30 43.1335 62.9325
      vertex 55.557 48.8943 68.6933
    endloop
  endfacet
  facet normal 2.31255e-16 -0.707107 0.707107
    outer loop
      vertex -30 18.3848 38.1838
      vertex -63.4393 44.7606 64.5596
      vertex -70.7107 40.1005 59.8995
    endloop
  endfacet
  facet normal -2.28098e-16 -0.707107 0.707107
    outer loop
      vertex -30 18.3848 38.1838
      vertex -70.7107 40.1005 59.8995
      vertex -77.301 34.9589 54.7579
    endloop
  endfacet
  facet normal -3.25066e-06 -0.707111 0.707102
    outer loop
      vertex -30 18.3848 38.1838
      vertex -77.301 34.9589 54.7579
      vertex -83.147 29.3853 49.1842
    endloop
  endfacet
  facet normal 9.60079e-07 -0.707101 0.707112
    outer loop
      vertex -30 18.3848 38.1838
      vertex -83.147 29.3853 49.1842
      vertex -88.1921 23.4333 43.2323
    endloop
  endfacet
  facet normal -2.22419e-16 -0.707107 0.707107
    outer loop
      vertex -55.557 48.8943 68.6933
      vertex -30 18.3848 38.1838
      vertex -30 43.1335 62.9325
    endloop
  endfacet
  facet normal -1.26463e-07 -0.707108 0.707106
    outer loop
      vertex -88.1921 23.4333 43.2323
      vertex -26.4812 -6.17485 13.6241
      vertex -30 18.3848 38.1838
    endloop
  endfacet
  facet normal 4.33726e-07 -0.707107 0.707107
    outer loop
      vertex -26.4812 -6.17485 13.6241
      vertex -88.1921 23.4333 43.2323
      vertex -92.388 17.1603 36.9593
    endloop
  endfacet
  facet normal 2.54193e-16 -0.707107 0.707107
    outer loop
      vertex 30 18.3848 38.1838
      vertex 55.557 48.8943 68.6933
      vertex 30 43.1335 62.9325
    endloop
  endfacet
  facet normal -8.12875e-16 -0.707107 0.707107
    outer loop
      vertex 55.557 48.8943 68.6933
      vertex 30 18.3848 38.1838
      vertex 63.4393 44.7606 64.5596
    endloop
  endfacet
  facet normal -5.78137e-17 -0.707107 0.707107
    outer loop
      vertex 63.4393 44.7606 64.5596
      vertex 30 18.3848 38.1838
      vertex 70.7107 40.1005 59.8995
    endloop
  endfacet
  facet normal 2.28098e-16 -0.707107 0.707107
    outer loop
      vertex 70.7107 40.1005 59.8995
      vertex 30 18.3848 38.1838
      vertex 77.301 34.9589 54.7579
    endloop
  endfacet
  facet normal 3.25066e-06 -0.707111 0.707102
    outer loop
      vertex 77.301 34.9589 54.7579
      vertex 30 18.3848 38.1838
      vertex 83.147 29.3853 49.1842
    endloop
  endfacet
  facet normal -9.60079e-07 -0.707101 0.707112
    outer loop
      vertex 83.147 29.3853 49.1842
      vertex 30 18.3848 38.1838
      vertex 88.1921 23.4333 43.2323
    endloop
  endfacet
  facet normal 1.26463e-07 -0.707108 0.707106
    outer loop
      vertex 26.4812 -6.17485 13.6241
      vertex 88.1921 23.4333 43.2323
      vertex 30 18.3848 38.1838
    endloop
  endfacet
  facet normal 4.48812e-06 -0.707102 0.707111
    outer loop
      vertex -2.64646 9.10046 28.8994
      vertex -30 18.3848 38.1838
      vertex -5.26744 8.82554 28.6245
    endloop
  endfacet
  facet normal 3.61399e-07 -0.707107 0.707107
    outer loop
      vertex -26.87 -8.02816 11.7708
      vertex -92.388 17.1603 36.9593
      vertex -95.694 10.6267 30.4257
    endloop
  endfacet
  facet normal 1.68222e-05 -0.707134 0.70708
    outer loop
      vertex 2.64646 9.10046 28.8994
      vertex 30 18.3848 38.1838
      vertex 0 9.19239 28.9914
    endloop
  endfacet
  facet normal -4.48812e-06 -0.707102 0.707111
    outer loop
      vertex 5.26744 8.82554 28.6245
      vertex 30 18.3848 38.1838
      vertex 2.64646 9.10046 28.8994
    endloop
  endfacet
  facet normal 0 -0.707106 0.707107
    outer loop
      vertex -30 18.3848 38.1838
      vertex 0 9.19239 28.9914
      vertex 30 18.3848 38.1838
    endloop
  endfacet
  facet normal -1.68222e-05 -0.707134 0.70708
    outer loop
      vertex 0 9.19239 28.9914
      vertex -30 18.3848 38.1838
      vertex -2.64646 9.10046 28.8994
    endloop
  endfacet
  facet normal 7.9058e-06 -0.707098 0.707116
    outer loop
      vertex -30 18.3848 38.1838
      vertex -7.83769 8.3703 28.1693
      vertex -5.26744 8.82554 28.6245
    endloop
  endfacet
  facet normal 0 -0.707107 0.707107
    outer loop
      vertex -30 18.3848 38.1838
      vertex -10.3325 7.7391 27.5381
      vertex -7.83769 8.3703 28.1693
    endloop
  endfacet
  facet normal -7.29886e-06 -0.707114 0.7071
    outer loop
      vertex -30 18.3848 38.1838
      vertex -12.7277 6.93804 26.737
      vertex -10.3325 7.7391 27.5381
    endloop
  endfacet
  facet normal 2.53645e-06 -0.707106 0.707107
    outer loop
      vertex -30 18.3848 38.1838
      vertex -15.0004 5.97483 25.7738
      vertex -12.7277 6.93804 26.737
    endloop
  endfacet
  facet normal 5.48667e-07 -0.707107 0.707106
    outer loop
      vertex -30 18.3848 38.1838
      vertex -17.1286 4.85873 24.6577
      vertex -15.0004 5.97483 25.7738
    endloop
  endfacet
  facet normal 1.15434e-06 -0.707105 0.707108
    outer loop
      vertex -26.87 -8.02816 11.7708
      vertex -95.694 10.6267 30.4257
      vertex -98.0785 3.89547 23.6945
    endloop
  endfacet
  facet normal 7.33607e-06 -0.707104 0.707109
    outer loop
      vertex -30 18.3848 38.1838
      vertex -19.0919 3.6005 23.3995
      vertex -17.1286 4.85873 24.6577
    endloop
  endfacet
  facet normal 7.56629e-06 -0.707104 0.70711
    outer loop
      vertex -30 18.3848 38.1838
      vertex -20.8713 2.21227 22.0113
      vertex -19.0919 3.6005 23.3995
    endloop
  endfacet
  facet normal -5.76426e-06 -0.707108 0.707106
    outer loop
      vertex -30 18.3848 38.1838
      vertex -22.4497 0.707387 20.5064
      vertex -20.8713 2.21227 22.0113
    endloop
  endfacet
  facet normal -2.42243e-05 -0.707112 0.707102
    outer loop
      vertex -30 18.3848 38.1838
      vertex -23.8119 -0.899644 18.8993
      vertex -22.4497 0.707387 20.5064
    endloop
  endfacet
  facet normal 4.60568e-06 -0.707107 0.707106
    outer loop
      vertex -30 18.3848 38.1838
      vertex -24.9447 -2.59335 17.2056
      vertex -23.8119 -0.899644 18.8993
    endloop
  endfacet
  facet normal 4.78882e-07 -0.707106 0.707107
    outer loop
      vertex -27 -9.8995 9.8995
      vertex -98.0785 3.89547 23.6945
      vertex -99.5185 -2.96864 16.8304
    endloop
  endfacet
  facet normal 3.44511e-05 -0.707103 0.70711
    outer loop
      vertex -30 18.3848 38.1838
      vertex -25.8374 -4.35741 15.4416
      vertex -24.9447 -2.59335 17.2056
    endloop
  endfacet
  facet normal -4.4028e-05 -0.707111 0.707103
    outer loop
      vertex -30 18.3848 38.1838
      vertex -26.4812 -6.17485 13.6241
      vertex -25.8374 -4.35741 15.4416
    endloop
  endfacet
  facet normal 1.75684e-06 -0.707105 0.707109
    outer loop
      vertex -92.388 17.1603 36.9593
      vertex -26.87 -8.02816 11.7708
      vertex -26.4812 -6.17485 13.6241
    endloop
  endfacet
  facet normal 0 -0.707109 0.707105
    outer loop
      vertex -27 -9.8995 9.8995
      vertex -99.5185 -2.96864 16.8304
      vertex -100 -9.8995 9.8995
    endloop
  endfacet
  facet normal 3.18891e-06 -0.707099 0.707114
    outer loop
      vertex -98.0785 3.89547 23.6945
      vertex -27 -9.8995 9.8995
      vertex -26.87 -8.02816 11.7708
    endloop
  endfacet
  facet normal 0 -0.707105 0.707109
    outer loop
      vertex -99.5185 -16.8304 2.96864
      vertex -27 -9.8995 9.8995
      vertex -100 -9.8995 9.8995
    endloop
  endfacet
  facet normal 4.78882e-07 -0.707107 0.707106
    outer loop
      vertex -98.0785 -23.6945 -3.89547
      vertex -27 -9.8995 9.8995
      vertex -99.5185 -16.8304 2.96864
    endloop
  endfacet
  facet normal 3.18891e-06 -0.707114 0.707099
    outer loop
      vertex -27 -9.8995 9.8995
      vertex -98.0785 -23.6945 -3.89547
      vertex -26.87 -11.7708 8.02816
    endloop
  endfacet
  facet normal 1.15434e-06 -0.707108 0.707105
    outer loop
      vertex -95.694 -30.4257 -10.6267
      vertex -26.87 -11.7708 8.02816
      vertex -98.0785 -23.6945 -3.89547
    endloop
  endfacet
  facet normal 3.61399e-07 -0.707107 0.707107
    outer loop
      vertex -92.388 -36.9593 -17.1603
      vertex -26.87 -11.7708 8.02816
      vertex -95.694 -30.4257 -10.6267
    endloop
  endfacet
  facet normal 1.75684e-06 -0.707109 0.707105
    outer loop
      vertex -26.87 -11.7708 8.02816
      vertex -92.388 -36.9593 -17.1603
      vertex -26.4812 -13.6241 6.17485
    endloop
  endfacet
  facet normal 4.33726e-07 -0.707107 0.707107
    outer loop
      vertex -88.1921 -43.2323 -23.4333
      vertex -26.4812 -13.6241 6.17485
      vertex -92.388 -36.9593 -17.1603
    endloop
  endfacet
  facet normal -4.4028e-05 -0.707103 0.707111
    outer loop
      vertex -26.4812 -13.6241 6.17485
      vertex -30 -38.1838 -18.3848
      vertex -25.8374 -15.4416 4.35741
    endloop
  endfacet
  facet normal -5.76426e-06 -0.707106 0.707108
    outer loop
      vertex -22.4497 -20.5064 -0.707387
      vertex -30 -38.1838 -18.3848
      vertex -20.8713 -22.0113 -2.21227
    endloop
  endfacet
  facet normal 3.44511e-05 -0.70711 0.707103
    outer loop
      vertex -25.8374 -15.4416 4.35741
      vertex -30 -38.1838 -18.3848
      vertex -24.9447 -17.2056 2.59335
    endloop
  endfacet
  facet normal 7.56629e-06 -0.70711 0.707104
    outer loop
      vertex -20.8713 -22.0113 -2.21227
      vertex -30 -38.1838 -18.3848
      vertex -19.0919 -23.3995 -3.6005
    endloop
  endfacet
  facet normal 7.33607e-06 -0.707109 0.707104
    outer loop
      vertex -19.0919 -23.3995 -3.6005
      vertex -30 -38.1838 -18.3848
      vertex -17.1286 -24.6577 -4.85873
    endloop
  endfacet
  facet normal 5.48667e-07 -0.707106 0.707107
    outer loop
      vertex -17.1286 -24.6577 -4.85873
      vertex -30 -38.1838 -18.3848
      vertex -15.0004 -25.7738 -5.97483
    endloop
  endfacet
  facet normal 2.53645e-06 -0.707107 0.707106
    outer loop
      vertex -15.0004 -25.7738 -5.97483
      vertex -30 -38.1838 -18.3848
      vertex -12.7277 -26.737 -6.93804
    endloop
  endfacet
  facet normal -7.29886e-06 -0.7071 0.707114
    outer loop
      vertex -12.7277 -26.737 -6.93804
      vertex -30 -38.1838 -18.3848
      vertex -10.3325 -27.5381 -7.7391
    endloop
  endfacet
  facet normal 1.77261e-16 -0.707107 0.707107
    outer loop
      vertex -10.3325 -27.5381 -7.7391
      vertex -30 -38.1838 -18.3848
      vertex -7.83769 -28.1693 -8.3703
    endloop
  endfacet
  facet normal 7.9058e-06 -0.707116 0.707098
    outer loop
      vertex -7.83769 -28.1693 -8.3703
      vertex -30 -38.1838 -18.3848
      vertex -5.26744 -28.6245 -8.82554
    endloop
  endfacet
  facet normal 4.48812e-06 -0.707111 0.707102
    outer loop
      vertex -5.26744 -28.6245 -8.82554
      vertex -30 -38.1838 -18.3848
      vertex -2.64646 -28.8994 -9.10046
    endloop
  endfacet
  facet normal -2.42243e-05 -0.707102 0.707112
    outer loop
      vertex -23.8119 -18.8993 0.899644
      vertex -30 -38.1838 -18.3848
      vertex -22.4497 -20.5064 -0.707387
    endloop
  endfacet
  facet normal -7.9058e-06 -0.707098 0.707116
    outer loop
      vertex 7.83769 8.3703 28.1693
      vertex 30 18.3848 38.1838
      vertex 5.26744 8.82554 28.6245
    endloop
  endfacet
  facet normal -1.77261e-16 -0.707107 0.707107
    outer loop
      vertex 10.3325 7.7391 27.5381
      vertex 30 18.3848 38.1838
      vertex 7.83769 8.3703 28.1693
    endloop
  endfacet
  facet normal 7.29886e-06 -0.707114 0.7071
    outer loop
      vertex 12.7277 6.93804 26.737
      vertex 30 18.3848 38.1838
      vertex 10.3325 7.7391 27.5381
    endloop
  endfacet
  facet normal -2.53645e-06 -0.707106 0.707107
    outer loop
      vertex 15.0004 5.97483 25.7738
      vertex 30 18.3848 38.1838
      vertex 12.7277 6.93804 26.737
    endloop
  endfacet
  facet normal -5.48667e-07 -0.707107 0.707106
    outer loop
      vertex 17.1286 4.85873 24.6577
      vertex 30 18.3848 38.1838
      vertex 15.0004 5.97483 25.7738
    endloop
  endfacet
  facet normal -7.33607e-06 -0.707104 0.707109
    outer loop
      vertex 19.0919 3.6005 23.3995
      vertex 30 18.3848 38.1838
      vertex 17.1286 4.85873 24.6577
    endloop
  endfacet
  facet normal -7.56629e-06 -0.707104 0.70711
    outer loop
      vertex 20.8713 2.21227 22.0113
      vertex 30 18.3848 38.1838
      vertex 19.0919 3.6005 23.3995
    endloop
  endfacet
  facet normal 5.76426e-06 -0.707108 0.707106
    outer loop
      vertex 22.4497 0.707387 20.5064
      vertex 30 18.3848 38.1838
      vertex 20.8713 2.21227 22.0113
    endloop
  endfacet
  facet normal 2.42243e-05 -0.707112 0.707102
    outer loop
      vertex 23.8119 -0.899644 18.8993
      vertex 30 18.3848 38.1838
      vertex 22.4497 0.707387 20.5064
    endloop
  endfacet
  facet normal -4.60568e-06 -0.707107 0.707106
    outer loop
      vertex 24.9447 -2.59335 17.2056
      vertex 30 18.3848 38.1838
      vertex 23.8119 -0.899644 18.8993
    endloop
  endfacet
  facet normal -3.44511e-05 -0.707103 0.70711
    outer loop
      vertex 25.8374 -4.35741 15.4416
      vertex 30 18.3848 38.1838
      vertex 24.9447 -2.59335 17.2056
    endloop
  endfacet
  facet normal 4.4028e-05 -0.707111 0.707103
    outer loop
      vertex 26.4812 -6.17485 13.6241
      vertex 30 18.3848 38.1838
      vertex 25.8374 -4.35741 15.4416
    endloop
  endfacet
  facet normal -4.33726e-07 -0.707107 0.707107
    outer loop
      vertex 88.1921 23.4333 43.2323
      vertex 26.4812 -6.17485 13.6241
      vertex 92.388 17.1603 36.9593
    endloop
  endfacet
  facet normal -1.75684e-06 -0.707105 0.707109
    outer loop
      vertex 26.87 -8.02816 11.7708
      vertex 92.388 17.1603 36.9593
      vertex 26.4812 -6.17485 13.6241
    endloop
  endfacet
  facet normal -3.61399e-07 -0.707107 0.707107
    outer loop
      vertex 92.388 17.1603 36.9593
      vertex 26.87 -8.02816 11.7708
      vertex 95.694 10.6267 30.4257
    endloop
  endfacet
  facet normal -1.15434e-06 -0.707105 0.707108
    outer loop
      vertex 95.694 10.6267 30.4257
      vertex 26.87 -8.02816 11.7708
      vertex 98.0785 3.89547 23.6945
    endloop
  endfacet
  facet normal -3.18891e-06 -0.707099 0.707114
    outer loop
      vertex 27 -9.8995 9.8995
      vertex 98.0785 3.89547 23.6945
      vertex 26.87 -8.02816 11.7708
    endloop
  endfacet
  facet normal -4.78882e-07 -0.707106 0.707107
    outer loop
      vertex 98.0785 3.89547 23.6945
      vertex 27 -9.8995 9.8995
      vertex 99.5185 -2.96864 16.8304
    endloop
  endfacet
  facet normal 0 -0.707109 0.707105
    outer loop
      vertex 27 -9.8995 9.8995
      vertex 100 -9.8995 9.8995
      vertex 99.5185 -2.96864 16.8304
    endloop
  endfacet
  facet normal -3.18891e-06 -0.707114 0.707099
    outer loop
      vertex 98.0785 -23.6945 -3.89547
      vertex 27 -9.8995 9.8995
      vertex 26.87 -11.7708 8.02816
    endloop
  endfacet
  facet normal -1.75684e-06 -0.707109 0.707105
    outer loop
      vertex 92.388 -36.9593 -17.1603
      vertex 26.87 -11.7708 8.02816
      vertex 26.4812 -13.6241 6.17485
    endloop
  endfacet
  facet normal 4.4028e-05 -0.707103 0.707111
    outer loop
      vertex 30 -38.1838 -18.3848
      vertex 26.4812 -13.6241 6.17485
      vertex 25.8374 -15.4416 4.35741
    endloop
  endfacet
  facet normal 0 -0.707105 0.707109
    outer loop
      vertex 27 -9.8995 9.8995
      vertex 99.5185 -16.8304 2.96864
      vertex 100 -9.8995 9.8995
    endloop
  endfacet
  facet normal -3.44511e-05 -0.70711 0.707103
    outer loop
      vertex 30 -38.1838 -18.3848
      vertex 25.8374 -15.4416 4.35741
      vertex 24.9447 -17.2056 2.59335
    endloop
  endfacet
  facet normal -4.60568e-06 -0.707106 0.707107
    outer loop
      vertex 30 -38.1838 -18.3848
      vertex 24.9447 -17.2056 2.59335
      vertex 23.8119 -18.8993 0.899644
    endloop
  endfacet
  facet normal 2.42243e-05 -0.707102 0.707112
    outer loop
      vertex 30 -38.1838 -18.3848
      vertex 23.8119 -18.8993 0.899644
      vertex 22.4497 -20.5064 -0.707387
    endloop
  endfacet
  facet normal 5.76426e-06 -0.707106 0.707108
    outer loop
      vertex 30 -38.1838 -18.3848
      vertex 22.4497 -20.5064 -0.707387
      vertex 20.8713 -22.0113 -2.21227
    endloop
  endfacet
  facet normal -7.56629e-06 -0.70711 0.707104
    outer loop
      vertex 30 -38.1838 -18.3848
      vertex 20.8713 -22.0113 -2.21227
      vertex 19.0919 -23.3995 -3.6005
    endloop
  endfacet
  facet normal -4.78882e-07 -0.707107 0.707106
    outer loop
      vertex 27 -9.8995 9.8995
      vertex 98.0785 -23.6945 -3.89547
      vertex 99.5185 -16.8304 2.96864
    endloop
  endfacet
  facet normal -7.33607e-06 -0.707109 0.707104
    outer loop
      vertex 30 -38.1838 -18.3848
      vertex 19.0919 -23.3995 -3.6005
      vertex 17.1286 -24.6577 -4.85873
    endloop
  endfacet
  facet normal -5.48667e-07 -0.707106 0.707107
    outer loop
      vertex 30 -38.1838 -18.3848
      vertex 17.1286 -24.6577 -4.85873
      vertex 15.0004 -25.7738 -5.97483
    endloop
  endfacet
  facet normal -2.53645e-06 -0.707107 0.707106
    outer loop
      vertex 30 -38.1838 -18.3848
      vertex 15.0004 -25.7738 -5.97483
      vertex 12.7277 -26.737 -6.93804
    endloop
  endfacet
  facet normal 7.29886e-06 -0.7071 0.707114
    outer loop
      vertex 30 -38.1838 -18.3848
      vertex 12.7277 -26.737 -6.93804
      vertex 10.3325 -27.5381 -7.7391
    endloop
  endfacet
  facet normal 0 -0.707107 0.707107
    outer loop
      vertex 30 -38.1838 -18.3848
      vertex 10.3325 -27.5381 -7.7391
      vertex 7.83769 -28.1693 -8.3703
    endloop
  endfacet
  facet normal -7.9058e-06 -0.707116 0.707098
    outer loop
      vertex 30 -38.1838 -18.3848
      vertex 7.83769 -28.1693 -8.3703
      vertex 5.26744 -28.6245 -8.82554
    endloop
  endfacet
  facet normal 1.68222e-05 -0.70708 0.707134
    outer loop
      vertex 0 -28.9914 -9.19239
      vertex 30 -38.1838 -18.3848
      vertex 2.64646 -28.8994 -9.10046
    endloop
  endfacet
  facet normal -1.15434e-06 -0.707108 0.707105
    outer loop
      vertex 26.87 -11.7708 8.02816
      vertex 95.694 -30.4257 -10.6267
      vertex 98.0785 -23.6945 -3.89547
    endloop
  endfacet
  facet normal 0 -0.707107 0.707106
    outer loop
      vertex 30 -38.1838 -18.3848
      vertex 0 -28.9914 -9.19239
      vertex -30 -38.1838 -18.3848
    endloop
  endfacet
  facet normal -1.68222e-05 -0.70708 0.707134
    outer loop
      vertex -2.64646 -28.8994 -9.10046
      vertex -30 -38.1838 -18.3848
      vertex 0 -28.9914 -9.19239
    endloop
  endfacet
  facet normal 4.60568e-06 -0.707106 0.707107
    outer loop
      vertex -24.9447 -17.2056 2.59335
      vertex -30 -38.1838 -18.3848
      vertex -23.8119 -18.8993 0.899644
    endloop
  endfacet
  facet normal -4.48812e-06 -0.707111 0.707102
    outer loop
      vertex 2.64646 -28.8994 -9.10046
      vertex 30 -38.1838 -18.3848
      vertex 5.26744 -28.6245 -8.82554
    endloop
  endfacet
  facet normal -3.61399e-07 -0.707107 0.707107
    outer loop
      vertex 26.87 -11.7708 8.02816
      vertex 92.388 -36.9593 -17.1603
      vertex 95.694 -30.4257 -10.6267
    endloop
  endfacet
  facet normal -1.26463e-07 -0.707106 0.707108
    outer loop
      vertex -26.4812 -13.6241 6.17485
      vertex -88.1921 -43.2323 -23.4333
      vertex -30 -38.1838 -18.3848
    endloop
  endfacet
  facet normal 9.60079e-07 -0.707112 0.707101
    outer loop
      vertex -83.147 -49.1842 -29.3853
      vertex -30 -38.1838 -18.3848
      vertex -88.1921 -43.2323 -23.4333
    endloop
  endfacet
  facet normal -3.25066e-06 -0.707102 0.707111
    outer loop
      vertex -77.301 -54.7579 -34.9589
      vertex -30 -38.1838 -18.3848
      vertex -83.147 -49.1842 -29.3853
    endloop
  endfacet
  facet normal -2.28098e-16 -0.707107 0.707107
    outer loop
      vertex -70.7107 -59.8995 -40.1005
      vertex -30 -38.1838 -18.3848
      vertex -77.301 -54.7579 -34.9589
    endloop
  endfacet
  facet normal 5.78137e-17 -0.707107 0.707107
    outer loop
      vertex -63.4393 -64.5596 -44.7606
      vertex -30 -38.1838 -18.3848
      vertex -70.7107 -59.8995 -40.1005
    endloop
  endfacet
  facet normal -2.54193e-16 -0.707107 0.707107
    outer loop
      vertex -30 -38.1838 -18.3848
      vertex -55.557 -68.6933 -48.8943
      vertex -30 -62.9325 -43.1335
    endloop
  endfacet
  facet normal 8.12875e-16 -0.707107 0.707107
    outer loop
      vertex -55.557 -68.6933 -48.8943
      vertex -30 -38.1838 -18.3848
      vertex -63.4393 -64.5596 -44.7606
    endloop
  endfacet
  facet normal -1 0 0
    outer loop
      vertex 30 -58.6899 -47.3762
      vertex 30 -38.1838 -18.3848
      vertex 30 -33.9411 -22.6274
    endloop
  endfacet
  facet normal -1 0 0
    outer loop
      vertex 30 -38.1838 -18.3848
      vertex 30 -58.6899 -47.3762
      vertex 30 -62.9325 -43.1335
    endloop
  endfacet
  facet normal 1 0 0
    outer loop
      vertex -30 -38.1838 -18.3848
      vertex -30 -58.6899 -47.3762
      vertex -30 -33.9411 -22.6274
    endloop
  endfacet
  facet normal 1 0 -0
    outer loop
      vertex -30 -58.6899 -47.3762
      vertex -30 -38.1838 -18.3848
      vertex -30 -62.9325 -43.1335
    endloop
  endfacet
  facet normal 0 -0.707098 -0.707115
    outer loop
      vertex -30 -38.1838 -18.3848
      vertex 30 -33.9411 -22.6274
      vertex 30 -38.1838 -18.3848
    endloop
  endfacet
  facet normal -0 -0.707098 -0.707115
    outer loop
      vertex 30 -33.9411 -22.6274
      vertex -30 -38.1838 -18.3848
      vertex -30 -33.9411 -22.6274
    endloop
  endfacet
  facet normal 0 0.707115 0.707098
    outer loop
      vertex 30 -58.6899 -47.3762
      vertex -30 -62.9325 -43.1335
      vertex 30 -62.9325 -43.1335
    endloop
  endfacet
  facet normal 0 0.707115 0.707098
    outer loop
      vertex -30 -62.9325 -43.1335
      vertex 30 -58.6899 -47.3762
      vertex -30 -58.6899 -47.3762
    endloop
  endfacet
  facet normal -1 0 0
    outer loop
      vertex 30 22.6274 33.9411
      vertex 30 43.1335 62.9325
      vertex 30 47.3762 58.6899
    endloop
  endfacet
  facet normal -1 0 0
    outer loop
      vertex 30 43.1335 62.9325
      vertex 30 22.6274 33.9411
      vertex 30 18.3848 38.1838
    endloop
  endfacet
  facet normal 1 0 0
    outer loop
      vertex -30 43.1335 62.9325
      vertex -30 22.6274 33.9411
      vertex -30 47.3762 58.6899
    endloop
  endfacet
  facet normal 1 0 -0
    outer loop
      vertex -30 22.6274 33.9411
      vertex -30 43.1335 62.9325
      vertex -30 18.3848 38.1838
    endloop
  endfacet
  facet normal 0 -0.707098 -0.707115
    outer loop
      vertex -30 47.3762 58.6899
      vertex 30 43.1335 62.9325
      vertex -30 43.1335 62.9325
    endloop
  endfacet
  facet normal 0 -0.707098 -0.707115
    outer loop
      vertex 30 43.1335 62.9325
      vertex -30 47.3762 58.6899
      vertex 30 47.3762 58.6899
    endloop
  endfacet
  facet normal 0 0.707115 0.707098
    outer loop
      vertex 30 22.6274 33.9411
      vertex -30 18.3848 38.1838
      vertex 30 18.3848 38.1838
    endloop
  endfacet
  facet normal 0 0.707115 0.707098
    outer loop
      vertex -30 18.3848 38.1838
      vertex 30 22.6274 33.9411
      vertex -30 22.6274 33.9411
    endloop
  endfacet
  facet normal -0.740959 -0.474855 -0.474861
    outer loop
      vertex 20.8713 6.45491 17.7686
      vertex 19.0919 3.6005 23.3995
      vertex 19.0919 7.84315 19.1569
    endloop
  endfacet
  facet normal -0.740946 -0.474872 -0.474865
    outer loop
      vertex 19.0919 3.6005 23.3995
      vertex 20.8713 6.45491 17.7686
      vertex 20.8713 2.21227 22.0113
    endloop
  endfacet
  facet normal -0.989176 -0.103758 -0.103758
    outer loop
      vertex 26.87 -3.78552 7.52819
      vertex 26.4812 -6.17485 13.6241
      vertex 26.4812 -1.93221 9.3815
    endloop
  endfacet
  facet normal -0.989176 -0.103758 -0.103759
    outer loop
      vertex 26.4812 -6.17485 13.6241
      vertex 26.87 -3.78552 7.52819
      vertex 26.87 -8.02816 11.7708
    endloop
  endfacet
  facet normal -0.998796 -0.0346926 -0.0346929
    outer loop
      vertex 27 -5.65685 5.65685
      vertex 26.87 -8.02816 11.7708
      vertex 26.87 -3.78552 7.52819
    endloop
  endfacet
  facet normal -0.998796 -0.034693 -0.034693
    outer loop
      vertex 26.87 -8.02816 11.7708
      vertex 27 -5.65685 5.65685
      vertex 27 -9.8995 9.8995
    endloop
  endfacet
  facet normal -0.970032 -0.171813 -0.17181
    outer loop
      vertex 26.4812 -1.93221 9.3815
      vertex 25.8374 -4.35741 15.4416
      vertex 25.8374 -0.114774 11.1989
    endloop
  endfacet
  facet normal -0.970033 -0.171806 -0.171808
    outer loop
      vertex 25.8374 -4.35741 15.4416
      vertex 26.4812 -1.93221 9.3815
      vertex 26.4812 -6.17485 13.6241
    endloop
  endfacet
  facet normal -0.336864 0.665779 0.665779
    outer loop
      vertex 7.83769 -23.9266 -12.6129
      vertex 10.3325 -27.5381 -7.7391
      vertex 10.3325 -23.2955 -11.9817
    endloop
  endfacet
  facet normal -0.336888 0.665765 0.665781
    outer loop
      vertex 10.3325 -27.5381 -7.7391
      vertex 7.83769 -23.9266 -12.6129
      vertex 7.83769 -28.1693 -8.3703
    endloop
  endfacet
  facet normal -0.857726 -0.363532 -0.363527
    outer loop
      vertex 23.8119 3.343 14.6567
      vertex 22.4497 0.707387 20.5064
      vertex 22.4497 4.95003 16.2637
    endloop
  endfacet
  facet normal -0.857733 -0.363519 -0.363523
    outer loop
      vertex 22.4497 0.707387 20.5064
      vertex 23.8119 3.343 14.6567
      vertex 23.8119 -0.899644 18.8993
    endloop
  endfacet
  facet normal -0.941538 -0.238228 -0.23823
    outer loop
      vertex 25.8374 -0.114774 11.1989
      vertex 24.9447 -2.59335 17.2056
      vertex 24.9447 1.64929 12.963
    endloop
  endfacet
  facet normal -0.941535 -0.238237 -0.238233
    outer loop
      vertex 24.9447 -2.59335 17.2056
      vertex 25.8374 -0.114774 11.1989
      vertex 25.8374 -4.35741 15.4416
    endloop
  endfacet
  facet normal -0.242967 -0.685913 -0.685923
    outer loop
      vertex 5.26744 13.0682 24.3819
      vertex 7.83769 8.3703 28.1693
      vertex 5.26744 8.82554 28.6245
    endloop
  endfacet
  facet normal -0.243008 -0.685919 -0.685903
    outer loop
      vertex 7.83769 8.3703 28.1693
      vertex 5.26744 13.0682 24.3819
      vertex 7.83769 12.6129 23.9266
    endloop
  endfacet
  facet normal 0.740959 -0.474855 -0.474861
    outer loop
      vertex -19.0919 3.6005 23.3995
      vertex -20.8713 6.45491 17.7686
      vertex -19.0919 7.84315 19.1569
    endloop
  endfacet
  facet normal 0.740946 -0.474872 -0.474865
    outer loop
      vertex -20.8713 6.45491 17.7686
      vertex -19.0919 3.6005 23.3995
      vertex -20.8713 2.21227 22.0113
    endloop
  endfacet
  facet normal -0.0490503 0.706259 0.706252
    outer loop
      vertex 0 -24.7487 -13.435
      vertex 2.64646 -28.8994 -9.10046
      vertex 2.64646 -24.6568 -13.3431
    endloop
  endfacet
  facet normal -0.049085 0.706247 0.706262
    outer loop
      vertex 2.64646 -28.8994 -9.10046
      vertex 0 -24.7487 -13.435
      vertex 0 -28.9914 -9.19239
    endloop
  endfacet
  facet normal -0.427571 -0.639211 -0.639211
    outer loop
      vertex 10.3325 11.9817 23.2955
      vertex 12.7277 6.93804 26.737
      vertex 10.3325 7.7391 27.5381
    endloop
  endfacet
  facet normal -0.427558 -0.639211 -0.63922
    outer loop
      vertex 12.7277 6.93804 26.737
      vertex 10.3325 11.9817 23.2955
      vertex 12.7277 11.1807 22.4944
    endloop
  endfacet
  facet normal -0.671548 -0.523936 -0.523941
    outer loop
      vertex 19.0919 7.84315 19.1569
      vertex 17.1286 4.85873 24.6577
      vertex 17.1286 9.10137 20.4151
    endloop
  endfacet
  facet normal -0.671549 -0.523935 -0.523941
    outer loop
      vertex 17.1286 4.85873 24.6577
      vertex 19.0919 7.84315 19.1569
      vertex 19.0919 3.6005 23.3995
    endloop
  endfacet
  facet normal 0.59571 0.567951 0.567945
    outer loop
      vertex -17.1286 -24.6577 -4.85873
      vertex -15.0004 -21.5312 -10.2175
      vertex -17.1286 -20.4151 -9.10137
    endloop
  endfacet
  facet normal 0.595705 0.567955 0.567946
    outer loop
      vertex -15.0004 -21.5312 -10.2175
      vertex -17.1286 -24.6577 -4.85873
      vertex -15.0004 -25.7738 -5.97483
    endloop
  endfacet
  facet normal -0.243008 0.685903 0.685919
    outer loop
      vertex 5.26744 -24.3819 -13.0682
      vertex 7.83769 -28.1693 -8.3703
      vertex 7.83769 -23.9266 -12.6129
    endloop
  endfacet
  facet normal -0.242967 0.685923 0.685913
    outer loop
      vertex 7.83769 -28.1693 -8.3703
      vertex 5.26744 -24.3819 -13.0682
      vertex 5.26744 -28.6245 -8.82554
    endloop
  endfacet
  facet normal -0.989176 0.103758 0.103758
    outer loop
      vertex 26.4812 -9.3815 1.93221
      vertex 26.87 -11.7708 8.02816
      vertex 26.87 -7.52819 3.78552
    endloop
  endfacet
  facet normal -0.989176 0.103759 0.103758
    outer loop
      vertex 26.87 -11.7708 8.02816
      vertex 26.4812 -9.3815 1.93221
      vertex 26.4812 -13.6241 6.17485
    endloop
  endfacet
  facet normal -0.514095 0.606514 0.606504
    outer loop
      vertex 15.0004 -21.5312 -10.2175
      vertex 12.7277 -26.737 -6.93804
      vertex 15.0004 -25.7738 -5.97483
    endloop
  endfacet
  facet normal -0.514093 0.606514 0.606505
    outer loop
      vertex 12.7277 -26.737 -6.93804
      vertex 15.0004 -21.5312 -10.2175
      vertex 12.7277 -22.4944 -11.1807
    endloop
  endfacet
  facet normal 0.243008 0.685903 0.685919
    outer loop
      vertex -7.83769 -28.1693 -8.3703
      vertex -5.26744 -24.3819 -13.0682
      vertex -7.83769 -23.9266 -12.6129
    endloop
  endfacet
  facet normal 0.242967 0.685923 0.685913
    outer loop
      vertex -5.26744 -24.3819 -13.0682
      vertex -7.83769 -28.1693 -8.3703
      vertex -5.26744 -28.6245 -8.82554
    endloop
  endfacet
  facet normal 0.59571 -0.567943 -0.567953
    outer loop
      vertex -15.0004 5.97483 25.7738
      vertex -17.1286 9.10137 20.4151
      vertex -15.0004 10.2175 21.5312
    endloop
  endfacet
  facet normal 0.595705 -0.567948 -0.567953
    outer loop
      vertex -17.1286 9.10137 20.4151
      vertex -15.0004 5.97483 25.7738
      vertex -17.1286 4.85873 24.6577
    endloop
  endfacet
  facet normal 0.998796 0.0346927 0.0346927
    outer loop
      vertex -27 -9.8995 9.8995
      vertex -26.87 -7.52819 3.78552
      vertex -27 -5.65685 5.65685
    endloop
  endfacet
  facet normal 0.998796 0.0346931 0.0346929
    outer loop
      vertex -26.87 -7.52819 3.78552
      vertex -27 -9.8995 9.8995
      vertex -26.87 -11.7708 8.02816
    endloop
  endfacet
  facet normal 0.970032 0.171812 0.171811
    outer loop
      vertex -26.4812 -13.6241 6.17485
      vertex -25.8374 -11.1989 0.114774
      vertex -26.4812 -9.3815 1.93221
    endloop
  endfacet
  facet normal 0.970033 0.171806 0.171808
    outer loop
      vertex -25.8374 -11.1989 0.114774
      vertex -26.4812 -13.6241 6.17485
      vertex -25.8374 -15.4416 4.35741
    endloop
  endfacet
  facet normal -0.970032 0.171812 0.171811
    outer loop
      vertex 25.8374 -11.1989 0.114774
      vertex 26.4812 -13.6241 6.17485
      vertex 26.4812 -9.3815 1.93221
    endloop
  endfacet
  facet normal -0.970033 0.171806 0.171808
    outer loop
      vertex 26.4812 -13.6241 6.17485
      vertex 25.8374 -11.1989 0.114774
      vertex 25.8374 -15.4416 4.35741
    endloop
  endfacet
  facet normal 0.514095 -0.606505 -0.606513
    outer loop
      vertex -15.0004 5.97483 25.7738
      vertex -12.7277 11.1807 22.4944
      vertex -12.7277 6.93804 26.737
    endloop
  endfacet
  facet normal 0.514093 -0.606505 -0.606515
    outer loop
      vertex -12.7277 11.1807 22.4944
      vertex -15.0004 5.97483 25.7738
      vertex -15.0004 10.2175 21.5312
    endloop
  endfacet
  facet normal -0.59571 -0.567943 -0.567953
    outer loop
      vertex 17.1286 9.10137 20.4151
      vertex 15.0004 5.97483 25.7738
      vertex 15.0004 10.2175 21.5312
    endloop
  endfacet
  facet normal -0.595705 -0.567948 -0.567953
    outer loop
      vertex 15.0004 5.97483 25.7738
      vertex 17.1286 9.10137 20.4151
      vertex 17.1286 4.85873 24.6577
    endloop
  endfacet
  facet normal 0.904 0.302312 0.30231
    outer loop
      vertex -24.9447 -17.2056 2.59335
      vertex -23.8119 -14.6567 -3.343
      vertex -24.9447 -12.963 -1.64929
    endloop
  endfacet
  facet normal 0.904 0.302313 0.30231
    outer loop
      vertex -23.8119 -14.6567 -3.343
      vertex -24.9447 -17.2056 2.59335
      vertex -23.8119 -18.8993 0.899644
    endloop
  endfacet
  facet normal -0.941538 0.238227 0.238231
    outer loop
      vertex 24.9447 -12.963 -1.64929
      vertex 25.8374 -15.4416 4.35741
      vertex 25.8374 -11.1989 0.114774
    endloop
  endfacet
  facet normal -0.941535 0.238236 0.238234
    outer loop
      vertex 25.8374 -15.4416 4.35741
      vertex 24.9447 -12.963 -1.64929
      vertex 24.9447 -17.2056 2.59335
    endloop
  endfacet
  facet normal -0.146729 -0.69945 -0.699457
    outer loop
      vertex 2.64646 13.3431 24.6568
      vertex 5.26744 8.82554 28.6245
      vertex 2.64646 9.10046 28.8994
    endloop
  endfacet
  facet normal -0.146724 -0.699449 -0.699459
    outer loop
      vertex 5.26744 8.82554 28.6245
      vertex 2.64646 13.3431 24.6568
      vertex 5.26744 13.0682 24.3819
    endloop
  endfacet
  facet normal 0.427571 -0.639211 -0.639211
    outer loop
      vertex -12.7277 6.93804 26.737
      vertex -10.3325 11.9817 23.2955
      vertex -10.3325 7.7391 27.5381
    endloop
  endfacet
  facet normal 0.427558 -0.639211 -0.63922
    outer loop
      vertex -10.3325 11.9817 23.2955
      vertex -12.7277 6.93804 26.737
      vertex -12.7277 11.1807 22.4944
    endloop
  endfacet
  facet normal -0.514095 -0.606505 -0.606513
    outer loop
      vertex 12.7277 11.1807 22.4944
      vertex 15.0004 5.97483 25.7738
      vertex 12.7277 6.93804 26.737
    endloop
  endfacet
  facet normal -0.514093 -0.606505 -0.606515
    outer loop
      vertex 15.0004 5.97483 25.7738
      vertex 12.7277 11.1807 22.4944
      vertex 15.0004 10.2175 21.5312
    endloop
  endfacet
  facet normal -0.427558 0.63922 0.639211
    outer loop
      vertex 10.3325 -23.2955 -11.9817
      vertex 12.7277 -26.737 -6.93804
      vertex 12.7277 -22.4944 -11.1807
    endloop
  endfacet
  facet normal -0.427571 0.639211 0.639211
    outer loop
      vertex 12.7277 -26.737 -6.93804
      vertex 10.3325 -23.2955 -11.9817
      vertex 10.3325 -27.5381 -7.7391
    endloop
  endfacet
  facet normal 0.941538 0.238227 0.238231
    outer loop
      vertex -25.8374 -15.4416 4.35741
      vertex -24.9447 -12.963 -1.64929
      vertex -25.8374 -11.1989 0.114774
    endloop
  endfacet
  facet normal 0.941535 0.238236 0.238234
    outer loop
      vertex -24.9447 -12.963 -1.64929
      vertex -25.8374 -15.4416 4.35741
      vertex -24.9447 -17.2056 2.59335
    endloop
  endfacet
  facet normal -0.857726 0.363531 0.363527
    outer loop
      vertex 22.4497 -16.2637 -4.95003
      vertex 23.8119 -18.8993 0.899644
      vertex 23.8119 -14.6567 -3.343
    endloop
  endfacet
  facet normal -0.857733 0.363518 0.363523
    outer loop
      vertex 23.8119 -18.8993 0.899644
      vertex 22.4497 -16.2637 -4.95003
      vertex 22.4497 -20.5064 -0.707387
    endloop
  endfacet
  facet normal -0.904 0.302312 0.30231
    outer loop
      vertex 23.8119 -14.6567 -3.343
      vertex 24.9447 -17.2056 2.59335
      vertex 24.9447 -12.963 -1.64929
    endloop
  endfacet
  facet normal -0.904 0.302313 0.30231
    outer loop
      vertex 24.9447 -17.2056 2.59335
      vertex 23.8119 -14.6567 -3.343
      vertex 23.8119 -18.8993 0.899644
    endloop
  endfacet
  facet normal -0.998796 0.0346927 0.0346927
    outer loop
      vertex 26.87 -7.52819 3.78552
      vertex 27 -9.8995 9.8995
      vertex 27 -5.65685 5.65685
    endloop
  endfacet
  facet normal -0.998796 0.0346931 0.0346929
    outer loop
      vertex 27 -9.8995 9.8995
      vertex 26.87 -7.52819 3.78552
      vertex 26.87 -11.7708 8.02816
    endloop
  endfacet
  facet normal 0.146729 -0.69945 -0.699457
    outer loop
      vertex -5.26744 8.82554 28.6245
      vertex -2.64646 13.3431 24.6568
      vertex -2.64646 9.10046 28.8994
    endloop
  endfacet
  facet normal 0.146724 -0.699449 -0.699459
    outer loop
      vertex -2.64646 13.3431 24.6568
      vertex -5.26744 8.82554 28.6245
      vertex -5.26744 13.0682 24.3819
    endloop
  endfacet
  facet normal -0.146724 0.699459 0.699449
    outer loop
      vertex 2.64646 -24.6568 -13.3431
      vertex 5.26744 -28.6245 -8.82554
      vertex 5.26744 -24.3819 -13.0682
    endloop
  endfacet
  facet normal -0.146729 0.699457 0.69945
    outer loop
      vertex 5.26744 -28.6245 -8.82554
      vertex 2.64646 -24.6568 -13.3431
      vertex 2.64646 -28.8994 -9.10046
    endloop
  endfacet
  facet normal -0.740959 0.474855 0.474861
    outer loop
      vertex 19.0919 -19.1569 -7.84315
      vertex 20.8713 -22.0113 -2.21227
      vertex 20.8713 -17.7686 -6.45491
    endloop
  endfacet
  facet normal -0.740946 0.474871 0.474865
    outer loop
      vertex 20.8713 -22.0113 -2.21227
      vertex 19.0919 -19.1569 -7.84315
      vertex 19.0919 -23.3995 -3.6005
    endloop
  endfacet
  facet normal -0.803209 0.421219 0.421225
    outer loop
      vertex 20.8713 -17.7686 -6.45491
      vertex 22.4497 -20.5064 -0.707387
      vertex 22.4497 -16.2637 -4.95003
    endloop
  endfacet
  facet normal -0.803209 0.421219 0.421224
    outer loop
      vertex 22.4497 -20.5064 -0.707387
      vertex 20.8713 -17.7686 -6.45491
      vertex 20.8713 -22.0113 -2.21227
    endloop
  endfacet
  facet normal 0.242967 -0.685913 -0.685923
    outer loop
      vertex -7.83769 8.3703 28.1693
      vertex -5.26744 13.0682 24.3819
      vertex -5.26744 8.82554 28.6245
    endloop
  endfacet
  facet normal 0.243008 -0.685919 -0.685903
    outer loop
      vertex -5.26744 13.0682 24.3819
      vertex -7.83769 8.3703 28.1693
      vertex -7.83769 12.6129 23.9266
    endloop
  endfacet
  facet normal -0.803209 -0.421225 -0.421219
    outer loop
      vertex 22.4497 4.95003 16.2637
      vertex 20.8713 2.21227 22.0113
      vertex 20.8713 6.45491 17.7686
    endloop
  endfacet
  facet normal -0.803209 -0.421224 -0.421219
    outer loop
      vertex 20.8713 2.21227 22.0113
      vertex 22.4497 4.95003 16.2637
      vertex 22.4497 0.707387 20.5064
    endloop
  endfacet
  facet normal -0.049085 -0.706262 -0.706247
    outer loop
      vertex 0 13.435 24.7487
      vertex 2.64646 9.10046 28.8994
      vertex 0 9.19239 28.9914
    endloop
  endfacet
  facet normal -0.0490503 -0.706252 -0.706259
    outer loop
      vertex 2.64646 9.10046 28.8994
      vertex 0 13.435 24.7487
      vertex 2.64646 13.3431 24.6568
    endloop
  endfacet
  facet normal -0.904 -0.302309 -0.302313
    outer loop
      vertex 24.9447 1.64929 12.963
      vertex 23.8119 -0.899644 18.8993
      vertex 23.8119 3.343 14.6567
    endloop
  endfacet
  facet normal -0.904 -0.30231 -0.302313
    outer loop
      vertex 23.8119 -0.899644 18.8993
      vertex 24.9447 1.64929 12.963
      vertex 24.9447 -2.59335 17.2056
    endloop
  endfacet
  facet normal 0.857726 -0.363532 -0.363527
    outer loop
      vertex -22.4497 0.707387 20.5064
      vertex -23.8119 3.343 14.6567
      vertex -22.4497 4.95003 16.2637
    endloop
  endfacet
  facet normal 0.857733 -0.363519 -0.363523
    outer loop
      vertex -23.8119 3.343 14.6567
      vertex -22.4497 0.707387 20.5064
      vertex -23.8119 -0.899644 18.8993
    endloop
  endfacet
  facet normal 0.671548 -0.523936 -0.523941
    outer loop
      vertex -17.1286 4.85873 24.6577
      vertex -19.0919 7.84315 19.1569
      vertex -17.1286 9.10137 20.4151
    endloop
  endfacet
  facet normal 0.671549 -0.523935 -0.523941
    outer loop
      vertex -19.0919 7.84315 19.1569
      vertex -17.1286 4.85873 24.6577
      vertex -19.0919 3.6005 23.3995
    endloop
  endfacet
  facet normal 0.857726 0.363531 0.363527
    outer loop
      vertex -23.8119 -18.8993 0.899644
      vertex -22.4497 -16.2637 -4.95003
      vertex -23.8119 -14.6567 -3.343
    endloop
  endfacet
  facet normal 0.857733 0.363518 0.363523
    outer loop
      vertex -22.4497 -16.2637 -4.95003
      vertex -23.8119 -18.8993 0.899644
      vertex -22.4497 -20.5064 -0.707387
    endloop
  endfacet
  facet normal 0.427558 0.63922 0.639211
    outer loop
      vertex -12.7277 -26.737 -6.93804
      vertex -10.3325 -23.2955 -11.9817
      vertex -12.7277 -22.4944 -11.1807
    endloop
  endfacet
  facet normal 0.427571 0.639211 0.639211
    outer loop
      vertex -10.3325 -23.2955 -11.9817
      vertex -12.7277 -26.737 -6.93804
      vertex -10.3325 -27.5381 -7.7391
    endloop
  endfacet
  facet normal 0.740959 0.474855 0.474861
    outer loop
      vertex -20.8713 -22.0113 -2.21227
      vertex -19.0919 -19.1569 -7.84315
      vertex -20.8713 -17.7686 -6.45491
    endloop
  endfacet
  facet normal 0.740946 0.474871 0.474865
    outer loop
      vertex -19.0919 -19.1569 -7.84315
      vertex -20.8713 -22.0113 -2.21227
      vertex -19.0919 -23.3995 -3.6005
    endloop
  endfacet
  facet normal 0.336888 -0.665781 -0.665765
    outer loop
      vertex -10.3325 7.7391 27.5381
      vertex -7.83769 12.6129 23.9266
      vertex -7.83769 8.3703 28.1693
    endloop
  endfacet
  facet normal 0.336864 -0.665779 -0.665779
    outer loop
      vertex -7.83769 12.6129 23.9266
      vertex -10.3325 7.7391 27.5381
      vertex -10.3325 11.9817 23.2955
    endloop
  endfacet
  facet normal 0.514095 0.606514 0.606504
    outer loop
      vertex -12.7277 -26.737 -6.93804
      vertex -15.0004 -21.5312 -10.2175
      vertex -15.0004 -25.7738 -5.97483
    endloop
  endfacet
  facet normal 0.514093 0.606514 0.606505
    outer loop
      vertex -15.0004 -21.5312 -10.2175
      vertex -12.7277 -26.737 -6.93804
      vertex -12.7277 -22.4944 -11.1807
    endloop
  endfacet
  facet normal -0.59571 0.567951 0.567945
    outer loop
      vertex 15.0004 -21.5312 -10.2175
      vertex 17.1286 -24.6577 -4.85873
      vertex 17.1286 -20.4151 -9.10137
    endloop
  endfacet
  facet normal -0.595705 0.567955 0.567946
    outer loop
      vertex 17.1286 -24.6577 -4.85873
      vertex 15.0004 -21.5312 -10.2175
      vertex 15.0004 -25.7738 -5.97483
    endloop
  endfacet
  facet normal 0.049085 -0.706262 -0.706247
    outer loop
      vertex -2.64646 9.10046 28.8994
      vertex 0 13.435 24.7487
      vertex 0 9.19239 28.9914
    endloop
  endfacet
  facet normal 0.0490503 -0.706252 -0.706259
    outer loop
      vertex 0 13.435 24.7487
      vertex -2.64646 9.10046 28.8994
      vertex -2.64646 13.3431 24.6568
    endloop
  endfacet
  facet normal 0.970032 -0.171813 -0.17181
    outer loop
      vertex -25.8374 -4.35741 15.4416
      vertex -26.4812 -1.93221 9.3815
      vertex -25.8374 -0.114774 11.1989
    endloop
  endfacet
  facet normal 0.970033 -0.171806 -0.171808
    outer loop
      vertex -26.4812 -1.93221 9.3815
      vertex -25.8374 -4.35741 15.4416
      vertex -26.4812 -6.17485 13.6241
    endloop
  endfacet
  facet normal 0.941538 -0.238228 -0.23823
    outer loop
      vertex -24.9447 -2.59335 17.2056
      vertex -25.8374 -0.114774 11.1989
      vertex -24.9447 1.64929 12.963
    endloop
  endfacet
  facet normal 0.941535 -0.238237 -0.238233
    outer loop
      vertex -25.8374 -0.114774 11.1989
      vertex -24.9447 -2.59335 17.2056
      vertex -25.8374 -4.35741 15.4416
    endloop
  endfacet
  facet normal -0.336888 -0.665781 -0.665765
    outer loop
      vertex 7.83769 12.6129 23.9266
      vertex 10.3325 7.7391 27.5381
      vertex 7.83769 8.3703 28.1693
    endloop
  endfacet
  facet normal -0.336864 -0.665779 -0.665779
    outer loop
      vertex 10.3325 7.7391 27.5381
      vertex 7.83769 12.6129 23.9266
      vertex 10.3325 11.9817 23.2955
    endloop
  endfacet
  facet normal 0.803209 0.421219 0.421225
    outer loop
      vertex -22.4497 -20.5064 -0.707387
      vertex -20.8713 -17.7686 -6.45491
      vertex -22.4497 -16.2637 -4.95003
    endloop
  endfacet
  facet normal 0.803209 0.421219 0.421224
    outer loop
      vertex -20.8713 -17.7686 -6.45491
      vertex -22.4497 -20.5064 -0.707387
      vertex -20.8713 -22.0113 -2.21227
    endloop
  endfacet
  facet normal 0.989176 0.103758 0.103758
    outer loop
      vertex -26.87 -11.7708 8.02816
      vertex -26.4812 -9.3815 1.93221
      vertex -26.87 -7.52819 3.78552
    endloop
  endfacet
  facet normal 0.989176 0.103759 0.103758
    outer loop
      vertex -26.4812 -9.3815 1.93221
      vertex -26.87 -11.7708 8.02816
      vertex -26.4812 -13.6241 6.17485
    endloop
  endfacet
  facet normal 0.904 -0.302309 -0.302313
    outer loop
      vertex -23.8119 -0.899644 18.8993
      vertex -24.9447 1.64929 12.963
      vertex -23.8119 3.343 14.6567
    endloop
  endfacet
  facet normal 0.904 -0.30231 -0.302313
    outer loop
      vertex -24.9447 1.64929 12.963
      vertex -23.8119 -0.899644 18.8993
      vertex -24.9447 -2.59335 17.2056
    endloop
  endfacet
  facet normal 0.671548 0.523942 0.523936
    outer loop
      vertex -19.0919 -23.3995 -3.6005
      vertex -17.1286 -20.4151 -9.10137
      vertex -19.0919 -19.1569 -7.84315
    endloop
  endfacet
  facet normal 0.671549 0.52394 0.523935
    outer loop
      vertex -17.1286 -20.4151 -9.10137
      vertex -19.0919 -23.3995 -3.6005
      vertex -17.1286 -24.6577 -4.85873
    endloop
  endfacet
  facet normal 0.803209 -0.421225 -0.421219
    outer loop
      vertex -20.8713 2.21227 22.0113
      vertex -22.4497 4.95003 16.2637
      vertex -20.8713 6.45491 17.7686
    endloop
  endfacet
  facet normal 0.803209 -0.421224 -0.421219
    outer loop
      vertex -22.4497 4.95003 16.2637
      vertex -20.8713 2.21227 22.0113
      vertex -22.4497 0.707387 20.5064
    endloop
  endfacet
  facet normal 0.0490503 0.706259 0.706252
    outer loop
      vertex -2.64646 -28.8994 -9.10046
      vertex 0 -24.7487 -13.435
      vertex -2.64646 -24.6568 -13.3431
    endloop
  endfacet
  facet normal 0.049085 0.706247 0.706262
    outer loop
      vertex 0 -24.7487 -13.435
      vertex -2.64646 -28.8994 -9.10046
      vertex 0 -28.9914 -9.19239
    endloop
  endfacet
  facet normal 0.146724 0.699459 0.699449
    outer loop
      vertex -5.26744 -28.6245 -8.82554
      vertex -2.64646 -24.6568 -13.3431
      vertex -5.26744 -24.3819 -13.0682
    endloop
  endfacet
  facet normal 0.146729 0.699457 0.69945
    outer loop
      vertex -2.64646 -24.6568 -13.3431
      vertex -5.26744 -28.6245 -8.82554
      vertex -2.64646 -28.8994 -9.10046
    endloop
  endfacet
  facet normal 0.989176 -0.103758 -0.103758
    outer loop
      vertex -26.4812 -6.17485 13.6241
      vertex -26.87 -3.78552 7.52819
      vertex -26.4812 -1.93221 9.3815
    endloop
  endfacet
  facet normal 0.989176 -0.103758 -0.103759
    outer loop
      vertex -26.87 -3.78552 7.52819
      vertex -26.4812 -6.17485 13.6241
      vertex -26.87 -8.02816 11.7708
    endloop
  endfacet
  facet normal 0.998796 -0.0346926 -0.0346929
    outer loop
      vertex -26.87 -8.02816 11.7708
      vertex -27 -5.65685 5.65685
      vertex -26.87 -3.78552 7.52819
    endloop
  endfacet
  facet normal 0.998796 -0.034693 -0.034693
    outer loop
      vertex -27 -5.65685 5.65685
      vertex -26.87 -8.02816 11.7708
      vertex -27 -9.8995 9.8995
    endloop
  endfacet
  facet normal 0.336864 0.665779 0.665779
    outer loop
      vertex -10.3325 -27.5381 -7.7391
      vertex -7.83769 -23.9266 -12.6129
      vertex -10.3325 -23.2955 -11.9817
    endloop
  endfacet
  facet normal 0.336888 0.665765 0.665781
    outer loop
      vertex -7.83769 -23.9266 -12.6129
      vertex -10.3325 -27.5381 -7.7391
      vertex -7.83769 -28.1693 -8.3703
    endloop
  endfacet
  facet normal -0.671548 0.523942 0.523936
    outer loop
      vertex 17.1286 -20.4151 -9.10137
      vertex 19.0919 -23.3995 -3.6005
      vertex 19.0919 -19.1569 -7.84315
    endloop
  endfacet
  facet normal -0.671549 0.52394 0.523935
    outer loop
      vertex 19.0919 -23.3995 -3.6005
      vertex 17.1286 -20.4151 -9.10137
      vertex 17.1286 -24.6577 -4.85873
    endloop
  endfacet
endsolid OpenSCAD_Model
