solid OpenSCAD_Model
  facet normal 0.67155 0.523938 0.523938
    outer loop
      vertex -36.7696 -24.2252 -27.7748
      vertex -32.9884 -20.9986 -35.8479
      vertex -36.7696 -18.5754 -33.4246
    endloop
  endfacet
  facet normal 0.67155 0.523938 0.523938
    outer loop
      vertex -32.9884 -20.9986 -35.8479
      vertex -36.7696 -24.2252 -27.7748
      vertex -32.9884 -26.6484 -30.1981
    endloop
  endfacet
  facet normal 0.941541 -0.238224 -0.238223
    outer loop
      vertex -48.0417 15.8459 12.2963
      vertex -49.7609 18.0983 3.24902
      vertex -48.0417 21.4957 6.64648
    endloop
  endfacet
  facet normal 0.941541 -0.238222 -0.238223
    outer loop
      vertex -49.7609 18.0983 3.24902
      vertex -48.0417 15.8459 12.2963
      vertex -49.7609 12.4485 8.8988
    endloop
  endfacet
  facet normal 0.514099 0.606507 0.606507
    outer loop
      vertex -24.5126 -30.653 -34.2027
      vertex -28.8897 -23.1481 -37.9974
      vertex -28.8897 -28.7979 -32.3476
    endloop
  endfacet
  facet normal 0.514099 0.606507 0.606507
    outer loop
      vertex -28.8897 -23.1481 -37.9974
      vertex -24.5126 -30.653 -34.2027
      vertex -24.5126 -25.0032 -39.8525
    endloop
  endfacet
  facet normal 0.146727 0.699454 0.699454
    outer loop
      vertex -10.1447 -34.2882 -37.8379
      vertex -5.09689 -29.1679 -44.0171
      vertex -10.1447 -28.6384 -43.4877
    endloop
  endfacet
  facet normal 0.146727 0.699454 0.699454
    outer loop
      vertex -5.09689 -29.1679 -44.0171
      vertex -10.1447 -34.2882 -37.8379
      vertex -5.09689 -34.8177 -38.3673
    endloop
  endfacet
  facet normal 0.740961 -0.474856 -0.474856
    outer loop
      vertex -36.7696 27.7748 24.2252
      vertex -40.1965 30.751 15.9017
      vertex -36.7696 33.4246 18.5754
    endloop
  endfacet
  facet normal 0.740961 -0.474856 -0.474856
    outer loop
      vertex -40.1965 30.751 15.9017
      vertex -36.7696 27.7748 24.2252
      vertex -40.1965 25.1012 21.5515
    endloop
  endfacet
  facet normal 0.242989 -0.685914 -0.685914
    outer loop
      vertex -15.0948 42.6109 27.7616
      vertex -10.1447 37.8379 34.2882
      vertex -15.0948 36.9611 33.4114
    endloop
  endfacet
  facet normal 0.242989 -0.685914 -0.685914
    outer loop
      vertex -10.1447 37.8379 34.2882
      vertex -15.0948 42.6109 27.7616
      vertex -10.1447 43.4877 28.6384
    endloop
  endfacet
  facet normal 0.803206 -0.421224 -0.421224
    outer loop
      vertex -40.1965 25.1012 21.5515
      vertex -43.2364 27.8527 13.0034
      vertex -40.1965 30.751 15.9017
    endloop
  endfacet
  facet normal 0.803206 -0.421224 -0.421224
    outer loop
      vertex -43.2364 27.8527 13.0034
      vertex -40.1965 25.1012 21.5515
      vertex -43.2364 22.2029 18.6532
    endloop
  endfacet
  facet normal 0.857725 0.363531 0.363529
    outer loop
      vertex -45.8599 -15.5582 -19.1079
      vertex -43.2364 -13.0034 -27.8527
      vertex -45.8599 -9.90843 -24.7577
    endloop
  endfacet
  facet normal 0.857726 0.363529 0.363529
    outer loop
      vertex -43.2364 -13.0034 -27.8527
      vertex -45.8599 -15.5582 -19.1079
      vertex -43.2364 -18.6532 -22.2029
    endloop
  endfacet
  facet normal 0.857725 -0.36353 -0.36353
    outer loop
      vertex -43.2364 22.2029 18.6532
      vertex -45.8599 24.7577 9.90843
      vertex -43.2364 27.8527 13.0034
    endloop
  endfacet
  facet normal 0.857726 -0.363528 -0.36353
    outer loop
      vertex -45.8599 24.7577 9.90843
      vertex -43.2364 22.2029 18.6532
      vertex -45.8599 19.1079 15.5582
    endloop
  endfacet
  facet normal 0.970033 0.171807 0.171807
    outer loop
      vertex -51.0008 -5.39855 -8.94822
      vertex -49.7609 -3.24902 -18.0983
      vertex -51.0008 0.251238 -14.598
    endloop
  endfacet
  facet normal 0.970033 0.171808 0.171807
    outer loop
      vertex -49.7609 -3.24902 -18.0983
      vertex -51.0008 -5.39855 -8.94822
      vertex -49.7609 -8.8988 -12.4485
    endloop
  endfacet
  facet normal 0.941541 0.238224 0.238223
    outer loop
      vertex -49.7609 -8.8988 -12.4485
      vertex -48.0417 -6.64648 -21.4957
      vertex -49.7609 -3.24902 -18.0983
    endloop
  endfacet
  facet normal 0.941541 0.238222 0.238223
    outer loop
      vertex -48.0417 -6.64648 -21.4957
      vertex -49.7609 -8.8988 -12.4485
      vertex -48.0417 -12.2963 -15.8459
    endloop
  endfacet
  facet normal 0.67155 -0.523938 -0.523938
    outer loop
      vertex -32.9884 30.1981 26.6484
      vertex -36.7696 33.4246 18.5754
      vertex -32.9884 35.8479 20.9986
    endloop
  endfacet
  facet normal 0.67155 -0.523938 -0.523938
    outer loop
      vertex -36.7696 33.4246 18.5754
      vertex -32.9884 30.1981 26.6484
      vertex -36.7696 27.7748 24.2252
    endloop
  endfacet
  facet normal -3.54715e-05 -0.707115 0.707098
    outer loop
      vertex -48.0417 21.4957 6.64648
      vertex -42.3921 10.2394 -4.60981
      vertex -42 10.253 -4.59619
    endloop
  endfacet
  facet normal -4.56526e-05 -0.70715 0.707064
    outer loop
      vertex -51.0008 14.598 -0.251238
      vertex -42.7804 10.1987 -4.65054
      vertex -42.3921 10.2394 -4.60981
    endloop
  endfacet
  facet normal -6.97345e-05 -0.707172 0.707041
    outer loop
      vertex -51.0008 14.598 -0.251238
      vertex -43.1611 10.1313 -4.71799
      vertex -42.7804 10.1987 -4.65054
    endloop
  endfacet
  facet normal 0.000120662 -0.707005 0.707209
    outer loop
      vertex -51.0008 14.598 -0.251238
      vertex -43.5307 10.0377 -4.8115
      vertex -43.1611 10.1313 -4.71799
    endloop
  endfacet
  facet normal -5.27682e-05 -0.707147 0.707067
    outer loop
      vertex -51.0008 14.598 -0.251238
      vertex -43.8856 9.91907 -4.93017
      vertex -43.5307 10.0377 -4.8115
    endloop
  endfacet
  facet normal 7.78961e-08 -0.707107 0.707107
    outer loop
      vertex -51.0008 14.598 -0.251238
      vertex -44.2223 9.77637 -5.07287
      vertex -43.8856 9.91907 -4.93017
    endloop
  endfacet
  facet normal 8.85394e-08 -0.707107 0.707107
    outer loop
      vertex -51.0008 14.598 -0.251238
      vertex -44.5376 9.61102 -5.23822
      vertex -44.2223 9.77637 -5.07287
    endloop
  endfacet
  facet normal 9.92896e-08 -0.707107 0.707107
    outer loop
      vertex -51.0008 14.598 -0.251238
      vertex -44.8284 9.42462 -5.42462
      vertex -44.5376 9.61102 -5.23822
    endloop
  endfacet
  facet normal -1.37822e-05 -0.707115 0.707098
    outer loop
      vertex -51.0008 14.598 -0.251238
      vertex -45.092 9.21896 -5.63029
      vertex -44.8284 9.42462 -5.42462
    endloop
  endfacet
  facet normal 4.2291e-06 -0.707093 0.70712
    outer loop
      vertex -51.7496 11.0287 -3.82058
      vertex -45.3259 8.99601 -5.85323
      vertex -45.092 9.21896 -5.63029
    endloop
  endfacet
  facet normal -3.4719e-06 -0.707105 0.707108
    outer loop
      vertex -51.7496 11.0287 -3.82058
      vertex -45.5277 8.75793 -6.09131
      vertex -45.3259 8.99601 -5.85323
    endloop
  endfacet
  facet normal -3.65409e-06 -0.707106 0.707108
    outer loop
      vertex -51.7496 11.0287 -3.82058
      vertex -45.6955 8.50701 -6.34223
      vertex -45.5277 8.75793 -6.09131
    endloop
  endfacet
  facet normal -3.85835e-06 -0.707106 0.707108
    outer loop
      vertex -51.7496 11.0287 -3.82058
      vertex -45.8278 8.24567 -6.60357
      vertex -45.6955 8.50701 -6.34223
    endloop
  endfacet
  facet normal -4.09511e-06 -0.707106 0.707108
    outer loop
      vertex -51.7496 11.0287 -3.82058
      vertex -45.9231 7.97642 -6.87282
      vertex -45.8278 8.24567 -6.60357
    endloop
  endfacet
  facet normal -7.17135e-07 -0.707103 0.707111
    outer loop
      vertex -52 7.42462 -7.42462
      vertex -45.9231 7.97642 -6.87282
      vertex -51.7496 11.0287 -3.82058
    endloop
  endfacet
  facet normal 2.38392e-06 -0.70712 0.707094
    outer loop
      vertex -45.9231 7.97642 -6.87282
      vertex -52 7.42462 -7.42462
      vertex -45.9807 7.70186 -7.14739
    endloop
  endfacet
  facet normal 0 -0.707094 0.70712
    outer loop
      vertex -52 7.42462 -7.42462
      vertex -46 7.42462 -7.42462
      vertex -45.9807 7.70186 -7.14739
    endloop
  endfacet
  facet normal 0 -0.70712 0.707094
    outer loop
      vertex -52 7.42462 -7.42462
      vertex -45.9807 7.14739 -7.70186
      vertex -46 7.42462 -7.42462
    endloop
  endfacet
  facet normal 2.38392e-06 -0.707094 0.70712
    outer loop
      vertex -52 7.42462 -7.42462
      vertex -45.9231 6.87282 -7.97642
      vertex -45.9807 7.14739 -7.70186
    endloop
  endfacet
  facet normal -7.17135e-07 -0.707111 0.707103
    outer loop
      vertex -51.7496 3.82058 -11.0287
      vertex -45.9231 6.87282 -7.97642
      vertex -52 7.42462 -7.42462
    endloop
  endfacet
  facet normal -4.09511e-06 -0.707108 0.707106
    outer loop
      vertex -45.9231 6.87282 -7.97642
      vertex -51.7496 3.82058 -11.0287
      vertex -45.8278 6.60357 -8.24567
    endloop
  endfacet
  facet normal -3.85835e-06 -0.707108 0.707106
    outer loop
      vertex -45.8278 6.60357 -8.24567
      vertex -51.7496 3.82058 -11.0287
      vertex -45.6955 6.34223 -8.50701
    endloop
  endfacet
  facet normal -3.65409e-06 -0.707108 0.707106
    outer loop
      vertex -45.6955 6.34223 -8.50701
      vertex -51.7496 3.82058 -11.0287
      vertex -45.5277 6.09131 -8.75793
    endloop
  endfacet
  facet normal -3.4719e-06 -0.707108 0.707105
    outer loop
      vertex -45.5277 6.09131 -8.75793
      vertex -51.7496 3.82058 -11.0287
      vertex -45.3259 5.85323 -8.99601
    endloop
  endfacet
  facet normal 4.2291e-06 -0.70712 0.707093
    outer loop
      vertex -45.3259 5.85323 -8.99601
      vertex -51.7496 3.82058 -11.0287
      vertex -45.092 5.63029 -9.21896
    endloop
  endfacet
  facet normal -5.15414e-06 -0.707103 0.70711
    outer loop
      vertex -51.0008 0.251238 -14.598
      vertex -45.092 5.63029 -9.21896
      vertex -51.7496 3.82058 -11.0287
    endloop
  endfacet
  facet normal -1.37822e-05 -0.707098 0.707115
    outer loop
      vertex -45.092 5.63029 -9.21896
      vertex -51.0008 0.251238 -14.598
      vertex -44.8284 5.42462 -9.42462
    endloop
  endfacet
  facet normal 9.92896e-08 -0.707107 0.707107
    outer loop
      vertex -44.8284 5.42462 -9.42462
      vertex -51.0008 0.251238 -14.598
      vertex -44.5376 5.23822 -9.61102
    endloop
  endfacet
  facet normal 8.85394e-08 -0.707107 0.707107
    outer loop
      vertex -44.5376 5.23822 -9.61102
      vertex -51.0008 0.251238 -14.598
      vertex -44.2223 5.07287 -9.77637
    endloop
  endfacet
  facet normal -8.08502e-05 -0.707073 0.707141
    outer loop
      vertex -43.1611 4.71799 -10.1313
      vertex -49.7609 -3.24902 -18.0983
      vertex -42.7804 4.65054 -10.1987
    endloop
  endfacet
  facet normal 0.000142524 -0.707165 0.707048
    outer loop
      vertex -43.5307 4.8115 -10.0377
      vertex -49.7609 -3.24902 -18.0983
      vertex -43.1611 4.71799 -10.1313
    endloop
  endfacet
  facet normal -6.51958e-05 -0.707085 0.707128
    outer loop
      vertex -43.8856 4.93017 -9.91907
      vertex -49.7609 -3.24902 -18.0983
      vertex -43.5307 4.8115 -10.0377
    endloop
  endfacet
  facet normal 4.68653e-06 -0.70711 0.707103
    outer loop
      vertex -49.7609 -3.24902 -18.0983
      vertex -43.8856 4.93017 -9.91907
      vertex -51.0008 0.251238 -14.598
    endloop
  endfacet
  facet normal 7.78961e-08 -0.707107 0.707107
    outer loop
      vertex -44.2223 5.07287 -9.77637
      vertex -51.0008 0.251238 -14.598
      vertex -43.8856 4.93017 -9.91907
    endloop
  endfacet
  facet normal -1.36067e-05 -0.707109 0.707105
    outer loop
      vertex -6.24289 29.6173 14.768
      vertex -5.09689 44.0171 29.1679
      vertex -10.1447 43.4877 28.6384
    endloop
  endfacet
  facet normal -8.60133e-07 -0.707104 0.707109
    outer loop
      vertex -9.28911 29.0777 14.2285
      vertex -10.1447 43.4877 28.6384
      vertex -15.0948 42.6109 27.7616
    endloop
  endfacet
  facet normal -1.1925e-06 -0.707104 0.707109
    outer loop
      vertex -12.2459 28.3296 13.4804
      vertex -15.0948 42.6109 27.7616
      vertex -19.8995 41.3953 26.546
    endloop
  endfacet
  facet normal -1.4905e-06 -0.707105 0.707109
    outer loop
      vertex -17.7782 26.2386 11.3894
      vertex -19.8995 41.3953 26.546
      vertex -24.5126 39.8525 25.0032
    endloop
  endfacet
  facet normal -1.79219e-06 -0.707105 0.707109
    outer loop
      vertex -20.3006 24.9158 10.0666
      vertex -24.5126 39.8525 25.0032
      vertex -28.8897 37.9974 23.1481
    endloop
  endfacet
  facet normal -1.66134e-06 -0.707105 0.707108
    outer loop
      vertex -22.6274 23.4246 8.57538
      vertex -28.8897 37.9974 23.1481
      vertex -32.9884 35.8479 20.9986
    endloop
  endfacet
  facet normal 1.21868e-05 -0.707102 0.707112
    outer loop
      vertex -24.7363 21.7793 6.93006
      vertex -32.9884 35.8479 20.9986
      vertex -36.7696 33.4246 18.5754
    endloop
  endfacet
  facet normal -1.29739e-05 -0.707112 0.707102
    outer loop
      vertex -26.607 19.9957 5.1465
      vertex -36.7696 33.4246 18.5754
      vertex -40.1965 30.751 15.9017
    endloop
  endfacet
  facet normal -1.51346e-06 -0.707105 0.707109
    outer loop
      vertex -19.8995 41.3953 26.546
      vertex -15.0847 27.3802 12.531
      vertex -12.2459 28.3296 13.4804
    endloop
  endfacet
  facet normal -2.27178e-05 -0.707104 0.707109
    outer loop
      vertex 0 44.1942 29.3449
      vertex -3.13655 29.9431 15.0938
      vertex 0 30.052 15.2028
    endloop
  endfacet
  facet normal 1.39802e-05 -0.707108 0.707105
    outer loop
      vertex -5.09689 44.0171 29.1679
      vertex -3.13655 29.9431 15.0938
      vertex 0 44.1942 29.3449
    endloop
  endfacet
  facet normal 5.19361e-07 -0.707109 0.707104
    outer loop
      vertex -5.09689 44.0171 29.1679
      vertex -6.24289 29.6173 14.768
      vertex -3.13655 29.9431 15.0938
    endloop
  endfacet
  facet normal 2.21109e-05 -0.707104 0.70711
    outer loop
      vertex -10.1447 43.4877 28.6384
      vertex -9.28911 29.0777 14.2285
      vertex -6.24289 29.6173 14.768
    endloop
  endfacet
  facet normal -1.96003e-06 -0.707106 0.707108
    outer loop
      vertex -28.2215 18.0911 3.24187
      vertex -40.1965 30.751 15.9017
      vertex -43.2364 27.8527 13.0034
    endloop
  endfacet
  facet normal -1.19254e-06 -0.707104 0.707109
    outer loop
      vertex -15.0948 42.6109 27.7616
      vertex -12.2459 28.3296 13.4804
      vertex -9.28911 29.0777 14.2285
    endloop
  endfacet
  facet normal -1.8666e-06 -0.707105 0.707109
    outer loop
      vertex -19.8995 41.3953 26.546
      vertex -17.7782 26.2386 11.3894
      vertex -15.0847 27.3802 12.531
    endloop
  endfacet
  facet normal -2.16279e-06 -0.707105 0.707109
    outer loop
      vertex -24.5126 39.8525 25.0032
      vertex -20.3006 24.9158 10.0666
      vertex -17.7782 26.2386 11.3894
    endloop
  endfacet
  facet normal 2.81299e-06 -0.707105 0.707109
    outer loop
      vertex -29.5641 16.0838 1.23452
      vertex -43.2364 27.8527 13.0034
      vertex -45.8599 24.7577 9.90843
    endloop
  endfacet
  facet normal -6.71608e-06 -0.707106 0.707107
    outer loop
      vertex -28.8897 37.9974 23.1481
      vertex -22.6274 23.4246 8.57538
      vertex -20.3006 24.9158 10.0666
    endloop
  endfacet
  facet normal -6.21471e-06 -0.707107 0.707106
    outer loop
      vertex -32.9884 35.8479 20.9986
      vertex -24.7363 21.7793 6.93006
      vertex -22.6274 23.4246 8.57538
    endloop
  endfacet
  facet normal 9.49954e-06 -0.707105 0.707109
    outer loop
      vertex -41.2196 10.1987 -4.65054
      vertex -45.8599 24.7577 9.90843
      vertex -48.0417 21.4957 6.64648
    endloop
  endfacet
  facet normal 8.78268e-06 -0.707103 0.70711
    outer loop
      vertex -36.7696 33.4246 18.5754
      vertex -26.607 19.9957 5.1465
      vertex -24.7363 21.7793 6.93006
    endloop
  endfacet
  facet normal -1.30127e-05 -0.70711 0.707104
    outer loop
      vertex -42.3921 10.2394 -4.60981
      vertex -48.0417 21.4957 6.64648
      vertex -49.7609 18.0983 3.24902
    endloop
  endfacet
  facet normal -8.38969e-06 -0.707109 0.707105
    outer loop
      vertex -40.1965 30.751 15.9017
      vertex -28.2215 18.0911 3.24187
      vertex -26.607 19.9957 5.1465
    endloop
  endfacet
  facet normal -1.0278e-05 -0.707112 0.707101
    outer loop
      vertex -43.2364 27.8527 13.0034
      vertex -29.5641 16.0838 1.23452
      vertex -28.2215 18.0911 3.24187
    endloop
  endfacet
  facet normal 1.69236e-06 -0.707103 0.707111
    outer loop
      vertex -42.3921 10.2394 -4.60981
      vertex -49.7609 18.0983 3.24902
      vertex -51.0008 14.598 -0.251238
    endloop
  endfacet
  facet normal 5.81839e-05 -0.70709 0.707124
    outer loop
      vertex -48.0417 21.4957 6.64648
      vertex -41.6079 10.2394 -4.60981
      vertex -41.2196 10.1987 -4.65054
    endloop
  endfacet
  facet normal 9.86988e-05 -0.70709 0.707123
    outer loop
      vertex -45.8599 24.7577 9.90843
      vertex -41.2196 10.1987 -4.65054
      vertex -40.8389 10.1313 -4.71799
    endloop
  endfacet
  facet normal -5.15414e-06 -0.70711 0.707103
    outer loop
      vertex -45.092 9.21896 -5.63029
      vertex -51.0008 14.598 -0.251238
      vertex -51.7496 11.0287 -3.82058
    endloop
  endfacet
  facet normal 3.682e-05 -0.707096 0.707118
    outer loop
      vertex -48.0417 21.4957 6.64648
      vertex -42 10.253 -4.59619
      vertex -41.6079 10.2394 -4.60981
    endloop
  endfacet
  facet normal -3.41345e-06 -0.707108 0.707106
    outer loop
      vertex -30.6221 13.993 -0.856229
      vertex -45.8599 24.7577 9.90843
      vertex -40.8389 10.1313 -4.71799
    endloop
  endfacet
  facet normal 7.57463e-06 -0.7071 0.707113
    outer loop
      vertex -45.8599 24.7577 9.90843
      vertex -30.6221 13.993 -0.856229
      vertex -29.5641 16.0838 1.23452
    endloop
  endfacet
  facet normal -0.000104818 -0.706974 0.70724
    outer loop
      vertex -40.4693 10.0377 -4.8115
      vertex -30.6221 13.993 -0.856229
      vertex -40.8389 10.1313 -4.71799
    endloop
  endfacet
  facet normal 4.44405e-05 -0.70716 0.707054
    outer loop
      vertex -40.1144 9.91907 -4.93017
      vertex -30.6221 13.993 -0.856229
      vertex -40.4693 10.0377 -4.8115
    endloop
  endfacet
  facet normal -4.07133e-07 -0.707107 0.707106
    outer loop
      vertex -39.7777 9.77637 -5.07287
      vertex -30.6221 13.993 -0.856229
      vertex -40.1144 9.91907 -4.93017
    endloop
  endfacet
  facet normal -4.52321e-07 -0.707107 0.707106
    outer loop
      vertex -39.4624 9.61102 -5.23822
      vertex -30.6221 13.993 -0.856229
      vertex -39.7777 9.77637 -5.07287
    endloop
  endfacet
  facet normal -8.69867e-07 -0.707107 0.707107
    outer loop
      vertex -30.6221 13.993 -0.856229
      vertex -39.4624 9.61102 -5.23822
      vertex -31.3851 11.839 -3.01023
    endloop
  endfacet
  facet normal -6.12047e-07 -0.707107 0.707106
    outer loop
      vertex -39.1716 9.42462 -5.42462
      vertex -31.3851 11.839 -3.01023
      vertex -39.4624 9.61102 -5.23822
    endloop
  endfacet
  facet normal 6.97905e-06 -0.707119 0.707094
    outer loop
      vertex -38.908 9.21896 -5.63029
      vertex -31.3851 11.839 -3.01023
      vertex -39.1716 9.42462 -5.42462
    endloop
  endfacet
  facet normal -9.46692e-06 -0.707096 0.707118
    outer loop
      vertex -38.6741 8.99601 -5.85323
      vertex -31.3851 11.839 -3.01023
      vertex -38.908 9.21896 -5.63029
    endloop
  endfacet
  facet normal 1.67849e-06 -0.70711 0.707103
    outer loop
      vertex -31.3851 11.839 -3.01023
      vertex -38.6741 8.99601 -5.85323
      vertex -31.8459 9.6425 -5.20675
    endloop
  endfacet
  facet normal 9.58637e-07 -0.707106 0.707107
    outer loop
      vertex -38.4723 8.75793 -6.09131
      vertex -31.8459 9.6425 -5.20675
      vertex -38.6741 8.99601 -5.85323
    endloop
  endfacet
  facet normal 9.79651e-07 -0.707106 0.707107
    outer loop
      vertex -38.3045 8.50701 -6.34223
      vertex -31.8459 9.6425 -5.20675
      vertex -38.4723 8.75793 -6.09131
    endloop
  endfacet
  facet normal 1.00535e-06 -0.707107 0.707107
    outer loop
      vertex -38.1722 8.24567 -6.60357
      vertex -31.8459 9.6425 -5.20675
      vertex -38.3045 8.50701 -6.34223
    endloop
  endfacet
  facet normal 1.03671e-06 -0.707107 0.707107
    outer loop
      vertex -38.0769 7.97642 -6.87282
      vertex -31.8459 9.6425 -5.20675
      vertex -38.1722 8.24567 -6.60357
    endloop
  endfacet
  facet normal -2.38392e-06 -0.70712 0.707094
    outer loop
      vertex -32 7.42462 -7.42462
      vertex -38.0769 7.97642 -6.87282
      vertex -38.0193 7.70186 -7.14739
    endloop
  endfacet
  facet normal 0 -0.707094 0.70712
    outer loop
      vertex -32 7.42462 -7.42462
      vertex -38.0193 7.70186 -7.14739
      vertex -38 7.42462 -7.42462
    endloop
  endfacet
  facet normal 2.87684e-07 -0.707105 0.707108
    outer loop
      vertex -38.0769 7.97642 -6.87282
      vertex -32 7.42462 -7.42462
      vertex -31.8459 9.6425 -5.20675
    endloop
  endfacet
  facet normal 0 -0.70712 0.707094
    outer loop
      vertex -38.0193 7.14739 -7.70186
      vertex -32 7.42462 -7.42462
      vertex -38 7.42462 -7.42462
    endloop
  endfacet
  facet normal -2.38392e-06 -0.707094 0.70712
    outer loop
      vertex -38.0769 6.87282 -7.97642
      vertex -32 7.42462 -7.42462
      vertex -38.0193 7.14739 -7.70186
    endloop
  endfacet
  facet normal 1.03671e-06 -0.707107 0.707107
    outer loop
      vertex -31.8459 5.20675 -9.6425
      vertex -38.0769 6.87282 -7.97642
      vertex -38.1722 6.60357 -8.24567
    endloop
  endfacet
  facet normal 1.00535e-06 -0.707107 0.707107
    outer loop
      vertex -31.8459 5.20675 -9.6425
      vertex -38.1722 6.60357 -8.24567
      vertex -38.3045 6.34223 -8.50701
    endloop
  endfacet
  facet normal 9.79651e-07 -0.707107 0.707106
    outer loop
      vertex -31.8459 5.20675 -9.6425
      vertex -38.3045 6.34223 -8.50701
      vertex -38.4723 6.09131 -8.75793
    endloop
  endfacet
  facet normal 9.58637e-07 -0.707107 0.707106
    outer loop
      vertex -31.8459 5.20675 -9.6425
      vertex -38.4723 6.09131 -8.75793
      vertex -38.6741 5.85323 -8.99601
    endloop
  endfacet
  facet normal -9.46692e-06 -0.707118 0.707096
    outer loop
      vertex -31.3851 3.01023 -11.839
      vertex -38.6741 5.85323 -8.99601
      vertex -38.908 5.63029 -9.21896
    endloop
  endfacet
  facet normal 6.97905e-06 -0.707094 0.707119
    outer loop
      vertex -31.3851 3.01023 -11.839
      vertex -38.908 5.63029 -9.21896
      vertex -39.1716 5.42462 -9.42462
    endloop
  endfacet
  facet normal -6.12047e-07 -0.707106 0.707107
    outer loop
      vertex -31.3851 3.01023 -11.839
      vertex -39.1716 5.42462 -9.42462
      vertex -39.4624 5.23822 -9.61102
    endloop
  endfacet
  facet normal 2.87684e-07 -0.707108 0.707105
    outer loop
      vertex -38.0769 6.87282 -7.97642
      vertex -31.8459 5.20675 -9.6425
      vertex -32 7.42462 -7.42462
    endloop
  endfacet
  facet normal -4.52321e-07 -0.707106 0.707107
    outer loop
      vertex -30.6221 0.856229 -13.993
      vertex -39.4624 5.23822 -9.61102
      vertex -39.7777 5.07287 -9.77637
    endloop
  endfacet
  facet normal -4.07133e-07 -0.707106 0.707107
    outer loop
      vertex -30.6221 0.856229 -13.993
      vertex -39.7777 5.07287 -9.77637
      vertex -40.1144 4.93017 -9.91907
    endloop
  endfacet
  facet normal 4.44405e-05 -0.707054 0.70716
    outer loop
      vertex -30.6221 0.856229 -13.993
      vertex -40.1144 4.93017 -9.91907
      vertex -40.4693 4.8115 -10.0377
    endloop
  endfacet
  facet normal -0.000104818 -0.70724 0.706974
    outer loop
      vertex -30.6221 0.856229 -13.993
      vertex -40.4693 4.8115 -10.0377
      vertex -40.8389 4.71799 -10.1313
    endloop
  endfacet
  facet normal 9.86988e-05 -0.707123 0.70709
    outer loop
      vertex -45.8599 -9.90843 -24.7577
      vertex -40.8389 4.71799 -10.1313
      vertex -41.2196 4.65054 -10.1987
    endloop
  endfacet
  facet normal 5.81839e-05 -0.707124 0.70709
    outer loop
      vertex -48.0417 -6.64648 -21.4957
      vertex -41.2196 4.65054 -10.1987
      vertex -41.6079 4.60981 -10.2394
    endloop
  endfacet
  facet normal -5.0342e-05 -0.707086 0.707127
    outer loop
      vertex -42.7804 4.65054 -10.1987
      vertex -49.7609 -3.24902 -18.0983
      vertex -42.3921 4.60981 -10.2394
    endloop
  endfacet
  facet normal -1.30127e-05 -0.707104 0.70711
    outer loop
      vertex -48.0417 -6.64648 -21.4957
      vertex -42.3921 4.60981 -10.2394
      vertex -49.7609 -3.24902 -18.0983
    endloop
  endfacet
  facet normal -3.54715e-05 -0.707098 0.707115
    outer loop
      vertex -42.3921 4.60981 -10.2394
      vertex -48.0417 -6.64648 -21.4957
      vertex -42 4.59619 -10.253
    endloop
  endfacet
  facet normal 1.67849e-06 -0.707103 0.70711
    outer loop
      vertex -38.6741 5.85323 -8.99601
      vertex -31.3851 3.01023 -11.839
      vertex -31.8459 5.20675 -9.6425
    endloop
  endfacet
  facet normal 3.682e-05 -0.707118 0.707096
    outer loop
      vertex -42 4.59619 -10.253
      vertex -48.0417 -6.64648 -21.4957
      vertex -41.6079 4.60981 -10.2394
    endloop
  endfacet
  facet normal 9.49954e-06 -0.707109 0.707105
    outer loop
      vertex -41.2196 4.65054 -10.1987
      vertex -48.0417 -6.64648 -21.4957
      vertex -45.8599 -9.90843 -24.7577
    endloop
  endfacet
  facet normal -8.69867e-07 -0.707107 0.707107
    outer loop
      vertex -39.4624 5.23822 -9.61102
      vertex -30.6221 0.856229 -13.993
      vertex -31.3851 3.01023 -11.839
    endloop
  endfacet
  facet normal -3.41345e-06 -0.707106 0.707108
    outer loop
      vertex -40.8389 4.71799 -10.1313
      vertex -45.8599 -9.90843 -24.7577
      vertex -30.6221 0.856229 -13.993
    endloop
  endfacet
  facet normal 7.57463e-06 -0.707113 0.7071
    outer loop
      vertex -30.6221 0.856229 -13.993
      vertex -45.8599 -9.90843 -24.7577
      vertex -29.5641 -1.23452 -16.0838
    endloop
  endfacet
  facet normal 2.81299e-06 -0.707109 0.707105
    outer loop
      vertex -43.2364 -13.0034 -27.8527
      vertex -29.5641 -1.23452 -16.0838
      vertex -45.8599 -9.90843 -24.7577
    endloop
  endfacet
  facet normal -1.0278e-05 -0.707101 0.707112
    outer loop
      vertex -29.5641 -1.23452 -16.0838
      vertex -43.2364 -13.0034 -27.8527
      vertex -28.2215 -3.24187 -18.0911
    endloop
  endfacet
  facet normal -1.96003e-06 -0.707108 0.707106
    outer loop
      vertex -40.1965 -15.9017 -30.751
      vertex -28.2215 -3.24187 -18.0911
      vertex -43.2364 -13.0034 -27.8527
    endloop
  endfacet
  facet normal -8.38969e-06 -0.707105 0.707109
    outer loop
      vertex -28.2215 -3.24187 -18.0911
      vertex -40.1965 -15.9017 -30.751
      vertex -26.607 -5.1465 -19.9957
    endloop
  endfacet
  facet normal -1.29739e-05 -0.707102 0.707112
    outer loop
      vertex -36.7696 -18.5754 -33.4246
      vertex -26.607 -5.1465 -19.9957
      vertex -40.1965 -15.9017 -30.751
    endloop
  endfacet
  facet normal 8.78268e-06 -0.70711 0.707103
    outer loop
      vertex -26.607 -5.1465 -19.9957
      vertex -36.7696 -18.5754 -33.4246
      vertex -24.7363 -6.93006 -21.7793
    endloop
  endfacet
  facet normal 1.21868e-05 -0.707112 0.707102
    outer loop
      vertex -32.9884 -20.9986 -35.8479
      vertex -24.7363 -6.93006 -21.7793
      vertex -36.7696 -18.5754 -33.4246
    endloop
  endfacet
  facet normal -6.21471e-06 -0.707106 0.707107
    outer loop
      vertex -24.7363 -6.93006 -21.7793
      vertex -32.9884 -20.9986 -35.8479
      vertex -22.6274 -8.57538 -23.4246
    endloop
  endfacet
  facet normal -1.66134e-06 -0.707108 0.707105
    outer loop
      vertex -28.8897 -23.1481 -37.9974
      vertex -22.6274 -8.57538 -23.4246
      vertex -32.9884 -20.9986 -35.8479
    endloop
  endfacet
  facet normal -6.71608e-06 -0.707107 0.707106
    outer loop
      vertex -22.6274 -8.57538 -23.4246
      vertex -28.8897 -23.1481 -37.9974
      vertex -20.3006 -10.0666 -24.9158
    endloop
  endfacet
  facet normal -1.79219e-06 -0.707109 0.707105
    outer loop
      vertex -24.5126 -25.0032 -39.8525
      vertex -20.3006 -10.0666 -24.9158
      vertex -28.8897 -23.1481 -37.9974
    endloop
  endfacet
  facet normal -2.16279e-06 -0.707109 0.707105
    outer loop
      vertex -20.3006 -10.0666 -24.9158
      vertex -24.5126 -25.0032 -39.8525
      vertex -17.7782 -11.3894 -26.2386
    endloop
  endfacet
  facet normal -1.4905e-06 -0.707109 0.707105
    outer loop
      vertex -19.8995 -26.546 -41.3953
      vertex -17.7782 -11.3894 -26.2386
      vertex -24.5126 -25.0032 -39.8525
    endloop
  endfacet
  facet normal -1.8666e-06 -0.707109 0.707105
    outer loop
      vertex -17.7782 -11.3894 -26.2386
      vertex -19.8995 -26.546 -41.3953
      vertex -15.0847 -12.531 -27.3802
    endloop
  endfacet
  facet normal -1.51346e-06 -0.707109 0.707105
    outer loop
      vertex -15.0847 -12.531 -27.3802
      vertex -19.8995 -26.546 -41.3953
      vertex -12.2459 -13.4804 -28.3296
    endloop
  endfacet
  facet normal -1.1925e-06 -0.707109 0.707104
    outer loop
      vertex -15.0948 -27.7616 -42.6109
      vertex -12.2459 -13.4804 -28.3296
      vertex -19.8995 -26.546 -41.3953
    endloop
  endfacet
  facet normal -1.19254e-06 -0.707109 0.707104
    outer loop
      vertex -12.2459 -13.4804 -28.3296
      vertex -15.0948 -27.7616 -42.6109
      vertex -9.28911 -14.2285 -29.0777
    endloop
  endfacet
  facet normal -8.60133e-07 -0.707109 0.707104
    outer loop
      vertex -10.1447 -28.6384 -43.4877
      vertex -9.28911 -14.2285 -29.0777
      vertex -15.0948 -27.7616 -42.6109
    endloop
  endfacet
  facet normal 2.21109e-05 -0.70711 0.707104
    outer loop
      vertex -9.28911 -14.2285 -29.0777
      vertex -10.1447 -28.6384 -43.4877
      vertex -6.24289 -14.768 -29.6173
    endloop
  endfacet
  facet normal -1.36067e-05 -0.707105 0.707109
    outer loop
      vertex -5.09689 -29.1679 -44.0171
      vertex -6.24289 -14.768 -29.6173
      vertex -10.1447 -28.6384 -43.4877
    endloop
  endfacet
  facet normal 5.19361e-07 -0.707104 0.707109
    outer loop
      vertex -6.24289 -14.768 -29.6173
      vertex -5.09689 -29.1679 -44.0171
      vertex -3.13655 -15.0938 -29.9431
    endloop
  endfacet
  facet normal 1.39802e-05 -0.707105 0.707108
    outer loop
      vertex 0 -29.3449 -44.1942
      vertex -3.13655 -15.0938 -29.9431
      vertex -5.09689 -29.1679 -44.0171
    endloop
  endfacet
  facet normal -2.27178e-05 -0.707109 0.707104
    outer loop
      vertex -3.13655 -15.0938 -29.9431
      vertex 0 -29.3449 -44.1942
      vertex 0 -15.2028 -30.052
    endloop
  endfacet
  facet normal 0.514099 -0.606507 -0.606507
    outer loop
      vertex -28.8897 32.3476 28.7979
      vertex -24.5126 39.8525 25.0032
      vertex -24.5126 34.2027 30.653
    endloop
  endfacet
  facet normal 0.514099 -0.606507 -0.606507
    outer loop
      vertex -24.5126 39.8525 25.0032
      vertex -28.8897 32.3476 28.7979
      vertex -28.8897 37.9974 23.1481
    endloop
  endfacet
  facet normal 0.998795 0.0346968 0.0346968
    outer loop
      vertex -52 1.77484 -1.77484
      vertex -51.7496 3.82058 -11.0287
      vertex -52 7.42462 -7.42462
    endloop
  endfacet
  facet normal 0.998795 0.034697 0.0346968
    outer loop
      vertex -51.7496 3.82058 -11.0287
      vertex -52 1.77484 -1.77484
      vertex -51.7496 -1.82921 -5.37888
    endloop
  endfacet
  facet normal 0.970033 -0.171807 -0.171807
    outer loop
      vertex -49.7609 12.4485 8.8988
      vertex -51.0008 14.598 -0.251238
      vertex -49.7609 18.0983 3.24902
    endloop
  endfacet
  facet normal 0.970033 -0.171808 -0.171807
    outer loop
      vertex -51.0008 14.598 -0.251238
      vertex -49.7609 12.4485 8.8988
      vertex -51.0008 8.94822 5.39855
    endloop
  endfacet
  facet normal 0.336884 0.665774 0.665774
    outer loop
      vertex -19.8995 -32.1958 -35.7455
      vertex -15.0948 -27.7616 -42.6109
      vertex -19.8995 -26.546 -41.3953
    endloop
  endfacet
  facet normal 0.336884 0.665774 0.665774
    outer loop
      vertex -15.0948 -27.7616 -42.6109
      vertex -19.8995 -32.1958 -35.7455
      vertex -15.0948 -33.4114 -36.9611
    endloop
  endfacet
  facet normal 0.336884 -0.665774 -0.665774
    outer loop
      vertex -19.8995 35.7455 32.1958
      vertex -15.0948 42.6109 27.7616
      vertex -15.0948 36.9611 33.4114
    endloop
  endfacet
  facet normal 0.336884 -0.665774 -0.665774
    outer loop
      vertex -15.0948 42.6109 27.7616
      vertex -19.8995 35.7455 32.1958
      vertex -19.8995 41.3953 26.546
    endloop
  endfacet
  facet normal 0.0490662 -0.706255 -0.706255
    outer loop
      vertex -5.09689 44.0171 29.1679
      vertex 0 38.5444 34.9947
      vertex -5.09689 38.3673 34.8177
    endloop
  endfacet
  facet normal 0.0490662 -0.706255 -0.706255
    outer loop
      vertex 0 38.5444 34.9947
      vertex -5.09689 44.0171 29.1679
      vertex 0 44.1942 29.3449
    endloop
  endfacet
  facet normal 0.427557 -0.639216 -0.639216
    outer loop
      vertex -24.5126 34.2027 30.653
      vertex -19.8995 41.3953 26.546
      vertex -19.8995 35.7455 32.1958
    endloop
  endfacet
  facet normal 0.427557 -0.639216 -0.639216
    outer loop
      vertex -19.8995 41.3953 26.546
      vertex -24.5126 34.2027 30.653
      vertex -24.5126 39.8525 25.0032
    endloop
  endfacet
  facet normal 0.595705 -0.56795 -0.56795
    outer loop
      vertex -28.8897 32.3476 28.7979
      vertex -32.9884 35.8479 20.9986
      vertex -28.8897 37.9974 23.1481
    endloop
  endfacet
  facet normal 0.595705 -0.56795 -0.56795
    outer loop
      vertex -32.9884 35.8479 20.9986
      vertex -28.8897 32.3476 28.7979
      vertex -32.9884 30.1981 26.6484
    endloop
  endfacet
  facet normal 0.989176 -0.103759 -0.103758
    outer loop
      vertex -51.0008 8.94822 5.39855
      vertex -51.7496 11.0287 -3.82058
      vertex -51.0008 14.598 -0.251238
    endloop
  endfacet
  facet normal 0.989176 -0.103758 -0.103758
    outer loop
      vertex -51.7496 11.0287 -3.82058
      vertex -51.0008 8.94822 5.39855
      vertex -51.7496 5.37888 1.82921
    endloop
  endfacet
  facet normal 0.242989 0.685914 0.685914
    outer loop
      vertex -10.1447 -34.2882 -37.8379
      vertex -15.0948 -27.7616 -42.6109
      vertex -15.0948 -33.4114 -36.9611
    endloop
  endfacet
  facet normal 0.242989 0.685914 0.685914
    outer loop
      vertex -15.0948 -27.7616 -42.6109
      vertex -10.1447 -34.2882 -37.8379
      vertex -10.1447 -28.6384 -43.4877
    endloop
  endfacet
  facet normal 0.803206 0.421224 0.421224
    outer loop
      vertex -43.2364 -18.6532 -22.2029
      vertex -40.1965 -15.9017 -30.751
      vertex -43.2364 -13.0034 -27.8527
    endloop
  endfacet
  facet normal 0.803206 0.421224 0.421224
    outer loop
      vertex -40.1965 -15.9017 -30.751
      vertex -43.2364 -18.6532 -22.2029
      vertex -40.1965 -21.5515 -25.1012
    endloop
  endfacet
  facet normal 0.903993 0.302321 0.302322
    outer loop
      vertex -48.0417 -12.2963 -15.8459
      vertex -45.8599 -9.90843 -24.7577
      vertex -48.0417 -6.64648 -21.4957
    endloop
  endfacet
  facet normal 0.903992 0.302324 0.302323
    outer loop
      vertex -45.8599 -9.90843 -24.7577
      vertex -48.0417 -12.2963 -15.8459
      vertex -45.8599 -15.5582 -19.1079
    endloop
  endfacet
  facet normal 0.427557 0.639216 0.639216
    outer loop
      vertex -19.8995 -32.1958 -35.7455
      vertex -24.5126 -25.0032 -39.8525
      vertex -24.5126 -30.653 -34.2027
    endloop
  endfacet
  facet normal 0.427557 0.639216 0.639216
    outer loop
      vertex -24.5126 -25.0032 -39.8525
      vertex -19.8995 -32.1958 -35.7455
      vertex -19.8995 -26.546 -41.3953
    endloop
  endfacet
  facet normal 0.146727 -0.699454 -0.699454
    outer loop
      vertex -10.1447 37.8379 34.2882
      vertex -5.09689 44.0171 29.1679
      vertex -5.09689 38.3673 34.8177
    endloop
  endfacet
  facet normal 0.146727 -0.699454 -0.699454
    outer loop
      vertex -5.09689 44.0171 29.1679
      vertex -10.1447 37.8379 34.2882
      vertex -10.1447 43.4877 28.6384
    endloop
  endfacet
  facet normal 0.989176 0.103759 0.103758
    outer loop
      vertex -51.7496 -1.82921 -5.37888
      vertex -51.0008 0.251238 -14.598
      vertex -51.7496 3.82058 -11.0287
    endloop
  endfacet
  facet normal 0.989176 0.103758 0.103758
    outer loop
      vertex -51.0008 0.251238 -14.598
      vertex -51.7496 -1.82921 -5.37888
      vertex -51.0008 -5.39855 -8.94822
    endloop
  endfacet
  facet normal 0.740961 0.474856 0.474856
    outer loop
      vertex -40.1965 -21.5515 -25.1012
      vertex -36.7696 -18.5754 -33.4246
      vertex -40.1965 -15.9017 -30.751
    endloop
  endfacet
  facet normal 0.740961 0.474856 0.474856
    outer loop
      vertex -36.7696 -18.5754 -33.4246
      vertex -40.1965 -21.5515 -25.1012
      vertex -36.7696 -24.2252 -27.7748
    endloop
  endfacet
  facet normal 0.903993 -0.302321 -0.302323
    outer loop
      vertex -45.8599 19.1079 15.5582
      vertex -48.0417 21.4957 6.64648
      vertex -45.8599 24.7577 9.90843
    endloop
  endfacet
  facet normal 0.903992 -0.302324 -0.302323
    outer loop
      vertex -48.0417 21.4957 6.64648
      vertex -45.8599 19.1079 15.5582
      vertex -48.0417 15.8459 12.2963
    endloop
  endfacet
  facet normal 0.595705 0.56795 0.56795
    outer loop
      vertex -32.9884 -26.6484 -30.1981
      vertex -28.8897 -23.1481 -37.9974
      vertex -32.9884 -20.9986 -35.8479
    endloop
  endfacet
  facet normal 0.595705 0.56795 0.56795
    outer loop
      vertex -28.8897 -23.1481 -37.9974
      vertex -32.9884 -26.6484 -30.1981
      vertex -28.8897 -28.7979 -32.3476
    endloop
  endfacet
  facet normal 0.0490662 0.706255 0.706255
    outer loop
      vertex 0 -34.9947 -38.5444
      vertex -5.09689 -29.1679 -44.0171
      vertex -5.09689 -34.8177 -38.3673
    endloop
  endfacet
  facet normal 0.0490662 0.706255 0.706255
    outer loop
      vertex -5.09689 -29.1679 -44.0171
      vertex 0 -34.9947 -38.5444
      vertex 0 -29.3449 -44.1942
    endloop
  endfacet
  facet normal 0.998795 -0.0346967 -0.0346968
    outer loop
      vertex -51.7496 5.37888 1.82921
      vertex -52 7.42462 -7.42462
      vertex -51.7496 11.0287 -3.82058
    endloop
  endfacet
  facet normal 0.998795 -0.0346969 -0.0346969
    outer loop
      vertex -52 7.42462 -7.42462
      vertex -51.7496 5.37888 1.82921
      vertex -52 1.77484 -1.77484
    endloop
  endfacet
  facet normal -0.671559 -0.523931 -0.523932
    outer loop
      vertex -20.3006 -10.0666 -24.9158
      vertex -22.6274 -14.2252 -17.7748
      vertex -22.6274 -8.57538 -23.4246
    endloop
  endfacet
  facet normal -0.671569 -0.52392 -0.52393
    outer loop
      vertex -22.6274 -14.2252 -17.7748
      vertex -20.3006 -10.0666 -24.9158
      vertex -20.3006 -15.7164 -19.2661
    endloop
  endfacet
  facet normal -0.146721 -0.699454 -0.699454
    outer loop
      vertex -6.24289 -14.768 -29.6173
      vertex -3.13655 -20.7436 -24.2933
      vertex -6.24289 -20.4178 -23.9675
    endloop
  endfacet
  facet normal -0.146721 -0.699454 -0.699454
    outer loop
      vertex -3.13655 -20.7436 -24.2933
      vertex -6.24289 -14.768 -29.6173
      vertex -3.13655 -15.0938 -29.9431
    endloop
  endfacet
  facet normal -0.24298 0.685916 0.685916
    outer loop
      vertex -9.28911 29.0777 14.2285
      vertex -6.24289 23.9675 20.4178
      vertex -6.24289 29.6173 14.768
    endloop
  endfacet
  facet normal -0.24298 0.685916 0.685916
    outer loop
      vertex -6.24289 23.9675 20.4178
      vertex -9.28911 29.0777 14.2285
      vertex -9.28911 23.4279 19.8783
    endloop
  endfacet
  facet normal -0.970034 -0.171805 -0.171805
    outer loop
      vertex -30.6221 0.856229 -13.993
      vertex -31.3851 -2.63955 -6.18923
      vertex -31.3851 3.01023 -11.839
    endloop
  endfacet
  facet normal -0.970034 -0.171805 -0.171805
    outer loop
      vertex -31.3851 -2.63955 -6.18923
      vertex -30.6221 0.856229 -13.993
      vertex -30.6221 -4.79355 -8.34323
    endloop
  endfacet
  facet normal -0.94154 -0.238225 -0.238225
    outer loop
      vertex -29.5641 -1.23452 -16.0838
      vertex -30.6221 -4.79355 -8.34323
      vertex -30.6221 0.856229 -13.993
    endloop
  endfacet
  facet normal -0.941539 -0.238227 -0.238226
    outer loop
      vertex -30.6221 -4.79355 -8.34323
      vertex -29.5641 -1.23452 -16.0838
      vertex -29.5641 -6.8843 -10.434
    endloop
  endfacet
  facet normal -0.998795 -0.0346986 -0.0346986
    outer loop
      vertex -31.8459 5.20675 -9.6425
      vertex -32 1.77484 -1.77484
      vertex -32 7.42462 -7.42462
    endloop
  endfacet
  facet normal -0.998795 -0.0346987 -0.0346986
    outer loop
      vertex -32 1.77484 -1.77484
      vertex -31.8459 5.20675 -9.6425
      vertex -31.8459 -0.443036 -3.99271
    endloop
  endfacet
  facet normal -0.0490644 0.706261 0.706249
    outer loop
      vertex -3.13655 29.9431 15.0938
      vertex 0 24.4023 20.8526
      vertex 0 30.052 15.2028
    endloop
  endfacet
  facet normal -0.0490869 0.706254 0.706254
    outer loop
      vertex 0 24.4023 20.8526
      vertex -3.13655 29.9431 15.0938
      vertex -3.13655 24.2933 20.7436
    endloop
  endfacet
  facet normal -0.336895 -0.665771 -0.665771
    outer loop
      vertex -12.2459 -13.4804 -28.3296
      vertex -9.28911 -19.8783 -23.4279
      vertex -12.2459 -19.1302 -22.6798
    endloop
  endfacet
  facet normal -0.336895 -0.665771 -0.665771
    outer loop
      vertex -9.28911 -19.8783 -23.4279
      vertex -12.2459 -13.4804 -28.3296
      vertex -9.28911 -14.2285 -29.0777
    endloop
  endfacet
  facet normal -0.0490869 -0.706254 -0.706254
    outer loop
      vertex -3.13655 -15.0938 -29.9431
      vertex 0 -20.8526 -24.4023
      vertex -3.13655 -20.7436 -24.2933
    endloop
  endfacet
  facet normal -0.0490644 -0.706249 -0.706261
    outer loop
      vertex 0 -20.8526 -24.4023
      vertex -3.13655 -15.0938 -29.9431
      vertex 0 -15.2028 -30.052
    endloop
  endfacet
  facet normal -0.671559 0.523936 0.523927
    outer loop
      vertex -22.6274 23.4246 8.57538
      vertex -20.3006 19.2661 15.7164
      vertex -20.3006 24.9158 10.0666
    endloop
  endfacet
  facet normal -0.671569 0.523926 0.523924
    outer loop
      vertex -20.3006 19.2661 15.7164
      vertex -22.6274 23.4246 8.57538
      vertex -22.6274 17.7748 14.2252
    endloop
  endfacet
  facet normal -0.740952 0.474864 0.474862
    outer loop
      vertex -24.7363 21.7793 6.93006
      vertex -22.6274 17.7748 14.2252
      vertex -22.6274 23.4246 8.57538
    endloop
  endfacet
  facet normal -0.74096 0.474854 0.474859
    outer loop
      vertex -22.6274 17.7748 14.2252
      vertex -24.7363 21.7793 6.93006
      vertex -24.7363 16.1295 12.5798
    endloop
  endfacet
  facet normal -0.85772 0.363538 0.363532
    outer loop
      vertex -28.2215 18.0911 3.24187
      vertex -26.607 14.346 10.7963
      vertex -26.607 19.9957 5.1465
    endloop
  endfacet
  facet normal -0.857727 0.363526 0.363528
    outer loop
      vertex -26.607 14.346 10.7963
      vertex -28.2215 18.0911 3.24187
      vertex -28.2215 12.4413 8.89165
    endloop
  endfacet
  facet normal -0.514113 0.606501 0.606501
    outer loop
      vertex -15.0847 27.3802 12.531
      vertex -17.7782 20.5888 17.0392
      vertex -15.0847 21.7304 18.1808
    endloop
  endfacet
  facet normal -0.514113 0.606501 0.606501
    outer loop
      vertex -17.7782 20.5888 17.0392
      vertex -15.0847 27.3802 12.531
      vertex -17.7782 26.2386 11.3894
    endloop
  endfacet
  facet normal -0.94154 0.238225 0.238225
    outer loop
      vertex -30.6221 13.993 -0.856229
      vertex -29.5641 10.434 6.8843
      vertex -29.5641 16.0838 1.23452
    endloop
  endfacet
  facet normal -0.941539 0.238227 0.238226
    outer loop
      vertex -29.5641 10.434 6.8843
      vertex -30.6221 13.993 -0.856229
      vertex -30.6221 8.34323 4.79355
    endloop
  endfacet
  facet normal -0.427556 0.639217 0.639217
    outer loop
      vertex -15.0847 27.3802 12.531
      vertex -12.2459 22.6798 19.1302
      vertex -12.2459 28.3296 13.4804
    endloop
  endfacet
  facet normal -0.427556 0.639217 0.639217
    outer loop
      vertex -12.2459 22.6798 19.1302
      vertex -15.0847 27.3802 12.531
      vertex -15.0847 21.7304 18.1808
    endloop
  endfacet
  facet normal -0.595696 0.567955 0.567955
    outer loop
      vertex -20.3006 24.9158 10.0666
      vertex -17.7782 20.5888 17.0392
      vertex -17.7782 26.2386 11.3894
    endloop
  endfacet
  facet normal -0.595681 0.567968 0.567958
    outer loop
      vertex -17.7782 20.5888 17.0392
      vertex -20.3006 24.9158 10.0666
      vertex -20.3006 19.2661 15.7164
    endloop
  endfacet
  facet normal -0.146721 0.699454 0.699454
    outer loop
      vertex -6.24289 29.6173 14.768
      vertex -3.13655 24.2933 20.7436
      vertex -3.13655 29.9431 15.0938
    endloop
  endfacet
  facet normal -0.146721 0.699454 0.699454
    outer loop
      vertex -3.13655 24.2933 20.7436
      vertex -6.24289 29.6173 14.768
      vertex -6.24289 23.9675 20.4178
    endloop
  endfacet
  facet normal -0.903995 -0.302319 -0.302318
    outer loop
      vertex -28.2215 -3.24187 -18.0911
      vertex -29.5641 -6.8843 -10.434
      vertex -29.5641 -1.23452 -16.0838
    endloop
  endfacet
  facet normal -0.903995 -0.302319 -0.302318
    outer loop
      vertex -29.5641 -6.8843 -10.434
      vertex -28.2215 -3.24187 -18.0911
      vertex -28.2215 -8.89165 -12.4413
    endloop
  endfacet
  facet normal -0.970034 0.171805 0.171805
    outer loop
      vertex -31.3851 11.839 -3.01023
      vertex -30.6221 8.34323 4.79355
      vertex -30.6221 13.993 -0.856229
    endloop
  endfacet
  facet normal -0.970034 0.171805 0.171805
    outer loop
      vertex -30.6221 8.34323 4.79355
      vertex -31.3851 11.839 -3.01023
      vertex -31.3851 6.18923 2.63955
    endloop
  endfacet
  facet normal -0.740952 -0.474866 -0.474861
    outer loop
      vertex -22.6274 -8.57538 -23.4246
      vertex -24.7363 -12.5798 -16.1295
      vertex -24.7363 -6.93006 -21.7793
    endloop
  endfacet
  facet normal -0.74096 -0.474856 -0.474858
    outer loop
      vertex -24.7363 -12.5798 -16.1295
      vertex -22.6274 -8.57538 -23.4246
      vertex -22.6274 -14.2252 -17.7748
    endloop
  endfacet
  facet normal -0.336895 0.665771 0.665771
    outer loop
      vertex -12.2459 28.3296 13.4804
      vertex -9.28911 23.4279 19.8783
      vertex -9.28911 29.0777 14.2285
    endloop
  endfacet
  facet normal -0.336895 0.665771 0.665771
    outer loop
      vertex -9.28911 23.4279 19.8783
      vertex -12.2459 28.3296 13.4804
      vertex -12.2459 22.6798 19.1302
    endloop
  endfacet
  facet normal -0.989176 0.103758 0.103758
    outer loop
      vertex -31.8459 9.6425 -5.20675
      vertex -31.3851 6.18923 2.63955
      vertex -31.3851 11.839 -3.01023
    endloop
  endfacet
  facet normal -0.989176 0.103758 0.103758
    outer loop
      vertex -31.3851 6.18923 2.63955
      vertex -31.8459 9.6425 -5.20675
      vertex -31.8459 3.99271 0.443036
    endloop
  endfacet
  facet normal -0.998795 0.0346986 0.0346986
    outer loop
      vertex -32 7.42462 -7.42462
      vertex -31.8459 3.99271 0.443036
      vertex -31.8459 9.6425 -5.20675
    endloop
  endfacet
  facet normal -0.998795 0.0346986 0.0346986
    outer loop
      vertex -31.8459 3.99271 0.443036
      vertex -32 7.42462 -7.42462
      vertex -32 1.77484 -1.77484
    endloop
  endfacet
  facet normal -0.989176 -0.103758 -0.103758
    outer loop
      vertex -31.3851 3.01023 -11.839
      vertex -31.8459 -0.443036 -3.99271
      vertex -31.8459 5.20675 -9.6425
    endloop
  endfacet
  facet normal -0.989176 -0.103758 -0.103758
    outer loop
      vertex -31.8459 -0.443036 -3.99271
      vertex -31.3851 3.01023 -11.839
      vertex -31.3851 -2.63955 -6.18923
    endloop
  endfacet
  facet normal -0.803209 0.421219 0.421224
    outer loop
      vertex -26.607 19.9957 5.1465
      vertex -24.7363 16.1295 12.5798
      vertex -24.7363 21.7793 6.93006
    endloop
  endfacet
  facet normal -0.803197 0.421237 0.42123
    outer loop
      vertex -24.7363 16.1295 12.5798
      vertex -26.607 19.9957 5.1465
      vertex -26.607 14.346 10.7963
    endloop
  endfacet
  facet normal -0.803209 -0.421218 -0.421225
    outer loop
      vertex -24.7363 -6.93006 -21.7793
      vertex -26.607 -10.7963 -14.346
      vertex -26.607 -5.1465 -19.9957
    endloop
  endfacet
  facet normal -0.803197 -0.421236 -0.421231
    outer loop
      vertex -26.607 -10.7963 -14.346
      vertex -24.7363 -6.93006 -21.7793
      vertex -24.7363 -12.5798 -16.1295
    endloop
  endfacet
  facet normal -0.514113 -0.606501 -0.606501
    outer loop
      vertex -17.7782 -11.3894 -26.2386
      vertex -15.0847 -18.1808 -21.7304
      vertex -17.7782 -17.0392 -20.5888
    endloop
  endfacet
  facet normal -0.514113 -0.606501 -0.606501
    outer loop
      vertex -15.0847 -18.1808 -21.7304
      vertex -17.7782 -11.3894 -26.2386
      vertex -15.0847 -12.531 -27.3802
    endloop
  endfacet
  facet normal -0.595696 -0.56795 -0.56796
    outer loop
      vertex -17.7782 -11.3894 -26.2386
      vertex -20.3006 -15.7164 -19.2661
      vertex -20.3006 -10.0666 -24.9158
    endloop
  endfacet
  facet normal -0.595681 -0.567963 -0.567963
    outer loop
      vertex -20.3006 -15.7164 -19.2661
      vertex -17.7782 -11.3894 -26.2386
      vertex -17.7782 -17.0392 -20.5888
    endloop
  endfacet
  facet normal -0.427556 -0.639217 -0.639217
    outer loop
      vertex -15.0847 -12.531 -27.3802
      vertex -12.2459 -19.1302 -22.6798
      vertex -15.0847 -18.1808 -21.7304
    endloop
  endfacet
  facet normal -0.427556 -0.639217 -0.639217
    outer loop
      vertex -12.2459 -19.1302 -22.6798
      vertex -15.0847 -12.531 -27.3802
      vertex -12.2459 -13.4804 -28.3296
    endloop
  endfacet
  facet normal -0.24298 -0.685916 -0.685916
    outer loop
      vertex -9.28911 -14.2285 -29.0777
      vertex -6.24289 -20.4178 -23.9675
      vertex -9.28911 -19.8783 -23.4279
    endloop
  endfacet
  facet normal -0.24298 -0.685916 -0.685916
    outer loop
      vertex -6.24289 -20.4178 -23.9675
      vertex -9.28911 -14.2285 -29.0777
      vertex -6.24289 -14.768 -29.6173
    endloop
  endfacet
  facet normal -0.85772 -0.363536 -0.363535
    outer loop
      vertex -26.607 -5.1465 -19.9957
      vertex -28.2215 -8.89165 -12.4413
      vertex -28.2215 -3.24187 -18.0911
    endloop
  endfacet
  facet normal -0.857727 -0.363524 -0.36353
    outer loop
      vertex -28.2215 -8.89165 -12.4413
      vertex -26.607 -5.1465 -19.9957
      vertex -26.607 -10.7963 -14.346
    endloop
  endfacet
  facet normal -0.903995 0.302318 0.302319
    outer loop
      vertex -29.5641 16.0838 1.23452
      vertex -28.2215 12.4413 8.89165
      vertex -28.2215 18.0911 3.24187
    endloop
  endfacet
  facet normal -0.903995 0.302318 0.302319
    outer loop
      vertex -28.2215 12.4413 8.89165
      vertex -29.5641 16.0838 1.23452
      vertex -29.5641 10.434 6.8843
    endloop
  endfacet
  facet normal -1 -0 0
    outer loop
      vertex 0 44.1942 29.3449
      vertex 0 30.052 15.2028
      vertex 0 38.5444 34.9947
    endloop
  endfacet
  facet normal -1 0 0
    outer loop
      vertex 0 38.5444 34.9947
      vertex 0 40.3758 36.8403
      vertex 0 40.3829 36.8332
    endloop
  endfacet
  facet normal -1 0 0
    outer loop
      vertex 0 24.4023 20.8526
      vertex 0 38.5444 34.9947
      vertex 0 30.052 15.2028
    endloop
  endfacet
  facet normal -1 0 0
    outer loop
      vertex 0 24.4023 20.8526
      vertex 0 40.3758 36.8403
      vertex 0 38.5444 34.9947
    endloop
  endfacet
  facet normal -1 0 0
    outer loop
      vertex 0 22.5567 19.0212
      vertex 0 24.4023 20.8526
      vertex 0 22.5638 19.0141
    endloop
  endfacet
  facet normal -1 -0 0
    outer loop
      vertex 0 24.4023 20.8526
      vertex 0 22.5567 19.0212
      vertex 0 40.3758 36.8403
    endloop
  endfacet
  facet normal -1 -0 0
    outer loop
      vertex 0 -15.2028 -30.052
      vertex 0 -29.3449 -44.1942
      vertex 0 -20.8526 -24.4023
    endloop
  endfacet
  facet normal -1 0 0
    outer loop
      vertex 0 -20.8526 -24.4023
      vertex 0 -19.0212 -22.5567
      vertex 0 -19.0141 -22.5638
    endloop
  endfacet
  facet normal -1 0 0
    outer loop
      vertex 0 -34.9947 -38.5444
      vertex 0 -20.8526 -24.4023
      vertex 0 -29.3449 -44.1942
    endloop
  endfacet
  facet normal -1 0 0
    outer loop
      vertex 0 -34.9947 -38.5444
      vertex 0 -19.0212 -22.5567
      vertex 0 -20.8526 -24.4023
    endloop
  endfacet
  facet normal -1 0 0
    outer loop
      vertex 0 -36.8403 -40.3758
      vertex 0 -34.9947 -38.5444
      vertex 0 -36.8332 -40.3829
    endloop
  endfacet
  facet normal -1 -0 0
    outer loop
      vertex 0 -34.9947 -38.5444
      vertex 0 -36.8403 -40.3758
      vertex 0 -19.0212 -22.5567
    endloop
  endfacet
  facet normal 0.336885 0.665773 0.665773
    outer loop
      vertex -15.8495 -35.1778 -38.7133
      vertex -20.8945 -33.8943 -37.444
      vertex -20.8945 -33.9014 -37.4369
    endloop
  endfacet
  facet normal 0.336885 0.665773 0.665773
    outer loop
      vertex -20.8945 -33.8943 -37.444
      vertex -15.8495 -35.1778 -38.7133
      vertex -15.8495 -35.1707 -38.7204
    endloop
  endfacet
  facet normal 0.146736 -0.699453 -0.699453
    outer loop
      vertex -10.6519 39.641 36.0914
      vertex -5.35174 40.1899 36.6544
      vertex -10.6519 39.634 36.0984
    endloop
  endfacet
  facet normal 0.146736 -0.699453 -0.699453
    outer loop
      vertex -5.35174 40.1899 36.6544
      vertex -10.6519 39.641 36.0914
      vertex -5.35174 40.197 36.6473
    endloop
  endfacet
  facet normal 0.903991 -0.302325 -0.302325
    outer loop
      vertex -48.1529 19.9675 16.4319
      vertex -50.4438 16.5495 12.9998
      vertex -48.1529 19.9745 16.4249
    endloop
  endfacet
  facet normal 0.903991 -0.302325 -0.302325
    outer loop
      vertex -50.4438 16.5495 12.9998
      vertex -48.1529 19.9675 16.4319
      vertex -50.4438 16.5424 13.0069
    endloop
  endfacet
  facet normal 0.146736 0.699453 0.699453
    outer loop
      vertex -5.35174 -36.6544 -40.1899
      vertex -10.6519 -36.0914 -39.641
      vertex -10.6519 -36.0984 -39.634
    endloop
  endfacet
  facet normal 0.146736 0.699453 0.699453
    outer loop
      vertex -10.6519 -36.0914 -39.641
      vertex -5.35174 -36.6544 -40.1899
      vertex -5.35174 -36.6473 -40.197
    endloop
  endfacet
  facet normal 0.242992 -0.685914 -0.685914
    outer loop
      vertex -15.8495 38.7133 35.1778
      vertex -10.6519 39.641 36.0914
      vertex -10.6519 39.634 36.0984
    endloop
  endfacet
  facet normal 0.242992 -0.685914 -0.685914
    outer loop
      vertex -10.6519 39.641 36.0914
      vertex -15.8495 38.7133 35.1778
      vertex -15.8495 38.7204 35.1707
    endloop
  endfacet
  facet normal 0.336885 -0.665773 -0.665773
    outer loop
      vertex -20.8945 37.4369 33.9014
      vertex -15.8495 38.7204 35.1707
      vertex -15.8495 38.7133 35.1778
    endloop
  endfacet
  facet normal 0.336885 -0.665773 -0.665773
    outer loop
      vertex -15.8495 38.7204 35.1707
      vertex -20.8945 37.4369 33.9014
      vertex -20.8945 37.444 33.8943
    endloop
  endfacet
  facet normal 0.740949 0.474866 0.474866
    outer loop
      vertex -42.2064 -22.7249 -26.2604
      vertex -38.608 -25.5252 -29.0748
      vertex -42.2064 -22.7178 -26.2675
    endloop
  endfacet
  facet normal 0.740949 0.474866 0.474866
    outer loop
      vertex -38.608 -25.5252 -29.0748
      vertex -42.2064 -22.7249 -26.2604
      vertex -38.608 -25.5322 -29.0678
    endloop
  endfacet
  facet normal 1.69544e-05 -0.707124 0.70709
    outer loop
      vertex -10.1447 37.8379 34.2882
      vertex -5.35174 40.197 36.6473
      vertex -10.6519 39.641 36.0914
    endloop
  endfacet
  facet normal -1.26438e-05 -0.707109 0.707104
    outer loop
      vertex -15.0948 36.9611 33.4114
      vertex -10.6519 39.641 36.0914
      vertex -15.8495 38.7204 35.1707
    endloop
  endfacet
  facet normal -1.78017e-05 -0.707089 0.707125
    outer loop
      vertex -5.35174 40.197 36.6473
      vertex -10.1447 37.8379 34.2882
      vertex -5.09689 38.3673 34.8177
    endloop
  endfacet
  facet normal 1.38733e-05 -0.707107 0.707107
    outer loop
      vertex 0 40.3829 36.8332
      vertex -5.09689 38.3673 34.8177
      vertex 0 38.5444 34.9947
    endloop
  endfacet
  facet normal -1.336e-06 -0.707088 0.707126
    outer loop
      vertex -5.35174 40.197 36.6473
      vertex -5.09689 38.3673 34.8177
      vertex 0 40.3829 36.8332
    endloop
  endfacet
  facet normal 0 -0.707107 0.707107
    outer loop
      vertex -19.8995 35.7455 32.1958
      vertex -15.8495 38.7204 35.1707
      vertex -20.8945 37.444 33.8943
    endloop
  endfacet
  facet normal 6.61643e-06 -0.707125 0.707088
    outer loop
      vertex -10.6519 39.641 36.0914
      vertex -15.0948 36.9611 33.4114
      vertex -10.1447 37.8379 34.2882
    endloop
  endfacet
  facet normal 0 -0.707107 0.707107
    outer loop
      vertex -24.5126 34.2027 30.653
      vertex -20.8945 37.444 33.8943
      vertex -25.7383 35.8241 32.2744
    endloop
  endfacet
  facet normal 0 -0.707107 0.707107
    outer loop
      vertex -15.8495 38.7204 35.1707
      vertex -19.8995 35.7455 32.1958
      vertex -15.0948 36.9611 33.4114
    endloop
  endfacet
  facet normal 0 -0.707107 0.707107
    outer loop
      vertex -20.8945 37.444 33.8943
      vertex -24.5126 34.2027 30.653
      vertex -19.8995 35.7455 32.1958
    endloop
  endfacet
  facet normal 2.49852e-05 -0.707118 0.707095
    outer loop
      vertex -28.8897 32.3476 28.7979
      vertex -25.7383 35.8241 32.2744
      vertex -30.3341 33.8762 30.3266
    endloop
  endfacet
  facet normal 0 -0.707107 0.707107
    outer loop
      vertex -25.7383 35.8241 32.2744
      vertex -28.8897 32.3476 28.7979
      vertex -24.5126 34.2027 30.653
    endloop
  endfacet
  facet normal 1.62201e-05 -0.707122 0.707091
    outer loop
      vertex -32.9884 30.1981 26.6484
      vertex -30.3341 33.8762 30.3266
      vertex -34.6379 31.6192 28.0696
    endloop
  endfacet
  facet normal 1.62208e-05 -0.707122 0.707091
    outer loop
      vertex -30.3341 33.8762 30.3266
      vertex -32.9884 30.1981 26.6484
      vertex -28.8897 32.3476 28.7979
    endloop
  endfacet
  facet normal 0 -0.707107 0.707107
    outer loop
      vertex -36.7696 27.7748 24.2252
      vertex -34.6379 31.6192 28.0696
      vertex -38.608 29.0748 25.5252
    endloop
  endfacet
  facet normal 2.90093e-05 -0.707115 0.707099
    outer loop
      vertex -34.6379 31.6192 28.0696
      vertex -36.7696 27.7748 24.2252
      vertex -32.9884 30.1981 26.6484
    endloop
  endfacet
  facet normal -8.38167e-06 -0.707114 0.7071
    outer loop
      vertex -40.1965 25.1012 21.5515
      vertex -38.608 29.0748 25.5252
      vertex -42.2064 26.2675 22.7178
    endloop
  endfacet
  facet normal -9.81023e-06 -0.707114 0.7071
    outer loop
      vertex -38.608 29.0748 25.5252
      vertex -40.1965 25.1012 21.5515
      vertex -36.7696 27.7748 24.2252
    endloop
  endfacet
  facet normal 7.65985e-16 -0.707107 0.707107
    outer loop
      vertex -43.2364 22.2029 18.6532
      vertex -42.2064 26.2675 22.7178
      vertex -45.3982 23.2243 19.6746
    endloop
  endfacet
  facet normal -3.35106e-16 -0.707107 0.707107
    outer loop
      vertex -42.2064 26.2675 22.7178
      vertex -43.2364 22.2029 18.6532
      vertex -40.1965 25.1012 21.5515
    endloop
  endfacet
  facet normal 2.95835e-05 -0.707108 0.707105
    outer loop
      vertex -45.8599 19.1079 15.5582
      vertex -45.3982 23.2243 19.6746
      vertex -48.1529 19.9745 16.4249
    endloop
  endfacet
  facet normal 8.04281e-16 -0.707107 0.707107
    outer loop
      vertex -45.3982 23.2243 19.6746
      vertex -45.8599 19.1079 15.5582
      vertex -43.2364 22.2029 18.6532
    endloop
  endfacet
  facet normal -2.96711e-05 -0.707107 0.707106
    outer loop
      vertex -48.0417 15.8459 12.2963
      vertex -48.1529 19.9745 16.4249
      vertex -50.4438 16.5495 12.9998
    endloop
  endfacet
  facet normal 3.11548e-05 -0.707106 0.707107
    outer loop
      vertex -48.1529 19.9745 16.4249
      vertex -48.0417 15.8459 12.2963
      vertex -45.8599 19.1079 15.5582
    endloop
  endfacet
  facet normal -5.89469e-06 -0.707107 0.707106
    outer loop
      vertex -49.7609 12.4485 8.8988
      vertex -50.4438 16.5495 12.9998
      vertex -52.2489 12.9822 9.43248
    endloop
  endfacet
  facet normal -3.09463e-05 -0.707109 0.707104
    outer loop
      vertex -50.4438 16.5495 12.9998
      vertex -49.7609 12.4485 8.8988
      vertex -48.0417 15.8459 12.2963
    endloop
  endfacet
  facet normal -1.61023e-06 -0.707103 0.707111
    outer loop
      vertex -51.0008 8.94822 5.39855
      vertex -52.2489 12.9822 9.43248
      vertex -53.5509 9.30689 5.75721
    endloop
  endfacet
  facet normal -4.07454e-06 -0.707103 0.707111
    outer loop
      vertex -52.2489 12.9822 9.43248
      vertex -51.0008 8.94822 5.39855
      vertex -49.7609 12.4485 8.8988
    endloop
  endfacet
  facet normal -2.69343e-06 -0.707106 0.707107
    outer loop
      vertex -51.7496 5.37888 1.82921
      vertex -53.5509 9.30689 5.75721
      vertex -54.3371 5.55909 2.00941
    endloop
  endfacet
  facet normal -2.69339e-06 -0.707106 0.707107
    outer loop
      vertex -53.5509 9.30689 5.75721
      vertex -51.7496 5.37888 1.82921
      vertex -51.0008 8.94822 5.39855
    endloop
  endfacet
  facet normal 0 -0.707107 0.707107
    outer loop
      vertex -52 1.77484 -1.77484
      vertex -54.3371 5.55909 2.00941
      vertex -54.6 1.77484 -1.77484
    endloop
  endfacet
  facet normal -2.8556e-06 -0.707108 0.707106
    outer loop
      vertex -54.3371 5.55909 2.00941
      vertex -52 1.77484 -1.77484
      vertex -51.7496 5.37888 1.82921
    endloop
  endfacet
  facet normal 0 -0.707107 0.707107
    outer loop
      vertex -54.3371 -2.00941 -5.55909
      vertex -52 1.77484 -1.77484
      vertex -54.6 1.77484 -1.77484
    endloop
  endfacet
  facet normal -2.8556e-06 -0.707106 0.707108
    outer loop
      vertex -52 1.77484 -1.77484
      vertex -54.3371 -2.00941 -5.55909
      vertex -51.7496 -1.82921 -5.37888
    endloop
  endfacet
  facet normal -2.69343e-06 -0.707107 0.707106
    outer loop
      vertex -53.5509 -5.75721 -9.30689
      vertex -51.7496 -1.82921 -5.37888
      vertex -54.3371 -2.00941 -5.55909
    endloop
  endfacet
  facet normal -2.69339e-06 -0.707107 0.707106
    outer loop
      vertex -51.7496 -1.82921 -5.37888
      vertex -53.5509 -5.75721 -9.30689
      vertex -51.0008 -5.39855 -8.94822
    endloop
  endfacet
  facet normal -1.61023e-06 -0.707111 0.707103
    outer loop
      vertex -52.2489 -9.43248 -12.9822
      vertex -51.0008 -5.39855 -8.94822
      vertex -53.5509 -5.75721 -9.30689
    endloop
  endfacet
  facet normal -4.07454e-06 -0.707111 0.707103
    outer loop
      vertex -51.0008 -5.39855 -8.94822
      vertex -52.2489 -9.43248 -12.9822
      vertex -49.7609 -8.8988 -12.4485
    endloop
  endfacet
  facet normal -5.89469e-06 -0.707106 0.707107
    outer loop
      vertex -50.4438 -12.9998 -16.5495
      vertex -49.7609 -8.8988 -12.4485
      vertex -52.2489 -9.43248 -12.9822
    endloop
  endfacet
  facet normal -3.09463e-05 -0.707104 0.707109
    outer loop
      vertex -49.7609 -8.8988 -12.4485
      vertex -50.4438 -12.9998 -16.5495
      vertex -48.0417 -12.2963 -15.8459
    endloop
  endfacet
  facet normal -2.96711e-05 -0.707106 0.707107
    outer loop
      vertex -48.1529 -16.4249 -19.9745
      vertex -48.0417 -12.2963 -15.8459
      vertex -50.4438 -12.9998 -16.5495
    endloop
  endfacet
  facet normal 3.11548e-05 -0.707107 0.707106
    outer loop
      vertex -48.0417 -12.2963 -15.8459
      vertex -48.1529 -16.4249 -19.9745
      vertex -45.8599 -15.5582 -19.1079
    endloop
  endfacet
  facet normal 2.95835e-05 -0.707105 0.707108
    outer loop
      vertex -45.3982 -19.6746 -23.2243
      vertex -45.8599 -15.5582 -19.1079
      vertex -48.1529 -16.4249 -19.9745
    endloop
  endfacet
  facet normal 8.04281e-16 -0.707107 0.707107
    outer loop
      vertex -45.8599 -15.5582 -19.1079
      vertex -45.3982 -19.6746 -23.2243
      vertex -43.2364 -18.6532 -22.2029
    endloop
  endfacet
  facet normal 7.65985e-16 -0.707107 0.707107
    outer loop
      vertex -42.2064 -22.7178 -26.2675
      vertex -43.2364 -18.6532 -22.2029
      vertex -45.3982 -19.6746 -23.2243
    endloop
  endfacet
  facet normal -4.02127e-16 -0.707107 0.707107
    outer loop
      vertex -43.2364 -18.6532 -22.2029
      vertex -42.2064 -22.7178 -26.2675
      vertex -40.1965 -21.5515 -25.1012
    endloop
  endfacet
  facet normal -8.38167e-06 -0.7071 0.707114
    outer loop
      vertex -38.608 -25.5252 -29.0748
      vertex -40.1965 -21.5515 -25.1012
      vertex -42.2064 -22.7178 -26.2675
    endloop
  endfacet
  facet normal -9.81023e-06 -0.7071 0.707114
    outer loop
      vertex -40.1965 -21.5515 -25.1012
      vertex -38.608 -25.5252 -29.0748
      vertex -36.7696 -24.2252 -27.7748
    endloop
  endfacet
  facet normal 0 -0.707107 0.707107
    outer loop
      vertex -34.6379 -28.0696 -31.6192
      vertex -36.7696 -24.2252 -27.7748
      vertex -38.608 -25.5252 -29.0748
    endloop
  endfacet
  facet normal 2.90093e-05 -0.707099 0.707115
    outer loop
      vertex -36.7696 -24.2252 -27.7748
      vertex -34.6379 -28.0696 -31.6192
      vertex -32.9884 -26.6484 -30.1981
    endloop
  endfacet
  facet normal 1.62201e-05 -0.707091 0.707122
    outer loop
      vertex -30.3341 -30.3266 -33.8762
      vertex -32.9884 -26.6484 -30.1981
      vertex -34.6379 -28.0696 -31.6192
    endloop
  endfacet
  facet normal 1.62208e-05 -0.707091 0.707122
    outer loop
      vertex -32.9884 -26.6484 -30.1981
      vertex -30.3341 -30.3266 -33.8762
      vertex -28.8897 -28.7979 -32.3476
    endloop
  endfacet
  facet normal 2.49852e-05 -0.707095 0.707118
    outer loop
      vertex -25.7383 -32.2744 -35.8241
      vertex -28.8897 -28.7979 -32.3476
      vertex -30.3341 -30.3266 -33.8762
    endloop
  endfacet
  facet normal 0 -0.707107 0.707107
    outer loop
      vertex -28.8897 -28.7979 -32.3476
      vertex -25.7383 -32.2744 -35.8241
      vertex -24.5126 -30.653 -34.2027
    endloop
  endfacet
  facet normal 0 -0.707107 0.707107
    outer loop
      vertex -20.8945 -33.8943 -37.444
      vertex -24.5126 -30.653 -34.2027
      vertex -25.7383 -32.2744 -35.8241
    endloop
  endfacet
  facet normal 0 -0.707107 0.707107
    outer loop
      vertex -24.5126 -30.653 -34.2027
      vertex -20.8945 -33.8943 -37.444
      vertex -19.8995 -32.1958 -35.7455
    endloop
  endfacet
  facet normal 0 -0.707107 0.707107
    outer loop
      vertex -15.8495 -35.1707 -38.7204
      vertex -19.8995 -32.1958 -35.7455
      vertex -20.8945 -33.8943 -37.444
    endloop
  endfacet
  facet normal 0 -0.707107 0.707107
    outer loop
      vertex -19.8995 -32.1958 -35.7455
      vertex -15.8495 -35.1707 -38.7204
      vertex -15.0948 -33.4114 -36.9611
    endloop
  endfacet
  facet normal -1.26438e-05 -0.707104 0.707109
    outer loop
      vertex -10.6519 -36.0914 -39.641
      vertex -15.0948 -33.4114 -36.9611
      vertex -15.8495 -35.1707 -38.7204
    endloop
  endfacet
  facet normal 6.61643e-06 -0.707088 0.707125
    outer loop
      vertex -15.0948 -33.4114 -36.9611
      vertex -10.6519 -36.0914 -39.641
      vertex -10.1447 -34.2882 -37.8379
    endloop
  endfacet
  facet normal 1.69544e-05 -0.70709 0.707124
    outer loop
      vertex -5.35174 -36.6473 -40.197
      vertex -10.1447 -34.2882 -37.8379
      vertex -10.6519 -36.0914 -39.641
    endloop
  endfacet
  facet normal -1.78017e-05 -0.707125 0.707089
    outer loop
      vertex -10.1447 -34.2882 -37.8379
      vertex -5.35174 -36.6473 -40.197
      vertex -5.09689 -34.8177 -38.3673
    endloop
  endfacet
  facet normal -1.336e-06 -0.707126 0.707088
    outer loop
      vertex 0 -36.8332 -40.3829
      vertex -5.09689 -34.8177 -38.3673
      vertex -5.35174 -36.6473 -40.197
    endloop
  endfacet
  facet normal 1.38733e-05 -0.707107 0.707107
    outer loop
      vertex -5.09689 -34.8177 -38.3673
      vertex 0 -36.8332 -40.3829
      vertex 0 -34.9947 -38.5444
    endloop
  endfacet
  facet normal 0.0490655 -0.706255 -0.706255
    outer loop
      vertex -5.35174 40.1899 36.6544
      vertex 0 40.3829 36.8332
      vertex 0 40.3758 36.8403
    endloop
  endfacet
  facet normal 0.0490655 -0.706255 -0.706255
    outer loop
      vertex 0 40.3829 36.8332
      vertex -5.35174 40.1899 36.6544
      vertex -5.35174 40.197 36.6473
    endloop
  endfacet
  facet normal 0.803207 -0.421224 -0.421224
    outer loop
      vertex -42.2064 26.2604 22.7249
      vertex -43.7178 24.8194 21.2839
      vertex -43.7178 24.8265 21.2768
    endloop
  endfacet
  facet normal 0.803207 -0.421224 -0.421224
    outer loop
      vertex -43.7178 24.8265 21.2768
      vertex -42.2064 26.2675 22.7178
      vertex -42.2064 26.2604 22.7249
    endloop
  endfacet
  facet normal 0 -0.707107 0.707107
    outer loop
      vertex -43.7178 24.8265 21.2768
      vertex -45.3982 23.2243 19.6746
      vertex -42.2064 26.2675 22.7178
    endloop
  endfacet
  facet normal 0.427546 -0.63922 -0.63922
    outer loop
      vertex -25.7383 35.817 32.2815
      vertex -20.8945 37.444 33.8943
      vertex -20.8945 37.4369 33.9014
    endloop
  endfacet
  facet normal 0.427546 -0.63922 -0.63922
    outer loop
      vertex -20.8945 37.444 33.8943
      vertex -25.7383 35.817 32.2815
      vertex -25.7383 35.8241 32.2744
    endloop
  endfacet
  facet normal 0.941545 -0.238216 -0.238216
    outer loop
      vertex -50.4438 16.5424 13.0069
      vertex -52.2489 12.9822 9.43248
      vertex -50.4438 16.5495 12.9998
    endloop
  endfacet
  facet normal 0.941545 -0.237711 -0.23872
    outer loop
      vertex -52.2489 12.9822 9.43248
      vertex -50.4438 16.5424 13.0069
      vertex -52.2489 12.9751 9.43955
    endloop
  endfacet
  facet normal 0.970029 -0.171456 -0.172184
    outer loop
      vertex -52.2489 12.9751 9.43955
      vertex -53.5509 9.30689 5.75721
      vertex -52.2489 12.9822 9.43248
    endloop
  endfacet
  facet normal 0.970028 -0.171942 -0.1717
    outer loop
      vertex -53.5509 9.30689 5.75721
      vertex -52.2489 12.9751 9.43955
      vertex -53.5509 9.29982 5.76429
    endloop
  endfacet
  facet normal 0 -0.707107 0.707107
    outer loop
      vertex -43.7178 -21.2768 -24.8265
      vertex -42.2064 -22.7178 -26.2675
      vertex -45.3982 -19.6746 -23.2243
    endloop
  endfacet
  facet normal 0.803207 0.421224 0.421224
    outer loop
      vertex -43.7178 -21.2839 -24.8194
      vertex -42.2064 -22.7178 -26.2675
      vertex -43.7178 -21.2768 -24.8265
    endloop
  endfacet
  facet normal 0.803207 0.421224 0.421224
    outer loop
      vertex -42.2064 -22.7178 -26.2675
      vertex -43.7178 -21.2839 -24.8194
      vertex -42.2064 -22.7249 -26.2604
    endloop
  endfacet
  facet normal 0.427546 0.63922 0.63922
    outer loop
      vertex -20.8945 -33.9014 -37.4369
      vertex -25.7383 -32.2744 -35.8241
      vertex -25.7383 -32.2815 -35.817
    endloop
  endfacet
  facet normal 0.427546 0.63922 0.63922
    outer loop
      vertex -25.7383 -32.2744 -35.8241
      vertex -20.8945 -33.9014 -37.4369
      vertex -20.8945 -33.8943 -37.444
    endloop
  endfacet
  facet normal 0.671563 -0.523929 -0.523929
    outer loop
      vertex -34.6379 31.6122 28.0766
      vertex -38.608 29.0748 25.5252
      vertex -34.6379 31.6192 28.0696
    endloop
  endfacet
  facet normal 0.671563 -0.523929 -0.523929
    outer loop
      vertex -38.608 29.0748 25.5252
      vertex -34.6379 31.6122 28.0766
      vertex -38.608 29.0678 25.5322
    endloop
  endfacet
  facet normal 0.595695 -0.567956 -0.567956
    outer loop
      vertex -30.3341 33.8692 30.3336
      vertex -34.6379 31.6192 28.0696
      vertex -30.3341 33.8762 30.3266
    endloop
  endfacet
  facet normal 0.595695 -0.567956 -0.567956
    outer loop
      vertex -34.6379 31.6192 28.0696
      vertex -30.3341 33.8692 30.3336
      vertex -34.6379 31.6122 28.0766
    endloop
  endfacet
  facet normal 0.989177 0.103753 0.103753
    outer loop
      vertex -54.3371 -2.01648 -5.55202
      vertex -53.5509 -5.75721 -9.30689
      vertex -54.3371 -2.00941 -5.55909
    endloop
  endfacet
  facet normal 0.989177 0.10368 0.103826
    outer loop
      vertex -53.5509 -5.75721 -9.30689
      vertex -54.3371 -2.01648 -5.55202
      vertex -53.5509 -5.76429 -9.29982
    endloop
  endfacet
  facet normal 0.514111 -0.606502 -0.606502
    outer loop
      vertex -30.3341 33.8762 30.3266
      vertex -25.7383 35.817 32.2815
      vertex -30.3341 33.8692 30.3336
    endloop
  endfacet
  facet normal 0.514111 -0.606502 -0.606502
    outer loop
      vertex -25.7383 35.817 32.2815
      vertex -30.3341 33.8762 30.3266
      vertex -25.7383 35.8241 32.2744
    endloop
  endfacet
  facet normal 0.970029 0.171699 0.171942
    outer loop
      vertex -53.5509 -5.76429 -9.29982
      vertex -52.2489 -9.43248 -12.9822
      vertex -53.5509 -5.75721 -9.30689
    endloop
  endfacet
  facet normal 0.970028 0.172185 0.171457
    outer loop
      vertex -52.2489 -9.43248 -12.9822
      vertex -53.5509 -5.76429 -9.29982
      vertex -52.2489 -9.43955 -12.9751
    endloop
  endfacet
  facet normal 0.998796 -0.0346942 -0.0346942
    outer loop
      vertex -54.3371 5.55202 2.01648
      vertex -54.6 1.77484 -1.77484
      vertex -54.3371 5.55909 2.00941
    endloop
  endfacet
  facet normal 0.998796 -0.0346942 -0.0346942
    outer loop
      vertex -54.6 1.77484 -1.77484
      vertex -54.3371 5.55202 2.01648
      vertex -54.6 1.76777 -1.76777
    endloop
  endfacet
  facet normal 0.740949 -0.474866 -0.474866
    outer loop
      vertex -38.608 29.0678 25.5322
      vertex -42.2064 26.2675 22.7178
      vertex -38.608 29.0748 25.5252
    endloop
  endfacet
  facet normal 0.740949 -0.474866 -0.474866
    outer loop
      vertex -42.2064 26.2675 22.7178
      vertex -38.608 29.0678 25.5322
      vertex -42.2064 26.2604 22.7249
    endloop
  endfacet
  facet normal 0.941544 0.23872 0.237712
    outer loop
      vertex -52.2489 -9.43955 -12.9751
      vertex -50.4438 -12.9998 -16.5495
      vertex -52.2489 -9.43248 -12.9822
    endloop
  endfacet
  facet normal 0.941545 0.238215 0.238215
    outer loop
      vertex -50.4438 -12.9998 -16.5495
      vertex -52.2489 -9.43955 -12.9751
      vertex -50.4438 -13.0069 -16.5424
    endloop
  endfacet
  facet normal 0.242992 0.685914 0.685914
    outer loop
      vertex -15.8495 -35.1778 -38.7133
      vertex -10.6519 -36.0914 -39.641
      vertex -15.8495 -35.1707 -38.7204
    endloop
  endfacet
  facet normal 0.242992 0.685914 0.685914
    outer loop
      vertex -10.6519 -36.0914 -39.641
      vertex -15.8495 -35.1778 -38.7133
      vertex -10.6519 -36.0984 -39.634
    endloop
  endfacet
  facet normal 0.903991 0.302325 0.302325
    outer loop
      vertex -50.4438 -13.0069 -16.5424
      vertex -48.1529 -16.4249 -19.9745
      vertex -50.4438 -12.9998 -16.5495
    endloop
  endfacet
  facet normal 0.903991 0.302325 0.302325
    outer loop
      vertex -48.1529 -16.4249 -19.9745
      vertex -50.4438 -13.0069 -16.5424
      vertex -48.1529 -16.4319 -19.9675
    endloop
  endfacet
  facet normal 0.671563 0.523929 0.523929
    outer loop
      vertex -38.608 -25.5322 -29.0678
      vertex -34.6379 -28.0696 -31.6192
      vertex -38.608 -25.5252 -29.0748
    endloop
  endfacet
  facet normal 0.671563 0.523929 0.523929
    outer loop
      vertex -34.6379 -28.0696 -31.6192
      vertex -38.608 -25.5322 -29.0678
      vertex -34.6379 -28.0766 -31.6122
    endloop
  endfacet
  facet normal 0.0490655 0.706255 0.706255
    outer loop
      vertex 0 -36.8403 -40.3758
      vertex -5.35174 -36.6473 -40.197
      vertex -5.35174 -36.6544 -40.1899
    endloop
  endfacet
  facet normal 0.0490655 0.706255 0.706255
    outer loop
      vertex -5.35174 -36.6473 -40.197
      vertex 0 -36.8403 -40.3758
      vertex 0 -36.8332 -40.3829
    endloop
  endfacet
  facet normal 0.998796 0.0346942 0.0346942
    outer loop
      vertex -54.6 1.76777 -1.76777
      vertex -54.3371 -2.00941 -5.55909
      vertex -54.6 1.77484 -1.77484
    endloop
  endfacet
  facet normal 0.998796 0.0346942 0.0346942
    outer loop
      vertex -54.3371 -2.00941 -5.55909
      vertex -54.6 1.76777 -1.76777
      vertex -54.3371 -2.01648 -5.55202
    endloop
  endfacet
  facet normal 0.989177 -0.103826 -0.10368
    outer loop
      vertex -53.5509 9.29982 5.76429
      vertex -54.3371 5.55909 2.00941
      vertex -53.5509 9.30689 5.75721
    endloop
  endfacet
  facet normal 0.989177 -0.103753 -0.103753
    outer loop
      vertex -54.3371 5.55909 2.00941
      vertex -53.5509 9.29982 5.76429
      vertex -54.3371 5.55202 2.01648
    endloop
  endfacet
  facet normal 0.857726 0.363529 0.363529
    outer loop
      vertex -48.1529 -16.4319 -19.9675
      vertex -45.9581 -19.0212 -22.5567
      vertex -45.9581 -19.0141 -22.5638
    endloop
  endfacet
  facet normal 0.857726 0.363529 0.363529
    outer loop
      vertex -45.9581 -19.0141 -22.5638
      vertex -48.1529 -16.4249 -19.9745
      vertex -48.1529 -16.4319 -19.9675
    endloop
  endfacet
  facet normal -0.599725 -0.759712 0.251331
    outer loop
      vertex -45.9581 -19.0141 -22.5638
      vertex -45.3982 -19.6746 -23.2243
      vertex -48.1529 -16.4249 -19.9745
    endloop
  endfacet
  facet normal 0.595695 0.567956 0.567956
    outer loop
      vertex -34.6379 -28.0766 -31.6122
      vertex -30.3341 -30.3266 -33.8762
      vertex -34.6379 -28.0696 -31.6192
    endloop
  endfacet
  facet normal 0.595695 0.567956 0.567956
    outer loop
      vertex -30.3341 -30.3266 -33.8762
      vertex -34.6379 -28.0766 -31.6122
      vertex -30.3341 -30.3336 -33.8692
    endloop
  endfacet
  facet normal 0.514111 0.606502 0.606502
    outer loop
      vertex -25.7383 -32.2815 -35.817
      vertex -30.3341 -30.3266 -33.8762
      vertex -30.3341 -30.3336 -33.8692
    endloop
  endfacet
  facet normal 0.514111 0.606502 0.606502
    outer loop
      vertex -30.3341 -30.3266 -33.8762
      vertex -25.7383 -32.2815 -35.817
      vertex -25.7383 -32.2744 -35.8241
    endloop
  endfacet
  facet normal -0.599725 -0.251331 0.759712
    outer loop
      vertex -45.9581 22.5638 19.0141
      vertex -48.1529 19.9745 16.4249
      vertex -45.3982 23.2243 19.6746
    endloop
  endfacet
  facet normal 0.857726 -0.363529 -0.363529
    outer loop
      vertex -45.9581 22.5567 19.0212
      vertex -48.1529 19.9745 16.4249
      vertex -45.9581 22.5638 19.0141
    endloop
  endfacet
  facet normal 0.857726 -0.363529 -0.363529
    outer loop
      vertex -48.1529 19.9745 16.4249
      vertex -45.9581 22.5567 19.0212
      vertex -48.1529 19.9675 16.4319
    endloop
  endfacet
  facet normal -7.62364e-16 -0.707107 0.707107
    outer loop
      vertex -5.73565 22.1643 18.6146
      vertex -3.13655 24.2933 20.7436
      vertex -6.24289 23.9675 20.4178
    endloop
  endfacet
  facet normal 2.81894e-05 -0.707121 0.707093
    outer loop
      vertex -8.53437 21.6686 18.1189
      vertex -6.24289 23.9675 20.4178
      vertex -9.28911 23.4279 19.8783
    endloop
  endfacet
  facet normal 9.17326e-06 -0.707125 0.707089
    outer loop
      vertex -11.2509 20.9813 17.4316
      vertex -9.28911 23.4279 19.8783
      vertex -12.2459 22.6798 19.1302
    endloop
  endfacet
  facet normal -8.89086e-16 -0.707107 0.707107
    outer loop
      vertex -3.13655 24.2933 20.7436
      vertex -5.73565 22.1643 18.6146
      vertex -2.8817 22.4637 18.914
    endloop
  endfacet
  facet normal 8.89066e-16 -0.707107 0.707107
    outer loop
      vertex 0 24.4023 20.8526
      vertex -2.8817 22.4637 18.914
      vertex 0 22.5638 19.0141
    endloop
  endfacet
  facet normal 7.96426e-16 -0.707107 0.707107
    outer loop
      vertex -3.13655 24.2933 20.7436
      vertex -2.8817 22.4637 18.914
      vertex 0 24.4023 20.8526
    endloop
  endfacet
  facet normal 1.08913e-15 -0.707107 0.707107
    outer loop
      vertex -13.8591 20.109 16.5594
      vertex -12.2459 22.6798 19.1302
      vertex -15.0847 21.7304 18.1808
    endloop
  endfacet
  facet normal 0 -0.707107 0.707107
    outer loop
      vertex -6.24289 23.9675 20.4178
      vertex -8.53437 21.6686 18.1189
      vertex -5.73565 22.1643 18.6146
    endloop
  endfacet
  facet normal 9.17307e-06 -0.707125 0.707089
    outer loop
      vertex -9.28911 23.4279 19.8783
      vertex -11.2509 20.9813 17.4316
      vertex -8.53437 21.6686 18.1189
    endloop
  endfacet
  facet normal 1.3999e-05 -0.707123 0.70709
    outer loop
      vertex -16.3338 19.0602 15.5105
      vertex -15.0847 21.7304 18.1808
      vertex -17.7782 20.5888 17.0392
    endloop
  endfacet
  facet normal 3.43113e-05 -0.707118 0.707096
    outer loop
      vertex -12.2459 22.6798 19.1302
      vertex -13.8591 20.109 16.5594
      vertex -11.2509 20.9813 17.4316
    endloop
  endfacet
  facet normal -1.7427e-05 -0.707117 0.707097
    outer loop
      vertex -18.6512 17.8449 14.2952
      vertex -17.7782 20.5888 17.0392
      vertex -20.3006 19.2661 15.7164
    endloop
  endfacet
  facet normal -2.16405e-05 -0.707115 0.707099
    outer loop
      vertex -15.0847 21.7304 18.1808
      vertex -16.3338 19.0602 15.5105
      vertex -13.8591 20.109 16.5594
    endloop
  endfacet
  facet normal 1.62206e-05 -0.707122 0.707091
    outer loop
      vertex -17.7782 20.5888 17.0392
      vertex -18.6512 17.8449 14.2952
      vertex -16.3338 19.0602 15.5105
    endloop
  endfacet
  facet normal 1.5941e-05 -0.707096 0.707118
    outer loop
      vertex -20.7889 16.4748 12.9252
      vertex -20.3006 19.2661 15.7164
      vertex -22.6274 17.7748 14.2252
    endloop
  endfacet
  facet normal 1.89688e-05 -0.707096 0.707118
    outer loop
      vertex -20.3006 19.2661 15.7164
      vertex -20.7889 16.4748 12.9252
      vertex -18.6512 17.8449 14.2952
    endloop
  endfacet
  facet normal -1.43017e-05 -0.707119 0.707094
    outer loop
      vertex -22.7265 14.9632 11.4135
      vertex -22.6274 17.7748 14.2252
      vertex -24.7363 16.1295 12.5798
    endloop
  endfacet
  facet normal -1.73505e-05 -0.707119 0.707095
    outer loop
      vertex -22.6274 17.7748 14.2252
      vertex -22.7265 14.9632 11.4135
      vertex -20.7889 16.4748 12.9252
    endloop
  endfacet
  facet normal 4.37411e-06 -0.707109 0.707104
    outer loop
      vertex -24.4452 13.3246 9.77488
      vertex -24.7363 16.1295 12.5798
      vertex -26.607 14.346 10.7963
    endloop
  endfacet
  facet normal -3.11336e-06 -0.707109 0.707104
    outer loop
      vertex -24.7363 16.1295 12.5798
      vertex -24.4452 13.3246 9.77488
      vertex -22.7265 14.9632 11.4135
    endloop
  endfacet
  facet normal 1.6991e-05 -0.707105 0.707109
    outer loop
      vertex -25.9285 11.5747 8.025
      vertex -26.607 14.346 10.7963
      vertex -28.2215 12.4413 8.89165
    endloop
  endfacet
  facet normal 7.39757e-06 -0.707106 0.707108
    outer loop
      vertex -26.607 14.346 10.7963
      vertex -25.9285 11.5747 8.025
      vertex -24.4452 13.3246 9.77488
    endloop
  endfacet
  facet normal -9.23706e-06 -0.707112 0.707101
    outer loop
      vertex -27.1621 9.73042 6.18074
      vertex -28.2215 12.4413 8.89165
      vertex -29.5641 10.434 6.8843
    endloop
  endfacet
  facet normal 1.46208e-05 -0.707108 0.707106
    outer loop
      vertex -28.2215 12.4413 8.89165
      vertex -27.1621 9.73042 6.18074
      vertex -25.9285 11.5747 8.025
    endloop
  endfacet
  facet normal 1.3088e-06 -0.707104 0.70711
    outer loop
      vertex -28.134 7.80955 4.25987
      vertex -29.5641 10.434 6.8843
      vertex -30.6221 8.34323 4.79355
    endloop
  endfacet
  facet normal -5.12771e-06 -0.707105 0.707108
    outer loop
      vertex -29.5641 10.434 6.8843
      vertex -28.134 7.80955 4.25987
      vertex -27.1621 9.73042 6.18074
    endloop
  endfacet
  facet normal 0 -0.707107 0.707107
    outer loop
      vertex -28.8351 5.83056 2.28088
      vertex -30.6221 8.34323 4.79355
      vertex -31.3851 6.18923 2.63955
    endloop
  endfacet
  facet normal -2.96351e-16 -0.707107 0.707107
    outer loop
      vertex -30.6221 8.34323 4.79355
      vertex -28.8351 5.83056 2.28088
      vertex -28.134 7.80955 4.25987
    endloop
  endfacet
  facet normal 6.71266e-07 -0.707106 0.707108
    outer loop
      vertex -29.2584 3.81251 0.262834
      vertex -31.3851 6.18923 2.63955
      vertex -31.8459 3.99271 0.443036
    endloop
  endfacet
  facet normal 1.91488e-07 -0.707106 0.707107
    outer loop
      vertex -31.3851 6.18923 2.63955
      vertex -29.2584 3.81251 0.262834
      vertex -28.8351 5.83056 2.28088
    endloop
  endfacet
  facet normal 0 -0.707108 0.707106
    outer loop
      vertex -29.4 1.77484 -1.77484
      vertex -31.8459 3.99271 0.443036
      vertex -32 1.77484 -1.77484
    endloop
  endfacet
  facet normal 4.4772e-07 -0.707107 0.707106
    outer loop
      vertex -31.8459 3.99271 0.443036
      vertex -29.4 1.77484 -1.77484
      vertex -29.2584 3.81251 0.262834
    endloop
  endfacet
  facet normal 0 -0.707106 0.707108
    outer loop
      vertex -31.8459 -0.443036 -3.99271
      vertex -29.4 1.77484 -1.77484
      vertex -32 1.77484 -1.77484
    endloop
  endfacet
  facet normal 4.4772e-07 -0.707106 0.707107
    outer loop
      vertex -29.4 1.77484 -1.77484
      vertex -31.8459 -0.443036 -3.99271
      vertex -29.2584 -0.262834 -3.81251
    endloop
  endfacet
  facet normal 6.71266e-07 -0.707108 0.707106
    outer loop
      vertex -31.3851 -2.63955 -6.18923
      vertex -29.2584 -0.262834 -3.81251
      vertex -31.8459 -0.443036 -3.99271
    endloop
  endfacet
  facet normal 1.91488e-07 -0.707107 0.707106
    outer loop
      vertex -29.2584 -0.262834 -3.81251
      vertex -31.3851 -2.63955 -6.18923
      vertex -28.8351 -2.28088 -5.83056
    endloop
  endfacet
  facet normal 0 -0.707107 0.707107
    outer loop
      vertex -30.6221 -4.79355 -8.34323
      vertex -28.8351 -2.28088 -5.83056
      vertex -31.3851 -2.63955 -6.18923
    endloop
  endfacet
  facet normal -3.55621e-16 -0.707107 0.707107
    outer loop
      vertex -28.8351 -2.28088 -5.83056
      vertex -30.6221 -4.79355 -8.34323
      vertex -28.134 -4.25987 -7.80955
    endloop
  endfacet
  facet normal 1.3088e-06 -0.70711 0.707104
    outer loop
      vertex -29.5641 -6.8843 -10.434
      vertex -28.134 -4.25987 -7.80955
      vertex -30.6221 -4.79355 -8.34323
    endloop
  endfacet
  facet normal -5.12771e-06 -0.707108 0.707105
    outer loop
      vertex -28.134 -4.25987 -7.80955
      vertex -29.5641 -6.8843 -10.434
      vertex -27.1621 -6.18074 -9.73042
    endloop
  endfacet
  facet normal -9.23706e-06 -0.707101 0.707112
    outer loop
      vertex -28.2215 -8.89165 -12.4413
      vertex -27.1621 -6.18074 -9.73042
      vertex -29.5641 -6.8843 -10.434
    endloop
  endfacet
  facet normal 1.46208e-05 -0.707106 0.707108
    outer loop
      vertex -27.1621 -6.18074 -9.73042
      vertex -28.2215 -8.89165 -12.4413
      vertex -25.9285 -8.025 -11.5747
    endloop
  endfacet
  facet normal 1.6991e-05 -0.707109 0.707105
    outer loop
      vertex -26.607 -10.7963 -14.346
      vertex -25.9285 -8.025 -11.5747
      vertex -28.2215 -8.89165 -12.4413
    endloop
  endfacet
  facet normal 7.39757e-06 -0.707108 0.707106
    outer loop
      vertex -25.9285 -8.025 -11.5747
      vertex -26.607 -10.7963 -14.346
      vertex -24.4452 -9.77488 -13.3246
    endloop
  endfacet
  facet normal 4.37411e-06 -0.707104 0.707109
    outer loop
      vertex -24.7363 -12.5798 -16.1295
      vertex -24.4452 -9.77488 -13.3246
      vertex -26.607 -10.7963 -14.346
    endloop
  endfacet
  facet normal -3.11336e-06 -0.707104 0.707109
    outer loop
      vertex -24.4452 -9.77488 -13.3246
      vertex -24.7363 -12.5798 -16.1295
      vertex -22.7265 -11.4135 -14.9632
    endloop
  endfacet
  facet normal -1.43017e-05 -0.707094 0.707119
    outer loop
      vertex -22.6274 -14.2252 -17.7748
      vertex -22.7265 -11.4135 -14.9632
      vertex -24.7363 -12.5798 -16.1295
    endloop
  endfacet
  facet normal -1.73505e-05 -0.707095 0.707119
    outer loop
      vertex -22.7265 -11.4135 -14.9632
      vertex -22.6274 -14.2252 -17.7748
      vertex -20.7889 -12.9252 -16.4748
    endloop
  endfacet
  facet normal 1.5941e-05 -0.707118 0.707096
    outer loop
      vertex -20.3006 -15.7164 -19.2661
      vertex -20.7889 -12.9252 -16.4748
      vertex -22.6274 -14.2252 -17.7748
    endloop
  endfacet
  facet normal 1.89688e-05 -0.707118 0.707096
    outer loop
      vertex -20.7889 -12.9252 -16.4748
      vertex -20.3006 -15.7164 -19.2661
      vertex -18.6512 -14.2952 -17.8449
    endloop
  endfacet
  facet normal -1.7427e-05 -0.707097 0.707117
    outer loop
      vertex -17.7782 -17.0392 -20.5888
      vertex -18.6512 -14.2952 -17.8449
      vertex -20.3006 -15.7164 -19.2661
    endloop
  endfacet
  facet normal 1.62206e-05 -0.707091 0.707122
    outer loop
      vertex -18.6512 -14.2952 -17.8449
      vertex -17.7782 -17.0392 -20.5888
      vertex -16.3338 -15.5105 -19.0602
    endloop
  endfacet
  facet normal 1.3999e-05 -0.70709 0.707123
    outer loop
      vertex -15.0847 -18.1808 -21.7304
      vertex -16.3338 -15.5105 -19.0602
      vertex -17.7782 -17.0392 -20.5888
    endloop
  endfacet
  facet normal -2.16405e-05 -0.707099 0.707115
    outer loop
      vertex -16.3338 -15.5105 -19.0602
      vertex -15.0847 -18.1808 -21.7304
      vertex -13.8591 -16.5594 -20.109
    endloop
  endfacet
  facet normal 1.08913e-15 -0.707107 0.707107
    outer loop
      vertex -12.2459 -19.1302 -22.6798
      vertex -13.8591 -16.5594 -20.109
      vertex -15.0847 -18.1808 -21.7304
    endloop
  endfacet
  facet normal 3.43113e-05 -0.707096 0.707118
    outer loop
      vertex -13.8591 -16.5594 -20.109
      vertex -12.2459 -19.1302 -22.6798
      vertex -11.2509 -17.4316 -20.9813
    endloop
  endfacet
  facet normal 9.17326e-06 -0.707089 0.707125
    outer loop
      vertex -9.28911 -19.8783 -23.4279
      vertex -11.2509 -17.4316 -20.9813
      vertex -12.2459 -19.1302 -22.6798
    endloop
  endfacet
  facet normal 9.17307e-06 -0.707089 0.707125
    outer loop
      vertex -11.2509 -17.4316 -20.9813
      vertex -9.28911 -19.8783 -23.4279
      vertex -8.53437 -18.1189 -21.6686
    endloop
  endfacet
  facet normal 2.81894e-05 -0.707093 0.707121
    outer loop
      vertex -6.24289 -20.4178 -23.9675
      vertex -8.53437 -18.1189 -21.6686
      vertex -9.28911 -19.8783 -23.4279
    endloop
  endfacet
  facet normal 0 -0.707107 0.707107
    outer loop
      vertex -8.53437 -18.1189 -21.6686
      vertex -6.24289 -20.4178 -23.9675
      vertex -5.73565 -18.6146 -22.1643
    endloop
  endfacet
  facet normal -7.89592e-16 -0.707107 0.707107
    outer loop
      vertex -3.13655 -20.7436 -24.2933
      vertex -5.73565 -18.6146 -22.1643
      vertex -6.24289 -20.4178 -23.9675
    endloop
  endfacet
  facet normal -8.74268e-16 -0.707107 0.707107
    outer loop
      vertex -5.73565 -18.6146 -22.1643
      vertex -3.13655 -20.7436 -24.2933
      vertex -2.8817 -18.914 -22.4637
    endloop
  endfacet
  facet normal 7.96426e-16 -0.707107 0.707107
    outer loop
      vertex 0 -20.8526 -24.4023
      vertex -2.8817 -18.914 -22.4637
      vertex -3.13655 -20.7436 -24.2933
    endloop
  endfacet
  facet normal 8.70544e-16 -0.707107 0.707107
    outer loop
      vertex -2.8817 -18.914 -22.4637
      vertex 0 -20.8526 -24.4023
      vertex 0 -19.0141 -22.5638
    endloop
  endfacet
  facet normal -0.427544 0.639221 0.639221
    outer loop
      vertex -11.2509 20.9813 17.4316
      vertex -13.8591 20.102 16.5664
      vertex -11.2509 20.9742 17.4387
    endloop
  endfacet
  facet normal -0.427544 0.639221 0.639221
    outer loop
      vertex -13.8591 20.102 16.5664
      vertex -11.2509 20.9813 17.4316
      vertex -13.8591 20.109 16.5594
    endloop
  endfacet
  facet normal -0.514108 -0.606504 -0.606504
    outer loop
      vertex -16.3338 -15.5105 -19.0602
      vertex -13.8591 -16.5664 -20.102
      vertex -16.3338 -15.5176 -19.0531
    endloop
  endfacet
  facet normal -0.514108 -0.606504 -0.606504
    outer loop
      vertex -13.8591 -16.5664 -20.102
      vertex -16.3338 -15.5105 -19.0602
      vertex -13.8591 -16.5594 -20.109
    endloop
  endfacet
  facet normal -0.857726 0.362758 0.364297
    outer loop
      vertex -25.9285 11.5747 8.025
      vertex -24.4452 13.3175 9.78195
      vertex -24.4452 13.3246 9.77488
    endloop
  endfacet
  facet normal -0.857726 0.362758 0.364297
    outer loop
      vertex -24.4452 13.3175 9.78195
      vertex -25.9285 11.5747 8.025
      vertex -25.9285 11.5676 8.03207
    endloop
  endfacet
  facet normal -0.941554 -0.238198 -0.238198
    outer loop
      vertex -27.1621 -6.18074 -9.73042
      vertex -28.134 -4.26694 -7.80248
      vertex -28.134 -4.25987 -7.80955
    endloop
  endfacet
  facet normal -0.941554 -0.238029 -0.238366
    outer loop
      vertex -28.134 -4.26694 -7.80248
      vertex -27.1621 -6.18074 -9.73042
      vertex -27.1621 -6.18782 -9.72335
    endloop
  endfacet
  facet normal -0.146731 0.699453 0.699453
    outer loop
      vertex -2.8817 22.4637 18.914
      vertex -5.73565 22.1573 18.6217
      vertex -2.8817 22.4566 18.9211
    endloop
  endfacet
  facet normal -0.146751 0.704394 0.694473
    outer loop
      vertex -5.73565 22.1573 18.6217
      vertex -2.8817 22.4637 18.914
      vertex -5.73565 22.1643 18.6146
    endloop
  endfacet
  facet normal -0.740949 0.474866 0.474866
    outer loop
      vertex -22.7265 14.9632 11.4135
      vertex -20.7889 16.4678 12.9322
      vertex -20.7889 16.4748 12.9252
    endloop
  endfacet
  facet normal -0.740949 0.474866 0.474866
    outer loop
      vertex -20.7889 16.4678 12.9322
      vertex -22.7265 14.9632 11.4135
      vertex -22.7265 14.9561 11.4206
    endloop
  endfacet
  facet normal -0.514108 0.606504 0.606504
    outer loop
      vertex -16.3338 19.0602 15.5105
      vertex -13.8591 20.102 16.5664
      vertex -13.8591 20.109 16.5594
    endloop
  endfacet
  facet normal -0.514108 0.606504 0.606504
    outer loop
      vertex -13.8591 20.102 16.5664
      vertex -16.3338 19.0602 15.5105
      vertex -16.3338 19.0531 15.5176
    endloop
  endfacet
  facet normal -0.146731 -0.699453 -0.699453
    outer loop
      vertex -5.73565 -18.6217 -22.1573
      vertex -2.8817 -18.914 -22.4637
      vertex -2.8817 -18.9211 -22.4566
    endloop
  endfacet
  facet normal -0.146751 -0.694473 -0.704394
    outer loop
      vertex -2.8817 -18.914 -22.4637
      vertex -5.73565 -18.6217 -22.1573
      vertex -5.73565 -18.6146 -22.1643
    endloop
  endfacet
  facet normal -0.989179 0.103744 0.103744
    outer loop
      vertex -29.2584 3.81251 0.262834
      vertex -28.8351 5.82349 2.28795
      vertex -28.8351 5.83056 2.28088
    endloop
  endfacet
  facet normal -0.989179 0.103751 0.103736
    outer loop
      vertex -28.8351 5.82349 2.28795
      vertex -29.2584 3.81251 0.262834
      vertex -29.2584 3.80544 0.269905
    endloop
  endfacet
  facet normal -0.970026 -0.171826 -0.171826
    outer loop
      vertex -28.134 -4.25987 -7.80955
      vertex -28.8351 -2.28795 -5.82349
      vertex -28.8351 -2.28088 -5.83056
    endloop
  endfacet
  facet normal -0.970026 -0.171826 -0.171826
    outer loop
      vertex -28.8351 -2.28795 -5.82349
      vertex -28.134 -4.25987 -7.80955
      vertex -28.134 -4.26694 -7.80248
    endloop
  endfacet
  facet normal -0.242992 -0.681032 -0.690761
    outer loop
      vertex -8.53437 -18.126 -21.6615
      vertex -5.73565 -18.6146 -22.1643
      vertex -5.73565 -18.6217 -22.1573
    endloop
  endfacet
  facet normal -0.242975 -0.685917 -0.685917
    outer loop
      vertex -5.73565 -18.6146 -22.1643
      vertex -8.53437 -18.126 -21.6615
      vertex -8.53437 -18.1189 -21.6686
    endloop
  endfacet
  facet normal -0.427544 -0.639221 -0.639221
    outer loop
      vertex -13.8591 -16.5664 -20.102
      vertex -11.2509 -17.4316 -20.9813
      vertex -11.2509 -17.4387 -20.9742
    endloop
  endfacet
  facet normal -0.427544 -0.639221 -0.639221
    outer loop
      vertex -11.2509 -17.4316 -20.9813
      vertex -13.8591 -16.5664 -20.102
      vertex -13.8591 -16.5594 -20.109
    endloop
  endfacet
  facet normal -0.33689 0.665772 0.665772
    outer loop
      vertex -8.53437 21.6686 18.1189
      vertex -11.2509 20.9742 17.4387
      vertex -8.53437 21.6615 18.126
    endloop
  endfacet
  facet normal -0.33689 0.665772 0.665772
    outer loop
      vertex -11.2509 20.9742 17.4387
      vertex -8.53437 21.6686 18.1189
      vertex -11.2509 20.9813 17.4316
    endloop
  endfacet
  facet normal -0.595698 0.567954 0.567954
    outer loop
      vertex -18.6512 17.8449 14.2952
      vertex -16.3338 19.0531 15.5176
      vertex -16.3338 19.0602 15.5105
    endloop
  endfacet
  facet normal -0.595698 0.567954 0.567954
    outer loop
      vertex -16.3338 19.0531 15.5176
      vertex -18.6512 17.8449 14.2952
      vertex -18.6512 17.8378 14.3023
    endloop
  endfacet
  facet normal -0.242992 0.690761 0.681032
    outer loop
      vertex -5.73565 22.1643 18.6146
      vertex -8.53437 21.6615 18.126
      vertex -5.73565 22.1573 18.6217
    endloop
  endfacet
  facet normal -0.242975 0.685917 0.685917
    outer loop
      vertex -8.53437 21.6615 18.126
      vertex -5.73565 22.1643 18.6146
      vertex -8.53437 21.6686 18.1189
    endloop
  endfacet
  facet normal -0.0490656 0.706255 0.706255
    outer loop
      vertex -2.8817 22.4637 18.914
      vertex 0 22.5567 19.0212
      vertex 0 22.5638 19.0141
    endloop
  endfacet
  facet normal -0.0490656 0.706255 0.706255
    outer loop
      vertex 0 22.5567 19.0212
      vertex -2.8817 22.4637 18.914
      vertex -2.8817 22.4566 18.9211
    endloop
  endfacet
  facet normal -0.671568 0.523926 0.523926
    outer loop
      vertex -20.7889 16.4748 12.9252
      vertex -18.6512 17.8378 14.3023
      vertex -18.6512 17.8449 14.2952
    endloop
  endfacet
  facet normal -0.671568 0.523926 0.523926
    outer loop
      vertex -18.6512 17.8378 14.3023
      vertex -20.7889 16.4748 12.9252
      vertex -20.7889 16.4678 12.9322
    endloop
  endfacet
  facet normal -0.857726 -0.364297 -0.362758
    outer loop
      vertex -24.4452 -9.77488 -13.3246
      vertex -25.9285 -8.03207 -11.5676
      vertex -25.9285 -8.025 -11.5747
    endloop
  endfacet
  facet normal -0.857726 -0.364297 -0.362758
    outer loop
      vertex -25.9285 -8.03207 -11.5676
      vertex -24.4452 -9.77488 -13.3246
      vertex -24.4452 -9.78195 -13.3175
    endloop
  endfacet
  facet normal -0.740949 -0.474866 -0.474866
    outer loop
      vertex -20.7889 -12.9252 -16.4748
      vertex -22.7265 -11.4206 -14.9561
      vertex -22.7265 -11.4135 -14.9632
    endloop
  endfacet
  facet normal -0.740949 -0.474866 -0.474866
    outer loop
      vertex -22.7265 -11.4206 -14.9561
      vertex -20.7889 -12.9252 -16.4748
      vertex -20.7889 -12.9322 -16.4678
    endloop
  endfacet
  facet normal -0.595698 -0.567954 -0.567954
    outer loop
      vertex -16.3338 -15.5105 -19.0602
      vertex -18.6512 -14.3023 -17.8378
      vertex -18.6512 -14.2952 -17.8449
    endloop
  endfacet
  facet normal -0.595698 -0.567954 -0.567954
    outer loop
      vertex -18.6512 -14.3023 -17.8378
      vertex -16.3338 -15.5105 -19.0602
      vertex -16.3338 -15.5176 -19.0531
    endloop
  endfacet
  facet normal -0.989179 -0.103736 -0.103751
    outer loop
      vertex -28.8351 -2.28088 -5.83056
      vertex -29.2584 -0.269905 -3.80544
      vertex -29.2584 -0.262834 -3.81251
    endloop
  endfacet
  facet normal -0.989179 -0.103744 -0.103744
    outer loop
      vertex -29.2584 -0.269905 -3.80544
      vertex -28.8351 -2.28088 -5.83056
      vertex -28.8351 -2.28795 -5.82349
    endloop
  endfacet
  facet normal -0.8032 -0.422121 -0.420337
    outer loop
      vertex -22.7265 -11.4135 -14.9632
      vertex -24.4452 -9.78195 -13.3175
      vertex -24.4452 -9.77488 -13.3246
    endloop
  endfacet
  facet normal -0.803203 -0.421227 -0.421227
    outer loop
      vertex -24.4452 -9.78195 -13.3175
      vertex -22.7265 -11.4135 -14.9632
      vertex -22.7265 -11.4206 -14.9561
    endloop
  endfacet
  facet normal -0.998795 -0.0347037 -0.0347037
    outer loop
      vertex -29.2584 -0.262834 -3.81251
      vertex -29.4 1.76777 -1.76777
      vertex -29.4 1.77484 -1.77484
    endloop
  endfacet
  facet normal -0.998795 -0.0347012 -0.0347061
    outer loop
      vertex -29.4 1.76777 -1.76777
      vertex -29.2584 -0.262834 -3.81251
      vertex -29.2584 -0.269905 -3.80544
    endloop
  endfacet
  facet normal -0.941554 0.238367 0.23803
    outer loop
      vertex -28.134 7.80955 4.25987
      vertex -27.1621 9.72335 6.18782
      vertex -27.1621 9.73042 6.18074
    endloop
  endfacet
  facet normal -0.941554 0.238198 0.238198
    outer loop
      vertex -27.1621 9.72335 6.18782
      vertex -28.134 7.80955 4.25987
      vertex -28.134 7.80248 4.26694
    endloop
  endfacet
  facet normal -0.903987 -0.302117 -0.302544
    outer loop
      vertex -25.9285 -8.025 -11.5747
      vertex -27.1621 -6.18782 -9.72335
      vertex -27.1621 -6.18074 -9.73042
    endloop
  endfacet
  facet normal -0.903985 -0.302973 -0.301693
    outer loop
      vertex -27.1621 -6.18782 -9.72335
      vertex -25.9285 -8.025 -11.5747
      vertex -25.9285 -8.03207 -11.5676
    endloop
  endfacet
  facet normal -0.803201 0.421229 0.421229
    outer loop
      vertex -24.4452 13.3246 9.77488
      vertex -22.7265 14.9561 11.4206
      vertex -22.7265 14.9632 11.4135
    endloop
  endfacet
  facet normal -0.803203 0.420335 0.422118
    outer loop
      vertex -22.7265 14.9561 11.4206
      vertex -24.4452 13.3246 9.77488
      vertex -24.4452 13.3175 9.78195
    endloop
  endfacet
  facet normal -0.970026 0.171826 0.171826
    outer loop
      vertex -28.8351 5.83056 2.28088
      vertex -28.134 7.80248 4.26694
      vertex -28.134 7.80955 4.25987
    endloop
  endfacet
  facet normal -0.970026 0.171826 0.171826
    outer loop
      vertex -28.134 7.80248 4.26694
      vertex -28.8351 5.83056 2.28088
      vertex -28.8351 5.82349 2.28795
    endloop
  endfacet
  facet normal -0.903987 0.30169 0.302971
    outer loop
      vertex -27.1621 9.73042 6.18074
      vertex -25.9285 11.5676 8.03207
      vertex -25.9285 11.5747 8.025
    endloop
  endfacet
  facet normal -0.903985 0.302547 0.30212
    outer loop
      vertex -25.9285 11.5676 8.03207
      vertex -27.1621 9.73042 6.18074
      vertex -27.1621 9.72335 6.18782
    endloop
  endfacet
  facet normal -0.0490656 -0.706255 -0.706255
    outer loop
      vertex -2.8817 -18.914 -22.4637
      vertex 0 -19.0212 -22.5567
      vertex -2.8817 -18.9211 -22.4566
    endloop
  endfacet
  facet normal -0.0490656 -0.706255 -0.706255
    outer loop
      vertex 0 -19.0212 -22.5567
      vertex -2.8817 -18.914 -22.4637
      vertex 0 -19.0141 -22.5638
    endloop
  endfacet
  facet normal -0.998795 0.0347061 0.0347012
    outer loop
      vertex -29.4 1.77484 -1.77484
      vertex -29.2584 3.80544 0.269905
      vertex -29.2584 3.81251 0.262834
    endloop
  endfacet
  facet normal -0.998795 0.0347037 0.0347037
    outer loop
      vertex -29.2584 3.80544 0.269905
      vertex -29.4 1.77484 -1.77484
      vertex -29.4 1.76777 -1.76777
    endloop
  endfacet
  facet normal -0.33689 -0.665772 -0.665772
    outer loop
      vertex -11.2509 -17.4387 -20.9742
      vertex -8.53437 -18.1189 -21.6686
      vertex -8.53437 -18.126 -21.6615
    endloop
  endfacet
  facet normal -0.33689 -0.665772 -0.665772
    outer loop
      vertex -8.53437 -18.1189 -21.6686
      vertex -11.2509 -17.4387 -20.9742
      vertex -11.2509 -17.4316 -20.9813
    endloop
  endfacet
  facet normal -0.671568 -0.523926 -0.523926
    outer loop
      vertex -18.6512 -14.2952 -17.8449
      vertex -20.7889 -12.9322 -16.4678
      vertex -20.7889 -12.9252 -16.4748
    endloop
  endfacet
  facet normal -0.671568 -0.523926 -0.523926
    outer loop
      vertex -20.7889 -12.9322 -16.4678
      vertex -18.6512 -14.2952 -17.8449
      vertex -18.6512 -14.3023 -17.8378
    endloop
  endfacet
  facet normal 0 -0.707107 0.707107
    outer loop
      vertex -54.6 -21.2768 -24.8265
      vertex -45.9581 -19.0141 -22.5638
      vertex -54.6 -19.0141 -22.5638
    endloop
  endfacet
  facet normal -5.85279e-16 -0.707107 0.707107
    outer loop
      vertex -45.9581 -19.0141 -22.5638
      vertex -54.6 -21.2768 -24.8265
      vertex -45.3982 -19.6746 -23.2243
    endloop
  endfacet
  facet normal 0 -0.707107 0.707107
    outer loop
      vertex -45.3982 -19.6746 -23.2243
      vertex -54.6 -21.2768 -24.8265
      vertex -43.7178 -21.2768 -24.8265
    endloop
  endfacet
  facet normal 1 0 0
    outer loop
      vertex -54.6 -19.0212 -22.5567
      vertex -54.6 -21.2768 -24.8265
      vertex -54.6 -19.0141 -22.5638
    endloop
  endfacet
  facet normal 1 0 -0
    outer loop
      vertex -54.6 -21.2768 -24.8265
      vertex -54.6 -19.0212 -22.5567
      vertex -54.6 -21.2839 -24.8194
    endloop
  endfacet
  facet normal 0 -0.707107 -0.707107
    outer loop
      vertex -54.6 -19.0141 -22.5638
      vertex -45.9581 -19.0212 -22.5567
      vertex -54.6 -19.0212 -22.5567
    endloop
  endfacet
  facet normal 0 -0.707107 -0.707107
    outer loop
      vertex -45.9581 -19.0212 -22.5567
      vertex -54.6 -19.0141 -22.5638
      vertex -45.9581 -19.0141 -22.5638
    endloop
  endfacet
  facet normal 0 0.707107 0.707107
    outer loop
      vertex -43.7178 -21.2768 -24.8265
      vertex -54.6 -21.2839 -24.8194
      vertex -43.7178 -21.2839 -24.8194
    endloop
  endfacet
  facet normal 0 0.707107 0.707107
    outer loop
      vertex -54.6 -21.2839 -24.8194
      vertex -43.7178 -21.2768 -24.8265
      vertex -54.6 -21.2768 -24.8265
    endloop
  endfacet
  facet normal 0 -0.707107 0.707107
    outer loop
      vertex -54.6 24.8265 21.2768
      vertex -45.3982 23.2243 19.6746
      vertex -43.7178 24.8265 21.2768
    endloop
  endfacet
  facet normal 0 -0.707107 0.707107
    outer loop
      vertex -45.9581 22.5638 19.0141
      vertex -54.6 24.8265 21.2768
      vertex -54.6 22.5638 19.0141
    endloop
  endfacet
  facet normal -5.85279e-16 -0.707107 0.707107
    outer loop
      vertex -54.6 24.8265 21.2768
      vertex -45.9581 22.5638 19.0141
      vertex -45.3982 23.2243 19.6746
    endloop
  endfacet
  facet normal 1 0 0
    outer loop
      vertex -54.6 24.8194 21.2839
      vertex -54.6 22.5638 19.0141
      vertex -54.6 24.8265 21.2768
    endloop
  endfacet
  facet normal 1 0 -0
    outer loop
      vertex -54.6 22.5638 19.0141
      vertex -54.6 24.8194 21.2839
      vertex -54.6 22.5567 19.0212
    endloop
  endfacet
  facet normal 0 -0.707107 -0.707107
    outer loop
      vertex -54.6 24.8265 21.2768
      vertex -43.7178 24.8194 21.2839
      vertex -54.6 24.8194 21.2839
    endloop
  endfacet
  facet normal 0 -0.707107 -0.707107
    outer loop
      vertex -43.7178 24.8194 21.2839
      vertex -54.6 24.8265 21.2768
      vertex -43.7178 24.8265 21.2768
    endloop
  endfacet
  facet normal 0 0.707107 0.707107
    outer loop
      vertex -45.9581 22.5638 19.0141
      vertex -54.6 22.5567 19.0212
      vertex -45.9581 22.5567 19.0212
    endloop
  endfacet
  facet normal 0 0.707107 0.707107
    outer loop
      vertex -54.6 22.5567 19.0212
      vertex -45.9581 22.5638 19.0141
      vertex -54.6 22.5638 19.0141
    endloop
  endfacet
  facet normal 0.989178 0.103749 0.103749
    outer loop
      vertex 74.5397 8.71641 12.2519
      vertex 75.634 14.1063 -3.57138
      vertex 74.5397 19.323 1.64534
    endloop
  endfacet
  facet normal 0.989178 0.103749 0.103749
    outer loop
      vertex 75.634 14.1063 -3.57138
      vertex 74.5397 8.71641 12.2519
      vertex 75.634 3.49968 7.03522
    endloop
  endfacet
  facet normal 0.998795 0.0346997 0.0346998
    outer loop
      vertex 75.634 3.49968 7.03522
      vertex 76 8.83883 -8.83883
      vertex 75.634 14.1063 -3.57138
    endloop
  endfacet
  facet normal 0.998795 0.0346998 0.0346998
    outer loop
      vertex 76 8.83883 -8.83883
      vertex 75.634 3.49968 7.03522
      vertex 76 -1.76777 1.76777
    endloop
  endfacet
  facet normal 0.970032 0.171811 0.171811
    outer loop
      vertex 72.7275 13.8322 17.3677
      vertex 74.5397 19.323 1.64534
      vertex 72.7275 24.4388 6.7611
    endloop
  endfacet
  facet normal 0.970032 0.17181 0.171811
    outer loop
      vertex 74.5397 19.323 1.64534
      vertex 72.7275 13.8322 17.3677
      vertex 74.5397 8.71641 12.2519
    endloop
  endfacet
  facet normal 0.336892 -0.665772 -0.665772
    outer loop
      vertex 22.0616 -53.1939 -49.6583
      vertex 29.0839 -40.8106 -58.4882
      vertex 29.0839 -51.4172 -47.8816
    endloop
  endfacet
  facet normal 0.336883 -0.665771 -0.665777
    outer loop
      vertex 29.0839 -40.8106 -58.4882
      vertex 22.0616 -53.1939 -49.6583
      vertex 22.0616 -42.5872 -60.2649
    endloop
  endfacet
  facet normal 0.671561 0.52393 0.52393
    outer loop
      vertex 48.2139 39.7739 43.3094
      vertex 51.3689 37.7519 41.2874
      vertex 51.3689 37.759 41.2803
    endloop
  endfacet
  facet normal 0.671561 0.52393 0.52393
    outer loop
      vertex 51.3689 37.759 41.2803
      vertex 48.2139 50.3805 32.7028
      vertex 48.2139 39.7739 43.3094
    endloop
  endfacet
  facet normal 0.671558 0.523931 0.523932
    outer loop
      vertex 48.2139 50.3805 32.7028
      vertex 51.3689 37.759 41.2803
      vertex 53.7401 46.8388 29.1612
    endloop
  endfacet
  facet normal 0.671555 0.523934 0.523934
    outer loop
      vertex 53.7401 46.8388 29.1612
      vertex 51.3689 37.759 41.2803
      vertex 53.7401 36.2393 39.7607
    endloop
  endfacet
  facet normal -0.85773 0.363523 0.363523
    outer loop
      vertex -67.026 34.1717 16.4941
      vertex -63.1917 28.0886 31.6242
      vertex -63.1917 38.6952 21.0176
    endloop
  endfacet
  facet normal -0.85773 0.363523 0.363523
    outer loop
      vertex -63.1917 28.0886 31.6242
      vertex -67.026 34.1717 16.4941
      vertex -67.026 23.5651 27.1007
    endloop
  endfacet
  facet normal -0.146734 -0.699453 -0.699453
    outer loop
      vertex -14.8269 -43.8687 -61.5463
      vertex -7.4493 -55.2491 -51.7136
      vertex -14.8269 -54.4753 -50.9397
    endloop
  endfacet
  facet normal -0.146734 -0.699453 -0.699453
    outer loop
      vertex -7.4493 -55.2491 -51.7136
      vertex -14.8269 -43.8687 -61.5463
      vertex -7.4493 -44.6425 -62.3202
    endloop
  endfacet
  facet normal 0.94154 0.238225 0.238225
    outer loop
      vertex 70.2148 18.7977 22.3332
      vertex 72.7275 24.4388 6.7611
      vertex 70.2148 29.4043 11.7266
    endloop
  endfacet
  facet normal 0.94154 0.238225 0.238225
    outer loop
      vertex 72.7275 24.4388 6.7611
      vertex 70.2148 18.7977 22.3332
      vertex 72.7275 13.8322 17.3677
    endloop
  endfacet
  facet normal -0.0490633 0.706255 0.706255
    outer loop
      vertex 0 62.5789 44.9013
      vertex -7.4493 51.7136 55.2491
      vertex 0 51.9723 55.5079
    endloop
  endfacet
  facet normal -0.0490633 0.706255 0.706255
    outer loop
      vertex -7.4493 51.7136 55.2491
      vertex 0 62.5789 44.9013
      vertex -7.4493 62.3202 44.6425
    endloop
  endfacet
  facet normal 0.0490633 -0.706255 -0.706255
    outer loop
      vertex 0 -55.5079 -51.9723
      vertex 7.4493 -44.6425 -62.3202
      vertex 7.4493 -55.2491 -51.7136
    endloop
  endfacet
  facet normal 0.0490633 -0.706255 -0.706255
    outer loop
      vertex 7.4493 -44.6425 -62.3202
      vertex 0 -55.5079 -51.9723
      vertex 0 -44.9013 -62.5789
    endloop
  endfacet
  facet normal -0.90399 -0.302326 -0.302326
    outer loop
      vertex -67.026 -16.4941 -34.1717
      vertex -70.2148 -22.3332 -18.7977
      vertex -70.2148 -11.7266 -29.4043
    endloop
  endfacet
  facet normal -0.90399 -0.302326 -0.302326
    outer loop
      vertex -70.2148 -22.3332 -18.7977
      vertex -67.026 -16.4941 -34.1717
      vertex -67.026 -27.1007 -23.5651
    endloop
  endfacet
  facet normal -0.595696 -0.567955 -0.567955
    outer loop
      vertex -42.2233 -35.8444 -53.5221
      vertex -48.2139 -43.3094 -39.7739
      vertex -48.2139 -32.7028 -50.3805
    endloop
  endfacet
  facet normal -0.595696 -0.567955 -0.567955
    outer loop
      vertex -48.2139 -43.3094 -39.7739
      vertex -42.2233 -35.8444 -53.5221
      vertex -42.2233 -46.451 -42.9155
    endloop
  endfacet
  facet normal -0.803207 0.421224 0.421224
    outer loop
      vertex -63.1917 38.6952 21.0176
      vertex -58.7488 32.3246 35.8601
      vertex -58.7488 42.9312 25.2535
    endloop
  endfacet
  facet normal -0.803207 0.421224 0.421224
    outer loop
      vertex -58.7488 32.3246 35.8601
      vertex -63.1917 38.6952 21.0176
      vertex -63.1917 28.0886 31.6242
    endloop
  endfacet
  facet normal 0.970032 -0.171811 -0.171811
    outer loop
      vertex 74.5397 -12.2519 -8.71641
      vertex 72.7275 -6.7611 -24.4388
      vertex 74.5397 -1.64534 -19.323
    endloop
  endfacet
  facet normal 0.970032 -0.17181 -0.17181
    outer loop
      vertex 72.7275 -6.7611 -24.4388
      vertex 74.5397 -12.2519 -8.71641
      vertex 72.7275 -17.3677 -13.8322
    endloop
  endfacet
  facet normal 0.85773 0.363523 0.363523
    outer loop
      vertex 63.1917 28.0886 31.6242
      vertex 67.026 34.1717 16.4941
      vertex 63.1917 38.6952 21.0176
    endloop
  endfacet
  facet normal 0.85773 0.363523 0.363523
    outer loop
      vertex 67.026 34.1717 16.4941
      vertex 63.1917 28.0886 31.6242
      vertex 67.026 23.5651 27.1007
    endloop
  endfacet
  facet normal 0.90399 0.302326 0.302326
    outer loop
      vertex 67.026 23.5651 27.1007
      vertex 70.2148 29.4043 11.7266
      vertex 67.026 34.1717 16.4941
    endloop
  endfacet
  facet normal 0.90399 0.302326 0.302326
    outer loop
      vertex 70.2148 29.4043 11.7266
      vertex 67.026 23.5651 27.1007
      vertex 70.2148 18.7977 22.3332
    endloop
  endfacet
  facet normal 0.94154 -0.238225 -0.238225
    outer loop
      vertex 72.7275 -17.3677 -13.8322
      vertex 70.2148 -11.7266 -29.4043
      vertex 72.7275 -6.7611 -24.4388
    endloop
  endfacet
  facet normal 0.94154 -0.238225 -0.238225
    outer loop
      vertex 70.2148 -11.7266 -29.4043
      vertex 72.7275 -17.3677 -13.8322
      vertex 70.2148 -22.3332 -18.7977
    endloop
  endfacet
  facet normal -0.427552 -0.639218 -0.639218
    outer loop
      vertex -35.8262 -38.5557 -56.2334
      vertex -29.0839 -51.4172 -47.8816
      vertex -35.8262 -49.1623 -45.6268
    endloop
  endfacet
  facet normal -0.427552 -0.639218 -0.639218
    outer loop
      vertex -29.0839 -51.4172 -47.8816
      vertex -35.8262 -38.5557 -56.2334
      vertex -29.0839 -40.8106 -58.4882
    endloop
  endfacet
  facet normal -0.97003 -0.171815 -0.171815
    outer loop
      vertex -72.7275 -6.7611 -24.4388
      vertex -73.7449 -14.4957 -10.9602
      vertex -73.7449 -3.88909 -21.5668
    endloop
  endfacet
  facet normal -0.97003 -0.171816 -0.171816
    outer loop
      vertex -73.7449 -14.4957 -10.9602
      vertex -72.7275 -6.7611 -24.4388
      vertex -72.7275 -17.3677 -13.8322
    endloop
  endfacet
  facet normal -0.740951 0.474862 0.474865
    outer loop
      vertex -55.8892 34.5626 38.084
      vertex -53.7401 46.8388 29.1612
      vertex -58.7488 42.9312 25.2535
    endloop
  endfacet
  facet normal -0.740958 0.474859 0.474859
    outer loop
      vertex -53.7401 46.8388 29.1612
      vertex -55.8892 34.5626 38.084
      vertex -53.7401 36.2393 39.7607
    endloop
  endfacet
  facet normal -0.740947 0.474867 0.474867
    outer loop
      vertex -58.7488 32.3246 35.8601
      vertex -55.8892 34.5626 38.084
      vertex -58.7488 42.9312 25.2535
    endloop
  endfacet
  facet normal -0.740946 0.478224 0.471488
    outer loop
      vertex -55.8892 34.5626 38.084
      vertex -58.7488 32.3246 35.8601
      vertex -55.8892 34.5556 38.0911
    endloop
  endfacet
  facet normal -0.242977 -0.685916 -0.685916
    outer loop
      vertex -22.0616 -53.1939 -49.6583
      vertex -14.8269 -43.8687 -61.5463
      vertex -14.8269 -54.4753 -50.9397
    endloop
  endfacet
  facet normal -0.242986 -0.685911 -0.685918
    outer loop
      vertex -14.8269 -43.8687 -61.5463
      vertex -22.0616 -53.1939 -49.6583
      vertex -22.0616 -42.5872 -60.2649
    endloop
  endfacet
  facet normal -0.514111 0.606502 0.606502
    outer loop
      vertex -35.8262 56.2334 38.5557
      vertex -42.2233 42.9155 46.451
      vertex -35.8262 45.6268 49.1623
    endloop
  endfacet
  facet normal -0.514111 0.606502 0.606502
    outer loop
      vertex -42.2233 42.9155 46.451
      vertex -35.8262 56.2334 38.5557
      vertex -42.2233 53.5221 35.8444
    endloop
  endfacet
  facet normal 0.803207 0.421224 0.421224
    outer loop
      vertex 58.7488 32.3246 35.8601
      vertex 63.1917 38.6952 21.0176
      vertex 58.7488 42.9312 25.2535
    endloop
  endfacet
  facet normal 0.803207 0.421224 0.421224
    outer loop
      vertex 63.1917 38.6952 21.0176
      vertex 58.7488 32.3246 35.8601
      vertex 63.1917 28.0886 31.6242
    endloop
  endfacet
  facet normal -0.146734 0.699453 0.699453
    outer loop
      vertex -7.4493 62.3202 44.6425
      vertex -14.8269 50.9397 54.4753
      vertex -7.4493 51.7136 55.2491
    endloop
  endfacet
  facet normal -0.146734 0.699453 0.699453
    outer loop
      vertex -14.8269 50.9397 54.4753
      vertex -7.4493 62.3202 44.6425
      vertex -14.8269 61.5463 43.8687
    endloop
  endfacet
  facet normal 0.427552 -0.639218 -0.639218
    outer loop
      vertex 29.0839 -51.4172 -47.8816
      vertex 35.8262 -38.5557 -56.2334
      vertex 35.8262 -49.1623 -45.6268
    endloop
  endfacet
  facet normal 0.427552 -0.639218 -0.639218
    outer loop
      vertex 35.8262 -38.5557 -56.2334
      vertex 29.0839 -51.4172 -47.8816
      vertex 29.0839 -40.8106 -58.4882
    endloop
  endfacet
  facet normal -0.671558 0.523931 0.523932
    outer loop
      vertex -51.3689 37.759 41.2803
      vertex -48.2139 50.3805 32.7028
      vertex -53.7401 46.8388 29.1612
    endloop
  endfacet
  facet normal -0.671561 0.52393 0.52393
    outer loop
      vertex -48.2139 50.3805 32.7028
      vertex -51.3689 37.759 41.2803
      vertex -48.2139 39.7739 43.3094
    endloop
  endfacet
  facet normal -0.671555 0.523934 0.523934
    outer loop
      vertex -51.3689 37.759 41.2803
      vertex -53.7401 46.8388 29.1612
      vertex -53.7401 36.2393 39.7607
    endloop
  endfacet
  facet normal -0.671561 0.52393 0.52393
    outer loop
      vertex -48.2139 39.7739 43.3094
      vertex -51.3689 37.759 41.2803
      vertex -51.3689 37.7519 41.2874
    endloop
  endfacet
  facet normal 0.85773 -0.363523 -0.363523
    outer loop
      vertex 67.026 -27.1007 -23.5651
      vertex 63.1917 -21.0176 -38.6952
      vertex 67.026 -16.4941 -34.1717
    endloop
  endfacet
  facet normal 0.85773 -0.363523 -0.363523
    outer loop
      vertex 63.1917 -21.0176 -38.6952
      vertex 67.026 -27.1007 -23.5651
      vertex 63.1917 -31.6242 -28.0886
    endloop
  endfacet
  facet normal -0.595696 0.567955 0.567955
    outer loop
      vertex -48.2139 50.3805 32.7028
      vertex -42.2233 42.9155 46.451
      vertex -42.2233 53.5221 35.8444
    endloop
  endfacet
  facet normal -0.595696 0.567955 0.567955
    outer loop
      vertex -42.2233 42.9155 46.451
      vertex -48.2139 50.3805 32.7028
      vertex -48.2139 39.7739 43.3094
    endloop
  endfacet
  facet normal 0.336892 0.665775 0.665769
    outer loop
      vertex 29.0839 47.8816 51.4172
      vertex 22.0616 60.2649 42.5872
      vertex 22.0616 49.6583 53.1939
    endloop
  endfacet
  facet normal 0.336883 0.665774 0.665774
    outer loop
      vertex 22.0616 60.2649 42.5872
      vertex 29.0839 47.8816 51.4172
      vertex 29.0839 58.4882 40.8106
    endloop
  endfacet
  facet normal 0.740958 0.474859 0.474859
    outer loop
      vertex 55.8892 34.5626 38.084
      vertex 53.7401 46.8388 29.1612
      vertex 53.7401 36.2393 39.7607
    endloop
  endfacet
  facet normal 0.740951 0.474862 0.474865
    outer loop
      vertex 53.7401 46.8388 29.1612
      vertex 55.8892 34.5626 38.084
      vertex 58.7488 42.9312 25.2535
    endloop
  endfacet
  facet normal 0.740946 0.478224 0.471488
    outer loop
      vertex 58.7488 32.3246 35.8601
      vertex 55.8892 34.5626 38.084
      vertex 55.8892 34.5556 38.0911
    endloop
  endfacet
  facet normal 0.740947 0.474867 0.474867
    outer loop
      vertex 55.8892 34.5626 38.084
      vertex 58.7488 32.3246 35.8601
      vertex 58.7488 42.9312 25.2535
    endloop
  endfacet
  facet normal 0.998795 -0.0346997 -0.0346997
    outer loop
      vertex 76 -1.76777 1.76777
      vertex 75.634 3.57138 -14.1063
      vertex 76 8.83883 -8.83883
    endloop
  endfacet
  facet normal 0.998795 -0.0346998 -0.0346998
    outer loop
      vertex 75.634 3.57138 -14.1063
      vertex 76 -1.76777 1.76777
      vertex 75.634 -7.03522 -3.49968
    endloop
  endfacet
  facet normal -0.94154 -0.238225 -0.238225
    outer loop
      vertex -70.2148 -11.7266 -29.4043
      vertex -72.7275 -17.3677 -13.8322
      vertex -72.7275 -6.7611 -24.4388
    endloop
  endfacet
  facet normal -0.94154 -0.238225 -0.238225
    outer loop
      vertex -72.7275 -17.3677 -13.8322
      vertex -70.2148 -11.7266 -29.4043
      vertex -70.2148 -22.3332 -18.7977
    endloop
  endfacet
  facet normal 0.514111 0.606502 0.606502
    outer loop
      vertex 42.2233 42.9155 46.451
      vertex 35.8262 56.2334 38.5557
      vertex 35.8262 45.6268 49.1623
    endloop
  endfacet
  facet normal 0.514111 0.606502 0.606502
    outer loop
      vertex 35.8262 56.2334 38.5557
      vertex 42.2233 42.9155 46.451
      vertex 42.2233 53.5221 35.8444
    endloop
  endfacet
  facet normal 0.595696 0.567955 0.567955
    outer loop
      vertex 42.2233 42.9155 46.451
      vertex 48.2139 50.3805 32.7028
      vertex 42.2233 53.5221 35.8444
    endloop
  endfacet
  facet normal 0.595696 0.567955 0.567955
    outer loop
      vertex 48.2139 50.3805 32.7028
      vertex 42.2233 42.9155 46.451
      vertex 48.2139 39.7739 43.3094
    endloop
  endfacet
  facet normal 0.146734 -0.699453 -0.699453
    outer loop
      vertex 7.4493 -55.2491 -51.7136
      vertex 14.8269 -43.8687 -61.5463
      vertex 14.8269 -54.4753 -50.9397
    endloop
  endfacet
  facet normal 0.146734 -0.699453 -0.699453
    outer loop
      vertex 14.8269 -43.8687 -61.5463
      vertex 7.4493 -55.2491 -51.7136
      vertex 7.4493 -44.6425 -62.3202
    endloop
  endfacet
  facet normal 0.740946 -0.471488 -0.478224
    outer loop
      vertex 58.7488 -35.8601 -32.3246
      vertex 55.8892 -38.0911 -34.5556
      vertex 55.8892 -38.084 -34.5626
    endloop
  endfacet
  facet normal 0.740947 -0.474867 -0.474867
    outer loop
      vertex 55.8892 -38.084 -34.5626
      vertex 58.7488 -25.2535 -42.9312
      vertex 58.7488 -35.8601 -32.3246
    endloop
  endfacet
  facet normal 0.740951 -0.474865 -0.474862
    outer loop
      vertex 58.7488 -25.2535 -42.9312
      vertex 55.8892 -38.084 -34.5626
      vertex 53.7401 -29.1612 -46.8388
    endloop
  endfacet
  facet normal 0.740958 -0.474859 -0.474859
    outer loop
      vertex 53.7401 -29.1612 -46.8388
      vertex 55.8892 -38.084 -34.5626
      vertex 53.7401 -39.7607 -36.2393
    endloop
  endfacet
  facet normal 0.803207 -0.421224 -0.421224
    outer loop
      vertex 63.1917 -31.6242 -28.0886
      vertex 58.7488 -25.2535 -42.9312
      vertex 63.1917 -21.0176 -38.6952
    endloop
  endfacet
  facet normal 0.803207 -0.421224 -0.421224
    outer loop
      vertex 58.7488 -25.2535 -42.9312
      vertex 63.1917 -31.6242 -28.0886
      vertex 58.7488 -35.8601 -32.3246
    endloop
  endfacet
  facet normal 0.242977 -0.685916 -0.685916
    outer loop
      vertex 14.8269 -43.8687 -61.5463
      vertex 22.0616 -53.1939 -49.6583
      vertex 14.8269 -54.4753 -50.9397
    endloop
  endfacet
  facet normal 0.242986 -0.685911 -0.685918
    outer loop
      vertex 22.0616 -53.1939 -49.6583
      vertex 14.8269 -43.8687 -61.5463
      vertex 22.0616 -42.5872 -60.2649
    endloop
  endfacet
  facet normal 0.90399 -0.302326 -0.302326
    outer loop
      vertex 70.2148 -22.3332 -18.7977
      vertex 67.026 -16.4941 -34.1717
      vertex 70.2148 -11.7266 -29.4043
    endloop
  endfacet
  facet normal 0.90399 -0.302326 -0.302326
    outer loop
      vertex 67.026 -16.4941 -34.1717
      vertex 70.2148 -22.3332 -18.7977
      vertex 67.026 -27.1007 -23.5651
    endloop
  endfacet
  facet normal -0.242986 0.685915 0.685915
    outer loop
      vertex -22.0616 60.2649 42.5872
      vertex -14.8269 50.9397 54.4753
      vertex -14.8269 61.5463 43.8687
    endloop
  endfacet
  facet normal -0.242977 0.685919 0.685913
    outer loop
      vertex -14.8269 50.9397 54.4753
      vertex -22.0616 60.2649 42.5872
      vertex -22.0616 49.6583 53.1939
    endloop
  endfacet
  facet normal -0.94154 0.238225 0.238225
    outer loop
      vertex -72.7275 24.4388 6.7611
      vertex -70.2148 18.7977 22.3332
      vertex -70.2148 29.4043 11.7266
    endloop
  endfacet
  facet normal -0.94154 0.238225 0.238225
    outer loop
      vertex -70.2148 18.7977 22.3332
      vertex -72.7275 24.4388 6.7611
      vertex -72.7275 13.8322 17.3677
    endloop
  endfacet
  facet normal -0.427552 0.639218 0.639218
    outer loop
      vertex -29.0839 58.4882 40.8106
      vertex -35.8262 45.6268 49.1623
      vertex -29.0839 47.8816 51.4172
    endloop
  endfacet
  facet normal -0.427552 0.639218 0.639218
    outer loop
      vertex -35.8262 45.6268 49.1623
      vertex -29.0839 58.4882 40.8106
      vertex -35.8262 56.2334 38.5557
    endloop
  endfacet
  facet normal -0.97003 0.171815 0.171815
    outer loop
      vertex -73.7449 21.5668 3.88909
      vertex -72.7275 13.8322 17.3677
      vertex -72.7275 24.4388 6.7611
    endloop
  endfacet
  facet normal -0.97003 0.171816 0.171816
    outer loop
      vertex -72.7275 13.8322 17.3677
      vertex -73.7449 21.5668 3.88909
      vertex -73.7449 10.9602 14.4957
    endloop
  endfacet
  facet normal 0.427552 0.639218 0.639218
    outer loop
      vertex 35.8262 45.6268 49.1623
      vertex 29.0839 58.4882 40.8106
      vertex 29.0839 47.8816 51.4172
    endloop
  endfacet
  facet normal 0.427552 0.639218 0.639218
    outer loop
      vertex 29.0839 58.4882 40.8106
      vertex 35.8262 45.6268 49.1623
      vertex 35.8262 56.2334 38.5557
    endloop
  endfacet
  facet normal 8.52625e-05 0.707123 -0.707091
    outer loop
      vertex -53.7401 46.8388 29.1612
      vertex -41.4119 13.061 -4.61662
      vertex -42 13.0815 -4.59619
    endloop
  endfacet
  facet normal -9.71215e-05 0.707223 -0.706991
    outer loop
      vertex 48.2139 50.3805 32.7028
      vertex -40.8295 13 -4.67772
      vertex -41.4119 13.061 -4.61662
    endloop
  endfacet
  facet normal 3.48706e-05 0.707065 -0.707148
    outer loop
      vertex 48.2139 50.3805 32.7028
      vertex -40.2583 12.8988 -4.77888
      vertex -40.8295 13 -4.67772
    endloop
  endfacet
  facet normal 2.38956e-05 0.707078 -0.707135
    outer loop
      vertex 48.2139 50.3805 32.7028
      vertex -39.7039 12.7585 -4.91915
      vertex -40.2583 12.8988 -4.77888
    endloop
  endfacet
  facet normal -7.63317e-06 0.707115 -0.707098
    outer loop
      vertex 48.2139 50.3805 32.7028
      vertex -39.1716 12.5805 -5.09716
      vertex -39.7039 12.7585 -4.91915
    endloop
  endfacet
  facet normal -3.55233e-05 0.707147 -0.707066
    outer loop
      vertex 48.2139 50.3805 32.7028
      vertex -38.6666 12.3665 -5.31121
      vertex -39.1716 12.5805 -5.09716
    endloop
  endfacet
  facet normal 5.44405e-05 0.707045 -0.707169
    outer loop
      vertex 48.2139 50.3805 32.7028
      vertex -38.1936 12.1184 -5.55923
      vertex -38.6666 12.3665 -5.31121
    endloop
  endfacet
  facet normal -3.38793e-07 0.707107 -0.707107
    outer loop
      vertex 48.2139 50.3805 32.7028
      vertex -37.7574 11.8388 -5.83883
      vertex -38.1936 12.1184 -5.55923
    endloop
  endfacet
  facet normal -3.65613e-07 0.707107 -0.707107
    outer loop
      vertex 48.2139 50.3805 32.7028
      vertex -37.3619 11.5303 -6.14733
      vertex -37.7574 11.8388 -5.83883
    endloop
  endfacet
  facet normal -1.33984e-05 0.707121 -0.707093
    outer loop
      vertex 48.2139 50.3805 32.7028
      vertex -37.0112 11.1959 -6.48175
      vertex -37.3619 11.5303 -6.14733
    endloop
  endfacet
  facet normal -1.34003e-05 0.707121 -0.707093
    outer loop
      vertex 48.2139 50.3805 32.7028
      vertex -36.7085 10.8388 -6.83887
      vertex -37.0112 11.1959 -6.48175
    endloop
  endfacet
  facet normal 1.31491e-05 0.707092 -0.707121
    outer loop
      vertex 48.2139 50.3805 32.7028
      vertex -36.4567 10.4624 -7.21525
      vertex -36.7085 10.8388 -6.83887
    endloop
  endfacet
  facet normal -7.2037e-06 0.707114 -0.7071
    outer loop
      vertex 48.2139 50.3805 32.7028
      vertex -36.2584 10.0704 -7.60726
      vertex -36.4567 10.4624 -7.21525
    endloop
  endfacet
  facet normal -7.43291e-06 0.707114 -0.707099
    outer loop
      vertex 48.2139 50.3805 32.7028
      vertex -36.1153 9.66653 -8.01114
      vertex -36.2584 10.0704 -7.60726
    endloop
  endfacet
  facet normal -2.28417e-07 0.707107 -0.707107
    outer loop
      vertex 48.2139 50.3805 32.7028
      vertex -36.0289 9.25469 -8.42298
      vertex -36.1153 9.66653 -8.01114
    endloop
  endfacet
  facet normal 3.86397e-05 0.707107 -0.707107
    outer loop
      vertex 75.634 3.57138 -14.1063
      vertex 75.634 14.1063 -3.57138
      vertex 76 8.83883 -8.83883
    endloop
  endfacet
  facet normal -7.5081e-17 0.707107 -0.707107
    outer loop
      vertex 35.8262 -38.5557 -56.2334
      vertex 48.2139 50.3805 32.7028
      vertex 42.2233 -35.8444 -53.5221
    endloop
  endfacet
  facet normal 7.78496e-06 0.707099 -0.707115
    outer loop
      vertex 48.2139 50.3805 32.7028
      vertex -36 8.83883 -8.83883
      vertex -36.0289 9.25469 -8.42298
    endloop
  endfacet
  facet normal -3.60641e-07 0.707107 -0.707107
    outer loop
      vertex 48.2139 50.3805 32.7028
      vertex 35.8262 -38.5557 -56.2334
      vertex -36 8.83883 -8.83883
    endloop
  endfacet
  facet normal -7.0925e-06 0.707102 -0.707112
    outer loop
      vertex 29.0839 -40.8106 -58.4882
      vertex -36 8.83883 -8.83883
      vertex 35.8262 -38.5557 -56.2334
    endloop
  endfacet
  facet normal 7.72397e-06 0.707111 -0.707102
    outer loop
      vertex 22.0616 -42.5872 -60.2649
      vertex -36 8.83883 -8.83883
      vertex 29.0839 -40.8106 -58.4882
    endloop
  endfacet
  facet normal 1.37283e-05 0.707115 -0.707099
    outer loop
      vertex -36 8.83883 -8.83883
      vertex 22.0616 -42.5872 -60.2649
      vertex -36.0289 8.42298 -9.25469
    endloop
  endfacet
  facet normal -8.19455e-06 0.707102 -0.707111
    outer loop
      vertex 14.8269 -43.8687 -61.5463
      vertex -36.0289 8.42298 -9.25469
      vertex 22.0616 -42.5872 -60.2649
    endloop
  endfacet
  facet normal 8.00592e-07 0.707107 -0.707107
    outer loop
      vertex -36.0289 8.42298 -9.25469
      vertex 14.8269 -43.8687 -61.5463
      vertex -36.1153 8.01114 -9.66653
    endloop
  endfacet
  facet normal 8.78025e-06 0.707111 -0.707103
    outer loop
      vertex 7.4493 -44.6425 -62.3202
      vertex -36.1153 8.01114 -9.66653
      vertex 14.8269 -43.8687 -61.5463
    endloop
  endfacet
  facet normal -9.24069e-06 0.707103 -0.70711
    outer loop
      vertex 0 -44.9013 -62.5789
      vertex -36.1153 8.01114 -9.66653
      vertex 7.4493 -44.6425 -62.3202
    endloop
  endfacet
  facet normal -1.59834e-05 0.707101 -0.707113
    outer loop
      vertex -36.1153 8.01114 -9.66653
      vertex 0 -44.9013 -62.5789
      vertex -36.2584 7.60726 -10.0704
    endloop
  endfacet
  facet normal 9.69677e-06 0.70711 -0.707104
    outer loop
      vertex -7.4493 -44.6425 -62.3202
      vertex -36.2584 7.60726 -10.0704
      vertex 0 -44.9013 -62.5789
    endloop
  endfacet
  facet normal -1.75737e-05 0.707102 -0.707111
    outer loop
      vertex -36.2584 7.60726 -10.0704
      vertex -7.4493 -44.6425 -62.3202
      vertex -36.4567 7.21525 -10.4624
    endloop
  endfacet
  facet normal -1.01059e-05 0.707104 -0.707109
    outer loop
      vertex -14.8269 -43.8687 -61.5463
      vertex -36.4567 7.21525 -10.4624
      vertex -7.4493 -44.6425 -62.3202
    endloop
  endfacet
  facet normal 3.50284e-05 0.707114 -0.7071
    outer loop
      vertex -36.4567 7.21525 -10.4624
      vertex -14.8269 -43.8687 -61.5463
      vertex -36.7085 6.83887 -10.8388
    endloop
  endfacet
  facet normal 1.03955e-05 0.707109 -0.707105
    outer loop
      vertex -22.0616 -42.5872 -60.2649
      vertex -36.7085 6.83887 -10.8388
      vertex -14.8269 -43.8687 -61.5463
    endloop
  endfacet
  facet normal -3.49927e-05 0.707102 -0.707112
    outer loop
      vertex -36.7085 6.83887 -10.8388
      vertex -22.0616 -42.5872 -60.2649
      vertex -37.0112 6.48175 -11.1959
    endloop
  endfacet
  facet normal -1.29235e-05 0.707107 -0.707107
    outer loop
      vertex 74.5397 -1.64534 -19.323
      vertex 75.634 14.1063 -3.57138
      vertex 75.634 3.57138 -14.1063
    endloop
  endfacet
  facet normal -9.21466e-06 0.707111 -0.707103
    outer loop
      vertex -41.4119 13.061 -4.61662
      vertex 0 62.5789 44.9013
      vertex 7.4493 62.3202 44.6425
    endloop
  endfacet
  facet normal 8.57217e-06 0.707102 -0.707112
    outer loop
      vertex -41.4119 13.061 -4.61662
      vertex 7.4493 62.3202 44.6425
      vertex 14.8269 61.5463 43.8687
    endloop
  endfacet
  facet normal 9.76603e-06 0.707103 -0.707111
    outer loop
      vertex -41.4119 13.061 -4.61662
      vertex -7.4493 62.3202 44.6425
      vertex 0 62.5789 44.9013
    endloop
  endfacet
  facet normal -8.06517e-06 0.707112 -0.707102
    outer loop
      vertex -41.4119 13.061 -4.61662
      vertex 14.8269 61.5463 43.8687
      vertex 22.0616 60.2649 42.5872
    endloop
  endfacet
  facet normal -1.02018e-05 0.70711 -0.707104
    outer loop
      vertex -41.4119 13.061 -4.61662
      vertex -14.8269 61.5463 43.8687
      vertex -7.4493 62.3202 44.6425
    endloop
  endfacet
  facet normal 7.28715e-06 0.707101 -0.707112
    outer loop
      vertex -41.4119 13.061 -4.61662
      vertex 22.0616 60.2649 42.5872
      vertex 29.0839 58.4882 40.8106
    endloop
  endfacet
  facet normal 1.07679e-05 0.707104 -0.70711
    outer loop
      vertex -41.4119 13.061 -4.61662
      vertex -22.0616 60.2649 42.5872
      vertex -14.8269 61.5463 43.8687
    endloop
  endfacet
  facet normal -6.83581e-06 0.707112 -0.707101
    outer loop
      vertex -41.4119 13.061 -4.61662
      vertex 29.0839 58.4882 40.8106
      vertex 35.8262 56.2334 38.5557
    endloop
  endfacet
  facet normal -1.08963e-05 0.707108 -0.707105
    outer loop
      vertex -41.4119 13.061 -4.61662
      vertex -29.0839 58.4882 40.8106
      vertex -22.0616 60.2649 42.5872
    endloop
  endfacet
  facet normal -3.15849e-07 0.707106 -0.707107
    outer loop
      vertex -41.4119 13.061 -4.61662
      vertex 35.8262 56.2334 38.5557
      vertex 42.2233 53.5221 35.8444
    endloop
  endfacet
  facet normal 1.142e-05 0.707105 -0.707108
    outer loop
      vertex -41.4119 13.061 -4.61662
      vertex -35.8262 56.2334 38.5557
      vertex -29.0839 58.4882 40.8106
    endloop
  endfacet
  facet normal -3.51819e-07 0.707106 -0.707107
    outer loop
      vertex -41.4119 13.061 -4.61662
      vertex 42.2233 53.5221 35.8444
      vertex 48.2139 50.3805 32.7028
    endloop
  endfacet
  facet normal 5.87566e-07 0.707106 -0.707107
    outer loop
      vertex -41.4119 13.061 -4.61662
      vertex -42.2233 53.5221 35.8444
      vertex -35.8262 56.2334 38.5557
    endloop
  endfacet
  facet normal 1.59154e-05 0.707107 -0.707107
    outer loop
      vertex 63.1917 38.6952 21.0176
      vertex 63.1917 -21.0176 -38.6952
      vertex 58.7488 42.9312 25.2535
    endloop
  endfacet
  facet normal 7.25562e-07 0.707106 -0.707107
    outer loop
      vertex -41.4119 13.061 -4.61662
      vertex -48.2139 50.3805 32.7028
      vertex -42.2233 53.5221 35.8444
    endloop
  endfacet
  facet normal -7.02218e-16 0.707107 -0.707107
    outer loop
      vertex 63.1917 -21.0176 -38.6952
      vertex 63.1917 38.6952 21.0176
      vertex 67.026 -16.4941 -34.1717
    endloop
  endfacet
  facet normal -1.05874e-05 0.707105 -0.707109
    outer loop
      vertex -41.4119 13.061 -4.61662
      vertex -53.7401 46.8388 29.1612
      vertex -48.2139 50.3805 32.7028
    endloop
  endfacet
  facet normal -6.20705e-16 0.707107 -0.707107
    outer loop
      vertex 67.026 34.1717 16.4941
      vertex 67.026 -16.4941 -34.1717
      vertex 63.1917 38.6952 21.0176
    endloop
  endfacet
  facet normal 2.50134e-06 0.707108 -0.707105
    outer loop
      vertex -57 21.5668 3.88909
      vertex -53.7401 46.8388 29.1612
      vertex -42 13.0815 -4.59619
    endloop
  endfacet
  facet normal -2.21747e-05 0.707107 -0.707107
    outer loop
      vertex 70.2148 29.4043 11.7266
      vertex 67.026 -16.4941 -34.1717
      vertex 67.026 34.1717 16.4941
    endloop
  endfacet
  facet normal 1.30274e-05 0.707107 -0.707106
    outer loop
      vertex -53.7401 46.8388 29.1612
      vertex -57 21.5668 3.88909
      vertex -58.7488 42.9312 25.2535
    endloop
  endfacet
  facet normal -2.67693e-06 0.707106 -0.707107
    outer loop
      vertex 72.7275 24.4388 6.7611
      vertex 67.026 -16.4941 -34.1717
      vertex 70.2148 29.4043 11.7266
    endloop
  endfacet
  facet normal -1.5056e-05 0.707106 -0.707107
    outer loop
      vertex -58.7488 42.9312 25.2535
      vertex -57 21.5668 3.88909
      vertex -63.1917 38.6952 21.0176
    endloop
  endfacet
  facet normal -8.53034e-07 0.707106 -0.707108
    outer loop
      vertex 67.026 -16.4941 -34.1717
      vertex 72.7275 24.4388 6.7611
      vertex 75.634 14.1063 -3.57138
    endloop
  endfacet
  facet normal 5.91506e-06 0.707112 -0.707101
    outer loop
      vertex -67.026 34.1717 16.4941
      vertex -57 21.5668 3.88909
      vertex -70.2148 29.4043 11.7266
    endloop
  endfacet
  facet normal -4.11567e-07 0.707107 -0.707107
    outer loop
      vertex -70.2148 29.4043 11.7266
      vertex -57 21.5668 3.88909
      vertex -72.7275 24.4388 6.7611
    endloop
  endfacet
  facet normal 5.70348e-05 0.707114 -0.707099
    outer loop
      vertex 75.634 14.1063 -3.57138
      vertex 72.7275 24.4388 6.7611
      vertex 74.5397 19.323 1.64534
    endloop
  endfacet
  facet normal 1.59154e-05 0.707107 -0.707107
    outer loop
      vertex 58.7488 -25.2535 -42.9312
      vertex 58.7488 42.9312 25.2535
      vertex 63.1917 -21.0176 -38.6952
    endloop
  endfacet
  facet normal -3.75567e-06 0.707108 -0.707105
    outer loop
      vertex -63.1917 38.6952 21.0176
      vertex -57 21.5668 3.88909
      vertex -67.026 34.1717 16.4941
    endloop
  endfacet
  facet normal -7.9233e-05 0.707036 -0.707178
    outer loop
      vertex -42.5881 13.061 -4.61662
      vertex -57 21.5668 3.88909
      vertex -42 13.0815 -4.59619
    endloop
  endfacet
  facet normal 0.000103767 0.707191 -0.707023
    outer loop
      vertex -43.1705 13 -4.67772
      vertex -57 21.5668 3.88909
      vertex -42.5881 13.061 -4.61662
    endloop
  endfacet
  facet normal -3.862e-05 0.707076 -0.707138
    outer loop
      vertex -43.7417 12.8988 -4.77888
      vertex -57 21.5668 3.88909
      vertex -43.1705 13 -4.67772
    endloop
  endfacet
  facet normal -2.71398e-05 0.707085 -0.707129
    outer loop
      vertex -44.2961 12.7585 -4.91915
      vertex -57 21.5668 3.88909
      vertex -43.7417 12.8988 -4.77888
    endloop
  endfacet
  facet normal 1.00483e-05 0.707112 -0.707102
    outer loop
      vertex -44.8284 12.5805 -5.09716
      vertex -57 21.5668 3.88909
      vertex -44.2961 12.7585 -4.91915
    endloop
  endfacet
  facet normal 4.55376e-05 0.707136 -0.707078
    outer loop
      vertex -45.3334 12.3665 -5.31121
      vertex -57 21.5668 3.88909
      vertex -44.8284 12.5805 -5.09716
    endloop
  endfacet
  facet normal -7.18279e-05 0.707061 -0.707152
    outer loop
      vertex -45.8064 12.1184 -5.55923
      vertex -57 21.5668 3.88909
      vertex -45.3334 12.3665 -5.31121
    endloop
  endfacet
  facet normal 2.18126e-06 0.707105 -0.707108
    outer loop
      vertex -46.2426 11.8388 -5.83883
      vertex -57 21.5668 3.88909
      vertex -45.8064 12.1184 -5.55923
    endloop
  endfacet
  facet normal 2.43528e-06 0.707105 -0.707108
    outer loop
      vertex -46.6381 11.5303 -6.14733
      vertex -57 21.5668 3.88909
      vertex -46.2426 11.8388 -5.83883
    endloop
  endfacet
  facet normal 2.30288e-05 0.707116 -0.707098
    outer loop
      vertex -46.9888 11.1959 -6.48175
      vertex -57 21.5668 3.88909
      vertex -46.6381 11.5303 -6.14733
    endloop
  endfacet
  facet normal 2.41002e-05 0.707116 -0.707097
    outer loop
      vertex -47.2915 10.8388 -6.83887
      vertex -57 21.5668 3.88909
      vertex -46.9888 11.1959 -6.48175
    endloop
  endfacet
  facet normal -2.21967e-05 0.707095 -0.707118
    outer loop
      vertex -47.5433 10.4624 -7.21525
      vertex -57 21.5668 3.88909
      vertex -47.2915 10.8388 -6.83887
    endloop
  endfacet
  facet normal 1.61026e-05 0.707112 -0.707102
    outer loop
      vertex -47.7416 10.0704 -7.60726
      vertex -57 21.5668 3.88909
      vertex -47.5433 10.4624 -7.21525
    endloop
  endfacet
  facet normal 1.77497e-05 0.707112 -0.707101
    outer loop
      vertex -47.8847 9.66653 -8.01114
      vertex -57 21.5668 3.88909
      vertex -47.7416 10.0704 -7.60726
    endloop
  endfacet
  facet normal 2.43581e-06 0.707107 -0.707107
    outer loop
      vertex -47.9711 9.25469 -8.42298
      vertex -57 21.5668 3.88909
      vertex -47.8847 9.66653 -8.01114
    endloop
  endfacet
  facet normal -1.83182e-05 0.707099 -0.707115
    outer loop
      vertex -48 8.83883 -8.83883
      vertex -57 21.5668 3.88909
      vertex -47.9711 9.25469 -8.42298
    endloop
  endfacet
  facet normal -1.83182e-05 0.707115 -0.707099
    outer loop
      vertex -57 -3.88909 -21.5668
      vertex -48 8.83883 -8.83883
      vertex -47.9711 8.42298 -9.25469
    endloop
  endfacet
  facet normal 2.43581e-06 0.707107 -0.707107
    outer loop
      vertex -57 -3.88909 -21.5668
      vertex -47.9711 8.42298 -9.25469
      vertex -47.8847 8.01114 -9.66653
    endloop
  endfacet
  facet normal 1.77497e-05 0.707101 -0.707112
    outer loop
      vertex -57 -3.88909 -21.5668
      vertex -47.8847 8.01114 -9.66653
      vertex -47.7416 7.60726 -10.0704
    endloop
  endfacet
  facet normal 1.61026e-05 0.707102 -0.707112
    outer loop
      vertex -57 -3.88909 -21.5668
      vertex -47.7416 7.60726 -10.0704
      vertex -47.5433 7.21525 -10.4624
    endloop
  endfacet
  facet normal 2.25682e-05 0.707106 -0.707108
    outer loop
      vertex 72.7275 -6.7611 -24.4388
      vertex 75.634 14.1063 -3.57138
      vertex 74.5397 -1.64534 -19.323
    endloop
  endfacet
  facet normal -3.178e-05 0.707102 -0.707111
    outer loop
      vertex -37.0112 6.48175 -11.1959
      vertex -22.0616 -42.5872 -60.2649
      vertex -37.3619 6.14733 -11.5303
    endloop
  endfacet
  facet normal 3.92837e-06 0.707107 -0.707107
    outer loop
      vertex -48 8.83883 -8.83883
      vertex -57 -3.88909 -21.5668
      vertex -57 21.5668 3.88909
    endloop
  endfacet
  facet normal -2.21967e-05 0.707118 -0.707095
    outer loop
      vertex -47.2915 6.83887 -10.8388
      vertex -57 -3.88909 -21.5668
      vertex -47.5433 7.21525 -10.4624
    endloop
  endfacet
  facet normal 2.41002e-05 0.707097 -0.707116
    outer loop
      vertex -46.9888 6.48175 -11.1959
      vertex -57 -3.88909 -21.5668
      vertex -47.2915 6.83887 -10.8388
    endloop
  endfacet
  facet normal 2.30288e-05 0.707098 -0.707116
    outer loop
      vertex -46.6381 6.14733 -11.5303
      vertex -57 -3.88909 -21.5668
      vertex -46.9888 6.48175 -11.1959
    endloop
  endfacet
  facet normal 2.43528e-06 0.707108 -0.707105
    outer loop
      vertex -46.2426 5.83883 -11.8388
      vertex -57 -3.88909 -21.5668
      vertex -46.6381 6.14733 -11.5303
    endloop
  endfacet
  facet normal 2.18126e-06 0.707108 -0.707105
    outer loop
      vertex -45.8064 5.55923 -12.1184
      vertex -57 -3.88909 -21.5668
      vertex -46.2426 5.83883 -11.8388
    endloop
  endfacet
  facet normal -7.18279e-05 0.707152 -0.707061
    outer loop
      vertex -45.3334 5.31121 -12.3665
      vertex -57 -3.88909 -21.5668
      vertex -45.8064 5.55923 -12.1184
    endloop
  endfacet
  facet normal 4.55376e-05 0.707078 -0.707136
    outer loop
      vertex -44.8284 5.09716 -12.5805
      vertex -57 -3.88909 -21.5668
      vertex -45.3334 5.31121 -12.3665
    endloop
  endfacet
  facet normal 1.00483e-05 0.707102 -0.707112
    outer loop
      vertex -44.2961 4.91915 -12.7585
      vertex -57 -3.88909 -21.5668
      vertex -44.8284 5.09716 -12.5805
    endloop
  endfacet
  facet normal -2.71398e-05 0.707129 -0.707085
    outer loop
      vertex -43.7417 4.77888 -12.8988
      vertex -57 -3.88909 -21.5668
      vertex -44.2961 4.91915 -12.7585
    endloop
  endfacet
  facet normal -3.862e-05 0.707138 -0.707076
    outer loop
      vertex -43.1705 4.67772 -13
      vertex -57 -3.88909 -21.5668
      vertex -43.7417 4.77888 -12.8988
    endloop
  endfacet
  facet normal 0.000103767 0.707023 -0.707191
    outer loop
      vertex -42.5881 4.61662 -13.061
      vertex -57 -3.88909 -21.5668
      vertex -43.1705 4.67772 -13
    endloop
  endfacet
  facet normal -1.06591e-05 0.707106 -0.707108
    outer loop
      vertex -29.0839 -40.8106 -58.4882
      vertex -37.3619 6.14733 -11.5303
      vertex -22.0616 -42.5872 -60.2649
    endloop
  endfacet
  facet normal -1.8479e-06 0.707107 -0.707106
    outer loop
      vertex 70.2148 -11.7266 -29.4043
      vertex 75.634 14.1063 -3.57138
      vertex 72.7275 -6.7611 -24.4388
    endloop
  endfacet
  facet normal 1.10614e-05 0.707108 -0.707106
    outer loop
      vertex -35.8262 -38.5557 -56.2334
      vertex -38.1936 5.55923 -12.1184
      vertex -29.0839 -40.8106 -58.4882
    endloop
  endfacet
  facet normal -1.38605e-05 0.707108 -0.707106
    outer loop
      vertex -39.1716 5.09716 -12.5805
      vertex -42.2233 -35.8444 -53.5221
      vertex -39.7039 4.91915 -12.7585
    endloop
  endfacet
  facet normal -3.34998e-05 0.707111 -0.707103
    outer loop
      vertex 75.634 14.1063 -3.57138
      vertex 70.2148 -11.7266 -29.4043
      vertex 67.026 -16.4941 -34.1717
    endloop
  endfacet
  facet normal 3.86483e-05 0.707106 -0.707108
    outer loop
      vertex -39.7039 4.91915 -12.7585
      vertex -42.2233 -35.8444 -53.5221
      vertex -40.2583 4.77888 -12.8988
    endloop
  endfacet
  facet normal -1.41176e-05 0.707107 -0.707107
    outer loop
      vertex 58.7488 42.9312 25.2535
      vertex 58.7488 -25.2535 -42.9312
      vertex 53.7401 46.8388 29.1612
    endloop
  endfacet
  facet normal 1.7805e-07 0.707107 -0.707107
    outer loop
      vertex -48.2139 -32.7028 -50.3805
      vertex -40.2583 4.77888 -12.8988
      vertex -42.2233 -35.8444 -53.5221
    endloop
  endfacet
  facet normal -1.41176e-05 0.707107 -0.707107
    outer loop
      vertex 53.7401 -29.1612 -46.8388
      vertex 53.7401 46.8388 29.1612
      vertex 58.7488 -25.2535 -42.9312
    endloop
  endfacet
  facet normal 5.13823e-05 0.707102 -0.707112
    outer loop
      vertex -40.2583 4.77888 -12.8988
      vertex -48.2139 -32.7028 -50.3805
      vertex -40.8295 4.67772 -13
    endloop
  endfacet
  facet normal 1.27955e-05 0.707107 -0.707107
    outer loop
      vertex 53.7401 46.8388 29.1612
      vertex 53.7401 -29.1612 -46.8388
      vertex 48.2139 50.3805 32.7028
    endloop
  endfacet
  facet normal -0.000123939 0.707119 -0.707095
    outer loop
      vertex -40.8295 4.67772 -13
      vertex -48.2139 -32.7028 -50.3805
      vertex -41.4119 4.61662 -13.061
    endloop
  endfacet
  facet normal 1.27955e-05 0.707107 -0.707107
    outer loop
      vertex 48.2139 50.3805 32.7028
      vertex 53.7401 -29.1612 -46.8388
      vertex 48.2139 -32.7028 -50.3805
    endloop
  endfacet
  facet normal 2.83836e-07 0.707107 -0.707106
    outer loop
      vertex -42.2233 -35.8444 -53.5221
      vertex -39.1716 5.09716 -12.5805
      vertex -35.8262 -38.5557 -56.2334
    endloop
  endfacet
  facet normal 1.29211e-15 0.707107 -0.707107
    outer loop
      vertex 48.2139 50.3805 32.7028
      vertex 48.2139 -32.7028 -50.3805
      vertex 42.2233 -35.8444 -53.5221
    endloop
  endfacet
  facet normal 8.52625e-05 0.707091 -0.707123
    outer loop
      vertex -41.4119 4.61662 -13.061
      vertex -53.7401 -29.1612 -46.8388
      vertex -42 4.59619 -13.0815
    endloop
  endfacet
  facet normal 3.09779e-07 0.707107 -0.707107
    outer loop
      vertex -37.3619 6.14733 -11.5303
      vertex -29.0839 -40.8106 -58.4882
      vertex -37.7574 5.83883 -11.8388
    endloop
  endfacet
  facet normal 2.60443e-07 0.707107 -0.707107
    outer loop
      vertex -37.7574 5.83883 -11.8388
      vertex -29.0839 -40.8106 -58.4882
      vertex -38.1936 5.55923 -12.1184
    endloop
  endfacet
  facet normal 0.000115749 0.70711 -0.707103
    outer loop
      vertex -38.1936 5.55923 -12.1184
      vertex -35.8262 -38.5557 -56.2334
      vertex -38.6666 5.31121 -12.3665
    endloop
  endfacet
  facet normal 0 0.707106 -0.707108
    outer loop
      vertex -57 -3.88909 -21.5668
      vertex -72.7275 -6.7611 -24.4388
      vertex -73.7449 -3.88909 -21.5668
    endloop
  endfacet
  facet normal -6.80742e-05 0.707104 -0.707109
    outer loop
      vertex -38.6666 5.31121 -12.3665
      vertex -35.8262 -38.5557 -56.2334
      vertex -39.1716 5.09716 -12.5805
    endloop
  endfacet
  facet normal -4.11567e-07 0.707107 -0.707107
    outer loop
      vertex -72.7275 -6.7611 -24.4388
      vertex -57 -3.88909 -21.5668
      vertex -70.2148 -11.7266 -29.4043
    endloop
  endfacet
  facet normal 2.50134e-06 0.707105 -0.707108
    outer loop
      vertex -57 -3.88909 -21.5668
      vertex -42 4.59619 -13.0815
      vertex -53.7401 -29.1612 -46.8388
    endloop
  endfacet
  facet normal 5.91506e-06 0.707101 -0.707112
    outer loop
      vertex -70.2148 -11.7266 -29.4043
      vertex -57 -3.88909 -21.5668
      vertex -67.026 -16.4941 -34.1717
    endloop
  endfacet
  facet normal -1.5056e-05 0.707107 -0.707106
    outer loop
      vertex -63.1917 -21.0176 -38.6952
      vertex -57 -3.88909 -21.5668
      vertex -58.7488 -25.2535 -42.9312
    endloop
  endfacet
  facet normal -3.75567e-06 0.707105 -0.707108
    outer loop
      vertex -67.026 -16.4941 -34.1717
      vertex -57 -3.88909 -21.5668
      vertex -63.1917 -21.0176 -38.6952
    endloop
  endfacet
  facet normal 1.30274e-05 0.707106 -0.707107
    outer loop
      vertex -58.7488 -25.2535 -42.9312
      vertex -57 -3.88909 -21.5668
      vertex -53.7401 -29.1612 -46.8388
    endloop
  endfacet
  facet normal -7.9233e-05 0.707178 -0.707036
    outer loop
      vertex -42 4.59619 -13.0815
      vertex -57 -3.88909 -21.5668
      vertex -42.5881 4.61662 -13.061
    endloop
  endfacet
  facet normal -1.05874e-05 0.707109 -0.707105
    outer loop
      vertex -53.7401 -29.1612 -46.8388
      vertex -41.4119 4.61662 -13.061
      vertex -48.2139 -32.7028 -50.3805
    endloop
  endfacet
  facet normal 0 0.707108 -0.707106
    outer loop
      vertex -72.7275 24.4388 6.7611
      vertex -57 21.5668 3.88909
      vertex -73.7449 21.5668 3.88909
    endloop
  endfacet
  facet normal 0.989178 -0.103749 -0.103749
    outer loop
      vertex 75.634 -7.03522 -3.49968
      vertex 74.5397 -1.64534 -19.323
      vertex 75.634 3.57138 -14.1063
    endloop
  endfacet
  facet normal 0.989178 -0.103749 -0.103749
    outer loop
      vertex 74.5397 -1.64534 -19.323
      vertex 75.634 -7.03522 -3.49968
      vertex 74.5397 -12.2519 -8.71641
    endloop
  endfacet
  facet normal 0.146734 0.699453 0.699453
    outer loop
      vertex 14.8269 50.9397 54.4753
      vertex 7.4493 62.3202 44.6425
      vertex 7.4493 51.7136 55.2491
    endloop
  endfacet
  facet normal 0.146734 0.699453 0.699453
    outer loop
      vertex 7.4493 62.3202 44.6425
      vertex 14.8269 50.9397 54.4753
      vertex 14.8269 61.5463 43.8687
    endloop
  endfacet
  facet normal 0.0490633 0.706255 0.706255
    outer loop
      vertex 7.4493 51.7136 55.2491
      vertex 0 62.5789 44.9013
      vertex 0 51.9723 55.5079
    endloop
  endfacet
  facet normal 0.0490633 0.706255 0.706255
    outer loop
      vertex 0 62.5789 44.9013
      vertex 7.4493 51.7136 55.2491
      vertex 7.4493 62.3202 44.6425
    endloop
  endfacet
  facet normal -0.740951 -0.474865 -0.474862
    outer loop
      vertex -55.8892 -38.084 -34.5626
      vertex -58.7488 -25.2535 -42.9312
      vertex -53.7401 -29.1612 -46.8388
    endloop
  endfacet
  facet normal -0.740947 -0.474867 -0.474867
    outer loop
      vertex -58.7488 -25.2535 -42.9312
      vertex -55.8892 -38.084 -34.5626
      vertex -58.7488 -35.8601 -32.3246
    endloop
  endfacet
  facet normal -0.740958 -0.474859 -0.474859
    outer loop
      vertex -55.8892 -38.084 -34.5626
      vertex -53.7401 -29.1612 -46.8388
      vertex -53.7401 -39.7607 -36.2393
    endloop
  endfacet
  facet normal -0.740946 -0.471488 -0.478224
    outer loop
      vertex -58.7488 -35.8601 -32.3246
      vertex -55.8892 -38.084 -34.5626
      vertex -55.8892 -38.0911 -34.5556
    endloop
  endfacet
  facet normal -0.85773 -0.363523 -0.363523
    outer loop
      vertex -63.1917 -21.0176 -38.6952
      vertex -67.026 -27.1007 -23.5651
      vertex -67.026 -16.4941 -34.1717
    endloop
  endfacet
  facet normal -0.85773 -0.363523 -0.363523
    outer loop
      vertex -67.026 -27.1007 -23.5651
      vertex -63.1917 -21.0176 -38.6952
      vertex -63.1917 -31.6242 -28.0886
    endloop
  endfacet
  facet normal -0.336892 0.665775 0.665769
    outer loop
      vertex -22.0616 60.2649 42.5872
      vertex -29.0839 47.8816 51.4172
      vertex -22.0616 49.6583 53.1939
    endloop
  endfacet
  facet normal -0.336883 0.665774 0.665774
    outer loop
      vertex -29.0839 47.8816 51.4172
      vertex -22.0616 60.2649 42.5872
      vertex -29.0839 58.4882 40.8106
    endloop
  endfacet
  facet normal -0.514111 -0.606502 -0.606502
    outer loop
      vertex -42.2233 -35.8444 -53.5221
      vertex -35.8262 -49.1623 -45.6268
      vertex -42.2233 -46.451 -42.9155
    endloop
  endfacet
  facet normal -0.514111 -0.606502 -0.606502
    outer loop
      vertex -35.8262 -49.1623 -45.6268
      vertex -42.2233 -35.8444 -53.5221
      vertex -35.8262 -38.5557 -56.2334
    endloop
  endfacet
  facet normal 0.595696 -0.567955 -0.567955
    outer loop
      vertex 48.2139 -43.3094 -39.7739
      vertex 42.2233 -35.8444 -53.5221
      vertex 48.2139 -32.7028 -50.3805
    endloop
  endfacet
  facet normal 0.595696 -0.567955 -0.567955
    outer loop
      vertex 42.2233 -35.8444 -53.5221
      vertex 48.2139 -43.3094 -39.7739
      vertex 42.2233 -46.451 -42.9155
    endloop
  endfacet
  facet normal -0.336892 -0.665772 -0.665772
    outer loop
      vertex -29.0839 -40.8106 -58.4882
      vertex -22.0616 -53.1939 -49.6583
      vertex -29.0839 -51.4172 -47.8816
    endloop
  endfacet
  facet normal -0.336883 -0.665771 -0.665777
    outer loop
      vertex -22.0616 -53.1939 -49.6583
      vertex -29.0839 -40.8106 -58.4882
      vertex -22.0616 -42.5872 -60.2649
    endloop
  endfacet
  facet normal -0.803207 -0.421224 -0.421224
    outer loop
      vertex -58.7488 -25.2535 -42.9312
      vertex -63.1917 -31.6242 -28.0886
      vertex -63.1917 -21.0176 -38.6952
    endloop
  endfacet
  facet normal -0.803207 -0.421224 -0.421224
    outer loop
      vertex -63.1917 -31.6242 -28.0886
      vertex -58.7488 -25.2535 -42.9312
      vertex -58.7488 -35.8601 -32.3246
    endloop
  endfacet
  facet normal -0.90399 0.302326 0.302326
    outer loop
      vertex -70.2148 29.4043 11.7266
      vertex -67.026 23.5651 27.1007
      vertex -67.026 34.1717 16.4941
    endloop
  endfacet
  facet normal -0.90399 0.302326 0.302326
    outer loop
      vertex -67.026 23.5651 27.1007
      vertex -70.2148 29.4043 11.7266
      vertex -70.2148 18.7977 22.3332
    endloop
  endfacet
  facet normal 0.242977 0.685916 0.685916
    outer loop
      vertex 22.0616 49.6583 53.1939
      vertex 14.8269 61.5463 43.8687
      vertex 14.8269 50.9397 54.4753
    endloop
  endfacet
  facet normal 0.242986 0.685918 0.685911
    outer loop
      vertex 14.8269 61.5463 43.8687
      vertex 22.0616 49.6583 53.1939
      vertex 22.0616 60.2649 42.5872
    endloop
  endfacet
  facet normal 0.514111 -0.606502 -0.606502
    outer loop
      vertex 35.8262 -49.1623 -45.6268
      vertex 42.2233 -35.8444 -53.5221
      vertex 42.2233 -46.451 -42.9155
    endloop
  endfacet
  facet normal 0.514111 -0.606502 -0.606502
    outer loop
      vertex 42.2233 -35.8444 -53.5221
      vertex 35.8262 -49.1623 -45.6268
      vertex 35.8262 -38.5557 -56.2334
    endloop
  endfacet
  facet normal -0.671558 -0.523932 -0.523931
    outer loop
      vertex -51.3689 -41.2803 -37.759
      vertex -53.7401 -29.1612 -46.8388
      vertex -48.2139 -32.7028 -50.3805
    endloop
  endfacet
  facet normal -0.671555 -0.523934 -0.523934
    outer loop
      vertex -53.7401 -29.1612 -46.8388
      vertex -51.3689 -41.2803 -37.759
      vertex -53.7401 -39.7607 -36.2393
    endloop
  endfacet
  facet normal -0.671561 -0.52393 -0.52393
    outer loop
      vertex -48.2139 -43.3094 -39.7739
      vertex -51.3689 -41.2803 -37.759
      vertex -48.2139 -32.7028 -50.3805
    endloop
  endfacet
  facet normal -0.671561 -0.52393 -0.52393
    outer loop
      vertex -51.3689 -41.2803 -37.759
      vertex -48.2139 -43.3094 -39.7739
      vertex -51.3689 -41.2874 -37.7519
    endloop
  endfacet
  facet normal -0.0490633 -0.706255 -0.706255
    outer loop
      vertex -7.4493 -44.6425 -62.3202
      vertex 0 -55.5079 -51.9723
      vertex -7.4493 -55.2491 -51.7136
    endloop
  endfacet
  facet normal -0.0490633 -0.706255 -0.706255
    outer loop
      vertex 0 -55.5079 -51.9723
      vertex -7.4493 -44.6425 -62.3202
      vertex 0 -44.9013 -62.5789
    endloop
  endfacet
  facet normal 0 -0.707107 0.707107
    outer loop
      vertex -51.3689 -41.2874 -37.7519
      vertex -48.2139 -43.3094 -39.7739
      vertex -50.9117 -41.3033 -37.7678
    endloop
  endfacet
  facet normal -0.000180405 -0.706991 0.707222
    outer loop
      vertex -58.7488 32.3246 35.8601
      vertex -55.9117 34.2322 37.7678
      vertex -55.8892 34.5556 38.0911
    endloop
  endfacet
  facet normal 0.000107258 -0.707205 0.707008
    outer loop
      vertex -58.7488 32.3246 35.8601
      vertex -55.8876 33.8857 37.4212
      vertex -55.9117 34.2322 37.7678
    endloop
  endfacet
  facet normal -5.59536e-15 -0.707107 0.707107
    outer loop
      vertex -58.7488 32.3246 35.8601
      vertex -55.8156 33.5425 37.078
      vertex -55.8876 33.8857 37.4212
    endloop
  endfacet
  facet normal -7.60535e-05 -0.707015 0.707198
    outer loop
      vertex -58.7488 32.3246 35.8601
      vertex -55.6964 33.2059 36.7415
      vertex -55.8156 33.5425 37.078
    endloop
  endfacet
  facet normal -2.02127e-05 -0.707112 0.707102
    outer loop
      vertex -58.7488 32.3246 35.8601
      vertex -55.5311 32.8792 36.4148
      vertex -55.6964 33.2059 36.7415
    endloop
  endfacet
  facet normal 1.51398e-05 -0.707214 0.706999
    outer loop
      vertex -58.7488 32.3246 35.8601
      vertex -55.3213 32.5656 36.1011
      vertex -55.5311 32.8792 36.4148
    endloop
  endfacet
  facet normal 1.38345e-15 -0.707107 0.707107
    outer loop
      vertex -58.7488 32.3246 35.8601
      vertex -55.069 32.268 35.8035
      vertex -55.3213 32.5656 36.1011
    endloop
  endfacet
  facet normal 1.3883e-15 -0.707107 0.707107
    outer loop
      vertex -58.7488 32.3246 35.8601
      vertex -54.7767 31.9893 35.5248
      vertex -55.069 32.268 35.8035
    endloop
  endfacet
  facet normal 2.60385e-05 -0.706953 0.707261
    outer loop
      vertex -58.7488 32.3246 35.8601
      vertex -54.4472 31.7322 35.2678
      vertex -54.7767 31.9893 35.5248
    endloop
  endfacet
  facet normal -1.73742e-05 -0.70711 0.707103
    outer loop
      vertex -55.7085 24.553 28.0885
      vertex -54.4472 31.7322 35.2678
      vertex -58.7488 32.3246 35.8601
    endloop
  endfacet
  facet normal -5.67431e-06 -0.707111 0.707102
    outer loop
      vertex -54.4472 31.7322 35.2678
      vertex -55.7085 24.553 28.0885
      vertex -54.0837 31.4992 35.0348
    endloop
  endfacet
  facet normal -4.75459e-06 -0.707111 0.707102
    outer loop
      vertex -54.0837 31.4992 35.0348
      vertex -55.7085 24.553 28.0885
      vertex -53.6895 31.2925 34.8281
    endloop
  endfacet
  facet normal -1.12685e-05 -0.70711 0.707103
    outer loop
      vertex -51.7917 28.2873 31.8229
      vertex -53.6895 31.2925 34.8281
      vertex -55.7085 24.553 28.0885
    endloop
  endfacet
  facet normal 0.000229453 -0.707034 0.707179
    outer loop
      vertex -53.6895 31.2925 34.8281
      vertex -51.7917 28.2873 31.8229
      vertex -53.2687 31.1142 34.6497
    endloop
  endfacet
  facet normal 0.000143476 -0.707118 0.707095
    outer loop
      vertex -51.4018 30.7137 34.2493
      vertex -51.7917 28.2873 31.8229
      vertex -50.9117 30.6967 34.2322
    endloop
  endfacet
  facet normal -4.98285e-15 -0.707107 0.707107
    outer loop
      vertex -51.8871 30.7646 34.3002
      vertex -51.7917 28.2873 31.8229
      vertex -51.4018 30.7137 34.2493
    endloop
  endfacet
  facet normal 1.09765e-14 -0.707107 0.707107
    outer loop
      vertex -52.3631 30.8489 34.3845
      vertex -51.7917 28.2873 31.8229
      vertex -51.8871 30.7646 34.3002
    endloop
  endfacet
  facet normal -0.000183015 -0.707142 0.707071
    outer loop
      vertex -53.2687 31.1142 34.6497
      vertex -51.7917 28.2873 31.8229
      vertex -52.8251 30.9658 34.5014
    endloop
  endfacet
  facet normal 1.15919e-05 -0.707105 0.707109
    outer loop
      vertex -55.7085 24.553 28.0885
      vertex -58.7488 32.3246 35.8601
      vertex -63.1917 28.0886 31.6242
    endloop
  endfacet
  facet normal -1.15297e-14 -0.707107 0.707107
    outer loop
      vertex -52.8251 30.9658 34.5014
      vertex -51.7917 28.2873 31.8229
      vertex -52.3631 30.8489 34.3845
    endloop
  endfacet
  facet normal 6.74709e-06 -0.70711 0.707104
    outer loop
      vertex -59.0887 20.5652 24.1007
      vertex -63.1917 28.0886 31.6242
      vertex -67.026 23.5651 27.1007
    endloop
  endfacet
  facet normal 6.74711e-06 -0.70711 0.707104
    outer loop
      vertex -63.1917 28.0886 31.6242
      vertex -59.0887 20.5652 24.1007
      vertex -55.7085 24.553 28.0885
    endloop
  endfacet
  facet normal -3.63257e-06 -0.707113 0.707101
    outer loop
      vertex -61.8999 16.3623 19.8978
      vertex -67.026 23.5651 27.1007
      vertex -70.2148 18.7977 22.3332
    endloop
  endfacet
  facet normal 7.11097e-06 -0.707109 0.707104
    outer loop
      vertex -67.026 23.5651 27.1007
      vertex -61.8999 16.3623 19.8978
      vertex -59.0887 20.5652 24.1007
    endloop
  endfacet
  facet normal -2.11963e-16 -0.707107 0.707107
    outer loop
      vertex -64.115 11.9848 15.5203
      vertex -70.2148 18.7977 22.3332
      vertex -72.7275 13.8322 17.3677
    endloop
  endfacet
  facet normal 3.60655e-16 -0.707107 0.707107
    outer loop
      vertex -70.2148 18.7977 22.3332
      vertex -64.115 11.9848 15.5203
      vertex -61.8999 16.3623 19.8978
    endloop
  endfacet
  facet normal 0 -0.707107 0.707107
    outer loop
      vertex -64.478 10.9602 14.4957
      vertex -72.7275 13.8322 17.3677
      vertex -73.7449 10.9602 14.4957
    endloop
  endfacet
  facet normal -3.96865e-16 -0.707107 0.707107
    outer loop
      vertex -72.7275 13.8322 17.3677
      vertex -64.478 10.9602 14.4957
      vertex -64.115 11.9848 15.5203
    endloop
  endfacet
  facet normal 0 -0.707107 0.707107
    outer loop
      vertex -48.2139 39.7739 43.3094
      vertex -51.3689 37.7519 41.2874
      vertex -50.9117 37.7678 41.3033
    endloop
  endfacet
  facet normal -9.44655e-06 -0.707107 0.707106
    outer loop
      vertex -6.56715 45.3803 48.9158
      vertex 0 51.9723 55.5079
      vertex -7.4493 51.7136 55.2491
    endloop
  endfacet
  facet normal 1.04641e-05 -0.707111 0.707103
    outer loop
      vertex -13.0711 44.6981 48.2336
      vertex -7.4493 51.7136 55.2491
      vertex -14.8269 50.9397 54.4753
    endloop
  endfacet
  facet normal 3.85928e-07 -0.707112 0.707101
    outer loop
      vertex 0 51.9723 55.5079
      vertex -6.56715 45.3803 48.9158
      vertex 0 45.6084 49.1439
    endloop
  endfacet
  facet normal 1.91131e-06 -0.707112 0.707101
    outer loop
      vertex -19.4491 43.5684 47.1039
      vertex -14.8269 50.9397 54.4753
      vertex -22.0616 49.6583 53.1939
    endloop
  endfacet
  facet normal 9.44655e-06 -0.707107 0.707106
    outer loop
      vertex 0 51.9723 55.5079
      vertex 6.56715 45.3803 48.9158
      vertex 7.4493 51.7136 55.2491
    endloop
  endfacet
  facet normal 2.65006e-06 -0.707112 0.707102
    outer loop
      vertex -25.6398 42.0021 45.5376
      vertex -22.0616 49.6583 53.1939
      vertex -29.0839 47.8816 51.4172
    endloop
  endfacet
  facet normal -7.51361e-16 -0.707107 0.707107
    outer loop
      vertex 13.0711 44.6981 48.2336
      vertex 7.4493 51.7136 55.2491
      vertex 6.56715 45.3803 48.9158
    endloop
  endfacet
  facet normal -8.37131e-06 -0.70711 0.707104
    outer loop
      vertex -31.5836 40.0143 43.5498
      vertex -29.0839 47.8816 51.4172
      vertex -35.8262 45.6268 49.1623
    endloop
  endfacet
  facet normal -1.04641e-05 -0.707111 0.707103
    outer loop
      vertex 7.4493 51.7136 55.2491
      vertex 13.0711 44.6981 48.2336
      vertex 14.8269 50.9397 54.4753
    endloop
  endfacet
  facet normal -1.91138e-06 -0.707112 0.707101
    outer loop
      vertex 19.4491 43.5684 47.1039
      vertex 14.8269 50.9397 54.4753
      vertex 13.0711 44.6981 48.2336
    endloop
  endfacet
  facet normal -3.85928e-07 -0.707112 0.707101
    outer loop
      vertex 6.56715 45.3803 48.9158
      vertex 0 51.9723 55.5079
      vertex 0 45.6084 49.1439
    endloop
  endfacet
  facet normal 7.21307e-16 -0.707107 0.707107
    outer loop
      vertex -7.4493 51.7136 55.2491
      vertex -13.0711 44.6981 48.2336
      vertex -6.56715 45.3803 48.9158
    endloop
  endfacet
  facet normal 1.91138e-06 -0.707112 0.707101
    outer loop
      vertex -14.8269 50.9397 54.4753
      vertex -19.4491 43.5684 47.1039
      vertex -13.0711 44.6981 48.2336
    endloop
  endfacet
  facet normal 0 -0.707107 0.707107
    outer loop
      vertex -37.2232 37.6241 41.1596
      vertex -35.8262 45.6268 49.1623
      vertex -42.2233 42.9155 46.451
    endloop
  endfacet
  facet normal 2.65006e-06 -0.707112 0.707102
    outer loop
      vertex -22.0616 49.6583 53.1939
      vertex -25.6398 42.0021 45.5376
      vertex -19.4491 43.5684 47.1039
    endloop
  endfacet
  facet normal 3.36321e-06 -0.707112 0.707102
    outer loop
      vertex -29.0839 47.8816 51.4172
      vertex -31.5836 40.0143 43.5498
      vertex -25.6398 42.0021 45.5376
    endloop
  endfacet
  facet normal 0 -0.707107 0.707107
    outer loop
      vertex -47.0466 36.4752 40.0107
      vertex -42.2233 42.9155 46.451
      vertex -48.2139 39.7739 43.3094
    endloop
  endfacet
  facet normal -0.00013783 -0.707014 0.707199
    outer loop
      vertex -50.4216 37.7507 41.2863
      vertex -48.2139 39.7739 43.3094
      vertex -50.9117 37.7678 41.3033
    endloop
  endfacet
  facet normal 3.28869e-06 -0.707091 0.707122
    outer loop
      vertex -49.9362 37.6998 41.2354
      vertex -48.2139 39.7739 43.3094
      vertex -50.4216 37.7507 41.2863
    endloop
  endfacet
  facet normal 5.26475e-06 -0.707092 0.707122
    outer loop
      vertex -49.4603 37.6155 41.1511
      vertex -48.2139 39.7739 43.3094
      vertex -49.9362 37.6998 41.2354
    endloop
  endfacet
  facet normal 7.23279e-06 -0.707092 0.707121
    outer loop
      vertex -48.9983 37.4986 41.0342
      vertex -48.2139 39.7739 43.3094
      vertex -49.4603 37.6155 41.1511
    endloop
  endfacet
  facet normal 0 -0.707107 0.707107
    outer loop
      vertex -35.8262 45.6268 49.1623
      vertex -37.2232 37.6241 41.1596
      vertex -31.5836 40.0143 43.5498
    endloop
  endfacet
  facet normal 0.000152243 -0.707117 0.707096
    outer loop
      vertex -48.5547 37.3503 40.8858
      vertex -48.2139 39.7739 43.3094
      vertex -48.9983 37.4986 41.0342
    endloop
  endfacet
  facet normal -0.000158552 -0.707096 0.707118
    outer loop
      vertex -48.1338 37.1719 40.7075
      vertex -48.2139 39.7739 43.3094
      vertex -48.5547 37.3503 40.8858
    endloop
  endfacet
  facet normal 1.44874e-05 -0.707093 0.707121
    outer loop
      vertex -47.7397 36.9652 40.5008
      vertex -48.2139 39.7739 43.3094
      vertex -48.1338 37.1719 40.7075
    endloop
  endfacet
  facet normal 1.8096e-05 -0.707093 0.707121
    outer loop
      vertex -47.3762 36.7322 40.2678
      vertex -48.2139 39.7739 43.3094
      vertex -47.7397 36.9652 40.5008
    endloop
  endfacet
  facet normal 0.000296309 -0.707054 0.707159
    outer loop
      vertex -47.0466 36.4752 40.0107
      vertex -48.2139 39.7739 43.3094
      vertex -47.3762 36.7322 40.2678
    endloop
  endfacet
  facet normal 0 -0.707107 0.707107
    outer loop
      vertex -42.2233 42.9155 46.451
      vertex -47.0466 36.4752 40.0107
      vertex -46.7543 36.1965 39.732
    endloop
  endfacet
  facet normal 0 -0.707107 0.707107
    outer loop
      vertex -42.2233 42.9155 46.451
      vertex -46.7543 36.1965 39.732
      vertex -42.5043 34.8545 38.39
    endloop
  endfacet
  facet normal 0 -0.707107 0.707107
    outer loop
      vertex -42.5043 34.8545 38.39
      vertex -46.7543 36.1965 39.732
      vertex -46.5021 35.8989 39.4344
    endloop
  endfacet
  facet normal 7.1367e-05 -0.70697 0.707243
    outer loop
      vertex -42.5043 34.8545 38.39
      vertex -46.5021 35.8989 39.4344
      vertex -46.2923 35.5852 39.1208
    endloop
  endfacet
  facet normal 2.06861e-05 -0.707102 0.707112
    outer loop
      vertex -42.5043 34.8545 38.39
      vertex -46.2923 35.5852 39.1208
      vertex -46.127 35.2585 38.7941
    endloop
  endfacet
  facet normal -4.07578e-06 -0.707213 0.707001
    outer loop
      vertex -42.5043 34.8545 38.39
      vertex -46.127 35.2585 38.7941
      vertex -46.0078 34.922 38.4575
    endloop
  endfacet
  facet normal 0 -0.707107 0.707107
    outer loop
      vertex -42.2233 42.9155 46.451
      vertex -42.5043 34.8545 38.39
      vertex -37.2232 37.6241 41.1596
    endloop
  endfacet
  facet normal 1.1636e-15 -0.707107 0.707107
    outer loop
      vertex -45.9358 34.5788 38.1143
      vertex -42.5043 34.8545 38.39
      vertex -46.0078 34.922 38.4575
    endloop
  endfacet
  facet normal -1.63024e-05 -0.707005 0.707208
    outer loop
      vertex -45.9117 34.2322 37.7678
      vertex -42.5043 34.8545 38.39
      vertex -45.9358 34.5788 38.1143
    endloop
  endfacet
  facet normal 5.87599e-05 -0.707211 0.707003
    outer loop
      vertex -45.9358 33.8857 37.4212
      vertex -42.5043 34.8545 38.39
      vertex -45.9117 34.2322 37.7678
    endloop
  endfacet
  facet normal -4.39311e-15 -0.707107 0.707107
    outer loop
      vertex -46.0078 33.5425 37.078
      vertex -42.5043 34.8545 38.39
      vertex -45.9358 33.8857 37.4212
    endloop
  endfacet
  facet normal -9.07121e-05 -0.706986 0.707228
    outer loop
      vertex -46.127 33.2059 36.7415
      vertex -42.5043 34.8545 38.39
      vertex -46.0078 33.5425 37.078
    endloop
  endfacet
  facet normal 2.53572e-05 -0.707113 0.7071
    outer loop
      vertex -46.2923 32.8792 36.4148
      vertex -42.5043 34.8545 38.39
      vertex -46.127 33.2059 36.7415
    endloop
  endfacet
  facet normal 0.00020919 -0.707289 0.706924
    outer loop
      vertex -46.5021 32.5656 36.1011
      vertex -42.5043 34.8545 38.39
      vertex -46.2923 32.8792 36.4148
    endloop
  endfacet
  facet normal 0 -0.707107 0.707107
    outer loop
      vertex -46.7543 32.268 35.8035
      vertex -42.5043 34.8545 38.39
      vertex -46.5021 32.5656 36.1011
    endloop
  endfacet
  facet normal 0 -0.707107 0.707107
    outer loop
      vertex -47.0466 31.9893 35.5248
      vertex -42.5043 34.8545 38.39
      vertex -46.7543 32.268 35.8035
    endloop
  endfacet
  facet normal -0.000907591 -0.706387 0.707826
    outer loop
      vertex -47.0466 31.9893 35.5248
      vertex -47.3762 31.7322 35.2678
      vertex -42.5043 34.8545 38.39
    endloop
  endfacet
  facet normal -3.86532e-14 -0.707107 0.707107
    outer loop
      vertex -47.7397 31.4992 35.0348
      vertex -51.7917 28.2873 31.8229
      vertex -47.3762 31.7322 35.2678
    endloop
  endfacet
  facet normal -1.28317e-15 -0.707107 0.707107
    outer loop
      vertex -48.1338 31.2925 34.8281
      vertex -51.7917 28.2873 31.8229
      vertex -47.7397 31.4992 35.0348
    endloop
  endfacet
  facet normal -0.000346937 -0.706896 0.707318
    outer loop
      vertex -48.5547 31.1142 34.6497
      vertex -51.7917 28.2873 31.8229
      vertex -48.1338 31.2925 34.8281
    endloop
  endfacet
  facet normal 0.00024477 -0.707234 0.706979
    outer loop
      vertex -48.9983 30.9658 34.5014
      vertex -51.7917 28.2873 31.8229
      vertex -48.5547 31.1142 34.6497
    endloop
  endfacet
  facet normal 1.41338e-14 -0.707107 0.707107
    outer loop
      vertex -49.4603 30.8489 34.3845
      vertex -51.7917 28.2873 31.8229
      vertex -48.9983 30.9658 34.5014
    endloop
  endfacet
  facet normal -1.25911e-14 -0.707107 0.707107
    outer loop
      vertex -49.9362 30.7646 34.3002
      vertex -51.7917 28.2873 31.8229
      vertex -49.4603 30.8489 34.3845
    endloop
  endfacet
  facet normal 5.38462e-15 -0.707107 0.707107
    outer loop
      vertex -50.4216 30.7137 34.2493
      vertex -51.7917 28.2873 31.8229
      vertex -49.9362 30.7646 34.3002
    endloop
  endfacet
  facet normal -0.000147169 -0.707065 0.707148
    outer loop
      vertex -51.7917 28.2873 31.8229
      vertex -50.4216 30.7137 34.2493
      vertex -50.9117 30.6967 34.2322
    endloop
  endfacet
  facet normal -1.91131e-06 -0.707112 0.707101
    outer loop
      vertex 14.8269 50.9397 54.4753
      vertex 19.4491 43.5684 47.1039
      vertex 22.0616 49.6583 53.1939
    endloop
  endfacet
  facet normal -2.65006e-06 -0.707112 0.707102
    outer loop
      vertex 25.6398 42.0021 45.5376
      vertex 22.0616 49.6583 53.1939
      vertex 19.4491 43.5684 47.1039
    endloop
  endfacet
  facet normal -2.65006e-06 -0.707112 0.707102
    outer loop
      vertex 22.0616 49.6583 53.1939
      vertex 25.6398 42.0021 45.5376
      vertex 29.0839 47.8816 51.4172
    endloop
  endfacet
  facet normal -3.36321e-06 -0.707112 0.707102
    outer loop
      vertex 31.5836 40.0143 43.5498
      vertex 29.0839 47.8816 51.4172
      vertex 25.6398 42.0021 45.5376
    endloop
  endfacet
  facet normal 8.37131e-06 -0.70711 0.707104
    outer loop
      vertex 29.0839 47.8816 51.4172
      vertex 31.5836 40.0143 43.5498
      vertex 35.8262 45.6268 49.1623
    endloop
  endfacet
  facet normal 0 -0.707107 0.707107
    outer loop
      vertex 37.2232 37.6241 41.1596
      vertex 35.8262 45.6268 49.1623
      vertex 31.5836 40.0143 43.5498
    endloop
  endfacet
  facet normal 0 -0.707107 0.707107
    outer loop
      vertex 35.8262 45.6268 49.1623
      vertex 37.2232 37.6241 41.1596
      vertex 42.2233 42.9155 46.451
    endloop
  endfacet
  facet normal 0 -0.707107 0.707107
    outer loop
      vertex 42.5043 34.8545 38.39
      vertex 42.2233 42.9155 46.451
      vertex 37.2232 37.6241 41.1596
    endloop
  endfacet
  facet normal 0.00013783 -0.707014 0.707199
    outer loop
      vertex 48.2139 39.7739 43.3094
      vertex 50.4216 37.7507 41.2863
      vertex 50.9117 37.7678 41.3033
    endloop
  endfacet
  facet normal -3.28869e-06 -0.707091 0.707122
    outer loop
      vertex 48.2139 39.7739 43.3094
      vertex 49.9362 37.6998 41.2354
      vertex 50.4216 37.7507 41.2863
    endloop
  endfacet
  facet normal 0 -0.707107 0.707107
    outer loop
      vertex 46.7543 36.1965 39.732
      vertex 42.2233 42.9155 46.451
      vertex 42.5043 34.8545 38.39
    endloop
  endfacet
  facet normal -5.26475e-06 -0.707092 0.707122
    outer loop
      vertex 48.2139 39.7739 43.3094
      vertex 49.4603 37.6155 41.1511
      vertex 49.9362 37.6998 41.2354
    endloop
  endfacet
  facet normal -7.23279e-06 -0.707092 0.707121
    outer loop
      vertex 48.2139 39.7739 43.3094
      vertex 48.9983 37.4986 41.0342
      vertex 49.4603 37.6155 41.1511
    endloop
  endfacet
  facet normal -0.000152243 -0.707117 0.707096
    outer loop
      vertex 48.2139 39.7739 43.3094
      vertex 48.5547 37.3503 40.8858
      vertex 48.9983 37.4986 41.0342
    endloop
  endfacet
  facet normal 0.000158552 -0.707096 0.707118
    outer loop
      vertex 48.2139 39.7739 43.3094
      vertex 48.1338 37.1719 40.7075
      vertex 48.5547 37.3503 40.8858
    endloop
  endfacet
  facet normal -1.44874e-05 -0.707093 0.707121
    outer loop
      vertex 48.2139 39.7739 43.3094
      vertex 47.7397 36.9652 40.5008
      vertex 48.1338 37.1719 40.7075
    endloop
  endfacet
  facet normal -1.8096e-05 -0.707093 0.707121
    outer loop
      vertex 48.2139 39.7739 43.3094
      vertex 47.3762 36.7322 40.2678
      vertex 47.7397 36.9652 40.5008
    endloop
  endfacet
  facet normal -0.000296309 -0.707054 0.707159
    outer loop
      vertex 48.2139 39.7739 43.3094
      vertex 47.0466 36.4752 40.0107
      vertex 47.3762 36.7322 40.2678
    endloop
  endfacet
  facet normal 0 -0.707107 0.707107
    outer loop
      vertex 47.0466 36.4752 40.0107
      vertex 42.2233 42.9155 46.451
      vertex 46.7543 36.1965 39.732
    endloop
  endfacet
  facet normal 0 -0.707107 0.707107
    outer loop
      vertex 42.2233 42.9155 46.451
      vertex 47.0466 36.4752 40.0107
      vertex 48.2139 39.7739 43.3094
    endloop
  endfacet
  facet normal 0 -0.707107 0.707107
    outer loop
      vertex 46.7543 36.1965 39.732
      vertex 42.5043 34.8545 38.39
      vertex 46.5021 35.8989 39.4344
    endloop
  endfacet
  facet normal -7.1367e-05 -0.70697 0.707243
    outer loop
      vertex 46.5021 35.8989 39.4344
      vertex 42.5043 34.8545 38.39
      vertex 46.2923 35.5852 39.1208
    endloop
  endfacet
  facet normal -2.06861e-05 -0.707102 0.707112
    outer loop
      vertex 46.2923 35.5852 39.1208
      vertex 42.5043 34.8545 38.39
      vertex 46.127 35.2585 38.7941
    endloop
  endfacet
  facet normal 4.07578e-06 -0.707213 0.707001
    outer loop
      vertex 46.127 35.2585 38.7941
      vertex 42.5043 34.8545 38.39
      vertex 46.0078 34.922 38.4575
    endloop
  endfacet
  facet normal -1.15745e-15 -0.707107 0.707107
    outer loop
      vertex 42.5043 34.8545 38.39
      vertex 45.9358 34.5788 38.1143
      vertex 46.0078 34.922 38.4575
    endloop
  endfacet
  facet normal 1.63024e-05 -0.707005 0.707208
    outer loop
      vertex 42.5043 34.8545 38.39
      vertex 45.9117 34.2322 37.7678
      vertex 45.9358 34.5788 38.1143
    endloop
  endfacet
  facet normal -5.87599e-05 -0.707211 0.707003
    outer loop
      vertex 42.5043 34.8545 38.39
      vertex 45.9358 33.8857 37.4212
      vertex 45.9117 34.2322 37.7678
    endloop
  endfacet
  facet normal 4.39311e-15 -0.707107 0.707107
    outer loop
      vertex 42.5043 34.8545 38.39
      vertex 46.0078 33.5425 37.078
      vertex 45.9358 33.8857 37.4212
    endloop
  endfacet
  facet normal 9.07121e-05 -0.706986 0.707228
    outer loop
      vertex 42.5043 34.8545 38.39
      vertex 46.127 33.2059 36.7415
      vertex 46.0078 33.5425 37.078
    endloop
  endfacet
  facet normal -2.53572e-05 -0.707113 0.7071
    outer loop
      vertex 42.5043 34.8545 38.39
      vertex 46.2923 32.8792 36.4148
      vertex 46.127 33.2059 36.7415
    endloop
  endfacet
  facet normal -0.00020919 -0.707289 0.706924
    outer loop
      vertex 42.5043 34.8545 38.39
      vertex 46.5021 32.5656 36.1011
      vertex 46.2923 32.8792 36.4148
    endloop
  endfacet
  facet normal 0 -0.707107 0.707107
    outer loop
      vertex 42.5043 34.8545 38.39
      vertex 46.7543 32.268 35.8035
      vertex 46.5021 32.5656 36.1011
    endloop
  endfacet
  facet normal 0 -0.707107 0.707107
    outer loop
      vertex 42.5043 34.8545 38.39
      vertex 47.0466 31.9893 35.5248
      vertex 46.7543 32.268 35.8035
    endloop
  endfacet
  facet normal 0.000907591 -0.706387 0.707826
    outer loop
      vertex 47.3762 31.7322 35.2678
      vertex 47.0466 31.9893 35.5248
      vertex 42.5043 34.8545 38.39
    endloop
  endfacet
  facet normal 0.000147169 -0.707065 0.707148
    outer loop
      vertex 50.4216 30.7137 34.2493
      vertex 51.7917 28.2873 31.8229
      vertex 50.9117 30.6967 34.2322
    endloop
  endfacet
  facet normal -5.38462e-15 -0.707107 0.707107
    outer loop
      vertex 49.9362 30.7646 34.3002
      vertex 51.7917 28.2873 31.8229
      vertex 50.4216 30.7137 34.2493
    endloop
  endfacet
  facet normal 1.25719e-14 -0.707107 0.707107
    outer loop
      vertex 49.4603 30.8489 34.3845
      vertex 51.7917 28.2873 31.8229
      vertex 49.9362 30.7646 34.3002
    endloop
  endfacet
  facet normal -1.41338e-14 -0.707107 0.707107
    outer loop
      vertex 48.9983 30.9658 34.5014
      vertex 51.7917 28.2873 31.8229
      vertex 49.4603 30.8489 34.3845
    endloop
  endfacet
  facet normal -0.00024477 -0.707234 0.706979
    outer loop
      vertex 48.5547 31.1142 34.6497
      vertex 51.7917 28.2873 31.8229
      vertex 48.9983 30.9658 34.5014
    endloop
  endfacet
  facet normal 0.000346937 -0.706896 0.707318
    outer loop
      vertex 48.1338 31.2925 34.8281
      vertex 51.7917 28.2873 31.8229
      vertex 48.5547 31.1142 34.6497
    endloop
  endfacet
  facet normal 1.28317e-15 -0.707107 0.707107
    outer loop
      vertex 47.7397 31.4992 35.0348
      vertex 51.7917 28.2873 31.8229
      vertex 48.1338 31.2925 34.8281
    endloop
  endfacet
  facet normal 3.9356e-14 -0.707107 0.707107
    outer loop
      vertex 51.7917 28.2873 31.8229
      vertex 47.7397 31.4992 35.0348
      vertex 47.3762 31.7322 35.2678
    endloop
  endfacet
  facet normal 0 -0.707107 0.707107
    outer loop
      vertex 48.2139 39.7739 43.3094
      vertex 50.9117 37.7678 41.3033
      vertex 51.3689 37.7519 41.2874
    endloop
  endfacet
  facet normal 0.000180405 -0.706991 0.707222
    outer loop
      vertex 55.9117 34.2322 37.7678
      vertex 58.7488 32.3246 35.8601
      vertex 55.8892 34.5556 38.0911
    endloop
  endfacet
  facet normal -0.000107258 -0.707205 0.707008
    outer loop
      vertex 55.8876 33.8857 37.4212
      vertex 58.7488 32.3246 35.8601
      vertex 55.9117 34.2322 37.7678
    endloop
  endfacet
  facet normal 5.59536e-15 -0.707107 0.707107
    outer loop
      vertex 55.8156 33.5425 37.078
      vertex 58.7488 32.3246 35.8601
      vertex 55.8876 33.8857 37.4212
    endloop
  endfacet
  facet normal 7.60535e-05 -0.707015 0.707198
    outer loop
      vertex 55.6964 33.2059 36.7415
      vertex 58.7488 32.3246 35.8601
      vertex 55.8156 33.5425 37.078
    endloop
  endfacet
  facet normal 2.02127e-05 -0.707112 0.707102
    outer loop
      vertex 55.5311 32.8792 36.4148
      vertex 58.7488 32.3246 35.8601
      vertex 55.6964 33.2059 36.7415
    endloop
  endfacet
  facet normal -1.51398e-05 -0.707214 0.706999
    outer loop
      vertex 55.3213 32.5656 36.1011
      vertex 58.7488 32.3246 35.8601
      vertex 55.5311 32.8792 36.4148
    endloop
  endfacet
  facet normal -1.38231e-15 -0.707107 0.707107
    outer loop
      vertex 55.069 32.268 35.8035
      vertex 58.7488 32.3246 35.8601
      vertex 55.3213 32.5656 36.1011
    endloop
  endfacet
  facet normal -1.38101e-15 -0.707107 0.707107
    outer loop
      vertex 54.7767 31.9893 35.5248
      vertex 58.7488 32.3246 35.8601
      vertex 55.069 32.268 35.8035
    endloop
  endfacet
  facet normal -2.60385e-05 -0.706953 0.707261
    outer loop
      vertex 54.4472 31.7322 35.2678
      vertex 58.7488 32.3246 35.8601
      vertex 54.7767 31.9893 35.5248
    endloop
  endfacet
  facet normal 5.67431e-06 -0.707111 0.707102
    outer loop
      vertex 55.7085 24.553 28.0885
      vertex 54.4472 31.7322 35.2678
      vertex 54.0837 31.4992 35.0348
    endloop
  endfacet
  facet normal 4.75459e-06 -0.707111 0.707102
    outer loop
      vertex 55.7085 24.553 28.0885
      vertex 54.0837 31.4992 35.0348
      vertex 53.6895 31.2925 34.8281
    endloop
  endfacet
  facet normal -0.000229453 -0.707034 0.707179
    outer loop
      vertex 51.7917 28.2873 31.8229
      vertex 53.6895 31.2925 34.8281
      vertex 53.2687 31.1142 34.6497
    endloop
  endfacet
  facet normal 0.000183015 -0.707142 0.707071
    outer loop
      vertex 51.7917 28.2873 31.8229
      vertex 53.2687 31.1142 34.6497
      vertex 52.8251 30.9658 34.5014
    endloop
  endfacet
  facet normal 1.12485e-14 -0.707107 0.707107
    outer loop
      vertex 51.7917 28.2873 31.8229
      vertex 52.8251 30.9658 34.5014
      vertex 52.3631 30.8489 34.3845
    endloop
  endfacet
  facet normal -0.000143476 -0.707118 0.707095
    outer loop
      vertex 51.7917 28.2873 31.8229
      vertex 51.4018 30.7137 34.2493
      vertex 50.9117 30.6967 34.2322
    endloop
  endfacet
  facet normal 5.2451e-15 -0.707107 0.707107
    outer loop
      vertex 51.7917 28.2873 31.8229
      vertex 51.8871 30.7646 34.3002
      vertex 51.4018 30.7137 34.2493
    endloop
  endfacet
  facet normal -1.12614e-14 -0.707107 0.707107
    outer loop
      vertex 51.7917 28.2873 31.8229
      vertex 52.3631 30.8489 34.3845
      vertex 51.8871 30.7646 34.3002
    endloop
  endfacet
  facet normal 1.12685e-05 -0.70711 0.707103
    outer loop
      vertex 53.6895 31.2925 34.8281
      vertex 51.7917 28.2873 31.8229
      vertex 55.7085 24.553 28.0885
    endloop
  endfacet
  facet normal 1.73742e-05 -0.70711 0.707103
    outer loop
      vertex 54.4472 31.7322 35.2678
      vertex 55.7085 24.553 28.0885
      vertex 58.7488 32.3246 35.8601
    endloop
  endfacet
  facet normal -1.15919e-05 -0.707105 0.707109
    outer loop
      vertex 58.7488 32.3246 35.8601
      vertex 55.7085 24.553 28.0885
      vertex 63.1917 28.0886 31.6242
    endloop
  endfacet
  facet normal -6.74711e-06 -0.70711 0.707104
    outer loop
      vertex 59.0887 20.5652 24.1007
      vertex 63.1917 28.0886 31.6242
      vertex 55.7085 24.553 28.0885
    endloop
  endfacet
  facet normal -6.74709e-06 -0.70711 0.707104
    outer loop
      vertex 63.1917 28.0886 31.6242
      vertex 59.0887 20.5652 24.1007
      vertex 67.026 23.5651 27.1007
    endloop
  endfacet
  facet normal -7.11097e-06 -0.707109 0.707104
    outer loop
      vertex 61.8999 16.3623 19.8978
      vertex 67.026 23.5651 27.1007
      vertex 59.0887 20.5652 24.1007
    endloop
  endfacet
  facet normal 3.63257e-06 -0.707113 0.707101
    outer loop
      vertex 67.026 23.5651 27.1007
      vertex 61.8999 16.3623 19.8978
      vertex 70.2148 18.7977 22.3332
    endloop
  endfacet
  facet normal -3.00546e-16 -0.707107 0.707107
    outer loop
      vertex 64.115 11.9848 15.5203
      vertex 70.2148 18.7977 22.3332
      vertex 61.8999 16.3623 19.8978
    endloop
  endfacet
  facet normal 2.11963e-16 -0.707107 0.707107
    outer loop
      vertex 70.2148 18.7977 22.3332
      vertex 64.115 11.9848 15.5203
      vertex 72.7275 13.8322 17.3677
    endloop
  endfacet
  facet normal -1.25026e-06 -0.707104 0.70711
    outer loop
      vertex 65.7126 7.47486 11.0104
      vertex 72.7275 13.8322 17.3677
      vertex 64.115 11.9848 15.5203
    endloop
  endfacet
  facet normal 4.00041e-06 -0.707107 0.707107
    outer loop
      vertex 72.7275 13.8322 17.3677
      vertex 65.7126 7.47486 11.0104
      vertex 74.5397 8.71641 12.2519
    endloop
  endfacet
  facet normal 4.10058e-06 -0.707107 0.707106
    outer loop
      vertex 66.6774 2.87591 6.41144
      vertex 74.5397 8.71641 12.2519
      vertex 65.7126 7.47486 11.0104
    endloop
  endfacet
  facet normal -1.24332e-06 -0.707104 0.70711
    outer loop
      vertex 74.5397 8.71641 12.2519
      vertex 66.6774 2.87591 6.41144
      vertex 75.634 3.49968 7.03522
    endloop
  endfacet
  facet normal -8.91219e-07 -0.707106 0.707108
    outer loop
      vertex 67 -1.76777 1.76777
      vertex 75.634 3.49968 7.03522
      vertex 66.6774 2.87591 6.41144
    endloop
  endfacet
  facet normal 0 -0.707107 0.707107
    outer loop
      vertex 67 -1.76777 1.76777
      vertex 76 -1.76777 1.76777
      vertex 75.634 3.49968 7.03522
    endloop
  endfacet
  facet normal -8.91219e-07 -0.707108 0.707106
    outer loop
      vertex 75.634 -7.03522 -3.49968
      vertex 67 -1.76777 1.76777
      vertex 66.6774 -6.41144 -2.87591
    endloop
  endfacet
  facet normal 0 -0.707107 0.707107
    outer loop
      vertex 67 -1.76777 1.76777
      vertex 75.634 -7.03522 -3.49968
      vertex 76 -1.76777 1.76777
    endloop
  endfacet
  facet normal 4.10058e-06 -0.707106 0.707107
    outer loop
      vertex 74.5397 -12.2519 -8.71641
      vertex 66.6774 -6.41144 -2.87591
      vertex 65.7126 -11.0104 -7.47486
    endloop
  endfacet
  facet normal -1.24332e-06 -0.70711 0.707104
    outer loop
      vertex 66.6774 -6.41144 -2.87591
      vertex 74.5397 -12.2519 -8.71641
      vertex 75.634 -7.03522 -3.49968
    endloop
  endfacet
  facet normal -1.25026e-06 -0.70711 0.707104
    outer loop
      vertex 72.7275 -17.3677 -13.8322
      vertex 65.7126 -11.0104 -7.47486
      vertex 64.115 -15.5203 -11.9848
    endloop
  endfacet
  facet normal 4.00041e-06 -0.707107 0.707107
    outer loop
      vertex 65.7126 -11.0104 -7.47486
      vertex 72.7275 -17.3677 -13.8322
      vertex 74.5397 -12.2519 -8.71641
    endloop
  endfacet
  facet normal -3.60655e-16 -0.707107 0.707107
    outer loop
      vertex 70.2148 -22.3332 -18.7977
      vertex 64.115 -15.5203 -11.9848
      vertex 61.8999 -19.8978 -16.3623
    endloop
  endfacet
  facet normal 2.11963e-16 -0.707107 0.707107
    outer loop
      vertex 64.115 -15.5203 -11.9848
      vertex 70.2148 -22.3332 -18.7977
      vertex 72.7275 -17.3677 -13.8322
    endloop
  endfacet
  facet normal -7.11097e-06 -0.707104 0.707109
    outer loop
      vertex 67.026 -27.1007 -23.5651
      vertex 61.8999 -19.8978 -16.3623
      vertex 59.0887 -24.1007 -20.5652
    endloop
  endfacet
  facet normal 3.63257e-06 -0.707101 0.707113
    outer loop
      vertex 61.8999 -19.8978 -16.3623
      vertex 67.026 -27.1007 -23.5651
      vertex 70.2148 -22.3332 -18.7977
    endloop
  endfacet
  facet normal -6.74711e-06 -0.707104 0.70711
    outer loop
      vertex 63.1917 -31.6242 -28.0886
      vertex 59.0887 -24.1007 -20.5652
      vertex 55.7085 -28.0885 -24.553
    endloop
  endfacet
  facet normal -6.74709e-06 -0.707104 0.70711
    outer loop
      vertex 59.0887 -24.1007 -20.5652
      vertex 63.1917 -31.6242 -28.0886
      vertex 67.026 -27.1007 -23.5651
    endloop
  endfacet
  facet normal 1.12685e-05 -0.707103 0.70711
    outer loop
      vertex 53.6895 -34.8281 -31.2925
      vertex 55.7085 -28.0885 -24.553
      vertex 51.7917 -31.8229 -28.2873
    endloop
  endfacet
  facet normal -0.000143476 -0.707095 0.707118
    outer loop
      vertex 51.4018 -34.2493 -30.7137
      vertex 51.7917 -31.8229 -28.2873
      vertex 50.9117 -34.2322 -30.6967
    endloop
  endfacet
  facet normal 4.98285e-15 -0.707107 0.707107
    outer loop
      vertex 51.8871 -34.3002 -30.7646
      vertex 51.7917 -31.8229 -28.2873
      vertex 51.4018 -34.2493 -30.7137
    endloop
  endfacet
  facet normal -1.09765e-14 -0.707107 0.707107
    outer loop
      vertex 52.3631 -34.3845 -30.8489
      vertex 51.7917 -31.8229 -28.2873
      vertex 51.8871 -34.3002 -30.7646
    endloop
  endfacet
  facet normal 1.15297e-14 -0.707107 0.707107
    outer loop
      vertex 52.8251 -34.5014 -30.9658
      vertex 51.7917 -31.8229 -28.2873
      vertex 52.3631 -34.3845 -30.8489
    endloop
  endfacet
  facet normal 0.000183015 -0.707071 0.707142
    outer loop
      vertex 53.2687 -34.6497 -31.1142
      vertex 51.7917 -31.8229 -28.2873
      vertex 52.8251 -34.5014 -30.9658
    endloop
  endfacet
  facet normal -0.000229453 -0.707179 0.707034
    outer loop
      vertex 53.6895 -34.8281 -31.2925
      vertex 51.7917 -31.8229 -28.2873
      vertex 53.2687 -34.6497 -31.1142
    endloop
  endfacet
  facet normal 4.75459e-06 -0.707102 0.707111
    outer loop
      vertex 55.7085 -28.0885 -24.553
      vertex 53.6895 -34.8281 -31.2925
      vertex 54.0837 -35.0348 -31.4992
    endloop
  endfacet
  facet normal 5.67431e-06 -0.707102 0.707111
    outer loop
      vertex 54.4472 -35.2678 -31.7322
      vertex 55.7085 -28.0885 -24.553
      vertex 54.0837 -35.0348 -31.4992
    endloop
  endfacet
  facet normal 1.73742e-05 -0.707103 0.70711
    outer loop
      vertex 55.7085 -28.0885 -24.553
      vertex 54.4472 -35.2678 -31.7322
      vertex 58.7488 -35.8601 -32.3246
    endloop
  endfacet
  facet normal -2.60385e-05 -0.707261 0.706953
    outer loop
      vertex 58.7488 -35.8601 -32.3246
      vertex 54.4472 -35.2678 -31.7322
      vertex 54.7767 -35.5248 -31.9893
    endloop
  endfacet
  facet normal -1.3883e-15 -0.707107 0.707107
    outer loop
      vertex 58.7488 -35.8601 -32.3246
      vertex 54.7767 -35.5248 -31.9893
      vertex 55.069 -35.8035 -32.268
    endloop
  endfacet
  facet normal -1.15919e-05 -0.707109 0.707105
    outer loop
      vertex 55.7085 -28.0885 -24.553
      vertex 58.7488 -35.8601 -32.3246
      vertex 63.1917 -31.6242 -28.0886
    endloop
  endfacet
  facet normal -1.38004e-15 -0.707107 0.707107
    outer loop
      vertex 55.3213 -36.1011 -32.5656
      vertex 58.7488 -35.8601 -32.3246
      vertex 55.069 -35.8035 -32.268
    endloop
  endfacet
  facet normal -1.51398e-05 -0.706999 0.707214
    outer loop
      vertex 55.5311 -36.4148 -32.8792
      vertex 58.7488 -35.8601 -32.3246
      vertex 55.3213 -36.1011 -32.5656
    endloop
  endfacet
  facet normal 2.02127e-05 -0.707102 0.707112
    outer loop
      vertex 55.6964 -36.7415 -33.2059
      vertex 58.7488 -35.8601 -32.3246
      vertex 55.5311 -36.4148 -32.8792
    endloop
  endfacet
  facet normal 7.60535e-05 -0.707198 0.707015
    outer loop
      vertex 55.8156 -37.078 -33.5425
      vertex 58.7488 -35.8601 -32.3246
      vertex 55.6964 -36.7415 -33.2059
    endloop
  endfacet
  facet normal 5.59536e-15 -0.707107 0.707107
    outer loop
      vertex 55.8876 -37.4212 -33.8857
      vertex 58.7488 -35.8601 -32.3246
      vertex 55.8156 -37.078 -33.5425
    endloop
  endfacet
  facet normal -0.000107258 -0.707008 0.707205
    outer loop
      vertex 55.9117 -37.7678 -34.2322
      vertex 58.7488 -35.8601 -32.3246
      vertex 55.8876 -37.4212 -33.8857
    endloop
  endfacet
  facet normal 0.000180405 -0.707222 0.706991
    outer loop
      vertex 58.7488 -35.8601 -32.3246
      vertex 55.9117 -37.7678 -34.2322
      vertex 55.8892 -38.0911 -34.5556
    endloop
  endfacet
  facet normal 0 -0.707107 0.707107
    outer loop
      vertex -72.7275 -17.3677 -13.8322
      vertex -64.478 -14.4957 -10.9602
      vertex -73.7449 -14.4957 -10.9602
    endloop
  endfacet
  facet normal -3.96865e-16 -0.707107 0.707107
    outer loop
      vertex -64.478 -14.4957 -10.9602
      vertex -72.7275 -17.3677 -13.8322
      vertex -64.115 -15.5203 -11.9848
    endloop
  endfacet
  facet normal -2.11963e-16 -0.707107 0.707107
    outer loop
      vertex -70.2148 -22.3332 -18.7977
      vertex -64.115 -15.5203 -11.9848
      vertex -72.7275 -17.3677 -13.8322
    endloop
  endfacet
  facet normal 3.00546e-16 -0.707107 0.707107
    outer loop
      vertex -64.115 -15.5203 -11.9848
      vertex -70.2148 -22.3332 -18.7977
      vertex -61.8999 -19.8978 -16.3623
    endloop
  endfacet
  facet normal -3.63257e-06 -0.707101 0.707113
    outer loop
      vertex -67.026 -27.1007 -23.5651
      vertex -61.8999 -19.8978 -16.3623
      vertex -70.2148 -22.3332 -18.7977
    endloop
  endfacet
  facet normal 7.11097e-06 -0.707104 0.707109
    outer loop
      vertex -61.8999 -19.8978 -16.3623
      vertex -67.026 -27.1007 -23.5651
      vertex -59.0887 -24.1007 -20.5652
    endloop
  endfacet
  facet normal 6.74709e-06 -0.707104 0.70711
    outer loop
      vertex -63.1917 -31.6242 -28.0886
      vertex -59.0887 -24.1007 -20.5652
      vertex -67.026 -27.1007 -23.5651
    endloop
  endfacet
  facet normal 6.74711e-06 -0.707104 0.70711
    outer loop
      vertex -59.0887 -24.1007 -20.5652
      vertex -63.1917 -31.6242 -28.0886
      vertex -55.7085 -28.0885 -24.553
    endloop
  endfacet
  facet normal 1.15919e-05 -0.707109 0.707105
    outer loop
      vertex -58.7488 -35.8601 -32.3246
      vertex -55.7085 -28.0885 -24.553
      vertex -63.1917 -31.6242 -28.0886
    endloop
  endfacet
  facet normal -1.73742e-05 -0.707103 0.70711
    outer loop
      vertex -54.4472 -35.2678 -31.7322
      vertex -55.7085 -28.0885 -24.553
      vertex -58.7488 -35.8601 -32.3246
    endloop
  endfacet
  facet normal 0.000143476 -0.707095 0.707118
    outer loop
      vertex -51.7917 -31.8229 -28.2873
      vertex -51.4018 -34.2493 -30.7137
      vertex -50.9117 -34.2322 -30.6967
    endloop
  endfacet
  facet normal -5.2451e-15 -0.707107 0.707107
    outer loop
      vertex -51.7917 -31.8229 -28.2873
      vertex -51.8871 -34.3002 -30.7646
      vertex -51.4018 -34.2493 -30.7137
    endloop
  endfacet
  facet normal 1.12614e-14 -0.707107 0.707107
    outer loop
      vertex -51.7917 -31.8229 -28.2873
      vertex -52.3631 -34.3845 -30.8489
      vertex -51.8871 -34.3002 -30.7646
    endloop
  endfacet
  facet normal -1.12485e-14 -0.707107 0.707107
    outer loop
      vertex -51.7917 -31.8229 -28.2873
      vertex -52.8251 -34.5014 -30.9658
      vertex -52.3631 -34.3845 -30.8489
    endloop
  endfacet
  facet normal -0.000183015 -0.707071 0.707142
    outer loop
      vertex -51.7917 -31.8229 -28.2873
      vertex -53.2687 -34.6497 -31.1142
      vertex -52.8251 -34.5014 -30.9658
    endloop
  endfacet
  facet normal 0.000229453 -0.707179 0.707034
    outer loop
      vertex -51.7917 -31.8229 -28.2873
      vertex -53.6895 -34.8281 -31.2925
      vertex -53.2687 -34.6497 -31.1142
    endloop
  endfacet
  facet normal -1.12685e-05 -0.707103 0.70711
    outer loop
      vertex -55.7085 -28.0885 -24.553
      vertex -53.6895 -34.8281 -31.2925
      vertex -51.7917 -31.8229 -28.2873
    endloop
  endfacet
  facet normal -4.75459e-06 -0.707102 0.707111
    outer loop
      vertex -53.6895 -34.8281 -31.2925
      vertex -55.7085 -28.0885 -24.553
      vertex -54.0837 -35.0348 -31.4992
    endloop
  endfacet
  facet normal -5.67431e-06 -0.707102 0.707111
    outer loop
      vertex -55.7085 -28.0885 -24.553
      vertex -54.4472 -35.2678 -31.7322
      vertex -54.0837 -35.0348 -31.4992
    endloop
  endfacet
  facet normal 2.60385e-05 -0.707261 0.706953
    outer loop
      vertex -54.4472 -35.2678 -31.7322
      vertex -58.7488 -35.8601 -32.3246
      vertex -54.7767 -35.5248 -31.9893
    endloop
  endfacet
  facet normal 1.38101e-15 -0.707107 0.707107
    outer loop
      vertex -54.7767 -35.5248 -31.9893
      vertex -58.7488 -35.8601 -32.3246
      vertex -55.069 -35.8035 -32.268
    endloop
  endfacet
  facet normal 1.38345e-15 -0.707107 0.707107
    outer loop
      vertex -58.7488 -35.8601 -32.3246
      vertex -55.3213 -36.1011 -32.5656
      vertex -55.069 -35.8035 -32.268
    endloop
  endfacet
  facet normal 1.51398e-05 -0.706999 0.707214
    outer loop
      vertex -58.7488 -35.8601 -32.3246
      vertex -55.5311 -36.4148 -32.8792
      vertex -55.3213 -36.1011 -32.5656
    endloop
  endfacet
  facet normal -2.02127e-05 -0.707102 0.707112
    outer loop
      vertex -58.7488 -35.8601 -32.3246
      vertex -55.6964 -36.7415 -33.2059
      vertex -55.5311 -36.4148 -32.8792
    endloop
  endfacet
  facet normal -7.60535e-05 -0.707198 0.707015
    outer loop
      vertex -58.7488 -35.8601 -32.3246
      vertex -55.8156 -37.078 -33.5425
      vertex -55.6964 -36.7415 -33.2059
    endloop
  endfacet
  facet normal -5.59536e-15 -0.707107 0.707107
    outer loop
      vertex -58.7488 -35.8601 -32.3246
      vertex -55.8876 -37.4212 -33.8857
      vertex -55.8156 -37.078 -33.5425
    endloop
  endfacet
  facet normal 0.000107258 -0.707008 0.707205
    outer loop
      vertex -58.7488 -35.8601 -32.3246
      vertex -55.9117 -37.7678 -34.2322
      vertex -55.8876 -37.4212 -33.8857
    endloop
  endfacet
  facet normal -0.000180405 -0.707222 0.706991
    outer loop
      vertex -55.9117 -37.7678 -34.2322
      vertex -58.7488 -35.8601 -32.3246
      vertex -55.8892 -38.0911 -34.5556
    endloop
  endfacet
  facet normal -0.000147169 -0.707148 0.707065
    outer loop
      vertex -50.4216 -34.2493 -30.7137
      vertex -51.7917 -31.8229 -28.2873
      vertex -50.9117 -34.2322 -30.6967
    endloop
  endfacet
  facet normal 5.38462e-15 -0.707107 0.707107
    outer loop
      vertex -49.9362 -34.3002 -30.7646
      vertex -51.7917 -31.8229 -28.2873
      vertex -50.4216 -34.2493 -30.7137
    endloop
  endfacet
  facet normal -1.25719e-14 -0.707107 0.707107
    outer loop
      vertex -49.4603 -34.3845 -30.8489
      vertex -51.7917 -31.8229 -28.2873
      vertex -49.9362 -34.3002 -30.7646
    endloop
  endfacet
  facet normal 1.41338e-14 -0.707107 0.707107
    outer loop
      vertex -48.9983 -34.5014 -30.9658
      vertex -51.7917 -31.8229 -28.2873
      vertex -49.4603 -34.3845 -30.8489
    endloop
  endfacet
  facet normal 0.00024477 -0.706979 0.707234
    outer loop
      vertex -48.5547 -34.6497 -31.1142
      vertex -51.7917 -31.8229 -28.2873
      vertex -48.9983 -34.5014 -30.9658
    endloop
  endfacet
  facet normal -0.000346937 -0.707318 0.706896
    outer loop
      vertex -48.1338 -34.8281 -31.2925
      vertex -51.7917 -31.8229 -28.2873
      vertex -48.5547 -34.6497 -31.1142
    endloop
  endfacet
  facet normal -1.28317e-15 -0.707107 0.707107
    outer loop
      vertex -47.7397 -35.0348 -31.4992
      vertex -51.7917 -31.8229 -28.2873
      vertex -48.1338 -34.8281 -31.2925
    endloop
  endfacet
  facet normal -3.86532e-14 -0.707107 0.707107
    outer loop
      vertex -47.7397 -35.0348 -31.4992
      vertex -47.3762 -35.2678 -31.7322
      vertex -51.7917 -31.8229 -28.2873
    endloop
  endfacet
  facet normal -0.000907591 -0.707826 0.706387
    outer loop
      vertex -47.0466 -35.5248 -31.9893
      vertex -42.5043 -38.39 -34.8545
      vertex -47.3762 -35.2678 -31.7322
    endloop
  endfacet
  facet normal 0 -0.707107 0.707107
    outer loop
      vertex -46.7543 -35.8035 -32.268
      vertex -42.5043 -38.39 -34.8545
      vertex -47.0466 -35.5248 -31.9893
    endloop
  endfacet
  facet normal 0 -0.707107 0.707107
    outer loop
      vertex -46.5021 -36.1011 -32.5656
      vertex -42.5043 -38.39 -34.8545
      vertex -46.7543 -35.8035 -32.268
    endloop
  endfacet
  facet normal 0.00020919 -0.706924 0.707289
    outer loop
      vertex -46.2923 -36.4148 -32.8792
      vertex -42.5043 -38.39 -34.8545
      vertex -46.5021 -36.1011 -32.5656
    endloop
  endfacet
  facet normal 2.53572e-05 -0.7071 0.707113
    outer loop
      vertex -46.127 -36.7415 -33.2059
      vertex -42.5043 -38.39 -34.8545
      vertex -46.2923 -36.4148 -32.8792
    endloop
  endfacet
  facet normal -9.07121e-05 -0.707228 0.706986
    outer loop
      vertex -46.0078 -37.078 -33.5425
      vertex -42.5043 -38.39 -34.8545
      vertex -46.127 -36.7415 -33.2059
    endloop
  endfacet
  facet normal -4.39311e-15 -0.707107 0.707107
    outer loop
      vertex -45.9358 -37.4212 -33.8857
      vertex -42.5043 -38.39 -34.8545
      vertex -46.0078 -37.078 -33.5425
    endloop
  endfacet
  facet normal 5.87599e-05 -0.707003 0.707211
    outer loop
      vertex -45.9117 -37.7678 -34.2322
      vertex -42.5043 -38.39 -34.8545
      vertex -45.9358 -37.4212 -33.8857
    endloop
  endfacet
  facet normal -1.63024e-05 -0.707208 0.707005
    outer loop
      vertex -45.9358 -38.1143 -34.5788
      vertex -42.5043 -38.39 -34.8545
      vertex -45.9117 -37.7678 -34.2322
    endloop
  endfacet
  facet normal 1.15745e-15 -0.707107 0.707107
    outer loop
      vertex -46.0078 -38.4575 -34.922
      vertex -42.5043 -38.39 -34.8545
      vertex -45.9358 -38.1143 -34.5788
    endloop
  endfacet
  facet normal -4.07578e-06 -0.707001 0.707213
    outer loop
      vertex -46.127 -38.7941 -35.2585
      vertex -42.5043 -38.39 -34.8545
      vertex -46.0078 -38.4575 -34.922
    endloop
  endfacet
  facet normal 2.06861e-05 -0.707112 0.707102
    outer loop
      vertex -46.2923 -39.1208 -35.5852
      vertex -42.5043 -38.39 -34.8545
      vertex -46.127 -38.7941 -35.2585
    endloop
  endfacet
  facet normal 7.1367e-05 -0.707243 0.70697
    outer loop
      vertex -46.5021 -39.4344 -35.8989
      vertex -42.5043 -38.39 -34.8545
      vertex -46.2923 -39.1208 -35.5852
    endloop
  endfacet
  facet normal 0 -0.707107 0.707107
    outer loop
      vertex -46.7543 -39.732 -36.1965
      vertex -42.5043 -38.39 -34.8545
      vertex -46.5021 -39.4344 -35.8989
    endloop
  endfacet
  facet normal 0 -0.707107 0.707107
    outer loop
      vertex -42.2233 -46.451 -42.9155
      vertex -46.7543 -39.732 -36.1965
      vertex -47.0466 -40.0107 -36.4752
    endloop
  endfacet
  facet normal 0.000296309 -0.707159 0.707054
    outer loop
      vertex -48.2139 -43.3094 -39.7739
      vertex -47.0466 -40.0107 -36.4752
      vertex -47.3762 -40.2678 -36.7322
    endloop
  endfacet
  facet normal 1.8096e-05 -0.707121 0.707093
    outer loop
      vertex -48.2139 -43.3094 -39.7739
      vertex -47.3762 -40.2678 -36.7322
      vertex -47.7397 -40.5008 -36.9652
    endloop
  endfacet
  facet normal 1.44874e-05 -0.707121 0.707093
    outer loop
      vertex -48.2139 -43.3094 -39.7739
      vertex -47.7397 -40.5008 -36.9652
      vertex -48.1338 -40.7075 -37.1719
    endloop
  endfacet
  facet normal -0.000158552 -0.707118 0.707096
    outer loop
      vertex -48.2139 -43.3094 -39.7739
      vertex -48.1338 -40.7075 -37.1719
      vertex -48.5547 -40.8858 -37.3503
    endloop
  endfacet
  facet normal 0 -0.707107 0.707107
    outer loop
      vertex -47.0466 -40.0107 -36.4752
      vertex -48.2139 -43.3094 -39.7739
      vertex -42.2233 -46.451 -42.9155
    endloop
  endfacet
  facet normal 0.000152243 -0.707096 0.707117
    outer loop
      vertex -48.2139 -43.3094 -39.7739
      vertex -48.5547 -40.8858 -37.3503
      vertex -48.9983 -41.0342 -37.4986
    endloop
  endfacet
  facet normal 7.23279e-06 -0.707121 0.707092
    outer loop
      vertex -48.2139 -43.3094 -39.7739
      vertex -48.9983 -41.0342 -37.4986
      vertex -49.4603 -41.1511 -37.6155
    endloop
  endfacet
  facet normal 5.26475e-06 -0.707122 0.707092
    outer loop
      vertex -48.2139 -43.3094 -39.7739
      vertex -49.4603 -41.1511 -37.6155
      vertex -49.9362 -41.2354 -37.6998
    endloop
  endfacet
  facet normal 3.28869e-06 -0.707122 0.707091
    outer loop
      vertex -48.2139 -43.3094 -39.7739
      vertex -49.9362 -41.2354 -37.6998
      vertex -50.4216 -41.2863 -37.7507
    endloop
  endfacet
  facet normal -0.00013783 -0.707199 0.707014
    outer loop
      vertex -48.2139 -43.3094 -39.7739
      vertex -50.4216 -41.2863 -37.7507
      vertex -50.9117 -41.3033 -37.7678
    endloop
  endfacet
  facet normal 0 -0.707107 0.707107
    outer loop
      vertex -46.7543 -39.732 -36.1965
      vertex -42.2233 -46.451 -42.9155
      vertex -42.5043 -38.39 -34.8545
    endloop
  endfacet
  facet normal 0 -0.707107 0.707107
    outer loop
      vertex -42.5043 -38.39 -34.8545
      vertex -42.2233 -46.451 -42.9155
      vertex -37.2232 -41.1596 -37.6241
    endloop
  endfacet
  facet normal 0 -0.707107 0.707107
    outer loop
      vertex -35.8262 -49.1623 -45.6268
      vertex -37.2232 -41.1596 -37.6241
      vertex -42.2233 -46.451 -42.9155
    endloop
  endfacet
  facet normal 0 -0.707107 0.707107
    outer loop
      vertex -37.2232 -41.1596 -37.6241
      vertex -35.8262 -49.1623 -45.6268
      vertex -31.5836 -43.5498 -40.0143
    endloop
  endfacet
  facet normal -8.37131e-06 -0.707104 0.70711
    outer loop
      vertex -29.0839 -51.4172 -47.8816
      vertex -31.5836 -43.5498 -40.0143
      vertex -35.8262 -49.1623 -45.6268
    endloop
  endfacet
  facet normal 3.36321e-06 -0.707102 0.707112
    outer loop
      vertex -31.5836 -43.5498 -40.0143
      vertex -29.0839 -51.4172 -47.8816
      vertex -25.6398 -45.5376 -42.0021
    endloop
  endfacet
  facet normal 2.65006e-06 -0.707102 0.707112
    outer loop
      vertex -22.0616 -53.1939 -49.6583
      vertex -25.6398 -45.5376 -42.0021
      vertex -29.0839 -51.4172 -47.8816
    endloop
  endfacet
  facet normal 1.91131e-06 -0.707101 0.707112
    outer loop
      vertex -14.8269 -54.4753 -50.9397
      vertex -19.4491 -47.1039 -43.5684
      vertex -22.0616 -53.1939 -49.6583
    endloop
  endfacet
  facet normal 2.65006e-06 -0.707102 0.707112
    outer loop
      vertex -25.6398 -45.5376 -42.0021
      vertex -22.0616 -53.1939 -49.6583
      vertex -19.4491 -47.1039 -43.5684
    endloop
  endfacet
  facet normal 0.000147169 -0.707148 0.707065
    outer loop
      vertex 51.7917 -31.8229 -28.2873
      vertex 50.4216 -34.2493 -30.7137
      vertex 50.9117 -34.2322 -30.6967
    endloop
  endfacet
  facet normal -5.66802e-15 -0.707107 0.707107
    outer loop
      vertex 51.7917 -31.8229 -28.2873
      vertex 49.9362 -34.3002 -30.7646
      vertex 50.4216 -34.2493 -30.7137
    endloop
  endfacet
  facet normal 1.28982e-14 -0.707107 0.707107
    outer loop
      vertex 51.7917 -31.8229 -28.2873
      vertex 49.4603 -34.3845 -30.8489
      vertex 49.9362 -34.3002 -30.7646
    endloop
  endfacet
  facet normal -1.37891e-14 -0.707107 0.707107
    outer loop
      vertex 51.7917 -31.8229 -28.2873
      vertex 48.9983 -34.5014 -30.9658
      vertex 49.4603 -34.3845 -30.8489
    endloop
  endfacet
  facet normal -0.00024477 -0.706979 0.707234
    outer loop
      vertex 51.7917 -31.8229 -28.2873
      vertex 48.5547 -34.6497 -31.1142
      vertex 48.9983 -34.5014 -30.9658
    endloop
  endfacet
  facet normal 0.000346937 -0.707318 0.706896
    outer loop
      vertex 51.7917 -31.8229 -28.2873
      vertex 48.1338 -34.8281 -31.2925
      vertex 48.5547 -34.6497 -31.1142
    endloop
  endfacet
  facet normal 0 -0.707107 0.707107
    outer loop
      vertex 51.7917 -31.8229 -28.2873
      vertex 47.7397 -35.0348 -31.4992
      vertex 48.1338 -34.8281 -31.2925
    endloop
  endfacet
  facet normal 3.86532e-14 -0.707107 0.707107
    outer loop
      vertex 47.3762 -35.2678 -31.7322
      vertex 47.7397 -35.0348 -31.4992
      vertex 51.7917 -31.8229 -28.2873
    endloop
  endfacet
  facet normal 0.000907591 -0.707826 0.706387
    outer loop
      vertex 42.5043 -38.39 -34.8545
      vertex 47.0466 -35.5248 -31.9893
      vertex 47.3762 -35.2678 -31.7322
    endloop
  endfacet
  facet normal 0 -0.707107 0.707107
    outer loop
      vertex 42.5043 -38.39 -34.8545
      vertex 46.7543 -35.8035 -32.268
      vertex 47.0466 -35.5248 -31.9893
    endloop
  endfacet
  facet normal 0 -0.707107 0.707107
    outer loop
      vertex 42.5043 -38.39 -34.8545
      vertex 46.5021 -36.1011 -32.5656
      vertex 46.7543 -35.8035 -32.268
    endloop
  endfacet
  facet normal -0.00020919 -0.706924 0.707289
    outer loop
      vertex 42.5043 -38.39 -34.8545
      vertex 46.2923 -36.4148 -32.8792
      vertex 46.5021 -36.1011 -32.5656
    endloop
  endfacet
  facet normal -2.53572e-05 -0.7071 0.707113
    outer loop
      vertex 42.5043 -38.39 -34.8545
      vertex 46.127 -36.7415 -33.2059
      vertex 46.2923 -36.4148 -32.8792
    endloop
  endfacet
  facet normal 9.07121e-05 -0.707228 0.706986
    outer loop
      vertex 42.5043 -38.39 -34.8545
      vertex 46.0078 -37.078 -33.5425
      vertex 46.127 -36.7415 -33.2059
    endloop
  endfacet
  facet normal 4.39311e-15 -0.707107 0.707107
    outer loop
      vertex 42.5043 -38.39 -34.8545
      vertex 45.9358 -37.4212 -33.8857
      vertex 46.0078 -37.078 -33.5425
    endloop
  endfacet
  facet normal -5.87599e-05 -0.707003 0.707211
    outer loop
      vertex 42.5043 -38.39 -34.8545
      vertex 45.9117 -37.7678 -34.2322
      vertex 45.9358 -37.4212 -33.8857
    endloop
  endfacet
  facet normal 1.63024e-05 -0.707208 0.707005
    outer loop
      vertex 42.5043 -38.39 -34.8545
      vertex 45.9358 -38.1143 -34.5788
      vertex 45.9117 -37.7678 -34.2322
    endloop
  endfacet
  facet normal -1.15745e-15 -0.707107 0.707107
    outer loop
      vertex 42.5043 -38.39 -34.8545
      vertex 46.0078 -38.4575 -34.922
      vertex 45.9358 -38.1143 -34.5788
    endloop
  endfacet
  facet normal 4.07578e-06 -0.707001 0.707213
    outer loop
      vertex 42.5043 -38.39 -34.8545
      vertex 46.127 -38.7941 -35.2585
      vertex 46.0078 -38.4575 -34.922
    endloop
  endfacet
  facet normal -2.06861e-05 -0.707112 0.707102
    outer loop
      vertex 42.5043 -38.39 -34.8545
      vertex 46.2923 -39.1208 -35.5852
      vertex 46.127 -38.7941 -35.2585
    endloop
  endfacet
  facet normal -7.1367e-05 -0.707243 0.70697
    outer loop
      vertex 42.5043 -38.39 -34.8545
      vertex 46.5021 -39.4344 -35.8989
      vertex 46.2923 -39.1208 -35.5852
    endloop
  endfacet
  facet normal 0 -0.707107 0.707107
    outer loop
      vertex 42.5043 -38.39 -34.8545
      vertex 46.7543 -39.732 -36.1965
      vertex 46.5021 -39.4344 -35.8989
    endloop
  endfacet
  facet normal 0 -0.707107 0.707107
    outer loop
      vertex 42.2233 -46.451 -42.9155
      vertex 46.7543 -39.732 -36.1965
      vertex 42.5043 -38.39 -34.8545
    endloop
  endfacet
  facet normal 0 -0.707107 0.707107
    outer loop
      vertex 46.7543 -39.732 -36.1965
      vertex 42.2233 -46.451 -42.9155
      vertex 47.0466 -40.0107 -36.4752
    endloop
  endfacet
  facet normal 0 -0.707107 0.707107
    outer loop
      vertex 48.2139 -43.3094 -39.7739
      vertex 47.0466 -40.0107 -36.4752
      vertex 42.2233 -46.451 -42.9155
    endloop
  endfacet
  facet normal -0.000296309 -0.707159 0.707054
    outer loop
      vertex 47.0466 -40.0107 -36.4752
      vertex 48.2139 -43.3094 -39.7739
      vertex 47.3762 -40.2678 -36.7322
    endloop
  endfacet
  facet normal -1.44874e-05 -0.707121 0.707093
    outer loop
      vertex 47.7397 -40.5008 -36.9652
      vertex 48.2139 -43.3094 -39.7739
      vertex 48.1338 -40.7075 -37.1719
    endloop
  endfacet
  facet normal 0 -0.707107 0.707107
    outer loop
      vertex 42.2233 -46.451 -42.9155
      vertex 42.5043 -38.39 -34.8545
      vertex 37.2232 -41.1596 -37.6241
    endloop
  endfacet
  facet normal -1.8096e-05 -0.707121 0.707093
    outer loop
      vertex 47.3762 -40.2678 -36.7322
      vertex 48.2139 -43.3094 -39.7739
      vertex 47.7397 -40.5008 -36.9652
    endloop
  endfacet
  facet normal -0.000152243 -0.707096 0.707117
    outer loop
      vertex 48.5547 -40.8858 -37.3503
      vertex 48.2139 -43.3094 -39.7739
      vertex 48.9983 -41.0342 -37.4986
    endloop
  endfacet
  facet normal -7.23279e-06 -0.707121 0.707092
    outer loop
      vertex 48.9983 -41.0342 -37.4986
      vertex 48.2139 -43.3094 -39.7739
      vertex 49.4603 -41.1511 -37.6155
    endloop
  endfacet
  facet normal -5.26475e-06 -0.707122 0.707092
    outer loop
      vertex 49.4603 -41.1511 -37.6155
      vertex 48.2139 -43.3094 -39.7739
      vertex 49.9362 -41.2354 -37.6998
    endloop
  endfacet
  facet normal -3.28869e-06 -0.707122 0.707091
    outer loop
      vertex 49.9362 -41.2354 -37.6998
      vertex 48.2139 -43.3094 -39.7739
      vertex 50.4216 -41.2863 -37.7507
    endloop
  endfacet
  facet normal 0.00013783 -0.707199 0.707014
    outer loop
      vertex 50.4216 -41.2863 -37.7507
      vertex 48.2139 -43.3094 -39.7739
      vertex 50.9117 -41.3033 -37.7678
    endloop
  endfacet
  facet normal 0 -0.707107 0.707107
    outer loop
      vertex 35.8262 -49.1623 -45.6268
      vertex 37.2232 -41.1596 -37.6241
      vertex 31.5836 -43.5498 -40.0143
    endloop
  endfacet
  facet normal -3.36321e-06 -0.707102 0.707112
    outer loop
      vertex 29.0839 -51.4172 -47.8816
      vertex 31.5836 -43.5498 -40.0143
      vertex 25.6398 -45.5376 -42.0021
    endloop
  endfacet
  facet normal 0.000158552 -0.707118 0.707096
    outer loop
      vertex 48.1338 -40.7075 -37.1719
      vertex 48.2139 -43.3094 -39.7739
      vertex 48.5547 -40.8858 -37.3503
    endloop
  endfacet
  facet normal -2.65006e-06 -0.707102 0.707112
    outer loop
      vertex 22.0616 -53.1939 -49.6583
      vertex 25.6398 -45.5376 -42.0021
      vertex 19.4491 -47.1039 -43.5684
    endloop
  endfacet
  facet normal -1.91138e-06 -0.707101 0.707112
    outer loop
      vertex 14.8269 -54.4753 -50.9397
      vertex 19.4491 -47.1039 -43.5684
      vertex 13.0711 -48.2336 -44.6981
    endloop
  endfacet
  facet normal -7.21307e-16 -0.707107 0.707107
    outer loop
      vertex 7.4493 -55.2491 -51.7136
      vertex 13.0711 -48.2336 -44.6981
      vertex 6.56715 -48.9158 -45.3803
    endloop
  endfacet
  facet normal 0 -0.707107 0.707107
    outer loop
      vertex 37.2232 -41.1596 -37.6241
      vertex 35.8262 -49.1623 -45.6268
      vertex 42.2233 -46.451 -42.9155
    endloop
  endfacet
  facet normal -3.85928e-07 -0.707101 0.707112
    outer loop
      vertex 0 -55.5079 -51.9723
      vertex 6.56715 -48.9158 -45.3803
      vertex 0 -49.1439 -45.6084
    endloop
  endfacet
  facet normal 1.91138e-06 -0.707101 0.707112
    outer loop
      vertex -19.4491 -47.1039 -43.5684
      vertex -14.8269 -54.4753 -50.9397
      vertex -13.0711 -48.2336 -44.6981
    endloop
  endfacet
  facet normal 1.04641e-05 -0.707103 0.707111
    outer loop
      vertex -7.4493 -55.2491 -51.7136
      vertex -13.0711 -48.2336 -44.6981
      vertex -14.8269 -54.4753 -50.9397
    endloop
  endfacet
  facet normal 8.37131e-06 -0.707104 0.70711
    outer loop
      vertex 31.5836 -43.5498 -40.0143
      vertex 29.0839 -51.4172 -47.8816
      vertex 35.8262 -49.1623 -45.6268
    endloop
  endfacet
  facet normal 7.51361e-16 -0.707107 0.707107
    outer loop
      vertex -13.0711 -48.2336 -44.6981
      vertex -7.4493 -55.2491 -51.7136
      vertex -6.56715 -48.9158 -45.3803
    endloop
  endfacet
  facet normal -2.65006e-06 -0.707102 0.707112
    outer loop
      vertex 25.6398 -45.5376 -42.0021
      vertex 22.0616 -53.1939 -49.6583
      vertex 29.0839 -51.4172 -47.8816
    endloop
  endfacet
  facet normal -9.44655e-06 -0.707106 0.707107
    outer loop
      vertex 0 -55.5079 -51.9723
      vertex -6.56715 -48.9158 -45.3803
      vertex -7.4493 -55.2491 -51.7136
    endloop
  endfacet
  facet normal -1.91131e-06 -0.707101 0.707112
    outer loop
      vertex 19.4491 -47.1039 -43.5684
      vertex 14.8269 -54.4753 -50.9397
      vertex 22.0616 -53.1939 -49.6583
    endloop
  endfacet
  facet normal 3.85928e-07 -0.707101 0.707112
    outer loop
      vertex -6.56715 -48.9158 -45.3803
      vertex 0 -55.5079 -51.9723
      vertex 0 -49.1439 -45.6084
    endloop
  endfacet
  facet normal -1.04641e-05 -0.707103 0.707111
    outer loop
      vertex 13.0711 -48.2336 -44.6981
      vertex 7.4493 -55.2491 -51.7136
      vertex 14.8269 -54.4753 -50.9397
    endloop
  endfacet
  facet normal 9.44655e-06 -0.707106 0.707107
    outer loop
      vertex 6.56715 -48.9158 -45.3803
      vertex 0 -55.5079 -51.9723
      vertex 7.4493 -55.2491 -51.7136
    endloop
  endfacet
  facet normal 0 -0.707107 0.707107
    outer loop
      vertex 51.3689 -41.2874 -37.7519
      vertex 50.9117 -41.3033 -37.7678
      vertex 48.2139 -43.3094 -39.7739
    endloop
  endfacet
  facet normal 3.18629e-14 -0.707107 0.707107
    outer loop
      vertex -50.9117 -38.8991 -35.3636
      vertex -50.9117 -36.6364 -33.1009
      vertex -51.0685 -36.6418 -33.1063
    endloop
  endfacet
  facet normal -3.23249e-14 -0.707107 0.707107
    outer loop
      vertex -51.0685 -38.8937 -35.3582
      vertex -51.0685 -36.6418 -33.1063
      vertex -51.2238 -36.6581 -33.1226
    endloop
  endfacet
  facet normal -3.20426e-14 -0.707107 0.707107
    outer loop
      vertex -50.9117 -36.6364 -33.1009
      vertex -50.9117 -38.8991 -35.3636
      vertex -50.7549 -36.6418 -33.1063
    endloop
  endfacet
  facet normal 0 -0.707107 0.707107
    outer loop
      vertex -51.2238 -38.8774 -35.3419
      vertex -51.2238 -36.6581 -33.1226
      vertex -51.3761 -36.6851 -33.1496
    endloop
  endfacet
  facet normal -3.20435e-14 -0.707107 0.707107
    outer loop
      vertex -50.7549 -38.8937 -35.3582
      vertex -50.7549 -36.6418 -33.1063
      vertex -50.9117 -38.8991 -35.3636
    endloop
  endfacet
  facet normal 0 -0.707107 0.707107
    outer loop
      vertex -51.3761 -38.8504 -35.3149
      vertex -51.3761 -36.6851 -33.1496
      vertex -51.524 -36.7225 -33.187
    endloop
  endfacet
  facet normal 3.23181e-14 -0.707107 0.707107
    outer loop
      vertex -50.7549 -36.6418 -33.1063
      vertex -50.7549 -38.8937 -35.3582
      vertex -50.5995 -36.6581 -33.1226
    endloop
  endfacet
  facet normal 3.59916e-14 -0.707107 0.707107
    outer loop
      vertex -51.524 -38.813 -35.2775
      vertex -51.524 -36.7225 -33.187
      vertex -51.6659 -36.77 -33.2345
    endloop
  endfacet
  facet normal 3.23376e-14 -0.707107 0.707107
    outer loop
      vertex -50.5995 -38.8774 -35.3419
      vertex -50.5995 -36.6581 -33.1226
      vertex -50.7549 -38.8937 -35.3582
    endloop
  endfacet
  facet normal 0.000524949 -0.707107 0.707107
    outer loop
      vertex -51.6659 -38.7655 -35.23
      vertex -51.6659 -36.77 -33.2345
      vertex -51.8006 -36.8271 -33.2915
    endloop
  endfacet
  facet normal 0 -0.707107 0.707107
    outer loop
      vertex -50.5995 -36.6581 -33.1226
      vertex -50.5995 -38.8774 -35.3419
      vertex -50.4472 -36.6851 -33.1496
    endloop
  endfacet
  facet normal -0.000560751 -0.707107 0.707107
    outer loop
      vertex -51.8006 -38.7085 -35.1729
      vertex -51.8006 -36.8271 -33.2915
      vertex -51.9267 -36.8932 -33.3577
    endloop
  endfacet
  facet normal 0 -0.707107 0.707107
    outer loop
      vertex -50.4472 -38.8504 -35.3149
      vertex -50.4472 -36.6851 -33.1496
      vertex -50.5995 -38.8774 -35.3419
    endloop
  endfacet
  facet normal 0.00060748 -0.707107 0.707107
    outer loop
      vertex -51.9267 -38.6423 -35.1068
      vertex -51.9267 -36.8932 -33.3577
      vertex -52.0431 -36.9678 -33.4322
    endloop
  endfacet
  facet normal 0 -0.707107 0.707107
    outer loop
      vertex -50.4472 -36.6851 -33.1496
      vertex -50.4472 -38.8504 -35.3149
      vertex -50.2994 -36.7225 -33.187
    endloop
  endfacet
  facet normal -0.000670879 -0.707107 0.707107
    outer loop
      vertex -52.0431 -38.5678 -35.0322
      vertex -52.0431 -36.9678 -33.4322
      vertex -52.1485 -37.05 -33.5145
    endloop
  endfacet
  facet normal 0 -0.707107 0.707107
    outer loop
      vertex -50.2994 -38.813 -35.2775
      vertex -50.2994 -36.7225 -33.187
      vertex -50.4472 -38.8504 -35.3149
    endloop
  endfacet
  facet normal 0 -0.707107 0.707107
    outer loop
      vertex -52.1485 -38.4855 -34.95
      vertex -52.1485 -37.05 -33.5145
      vertex -52.242 -37.1392 -33.6037
    endloop
  endfacet
  facet normal -3.53962e-14 -0.707107 0.707107
    outer loop
      vertex -50.2994 -36.7225 -33.187
      vertex -50.2994 -38.813 -35.2775
      vertex -50.1575 -36.77 -33.2345
    endloop
  endfacet
  facet normal 0 -0.707107 0.707107
    outer loop
      vertex -52.242 -38.3963 -34.8608
      vertex -52.242 -37.1392 -33.6037
      vertex -52.3228 -37.2344 -33.6989
    endloop
  endfacet
  facet normal -3.53832e-14 -0.707107 0.707107
    outer loop
      vertex -50.1575 -38.7655 -35.23
      vertex -50.1575 -36.77 -33.2345
      vertex -50.2994 -38.813 -35.2775
    endloop
  endfacet
  facet normal 0 -0.707107 0.707107
    outer loop
      vertex -52.3228 -38.3011 -34.7656
      vertex -52.3228 -37.2344 -33.6989
      vertex -52.3899 -37.3348 -33.7993
    endloop
  endfacet
  facet normal -0.000524949 -0.707107 0.707107
    outer loop
      vertex -50.1575 -36.77 -33.2345
      vertex -50.1575 -38.7655 -35.23
      vertex -50.0228 -36.8271 -33.2915
    endloop
  endfacet
  facet normal 8.37322e-14 -0.707107 0.707107
    outer loop
      vertex -52.3228 -38.3011 -34.7656
      vertex -52.3899 -37.3348 -33.7993
      vertex -52.4428 -37.4393 -33.9038
    endloop
  endfacet
  facet normal -0.000524949 -0.707107 0.707107
    outer loop
      vertex -50.0228 -38.7085 -35.1729
      vertex -50.0228 -36.8271 -33.2915
      vertex -50.1575 -38.7655 -35.23
    endloop
  endfacet
  facet normal -8.23501e-14 -0.707107 0.707107
    outer loop
      vertex -52.3228 -38.3011 -34.7656
      vertex -52.4428 -37.4393 -33.9038
      vertex -52.4809 -37.547 -34.0115
    endloop
  endfacet
  facet normal 0.000560751 -0.707107 0.707107
    outer loop
      vertex -50.0228 -36.8271 -33.2915
      vertex -50.0228 -38.7085 -35.1729
      vertex -49.8967 -36.8932 -33.3577
    endloop
  endfacet
  facet normal 0.00153284 -0.706945 0.707267
    outer loop
      vertex -52.3228 -38.3011 -34.7656
      vertex -52.4809 -37.547 -34.0115
      vertex -52.504 -37.6569 -34.1213
    endloop
  endfacet
  facet normal 0.000560751 -0.707107 0.707107
    outer loop
      vertex -49.8967 -38.6423 -35.1068
      vertex -49.8967 -36.8932 -33.3577
      vertex -50.0228 -38.7085 -35.1729
    endloop
  endfacet
  facet normal 0.000312974 -0.707118 0.707096
    outer loop
      vertex -52.3228 -38.3011 -34.7656
      vertex -52.504 -37.6569 -34.1213
      vertex -52.5117 -37.7678 -34.2322
    endloop
  endfacet
  facet normal -0.00060748 -0.707107 0.707107
    outer loop
      vertex -49.8967 -36.8932 -33.3577
      vertex -49.8967 -38.6423 -35.1068
      vertex -49.7803 -36.9678 -33.4322
    endloop
  endfacet
  facet normal 0.000465605 -0.707091 0.707123
    outer loop
      vertex -52.3228 -38.3011 -34.7656
      vertex -52.5117 -37.7678 -34.2322
      vertex -52.504 -37.8787 -34.3431
    endloop
  endfacet
  facet normal -0.00060748 -0.707107 0.707107
    outer loop
      vertex -49.7803 -38.5678 -35.0322
      vertex -49.7803 -36.9678 -33.4322
      vertex -49.8967 -38.6423 -35.1068
    endloop
  endfacet
  facet normal -0.00217855 -0.707656 0.706554
    outer loop
      vertex -52.3228 -38.3011 -34.7656
      vertex -52.504 -37.8787 -34.3431
      vertex -52.4809 -37.9885 -34.453
    endloop
  endfacet
  facet normal 3.20157e-14 -0.707107 0.707107
    outer loop
      vertex -51.0685 -36.6418 -33.1063
      vertex -51.0685 -38.8937 -35.3582
      vertex -50.9117 -38.8991 -35.3636
    endloop
  endfacet
  facet normal 3.0682e-13 -0.707107 0.707107
    outer loop
      vertex -52.3228 -38.3011 -34.7656
      vertex -52.4809 -37.9885 -34.453
      vertex -52.4428 -38.0962 -34.5607
    endloop
  endfacet
  facet normal 0.000670879 -0.707107 0.707107
    outer loop
      vertex -49.7803 -36.9678 -33.4322
      vertex -49.7803 -38.5678 -35.0322
      vertex -49.6749 -37.05 -33.5145
    endloop
  endfacet
  facet normal -2.9714e-13 -0.707107 0.707107
    outer loop
      vertex -52.3228 -38.3011 -34.7656
      vertex -52.4428 -38.0962 -34.5607
      vertex -52.3899 -38.2007 -34.6652
    endloop
  endfacet
  facet normal 0.000670879 -0.707107 0.707107
    outer loop
      vertex -49.6749 -38.4855 -34.95
      vertex -49.6749 -37.05 -33.5145
      vertex -49.7803 -38.5678 -35.0322
    endloop
  endfacet
  facet normal 0 -0.707107 0.707107
    outer loop
      vertex -52.3228 -37.2344 -33.6989
      vertex -52.3228 -38.3011 -34.7656
      vertex -52.242 -38.3963 -34.8608
    endloop
  endfacet
  facet normal 0 -0.707107 0.707107
    outer loop
      vertex -49.6749 -37.05 -33.5145
      vertex -49.6749 -38.4855 -34.95
      vertex -49.5813 -37.1392 -33.6037
    endloop
  endfacet
  facet normal 0 -0.707107 0.707107
    outer loop
      vertex -52.242 -37.1392 -33.6037
      vertex -52.242 -38.3963 -34.8608
      vertex -52.1485 -38.4855 -34.95
    endloop
  endfacet
  facet normal 0 -0.707107 0.707107
    outer loop
      vertex -49.5813 -38.3963 -34.8608
      vertex -49.5813 -37.1392 -33.6037
      vertex -49.6749 -38.4855 -34.95
    endloop
  endfacet
  facet normal -0.000670879 -0.707107 0.707107
    outer loop
      vertex -52.1485 -37.05 -33.5145
      vertex -52.1485 -38.4855 -34.95
      vertex -52.0431 -38.5678 -35.0322
    endloop
  endfacet
  facet normal 0 -0.707107 0.707107
    outer loop
      vertex -49.5813 -37.1392 -33.6037
      vertex -49.5813 -38.3963 -34.8608
      vertex -49.5006 -37.2344 -33.6989
    endloop
  endfacet
  facet normal 0.00060748 -0.707107 0.707107
    outer loop
      vertex -52.0431 -36.9678 -33.4322
      vertex -52.0431 -38.5678 -35.0322
      vertex -51.9267 -38.6423 -35.1068
    endloop
  endfacet
  facet normal -3.27997e-14 -0.707107 0.707107
    outer loop
      vertex -51.2238 -36.6581 -33.1226
      vertex -51.2238 -38.8774 -35.3419
      vertex -51.0685 -38.8937 -35.3582
    endloop
  endfacet
  facet normal -0.000560751 -0.707107 0.707107
    outer loop
      vertex -51.9267 -36.8932 -33.3577
      vertex -51.9267 -38.6423 -35.1068
      vertex -51.8006 -38.7085 -35.1729
    endloop
  endfacet
  facet normal 0 -0.707107 0.707107
    outer loop
      vertex -49.5006 -37.2344 -33.6989
      vertex -49.5006 -38.3011 -34.7656
      vertex -49.4335 -37.3348 -33.7993
    endloop
  endfacet
  facet normal 0.000524949 -0.707107 0.707107
    outer loop
      vertex -51.8006 -36.8271 -33.2915
      vertex -51.8006 -38.7085 -35.1729
      vertex -51.6659 -38.7655 -35.23
    endloop
  endfacet
  facet normal 3.54871e-14 -0.707107 0.707107
    outer loop
      vertex -51.6659 -36.77 -33.2345
      vertex -51.6659 -38.7655 -35.23
      vertex -51.524 -38.813 -35.2775
    endloop
  endfacet
  facet normal 0 -0.707107 0.707107
    outer loop
      vertex -51.524 -36.7225 -33.187
      vertex -51.524 -38.813 -35.2775
      vertex -51.3761 -38.8504 -35.3149
    endloop
  endfacet
  facet normal 2.9714e-13 -0.707107 0.707107
    outer loop
      vertex -49.3806 -38.0962 -34.5607
      vertex -49.5006 -38.3011 -34.7656
      vertex -49.4335 -38.2007 -34.6652
    endloop
  endfacet
  facet normal 0 -0.707107 0.707107
    outer loop
      vertex -51.3761 -36.6851 -33.1496
      vertex -51.3761 -38.8504 -35.3149
      vertex -51.2238 -38.8774 -35.3419
    endloop
  endfacet
  facet normal -3.08053e-13 -0.707107 0.707107
    outer loop
      vertex -49.3424 -37.9885 -34.453
      vertex -49.5006 -38.3011 -34.7656
      vertex -49.3806 -38.0962 -34.5607
    endloop
  endfacet
  facet normal -8.33946e-14 -0.707107 0.707107
    outer loop
      vertex -49.4335 -37.3348 -33.7993
      vertex -49.5006 -38.3011 -34.7656
      vertex -49.3806 -37.4393 -33.9038
    endloop
  endfacet
  facet normal 0.00216952 -0.707654 0.706556
    outer loop
      vertex -49.3194 -37.8787 -34.3431
      vertex -49.5006 -38.3011 -34.7656
      vertex -49.3424 -37.9885 -34.453
    endloop
  endfacet
  facet normal -0.000312974 -0.707118 0.707096
    outer loop
      vertex -49.3194 -37.6569 -34.1213
      vertex -49.5006 -38.3011 -34.7656
      vertex -49.3117 -37.7678 -34.2322
    endloop
  endfacet
  facet normal -0.000465605 -0.707091 0.707123
    outer loop
      vertex -49.3117 -37.7678 -34.2322
      vertex -49.5006 -38.3011 -34.7656
      vertex -49.3194 -37.8787 -34.3431
    endloop
  endfacet
  facet normal -0.00153568 -0.706945 0.707267
    outer loop
      vertex -49.3424 -37.547 -34.0115
      vertex -49.5006 -38.3011 -34.7656
      vertex -49.3194 -37.6569 -34.1213
    endloop
  endfacet
  facet normal 8.26234e-14 -0.707107 0.707107
    outer loop
      vertex -49.3806 -37.4393 -33.9038
      vertex -49.5006 -38.3011 -34.7656
      vertex -49.3424 -37.547 -34.0115
    endloop
  endfacet
  facet normal 0 -0.707107 0.707107
    outer loop
      vertex -49.5006 -38.3011 -34.7656
      vertex -49.5006 -37.2344 -33.6989
      vertex -49.5813 -38.3963 -34.8608
    endloop
  endfacet
  facet normal 3.18629e-14 -0.707107 0.707107
    outer loop
      vertex -50.9117 33.1009 36.6364
      vertex -50.9117 35.3636 38.8991
      vertex -51.0685 35.3582 38.8937
    endloop
  endfacet
  facet normal -3.23249e-14 -0.707107 0.707107
    outer loop
      vertex -51.0685 33.1063 36.6418
      vertex -51.0685 35.3582 38.8937
      vertex -51.2238 35.3419 38.8774
    endloop
  endfacet
  facet normal -3.20426e-14 -0.707107 0.707107
    outer loop
      vertex -50.9117 35.3636 38.8991
      vertex -50.9117 33.1009 36.6364
      vertex -50.7549 35.3582 38.8937
    endloop
  endfacet
  facet normal 0 -0.707107 0.707107
    outer loop
      vertex -51.2238 33.1226 36.6581
      vertex -51.2238 35.3419 38.8774
      vertex -51.3761 35.3149 38.8504
    endloop
  endfacet
  facet normal -3.20435e-14 -0.707107 0.707107
    outer loop
      vertex -50.7549 33.1063 36.6418
      vertex -50.7549 35.3582 38.8937
      vertex -50.9117 33.1009 36.6364
    endloop
  endfacet
  facet normal 0 -0.707107 0.707107
    outer loop
      vertex -51.3761 33.1496 36.6851
      vertex -51.3761 35.3149 38.8504
      vertex -51.524 35.2775 38.813
    endloop
  endfacet
  facet normal 3.23181e-14 -0.707107 0.707107
    outer loop
      vertex -50.7549 35.3582 38.8937
      vertex -50.7549 33.1063 36.6418
      vertex -50.5995 35.3419 38.8774
    endloop
  endfacet
  facet normal 3.59916e-14 -0.707107 0.707107
    outer loop
      vertex -51.524 33.187 36.7225
      vertex -51.524 35.2775 38.813
      vertex -51.6659 35.23 38.7655
    endloop
  endfacet
  facet normal 3.23376e-14 -0.707107 0.707107
    outer loop
      vertex -50.5995 33.1226 36.6581
      vertex -50.5995 35.3419 38.8774
      vertex -50.7549 33.1063 36.6418
    endloop
  endfacet
  facet normal 0.000524949 -0.707107 0.707107
    outer loop
      vertex -51.6659 33.2345 36.77
      vertex -51.6659 35.23 38.7655
      vertex -51.8006 35.1729 38.7085
    endloop
  endfacet
  facet normal 0 -0.707107 0.707107
    outer loop
      vertex -50.5995 35.3419 38.8774
      vertex -50.5995 33.1226 36.6581
      vertex -50.4472 35.3149 38.8504
    endloop
  endfacet
  facet normal -0.000560751 -0.707107 0.707107
    outer loop
      vertex -51.8006 33.2915 36.8271
      vertex -51.8006 35.1729 38.7085
      vertex -51.9267 35.1068 38.6423
    endloop
  endfacet
  facet normal 0 -0.707107 0.707107
    outer loop
      vertex -50.4472 33.1496 36.6851
      vertex -50.4472 35.3149 38.8504
      vertex -50.5995 33.1226 36.6581
    endloop
  endfacet
  facet normal 0.00060748 -0.707107 0.707107
    outer loop
      vertex -51.9267 33.3577 36.8932
      vertex -51.9267 35.1068 38.6423
      vertex -52.0431 35.0322 38.5678
    endloop
  endfacet
  facet normal 0 -0.707107 0.707107
    outer loop
      vertex -50.4472 35.3149 38.8504
      vertex -50.4472 33.1496 36.6851
      vertex -50.2994 35.2775 38.813
    endloop
  endfacet
  facet normal -0.000670879 -0.707107 0.707107
    outer loop
      vertex -52.0431 33.4322 36.9678
      vertex -52.0431 35.0322 38.5678
      vertex -52.1485 34.95 38.4855
    endloop
  endfacet
  facet normal 0 -0.707107 0.707107
    outer loop
      vertex -50.2994 33.187 36.7225
      vertex -50.2994 35.2775 38.813
      vertex -50.4472 33.1496 36.6851
    endloop
  endfacet
  facet normal 0 -0.707107 0.707107
    outer loop
      vertex -52.1485 33.5145 37.05
      vertex -52.1485 34.95 38.4855
      vertex -52.242 34.8608 38.3963
    endloop
  endfacet
  facet normal -3.53962e-14 -0.707107 0.707107
    outer loop
      vertex -50.2994 35.2775 38.813
      vertex -50.2994 33.187 36.7225
      vertex -50.1575 35.23 38.7655
    endloop
  endfacet
  facet normal 0 -0.707107 0.707107
    outer loop
      vertex -52.242 33.6037 37.1392
      vertex -52.242 34.8608 38.3963
      vertex -52.3228 34.7656 38.3011
    endloop
  endfacet
  facet normal -3.53832e-14 -0.707107 0.707107
    outer loop
      vertex -50.1575 33.2345 36.77
      vertex -50.1575 35.23 38.7655
      vertex -50.2994 33.187 36.7225
    endloop
  endfacet
  facet normal 0 -0.707107 0.707107
    outer loop
      vertex -52.3228 33.6989 37.2344
      vertex -52.3228 34.7656 38.3011
      vertex -52.3899 34.6652 38.2007
    endloop
  endfacet
  facet normal -0.000524949 -0.707107 0.707107
    outer loop
      vertex -50.1575 35.23 38.7655
      vertex -50.1575 33.2345 36.77
      vertex -50.0228 35.1729 38.7085
    endloop
  endfacet
  facet normal 8.37322e-14 -0.707107 0.707107
    outer loop
      vertex -52.3228 33.6989 37.2344
      vertex -52.3899 34.6652 38.2007
      vertex -52.4428 34.5607 38.0962
    endloop
  endfacet
  facet normal -0.000524949 -0.707107 0.707107
    outer loop
      vertex -50.0228 33.2915 36.8271
      vertex -50.0228 35.1729 38.7085
      vertex -50.1575 33.2345 36.77
    endloop
  endfacet
  facet normal -8.23501e-14 -0.707107 0.707107
    outer loop
      vertex -52.3228 33.6989 37.2344
      vertex -52.4428 34.5607 38.0962
      vertex -52.4809 34.453 37.9885
    endloop
  endfacet
  facet normal 0.000560751 -0.707107 0.707107
    outer loop
      vertex -50.0228 35.1729 38.7085
      vertex -50.0228 33.2915 36.8271
      vertex -49.8967 35.1068 38.6423
    endloop
  endfacet
  facet normal 0.00153284 -0.706945 0.707267
    outer loop
      vertex -52.3228 33.6989 37.2344
      vertex -52.4809 34.453 37.9885
      vertex -52.504 34.3431 37.8787
    endloop
  endfacet
  facet normal 0.000560751 -0.707107 0.707107
    outer loop
      vertex -49.8967 33.3577 36.8932
      vertex -49.8967 35.1068 38.6423
      vertex -50.0228 33.2915 36.8271
    endloop
  endfacet
  facet normal 0.000312974 -0.707118 0.707096
    outer loop
      vertex -52.3228 33.6989 37.2344
      vertex -52.504 34.3431 37.8787
      vertex -52.5117 34.2322 37.7678
    endloop
  endfacet
  facet normal -0.00060748 -0.707107 0.707107
    outer loop
      vertex -49.8967 35.1068 38.6423
      vertex -49.8967 33.3577 36.8932
      vertex -49.7803 35.0322 38.5678
    endloop
  endfacet
  facet normal 0.000465605 -0.707091 0.707123
    outer loop
      vertex -52.3228 33.6989 37.2344
      vertex -52.5117 34.2322 37.7678
      vertex -52.504 34.1213 37.6569
    endloop
  endfacet
  facet normal -0.00060748 -0.707107 0.707107
    outer loop
      vertex -49.7803 33.4322 36.9678
      vertex -49.7803 35.0322 38.5678
      vertex -49.8967 33.3577 36.8932
    endloop
  endfacet
  facet normal -0.00217855 -0.707656 0.706554
    outer loop
      vertex -52.3228 33.6989 37.2344
      vertex -52.504 34.1213 37.6569
      vertex -52.4809 34.0115 37.547
    endloop
  endfacet
  facet normal 3.20157e-14 -0.707107 0.707107
    outer loop
      vertex -51.0685 35.3582 38.8937
      vertex -51.0685 33.1063 36.6418
      vertex -50.9117 33.1009 36.6364
    endloop
  endfacet
  facet normal 3.0682e-13 -0.707107 0.707107
    outer loop
      vertex -52.3228 33.6989 37.2344
      vertex -52.4809 34.0115 37.547
      vertex -52.4428 33.9038 37.4393
    endloop
  endfacet
  facet normal 0.000670879 -0.707107 0.707107
    outer loop
      vertex -49.7803 35.0322 38.5678
      vertex -49.7803 33.4322 36.9678
      vertex -49.6749 34.95 38.4855
    endloop
  endfacet
  facet normal -2.9714e-13 -0.707107 0.707107
    outer loop
      vertex -52.3228 33.6989 37.2344
      vertex -52.4428 33.9038 37.4393
      vertex -52.3899 33.7993 37.3348
    endloop
  endfacet
  facet normal 0.000670879 -0.707107 0.707107
    outer loop
      vertex -49.6749 33.5145 37.05
      vertex -49.6749 34.95 38.4855
      vertex -49.7803 33.4322 36.9678
    endloop
  endfacet
  facet normal 0 -0.707107 0.707107
    outer loop
      vertex -52.3228 34.7656 38.3011
      vertex -52.3228 33.6989 37.2344
      vertex -52.242 33.6037 37.1392
    endloop
  endfacet
  facet normal 0 -0.707107 0.707107
    outer loop
      vertex -49.6749 34.95 38.4855
      vertex -49.6749 33.5145 37.05
      vertex -49.5813 34.8608 38.3963
    endloop
  endfacet
  facet normal 0 -0.707107 0.707107
    outer loop
      vertex -52.242 34.8608 38.3963
      vertex -52.242 33.6037 37.1392
      vertex -52.1485 33.5145 37.05
    endloop
  endfacet
  facet normal 0 -0.707107 0.707107
    outer loop
      vertex -49.5813 33.6037 37.1392
      vertex -49.5813 34.8608 38.3963
      vertex -49.6749 33.5145 37.05
    endloop
  endfacet
  facet normal -0.000670879 -0.707107 0.707107
    outer loop
      vertex -52.1485 34.95 38.4855
      vertex -52.1485 33.5145 37.05
      vertex -52.0431 33.4322 36.9678
    endloop
  endfacet
  facet normal 0 -0.707107 0.707107
    outer loop
      vertex -49.5813 34.8608 38.3963
      vertex -49.5813 33.6037 37.1392
      vertex -49.5006 34.7656 38.3011
    endloop
  endfacet
  facet normal 0.00060748 -0.707107 0.707107
    outer loop
      vertex -52.0431 35.0322 38.5678
      vertex -52.0431 33.4322 36.9678
      vertex -51.9267 33.3577 36.8932
    endloop
  endfacet
  facet normal -3.27997e-14 -0.707107 0.707107
    outer loop
      vertex -51.2238 35.3419 38.8774
      vertex -51.2238 33.1226 36.6581
      vertex -51.0685 33.1063 36.6418
    endloop
  endfacet
  facet normal -0.000560751 -0.707107 0.707107
    outer loop
      vertex -51.9267 35.1068 38.6423
      vertex -51.9267 33.3577 36.8932
      vertex -51.8006 33.2915 36.8271
    endloop
  endfacet
  facet normal 0 -0.707107 0.707107
    outer loop
      vertex -49.5006 34.7656 38.3011
      vertex -49.5006 33.6989 37.2344
      vertex -49.4335 34.6652 38.2007
    endloop
  endfacet
  facet normal 0.000524949 -0.707107 0.707107
    outer loop
      vertex -51.8006 35.1729 38.7085
      vertex -51.8006 33.2915 36.8271
      vertex -51.6659 33.2345 36.77
    endloop
  endfacet
  facet normal 3.54871e-14 -0.707107 0.707107
    outer loop
      vertex -51.6659 35.23 38.7655
      vertex -51.6659 33.2345 36.77
      vertex -51.524 33.187 36.7225
    endloop
  endfacet
  facet normal 0 -0.707107 0.707107
    outer loop
      vertex -51.524 35.2775 38.813
      vertex -51.524 33.187 36.7225
      vertex -51.3761 33.1496 36.6851
    endloop
  endfacet
  facet normal 2.9714e-13 -0.707107 0.707107
    outer loop
      vertex -49.3806 33.9038 37.4393
      vertex -49.5006 33.6989 37.2344
      vertex -49.4335 33.7993 37.3348
    endloop
  endfacet
  facet normal 0 -0.707107 0.707107
    outer loop
      vertex -51.3761 35.3149 38.8504
      vertex -51.3761 33.1496 36.6851
      vertex -51.2238 33.1226 36.6581
    endloop
  endfacet
  facet normal -3.08053e-13 -0.707107 0.707107
    outer loop
      vertex -49.3424 34.0115 37.547
      vertex -49.5006 33.6989 37.2344
      vertex -49.3806 33.9038 37.4393
    endloop
  endfacet
  facet normal -8.33946e-14 -0.707107 0.707107
    outer loop
      vertex -49.4335 34.6652 38.2007
      vertex -49.5006 33.6989 37.2344
      vertex -49.3806 34.5607 38.0962
    endloop
  endfacet
  facet normal 0.00216952 -0.707654 0.706556
    outer loop
      vertex -49.3194 34.1213 37.6569
      vertex -49.5006 33.6989 37.2344
      vertex -49.3424 34.0115 37.547
    endloop
  endfacet
  facet normal -0.000312974 -0.707118 0.707096
    outer loop
      vertex -49.3194 34.3431 37.8787
      vertex -49.5006 33.6989 37.2344
      vertex -49.3117 34.2322 37.7678
    endloop
  endfacet
  facet normal -0.000465605 -0.707091 0.707123
    outer loop
      vertex -49.3117 34.2322 37.7678
      vertex -49.5006 33.6989 37.2344
      vertex -49.3194 34.1213 37.6569
    endloop
  endfacet
  facet normal -0.00153568 -0.706945 0.707267
    outer loop
      vertex -49.3424 34.453 37.9885
      vertex -49.5006 33.6989 37.2344
      vertex -49.3194 34.3431 37.8787
    endloop
  endfacet
  facet normal 8.26234e-14 -0.707107 0.707107
    outer loop
      vertex -49.3806 34.5607 38.0962
      vertex -49.5006 33.6989 37.2344
      vertex -49.3424 34.453 37.9885
    endloop
  endfacet
  facet normal 0 -0.707107 0.707107
    outer loop
      vertex -49.5006 33.6989 37.2344
      vertex -49.5006 34.7656 38.3011
      vertex -49.5813 33.6037 37.1392
    endloop
  endfacet
  facet normal 3.18629e-14 -0.707107 0.707107
    outer loop
      vertex 50.9117 33.1009 36.6364
      vertex 50.9117 35.3636 38.8991
      vertex 50.7549 35.3582 38.8937
    endloop
  endfacet
  facet normal -3.23041e-14 -0.707107 0.707107
    outer loop
      vertex 50.7549 33.1063 36.6418
      vertex 50.7549 35.3582 38.8937
      vertex 50.5995 35.3419 38.8774
    endloop
  endfacet
  facet normal -3.20426e-14 -0.707107 0.707107
    outer loop
      vertex 50.9117 35.3636 38.8991
      vertex 50.9117 33.1009 36.6364
      vertex 51.0685 35.3582 38.8937
    endloop
  endfacet
  facet normal 0 -0.707107 0.707107
    outer loop
      vertex 50.5995 33.1226 36.6581
      vertex 50.5995 35.3419 38.8774
      vertex 50.4472 35.3149 38.8504
    endloop
  endfacet
  facet normal -3.20435e-14 -0.707107 0.707107
    outer loop
      vertex 51.0685 33.1063 36.6418
      vertex 51.0685 35.3582 38.8937
      vertex 50.9117 33.1009 36.6364
    endloop
  endfacet
  facet normal 0 -0.707107 0.707107
    outer loop
      vertex 50.4472 33.1496 36.6851
      vertex 50.4472 35.3149 38.8504
      vertex 50.2994 35.2775 38.813
    endloop
  endfacet
  facet normal 3.23389e-14 -0.707107 0.707107
    outer loop
      vertex 51.0685 35.3582 38.8937
      vertex 51.0685 33.1063 36.6418
      vertex 51.2238 35.3419 38.8774
    endloop
  endfacet
  facet normal 3.59916e-14 -0.707107 0.707107
    outer loop
      vertex 50.2994 33.187 36.7225
      vertex 50.2994 35.2775 38.813
      vertex 50.1575 35.23 38.7655
    endloop
  endfacet
  facet normal 3.23584e-14 -0.707107 0.707107
    outer loop
      vertex 51.2238 33.1226 36.6581
      vertex 51.2238 35.3419 38.8774
      vertex 51.0685 33.1063 36.6418
    endloop
  endfacet
  facet normal 0.000524949 -0.707107 0.707107
    outer loop
      vertex 50.1575 33.2345 36.77
      vertex 50.1575 35.23 38.7655
      vertex 50.0228 35.1729 38.7085
    endloop
  endfacet
  facet normal 0 -0.707107 0.707107
    outer loop
      vertex 51.2238 35.3419 38.8774
      vertex 51.2238 33.1226 36.6581
      vertex 51.3761 35.3149 38.8504
    endloop
  endfacet
  facet normal -0.000560751 -0.707107 0.707107
    outer loop
      vertex 50.0228 33.2915 36.8271
      vertex 50.0228 35.1729 38.7085
      vertex 49.8967 35.1068 38.6423
    endloop
  endfacet
  facet normal 0 -0.707107 0.707107
    outer loop
      vertex 51.3761 33.1496 36.6851
      vertex 51.3761 35.3149 38.8504
      vertex 51.2238 33.1226 36.6581
    endloop
  endfacet
  facet normal 0.00060748 -0.707107 0.707107
    outer loop
      vertex 49.8967 33.3577 36.8932
      vertex 49.8967 35.1068 38.6423
      vertex 49.7803 35.0322 38.5678
    endloop
  endfacet
  facet normal 0 -0.707107 0.707107
    outer loop
      vertex 51.3761 35.3149 38.8504
      vertex 51.3761 33.1496 36.6851
      vertex 51.524 35.2775 38.813
    endloop
  endfacet
  facet normal -0.000670879 -0.707107 0.707107
    outer loop
      vertex 49.7803 33.4322 36.9678
      vertex 49.7803 35.0322 38.5678
      vertex 49.6749 34.95 38.4855
    endloop
  endfacet
  facet normal 0 -0.707107 0.707107
    outer loop
      vertex 51.524 33.187 36.7225
      vertex 51.524 35.2775 38.813
      vertex 51.3761 33.1496 36.6851
    endloop
  endfacet
  facet normal 0 -0.707107 0.707107
    outer loop
      vertex 49.6749 33.5145 37.05
      vertex 49.6749 34.95 38.4855
      vertex 49.5813 34.8608 38.3963
    endloop
  endfacet
  facet normal -3.53962e-14 -0.707107 0.707107
    outer loop
      vertex 51.524 35.2775 38.813
      vertex 51.524 33.187 36.7225
      vertex 51.6659 35.23 38.7655
    endloop
  endfacet
  facet normal 0 -0.707107 0.707107
    outer loop
      vertex 49.5813 33.6037 37.1392
      vertex 49.5813 34.8608 38.3963
      vertex 49.5006 34.7656 38.3011
    endloop
  endfacet
  facet normal -3.53832e-14 -0.707107 0.707107
    outer loop
      vertex 51.6659 33.2345 36.77
      vertex 51.6659 35.23 38.7655
      vertex 51.524 33.187 36.7225
    endloop
  endfacet
  facet normal 0 -0.707107 0.707107
    outer loop
      vertex 49.5006 33.6989 37.2344
      vertex 49.5006 34.7656 38.3011
      vertex 49.4335 34.6652 38.2007
    endloop
  endfacet
  facet normal -0.000524949 -0.707107 0.707107
    outer loop
      vertex 51.6659 35.23 38.7655
      vertex 51.6659 33.2345 36.77
      vertex 51.8006 35.1729 38.7085
    endloop
  endfacet
  facet normal 8.37322e-14 -0.707107 0.707107
    outer loop
      vertex 49.5006 33.6989 37.2344
      vertex 49.4335 34.6652 38.2007
      vertex 49.3806 34.5607 38.0962
    endloop
  endfacet
  facet normal -0.000524949 -0.707107 0.707107
    outer loop
      vertex 51.8006 33.2915 36.8271
      vertex 51.8006 35.1729 38.7085
      vertex 51.6659 33.2345 36.77
    endloop
  endfacet
  facet normal -8.21953e-14 -0.707107 0.707107
    outer loop
      vertex 49.5006 33.6989 37.2344
      vertex 49.3806 34.5607 38.0962
      vertex 49.3424 34.453 37.9885
    endloop
  endfacet
  facet normal 0.000560751 -0.707107 0.707107
    outer loop
      vertex 51.8006 35.1729 38.7085
      vertex 51.8006 33.2915 36.8271
      vertex 51.9267 35.1068 38.6423
    endloop
  endfacet
  facet normal 0.00153568 -0.706945 0.707267
    outer loop
      vertex 49.5006 33.6989 37.2344
      vertex 49.3424 34.453 37.9885
      vertex 49.3194 34.3431 37.8787
    endloop
  endfacet
  facet normal 0.000560751 -0.707107 0.707107
    outer loop
      vertex 51.9267 33.3577 36.8932
      vertex 51.9267 35.1068 38.6423
      vertex 51.8006 33.2915 36.8271
    endloop
  endfacet
  facet normal 0.000312974 -0.707118 0.707096
    outer loop
      vertex 49.5006 33.6989 37.2344
      vertex 49.3194 34.3431 37.8787
      vertex 49.3117 34.2322 37.7678
    endloop
  endfacet
  facet normal -0.00060748 -0.707107 0.707107
    outer loop
      vertex 51.9267 35.1068 38.6423
      vertex 51.9267 33.3577 36.8932
      vertex 52.0431 35.0322 38.5678
    endloop
  endfacet
  facet normal 0.000465605 -0.707091 0.707123
    outer loop
      vertex 49.5006 33.6989 37.2344
      vertex 49.3117 34.2322 37.7678
      vertex 49.3194 34.1213 37.6569
    endloop
  endfacet
  facet normal -0.00060748 -0.707107 0.707107
    outer loop
      vertex 52.0431 33.4322 36.9678
      vertex 52.0431 35.0322 38.5678
      vertex 51.9267 33.3577 36.8932
    endloop
  endfacet
  facet normal -0.00216952 -0.707654 0.706556
    outer loop
      vertex 49.5006 33.6989 37.2344
      vertex 49.3194 34.1213 37.6569
      vertex 49.3424 34.0115 37.547
    endloop
  endfacet
  facet normal 3.20157e-14 -0.707107 0.707107
    outer loop
      vertex 50.7549 35.3582 38.8937
      vertex 50.7549 33.1063 36.6418
      vertex 50.9117 33.1009 36.6364
    endloop
  endfacet
  facet normal 3.08053e-13 -0.707107 0.707107
    outer loop
      vertex 49.5006 33.6989 37.2344
      vertex 49.3424 34.0115 37.547
      vertex 49.3806 33.9038 37.4393
    endloop
  endfacet
  facet normal 0.000670879 -0.707107 0.707107
    outer loop
      vertex 52.0431 35.0322 38.5678
      vertex 52.0431 33.4322 36.9678
      vertex 52.1485 34.95 38.4855
    endloop
  endfacet
  facet normal -2.9714e-13 -0.707107 0.707107
    outer loop
      vertex 49.5006 33.6989 37.2344
      vertex 49.3806 33.9038 37.4393
      vertex 49.4335 33.7993 37.3348
    endloop
  endfacet
  facet normal 0.000670879 -0.707107 0.707107
    outer loop
      vertex 52.1485 33.5145 37.05
      vertex 52.1485 34.95 38.4855
      vertex 52.0431 33.4322 36.9678
    endloop
  endfacet
  facet normal 0 -0.707107 0.707107
    outer loop
      vertex 49.5006 34.7656 38.3011
      vertex 49.5006 33.6989 37.2344
      vertex 49.5813 33.6037 37.1392
    endloop
  endfacet
  facet normal 0 -0.707107 0.707107
    outer loop
      vertex 52.1485 34.95 38.4855
      vertex 52.1485 33.5145 37.05
      vertex 52.242 34.8608 38.3963
    endloop
  endfacet
  facet normal 0 -0.707107 0.707107
    outer loop
      vertex 49.5813 34.8608 38.3963
      vertex 49.5813 33.6037 37.1392
      vertex 49.6749 33.5145 37.05
    endloop
  endfacet
  facet normal 0 -0.707107 0.707107
    outer loop
      vertex 52.242 33.6037 37.1392
      vertex 52.242 34.8608 38.3963
      vertex 52.1485 33.5145 37.05
    endloop
  endfacet
  facet normal -0.000670879 -0.707107 0.707107
    outer loop
      vertex 49.6749 34.95 38.4855
      vertex 49.6749 33.5145 37.05
      vertex 49.7803 33.4322 36.9678
    endloop
  endfacet
  facet normal 0 -0.707107 0.707107
    outer loop
      vertex 52.242 34.8608 38.3963
      vertex 52.242 33.6037 37.1392
      vertex 52.3228 34.7656 38.3011
    endloop
  endfacet
  facet normal 0.00060748 -0.707107 0.707107
    outer loop
      vertex 49.7803 35.0322 38.5678
      vertex 49.7803 33.4322 36.9678
      vertex 49.8967 33.3577 36.8932
    endloop
  endfacet
  facet normal -3.27786e-14 -0.707107 0.707107
    outer loop
      vertex 50.5995 35.3419 38.8774
      vertex 50.5995 33.1226 36.6581
      vertex 50.7549 33.1063 36.6418
    endloop
  endfacet
  facet normal -0.000560751 -0.707107 0.707107
    outer loop
      vertex 49.8967 35.1068 38.6423
      vertex 49.8967 33.3577 36.8932
      vertex 50.0228 33.2915 36.8271
    endloop
  endfacet
  facet normal 0 -0.707107 0.707107
    outer loop
      vertex 52.3228 34.7656 38.3011
      vertex 52.3228 33.6989 37.2344
      vertex 52.3899 34.6652 38.2007
    endloop
  endfacet
  facet normal 0.000524949 -0.707107 0.707107
    outer loop
      vertex 50.0228 35.1729 38.7085
      vertex 50.0228 33.2915 36.8271
      vertex 50.1575 33.2345 36.77
    endloop
  endfacet
  facet normal 3.54871e-14 -0.707107 0.707107
    outer loop
      vertex 50.1575 35.23 38.7655
      vertex 50.1575 33.2345 36.77
      vertex 50.2994 33.187 36.7225
    endloop
  endfacet
  facet normal 0 -0.707107 0.707107
    outer loop
      vertex 50.2994 35.2775 38.813
      vertex 50.2994 33.187 36.7225
      vertex 50.4472 33.1496 36.6851
    endloop
  endfacet
  facet normal 2.9714e-13 -0.707107 0.707107
    outer loop
      vertex 52.4428 33.9038 37.4393
      vertex 52.3228 33.6989 37.2344
      vertex 52.3899 33.7993 37.3348
    endloop
  endfacet
  facet normal 0 -0.707107 0.707107
    outer loop
      vertex 50.4472 35.3149 38.8504
      vertex 50.4472 33.1496 36.6851
      vertex 50.5995 33.1226 36.6581
    endloop
  endfacet
  facet normal -3.0682e-13 -0.707107 0.707107
    outer loop
      vertex 52.4809 34.0115 37.547
      vertex 52.3228 33.6989 37.2344
      vertex 52.4428 33.9038 37.4393
    endloop
  endfacet
  facet normal -8.33946e-14 -0.707107 0.707107
    outer loop
      vertex 52.3899 34.6652 38.2007
      vertex 52.3228 33.6989 37.2344
      vertex 52.4428 34.5607 38.0962
    endloop
  endfacet
  facet normal 0.00217855 -0.707656 0.706554
    outer loop
      vertex 52.504 34.1213 37.6569
      vertex 52.3228 33.6989 37.2344
      vertex 52.4809 34.0115 37.547
    endloop
  endfacet
  facet normal -0.000312974 -0.707118 0.707096
    outer loop
      vertex 52.504 34.3431 37.8787
      vertex 52.3228 33.6989 37.2344
      vertex 52.5117 34.2322 37.7678
    endloop
  endfacet
  facet normal -0.000465605 -0.707091 0.707123
    outer loop
      vertex 52.5117 34.2322 37.7678
      vertex 52.3228 33.6989 37.2344
      vertex 52.504 34.1213 37.6569
    endloop
  endfacet
  facet normal -0.00153284 -0.706945 0.707267
    outer loop
      vertex 52.4809 34.453 37.9885
      vertex 52.3228 33.6989 37.2344
      vertex 52.504 34.3431 37.8787
    endloop
  endfacet
  facet normal 8.2779e-14 -0.707107 0.707107
    outer loop
      vertex 52.4428 34.5607 38.0962
      vertex 52.3228 33.6989 37.2344
      vertex 52.4809 34.453 37.9885
    endloop
  endfacet
  facet normal 0 -0.707107 0.707107
    outer loop
      vertex 52.3228 33.6989 37.2344
      vertex 52.3228 34.7656 38.3011
      vertex 52.242 33.6037 37.1392
    endloop
  endfacet
  facet normal 3.18629e-14 -0.707107 0.707107
    outer loop
      vertex 50.9117 -38.8991 -35.3636
      vertex 50.9117 -36.6364 -33.1009
      vertex 50.7549 -36.6418 -33.1063
    endloop
  endfacet
  facet normal -3.23041e-14 -0.707107 0.707107
    outer loop
      vertex 50.7549 -38.8937 -35.3582
      vertex 50.7549 -36.6418 -33.1063
      vertex 50.5995 -36.6581 -33.1226
    endloop
  endfacet
  facet normal -3.20426e-14 -0.707107 0.707107
    outer loop
      vertex 50.9117 -36.6364 -33.1009
      vertex 50.9117 -38.8991 -35.3636
      vertex 51.0685 -36.6418 -33.1063
    endloop
  endfacet
  facet normal 0 -0.707107 0.707107
    outer loop
      vertex 50.5995 -38.8774 -35.3419
      vertex 50.5995 -36.6581 -33.1226
      vertex 50.4472 -36.6851 -33.1496
    endloop
  endfacet
  facet normal -3.20435e-14 -0.707107 0.707107
    outer loop
      vertex 51.0685 -38.8937 -35.3582
      vertex 51.0685 -36.6418 -33.1063
      vertex 50.9117 -38.8991 -35.3636
    endloop
  endfacet
  facet normal 0 -0.707107 0.707107
    outer loop
      vertex 50.4472 -38.8504 -35.3149
      vertex 50.4472 -36.6851 -33.1496
      vertex 50.2994 -36.7225 -33.187
    endloop
  endfacet
  facet normal 3.23389e-14 -0.707107 0.707107
    outer loop
      vertex 51.0685 -36.6418 -33.1063
      vertex 51.0685 -38.8937 -35.3582
      vertex 51.2238 -36.6581 -33.1226
    endloop
  endfacet
  facet normal 3.59916e-14 -0.707107 0.707107
    outer loop
      vertex 50.2994 -38.813 -35.2775
      vertex 50.2994 -36.7225 -33.187
      vertex 50.1575 -36.77 -33.2345
    endloop
  endfacet
  facet normal 3.23584e-14 -0.707107 0.707107
    outer loop
      vertex 51.2238 -38.8774 -35.3419
      vertex 51.2238 -36.6581 -33.1226
      vertex 51.0685 -38.8937 -35.3582
    endloop
  endfacet
  facet normal 0.000524949 -0.707107 0.707107
    outer loop
      vertex 50.1575 -38.7655 -35.23
      vertex 50.1575 -36.77 -33.2345
      vertex 50.0228 -36.8271 -33.2915
    endloop
  endfacet
  facet normal 0 -0.707107 0.707107
    outer loop
      vertex 51.2238 -36.6581 -33.1226
      vertex 51.2238 -38.8774 -35.3419
      vertex 51.3761 -36.6851 -33.1496
    endloop
  endfacet
  facet normal -0.000560751 -0.707107 0.707107
    outer loop
      vertex 50.0228 -38.7085 -35.1729
      vertex 50.0228 -36.8271 -33.2915
      vertex 49.8967 -36.8932 -33.3577
    endloop
  endfacet
  facet normal 0 -0.707107 0.707107
    outer loop
      vertex 51.3761 -38.8504 -35.3149
      vertex 51.3761 -36.6851 -33.1496
      vertex 51.2238 -38.8774 -35.3419
    endloop
  endfacet
  facet normal 0.00060748 -0.707107 0.707107
    outer loop
      vertex 49.8967 -38.6423 -35.1068
      vertex 49.8967 -36.8932 -33.3577
      vertex 49.7803 -36.9678 -33.4322
    endloop
  endfacet
  facet normal 0 -0.707107 0.707107
    outer loop
      vertex 51.3761 -36.6851 -33.1496
      vertex 51.3761 -38.8504 -35.3149
      vertex 51.524 -36.7225 -33.187
    endloop
  endfacet
  facet normal -0.000670879 -0.707107 0.707107
    outer loop
      vertex 49.7803 -38.5678 -35.0322
      vertex 49.7803 -36.9678 -33.4322
      vertex 49.6749 -37.05 -33.5145
    endloop
  endfacet
  facet normal 0 -0.707107 0.707107
    outer loop
      vertex 51.524 -38.813 -35.2775
      vertex 51.524 -36.7225 -33.187
      vertex 51.3761 -38.8504 -35.3149
    endloop
  endfacet
  facet normal 0 -0.707107 0.707107
    outer loop
      vertex 49.6749 -38.4855 -34.95
      vertex 49.6749 -37.05 -33.5145
      vertex 49.5813 -37.1392 -33.6037
    endloop
  endfacet
  facet normal -3.53962e-14 -0.707107 0.707107
    outer loop
      vertex 51.524 -36.7225 -33.187
      vertex 51.524 -38.813 -35.2775
      vertex 51.6659 -36.77 -33.2345
    endloop
  endfacet
  facet normal 0 -0.707107 0.707107
    outer loop
      vertex 49.5813 -38.3963 -34.8608
      vertex 49.5813 -37.1392 -33.6037
      vertex 49.5006 -37.2344 -33.6989
    endloop
  endfacet
  facet normal -3.53832e-14 -0.707107 0.707107
    outer loop
      vertex 51.6659 -38.7655 -35.23
      vertex 51.6659 -36.77 -33.2345
      vertex 51.524 -38.813 -35.2775
    endloop
  endfacet
  facet normal 0 -0.707107 0.707107
    outer loop
      vertex 49.5006 -38.3011 -34.7656
      vertex 49.5006 -37.2344 -33.6989
      vertex 49.4335 -37.3348 -33.7993
    endloop
  endfacet
  facet normal -0.000524949 -0.707107 0.707107
    outer loop
      vertex 51.6659 -36.77 -33.2345
      vertex 51.6659 -38.7655 -35.23
      vertex 51.8006 -36.8271 -33.2915
    endloop
  endfacet
  facet normal 8.37322e-14 -0.707107 0.707107
    outer loop
      vertex 49.5006 -38.3011 -34.7656
      vertex 49.4335 -37.3348 -33.7993
      vertex 49.3806 -37.4393 -33.9038
    endloop
  endfacet
  facet normal -0.000524949 -0.707107 0.707107
    outer loop
      vertex 51.8006 -38.7085 -35.1729
      vertex 51.8006 -36.8271 -33.2915
      vertex 51.6659 -38.7655 -35.23
    endloop
  endfacet
  facet normal -8.21953e-14 -0.707107 0.707107
    outer loop
      vertex 49.5006 -38.3011 -34.7656
      vertex 49.3806 -37.4393 -33.9038
      vertex 49.3424 -37.547 -34.0115
    endloop
  endfacet
  facet normal 0.000560751 -0.707107 0.707107
    outer loop
      vertex 51.8006 -36.8271 -33.2915
      vertex 51.8006 -38.7085 -35.1729
      vertex 51.9267 -36.8932 -33.3577
    endloop
  endfacet
  facet normal 0.00153568 -0.706945 0.707267
    outer loop
      vertex 49.5006 -38.3011 -34.7656
      vertex 49.3424 -37.547 -34.0115
      vertex 49.3194 -37.6569 -34.1213
    endloop
  endfacet
  facet normal 0.000560751 -0.707107 0.707107
    outer loop
      vertex 51.9267 -38.6423 -35.1068
      vertex 51.9267 -36.8932 -33.3577
      vertex 51.8006 -38.7085 -35.1729
    endloop
  endfacet
  facet normal 0.000312974 -0.707118 0.707096
    outer loop
      vertex 49.5006 -38.3011 -34.7656
      vertex 49.3194 -37.6569 -34.1213
      vertex 49.3117 -37.7678 -34.2322
    endloop
  endfacet
  facet normal -0.00060748 -0.707107 0.707107
    outer loop
      vertex 51.9267 -36.8932 -33.3577
      vertex 51.9267 -38.6423 -35.1068
      vertex 52.0431 -36.9678 -33.4322
    endloop
  endfacet
  facet normal 0.000465605 -0.707091 0.707123
    outer loop
      vertex 49.5006 -38.3011 -34.7656
      vertex 49.3117 -37.7678 -34.2322
      vertex 49.3194 -37.8787 -34.3431
    endloop
  endfacet
  facet normal -0.00060748 -0.707107 0.707107
    outer loop
      vertex 52.0431 -38.5678 -35.0322
      vertex 52.0431 -36.9678 -33.4322
      vertex 51.9267 -38.6423 -35.1068
    endloop
  endfacet
  facet normal -0.00216952 -0.707654 0.706556
    outer loop
      vertex 49.5006 -38.3011 -34.7656
      vertex 49.3194 -37.8787 -34.3431
      vertex 49.3424 -37.9885 -34.453
    endloop
  endfacet
  facet normal 3.20157e-14 -0.707107 0.707107
    outer loop
      vertex 50.7549 -36.6418 -33.1063
      vertex 50.7549 -38.8937 -35.3582
      vertex 50.9117 -38.8991 -35.3636
    endloop
  endfacet
  facet normal 3.08053e-13 -0.707107 0.707107
    outer loop
      vertex 49.5006 -38.3011 -34.7656
      vertex 49.3424 -37.9885 -34.453
      vertex 49.3806 -38.0962 -34.5607
    endloop
  endfacet
  facet normal 0.000670879 -0.707107 0.707107
    outer loop
      vertex 52.0431 -36.9678 -33.4322
      vertex 52.0431 -38.5678 -35.0322
      vertex 52.1485 -37.05 -33.5145
    endloop
  endfacet
  facet normal -2.9714e-13 -0.707107 0.707107
    outer loop
      vertex 49.5006 -38.3011 -34.7656
      vertex 49.3806 -38.0962 -34.5607
      vertex 49.4335 -38.2007 -34.6652
    endloop
  endfacet
  facet normal 0.000670879 -0.707107 0.707107
    outer loop
      vertex 52.1485 -38.4855 -34.95
      vertex 52.1485 -37.05 -33.5145
      vertex 52.0431 -38.5678 -35.0322
    endloop
  endfacet
  facet normal 0 -0.707107 0.707107
    outer loop
      vertex 49.5006 -37.2344 -33.6989
      vertex 49.5006 -38.3011 -34.7656
      vertex 49.5813 -38.3963 -34.8608
    endloop
  endfacet
  facet normal 0 -0.707107 0.707107
    outer loop
      vertex 52.1485 -37.05 -33.5145
      vertex 52.1485 -38.4855 -34.95
      vertex 52.242 -37.1392 -33.6037
    endloop
  endfacet
  facet normal 0 -0.707107 0.707107
    outer loop
      vertex 49.5813 -37.1392 -33.6037
      vertex 49.5813 -38.3963 -34.8608
      vertex 49.6749 -38.4855 -34.95
    endloop
  endfacet
  facet normal 0 -0.707107 0.707107
    outer loop
      vertex 52.242 -38.3963 -34.8608
      vertex 52.242 -37.1392 -33.6037
      vertex 52.1485 -38.4855 -34.95
    endloop
  endfacet
  facet normal -0.000670879 -0.707107 0.707107
    outer loop
      vertex 49.6749 -37.05 -33.5145
      vertex 49.6749 -38.4855 -34.95
      vertex 49.7803 -38.5678 -35.0322
    endloop
  endfacet
  facet normal 0 -0.707107 0.707107
    outer loop
      vertex 52.242 -37.1392 -33.6037
      vertex 52.242 -38.3963 -34.8608
      vertex 52.3228 -37.2344 -33.6989
    endloop
  endfacet
  facet normal 0.00060748 -0.707107 0.707107
    outer loop
      vertex 49.7803 -36.9678 -33.4322
      vertex 49.7803 -38.5678 -35.0322
      vertex 49.8967 -38.6423 -35.1068
    endloop
  endfacet
  facet normal -3.27786e-14 -0.707107 0.707107
    outer loop
      vertex 50.5995 -36.6581 -33.1226
      vertex 50.5995 -38.8774 -35.3419
      vertex 50.7549 -38.8937 -35.3582
    endloop
  endfacet
  facet normal -0.000560751 -0.707107 0.707107
    outer loop
      vertex 49.8967 -36.8932 -33.3577
      vertex 49.8967 -38.6423 -35.1068
      vertex 50.0228 -38.7085 -35.1729
    endloop
  endfacet
  facet normal 0 -0.707107 0.707107
    outer loop
      vertex 52.3228 -37.2344 -33.6989
      vertex 52.3228 -38.3011 -34.7656
      vertex 52.3899 -37.3348 -33.7993
    endloop
  endfacet
  facet normal 0.000524949 -0.707107 0.707107
    outer loop
      vertex 50.0228 -36.8271 -33.2915
      vertex 50.0228 -38.7085 -35.1729
      vertex 50.1575 -38.7655 -35.23
    endloop
  endfacet
  facet normal 3.54871e-14 -0.707107 0.707107
    outer loop
      vertex 50.1575 -36.77 -33.2345
      vertex 50.1575 -38.7655 -35.23
      vertex 50.2994 -38.813 -35.2775
    endloop
  endfacet
  facet normal 0 -0.707107 0.707107
    outer loop
      vertex 50.2994 -36.7225 -33.187
      vertex 50.2994 -38.813 -35.2775
      vertex 50.4472 -38.8504 -35.3149
    endloop
  endfacet
  facet normal 2.9714e-13 -0.707107 0.707107
    outer loop
      vertex 52.4428 -38.0962 -34.5607
      vertex 52.3228 -38.3011 -34.7656
      vertex 52.3899 -38.2007 -34.6652
    endloop
  endfacet
  facet normal 0 -0.707107 0.707107
    outer loop
      vertex 50.4472 -36.6851 -33.1496
      vertex 50.4472 -38.8504 -35.3149
      vertex 50.5995 -38.8774 -35.3419
    endloop
  endfacet
  facet normal -3.0682e-13 -0.707107 0.707107
    outer loop
      vertex 52.4809 -37.9885 -34.453
      vertex 52.3228 -38.3011 -34.7656
      vertex 52.4428 -38.0962 -34.5607
    endloop
  endfacet
  facet normal -8.33946e-14 -0.707107 0.707107
    outer loop
      vertex 52.3899 -37.3348 -33.7993
      vertex 52.3228 -38.3011 -34.7656
      vertex 52.4428 -37.4393 -33.9038
    endloop
  endfacet
  facet normal 0.00217855 -0.707656 0.706554
    outer loop
      vertex 52.504 -37.8787 -34.3431
      vertex 52.3228 -38.3011 -34.7656
      vertex 52.4809 -37.9885 -34.453
    endloop
  endfacet
  facet normal -0.000312974 -0.707118 0.707096
    outer loop
      vertex 52.504 -37.6569 -34.1213
      vertex 52.3228 -38.3011 -34.7656
      vertex 52.5117 -37.7678 -34.2322
    endloop
  endfacet
  facet normal -0.000465605 -0.707091 0.707123
    outer loop
      vertex 52.5117 -37.7678 -34.2322
      vertex 52.3228 -38.3011 -34.7656
      vertex 52.504 -37.8787 -34.3431
    endloop
  endfacet
  facet normal -0.00153284 -0.706945 0.707267
    outer loop
      vertex 52.4809 -37.547 -34.0115
      vertex 52.3228 -38.3011 -34.7656
      vertex 52.504 -37.6569 -34.1213
    endloop
  endfacet
  facet normal 8.2779e-14 -0.707107 0.707107
    outer loop
      vertex 52.4428 -37.4393 -33.9038
      vertex 52.3228 -38.3011 -34.7656
      vertex 52.4809 -37.547 -34.0115
    endloop
  endfacet
  facet normal 0 -0.707107 0.707107
    outer loop
      vertex 52.3228 -38.3011 -34.7656
      vertex 52.3228 -37.2344 -33.6989
      vertex 52.242 -38.3963 -34.8608
    endloop
  endfacet
  facet normal 0.671555 -0.523934 -0.523934
    outer loop
      vertex 51.3689 -41.2803 -37.759
      vertex 53.7401 -29.1612 -46.8388
      vertex 53.7401 -39.7607 -36.2393
    endloop
  endfacet
  facet normal 0.671558 -0.523932 -0.523931
    outer loop
      vertex 53.7401 -29.1612 -46.8388
      vertex 51.3689 -41.2803 -37.759
      vertex 48.2139 -32.7028 -50.3805
    endloop
  endfacet
  facet normal 0.671561 -0.52393 -0.52393
    outer loop
      vertex 48.2139 -43.3094 -39.7739
      vertex 51.3689 -41.2803 -37.759
      vertex 51.3689 -41.2874 -37.7519
    endloop
  endfacet
  facet normal 0.671561 -0.52393 -0.52393
    outer loop
      vertex 51.3689 -41.2803 -37.759
      vertex 48.2139 -43.3094 -39.7739
      vertex 48.2139 -32.7028 -50.3805
    endloop
  endfacet
  facet normal -0.989176 -0.103758 -0.103758
    outer loop
      vertex 66.6774 6.41144 2.87591
      vertex 65.7126 7.47486 11.0104
      vertex 65.7126 11.0104 7.47486
    endloop
  endfacet
  facet normal -0.989176 -0.103758 -0.103758
    outer loop
      vertex 65.7126 7.47486 11.0104
      vertex 66.6774 6.41144 2.87591
      vertex 66.6774 2.87591 6.41144
    endloop
  endfacet
  facet normal -0.998796 -0.0346936 -0.0346936
    outer loop
      vertex 67 1.76777 -1.76777
      vertex 66.6774 2.87591 6.41144
      vertex 66.6774 6.41144 2.87591
    endloop
  endfacet
  facet normal -0.998796 -0.0346936 -0.0346936
    outer loop
      vertex 66.6774 2.87591 6.41144
      vertex 67 1.76777 -1.76777
      vertex 67 -1.76777 1.76777
    endloop
  endfacet
  facet normal -0.970031 -0.171813 -0.171813
    outer loop
      vertex 65.7126 11.0104 7.47486
      vertex 64.115 11.9848 15.5203
      vertex 64.115 15.5203 11.9848
    endloop
  endfacet
  facet normal -0.970031 -0.171813 -0.171813
    outer loop
      vertex 64.115 11.9848 15.5203
      vertex 65.7126 11.0104 7.47486
      vertex 65.7126 7.47486 11.0104
    endloop
  endfacet
  facet normal -0.336892 0.665772 0.665772
    outer loop
      vertex 25.6398 -42.0021 -45.5376
      vertex 19.4491 -47.1039 -43.5684
      vertex 25.6398 -45.5376 -42.0021
    endloop
  endfacet
  facet normal -0.336892 0.665772 0.665772
    outer loop
      vertex 19.4491 -47.1039 -43.5684
      vertex 25.6398 -42.0021 -45.5376
      vertex 19.4491 -43.5684 -47.1039
    endloop
  endfacet
  facet normal 0.0490614 -0.706255 -0.706255
    outer loop
      vertex -6.56715 45.3803 48.9158
      vertex 0 49.1439 45.6084
      vertex 0 45.6084 49.1439
    endloop
  endfacet
  facet normal 0.0490614 -0.706255 -0.706255
    outer loop
      vertex 0 49.1439 45.6084
      vertex -6.56715 45.3803 48.9158
      vertex -6.56715 48.9158 45.3803
    endloop
  endfacet
  facet normal 0.803206 0.421224 0.421224
    outer loop
      vertex -55.7085 -28.0885 -24.553
      vertex -51.7917 -28.2873 -31.8229
      vertex -55.7085 -24.553 -28.0885
    endloop
  endfacet
  facet normal 0.803206 0.421224 0.421224
    outer loop
      vertex -51.7917 -28.2873 -31.8229
      vertex -55.7085 -28.0885 -24.553
      vertex -51.7917 -31.8229 -28.2873
    endloop
  endfacet
  facet normal 0.146731 0.699453 0.699453
    outer loop
      vertex -6.56715 -48.9158 -45.3803
      vertex -13.0711 -44.6981 -48.2336
      vertex -13.0711 -48.2336 -44.6981
    endloop
  endfacet
  facet normal 0.146731 0.699453 0.699453
    outer loop
      vertex -13.0711 -44.6981 -48.2336
      vertex -6.56715 -48.9158 -45.3803
      vertex -6.56715 -45.3803 -48.9158
    endloop
  endfacet
  facet normal 0.941543 0.238219 0.238219
    outer loop
      vertex -64.115 -15.5203 -11.9848
      vertex -61.8999 -16.3623 -19.8978
      vertex -64.115 -11.9848 -15.5203
    endloop
  endfacet
  facet normal 0.941543 0.238219 0.238219
    outer loop
      vertex -61.8999 -16.3623 -19.8978
      vertex -64.115 -15.5203 -11.9848
      vertex -61.8999 -19.8978 -16.3623
    endloop
  endfacet
  facet normal 0.803206 -0.421224 -0.421224
    outer loop
      vertex -51.7917 28.2873 31.8229
      vertex -55.7085 28.0885 24.553
      vertex -51.7917 31.8229 28.2873
    endloop
  endfacet
  facet normal 0.803206 -0.421224 -0.421224
    outer loop
      vertex -55.7085 28.0885 24.553
      vertex -51.7917 28.2873 31.8229
      vertex -55.7085 24.553 28.0885
    endloop
  endfacet
  facet normal -0.514104 0.606505 0.606505
    outer loop
      vertex 37.2232 -37.6241 -41.1596
      vertex 31.5836 -43.5498 -40.0143
      vertex 37.2232 -41.1596 -37.6241
    endloop
  endfacet
  facet normal -0.514104 0.606505 0.606505
    outer loop
      vertex 31.5836 -43.5498 -40.0143
      vertex 37.2232 -37.6241 -41.1596
      vertex 31.5836 -40.0143 -43.5498
    endloop
  endfacet
  facet normal -0.336892 -0.665772 -0.665772
    outer loop
      vertex 19.4491 47.1039 43.5684
      vertex 25.6398 42.0021 45.5376
      vertex 19.4491 43.5684 47.1039
    endloop
  endfacet
  facet normal -0.336892 -0.665772 -0.665772
    outer loop
      vertex 25.6398 42.0021 45.5376
      vertex 19.4491 47.1039 43.5684
      vertex 25.6398 45.5376 42.0021
    endloop
  endfacet
  facet normal 0.970024 -0.171832 -0.171832
    outer loop
      vertex -64.115 11.9848 15.5203
      vertex -64.478 14.4957 10.9602
      vertex -64.115 15.5203 11.9848
    endloop
  endfacet
  facet normal 0.970024 -0.171832 -0.171832
    outer loop
      vertex -64.478 14.4957 10.9602
      vertex -64.115 11.9848 15.5203
      vertex -64.478 10.9602 14.4957
    endloop
  endfacet
  facet normal 0.970024 0.171832 0.171832
    outer loop
      vertex -64.478 -14.4957 -10.9602
      vertex -64.115 -11.9848 -15.5203
      vertex -64.478 -10.9602 -14.4957
    endloop
  endfacet
  facet normal 0.970024 0.171832 0.171832
    outer loop
      vertex -64.115 -11.9848 -15.5203
      vertex -64.478 -14.4957 -10.9602
      vertex -64.115 -15.5203 -11.9848
    endloop
  endfacet
  facet normal -0.595707 0.56795 0.56795
    outer loop
      vertex 37.2232 -37.6241 -41.1596
      vertex 42.5043 -38.39 -34.8545
      vertex 42.5043 -34.8545 -38.39
    endloop
  endfacet
  facet normal -0.595707 0.56795 0.56795
    outer loop
      vertex 42.5043 -38.39 -34.8545
      vertex 37.2232 -37.6241 -41.1596
      vertex 37.2232 -41.1596 -37.6241
    endloop
  endfacet
  facet normal 0.427551 -0.639218 -0.639218
    outer loop
      vertex -31.5836 40.0143 43.5498
      vertex -25.6398 45.5376 42.0021
      vertex -25.6398 42.0021 45.5376
    endloop
  endfacet
  facet normal 0.427551 -0.639218 -0.639218
    outer loop
      vertex -25.6398 45.5376 42.0021
      vertex -31.5836 40.0143 43.5498
      vertex -31.5836 43.5498 40.0143
    endloop
  endfacet
  facet normal 0.90399 0.302326 0.302326
    outer loop
      vertex -61.8999 -19.8978 -16.3623
      vertex -59.0887 -20.5652 -24.1007
      vertex -61.8999 -16.3623 -19.8978
    endloop
  endfacet
  facet normal 0.90399 0.302326 0.302326
    outer loop
      vertex -59.0887 -20.5652 -24.1007
      vertex -61.8999 -19.8978 -16.3623
      vertex -59.0887 -24.1007 -20.5652
    endloop
  endfacet
  facet normal 0.67155 -0.523937 -0.523937
    outer loop
      vertex -42.5043 34.8545 38.39
      vertex -47.3762 35.2678 31.7322
      vertex -42.5043 38.39 34.8545
    endloop
  endfacet
  facet normal 0.67155 -0.523937 -0.523937
    outer loop
      vertex -47.3762 35.2678 31.7322
      vertex -42.5043 34.8545 38.39
      vertex -47.3762 31.7322 35.2678
    endloop
  endfacet
  facet normal 0.514104 -0.606505 -0.606505
    outer loop
      vertex -37.2232 37.6241 41.1596
      vertex -31.5836 43.5498 40.0143
      vertex -31.5836 40.0143 43.5498
    endloop
  endfacet
  facet normal 0.514104 -0.606505 -0.606505
    outer loop
      vertex -31.5836 43.5498 40.0143
      vertex -37.2232 37.6241 41.1596
      vertex -37.2232 41.1596 37.6241
    endloop
  endfacet
  facet normal 0 -0.707107 0.707107
    outer loop
      vertex -64.478 -10.9602 -14.4957
      vertex -64.115 -11.9848 -15.5203
      vertex -57 -10.9602 -14.4957
    endloop
  endfacet
  facet normal 0 -0.707107 0.707107
    outer loop
      vertex -5.35174 40.1899 36.6544
      vertex 0 49.1439 45.6084
      vertex -6.56715 48.9158 45.3803
    endloop
  endfacet
  facet normal 8.3774e-07 -0.707111 0.707103
    outer loop
      vertex -10.6519 39.634 36.0984
      vertex -6.56715 48.9158 45.3803
      vertex -13.0711 48.2336 44.6981
    endloop
  endfacet
  facet normal 0 -0.707107 0.707107
    outer loop
      vertex 0 49.1439 45.6084
      vertex -5.35174 40.1899 36.6544
      vertex 0 40.3758 36.8403
    endloop
  endfacet
  facet normal -1.7451e-16 -0.707107 0.707107
    outer loop
      vertex -15.8495 38.7133 35.1778
      vertex -13.0711 48.2336 44.6981
      vertex -19.4491 47.1039 43.5684
    endloop
  endfacet
  facet normal 0 -0.707107 0.707107
    outer loop
      vertex 0 49.1439 45.6084
      vertex 0 40.3758 36.8403
      vertex 6.56715 48.9158 45.3803
    endloop
  endfacet
  facet normal 6.98042e-16 -0.707107 0.707107
    outer loop
      vertex -20.8945 37.4369 33.9014
      vertex -19.4491 47.1039 43.5684
      vertex -25.6398 45.5376 42.0021
    endloop
  endfacet
  facet normal 9.67946e-17 -0.707107 0.707107
    outer loop
      vertex 13.0711 48.2336 44.6981
      vertex 0 40.3758 36.8403
      vertex 19.4491 47.1039 43.5684
    endloop
  endfacet
  facet normal 0 -0.707107 0.707107
    outer loop
      vertex -25.7383 35.817 32.2815
      vertex -25.6398 45.5376 42.0021
      vertex -31.5836 43.5498 40.0143
    endloop
  endfacet
  facet normal 2.31958e-16 -0.707107 0.707107
    outer loop
      vertex 0 22.5567 19.0212
      vertex 19.4491 47.1039 43.5684
      vertex 0 40.3758 36.8403
    endloop
  endfacet
  facet normal 2.93519e-06 -0.70711 0.707103
    outer loop
      vertex -30.3341 33.8692 30.3336
      vertex -31.5836 43.5498 40.0143
      vertex -37.2232 41.1596 37.6241
    endloop
  endfacet
  facet normal -6.33451e-16 -0.707107 0.707107
    outer loop
      vertex 19.4491 47.1039 43.5684
      vertex 0 22.5567 19.0212
      vertex 25.6398 45.5376 42.0021
    endloop
  endfacet
  facet normal 0 -0.707107 0.707107
    outer loop
      vertex 25.6398 45.5376 42.0021
      vertex 0 22.5567 19.0212
      vertex 31.5836 43.5498 40.0143
    endloop
  endfacet
  facet normal 7.11493e-16 -0.707107 0.707107
    outer loop
      vertex 6.56715 48.9158 45.3803
      vertex 0 40.3758 36.8403
      vertex 13.0711 48.2336 44.6981
    endloop
  endfacet
  facet normal -1.31491e-05 -0.707108 0.707106
    outer loop
      vertex -6.56715 48.9158 45.3803
      vertex -10.6519 39.634 36.0984
      vertex -5.35174 40.1899 36.6544
    endloop
  endfacet
  facet normal 1.43461e-05 -0.707109 0.707105
    outer loop
      vertex -13.0711 48.2336 44.6981
      vertex -15.8495 38.7133 35.1778
      vertex -10.6519 39.634 36.0984
    endloop
  endfacet
  facet normal 3.40111e-06 -0.70711 0.707104
    outer loop
      vertex -34.6379 31.6122 28.0766
      vertex -37.2232 41.1596 37.6241
      vertex -42.5043 38.39 34.8545
    endloop
  endfacet
  facet normal -2.14141e-16 -0.707107 0.707107
    outer loop
      vertex -19.4491 47.1039 43.5684
      vertex -20.8945 37.4369 33.9014
      vertex -15.8495 38.7133 35.1778
    endloop
  endfacet
  facet normal 0 -0.707107 0.707107
    outer loop
      vertex -25.6398 45.5376 42.0021
      vertex -25.7383 35.817 32.2815
      vertex -20.8945 37.4369 33.9014
    endloop
  endfacet
  facet normal -7.61356e-06 -0.707112 0.707101
    outer loop
      vertex -38.608 29.0678 25.5322
      vertex -42.5043 38.39 34.8545
      vertex -47.3762 35.2678 31.7322
    endloop
  endfacet
  facet normal -1.16527e-05 -0.707111 0.707102
    outer loop
      vertex -31.5836 43.5498 40.0143
      vertex -30.3341 33.8692 30.3336
      vertex -25.7383 35.817 32.2815
    endloop
  endfacet
  facet normal -4.23038e-06 -0.707104 0.707109
    outer loop
      vertex -42.2064 26.2604 22.7249
      vertex -47.3762 35.2678 31.7322
      vertex -51.7917 31.8229 28.2873
    endloop
  endfacet
  facet normal 3.40102e-06 -0.70711 0.707104
    outer loop
      vertex -37.2232 41.1596 37.6241
      vertex -34.6379 31.6122 28.0766
      vertex -30.3341 33.8692 30.3336
    endloop
  endfacet
  facet normal 3.8342e-06 -0.70711 0.707104
    outer loop
      vertex -42.5043 38.39 34.8545
      vertex -38.608 29.0678 25.5322
      vertex -34.6379 31.6122 28.0766
    endloop
  endfacet
  facet normal 1.36427e-05 -0.707104 0.707109
    outer loop
      vertex -54.6 24.8194 21.2839
      vertex -51.7917 31.8229 28.2873
      vertex -55.7085 28.0885 24.553
    endloop
  endfacet
  facet normal 9.3426e-06 -0.7071 0.707113
    outer loop
      vertex -47.3762 35.2678 31.7322
      vertex -42.2064 26.2604 22.7249
      vertex -38.608 29.0678 25.5322
    endloop
  endfacet
  facet normal 0 -0.707102 0.707112
    outer loop
      vertex -51.7917 31.8229 28.2873
      vertex -54.6 24.8194 21.2839
      vertex -43.7178 24.8194 21.2839
    endloop
  endfacet
  facet normal 6.49525e-16 -0.707107 0.707107
    outer loop
      vertex -59.0887 24.1007 20.5652
      vertex -54.6 24.8194 21.2839
      vertex -55.7085 28.0885 24.553
    endloop
  endfacet
  facet normal 3.86472e-16 -0.707107 0.707107
    outer loop
      vertex -59.0887 24.1007 20.5652
      vertex -54.6 22.5567 19.0212
      vertex -54.6 24.8194 21.2839
    endloop
  endfacet
  facet normal 0 -0.70712 0.707093
    outer loop
      vertex -54.6 22.5567 19.0212
      vertex -48.1529 19.9675 16.4319
      vertex -45.9581 22.5567 19.0212
    endloop
  endfacet
  facet normal 0 -0.707107 0.707107
    outer loop
      vertex -61.8999 19.8978 16.3623
      vertex -54.6 22.5567 19.0212
      vertex -59.0887 24.1007 20.5652
    endloop
  endfacet
  facet normal 0 -0.707107 0.707107
    outer loop
      vertex -54.6 22.5567 19.0212
      vertex -61.8999 19.8978 16.3623
      vertex -57 14.4957 10.9602
    endloop
  endfacet
  facet normal 1.51812e-05 -0.707102 0.707112
    outer loop
      vertex -54.6 22.5567 19.0212
      vertex -50.4438 16.5424 13.0069
      vertex -48.1529 19.9675 16.4319
    endloop
  endfacet
  facet normal -2.06743e-16 -0.707107 0.707107
    outer loop
      vertex -57 14.4957 10.9602
      vertex -61.8999 19.8978 16.3623
      vertex -64.115 15.5203 11.9848
    endloop
  endfacet
  facet normal 0 -0.707107 0.707107
    outer loop
      vertex -57 14.4957 10.9602
      vertex -64.115 15.5203 11.9848
      vertex -64.478 14.4957 10.9602
    endloop
  endfacet
  facet normal 2.09619e-16 -0.707107 0.707107
    outer loop
      vertex -54.6 22.5567 19.0212
      vertex -57 14.4957 10.9602
      vertex -50.4438 16.5424 13.0069
    endloop
  endfacet
  facet normal 3.67438e-06 -0.707113 0.707101
    outer loop
      vertex -57 14.4957 10.9602
      vertex -52.2489 12.9751 9.43955
      vertex -50.4438 16.5424 13.0069
    endloop
  endfacet
  facet normal 7.78982e-06 -0.707106 0.707107
    outer loop
      vertex -57 14.4957 10.9602
      vertex -53.5509 9.29982 5.76429
      vertex -52.2489 12.9751 9.43955
    endloop
  endfacet
  facet normal 2.51373e-06 -0.707108 0.707106
    outer loop
      vertex -57 14.4957 10.9602
      vertex -54.3371 5.55202 2.01648
      vertex -53.5509 9.29982 5.76429
    endloop
  endfacet
  facet normal 8.61213e-06 -0.707107 0.707106
    outer loop
      vertex -57 14.4957 10.9602
      vertex -54.6 1.76777 -1.76777
      vertex -54.3371 5.55202 2.01648
    endloop
  endfacet
  facet normal 1.17851e-05 -0.707107 0.707107
    outer loop
      vertex -57 -10.9602 -14.4957
      vertex -54.6 1.76777 -1.76777
      vertex -57 14.4957 10.9602
    endloop
  endfacet
  facet normal 8.61213e-06 -0.707106 0.707107
    outer loop
      vertex -54.6 1.76777 -1.76777
      vertex -57 -10.9602 -14.4957
      vertex -54.3371 -2.01648 -5.55202
    endloop
  endfacet
  facet normal 2.51373e-06 -0.707106 0.707108
    outer loop
      vertex -57 -10.9602 -14.4957
      vertex -53.5509 -5.76429 -9.29982
      vertex -54.3371 -2.01648 -5.55202
    endloop
  endfacet
  facet normal 7.78982e-06 -0.707107 0.707106
    outer loop
      vertex -57 -10.9602 -14.4957
      vertex -52.2489 -9.43955 -12.9751
      vertex -53.5509 -5.76429 -9.29982
    endloop
  endfacet
  facet normal 3.67438e-06 -0.707101 0.707113
    outer loop
      vertex -57 -10.9602 -14.4957
      vertex -50.4438 -13.0069 -16.5424
      vertex -52.2489 -9.43955 -12.9751
    endloop
  endfacet
  facet normal -2.25537e-16 -0.707107 0.707107
    outer loop
      vertex -61.8999 -16.3623 -19.8978
      vertex -57 -10.9602 -14.4957
      vertex -64.115 -11.9848 -15.5203
    endloop
  endfacet
  facet normal 0 -0.707107 0.707107
    outer loop
      vertex -54.6 -19.0212 -22.5567
      vertex -57 -10.9602 -14.4957
      vertex -61.8999 -16.3623 -19.8978
    endloop
  endfacet
  facet normal 2.09619e-16 -0.707107 0.707107
    outer loop
      vertex -57 -10.9602 -14.4957
      vertex -54.6 -19.0212 -22.5567
      vertex -50.4438 -13.0069 -16.5424
    endloop
  endfacet
  facet normal 1.51812e-05 -0.707112 0.707102
    outer loop
      vertex -50.4438 -13.0069 -16.5424
      vertex -54.6 -19.0212 -22.5567
      vertex -48.1529 -16.4319 -19.9675
    endloop
  endfacet
  facet normal 0 -0.707107 0.707107
    outer loop
      vertex -59.0887 -20.5652 -24.1007
      vertex -54.6 -19.0212 -22.5567
      vertex -61.8999 -16.3623 -19.8978
    endloop
  endfacet
  facet normal 3.86472e-16 -0.707107 0.707107
    outer loop
      vertex -59.0887 -20.5652 -24.1007
      vertex -54.6 -21.2839 -24.8194
      vertex -54.6 -19.0212 -22.5567
    endloop
  endfacet
  facet normal 0 -0.707112 0.707102
    outer loop
      vertex -51.7917 -28.2873 -31.8229
      vertex -43.7178 -21.2839 -24.8194
      vertex -54.6 -21.2839 -24.8194
    endloop
  endfacet
  facet normal 6.49525e-16 -0.707107 0.707107
    outer loop
      vertex -55.7085 -24.553 -28.0885
      vertex -54.6 -21.2839 -24.8194
      vertex -59.0887 -20.5652 -24.1007
    endloop
  endfacet
  facet normal 1.36427e-05 -0.707109 0.707104
    outer loop
      vertex -51.7917 -28.2873 -31.8229
      vertex -54.6 -21.2839 -24.8194
      vertex -55.7085 -24.553 -28.0885
    endloop
  endfacet
  facet normal -4.58579e-06 -0.707109 0.707104
    outer loop
      vertex -43.7178 -21.2839 -24.8194
      vertex -51.7917 -28.2873 -31.8229
      vertex -42.2064 -22.7249 -26.2604
    endloop
  endfacet
  facet normal -4.23038e-06 -0.707109 0.707104
    outer loop
      vertex -47.3762 -31.7322 -35.2678
      vertex -42.2064 -22.7249 -26.2604
      vertex -51.7917 -28.2873 -31.8229
    endloop
  endfacet
  facet normal 9.3426e-06 -0.707113 0.7071
    outer loop
      vertex -42.2064 -22.7249 -26.2604
      vertex -47.3762 -31.7322 -35.2678
      vertex -38.608 -25.5322 -29.0678
    endloop
  endfacet
  facet normal -7.61356e-06 -0.707101 0.707112
    outer loop
      vertex -42.5043 -34.8545 -38.39
      vertex -38.608 -25.5322 -29.0678
      vertex -47.3762 -31.7322 -35.2678
    endloop
  endfacet
  facet normal 3.8342e-06 -0.707104 0.70711
    outer loop
      vertex -38.608 -25.5322 -29.0678
      vertex -42.5043 -34.8545 -38.39
      vertex -34.6379 -28.0766 -31.6122
    endloop
  endfacet
  facet normal 3.40111e-06 -0.707104 0.70711
    outer loop
      vertex -37.2232 -37.6241 -41.1596
      vertex -34.6379 -28.0766 -31.6122
      vertex -42.5043 -34.8545 -38.39
    endloop
  endfacet
  facet normal 3.40102e-06 -0.707104 0.70711
    outer loop
      vertex -34.6379 -28.0766 -31.6122
      vertex -37.2232 -37.6241 -41.1596
      vertex -30.3341 -30.3336 -33.8692
    endloop
  endfacet
  facet normal 2.93519e-06 -0.707103 0.70711
    outer loop
      vertex -31.5836 -40.0143 -43.5498
      vertex -30.3341 -30.3336 -33.8692
      vertex -37.2232 -37.6241 -41.1596
    endloop
  endfacet
  facet normal -1.16527e-05 -0.707102 0.707111
    outer loop
      vertex -30.3341 -30.3336 -33.8692
      vertex -31.5836 -40.0143 -43.5498
      vertex -25.7383 -32.2815 -35.817
    endloop
  endfacet
  facet normal 0 -0.707107 0.707107
    outer loop
      vertex -25.6398 -42.0021 -45.5376
      vertex -25.7383 -32.2815 -35.817
      vertex -31.5836 -40.0143 -43.5498
    endloop
  endfacet
  facet normal 0 -0.707107 0.707107
    outer loop
      vertex -25.7383 -32.2815 -35.817
      vertex -25.6398 -42.0021 -45.5376
      vertex -20.8945 -33.9014 -37.4369
    endloop
  endfacet
  facet normal -1.33838e-16 -0.707107 0.707107
    outer loop
      vertex -20.8945 -33.9014 -37.4369
      vertex -19.4491 -43.5684 -47.1039
      vertex -15.8495 -35.1778 -38.7133
    endloop
  endfacet
  facet normal 6.98042e-16 -0.707107 0.707107
    outer loop
      vertex -19.4491 -43.5684 -47.1039
      vertex -20.8945 -33.9014 -37.4369
      vertex -25.6398 -42.0021 -45.5376
    endloop
  endfacet
  facet normal 0 -0.707107 0.707107
    outer loop
      vertex 31.5836 43.5498 40.0143
      vertex 0 22.5567 19.0212
      vertex 37.2232 41.1596 37.6241
    endloop
  endfacet
  facet normal 0 -0.707107 0.707107
    outer loop
      vertex 37.2232 41.1596 37.6241
      vertex 0 22.5567 19.0212
      vertex 42.5043 38.39 34.8545
    endloop
  endfacet
  facet normal 5.33523e-06 -0.707114 0.7071
    outer loop
      vertex 42.5043 38.39 34.8545
      vertex 0 22.5567 19.0212
      vertex 47.3762 35.2678 31.7322
    endloop
  endfacet
  facet normal 1.11061e-06 -0.707106 0.707107
    outer loop
      vertex 47.3762 35.2678 31.7322
      vertex 0 22.5567 19.0212
      vertex 51.7917 31.8229 28.2873
    endloop
  endfacet
  facet normal -1.70289e-06 -0.707098 0.707115
    outer loop
      vertex 51.7917 31.8229 28.2873
      vertex 0 22.5567 19.0212
      vertex 55.7085 28.0885 24.553
    endloop
  endfacet
  facet normal 0 -0.707107 0.707107
    outer loop
      vertex 55.7085 28.0885 24.553
      vertex 0 22.5567 19.0212
      vertex 59.0887 24.1007 20.5652
    endloop
  endfacet
  facet normal 0 -0.707107 0.707107
    outer loop
      vertex 0 -19.0212 -22.5567
      vertex 0 22.5567 19.0212
      vertex -2.8817 22.4566 18.9211
    endloop
  endfacet
  facet normal -2.47764e-05 -0.707107 0.707107
    outer loop
      vertex -2.8817 -18.9211 -22.4566
      vertex -2.8817 22.4566 18.9211
      vertex -5.73565 22.1573 18.6217
    endloop
  endfacet
  facet normal 2.52654e-05 -0.707107 0.707107
    outer loop
      vertex -5.73565 -18.6217 -22.1573
      vertex -5.73565 22.1573 18.6217
      vertex -8.53437 21.6615 18.126
    endloop
  endfacet
  facet normal 0 -0.707107 0.707107
    outer loop
      vertex -8.53437 -18.126 -21.6615
      vertex -8.53437 21.6615 18.126
      vertex -11.2509 20.9742 17.4387
    endloop
  endfacet
  facet normal -2.71109e-05 -0.707107 0.707107
    outer loop
      vertex -11.2509 -17.4387 -20.9742
      vertex -11.2509 20.9742 17.4387
      vertex -13.8591 20.102 16.5664
    endloop
  endfacet
  facet normal 0 -0.707107 0.707107
    outer loop
      vertex 0 22.5567 19.0212
      vertex 0 -19.0212 -22.5567
      vertex 59.0887 24.1007 20.5652
    endloop
  endfacet
  facet normal 2.85734e-05 -0.707107 0.707107
    outer loop
      vertex -13.8591 -16.5664 -20.102
      vertex -13.8591 20.102 16.5664
      vertex -16.3338 19.0531 15.5176
    endloop
  endfacet
  facet normal 0 -0.707107 0.707107
    outer loop
      vertex -16.3338 -15.5176 -19.0531
      vertex -16.3338 19.0531 15.5176
      vertex -18.6512 17.8378 14.3023
    endloop
  endfacet
  facet normal -3.30779e-05 -0.707107 0.707107
    outer loop
      vertex -18.6512 -14.3023 -17.8378
      vertex -18.6512 17.8378 14.3023
      vertex -20.7889 16.4678 12.9322
    endloop
  endfacet
  facet normal 0 -0.707107 0.707107
    outer loop
      vertex 59.0887 24.1007 20.5652
      vertex 0 -19.0212 -22.5567
      vertex 61.8999 19.8978 16.3623
    endloop
  endfacet
  facet normal 3.6494e-05 -0.707107 0.707107
    outer loop
      vertex -20.7889 -12.9322 -16.4678
      vertex -20.7889 16.4678 12.9322
      vertex -22.7265 14.9561 11.4206
    endloop
  endfacet
  facet normal -2.0571e-05 -0.707107 0.707107
    outer loop
      vertex -22.7265 -11.4206 -14.9561
      vertex -22.7265 14.9561 11.4206
      vertex -24.4452 13.3175 9.78195
    endloop
  endfacet
  facet normal 9.53424e-06 -0.707107 0.707107
    outer loop
      vertex -24.4452 -9.78195 -13.3175
      vertex -24.4452 13.3175 9.78195
      vertex -25.9285 11.5676 8.03207
    endloop
  endfacet
  facet normal 0 -0.707107 0.707107
    outer loop
      vertex 61.8999 -16.3623 -19.8978
      vertex 61.8999 19.8978 16.3623
      vertex 0 -19.0212 -22.5567
    endloop
  endfacet
  facet normal 0 -0.707107 0.707107
    outer loop
      vertex -25.9285 -8.03207 -11.5676
      vertex -25.9285 11.5676 8.03207
      vertex -27.1621 9.72335 6.18782
    endloop
  endfacet
  facet normal -6.39709e-06 -0.707107 0.707107
    outer loop
      vertex -25.9285 -8.03207 -11.5676
      vertex -27.1621 9.72335 6.18782
      vertex -28.134 7.80248 4.26694
    endloop
  endfacet
  facet normal 7.50644e-16 -0.707107 0.707107
    outer loop
      vertex 61.8999 19.8978 16.3623
      vertex 61.8999 -16.3623 -19.8978
      vertex 64.115 15.5203 11.9848
    endloop
  endfacet
  facet normal -9.04781e-07 -0.707107 0.707107
    outer loop
      vertex -25.9285 -8.03207 -11.5676
      vertex -28.134 7.80248 4.26694
      vertex -28.8351 5.82349 2.28795
    endloop
  endfacet
  facet normal 2.9595e-06 -0.707106 0.707107
    outer loop
      vertex -25.9285 -8.03207 -11.5676
      vertex -28.8351 5.82349 2.28795
      vertex -29.2584 3.80544 0.269905
    endloop
  endfacet
  facet normal -5.79762e-06 -0.707107 0.707106
    outer loop
      vertex -25.9285 -8.03207 -11.5676
      vertex -29.2584 3.80544 0.269905
      vertex -29.4 1.76777 -1.76777
    endloop
  endfacet
  facet normal 6.59718e-16 -0.707107 0.707107
    outer loop
      vertex 64.115 -11.9848 -15.5203
      vertex 64.115 15.5203 11.9848
      vertex 61.8999 -16.3623 -19.8978
    endloop
  endfacet
  facet normal 3.55939e-06 -0.707106 0.707108
    outer loop
      vertex -25.9285 -8.03207 -11.5676
      vertex -29.4 1.76777 -1.76777
      vertex -29.2584 -0.269905 -3.80544
    endloop
  endfacet
  facet normal -1.00689e-05 -0.707109 0.707105
    outer loop
      vertex -25.9285 -8.03207 -11.5676
      vertex -29.2584 -0.269905 -3.80544
      vertex -28.8351 -2.28795 -5.82349
    endloop
  endfacet
  facet normal -1.10122e-06 -0.707106 0.707107
    outer loop
      vertex 65.7126 11.0104 7.47486
      vertex 64.115 -11.9848 -15.5203
      vertex 66.6774 6.41144 2.87591
    endloop
  endfacet
  facet normal -8.11253e-06 -0.707108 0.707105
    outer loop
      vertex -25.9285 -8.03207 -11.5676
      vertex -28.8351 -2.28795 -5.82349
      vertex -28.134 -4.26694 -7.80248
    endloop
  endfacet
  facet normal 2.25946e-05 -0.707099 0.707114
    outer loop
      vertex -25.9285 -8.03207 -11.5676
      vertex -28.134 -4.26694 -7.80248
      vertex -27.1621 -6.18782 -9.72335
    endloop
  endfacet
  facet normal 1.28179e-05 -0.707107 0.707106
    outer loop
      vertex 66.6774 6.41144 2.87591
      vertex 64.115 -11.9848 -15.5203
      vertex 67 1.76777 -1.76777
    endloop
  endfacet
  facet normal 9.53424e-06 -0.707107 0.707107
    outer loop
      vertex -25.9285 11.5676 8.03207
      vertex -25.9285 -8.03207 -11.5676
      vertex -24.4452 -9.78195 -13.3175
    endloop
  endfacet
  facet normal -2.0571e-05 -0.707107 0.707107
    outer loop
      vertex -24.4452 13.3175 9.78195
      vertex -24.4452 -9.78195 -13.3175
      vertex -22.7265 -11.4206 -14.9561
    endloop
  endfacet
  facet normal 3.6494e-05 -0.707107 0.707107
    outer loop
      vertex -22.7265 14.9561 11.4206
      vertex -22.7265 -11.4206 -14.9561
      vertex -20.7889 -12.9322 -16.4678
    endloop
  endfacet
  facet normal -2.18098e-05 -0.707105 0.707108
    outer loop
      vertex 67 1.76777 -1.76777
      vertex 65.7126 -7.47486 -11.0104
      vertex 66.6774 -2.87591 -6.41144
    endloop
  endfacet
  facet normal -3.30779e-05 -0.707107 0.707107
    outer loop
      vertex -20.7889 16.4678 12.9322
      vertex -20.7889 -12.9322 -16.4678
      vertex -18.6512 -14.3023 -17.8378
    endloop
  endfacet
  facet normal 0 -0.707107 0.707107
    outer loop
      vertex -18.6512 17.8378 14.3023
      vertex -18.6512 -14.3023 -17.8378
      vertex -16.3338 -15.5176 -19.0531
    endloop
  endfacet
  facet normal 2.85734e-05 -0.707107 0.707107
    outer loop
      vertex -16.3338 19.0531 15.5176
      vertex -16.3338 -15.5176 -19.0531
      vertex -13.8591 -16.5664 -20.102
    endloop
  endfacet
  facet normal 2.91766e-05 -0.707109 0.707105
    outer loop
      vertex 67 1.76777 -1.76777
      vertex 64.115 -11.9848 -15.5203
      vertex 65.7126 -7.47486 -11.0104
    endloop
  endfacet
  facet normal -2.71109e-05 -0.707107 0.707107
    outer loop
      vertex -13.8591 20.102 16.5664
      vertex -13.8591 -16.5664 -20.102
      vertex -11.2509 -17.4387 -20.9742
    endloop
  endfacet
  facet normal 0 -0.707107 0.707107
    outer loop
      vertex -11.2509 20.9742 17.4387
      vertex -11.2509 -17.4387 -20.9742
      vertex -8.53437 -18.126 -21.6615
    endloop
  endfacet
  facet normal 2.52654e-05 -0.707107 0.707107
    outer loop
      vertex -8.53437 21.6615 18.126
      vertex -8.53437 -18.126 -21.6615
      vertex -5.73565 -18.6217 -22.1573
    endloop
  endfacet
  facet normal -2.47764e-05 -0.707107 0.707107
    outer loop
      vertex -5.73565 22.1573 18.6217
      vertex -5.73565 -18.6217 -22.1573
      vertex -2.8817 -18.9211 -22.4566
    endloop
  endfacet
  facet normal 0 -0.707107 0.707107
    outer loop
      vertex -2.8817 22.4566 18.9211
      vertex -2.8817 -18.9211 -22.4566
      vertex 0 -19.0212 -22.5567
    endloop
  endfacet
  facet normal 1.77042e-05 -0.707107 0.707107
    outer loop
      vertex 64.115 15.5203 11.9848
      vertex 64.115 -11.9848 -15.5203
      vertex 65.7126 11.0104 7.47486
    endloop
  endfacet
  facet normal 0 -0.707107 0.707107
    outer loop
      vertex 0 -19.0212 -22.5567
      vertex 59.0887 -20.5652 -24.1007
      vertex 61.8999 -16.3623 -19.8978
    endloop
  endfacet
  facet normal 0 -0.707107 0.707107
    outer loop
      vertex 0 -19.0212 -22.5567
      vertex 55.7085 -24.553 -28.0885
      vertex 59.0887 -20.5652 -24.1007
    endloop
  endfacet
  facet normal -1.70289e-06 -0.707115 0.707098
    outer loop
      vertex 0 -19.0212 -22.5567
      vertex 51.7917 -28.2873 -31.8229
      vertex 55.7085 -24.553 -28.0885
    endloop
  endfacet
  facet normal 1.11061e-06 -0.707107 0.707106
    outer loop
      vertex 0 -19.0212 -22.5567
      vertex 47.3762 -31.7322 -35.2678
      vertex 51.7917 -28.2873 -31.8229
    endloop
  endfacet
  facet normal 5.33523e-06 -0.7071 0.707114
    outer loop
      vertex 0 -19.0212 -22.5567
      vertex 42.5043 -34.8545 -38.39
      vertex 47.3762 -31.7322 -35.2678
    endloop
  endfacet
  facet normal 2.89948e-16 -0.707107 0.707107
    outer loop
      vertex 19.4491 -43.5684 -47.1039
      vertex 0 -19.0212 -22.5567
      vertex 0 -36.8403 -40.3758
    endloop
  endfacet
  facet normal 0 -0.707107 0.707107
    outer loop
      vertex 0 -19.0212 -22.5567
      vertex 37.2232 -37.6241 -41.1596
      vertex 42.5043 -34.8545 -38.39
    endloop
  endfacet
  facet normal -1.09069e-16 -0.707107 0.707107
    outer loop
      vertex -13.0711 -44.6981 -48.2336
      vertex -15.8495 -35.1778 -38.7133
      vertex -19.4491 -43.5684 -47.1039
    endloop
  endfacet
  facet normal 1.43461e-05 -0.707105 0.707109
    outer loop
      vertex -15.8495 -35.1778 -38.7133
      vertex -13.0711 -44.6981 -48.2336
      vertex -10.6519 -36.0984 -39.634
    endloop
  endfacet
  facet normal 0 -0.707107 0.707107
    outer loop
      vertex 0 -19.0212 -22.5567
      vertex 31.5836 -40.0143 -43.5498
      vertex 37.2232 -37.6241 -41.1596
    endloop
  endfacet
  facet normal 8.3774e-07 -0.707103 0.707111
    outer loop
      vertex -6.56715 -45.3803 -48.9158
      vertex -10.6519 -36.0984 -39.634
      vertex -13.0711 -44.6981 -48.2336
    endloop
  endfacet
  facet normal 0 -0.707107 0.707107
    outer loop
      vertex 0 -19.0212 -22.5567
      vertex 25.6398 -42.0021 -45.5376
      vertex 31.5836 -40.0143 -43.5498
    endloop
  endfacet
  facet normal -1.31491e-05 -0.707106 0.707108
    outer loop
      vertex -10.6519 -36.0984 -39.634
      vertex -6.56715 -45.3803 -48.9158
      vertex -5.35174 -36.6544 -40.1899
    endloop
  endfacet
  facet normal -8.81323e-16 -0.707107 0.707107
    outer loop
      vertex 0 -19.0212 -22.5567
      vertex 19.4491 -43.5684 -47.1039
      vertex 25.6398 -42.0021 -45.5376
    endloop
  endfacet
  facet normal 0 -0.707107 0.707107
    outer loop
      vertex 0 -45.6084 -49.1439
      vertex -5.35174 -36.6544 -40.1899
      vertex -6.56715 -45.3803 -48.9158
    endloop
  endfacet
  facet normal 7.74357e-17 -0.707107 0.707107
    outer loop
      vertex 0 -36.8403 -40.3758
      vertex 13.0711 -44.6981 -48.2336
      vertex 19.4491 -43.5684 -47.1039
    endloop
  endfacet
  facet normal 0 -0.707107 0.707107
    outer loop
      vertex -5.35174 -36.6544 -40.1899
      vertex 0 -45.6084 -49.1439
      vertex 0 -36.8403 -40.3758
    endloop
  endfacet
  facet normal 8.3705e-16 -0.707107 0.707107
    outer loop
      vertex 0 -36.8403 -40.3758
      vertex 6.56715 -45.3803 -48.9158
      vertex 13.0711 -44.6981 -48.2336
    endloop
  endfacet
  facet normal 0 -0.707107 0.707107
    outer loop
      vertex 0 -36.8403 -40.3758
      vertex 0 -45.6084 -49.1439
      vertex 6.56715 -45.3803 -48.9158
    endloop
  endfacet
  facet normal -4.58579e-06 -0.707104 0.707109
    outer loop
      vertex -51.7917 31.8229 28.2873
      vertex -43.7178 24.8194 21.2839
      vertex -42.2064 26.2604 22.7249
    endloop
  endfacet
  facet normal 0 -0.707093 0.70712
    outer loop
      vertex -48.1529 -16.4319 -19.9675
      vertex -54.6 -19.0212 -22.5567
      vertex -45.9581 -19.0212 -22.5567
    endloop
  endfacet
  facet normal -0.90399 0.302326 0.302326
    outer loop
      vertex 59.0887 -20.5652 -24.1007
      vertex 61.8999 -19.8978 -16.3623
      vertex 61.8999 -16.3623 -19.8978
    endloop
  endfacet
  facet normal -0.90399 0.302326 0.302326
    outer loop
      vertex 61.8999 -19.8978 -16.3623
      vertex 59.0887 -20.5652 -24.1007
      vertex 59.0887 -24.1007 -20.5652
    endloop
  endfacet
  facet normal -0.970031 0.171813 0.171813
    outer loop
      vertex 64.115 -11.9848 -15.5203
      vertex 65.7126 -11.0104 -7.47486
      vertex 65.7126 -7.47486 -11.0104
    endloop
  endfacet
  facet normal -0.970031 0.171813 0.171813
    outer loop
      vertex 65.7126 -11.0104 -7.47486
      vertex 64.115 -11.9848 -15.5203
      vertex 64.115 -15.5203 -11.9848
    endloop
  endfacet
  facet normal -0.595707 -0.56795 -0.56795
    outer loop
      vertex 42.5043 38.39 34.8545
      vertex 37.2232 37.6241 41.1596
      vertex 37.2232 41.1596 37.6241
    endloop
  endfacet
  facet normal -0.595707 -0.56795 -0.56795
    outer loop
      vertex 37.2232 37.6241 41.1596
      vertex 42.5043 38.39 34.8545
      vertex 42.5043 34.8545 38.39
    endloop
  endfacet
  facet normal 0.336892 -0.665772 -0.665772
    outer loop
      vertex -25.6398 42.0021 45.5376
      vertex -19.4491 47.1039 43.5684
      vertex -19.4491 43.5684 47.1039
    endloop
  endfacet
  facet normal 0.336892 -0.665772 -0.665772
    outer loop
      vertex -19.4491 47.1039 43.5684
      vertex -25.6398 42.0021 45.5376
      vertex -25.6398 45.5376 42.0021
    endloop
  endfacet
  facet normal -0.427551 0.639218 0.639218
    outer loop
      vertex 31.5836 -40.0143 -43.5498
      vertex 25.6398 -45.5376 -42.0021
      vertex 31.5836 -43.5498 -40.0143
    endloop
  endfacet
  facet normal -0.427551 0.639218 0.639218
    outer loop
      vertex 25.6398 -45.5376 -42.0021
      vertex 31.5836 -40.0143 -43.5498
      vertex 25.6398 -42.0021 -45.5376
    endloop
  endfacet
  facet normal 0.595707 -0.56795 -0.56795
    outer loop
      vertex -37.2232 37.6241 41.1596
      vertex -42.5043 38.39 34.8545
      vertex -37.2232 41.1596 37.6241
    endloop
  endfacet
  facet normal 0.595707 -0.56795 -0.56795
    outer loop
      vertex -42.5043 38.39 34.8545
      vertex -37.2232 37.6241 41.1596
      vertex -42.5043 34.8545 38.39
    endloop
  endfacet
  facet normal -0.67155 -0.523937 -0.523937
    outer loop
      vertex 47.3762 35.2678 31.7322
      vertex 42.5043 34.8545 38.39
      vertex 42.5043 38.39 34.8545
    endloop
  endfacet
  facet normal -0.67155 -0.523937 -0.523937
    outer loop
      vertex 42.5043 34.8545 38.39
      vertex 47.3762 35.2678 31.7322
      vertex 47.3762 31.7322 35.2678
    endloop
  endfacet
  facet normal -0.514104 -0.606505 -0.606505
    outer loop
      vertex 31.5836 43.5498 40.0143
      vertex 37.2232 37.6241 41.1596
      vertex 31.5836 40.0143 43.5498
    endloop
  endfacet
  facet normal -0.514104 -0.606505 -0.606505
    outer loop
      vertex 37.2232 37.6241 41.1596
      vertex 31.5836 43.5498 40.0143
      vertex 37.2232 41.1596 37.6241
    endloop
  endfacet
  facet normal 0.514104 0.606505 0.606505
    outer loop
      vertex -31.5836 -43.5498 -40.0143
      vertex -37.2232 -37.6241 -41.1596
      vertex -37.2232 -41.1596 -37.6241
    endloop
  endfacet
  facet normal 0.514104 0.606505 0.606505
    outer loop
      vertex -37.2232 -37.6241 -41.1596
      vertex -31.5836 -43.5498 -40.0143
      vertex -31.5836 -40.0143 -43.5498
    endloop
  endfacet
  facet normal -0.989176 0.103758 0.103758
    outer loop
      vertex 65.7126 -7.47486 -11.0104
      vertex 66.6774 -6.41144 -2.87591
      vertex 66.6774 -2.87591 -6.41144
    endloop
  endfacet
  facet normal -0.989176 0.103758 0.103758
    outer loop
      vertex 66.6774 -6.41144 -2.87591
      vertex 65.7126 -7.47486 -11.0104
      vertex 65.7126 -11.0104 -7.47486
    endloop
  endfacet
  facet normal 0.941543 -0.238219 -0.238219
    outer loop
      vertex -61.8999 16.3623 19.8978
      vertex -64.115 15.5203 11.9848
      vertex -61.8999 19.8978 16.3623
    endloop
  endfacet
  facet normal 0.941543 -0.238219 -0.238219
    outer loop
      vertex -64.115 15.5203 11.9848
      vertex -61.8999 16.3623 19.8978
      vertex -64.115 11.9848 15.5203
    endloop
  endfacet
  facet normal -0.740956 -0.47486 -0.47486
    outer loop
      vertex 51.7917 31.8229 28.2873
      vertex 47.3762 31.7322 35.2678
      vertex 47.3762 35.2678 31.7322
    endloop
  endfacet
  facet normal -0.740956 -0.47486 -0.47486
    outer loop
      vertex 47.3762 31.7322 35.2678
      vertex 51.7917 31.8229 28.2873
      vertex 51.7917 28.2873 31.8229
    endloop
  endfacet
  facet normal 0.336892 0.665772 0.665772
    outer loop
      vertex -19.4491 -47.1039 -43.5684
      vertex -25.6398 -42.0021 -45.5376
      vertex -25.6398 -45.5376 -42.0021
    endloop
  endfacet
  facet normal 0.336892 0.665772 0.665772
    outer loop
      vertex -25.6398 -42.0021 -45.5376
      vertex -19.4491 -47.1039 -43.5684
      vertex -19.4491 -43.5684 -47.1039
    endloop
  endfacet
  facet normal -0.0490614 -0.706255 -0.706255
    outer loop
      vertex 0 45.6084 49.1439
      vertex 6.56715 48.9158 45.3803
      vertex 6.56715 45.3803 48.9158
    endloop
  endfacet
  facet normal -0.0490614 -0.706255 -0.706255
    outer loop
      vertex 6.56715 48.9158 45.3803
      vertex 0 45.6084 49.1439
      vertex 0 49.1439 45.6084
    endloop
  endfacet
  facet normal -0.998796 0.0346936 0.0346936
    outer loop
      vertex 66.6774 -2.87591 -6.41144
      vertex 67 -1.76777 1.76777
      vertex 67 1.76777 -1.76777
    endloop
  endfacet
  facet normal -0.998796 0.0346936 0.0346936
    outer loop
      vertex 67 -1.76777 1.76777
      vertex 66.6774 -2.87591 -6.41144
      vertex 66.6774 -6.41144 -2.87591
    endloop
  endfacet
  facet normal 0.242985 -0.685915 -0.685915
    outer loop
      vertex -19.4491 43.5684 47.1039
      vertex -13.0711 48.2336 44.6981
      vertex -13.0711 44.6981 48.2336
    endloop
  endfacet
  facet normal 0.242985 -0.685915 -0.685915
    outer loop
      vertex -13.0711 48.2336 44.6981
      vertex -19.4491 43.5684 47.1039
      vertex -19.4491 47.1039 43.5684
    endloop
  endfacet
  facet normal 0.242985 0.685915 0.685915
    outer loop
      vertex -13.0711 -48.2336 -44.6981
      vertex -19.4491 -43.5684 -47.1039
      vertex -19.4491 -47.1039 -43.5684
    endloop
  endfacet
  facet normal 0.242985 0.685915 0.685915
    outer loop
      vertex -19.4491 -43.5684 -47.1039
      vertex -13.0711 -48.2336 -44.6981
      vertex -13.0711 -44.6981 -48.2336
    endloop
  endfacet
  facet normal -0.242985 0.685915 0.685915
    outer loop
      vertex 19.4491 -43.5684 -47.1039
      vertex 13.0711 -48.2336 -44.6981
      vertex 19.4491 -47.1039 -43.5684
    endloop
  endfacet
  facet normal -0.242985 0.685915 0.685915
    outer loop
      vertex 13.0711 -48.2336 -44.6981
      vertex 19.4491 -43.5684 -47.1039
      vertex 13.0711 -44.6981 -48.2336
    endloop
  endfacet
  facet normal -0.941543 -0.238219 -0.238219
    outer loop
      vertex 64.115 15.5203 11.9848
      vertex 61.8999 16.3623 19.8978
      vertex 61.8999 19.8978 16.3623
    endloop
  endfacet
  facet normal -0.941543 -0.238219 -0.238219
    outer loop
      vertex 61.8999 16.3623 19.8978
      vertex 64.115 15.5203 11.9848
      vertex 64.115 11.9848 15.5203
    endloop
  endfacet
  facet normal -0.803206 0.421224 0.421224
    outer loop
      vertex 51.7917 -28.2873 -31.8229
      vertex 55.7085 -28.0885 -24.553
      vertex 55.7085 -24.553 -28.0885
    endloop
  endfacet
  facet normal -0.803206 0.421224 0.421224
    outer loop
      vertex 55.7085 -28.0885 -24.553
      vertex 51.7917 -28.2873 -31.8229
      vertex 51.7917 -31.8229 -28.2873
    endloop
  endfacet
  facet normal -0.857732 0.363522 0.363522
    outer loop
      vertex 55.7085 -24.553 -28.0885
      vertex 59.0887 -24.1007 -20.5652
      vertex 59.0887 -20.5652 -24.1007
    endloop
  endfacet
  facet normal -0.857732 0.363522 0.363522
    outer loop
      vertex 59.0887 -24.1007 -20.5652
      vertex 55.7085 -24.553 -28.0885
      vertex 55.7085 -28.0885 -24.553
    endloop
  endfacet
  facet normal -0.941543 0.238219 0.238219
    outer loop
      vertex 61.8999 -16.3623 -19.8978
      vertex 64.115 -15.5203 -11.9848
      vertex 64.115 -11.9848 -15.5203
    endloop
  endfacet
  facet normal -0.941543 0.238219 0.238219
    outer loop
      vertex 64.115 -15.5203 -11.9848
      vertex 61.8999 -16.3623 -19.8978
      vertex 61.8999 -19.8978 -16.3623
    endloop
  endfacet
  facet normal -0.427551 -0.639218 -0.639218
    outer loop
      vertex 25.6398 45.5376 42.0021
      vertex 31.5836 40.0143 43.5498
      vertex 25.6398 42.0021 45.5376
    endloop
  endfacet
  facet normal -0.427551 -0.639218 -0.639218
    outer loop
      vertex 31.5836 40.0143 43.5498
      vertex 25.6398 45.5376 42.0021
      vertex 31.5836 43.5498 40.0143
    endloop
  endfacet
  facet normal -0.803206 -0.421224 -0.421224
    outer loop
      vertex 55.7085 28.0885 24.553
      vertex 51.7917 28.2873 31.8229
      vertex 51.7917 31.8229 28.2873
    endloop
  endfacet
  facet normal -0.803206 -0.421224 -0.421224
    outer loop
      vertex 51.7917 28.2873 31.8229
      vertex 55.7085 28.0885 24.553
      vertex 55.7085 24.553 28.0885
    endloop
  endfacet
  facet normal 0.427551 0.639218 0.639218
    outer loop
      vertex -25.6398 -45.5376 -42.0021
      vertex -31.5836 -40.0143 -43.5498
      vertex -31.5836 -43.5498 -40.0143
    endloop
  endfacet
  facet normal 0.427551 0.639218 0.639218
    outer loop
      vertex -31.5836 -40.0143 -43.5498
      vertex -25.6398 -45.5376 -42.0021
      vertex -25.6398 -42.0021 -45.5376
    endloop
  endfacet
  facet normal 0.90399 -0.302326 -0.302326
    outer loop
      vertex -59.0887 20.5652 24.1007
      vertex -61.8999 19.8978 16.3623
      vertex -59.0887 24.1007 20.5652
    endloop
  endfacet
  facet normal 0.90399 -0.302326 -0.302326
    outer loop
      vertex -61.8999 19.8978 16.3623
      vertex -59.0887 20.5652 24.1007
      vertex -61.8999 16.3623 19.8978
    endloop
  endfacet
  facet normal -0.90399 -0.302326 -0.302326
    outer loop
      vertex 61.8999 19.8978 16.3623
      vertex 59.0887 20.5652 24.1007
      vertex 59.0887 24.1007 20.5652
    endloop
  endfacet
  facet normal -0.90399 -0.302326 -0.302326
    outer loop
      vertex 59.0887 20.5652 24.1007
      vertex 61.8999 19.8978 16.3623
      vertex 61.8999 16.3623 19.8978
    endloop
  endfacet
  facet normal -0.0490614 0.706255 0.706255
    outer loop
      vertex 6.56715 -45.3803 -48.9158
      vertex 0 -49.1439 -45.6084
      vertex 6.56715 -48.9158 -45.3803
    endloop
  endfacet
  facet normal -0.0490614 0.706255 0.706255
    outer loop
      vertex 0 -49.1439 -45.6084
      vertex 6.56715 -45.3803 -48.9158
      vertex 0 -45.6084 -49.1439
    endloop
  endfacet
  facet normal -0.146731 -0.699453 -0.699453
    outer loop
      vertex 6.56715 48.9158 45.3803
      vertex 13.0711 44.6981 48.2336
      vertex 6.56715 45.3803 48.9158
    endloop
  endfacet
  facet normal -0.146731 -0.699453 -0.699453
    outer loop
      vertex 13.0711 44.6981 48.2336
      vertex 6.56715 48.9158 45.3803
      vertex 13.0711 48.2336 44.6981
    endloop
  endfacet
  facet normal 0.857732 0.363522 0.363522
    outer loop
      vertex -59.0887 -24.1007 -20.5652
      vertex -55.7085 -24.553 -28.0885
      vertex -59.0887 -20.5652 -24.1007
    endloop
  endfacet
  facet normal 0.857732 0.363522 0.363522
    outer loop
      vertex -55.7085 -24.553 -28.0885
      vertex -59.0887 -24.1007 -20.5652
      vertex -55.7085 -28.0885 -24.553
    endloop
  endfacet
  facet normal -0.857732 -0.363522 -0.363522
    outer loop
      vertex 59.0887 24.1007 20.5652
      vertex 55.7085 24.553 28.0885
      vertex 55.7085 28.0885 24.553
    endloop
  endfacet
  facet normal -0.857732 -0.363522 -0.363522
    outer loop
      vertex 55.7085 24.553 28.0885
      vertex 59.0887 24.1007 20.5652
      vertex 59.0887 20.5652 24.1007
    endloop
  endfacet
  facet normal 0.67155 0.523937 0.523937
    outer loop
      vertex -47.3762 -35.2678 -31.7322
      vertex -42.5043 -34.8545 -38.39
      vertex -47.3762 -31.7322 -35.2678
    endloop
  endfacet
  facet normal 0.67155 0.523937 0.523937
    outer loop
      vertex -42.5043 -34.8545 -38.39
      vertex -47.3762 -35.2678 -31.7322
      vertex -42.5043 -38.39 -34.8545
    endloop
  endfacet
  facet normal 0.146731 -0.699453 -0.699453
    outer loop
      vertex -13.0711 48.2336 44.6981
      vertex -6.56715 45.3803 48.9158
      vertex -13.0711 44.6981 48.2336
    endloop
  endfacet
  facet normal 0.146731 -0.699453 -0.699453
    outer loop
      vertex -6.56715 45.3803 48.9158
      vertex -13.0711 48.2336 44.6981
      vertex -6.56715 48.9158 45.3803
    endloop
  endfacet
  facet normal 0.740956 0.47486 0.47486
    outer loop
      vertex -51.7917 -31.8229 -28.2873
      vertex -47.3762 -31.7322 -35.2678
      vertex -51.7917 -28.2873 -31.8229
    endloop
  endfacet
  facet normal 0.740956 0.47486 0.47486
    outer loop
      vertex -47.3762 -31.7322 -35.2678
      vertex -51.7917 -31.8229 -28.2873
      vertex -47.3762 -35.2678 -31.7322
    endloop
  endfacet
  facet normal -0.146731 0.699453 0.699453
    outer loop
      vertex 13.0711 -44.6981 -48.2336
      vertex 6.56715 -48.9158 -45.3803
      vertex 13.0711 -48.2336 -44.6981
    endloop
  endfacet
  facet normal -0.146731 0.699453 0.699453
    outer loop
      vertex 6.56715 -48.9158 -45.3803
      vertex 13.0711 -44.6981 -48.2336
      vertex 6.56715 -45.3803 -48.9158
    endloop
  endfacet
  facet normal 0.740956 -0.47486 -0.47486
    outer loop
      vertex -47.3762 31.7322 35.2678
      vertex -51.7917 31.8229 28.2873
      vertex -47.3762 35.2678 31.7322
    endloop
  endfacet
  facet normal 0.740956 -0.47486 -0.47486
    outer loop
      vertex -51.7917 31.8229 28.2873
      vertex -47.3762 31.7322 35.2678
      vertex -51.7917 28.2873 31.8229
    endloop
  endfacet
  facet normal 0.595707 0.56795 0.56795
    outer loop
      vertex -42.5043 -38.39 -34.8545
      vertex -37.2232 -37.6241 -41.1596
      vertex -42.5043 -34.8545 -38.39
    endloop
  endfacet
  facet normal 0.595707 0.56795 0.56795
    outer loop
      vertex -37.2232 -37.6241 -41.1596
      vertex -42.5043 -38.39 -34.8545
      vertex -37.2232 -41.1596 -37.6241
    endloop
  endfacet
  facet normal -0.242985 -0.685915 -0.685915
    outer loop
      vertex 13.0711 48.2336 44.6981
      vertex 19.4491 43.5684 47.1039
      vertex 13.0711 44.6981 48.2336
    endloop
  endfacet
  facet normal -0.242985 -0.685915 -0.685915
    outer loop
      vertex 19.4491 43.5684 47.1039
      vertex 13.0711 48.2336 44.6981
      vertex 19.4491 47.1039 43.5684
    endloop
  endfacet
  facet normal 0.857732 -0.363522 -0.363522
    outer loop
      vertex -55.7085 24.553 28.0885
      vertex -59.0887 24.1007 20.5652
      vertex -55.7085 28.0885 24.553
    endloop
  endfacet
  facet normal 0.857732 -0.363522 -0.363522
    outer loop
      vertex -59.0887 24.1007 20.5652
      vertex -55.7085 24.553 28.0885
      vertex -59.0887 20.5652 24.1007
    endloop
  endfacet
  facet normal 0.0490614 0.706255 0.706255
    outer loop
      vertex -6.56715 -48.9158 -45.3803
      vertex 0 -45.6084 -49.1439
      vertex -6.56715 -45.3803 -48.9158
    endloop
  endfacet
  facet normal 0.0490614 0.706255 0.706255
    outer loop
      vertex 0 -45.6084 -49.1439
      vertex -6.56715 -48.9158 -45.3803
      vertex 0 -49.1439 -45.6084
    endloop
  endfacet
  facet normal -0.740956 0.47486 0.47486
    outer loop
      vertex 47.3762 -31.7322 -35.2678
      vertex 51.7917 -31.8229 -28.2873
      vertex 51.7917 -28.2873 -31.8229
    endloop
  endfacet
  facet normal -0.740956 0.47486 0.47486
    outer loop
      vertex 51.7917 -31.8229 -28.2873
      vertex 47.3762 -31.7322 -35.2678
      vertex 47.3762 -35.2678 -31.7322
    endloop
  endfacet
  facet normal -0.67155 0.523937 0.523937
    outer loop
      vertex 42.5043 -34.8545 -38.39
      vertex 47.3762 -35.2678 -31.7322
      vertex 47.3762 -31.7322 -35.2678
    endloop
  endfacet
  facet normal -0.67155 0.523937 0.523937
    outer loop
      vertex 47.3762 -35.2678 -31.7322
      vertex 42.5043 -34.8545 -38.39
      vertex 42.5043 -38.39 -34.8545
    endloop
  endfacet
  facet normal -1 0 0
    outer loop
      vertex -57 -3.88909 -21.5668
      vertex -57 14.4957 10.9602
      vertex -57 21.5668 3.88909
    endloop
  endfacet
  facet normal -1 0 0
    outer loop
      vertex -57 14.4957 10.9602
      vertex -57 -3.88909 -21.5668
      vertex -57 -10.9602 -14.4957
    endloop
  endfacet
  facet normal 0 -0.707107 -0.707107
    outer loop
      vertex -73.7449 10.9602 14.4957
      vertex -64.478 14.4957 10.9602
      vertex -64.478 10.9602 14.4957
    endloop
  endfacet
  facet normal 2.54346e-07 -0.707107 -0.707106
    outer loop
      vertex -73.7449 21.5668 3.88909
      vertex -64.478 14.4957 10.9602
      vertex -73.7449 10.9602 14.4957
    endloop
  endfacet
  facet normal -0 -0.707107 -0.707106
    outer loop
      vertex -57 21.5668 3.88909
      vertex -64.478 14.4957 10.9602
      vertex -73.7449 21.5668 3.88909
    endloop
  endfacet
  facet normal 0 -0.707107 -0.707106
    outer loop
      vertex -64.478 14.4957 10.9602
      vertex -57 21.5668 3.88909
      vertex -57 14.4957 10.9602
    endloop
  endfacet
  facet normal 0 0.707106 0.707107
    outer loop
      vertex -57 -10.9602 -14.4957
      vertex -57 -3.88909 -21.5668
      vertex -64.478 -10.9602 -14.4957
    endloop
  endfacet
  facet normal 0 0.707107 0.707107
    outer loop
      vertex -64.478 -10.9602 -14.4957
      vertex -73.7449 -14.4957 -10.9602
      vertex -64.478 -14.4957 -10.9602
    endloop
  endfacet
  facet normal -0 0.707106 0.707107
    outer loop
      vertex -73.7449 -3.88909 -21.5668
      vertex -64.478 -10.9602 -14.4957
      vertex -57 -3.88909 -21.5668
    endloop
  endfacet
  facet normal 2.54346e-07 0.707106 0.707107
    outer loop
      vertex -64.478 -10.9602 -14.4957
      vertex -73.7449 -3.88909 -21.5668
      vertex -73.7449 -14.4957 -10.9602
    endloop
  endfacet
  facet normal 0.998791 0.034764 0.034764
    outer loop
      vertex -46 7.42462 -7.42462
      vertex -45.9807 29.7748 -30.3293
      vertex -46 30.052 -30.052
    endloop
  endfacet
  facet normal 0.998791 0.0347659 0.0347659
    outer loop
      vertex -45.9807 29.7748 -30.3293
      vertex -46 7.42462 -7.42462
      vertex -45.9807 7.14739 -7.70186
    endloop
  endfacet
  facet normal -0.989175 -0.10376 -0.103759
    outer loop
      vertex -38.0193 9.109 -8.55453
      vertex -38.0769 7.97642 -6.87282
      vertex -38.0769 9.38356 -8.27997
    endloop
  endfacet
  facet normal -0.989176 -0.103758 -0.103758
    outer loop
      vertex -38.0769 7.97642 -6.87282
      vertex -38.0193 9.109 -8.55453
      vertex -38.0193 7.70186 -7.14739
    endloop
  endfacet
  facet normal -0.998791 -0.0347659 -0.0347659
    outer loop
      vertex -38 8.83176 -8.83176
      vertex -38.0193 7.70186 -7.14739
      vertex -38.0193 9.109 -8.55453
    endloop
  endfacet
  facet normal -0.998791 -0.0347659 -0.0347659
    outer loop
      vertex -38.0193 7.70186 -7.14739
      vertex -38 8.83176 -8.83176
      vertex -38 7.42462 -7.42462
    endloop
  endfacet
  facet normal -0.970079 -0.171678 -0.171677
    outer loop
      vertex -38.0769 9.38356 -8.27997
      vertex -38.1722 8.24567 -6.60357
      vertex -38.1722 9.65281 -8.01072
    endloop
  endfacet
  facet normal -0.970079 -0.171678 -0.171677
    outer loop
      vertex -38.1722 8.24567 -6.60357
      vertex -38.0769 9.38356 -8.27997
      vertex -38.0769 7.97642 -6.87282
    endloop
  endfacet
  facet normal -0.337029 0.665751 0.665723
    outer loop
      vertex -40.4693 6.21864 -11.4449
      vertex -40.8389 4.71799 -10.1313
      vertex -40.4693 4.8115 -10.0377
    endloop
  endfacet
  facet normal -0.33687 0.665768 0.665787
    outer loop
      vertex -40.8389 4.71799 -10.1313
      vertex -40.4693 6.21864 -11.4449
      vertex -40.8389 6.12513 -11.5384
    endloop
  endfacet
  facet normal -0.427433 0.639256 0.63926
    outer loop
      vertex -40.1144 6.33731 -11.3262
      vertex -40.4693 4.8115 -10.0377
      vertex -40.1144 4.93017 -9.91907
    endloop
  endfacet
  facet normal -0.427536 0.639237 0.63921
    outer loop
      vertex -40.4693 4.8115 -10.0377
      vertex -40.1144 6.33731 -11.3262
      vertex -40.4693 6.21864 -11.4449
    endloop
  endfacet
  facet normal -0.427433 -0.63926 -0.639256
    outer loop
      vertex -40.4693 10.0377 -4.8115
      vertex -40.1144 11.3262 -6.33731
      vertex -40.1144 9.91907 -4.93017
    endloop
  endfacet
  facet normal -0.427536 -0.63921 -0.639237
    outer loop
      vertex -40.1144 11.3262 -6.33731
      vertex -40.4693 10.0377 -4.8115
      vertex -40.4693 11.4449 -6.21864
    endloop
  endfacet
  facet normal -0.0490291 -0.706244 -0.706269
    outer loop
      vertex -42 10.253 -4.59619
      vertex -41.6079 11.6466 -6.01696
      vertex -41.6079 10.2394 -4.60981
    endloop
  endfacet
  facet normal -0.0490291 -0.706244 -0.706269
    outer loop
      vertex -41.6079 11.6466 -6.01696
      vertex -42 10.253 -4.59619
      vertex -42 11.6602 -6.00334
    endloop
  endfacet
  facet normal 0.857756 -0.363493 -0.363493
    outer loop
      vertex -45.3259 8.99601 -5.85323
      vertex -45.5277 31.3853 -28.7187
      vertex -45.3259 31.6234 -28.4806
    endloop
  endfacet
  facet normal 0.857737 -0.363515 -0.363515
    outer loop
      vertex -45.5277 31.3853 -28.7187
      vertex -45.3259 8.99601 -5.85323
      vertex -45.5277 8.75793 -6.09131
    endloop
  endfacet
  facet normal -0.146841 0.699432 0.699452
    outer loop
      vertex -41.6079 6.01696 -11.6466
      vertex -41.2196 4.65054 -10.1987
      vertex -41.2196 6.05768 -11.6058
    endloop
  endfacet
  facet normal -0.146683 0.699471 0.699446
    outer loop
      vertex -41.2196 4.65054 -10.1987
      vertex -41.6079 6.01696 -11.6466
      vertex -41.6079 4.60981 -10.2394
    endloop
  endfacet
  facet normal -0.242963 -0.685928 -0.685909
    outer loop
      vertex -41.2196 11.6058 -6.05768
      vertex -40.8389 10.1313 -4.71799
      vertex -41.2196 10.1987 -4.65054
    endloop
  endfacet
  facet normal -0.242963 -0.685928 -0.685909
    outer loop
      vertex -40.8389 10.1313 -4.71799
      vertex -41.2196 11.6058 -6.05768
      vertex -40.8389 11.5384 -6.12513
    endloop
  endfacet
  facet normal -0.514099 0.606505 0.606509
    outer loop
      vertex -39.7777 6.48001 -11.1835
      vertex -40.1144 4.93017 -9.91907
      vertex -39.7777 5.07287 -9.77637
    endloop
  endfacet
  facet normal -0.514099 0.606505 0.606509
    outer loop
      vertex -40.1144 4.93017 -9.91907
      vertex -39.7777 6.48001 -11.1835
      vertex -40.1144 6.33731 -11.3262
    endloop
  endfacet
  facet normal 0.970079 -0.171678 -0.171678
    outer loop
      vertex -45.8278 8.24567 -6.60357
      vertex -45.9231 30.6038 -29.5002
      vertex -45.8278 30.8731 -29.231
    endloop
  endfacet
  facet normal 0.970079 -0.171678 -0.171678
    outer loop
      vertex -45.9231 30.6038 -29.5002
      vertex -45.8278 8.24567 -6.60357
      vertex -45.9231 7.97642 -6.87282
    endloop
  endfacet
  facet normal -0.904029 -0.302264 -0.302271
    outer loop
      vertex -38.3045 9.91416 -7.74937
      vertex -38.4723 8.75793 -6.09131
      vertex -38.4723 10.1651 -7.49845
    endloop
  endfacet
  facet normal -0.904022 -0.302276 -0.302279
    outer loop
      vertex -38.4723 8.75793 -6.09131
      vertex -38.3045 9.91416 -7.74937
      vertex -38.3045 8.50701 -6.34223
    endloop
  endfacet
  facet normal -0.595638 -0.567988 -0.567984
    outer loop
      vertex -39.4624 11.0182 -6.64536
      vertex -39.7777 9.77637 -5.07287
      vertex -39.7777 11.1835 -6.48001
    endloop
  endfacet
  facet normal -0.595696 -0.567947 -0.567963
    outer loop
      vertex -39.7777 9.77637 -5.07287
      vertex -39.4624 11.0182 -6.64536
      vertex -39.4624 9.61102 -5.23822
    endloop
  endfacet
  facet normal -0.803098 0.421335 0.42132
    outer loop
      vertex -38.908 7.03743 -10.6261
      vertex -38.6741 5.85323 -8.99601
      vertex -38.6741 7.26037 -10.4032
    endloop
  endfacet
  facet normal -0.80313 0.421297 0.421297
    outer loop
      vertex -38.6741 5.85323 -8.99601
      vertex -38.908 7.03743 -10.6261
      vertex -38.908 5.63029 -9.21896
    endloop
  endfacet
  facet normal 0.242963 -0.68592 -0.685918
    outer loop
      vertex -43.1611 10.1313 -4.71799
      vertex -42.7804 32.8261 -27.278
      vertex -42.7804 10.1987 -4.65054
    endloop
  endfacet
  facet normal 0.242879 -0.685934 -0.685934
    outer loop
      vertex -42.7804 32.8261 -27.278
      vertex -43.1611 10.1313 -4.71799
      vertex -43.1611 32.7587 -27.3454
    endloop
  endfacet
  facet normal -0.514099 -0.606509 -0.606505
    outer loop
      vertex -40.1144 9.91907 -4.93017
      vertex -39.7777 11.1835 -6.48001
      vertex -39.7777 9.77637 -5.07287
    endloop
  endfacet
  facet normal -0.514099 -0.606509 -0.606505
    outer loop
      vertex -39.7777 11.1835 -6.48001
      vertex -40.1144 9.91907 -4.93017
      vertex -40.1144 11.3262 -6.33731
    endloop
  endfacet
  facet normal 0.857756 0.363493 0.363493
    outer loop
      vertex -45.5277 6.09131 -8.75793
      vertex -45.3259 28.4806 -31.6234
      vertex -45.5277 28.7187 -31.3853
    endloop
  endfacet
  facet normal 0.857737 0.363515 0.363515
    outer loop
      vertex -45.3259 28.4806 -31.6234
      vertex -45.5277 6.09131 -8.75793
      vertex -45.3259 5.85323 -8.99601
    endloop
  endfacet
  facet normal -0.803098 -0.421327 -0.421327
    outer loop
      vertex -38.6741 10.4032 -7.26037
      vertex -38.908 9.21896 -5.63029
      vertex -38.908 10.6261 -7.03743
    endloop
  endfacet
  facet normal -0.80313 -0.421289 -0.421304
    outer loop
      vertex -38.908 9.21896 -5.63029
      vertex -38.6741 10.4032 -7.26037
      vertex -38.6741 8.99601 -5.85323
    endloop
  endfacet
  facet normal 0.427433 -0.639256 -0.639259
    outer loop
      vertex -43.8856 9.91907 -4.93017
      vertex -43.5307 32.6652 -27.4389
      vertex -43.5307 10.0377 -4.8115
    endloop
  endfacet
  facet normal 0.42758 -0.639209 -0.639209
    outer loop
      vertex -43.5307 32.6652 -27.4389
      vertex -43.8856 9.91907 -4.93017
      vertex -43.8856 32.5465 -27.5576
    endloop
  endfacet
  facet normal 0.242963 0.685919 0.685919
    outer loop
      vertex -42.7804 4.65054 -10.1987
      vertex -43.1611 27.3454 -32.7587
      vertex -43.1611 4.71799 -10.1313
    endloop
  endfacet
  facet normal 0.242879 0.685933 0.685935
    outer loop
      vertex -43.1611 27.3454 -32.7587
      vertex -42.7804 4.65054 -10.1987
      vertex -42.7804 27.278 -32.8261
    endloop
  endfacet
  facet normal 0.904009 0.302297 0.302297
    outer loop
      vertex -45.6955 6.34223 -8.50701
      vertex -45.5277 28.7187 -31.3853
      vertex -45.6955 28.9696 -31.1344
    endloop
  endfacet
  facet normal 0.904022 0.302277 0.302278
    outer loop
      vertex -45.5277 28.7187 -31.3853
      vertex -45.6955 6.34223 -8.50701
      vertex -45.5277 6.09131 -8.75793
    endloop
  endfacet
  facet normal 0.740946 0.474868 0.474868
    outer loop
      vertex -45.092 5.63029 -9.21896
      vertex -44.8284 28.052 -32.052
      vertex -45.092 28.2577 -31.8464
    endloop
  endfacet
  facet normal 0.74097 0.474849 0.474849
    outer loop
      vertex -44.8284 28.052 -32.052
      vertex -45.092 5.63029 -9.21896
      vertex -44.8284 5.42462 -9.42462
    endloop
  endfacet
  facet normal 0.904009 -0.302297 -0.302297
    outer loop
      vertex -45.5277 8.75793 -6.09131
      vertex -45.6955 31.1344 -28.9696
      vertex -45.5277 31.3853 -28.7187
    endloop
  endfacet
  facet normal 0.904022 -0.302277 -0.302278
    outer loop
      vertex -45.6955 31.1344 -28.9696
      vertex -45.5277 8.75793 -6.09131
      vertex -45.6955 8.50701 -6.34223
    endloop
  endfacet
  facet normal -0.998791 0.0347659 0.0347659
    outer loop
      vertex -38.0193 8.55453 -9.109
      vertex -38 7.42462 -7.42462
      vertex -38 8.83176 -8.83176
    endloop
  endfacet
  facet normal -0.998791 0.0347659 0.0347659
    outer loop
      vertex -38 7.42462 -7.42462
      vertex -38.0193 8.55453 -9.109
      vertex -38.0193 7.14739 -7.70186
    endloop
  endfacet
  facet normal 0.941501 0.238302 0.238302
    outer loop
      vertex -45.8278 6.60357 -8.24567
      vertex -45.6955 28.9696 -31.1344
      vertex -45.8278 29.231 -30.8731
    endloop
  endfacet
  facet normal 0.941497 0.23831 0.23831
    outer loop
      vertex -45.6955 28.9696 -31.1344
      vertex -45.8278 6.60357 -8.24567
      vertex -45.6955 6.34223 -8.50701
    endloop
  endfacet
  facet normal -0.904029 0.302269 0.302267
    outer loop
      vertex -38.4723 7.49845 -10.1651
      vertex -38.3045 6.34223 -8.50701
      vertex -38.3045 7.74937 -9.91416
    endloop
  endfacet
  facet normal -0.904022 0.302281 0.302274
    outer loop
      vertex -38.3045 6.34223 -8.50701
      vertex -38.4723 7.49845 -10.1651
      vertex -38.4723 6.09131 -8.75793
    endloop
  endfacet
  facet normal 0.595696 -0.567955 -0.567955
    outer loop
      vertex -44.2223 9.77637 -5.07287
      vertex -44.5376 32.2384 -27.8656
      vertex -44.2223 32.4038 -27.7003
    endloop
  endfacet
  facet normal 0.595696 -0.567955 -0.567955
    outer loop
      vertex -44.5376 32.2384 -27.8656
      vertex -44.2223 9.77637 -5.07287
      vertex -44.5376 9.61102 -5.23822
    endloop
  endfacet
  facet normal 0.970079 0.171678 0.171678
    outer loop
      vertex -45.9231 6.87282 -7.97642
      vertex -45.8278 29.231 -30.8731
      vertex -45.9231 29.5002 -30.6038
    endloop
  endfacet
  facet normal 0.970079 0.171678 0.171678
    outer loop
      vertex -45.8278 29.231 -30.8731
      vertex -45.9231 6.87282 -7.97642
      vertex -45.8278 6.60357 -8.24567
    endloop
  endfacet
  facet normal -0.67162 0.5239 0.523885
    outer loop
      vertex -39.4624 6.64536 -11.0182
      vertex -39.1716 5.42462 -9.42462
      vertex -39.1716 6.83176 -10.8318
    endloop
  endfacet
  facet normal -0.67162 0.5239 0.523885
    outer loop
      vertex -39.1716 5.42462 -9.42462
      vertex -39.4624 6.64536 -11.0182
      vertex -39.4624 5.23822 -9.61102
    endloop
  endfacet
  facet normal -0.941501 -0.238301 -0.238303
    outer loop
      vertex -38.1722 9.65281 -8.01072
      vertex -38.3045 8.50701 -6.34223
      vertex -38.3045 9.91416 -7.74937
    endloop
  endfacet
  facet normal -0.941497 -0.238311 -0.238309
    outer loop
      vertex -38.3045 8.50701 -6.34223
      vertex -38.1722 9.65281 -8.01072
      vertex -38.1722 8.24567 -6.60357
    endloop
  endfacet
  facet normal 0.0490291 -0.706244 -0.706269
    outer loop
      vertex -42.3921 10.2394 -4.60981
      vertex -42 11.6602 -6.00334
      vertex -42 10.253 -4.59619
    endloop
  endfacet
  facet normal 0.0491178 -0.706253 -0.706253
    outer loop
      vertex -42.3921 32.8668 -27.2372
      vertex -42 11.6602 -6.00334
      vertex -42.3921 10.2394 -4.60981
    endloop
  endfacet
  facet normal 0.0491728 -0.706251 -0.706252
    outer loop
      vertex -42 11.6602 -6.00334
      vertex -42.3921 32.8668 -27.2372
      vertex -42 32.8805 -27.2236
    endloop
  endfacet
  facet normal 0.740946 -0.474868 -0.474868
    outer loop
      vertex -44.8284 9.42462 -5.42462
      vertex -45.092 31.8464 -28.2577
      vertex -44.8284 32.052 -28.052
    endloop
  endfacet
  facet normal 0.74097 -0.474849 -0.474849
    outer loop
      vertex -45.092 31.8464 -28.2577
      vertex -44.8284 9.42462 -5.42462
      vertex -45.092 9.21896 -5.63029
    endloop
  endfacet
  facet normal -0.970079 0.171677 0.171678
    outer loop
      vertex -38.1722 8.01072 -9.65281
      vertex -38.0769 6.87282 -7.97642
      vertex -38.0769 8.27997 -9.38356
    endloop
  endfacet
  facet normal -0.970079 0.171677 0.171678
    outer loop
      vertex -38.0769 6.87282 -7.97642
      vertex -38.1722 8.01072 -9.65281
      vertex -38.1722 6.60357 -8.24567
    endloop
  endfacet
  facet normal -0.989175 0.10376 0.10376
    outer loop
      vertex -38.0769 8.27997 -9.38356
      vertex -38.0193 7.14739 -7.70186
      vertex -38.0193 8.55453 -9.109
    endloop
  endfacet
  facet normal -0.989176 0.103757 0.103758
    outer loop
      vertex -38.0193 7.14739 -7.70186
      vertex -38.0769 8.27997 -9.38356
      vertex -38.0769 6.87282 -7.97642
    endloop
  endfacet
  facet normal -0.242963 0.685909 0.685928
    outer loop
      vertex -41.2196 6.05768 -11.6058
      vertex -40.8389 4.71799 -10.1313
      vertex -40.8389 6.12513 -11.5384
    endloop
  endfacet
  facet normal -0.242963 0.685909 0.685928
    outer loop
      vertex -40.8389 4.71799 -10.1313
      vertex -41.2196 6.05768 -11.6058
      vertex -41.2196 4.65054 -10.1987
    endloop
  endfacet
  facet normal 0.67162 0.523892 0.523892
    outer loop
      vertex -44.8284 5.42462 -9.42462
      vertex -44.5376 27.8656 -32.2384
      vertex -44.8284 28.052 -32.052
    endloop
  endfacet
  facet normal 0.67162 0.523892 0.523892
    outer loop
      vertex -44.5376 27.8656 -32.2384
      vertex -44.8284 5.42462 -9.42462
      vertex -44.5376 5.23822 -9.61102
    endloop
  endfacet
  facet normal 0.146683 -0.699458 -0.699459
    outer loop
      vertex -42.7804 10.1987 -4.65054
      vertex -42.3921 32.8668 -27.2372
      vertex -42.3921 10.2394 -4.60981
    endloop
  endfacet
  facet normal 0.146806 -0.699446 -0.699445
    outer loop
      vertex -42.3921 32.8668 -27.2372
      vertex -42.7804 10.1987 -4.65054
      vertex -42.7804 32.8261 -27.278
    endloop
  endfacet
  facet normal -0.0490291 0.706269 0.706244
    outer loop
      vertex -41.6079 6.01696 -11.6466
      vertex -42 4.59619 -10.253
      vertex -41.6079 4.60981 -10.2394
    endloop
  endfacet
  facet normal -0.0490291 0.706269 0.706244
    outer loop
      vertex -42 4.59619 -10.253
      vertex -41.6079 6.01696 -11.6466
      vertex -42 6.00334 -11.6602
    endloop
  endfacet
  facet normal -0.857747 0.363508 0.3635
    outer loop
      vertex -38.6741 7.26037 -10.4032
      vertex -38.4723 6.09131 -8.75793
      vertex -38.4723 7.49845 -10.1651
    endloop
  endfacet
  facet normal -0.857737 0.363522 0.363509
    outer loop
      vertex -38.4723 6.09131 -8.75793
      vertex -38.6741 7.26037 -10.4032
      vertex -38.6741 5.85323 -8.99601
    endloop
  endfacet
  facet normal -0.741003 -0.474817 -0.474831
    outer loop
      vertex -38.908 10.6261 -7.03743
      vertex -39.1716 9.42462 -5.42462
      vertex -39.1716 10.8318 -6.83176
    endloop
  endfacet
  facet normal -0.74097 -0.474849 -0.474849
    outer loop
      vertex -39.1716 9.42462 -5.42462
      vertex -38.908 10.6261 -7.03743
      vertex -38.908 9.21896 -5.63029
    endloop
  endfacet
  facet normal 0.0490291 0.706269 0.706244
    outer loop
      vertex -42 6.00334 -11.6602
      vertex -42.3921 4.60981 -10.2394
      vertex -42 4.59619 -10.253
    endloop
  endfacet
  facet normal 0.0491178 0.706253 0.706253
    outer loop
      vertex -42 6.00334 -11.6602
      vertex -42.3921 27.2372 -32.8668
      vertex -42.3921 4.60981 -10.2394
    endloop
  endfacet
  facet normal 0.0491728 0.706252 0.706251
    outer loop
      vertex -42.3921 27.2372 -32.8668
      vertex -42 6.00334 -11.6602
      vertex -42 27.2236 -32.8805
    endloop
  endfacet
  facet normal 0.67162 -0.523892 -0.523892
    outer loop
      vertex -44.5376 9.61102 -5.23822
      vertex -44.8284 32.052 -28.052
      vertex -44.5376 32.2384 -27.8656
    endloop
  endfacet
  facet normal 0.67162 -0.523892 -0.523892
    outer loop
      vertex -44.8284 32.052 -28.052
      vertex -44.5376 9.61102 -5.23822
      vertex -44.8284 9.42462 -5.42462
    endloop
  endfacet
  facet normal -0.857747 -0.363498 -0.36351
    outer loop
      vertex -38.4723 10.1651 -7.49845
      vertex -38.6741 8.99601 -5.85323
      vertex -38.6741 10.4032 -7.26037
    endloop
  endfacet
  facet normal -0.857737 -0.363511 -0.363519
    outer loop
      vertex -38.6741 8.99601 -5.85323
      vertex -38.4723 10.1651 -7.49845
      vertex -38.4723 8.75793 -6.09131
    endloop
  endfacet
  facet normal -0.595638 0.567994 0.567978
    outer loop
      vertex -39.7777 6.48001 -11.1835
      vertex -39.4624 5.23822 -9.61102
      vertex -39.4624 6.64536 -11.0182
    endloop
  endfacet
  facet normal -0.595696 0.567953 0.567957
    outer loop
      vertex -39.4624 5.23822 -9.61102
      vertex -39.7777 6.48001 -11.1835
      vertex -39.7777 5.07287 -9.77637
    endloop
  endfacet
  facet normal -0.337029 -0.665746 -0.665727
    outer loop
      vertex -40.8389 11.5384 -6.12513
      vertex -40.4693 10.0377 -4.8115
      vertex -40.8389 10.1313 -4.71799
    endloop
  endfacet
  facet normal -0.33687 -0.665763 -0.665792
    outer loop
      vertex -40.4693 10.0377 -4.8115
      vertex -40.8389 11.5384 -6.12513
      vertex -40.4693 11.4449 -6.21864
    endloop
  endfacet
  facet normal 0.337029 -0.665737 -0.665737
    outer loop
      vertex -43.5307 10.0377 -4.8115
      vertex -43.1611 32.7587 -27.3454
      vertex -43.1611 10.1313 -4.71799
    endloop
  endfacet
  facet normal 0.336854 -0.66578 -0.665783
    outer loop
      vertex -43.1611 32.7587 -27.3454
      vertex -43.5307 10.0377 -4.8115
      vertex -43.5307 32.6652 -27.4389
    endloop
  endfacet
  facet normal -0.67162 -0.523885 -0.5239
    outer loop
      vertex -39.1716 10.8318 -6.83176
      vertex -39.4624 9.61102 -5.23822
      vertex -39.4624 11.0182 -6.64536
    endloop
  endfacet
  facet normal -0.67162 -0.523885 -0.5239
    outer loop
      vertex -39.4624 9.61102 -5.23822
      vertex -39.1716 10.8318 -6.83176
      vertex -39.1716 9.42462 -5.42462
    endloop
  endfacet
  facet normal 0.514099 0.606507 0.606507
    outer loop
      vertex -43.8856 4.93017 -9.91907
      vertex -44.2223 27.7003 -32.4038
      vertex -44.2223 5.07287 -9.77637
    endloop
  endfacet
  facet normal 0.514099 0.606507 0.606507
    outer loop
      vertex -44.2223 27.7003 -32.4038
      vertex -43.8856 4.93017 -9.91907
      vertex -43.8856 27.5576 -32.5465
    endloop
  endfacet
  facet normal 0.514099 -0.606507 -0.606507
    outer loop
      vertex -44.2223 9.77637 -5.07287
      vertex -43.8856 32.5465 -27.5576
      vertex -43.8856 9.91907 -4.93017
    endloop
  endfacet
  facet normal 0.514099 -0.606507 -0.606507
    outer loop
      vertex -43.8856 32.5465 -27.5576
      vertex -44.2223 9.77637 -5.07287
      vertex -44.2223 32.4038 -27.7003
    endloop
  endfacet
  facet normal 0.989175 0.103763 0.103763
    outer loop
      vertex -45.9807 7.14739 -7.70186
      vertex -45.9231 29.5002 -30.6038
      vertex -45.9807 29.7748 -30.3293
    endloop
  endfacet
  facet normal 0.989176 0.103758 0.103758
    outer loop
      vertex -45.9231 29.5002 -30.6038
      vertex -45.9807 7.14739 -7.70186
      vertex -45.9231 6.87282 -7.97642
    endloop
  endfacet
  facet normal -0.146683 -0.699446 -0.699471
    outer loop
      vertex -41.6079 11.6466 -6.01696
      vertex -41.2196 10.1987 -4.65054
      vertex -41.6079 10.2394 -4.60981
    endloop
  endfacet
  facet normal -0.146841 -0.699452 -0.699432
    outer loop
      vertex -41.2196 10.1987 -4.65054
      vertex -41.6079 11.6466 -6.01696
      vertex -41.2196 11.6058 -6.05768
    endloop
  endfacet
  facet normal 0.941501 -0.238302 -0.238302
    outer loop
      vertex -45.6955 8.50701 -6.34223
      vertex -45.8278 30.8731 -29.231
      vertex -45.6955 31.1344 -28.9696
    endloop
  endfacet
  facet normal 0.941497 -0.23831 -0.23831
    outer loop
      vertex -45.8278 30.8731 -29.231
      vertex -45.6955 8.50701 -6.34223
      vertex -45.8278 8.24567 -6.60357
    endloop
  endfacet
  facet normal 0.803136 0.421291 0.421291
    outer loop
      vertex -45.3259 5.85323 -8.99601
      vertex -45.092 28.2577 -31.8464
      vertex -45.3259 28.4806 -31.6234
    endloop
  endfacet
  facet normal 0.80313 0.421297 0.421297
    outer loop
      vertex -45.092 28.2577 -31.8464
      vertex -45.3259 5.85323 -8.99601
      vertex -45.092 5.63029 -9.21896
    endloop
  endfacet
  facet normal 0.595696 0.567955 0.567955
    outer loop
      vertex -44.5376 5.23822 -9.61102
      vertex -44.2223 27.7003 -32.4038
      vertex -44.5376 27.8656 -32.2384
    endloop
  endfacet
  facet normal 0.595696 0.567955 0.567955
    outer loop
      vertex -44.2223 27.7003 -32.4038
      vertex -44.5376 5.23822 -9.61102
      vertex -44.2223 5.07287 -9.77637
    endloop
  endfacet
  facet normal -0.941501 0.238301 0.238303
    outer loop
      vertex -38.3045 7.74937 -9.91416
      vertex -38.1722 6.60357 -8.24567
      vertex -38.1722 8.01072 -9.65281
    endloop
  endfacet
  facet normal -0.941497 0.238311 0.238309
    outer loop
      vertex -38.1722 6.60357 -8.24567
      vertex -38.3045 7.74937 -9.91416
      vertex -38.3045 6.34223 -8.50701
    endloop
  endfacet
  facet normal 0.803136 -0.421291 -0.421291
    outer loop
      vertex -45.092 9.21896 -5.63029
      vertex -45.3259 31.6234 -28.4806
      vertex -45.092 31.8464 -28.2577
    endloop
  endfacet
  facet normal 0.80313 -0.421297 -0.421297
    outer loop
      vertex -45.3259 31.6234 -28.4806
      vertex -45.092 9.21896 -5.63029
      vertex -45.3259 8.99601 -5.85323
    endloop
  endfacet
  facet normal 0.427433 0.639258 0.639258
    outer loop
      vertex -43.5307 4.8115 -10.0377
      vertex -43.8856 27.5576 -32.5465
      vertex -43.8856 4.93017 -9.91907
    endloop
  endfacet
  facet normal 0.42758 0.63921 0.639207
    outer loop
      vertex -43.8856 27.5576 -32.5465
      vertex -43.5307 4.8115 -10.0377
      vertex -43.5307 27.4389 -32.6652
    endloop
  endfacet
  facet normal 0.146683 0.699457 0.699459
    outer loop
      vertex -42.3921 4.60981 -10.2394
      vertex -42.7804 27.278 -32.8261
      vertex -42.7804 4.65054 -10.1987
    endloop
  endfacet
  facet normal 0.146806 0.699446 0.699445
    outer loop
      vertex -42.7804 27.278 -32.8261
      vertex -42.3921 4.60981 -10.2394
      vertex -42.3921 27.2372 -32.8668
    endloop
  endfacet
  facet normal -0.741003 0.474824 0.474824
    outer loop
      vertex -39.1716 6.83176 -10.8318
      vertex -38.908 5.63029 -9.21896
      vertex -38.908 7.03743 -10.6261
    endloop
  endfacet
  facet normal -0.74097 0.474856 0.474842
    outer loop
      vertex -38.908 5.63029 -9.21896
      vertex -39.1716 6.83176 -10.8318
      vertex -39.1716 5.42462 -9.42462
    endloop
  endfacet
  facet normal 0.989175 -0.103763 -0.103763
    outer loop
      vertex -45.9231 7.97642 -6.87282
      vertex -45.9807 30.3293 -29.7748
      vertex -45.9231 30.6038 -29.5002
    endloop
  endfacet
  facet normal 0.989176 -0.103758 -0.103758
    outer loop
      vertex -45.9807 30.3293 -29.7748
      vertex -45.9231 7.97642 -6.87282
      vertex -45.9807 7.70186 -7.14739
    endloop
  endfacet
  facet normal 0.998791 -0.034764 -0.0347641
    outer loop
      vertex -45.9807 7.70186 -7.14739
      vertex -46 30.052 -30.052
      vertex -45.9807 30.3293 -29.7748
    endloop
  endfacet
  facet normal 0.998791 -0.0347659 -0.0347659
    outer loop
      vertex -46 30.052 -30.052
      vertex -45.9807 7.70186 -7.14739
      vertex -46 7.42462 -7.42462
    endloop
  endfacet
  facet normal 0.337029 0.665738 0.665735
    outer loop
      vertex -43.1611 4.71799 -10.1313
      vertex -43.5307 27.4389 -32.6652
      vertex -43.5307 4.8115 -10.0377
    endloop
  endfacet
  facet normal 0.336854 0.665781 0.665781
    outer loop
      vertex -43.5307 27.4389 -32.6652
      vertex -43.1611 4.71799 -10.1313
      vertex -43.1611 27.3454 -32.7587
    endloop
  endfacet
  facet normal 0.146642 0.699461 0.699465
    outer loop
      vertex -40.8295 13 -4.67772
      vertex -41.4119 34.2743 -25.8298
      vertex -41.4119 13.061 -4.61662
    endloop
  endfacet
  facet normal 0.14676 0.69945 0.699451
    outer loop
      vertex -41.4119 34.2743 -25.8298
      vertex -40.8295 13 -4.67772
      vertex -40.8295 34.2132 -25.8909
    endloop
  endfacet
  facet normal 0.989176 0.103757 0.103757
    outer loop
      vertex -36.1153 9.66653 -8.01114
      vertex -36.0289 30.4679 -29.6362
      vertex -36.1153 30.8797 -29.2243
    endloop
  endfacet
  facet normal 0.989175 0.10376 0.10376
    outer loop
      vertex -36.0289 30.4679 -29.6362
      vertex -36.1153 9.66653 -8.01114
      vertex -36.0289 9.25469 -8.42298
    endloop
  endfacet
  facet normal 0.998795 0.0347062 0.0347062
    outer loop
      vertex -36.0289 9.25469 -8.42298
      vertex -36 30.052 -30.052
      vertex -36.0289 30.4679 -29.6362
    endloop
  endfacet
  facet normal 0.998795 0.0347058 0.0347058
    outer loop
      vertex -36 30.052 -30.052
      vertex -36.0289 9.25469 -8.42298
      vertex -36 8.83883 -8.83883
    endloop
  endfacet
  facet normal 0.970016 0.171858 0.171857
    outer loop
      vertex -36.2584 10.0704 -7.60726
      vertex -36.1153 30.8797 -29.2243
      vertex -36.2584 31.2836 -28.8205
    endloop
  endfacet
  facet normal 0.970019 0.171847 0.171847
    outer loop
      vertex -36.1153 30.8797 -29.2243
      vertex -36.2584 10.0704 -7.60726
      vertex -36.1153 9.66653 -8.01114
    endloop
  endfacet
  facet normal 0.336928 -0.665763 -0.665762
    outer loop
      vertex -40.2583 4.77888 -12.8988
      vertex -39.7039 26.1323 -33.9717
      vertex -39.7039 4.91915 -12.7585
    endloop
  endfacet
  facet normal 0.336854 -0.665781 -0.665782
    outer loop
      vertex -39.7039 26.1323 -33.9717
      vertex -40.2583 4.77888 -12.8988
      vertex -40.2583 25.9921 -34.112
    endloop
  endfacet
  facet normal 0.903944 -0.302396 -0.302395
    outer loop
      vertex -36.4567 7.21525 -10.4624
      vertex -36.7085 28.0521 -32.052
      vertex -36.4567 28.4284 -31.6756
    endloop
  endfacet
  facet normal 0.903961 -0.302369 -0.302369
    outer loop
      vertex -36.7085 28.0521 -32.052
      vertex -36.4567 7.21525 -10.4624
      vertex -36.7085 6.83887 -10.8388
    endloop
  endfacet
  facet normal 0.67162 0.523892 0.523893
    outer loop
      vertex -38.1936 12.1184 -5.55923
      vertex -37.7574 33.052 -27.052
      vertex -38.1936 33.3316 -26.7724
    endloop
  endfacet
  facet normal 0.67162 0.523892 0.523893
    outer loop
      vertex -37.7574 33.052 -27.052
      vertex -38.1936 12.1184 -5.55923
      vertex -37.7574 11.8388 -5.83883
    endloop
  endfacet
  facet normal -0.740888 0.474913 0.474913
    outer loop
      vertex -46.6381 32.7435 -27.3605
      vertex -46.2426 11.8388 -5.83883
      vertex -46.2426 33.052 -27.052
    endloop
  endfacet
  facet normal -0.740888 0.474913 0.474913
    outer loop
      vertex -46.2426 11.8388 -5.83883
      vertex -46.6381 32.7435 -27.3605
      vertex -46.6381 11.5303 -6.14733
    endloop
  endfacet
  facet normal -0.146642 -0.699463 -0.699462
    outer loop
      vertex -43.1705 25.8909 -34.2132
      vertex -42.5881 4.61662 -13.061
      vertex -43.1705 4.67772 -13
    endloop
  endfacet
  facet normal -0.14676 -0.699452 -0.699448
    outer loop
      vertex -42.5881 4.61662 -13.061
      vertex -43.1705 25.8909 -34.2132
      vertex -42.5881 25.8298 -34.2743
    endloop
  endfacet
  facet normal 0.941589 0.238129 0.238129
    outer loop
      vertex -36.4567 10.4624 -7.21525
      vertex -36.2584 31.2836 -28.8205
      vertex -36.4567 31.6756 -28.4284
    endloop
  endfacet
  facet normal 0.941576 0.238154 0.238153
    outer loop
      vertex -36.2584 31.2836 -28.8205
      vertex -36.4567 10.4624 -7.21525
      vertex -36.2584 10.0704 -7.60726
    endloop
  endfacet
  facet normal -0.049153 0.706252 0.706252
    outer loop
      vertex -42 34.2947 -25.8094
      vertex -42.5881 13.061 -4.61662
      vertex -42 13.0815 -4.59619
    endloop
  endfacet
  facet normal -0.0489973 0.706255 0.706259
    outer loop
      vertex -42.5881 13.061 -4.61662
      vertex -42 34.2947 -25.8094
      vertex -42.5881 34.2743 -25.8298
    endloop
  endfacet
  facet normal 0.80328 0.421154 0.421155
    outer loop
      vertex -37.3619 11.5303 -6.14733
      vertex -37.0112 32.4091 -27.695
      vertex -37.3619 32.7435 -27.3605
    endloop
  endfacet
  facet normal 0.803245 0.421187 0.421186
    outer loop
      vertex -37.0112 32.4091 -27.695
      vertex -37.3619 11.5303 -6.14733
      vertex -37.0112 11.1959 -6.48175
    endloop
  endfacet
  facet normal 0.049153 -0.706254 -0.70625
    outer loop
      vertex -42 4.59619 -13.0815
      vertex -41.4119 25.8298 -34.2743
      vertex -41.4119 4.61662 -13.061
    endloop
  endfacet
  facet normal 0.0489973 -0.706257 -0.706258
    outer loop
      vertex -41.4119 25.8298 -34.2743
      vertex -42 4.59619 -13.0815
      vertex -42 25.8094 -34.2947
    endloop
  endfacet
  facet normal 0.049153 0.706252 0.706252
    outer loop
      vertex -41.4119 13.061 -4.61662
      vertex -42 34.2947 -25.8094
      vertex -42 13.0815 -4.59619
    endloop
  endfacet
  facet normal 0.0489973 0.706255 0.706259
    outer loop
      vertex -42 34.2947 -25.8094
      vertex -41.4119 13.061 -4.61662
      vertex -41.4119 34.2743 -25.8298
    endloop
  endfacet
  facet normal 0.857725 -0.36353 -0.36353
    outer loop
      vertex -36.7085 6.83887 -10.8388
      vertex -37.0112 27.695 -32.4091
      vertex -36.7085 28.0521 -32.052
    endloop
  endfacet
  facet normal 0.857731 -0.363522 -0.363523
    outer loop
      vertex -37.0112 27.695 -32.4091
      vertex -36.7085 6.83887 -10.8388
      vertex -37.0112 6.48175 -11.1959
    endloop
  endfacet
  facet normal -0.595694 -0.567957 -0.567956
    outer loop
      vertex -45.3334 26.5244 -33.5797
      vertex -45.8064 5.55923 -12.1184
      vertex -45.8064 26.7724 -33.3316
    endloop
  endfacet
  facet normal -0.595709 -0.567948 -0.567948
    outer loop
      vertex -45.8064 5.55923 -12.1184
      vertex -45.3334 26.5244 -33.5797
      vertex -45.3334 5.31121 -12.3665
    endloop
  endfacet
  facet normal -0.857725 0.363531 0.36353
    outer loop
      vertex -47.2915 32.052 -28.0521
      vertex -46.9888 11.1959 -6.48175
      vertex -46.9888 32.4091 -27.695
    endloop
  endfacet
  facet normal -0.857731 0.363523 0.363522
    outer loop
      vertex -46.9888 11.1959 -6.48175
      vertex -47.2915 32.052 -28.0521
      vertex -47.2915 10.8388 -6.83887
    endloop
  endfacet
  facet normal -0.242999 -0.685912 -0.685913
    outer loop
      vertex -43.7417 25.9921 -34.112
      vertex -43.1705 4.67772 -13
      vertex -43.7417 4.77888 -12.8988
    endloop
  endfacet
  facet normal -0.243045 -0.685905 -0.685904
    outer loop
      vertex -43.1705 4.67772 -13
      vertex -43.7417 25.9921 -34.112
      vertex -43.1705 25.8909 -34.2132
    endloop
  endfacet
  facet normal 0.514092 -0.60651 -0.60651
    outer loop
      vertex -39.1716 5.09716 -12.5805
      vertex -38.6666 26.5244 -33.5797
      vertex -38.6666 5.31121 -12.3665
    endloop
  endfacet
  facet normal 0.514048 -0.606528 -0.606529
    outer loop
      vertex -38.6666 26.5244 -33.5797
      vertex -39.1716 5.09716 -12.5805
      vertex -39.1716 26.3104 -33.7937
    endloop
  endfacet
  facet normal 0.857725 0.363531 0.36353
    outer loop
      vertex -37.0112 11.1959 -6.48175
      vertex -36.7085 32.052 -28.0521
      vertex -37.0112 32.4091 -27.695
    endloop
  endfacet
  facet normal 0.857731 0.363523 0.363522
    outer loop
      vertex -36.7085 32.052 -28.0521
      vertex -37.0112 11.1959 -6.48175
      vertex -36.7085 10.8388 -6.83887
    endloop
  endfacet
  facet normal -0.998795 -0.0347062 -0.0347062
    outer loop
      vertex -47.9711 29.6362 -30.4679
      vertex -48 8.83883 -8.83883
      vertex -48 30.052 -30.052
    endloop
  endfacet
  facet normal -0.998795 -0.0347058 -0.0347058
    outer loop
      vertex -48 8.83883 -8.83883
      vertex -47.9711 29.6362 -30.4679
      vertex -47.9711 8.42298 -9.25469
    endloop
  endfacet
  facet normal 0.903944 0.302396 0.302395
    outer loop
      vertex -36.7085 10.8388 -6.83887
      vertex -36.4567 31.6756 -28.4284
      vertex -36.7085 32.052 -28.0521
    endloop
  endfacet
  facet normal 0.903961 0.302369 0.302369
    outer loop
      vertex -36.4567 31.6756 -28.4284
      vertex -36.7085 10.8388 -6.83887
      vertex -36.4567 10.4624 -7.21525
    endloop
  endfacet
  facet normal 0.970016 -0.171857 -0.171857
    outer loop
      vertex -36.1153 8.01114 -9.66653
      vertex -36.2584 28.8205 -31.2836
      vertex -36.1153 29.2243 -30.8797
    endloop
  endfacet
  facet normal 0.970019 -0.171847 -0.171848
    outer loop
      vertex -36.2584 28.8205 -31.2836
      vertex -36.1153 8.01114 -9.66653
      vertex -36.2584 7.60726 -10.0704
    endloop
  endfacet
  facet normal -0.970016 0.171858 0.171857
    outer loop
      vertex -47.8847 30.8797 -29.2243
      vertex -47.7416 10.0704 -7.60726
      vertex -47.7416 31.2836 -28.8205
    endloop
  endfacet
  facet normal -0.970019 0.171847 0.171847
    outer loop
      vertex -47.7416 10.0704 -7.60726
      vertex -47.8847 30.8797 -29.2243
      vertex -47.8847 9.66653 -8.01114
    endloop
  endfacet
  facet normal -0.427524 -0.639227 -0.639228
    outer loop
      vertex -44.8284 26.3104 -33.7937
      vertex -44.2961 4.91915 -12.7585
      vertex -44.8284 5.09716 -12.5805
    endloop
  endfacet
  facet normal -0.427613 -0.639198 -0.639197
    outer loop
      vertex -44.2961 4.91915 -12.7585
      vertex -44.8284 26.3104 -33.7937
      vertex -44.2961 26.1323 -33.9717
    endloop
  endfacet
  facet normal -0.970016 -0.171857 -0.171857
    outer loop
      vertex -47.7416 28.8205 -31.2836
      vertex -47.8847 8.01114 -9.66653
      vertex -47.8847 29.2243 -30.8797
    endloop
  endfacet
  facet normal -0.970019 -0.171847 -0.171848
    outer loop
      vertex -47.8847 8.01114 -9.66653
      vertex -47.7416 28.8205 -31.2836
      vertex -47.7416 7.60726 -10.0704
    endloop
  endfacet
  facet normal 0.336854 0.665782 0.665781
    outer loop
      vertex -40.2583 12.8988 -4.77888
      vertex -39.7039 33.9717 -26.1323
      vertex -40.2583 34.112 -25.9921
    endloop
  endfacet
  facet normal 0.336928 0.665762 0.665763
    outer loop
      vertex -39.7039 33.9717 -26.1323
      vertex -40.2583 12.8988 -4.77888
      vertex -39.7039 12.7585 -4.91915
    endloop
  endfacet
  facet normal 0.989176 -0.103757 -0.103757
    outer loop
      vertex -36.0289 8.42298 -9.25469
      vertex -36.1153 29.2243 -30.8797
      vertex -36.0289 29.6362 -30.4679
    endloop
  endfacet
  facet normal 0.989175 -0.10376 -0.10376
    outer loop
      vertex -36.1153 29.2243 -30.8797
      vertex -36.0289 8.42298 -9.25469
      vertex -36.1153 8.01114 -9.66653
    endloop
  endfacet
  facet normal -0.146642 0.699461 0.699465
    outer loop
      vertex -42.5881 34.2743 -25.8298
      vertex -43.1705 13 -4.67772
      vertex -42.5881 13.061 -4.61662
    endloop
  endfacet
  facet normal -0.14676 0.69945 0.699451
    outer loop
      vertex -43.1705 13 -4.67772
      vertex -42.5881 34.2743 -25.8298
      vertex -43.1705 34.2132 -25.8909
    endloop
  endfacet
  facet normal 0.427524 -0.639227 -0.639228
    outer loop
      vertex -39.7039 4.91915 -12.7585
      vertex -39.1716 26.3104 -33.7937
      vertex -39.1716 5.09716 -12.5805
    endloop
  endfacet
  facet normal 0.427613 -0.639198 -0.639197
    outer loop
      vertex -39.1716 26.3104 -33.7937
      vertex -39.7039 4.91915 -12.7585
      vertex -39.7039 26.1323 -33.9717
    endloop
  endfacet
  facet normal -0.67162 0.523892 0.523893
    outer loop
      vertex -46.2426 33.052 -27.052
      vertex -45.8064 12.1184 -5.55923
      vertex -45.8064 33.3316 -26.7724
    endloop
  endfacet
  facet normal -0.67162 0.523892 0.523893
    outer loop
      vertex -45.8064 12.1184 -5.55923
      vertex -46.2426 33.052 -27.052
      vertex -46.2426 11.8388 -5.83883
    endloop
  endfacet
  facet normal -1.73436e-06 0.707082 -0.707132
    outer loop
      vertex -41.6079 32.8668 -27.2372
      vertex -42 34.2947 -25.8094
      vertex -41.4119 34.2743 -25.8298
    endloop
  endfacet
  facet normal -4.53084e-15 0.707107 -0.707107
    outer loop
      vertex -41.2196 32.8261 -27.278
      vertex -41.4119 34.2743 -25.8298
      vertex -40.8295 34.2132 -25.8909
    endloop
  endfacet
  facet normal 0.000180338 0.707107 -0.707107
    outer loop
      vertex -42 34.2947 -25.8094
      vertex -41.6079 32.8668 -27.2372
      vertex -42 32.8805 -27.2236
    endloop
  endfacet
  facet normal -4.34164e-15 0.707107 -0.707107
    outer loop
      vertex -40.8389 32.7587 -27.3454
      vertex -40.8295 34.2132 -25.8909
      vertex -40.2583 34.112 -25.9921
    endloop
  endfacet
  facet normal -0.000180338 0.707107 -0.707107
    outer loop
      vertex -42.3921 32.8668 -27.2372
      vertex -42 34.2947 -25.8094
      vertex -42 32.8805 -27.2236
    endloop
  endfacet
  facet normal 0.000123006 0.707098 -0.707116
    outer loop
      vertex -40.4693 32.6652 -27.4389
      vertex -40.2583 34.112 -25.9921
      vertex -39.7039 33.9717 -26.1323
    endloop
  endfacet
  facet normal 1.73436e-06 0.707082 -0.707132
    outer loop
      vertex -42 34.2947 -25.8094
      vertex -42.3921 32.8668 -27.2372
      vertex -42.5881 34.2743 -25.8298
    endloop
  endfacet
  facet normal -0.00010603 0.707147 -0.707067
    outer loop
      vertex -40.1144 32.5465 -27.5576
      vertex -39.7039 33.9717 -26.1323
      vertex -39.1716 33.7937 -26.3104
    endloop
  endfacet
  facet normal 0.000184677 0.707095 -0.707119
    outer loop
      vertex -42.7804 32.8261 -27.278
      vertex -42.5881 34.2743 -25.8298
      vertex -42.3921 32.8668 -27.2372
    endloop
  endfacet
  facet normal -1.78522e-05 0.707086 -0.707128
    outer loop
      vertex -39.4624 32.2384 -27.8656
      vertex -39.1716 33.7937 -26.3104
      vertex -38.6666 33.5797 -26.5244
    endloop
  endfacet
  facet normal 6.58499e-15 0.707107 -0.707107
    outer loop
      vertex -43.1611 32.7587 -27.3454
      vertex -43.1705 34.2132 -25.8909
      vertex -42.7804 32.8261 -27.278
    endloop
  endfacet
  facet normal 0.000106719 0.707066 -0.707148
    outer loop
      vertex -39.1716 32.052 -28.052
      vertex -38.6666 33.5797 -26.5244
      vertex -38.1936 33.3316 -26.7724
    endloop
  endfacet
  facet normal 4.38884e-15 0.707107 -0.707107
    outer loop
      vertex -43.1705 34.2132 -25.8909
      vertex -43.1611 32.7587 -27.3454
      vertex -43.7417 34.112 -25.9921
    endloop
  endfacet
  facet normal 2.33252e-05 0.707125 -0.707089
    outer loop
      vertex -38.908 31.8464 -28.2577
      vertex -38.1936 33.3316 -26.7724
      vertex -37.7574 33.052 -27.052
    endloop
  endfacet
  facet normal 3.89362e-16 0.707107 -0.707107
    outer loop
      vertex -43.5307 32.6652 -27.4389
      vertex -43.7417 34.112 -25.9921
      vertex -43.1611 32.7587 -27.3454
    endloop
  endfacet
  facet normal -0.000123006 0.707098 -0.707116
    outer loop
      vertex -43.7417 34.112 -25.9921
      vertex -43.5307 32.6652 -27.4389
      vertex -44.2961 33.9717 -26.1323
    endloop
  endfacet
  facet normal 4.37746e-15 0.707107 -0.707107
    outer loop
      vertex -42.5881 34.2743 -25.8298
      vertex -42.7804 32.8261 -27.278
      vertex -43.1705 34.2132 -25.8909
    endloop
  endfacet
  facet normal -0.000184677 0.707095 -0.707119
    outer loop
      vertex -41.4119 34.2743 -25.8298
      vertex -41.2196 32.8261 -27.278
      vertex -41.6079 32.8668 -27.2372
    endloop
  endfacet
  facet normal -6.23096e-15 0.707107 -0.707107
    outer loop
      vertex -40.8295 34.2132 -25.8909
      vertex -40.8389 32.7587 -27.3454
      vertex -41.2196 32.8261 -27.278
    endloop
  endfacet
  facet normal 4.25944e-15 0.707107 -0.707107
    outer loop
      vertex -38.6741 31.6234 -28.4806
      vertex -37.7574 33.052 -27.052
      vertex -37.3619 32.7435 -27.3605
    endloop
  endfacet
  facet normal -5.66344e-16 0.707107 -0.707107
    outer loop
      vertex -40.2583 34.112 -25.9921
      vertex -40.4693 32.6652 -27.4389
      vertex -40.8389 32.7587 -27.3454
    endloop
  endfacet
  facet normal 1.51355e-05 0.707129 -0.707084
    outer loop
      vertex -39.7039 33.9717 -26.1323
      vertex -40.1144 32.5465 -27.5576
      vertex -40.4693 32.6652 -27.4389
    endloop
  endfacet
  facet normal -0.000113295 0.707153 -0.70706
    outer loop
      vertex -38.4723 31.3853 -28.7187
      vertex -37.3619 32.7435 -27.3605
      vertex -37.0112 32.4091 -27.695
    endloop
  endfacet
  facet normal 1.13268e-14 0.707107 -0.707107
    outer loop
      vertex -39.1716 33.7937 -26.3104
      vertex -39.7777 32.4038 -27.7003
      vertex -40.1144 32.5465 -27.5576
    endloop
  endfacet
  facet normal 0.000182524 0.707067 -0.707147
    outer loop
      vertex -39.1716 33.7937 -26.3104
      vertex -39.4624 32.2384 -27.8656
      vertex -39.7777 32.4038 -27.7003
    endloop
  endfacet
  facet normal -2.44821e-05 0.707088 -0.707126
    outer loop
      vertex -38.6666 33.5797 -26.5244
      vertex -39.1716 32.052 -28.052
      vertex -39.4624 32.2384 -27.8656
    endloop
  endfacet
  facet normal -2.97883e-05 0.707094 -0.707119
    outer loop
      vertex -38.3045 31.1344 -28.9696
      vertex -37.0112 32.4091 -27.695
      vertex -36.7085 32.052 -28.0521
    endloop
  endfacet
  facet normal -0.000168047 0.707171 -0.707043
    outer loop
      vertex -38.1936 33.3316 -26.7724
      vertex -38.908 31.8464 -28.2577
      vertex -39.1716 32.052 -28.052
    endloop
  endfacet
  facet normal 9.83364e-05 0.707046 -0.707168
    outer loop
      vertex -38.1722 30.8731 -29.231
      vertex -36.7085 32.052 -28.0521
      vertex -36.4567 31.6756 -28.4284
    endloop
  endfacet
  facet normal 0.00018758 0.707047 -0.707167
    outer loop
      vertex -37.7574 33.052 -27.052
      vertex -38.6741 31.6234 -28.4806
      vertex -38.908 31.8464 -28.2577
    endloop
  endfacet
  facet normal 1.16633e-15 0.707107 -0.707107
    outer loop
      vertex -37.3619 32.7435 -27.3605
      vertex -38.4723 31.3853 -28.7187
      vertex -38.6741 31.6234 -28.4806
    endloop
  endfacet
  facet normal -8.94e-05 0.707174 -0.707039
    outer loop
      vertex -38.0769 30.6038 -29.5002
      vertex -36.4567 31.6756 -28.4284
      vertex -36.2584 31.2836 -28.8205
    endloop
  endfacet
  facet normal -3.29534e-05 0.707096 -0.707118
    outer loop
      vertex -37.0112 32.4091 -27.695
      vertex -38.3045 31.1344 -28.9696
      vertex -38.4723 31.3853 -28.7187
    endloop
  endfacet
  facet normal 2.34576e-05 0.707023 -0.70719
    outer loop
      vertex -38.0769 30.6038 -29.5002
      vertex -36.2584 31.2836 -28.8205
      vertex -36.1153 30.8797 -29.2243
    endloop
  endfacet
  facet normal -0.0001548 0.707203 -0.707011
    outer loop
      vertex -36.7085 32.052 -28.0521
      vertex -38.1722 30.8731 -29.231
      vertex -38.3045 31.1344 -28.9696
    endloop
  endfacet
  facet normal 0.00014077 0.707 -0.707213
    outer loop
      vertex -36.4567 31.6756 -28.4284
      vertex -38.0769 30.6038 -29.5002
      vertex -38.1722 30.8731 -29.231
    endloop
  endfacet
  facet normal -1.17834e-05 0.707191 -0.707022
    outer loop
      vertex -38.0193 30.3293 -29.7748
      vertex -36.1153 30.8797 -29.2243
      vertex -36.0289 30.4679 -29.6362
    endloop
  endfacet
  facet normal -3.51864e-05 0.707232 -0.706982
    outer loop
      vertex -36.1153 30.8797 -29.2243
      vertex -38.0193 30.3293 -29.7748
      vertex -38.0769 30.6038 -29.5002
    endloop
  endfacet
  facet normal 0 0.707022 -0.707192
    outer loop
      vertex -38 30.052 -30.052
      vertex -36.0289 30.4679 -29.6362
      vertex -36 30.052 -30.052
    endloop
  endfacet
  facet normal 1.76741e-05 0.70698 -0.707234
    outer loop
      vertex -36.0289 30.4679 -29.6362
      vertex -38 30.052 -30.052
      vertex -38.0193 30.3293 -29.7748
    endloop
  endfacet
  facet normal 0 0.707192 -0.707022
    outer loop
      vertex -36.0289 29.6362 -30.4679
      vertex -38 30.052 -30.052
      vertex -36 30.052 -30.052
    endloop
  endfacet
  facet normal 1.76741e-05 0.707234 -0.70698
    outer loop
      vertex -38 30.052 -30.052
      vertex -36.0289 29.6362 -30.4679
      vertex -38.0193 29.7748 -30.3293
    endloop
  endfacet
  facet normal -1.17834e-05 0.707022 -0.707191
    outer loop
      vertex -36.1153 29.2243 -30.8797
      vertex -38.0193 29.7748 -30.3293
      vertex -36.0289 29.6362 -30.4679
    endloop
  endfacet
  facet normal -3.51864e-05 0.706982 -0.707232
    outer loop
      vertex -38.0193 29.7748 -30.3293
      vertex -36.1153 29.2243 -30.8797
      vertex -38.0769 29.5002 -30.6038
    endloop
  endfacet
  facet normal 2.34576e-05 0.70719 -0.707023
    outer loop
      vertex -36.2584 28.8205 -31.2836
      vertex -38.0769 29.5002 -30.6038
      vertex -36.1153 29.2243 -30.8797
    endloop
  endfacet
  facet normal -8.94e-05 0.707039 -0.707174
    outer loop
      vertex -36.4567 28.4284 -31.6756
      vertex -38.0769 29.5002 -30.6038
      vertex -36.2584 28.8205 -31.2836
    endloop
  endfacet
  facet normal 0.00014077 0.707213 -0.707
    outer loop
      vertex -38.0769 29.5002 -30.6038
      vertex -36.4567 28.4284 -31.6756
      vertex -38.1722 29.231 -30.8731
    endloop
  endfacet
  facet normal 9.83364e-05 0.707168 -0.707046
    outer loop
      vertex -36.7085 28.0521 -32.052
      vertex -38.1722 29.231 -30.8731
      vertex -36.4567 28.4284 -31.6756
    endloop
  endfacet
  facet normal -0.0001548 0.707011 -0.707203
    outer loop
      vertex -38.1722 29.231 -30.8731
      vertex -36.7085 28.0521 -32.052
      vertex -38.3045 28.9696 -31.1344
    endloop
  endfacet
  facet normal -2.97883e-05 0.707119 -0.707094
    outer loop
      vertex -37.0112 27.695 -32.4091
      vertex -38.3045 28.9696 -31.1344
      vertex -36.7085 28.0521 -32.052
    endloop
  endfacet
  facet normal -3.29534e-05 0.707118 -0.707096
    outer loop
      vertex -38.3045 28.9696 -31.1344
      vertex -37.0112 27.695 -32.4091
      vertex -38.4723 28.7187 -31.3853
    endloop
  endfacet
  facet normal -0.000113295 0.70706 -0.707153
    outer loop
      vertex -37.3619 27.3605 -32.7435
      vertex -38.4723 28.7187 -31.3853
      vertex -37.0112 27.695 -32.4091
    endloop
  endfacet
  facet normal 1.09344e-15 0.707107 -0.707107
    outer loop
      vertex -38.4723 28.7187 -31.3853
      vertex -37.3619 27.3605 -32.7435
      vertex -38.6741 28.4806 -31.6234
    endloop
  endfacet
  facet normal 4.21315e-15 0.707107 -0.707107
    outer loop
      vertex -37.7574 27.052 -33.052
      vertex -38.6741 28.4806 -31.6234
      vertex -37.3619 27.3605 -32.7435
    endloop
  endfacet
  facet normal 0.00018758 0.707167 -0.707047
    outer loop
      vertex -38.6741 28.4806 -31.6234
      vertex -37.7574 27.052 -33.052
      vertex -38.908 28.2577 -31.8464
    endloop
  endfacet
  facet normal 2.33252e-05 0.707089 -0.707125
    outer loop
      vertex -38.1936 26.7724 -33.3316
      vertex -38.908 28.2577 -31.8464
      vertex -37.7574 27.052 -33.052
    endloop
  endfacet
  facet normal -0.000168047 0.707043 -0.707171
    outer loop
      vertex -38.908 28.2577 -31.8464
      vertex -38.1936 26.7724 -33.3316
      vertex -39.1716 28.052 -32.052
    endloop
  endfacet
  facet normal 0.000106719 0.707148 -0.707066
    outer loop
      vertex -38.6666 26.5244 -33.5797
      vertex -39.1716 28.052 -32.052
      vertex -38.1936 26.7724 -33.3316
    endloop
  endfacet
  facet normal -2.44821e-05 0.707126 -0.707088
    outer loop
      vertex -39.1716 28.052 -32.052
      vertex -38.6666 26.5244 -33.5797
      vertex -39.4624 27.8656 -32.2384
    endloop
  endfacet
  facet normal -1.78522e-05 0.707128 -0.707086
    outer loop
      vertex -39.1716 26.3104 -33.7937
      vertex -39.4624 27.8656 -32.2384
      vertex -38.6666 26.5244 -33.5797
    endloop
  endfacet
  facet normal 0.000182524 0.707147 -0.707067
    outer loop
      vertex -39.4624 27.8656 -32.2384
      vertex -39.1716 26.3104 -33.7937
      vertex -39.7777 27.7003 -32.4038
    endloop
  endfacet
  facet normal 1.12914e-14 0.707107 -0.707107
    outer loop
      vertex -39.7777 27.7003 -32.4038
      vertex -39.1716 26.3104 -33.7937
      vertex -40.1144 27.5576 -32.5465
    endloop
  endfacet
  facet normal -0.00010603 0.707067 -0.707147
    outer loop
      vertex -39.7039 26.1323 -33.9717
      vertex -40.1144 27.5576 -32.5465
      vertex -39.1716 26.3104 -33.7937
    endloop
  endfacet
  facet normal 1.51355e-05 0.707084 -0.707129
    outer loop
      vertex -40.1144 27.5576 -32.5465
      vertex -39.7039 26.1323 -33.9717
      vertex -40.4693 27.4389 -32.6652
    endloop
  endfacet
  facet normal -1.51355e-05 0.707129 -0.707084
    outer loop
      vertex -43.8856 32.5465 -27.5576
      vertex -44.2961 33.9717 -26.1323
      vertex -43.5307 32.6652 -27.4389
    endloop
  endfacet
  facet normal 0.00010603 0.707147 -0.707067
    outer loop
      vertex -44.2961 33.9717 -26.1323
      vertex -43.8856 32.5465 -27.5576
      vertex -44.8284 33.7937 -26.3104
    endloop
  endfacet
  facet normal -1.12914e-14 0.707107 -0.707107
    outer loop
      vertex -44.2223 32.4038 -27.7003
      vertex -44.8284 33.7937 -26.3104
      vertex -43.8856 32.5465 -27.5576
    endloop
  endfacet
  facet normal -0.000182524 0.707067 -0.707147
    outer loop
      vertex -44.5376 32.2384 -27.8656
      vertex -44.8284 33.7937 -26.3104
      vertex -44.2223 32.4038 -27.7003
    endloop
  endfacet
  facet normal 1.78522e-05 0.707086 -0.707128
    outer loop
      vertex -44.8284 33.7937 -26.3104
      vertex -44.5376 32.2384 -27.8656
      vertex -45.3334 33.5797 -26.5244
    endloop
  endfacet
  facet normal 2.44821e-05 0.707088 -0.707126
    outer loop
      vertex -44.8284 32.052 -28.052
      vertex -45.3334 33.5797 -26.5244
      vertex -44.5376 32.2384 -27.8656
    endloop
  endfacet
  facet normal -0.000106719 0.707066 -0.707148
    outer loop
      vertex -45.3334 33.5797 -26.5244
      vertex -44.8284 32.052 -28.052
      vertex -45.8064 33.3316 -26.7724
    endloop
  endfacet
  facet normal 0.000168047 0.707171 -0.707043
    outer loop
      vertex -45.092 31.8464 -28.2577
      vertex -45.8064 33.3316 -26.7724
      vertex -44.8284 32.052 -28.052
    endloop
  endfacet
  facet normal -2.33252e-05 0.707125 -0.707089
    outer loop
      vertex -45.8064 33.3316 -26.7724
      vertex -45.092 31.8464 -28.2577
      vertex -46.2426 33.052 -27.052
    endloop
  endfacet
  facet normal -0.00018758 0.707047 -0.707167
    outer loop
      vertex -45.3259 31.6234 -28.4806
      vertex -46.2426 33.052 -27.052
      vertex -45.092 31.8464 -28.2577
    endloop
  endfacet
  facet normal -4.21315e-15 0.707107 -0.707107
    outer loop
      vertex -46.2426 33.052 -27.052
      vertex -45.3259 31.6234 -28.4806
      vertex -46.6381 32.7435 -27.3605
    endloop
  endfacet
  facet normal -1.09344e-15 0.707107 -0.707107
    outer loop
      vertex -45.5277 31.3853 -28.7187
      vertex -46.6381 32.7435 -27.3605
      vertex -45.3259 31.6234 -28.4806
    endloop
  endfacet
  facet normal 0.000113295 0.707153 -0.70706
    outer loop
      vertex -46.6381 32.7435 -27.3605
      vertex -45.5277 31.3853 -28.7187
      vertex -46.9888 32.4091 -27.695
    endloop
  endfacet
  facet normal 3.29534e-05 0.707096 -0.707118
    outer loop
      vertex -45.6955 31.1344 -28.9696
      vertex -46.9888 32.4091 -27.695
      vertex -45.5277 31.3853 -28.7187
    endloop
  endfacet
  facet normal 2.97883e-05 0.707094 -0.707119
    outer loop
      vertex -46.9888 32.4091 -27.695
      vertex -45.6955 31.1344 -28.9696
      vertex -47.2915 32.052 -28.0521
    endloop
  endfacet
  facet normal 0.0001548 0.707203 -0.707011
    outer loop
      vertex -45.8278 30.8731 -29.231
      vertex -47.2915 32.052 -28.0521
      vertex -45.6955 31.1344 -28.9696
    endloop
  endfacet
  facet normal -9.83364e-05 0.707046 -0.707168
    outer loop
      vertex -47.2915 32.052 -28.0521
      vertex -45.8278 30.8731 -29.231
      vertex -47.5433 31.6756 -28.4284
    endloop
  endfacet
  facet normal -0.00014077 0.707 -0.707213
    outer loop
      vertex -45.9231 30.6038 -29.5002
      vertex -47.5433 31.6756 -28.4284
      vertex -45.8278 30.8731 -29.231
    endloop
  endfacet
  facet normal 8.94e-05 0.707174 -0.707039
    outer loop
      vertex -47.5433 31.6756 -28.4284
      vertex -45.9231 30.6038 -29.5002
      vertex -47.7416 31.2836 -28.8205
    endloop
  endfacet
  facet normal -2.34576e-05 0.707023 -0.70719
    outer loop
      vertex -47.7416 31.2836 -28.8205
      vertex -45.9231 30.6038 -29.5002
      vertex -47.8847 30.8797 -29.2243
    endloop
  endfacet
  facet normal 3.51864e-05 0.707232 -0.706982
    outer loop
      vertex -45.9807 30.3293 -29.7748
      vertex -47.8847 30.8797 -29.2243
      vertex -45.9231 30.6038 -29.5002
    endloop
  endfacet
  facet normal 1.17834e-05 0.707191 -0.707022
    outer loop
      vertex -47.8847 30.8797 -29.2243
      vertex -45.9807 30.3293 -29.7748
      vertex -47.9711 30.4679 -29.6362
    endloop
  endfacet
  facet normal -1.76741e-05 0.70698 -0.707234
    outer loop
      vertex -46 30.052 -30.052
      vertex -47.9711 30.4679 -29.6362
      vertex -45.9807 30.3293 -29.7748
    endloop
  endfacet
  facet normal 0 0.707022 -0.707192
    outer loop
      vertex -46 30.052 -30.052
      vertex -48 30.052 -30.052
      vertex -47.9711 30.4679 -29.6362
    endloop
  endfacet
  facet normal -1.76741e-05 0.707234 -0.70698
    outer loop
      vertex -47.9711 29.6362 -30.4679
      vertex -46 30.052 -30.052
      vertex -45.9807 29.7748 -30.3293
    endloop
  endfacet
  facet normal 0 0.707192 -0.707022
    outer loop
      vertex -46 30.052 -30.052
      vertex -47.9711 29.6362 -30.4679
      vertex -48 30.052 -30.052
    endloop
  endfacet
  facet normal 3.51864e-05 0.706982 -0.707232
    outer loop
      vertex -47.8847 29.2243 -30.8797
      vertex -45.9807 29.7748 -30.3293
      vertex -45.9231 29.5002 -30.6038
    endloop
  endfacet
  facet normal -0.00014077 0.707213 -0.707
    outer loop
      vertex -47.5433 28.4284 -31.6756
      vertex -45.9231 29.5002 -30.6038
      vertex -45.8278 29.231 -30.8731
    endloop
  endfacet
  facet normal 1.17834e-05 0.707022 -0.707191
    outer loop
      vertex -45.9807 29.7748 -30.3293
      vertex -47.8847 29.2243 -30.8797
      vertex -47.9711 29.6362 -30.4679
    endloop
  endfacet
  facet normal 0.0001548 0.707011 -0.707203
    outer loop
      vertex -47.2915 28.0521 -32.052
      vertex -45.8278 29.231 -30.8731
      vertex -45.6955 28.9696 -31.1344
    endloop
  endfacet
  facet normal -2.34576e-05 0.70719 -0.707023
    outer loop
      vertex -45.9231 29.5002 -30.6038
      vertex -47.7416 28.8205 -31.2836
      vertex -47.8847 29.2243 -30.8797
    endloop
  endfacet
  facet normal 3.29534e-05 0.707118 -0.707096
    outer loop
      vertex -46.9888 27.695 -32.4091
      vertex -45.6955 28.9696 -31.1344
      vertex -45.5277 28.7187 -31.3853
    endloop
  endfacet
  facet normal -1.16633e-15 0.707107 -0.707107
    outer loop
      vertex -46.6381 27.3605 -32.7435
      vertex -45.5277 28.7187 -31.3853
      vertex -45.3259 28.4806 -31.6234
    endloop
  endfacet
  facet normal 8.94e-05 0.707039 -0.707174
    outer loop
      vertex -45.9231 29.5002 -30.6038
      vertex -47.5433 28.4284 -31.6756
      vertex -47.7416 28.8205 -31.2836
    endloop
  endfacet
  facet normal -0.00018758 0.707167 -0.707047
    outer loop
      vertex -46.2426 27.052 -33.052
      vertex -45.3259 28.4806 -31.6234
      vertex -45.092 28.2577 -31.8464
    endloop
  endfacet
  facet normal -9.83364e-05 0.707168 -0.707046
    outer loop
      vertex -45.8278 29.231 -30.8731
      vertex -47.2915 28.0521 -32.052
      vertex -47.5433 28.4284 -31.6756
    endloop
  endfacet
  facet normal 0.000168047 0.707043 -0.707171
    outer loop
      vertex -45.8064 26.7724 -33.3316
      vertex -45.092 28.2577 -31.8464
      vertex -44.8284 28.052 -32.052
    endloop
  endfacet
  facet normal 2.44821e-05 0.707126 -0.707088
    outer loop
      vertex -45.3334 26.5244 -33.5797
      vertex -44.8284 28.052 -32.052
      vertex -44.5376 27.8656 -32.2384
    endloop
  endfacet
  facet normal -0.000182524 0.707147 -0.707067
    outer loop
      vertex -44.8284 26.3104 -33.7937
      vertex -44.5376 27.8656 -32.2384
      vertex -44.2223 27.7003 -32.4038
    endloop
  endfacet
  facet normal 2.97883e-05 0.707119 -0.707094
    outer loop
      vertex -45.6955 28.9696 -31.1344
      vertex -46.9888 27.695 -32.4091
      vertex -47.2915 28.0521 -32.052
    endloop
  endfacet
  facet normal -1.13268e-14 0.707107 -0.707107
    outer loop
      vertex -44.8284 26.3104 -33.7937
      vertex -44.2223 27.7003 -32.4038
      vertex -43.8856 27.5576 -32.5465
    endloop
  endfacet
  facet normal -1.51355e-05 0.707084 -0.707129
    outer loop
      vertex -44.2961 26.1323 -33.9717
      vertex -43.8856 27.5576 -32.5465
      vertex -43.5307 27.4389 -32.6652
    endloop
  endfacet
  facet normal 0.000113295 0.70706 -0.707153
    outer loop
      vertex -45.5277 28.7187 -31.3853
      vertex -46.6381 27.3605 -32.7435
      vertex -46.9888 27.695 -32.4091
    endloop
  endfacet
  facet normal 5.66344e-16 0.707107 -0.707107
    outer loop
      vertex -43.7417 25.9921 -34.112
      vertex -43.5307 27.4389 -32.6652
      vertex -43.1611 27.3454 -32.7587
    endloop
  endfacet
  facet normal 6.23096e-15 0.707107 -0.707107
    outer loop
      vertex -43.1705 25.8909 -34.2132
      vertex -43.1611 27.3454 -32.7587
      vertex -42.7804 27.278 -32.8261
    endloop
  endfacet
  facet normal 0.000184677 0.707119 -0.707095
    outer loop
      vertex -42.5881 25.8298 -34.2743
      vertex -42.7804 27.278 -32.8261
      vertex -42.3921 27.2372 -32.8668
    endloop
  endfacet
  facet normal -0.000180338 0.707107 -0.707107
    outer loop
      vertex -42 25.8094 -34.2947
      vertex -42.3921 27.2372 -32.8668
      vertex -42 27.2236 -32.8805
    endloop
  endfacet
  facet normal 0.000123006 0.707116 -0.707098
    outer loop
      vertex -40.2583 25.9921 -34.112
      vertex -40.4693 27.4389 -32.6652
      vertex -39.7039 26.1323 -33.9717
    endloop
  endfacet
  facet normal -1.73436e-06 0.707132 -0.707082
    outer loop
      vertex -42 25.8094 -34.2947
      vertex -41.6079 27.2372 -32.8668
      vertex -41.4119 25.8298 -34.2743
    endloop
  endfacet
  facet normal -3.89362e-16 0.707107 -0.707107
    outer loop
      vertex -40.4693 27.4389 -32.6652
      vertex -40.2583 25.9921 -34.112
      vertex -40.8389 27.3454 -32.7587
    endloop
  endfacet
  facet normal 0.000180338 0.707107 -0.707107
    outer loop
      vertex -41.6079 27.2372 -32.8668
      vertex -42 25.8094 -34.2947
      vertex -42 27.2236 -32.8805
    endloop
  endfacet
  facet normal -4.38884e-15 0.707107 -0.707107
    outer loop
      vertex -40.8295 25.8909 -34.2132
      vertex -40.8389 27.3454 -32.7587
      vertex -40.2583 25.9921 -34.112
    endloop
  endfacet
  facet normal -6.58499e-15 0.707107 -0.707107
    outer loop
      vertex -40.8389 27.3454 -32.7587
      vertex -40.8295 25.8909 -34.2132
      vertex -41.2196 27.278 -32.8261
    endloop
  endfacet
  facet normal -4.37746e-15 0.707107 -0.707107
    outer loop
      vertex -41.4119 25.8298 -34.2743
      vertex -41.2196 27.278 -32.8261
      vertex -40.8295 25.8909 -34.2132
    endloop
  endfacet
  facet normal -0.000106719 0.707148 -0.707066
    outer loop
      vertex -44.8284 28.052 -32.052
      vertex -45.3334 26.5244 -33.5797
      vertex -45.8064 26.7724 -33.3316
    endloop
  endfacet
  facet normal -0.000184677 0.707119 -0.707095
    outer loop
      vertex -41.2196 27.278 -32.8261
      vertex -41.4119 25.8298 -34.2743
      vertex -41.6079 27.2372 -32.8668
    endloop
  endfacet
  facet normal -2.33252e-05 0.707089 -0.707125
    outer loop
      vertex -45.092 28.2577 -31.8464
      vertex -45.8064 26.7724 -33.3316
      vertex -46.2426 27.052 -33.052
    endloop
  endfacet
  facet normal 4.53084e-15 0.707107 -0.707107
    outer loop
      vertex -42.7804 27.278 -32.8261
      vertex -42.5881 25.8298 -34.2743
      vertex -43.1705 25.8909 -34.2132
    endloop
  endfacet
  facet normal -4.25944e-15 0.707107 -0.707107
    outer loop
      vertex -45.3259 28.4806 -31.6234
      vertex -46.2426 27.052 -33.052
      vertex -46.6381 27.3605 -32.7435
    endloop
  endfacet
  facet normal 0.00010603 0.707067 -0.707147
    outer loop
      vertex -43.8856 27.5576 -32.5465
      vertex -44.2961 26.1323 -33.9717
      vertex -44.8284 26.3104 -33.7937
    endloop
  endfacet
  facet normal 1.78522e-05 0.707128 -0.707086
    outer loop
      vertex -44.5376 27.8656 -32.2384
      vertex -44.8284 26.3104 -33.7937
      vertex -45.3334 26.5244 -33.5797
    endloop
  endfacet
  facet normal -0.000123006 0.707116 -0.707098
    outer loop
      vertex -43.5307 27.4389 -32.6652
      vertex -43.7417 25.9921 -34.112
      vertex -44.2961 26.1323 -33.9717
    endloop
  endfacet
  facet normal 4.34164e-15 0.707107 -0.707107
    outer loop
      vertex -43.1611 27.3454 -32.7587
      vertex -43.1705 25.8909 -34.2132
      vertex -43.7417 25.9921 -34.112
    endloop
  endfacet
  facet normal 1.73436e-06 0.707132 -0.707082
    outer loop
      vertex -42.3921 27.2372 -32.8668
      vertex -42 25.8094 -34.2947
      vertex -42.5881 25.8298 -34.2743
    endloop
  endfacet
  facet normal -0.595694 0.567956 0.567957
    outer loop
      vertex -45.8064 33.3316 -26.7724
      vertex -45.3334 12.3665 -5.31121
      vertex -45.3334 33.5797 -26.5244
    endloop
  endfacet
  facet normal -0.595709 0.567948 0.567949
    outer loop
      vertex -45.3334 12.3665 -5.31121
      vertex -45.8064 33.3316 -26.7724
      vertex -45.8064 12.1184 -5.55923
    endloop
  endfacet
  facet normal 0.242999 0.685912 0.685913
    outer loop
      vertex -40.2583 12.8988 -4.77888
      vertex -40.8295 34.2132 -25.8909
      vertex -40.8295 13 -4.67772
    endloop
  endfacet
  facet normal 0.243045 0.685905 0.685904
    outer loop
      vertex -40.8295 34.2132 -25.8909
      vertex -40.2583 12.8988 -4.77888
      vertex -40.2583 34.112 -25.9921
    endloop
  endfacet
  facet normal 0.998795 -0.0347062 -0.0347062
    outer loop
      vertex -36 8.83883 -8.83883
      vertex -36.0289 29.6362 -30.4679
      vertex -36 30.052 -30.052
    endloop
  endfacet
  facet normal 0.998795 -0.0347058 -0.0347058
    outer loop
      vertex -36.0289 29.6362 -30.4679
      vertex -36 8.83883 -8.83883
      vertex -36.0289 8.42298 -9.25469
    endloop
  endfacet
  facet normal -0.427524 0.639226 0.639228
    outer loop
      vertex -44.2961 33.9717 -26.1323
      vertex -44.8284 12.5805 -5.09716
      vertex -44.2961 12.7585 -4.91915
    endloop
  endfacet
  facet normal -0.427613 0.639198 0.639197
    outer loop
      vertex -44.8284 12.5805 -5.09716
      vertex -44.2961 33.9717 -26.1323
      vertex -44.8284 33.7937 -26.3104
    endloop
  endfacet
  facet normal -0.941589 -0.238129 -0.238129
    outer loop
      vertex -47.5433 28.4284 -31.6756
      vertex -47.7416 7.60726 -10.0704
      vertex -47.7416 28.8205 -31.2836
    endloop
  endfacet
  facet normal -0.941576 -0.238154 -0.238153
    outer loop
      vertex -47.7416 7.60726 -10.0704
      vertex -47.5433 28.4284 -31.6756
      vertex -47.5433 7.21525 -10.4624
    endloop
  endfacet
  facet normal 0.514092 0.606511 0.60651
    outer loop
      vertex -38.6666 12.3665 -5.31121
      vertex -39.1716 33.7937 -26.3104
      vertex -39.1716 12.5805 -5.09716
    endloop
  endfacet
  facet normal 0.514048 0.606529 0.606529
    outer loop
      vertex -39.1716 33.7937 -26.3104
      vertex -38.6666 12.3665 -5.31121
      vertex -38.6666 33.5797 -26.5244
    endloop
  endfacet
  facet normal 0.595694 0.567956 0.567957
    outer loop
      vertex -38.6666 12.3665 -5.31121
      vertex -38.1936 33.3316 -26.7724
      vertex -38.6666 33.5797 -26.5244
    endloop
  endfacet
  facet normal 0.595709 0.567948 0.567949
    outer loop
      vertex -38.1936 33.3316 -26.7724
      vertex -38.6666 12.3665 -5.31121
      vertex -38.1936 12.1184 -5.55923
    endloop
  endfacet
  facet normal 0.146642 -0.699463 -0.699462
    outer loop
      vertex -41.4119 4.61662 -13.061
      vertex -40.8295 25.8909 -34.2132
      vertex -40.8295 4.67772 -13
    endloop
  endfacet
  facet normal 0.14676 -0.699452 -0.699448
    outer loop
      vertex -40.8295 25.8909 -34.2132
      vertex -41.4119 4.61662 -13.061
      vertex -41.4119 25.8298 -34.2743
    endloop
  endfacet
  facet normal 0.740888 -0.474913 -0.474913
    outer loop
      vertex -37.3619 6.14733 -11.5303
      vertex -37.7574 27.052 -33.052
      vertex -37.3619 27.3605 -32.7435
    endloop
  endfacet
  facet normal 0.740888 -0.474913 -0.474913
    outer loop
      vertex -37.7574 27.052 -33.052
      vertex -37.3619 6.14733 -11.5303
      vertex -37.7574 5.83883 -11.8388
    endloop
  endfacet
  facet normal 0.80328 -0.421154 -0.421155
    outer loop
      vertex -37.0112 6.48175 -11.1959
      vertex -37.3619 27.3605 -32.7435
      vertex -37.0112 27.695 -32.4091
    endloop
  endfacet
  facet normal 0.803245 -0.421187 -0.421187
    outer loop
      vertex -37.3619 27.3605 -32.7435
      vertex -37.0112 6.48175 -11.1959
      vertex -37.3619 6.14733 -11.5303
    endloop
  endfacet
  facet normal 0.242999 -0.685912 -0.685913
    outer loop
      vertex -40.8295 4.67772 -13
      vertex -40.2583 25.9921 -34.112
      vertex -40.2583 4.77888 -12.8988
    endloop
  endfacet
  facet normal 0.243045 -0.685905 -0.685904
    outer loop
      vertex -40.2583 25.9921 -34.112
      vertex -40.8295 4.67772 -13
      vertex -40.8295 25.8909 -34.2132
    endloop
  endfacet
  facet normal 0.941589 -0.238129 -0.238129
    outer loop
      vertex -36.2584 7.60726 -10.0704
      vertex -36.4567 28.4284 -31.6756
      vertex -36.2584 28.8205 -31.2836
    endloop
  endfacet
  facet normal 0.941576 -0.238154 -0.238153
    outer loop
      vertex -36.4567 28.4284 -31.6756
      vertex -36.2584 7.60726 -10.0704
      vertex -36.4567 7.21525 -10.4624
    endloop
  endfacet
  facet normal -0.242999 0.685912 0.685913
    outer loop
      vertex -43.1705 34.2132 -25.8909
      vertex -43.7417 12.8988 -4.77888
      vertex -43.1705 13 -4.67772
    endloop
  endfacet
  facet normal -0.243045 0.685905 0.685904
    outer loop
      vertex -43.7417 12.8988 -4.77888
      vertex -43.1705 34.2132 -25.8909
      vertex -43.7417 34.112 -25.9921
    endloop
  endfacet
  facet normal -0.903944 -0.302396 -0.302395
    outer loop
      vertex -47.2915 28.0521 -32.052
      vertex -47.5433 7.21525 -10.4624
      vertex -47.5433 28.4284 -31.6756
    endloop
  endfacet
  facet normal -0.903961 -0.302369 -0.302369
    outer loop
      vertex -47.5433 7.21525 -10.4624
      vertex -47.2915 28.0521 -32.052
      vertex -47.2915 6.83887 -10.8388
    endloop
  endfacet
  facet normal -0.989176 0.103757 0.103757
    outer loop
      vertex -47.9711 30.4679 -29.6362
      vertex -47.8847 9.66653 -8.01114
      vertex -47.8847 30.8797 -29.2243
    endloop
  endfacet
  facet normal -0.989175 0.10376 0.10376
    outer loop
      vertex -47.8847 9.66653 -8.01114
      vertex -47.9711 30.4679 -29.6362
      vertex -47.9711 9.25469 -8.42298
    endloop
  endfacet
  facet normal 0.427524 0.639226 0.639228
    outer loop
      vertex -39.1716 12.5805 -5.09716
      vertex -39.7039 33.9717 -26.1323
      vertex -39.7039 12.7585 -4.91915
    endloop
  endfacet
  facet normal 0.427613 0.639198 0.639197
    outer loop
      vertex -39.7039 33.9717 -26.1323
      vertex -39.1716 12.5805 -5.09716
      vertex -39.1716 33.7937 -26.3104
    endloop
  endfacet
  facet normal -0.740888 -0.474913 -0.474913
    outer loop
      vertex -46.2426 27.052 -33.052
      vertex -46.6381 6.14733 -11.5303
      vertex -46.6381 27.3605 -32.7435
    endloop
  endfacet
  facet normal -0.740888 -0.474913 -0.474913
    outer loop
      vertex -46.6381 6.14733 -11.5303
      vertex -46.2426 27.052 -33.052
      vertex -46.2426 5.83883 -11.8388
    endloop
  endfacet
  facet normal -0.857725 -0.36353 -0.36353
    outer loop
      vertex -46.9888 27.695 -32.4091
      vertex -47.2915 6.83887 -10.8388
      vertex -47.2915 28.0521 -32.052
    endloop
  endfacet
  facet normal -0.857731 -0.363522 -0.363523
    outer loop
      vertex -47.2915 6.83887 -10.8388
      vertex -46.9888 27.695 -32.4091
      vertex -46.9888 6.48175 -11.1959
    endloop
  endfacet
  facet normal -0.336854 0.665782 0.665781
    outer loop
      vertex -44.2961 33.9717 -26.1323
      vertex -43.7417 12.8988 -4.77888
      vertex -43.7417 34.112 -25.9921
    endloop
  endfacet
  facet normal -0.336928 0.665762 0.665763
    outer loop
      vertex -43.7417 12.8988 -4.77888
      vertex -44.2961 33.9717 -26.1323
      vertex -44.2961 12.7585 -4.91915
    endloop
  endfacet
  facet normal -0.514092 -0.60651 -0.60651
    outer loop
      vertex -45.3334 26.5244 -33.5797
      vertex -44.8284 5.09716 -12.5805
      vertex -45.3334 5.31121 -12.3665
    endloop
  endfacet
  facet normal -0.514048 -0.606528 -0.606529
    outer loop
      vertex -44.8284 5.09716 -12.5805
      vertex -45.3334 26.5244 -33.5797
      vertex -44.8284 26.3104 -33.7937
    endloop
  endfacet
  facet normal -0.941589 0.238129 0.238129
    outer loop
      vertex -47.7416 31.2836 -28.8205
      vertex -47.5433 10.4624 -7.21525
      vertex -47.5433 31.6756 -28.4284
    endloop
  endfacet
  facet normal -0.941576 0.238154 0.238153
    outer loop
      vertex -47.5433 10.4624 -7.21525
      vertex -47.7416 31.2836 -28.8205
      vertex -47.7416 10.0704 -7.60726
    endloop
  endfacet
  facet normal 0.595694 -0.567957 -0.567956
    outer loop
      vertex -38.1936 5.55923 -12.1184
      vertex -38.6666 26.5244 -33.5797
      vertex -38.1936 26.7724 -33.3316
    endloop
  endfacet
  facet normal 0.595709 -0.567948 -0.567948
    outer loop
      vertex -38.6666 26.5244 -33.5797
      vertex -38.1936 5.55923 -12.1184
      vertex -38.6666 5.31121 -12.3665
    endloop
  endfacet
  facet normal 0.740888 0.474913 0.474913
    outer loop
      vertex -37.7574 11.8388 -5.83883
      vertex -37.3619 32.7435 -27.3605
      vertex -37.7574 33.052 -27.052
    endloop
  endfacet
  facet normal 0.740888 0.474913 0.474913
    outer loop
      vertex -37.3619 32.7435 -27.3605
      vertex -37.7574 11.8388 -5.83883
      vertex -37.3619 11.5303 -6.14733
    endloop
  endfacet
  facet normal -0.80328 -0.421154 -0.421155
    outer loop
      vertex -46.6381 27.3605 -32.7435
      vertex -46.9888 6.48175 -11.1959
      vertex -46.9888 27.695 -32.4091
    endloop
  endfacet
  facet normal -0.803245 -0.421187 -0.421187
    outer loop
      vertex -46.9888 6.48175 -11.1959
      vertex -46.6381 27.3605 -32.7435
      vertex -46.6381 6.14733 -11.5303
    endloop
  endfacet
  facet normal -0.514092 0.606511 0.60651
    outer loop
      vertex -44.8284 33.7937 -26.3104
      vertex -45.3334 12.3665 -5.31121
      vertex -44.8284 12.5805 -5.09716
    endloop
  endfacet
  facet normal -0.514048 0.606529 0.606529
    outer loop
      vertex -45.3334 12.3665 -5.31121
      vertex -44.8284 33.7937 -26.3104
      vertex -45.3334 33.5797 -26.5244
    endloop
  endfacet
  facet normal -0.989176 -0.103757 -0.103757
    outer loop
      vertex -47.8847 29.2243 -30.8797
      vertex -47.9711 8.42298 -9.25469
      vertex -47.9711 29.6362 -30.4679
    endloop
  endfacet
  facet normal -0.989175 -0.10376 -0.10376
    outer loop
      vertex -47.9711 8.42298 -9.25469
      vertex -47.8847 29.2243 -30.8797
      vertex -47.8847 8.01114 -9.66653
    endloop
  endfacet
  facet normal -0.903944 0.302396 0.302395
    outer loop
      vertex -47.5433 31.6756 -28.4284
      vertex -47.2915 10.8388 -6.83887
      vertex -47.2915 32.052 -28.0521
    endloop
  endfacet
  facet normal -0.903961 0.302369 0.302369
    outer loop
      vertex -47.2915 10.8388 -6.83887
      vertex -47.5433 31.6756 -28.4284
      vertex -47.5433 10.4624 -7.21525
    endloop
  endfacet
  facet normal -0.67162 -0.523893 -0.523892
    outer loop
      vertex -45.8064 26.7724 -33.3316
      vertex -46.2426 5.83883 -11.8388
      vertex -46.2426 27.052 -33.052
    endloop
  endfacet
  facet normal -0.67162 -0.523893 -0.523892
    outer loop
      vertex -46.2426 5.83883 -11.8388
      vertex -45.8064 26.7724 -33.3316
      vertex -45.8064 5.55923 -12.1184
    endloop
  endfacet
  facet normal -0.80328 0.421154 0.421155
    outer loop
      vertex -46.9888 32.4091 -27.695
      vertex -46.6381 11.5303 -6.14733
      vertex -46.6381 32.7435 -27.3605
    endloop
  endfacet
  facet normal -0.803245 0.421187 0.421186
    outer loop
      vertex -46.6381 11.5303 -6.14733
      vertex -46.9888 32.4091 -27.695
      vertex -46.9888 11.1959 -6.48175
    endloop
  endfacet
  facet normal -0.049153 -0.706254 -0.70625
    outer loop
      vertex -42.5881 25.8298 -34.2743
      vertex -42 4.59619 -13.0815
      vertex -42.5881 4.61662 -13.061
    endloop
  endfacet
  facet normal -0.0489973 -0.706257 -0.706258
    outer loop
      vertex -42 4.59619 -13.0815
      vertex -42.5881 25.8298 -34.2743
      vertex -42 25.8094 -34.2947
    endloop
  endfacet
  facet normal -0.998795 0.0347062 0.0347062
    outer loop
      vertex -48 30.052 -30.052
      vertex -47.9711 9.25469 -8.42298
      vertex -47.9711 30.4679 -29.6362
    endloop
  endfacet
  facet normal -0.998795 0.0347058 0.0347058
    outer loop
      vertex -47.9711 9.25469 -8.42298
      vertex -48 30.052 -30.052
      vertex -48 8.83883 -8.83883
    endloop
  endfacet
  facet normal -0.336928 -0.665763 -0.665762
    outer loop
      vertex -44.2961 26.1323 -33.9717
      vertex -43.7417 4.77888 -12.8988
      vertex -44.2961 4.91915 -12.7585
    endloop
  endfacet
  facet normal -0.336854 -0.665781 -0.665782
    outer loop
      vertex -43.7417 4.77888 -12.8988
      vertex -44.2961 26.1323 -33.9717
      vertex -43.7417 25.9921 -34.112
    endloop
  endfacet
  facet normal 0.67162 -0.523893 -0.523892
    outer loop
      vertex -37.7574 5.83883 -11.8388
      vertex -38.1936 26.7724 -33.3316
      vertex -37.7574 27.052 -33.052
    endloop
  endfacet
  facet normal 0.67162 -0.523893 -0.523892
    outer loop
      vertex -38.1936 26.7724 -33.3316
      vertex -37.7574 5.83883 -11.8388
      vertex -38.1936 5.55923 -12.1184
    endloop
  endfacet
  facet normal -0.67162 0.523892 0.523893
    outer loop
      vertex -39.4624 27.8656 -32.2384
      vertex -39.1716 6.83176 -10.8318
      vertex -39.1716 28.052 -32.052
    endloop
  endfacet
  facet normal -0.67162 0.523892 0.523893
    outer loop
      vertex -39.1716 6.83176 -10.8318
      vertex -39.4624 27.8656 -32.2384
      vertex -39.4624 6.64536 -11.0182
    endloop
  endfacet
  facet normal -0.989175 -0.103763 -0.103763
    outer loop
      vertex -38.0193 30.3293 -29.7748
      vertex -38.0769 9.38356 -8.27997
      vertex -38.0769 30.6038 -29.5002
    endloop
  endfacet
  facet normal -0.989175 -0.10376 -0.10376
    outer loop
      vertex -38.0769 9.38356 -8.27997
      vertex -38.0193 30.3293 -29.7748
      vertex -38.0193 9.109 -8.55453
    endloop
  endfacet
  facet normal -0.998791 -0.034764 -0.0347641
    outer loop
      vertex -38 30.052 -30.052
      vertex -38.0193 9.109 -8.55453
      vertex -38.0193 30.3293 -29.7748
    endloop
  endfacet
  facet normal -0.998791 -0.0347659 -0.0347659
    outer loop
      vertex -38.0193 9.109 -8.55453
      vertex -38 30.052 -30.052
      vertex -38 8.83176 -8.83176
    endloop
  endfacet
  facet normal -0.970079 -0.171678 -0.171678
    outer loop
      vertex -38.0769 30.6038 -29.5002
      vertex -38.1722 9.65281 -8.01072
      vertex -38.1722 30.8731 -29.231
    endloop
  endfacet
  facet normal -0.970079 -0.171678 -0.171678
    outer loop
      vertex -38.1722 9.65281 -8.01072
      vertex -38.0769 30.6038 -29.5002
      vertex -38.0769 9.38356 -8.27997
    endloop
  endfacet
  facet normal -0.42758 0.639209 0.639208
    outer loop
      vertex -40.4693 27.4389 -32.6652
      vertex -40.1144 6.33731 -11.3262
      vertex -40.1144 27.5576 -32.5465
    endloop
  endfacet
  facet normal -0.427536 0.639224 0.639223
    outer loop
      vertex -40.1144 6.33731 -11.3262
      vertex -40.4693 27.4389 -32.6652
      vertex -40.4693 6.21864 -11.4449
    endloop
  endfacet
  facet normal -0.427536 -0.639223 -0.639224
    outer loop
      vertex -40.4693 32.6652 -27.4389
      vertex -40.1144 11.3262 -6.33731
      vertex -40.4693 11.4449 -6.21864
    endloop
  endfacet
  facet normal -0.42758 -0.639208 -0.639209
    outer loop
      vertex -40.1144 11.3262 -6.33731
      vertex -40.4693 32.6652 -27.4389
      vertex -40.1144 32.5465 -27.5576
    endloop
  endfacet
  facet normal -0.242963 -0.685919 -0.685918
    outer loop
      vertex -41.2196 32.8261 -27.278
      vertex -40.8389 11.5384 -6.12513
      vertex -41.2196 11.6058 -6.05768
    endloop
  endfacet
  facet normal -0.242879 -0.685933 -0.685934
    outer loop
      vertex -40.8389 11.5384 -6.12513
      vertex -41.2196 32.8261 -27.278
      vertex -40.8389 32.7587 -27.3454
    endloop
  endfacet
  facet normal -0.514099 0.606507 0.606507
    outer loop
      vertex -39.7777 27.7003 -32.4038
      vertex -40.1144 6.33731 -11.3262
      vertex -39.7777 6.48001 -11.1835
    endloop
  endfacet
  facet normal -0.514099 0.606507 0.606507
    outer loop
      vertex -40.1144 6.33731 -11.3262
      vertex -39.7777 27.7003 -32.4038
      vertex -40.1144 27.5576 -32.5465
    endloop
  endfacet
  facet normal -0.0490291 0.706256 0.706257
    outer loop
      vertex -41.6079 27.2372 -32.8668
      vertex -42 6.00334 -11.6602
      vertex -41.6079 6.01696 -11.6466
    endloop
  endfacet
  facet normal -0.0491728 0.706252 0.706251
    outer loop
      vertex -42 6.00334 -11.6602
      vertex -41.6079 27.2372 -32.8668
      vertex -42 27.2236 -32.8805
    endloop
  endfacet
  facet normal -0.146841 0.699441 0.699442
    outer loop
      vertex -41.2196 27.278 -32.8261
      vertex -41.6079 6.01696 -11.6466
      vertex -41.2196 6.05768 -11.6058
    endloop
  endfacet
  facet normal -0.146806 0.699445 0.699446
    outer loop
      vertex -41.6079 6.01696 -11.6466
      vertex -41.2196 27.278 -32.8261
      vertex -41.6079 27.2372 -32.8668
    endloop
  endfacet
  facet normal -0.595696 0.567955 0.567956
    outer loop
      vertex -39.7777 27.7003 -32.4038
      vertex -39.4624 6.64536 -11.0182
      vertex -39.4624 27.8656 -32.2384
    endloop
  endfacet
  facet normal -0.595638 0.567986 0.567986
    outer loop
      vertex -39.4624 6.64536 -11.0182
      vertex -39.7777 27.7003 -32.4038
      vertex -39.7777 6.48001 -11.1835
    endloop
  endfacet
  facet normal -0.0490291 -0.706256 -0.706257
    outer loop
      vertex -42 32.8805 -27.2236
      vertex -41.6079 11.6466 -6.01696
      vertex -42 11.6602 -6.00334
    endloop
  endfacet
  facet normal -0.0491728 -0.706252 -0.706251
    outer loop
      vertex -41.6079 11.6466 -6.01696
      vertex -42 32.8805 -27.2236
      vertex -41.6079 32.8668 -27.2372
    endloop
  endfacet
  facet normal -0.514099 -0.606507 -0.606507
    outer loop
      vertex -40.1144 11.3262 -6.33731
      vertex -39.7777 32.4038 -27.7003
      vertex -39.7777 11.1835 -6.48001
    endloop
  endfacet
  facet normal -0.514099 -0.606507 -0.606507
    outer loop
      vertex -39.7777 32.4038 -27.7003
      vertex -40.1144 11.3262 -6.33731
      vertex -40.1144 32.5465 -27.5576
    endloop
  endfacet
  facet normal -0.970079 0.171678 0.171678
    outer loop
      vertex -38.1722 29.231 -30.8731
      vertex -38.0769 8.27997 -9.38356
      vertex -38.0769 29.5002 -30.6038
    endloop
  endfacet
  facet normal -0.970079 0.171678 0.171678
    outer loop
      vertex -38.0769 8.27997 -9.38356
      vertex -38.1722 29.231 -30.8731
      vertex -38.1722 8.01072 -9.65281
    endloop
  endfacet
  facet normal -0.740946 -0.474869 -0.474868
    outer loop
      vertex -38.908 31.8464 -28.2577
      vertex -39.1716 10.8318 -6.83176
      vertex -39.1716 32.052 -28.052
    endloop
  endfacet
  facet normal -0.741003 -0.474823 -0.474824
    outer loop
      vertex -39.1716 10.8318 -6.83176
      vertex -38.908 31.8464 -28.2577
      vertex -38.908 10.6261 -7.03743
    endloop
  endfacet
  facet normal -0.595696 -0.567955 -0.567956
    outer loop
      vertex -39.4624 32.2384 -27.8656
      vertex -39.7777 11.1835 -6.48001
      vertex -39.7777 32.4038 -27.7003
    endloop
  endfacet
  facet normal -0.595638 -0.567986 -0.567985
    outer loop
      vertex -39.7777 11.1835 -6.48001
      vertex -39.4624 32.2384 -27.8656
      vertex -39.4624 11.0182 -6.64536
    endloop
  endfacet
  facet normal -0.803136 -0.421291 -0.421291
    outer loop
      vertex -38.6741 31.6234 -28.4806
      vertex -38.908 10.6261 -7.03743
      vertex -38.908 31.8464 -28.2577
    endloop
  endfacet
  facet normal -0.803098 -0.421328 -0.421327
    outer loop
      vertex -38.908 10.6261 -7.03743
      vertex -38.6741 31.6234 -28.4806
      vertex -38.6741 10.4032 -7.26037
    endloop
  endfacet
  facet normal -0.989175 0.103763 0.103763
    outer loop
      vertex -38.0769 29.5002 -30.6038
      vertex -38.0193 8.55453 -9.109
      vertex -38.0193 29.7748 -30.3293
    endloop
  endfacet
  facet normal -0.989175 0.10376 0.10376
    outer loop
      vertex -38.0193 8.55453 -9.109
      vertex -38.0769 29.5002 -30.6038
      vertex -38.0769 8.27997 -9.38356
    endloop
  endfacet
  facet normal -0.904009 0.302297 0.302297
    outer loop
      vertex -38.4723 28.7187 -31.3853
      vertex -38.3045 7.74937 -9.91416
      vertex -38.3045 28.9696 -31.1344
    endloop
  endfacet
  facet normal -0.904029 0.302267 0.302268
    outer loop
      vertex -38.3045 7.74937 -9.91416
      vertex -38.4723 28.7187 -31.3853
      vertex -38.4723 7.49845 -10.1651
    endloop
  endfacet
  facet normal -0.998791 0.034764 0.034764
    outer loop
      vertex -38.0193 29.7748 -30.3293
      vertex -38 8.83176 -8.83176
      vertex -38 30.052 -30.052
    endloop
  endfacet
  facet normal -0.998791 0.0347659 0.0347659
    outer loop
      vertex -38 8.83176 -8.83176
      vertex -38.0193 29.7748 -30.3293
      vertex -38.0193 8.55453 -9.109
    endloop
  endfacet
  facet normal -0.33687 0.665778 0.665777
    outer loop
      vertex -40.4693 27.4389 -32.6652
      vertex -40.8389 6.12513 -11.5384
      vertex -40.4693 6.21864 -11.4449
    endloop
  endfacet
  facet normal -0.336854 0.665782 0.665781
    outer loop
      vertex -40.8389 6.12513 -11.5384
      vertex -40.4693 27.4389 -32.6652
      vertex -40.8389 27.3454 -32.7587
    endloop
  endfacet
  facet normal -0.941501 -0.238302 -0.238302
    outer loop
      vertex -38.1722 30.8731 -29.231
      vertex -38.3045 9.91416 -7.74937
      vertex -38.3045 31.1344 -28.9696
    endloop
  endfacet
  facet normal -0.941501 -0.238302 -0.238302
    outer loop
      vertex -38.3045 9.91416 -7.74937
      vertex -38.1722 30.8731 -29.231
      vertex -38.1722 9.65281 -8.01072
    endloop
  endfacet
  facet normal -0.803136 0.421291 0.421291
    outer loop
      vertex -38.908 28.2577 -31.8464
      vertex -38.6741 7.26037 -10.4032
      vertex -38.6741 28.4806 -31.6234
    endloop
  endfacet
  facet normal -0.803098 0.421328 0.421327
    outer loop
      vertex -38.6741 7.26037 -10.4032
      vertex -38.908 28.2577 -31.8464
      vertex -38.908 7.03743 -10.6261
    endloop
  endfacet
  facet normal -0.857756 0.363492 0.363493
    outer loop
      vertex -38.6741 28.4806 -31.6234
      vertex -38.4723 7.49845 -10.1651
      vertex -38.4723 28.7187 -31.3853
    endloop
  endfacet
  facet normal -0.857747 0.363504 0.363504
    outer loop
      vertex -38.4723 7.49845 -10.1651
      vertex -38.6741 28.4806 -31.6234
      vertex -38.6741 7.26037 -10.4032
    endloop
  endfacet
  facet normal -0.941501 0.238302 0.238302
    outer loop
      vertex -38.3045 28.9696 -31.1344
      vertex -38.1722 8.01072 -9.65281
      vertex -38.1722 29.231 -30.8731
    endloop
  endfacet
  facet normal -0.941501 0.238302 0.238302
    outer loop
      vertex -38.1722 8.01072 -9.65281
      vertex -38.3045 28.9696 -31.1344
      vertex -38.3045 7.74937 -9.91416
    endloop
  endfacet
  facet normal -0.904009 -0.302298 -0.302297
    outer loop
      vertex -38.3045 31.1344 -28.9696
      vertex -38.4723 10.1651 -7.49845
      vertex -38.4723 31.3853 -28.7187
    endloop
  endfacet
  facet normal -0.904029 -0.302268 -0.302268
    outer loop
      vertex -38.4723 10.1651 -7.49845
      vertex -38.3045 31.1344 -28.9696
      vertex -38.3045 9.91416 -7.74937
    endloop
  endfacet
  facet normal -0.146841 -0.699442 -0.699441
    outer loop
      vertex -41.6079 32.8668 -27.2372
      vertex -41.2196 11.6058 -6.05768
      vertex -41.6079 11.6466 -6.01696
    endloop
  endfacet
  facet normal -0.146806 -0.699446 -0.699445
    outer loop
      vertex -41.2196 11.6058 -6.05768
      vertex -41.6079 32.8668 -27.2372
      vertex -41.2196 32.8261 -27.278
    endloop
  endfacet
  facet normal -0.857756 -0.363493 -0.363492
    outer loop
      vertex -38.4723 31.3853 -28.7187
      vertex -38.6741 10.4032 -7.26037
      vertex -38.6741 31.6234 -28.4806
    endloop
  endfacet
  facet normal -0.857747 -0.363504 -0.363504
    outer loop
      vertex -38.6741 10.4032 -7.26037
      vertex -38.4723 31.3853 -28.7187
      vertex -38.4723 10.1651 -7.49845
    endloop
  endfacet
  facet normal -0.242963 0.685919 0.685918
    outer loop
      vertex -40.8389 27.3454 -32.7587
      vertex -41.2196 6.05768 -11.6058
      vertex -40.8389 6.12513 -11.5384
    endloop
  endfacet
  facet normal -0.242879 0.685933 0.685934
    outer loop
      vertex -41.2196 6.05768 -11.6058
      vertex -40.8389 27.3454 -32.7587
      vertex -41.2196 27.278 -32.8261
    endloop
  endfacet
  facet normal -0.67162 -0.523893 -0.523892
    outer loop
      vertex -39.1716 32.052 -28.052
      vertex -39.4624 11.0182 -6.64536
      vertex -39.4624 32.2384 -27.8656
    endloop
  endfacet
  facet normal -0.67162 -0.523893 -0.523892
    outer loop
      vertex -39.4624 11.0182 -6.64536
      vertex -39.1716 32.052 -28.052
      vertex -39.1716 10.8318 -6.83176
    endloop
  endfacet
  facet normal -0.33687 -0.665777 -0.665778
    outer loop
      vertex -40.8389 11.5384 -6.12513
      vertex -40.4693 32.6652 -27.4389
      vertex -40.4693 11.4449 -6.21864
    endloop
  endfacet
  facet normal -0.336854 -0.665781 -0.665782
    outer loop
      vertex -40.4693 32.6652 -27.4389
      vertex -40.8389 11.5384 -6.12513
      vertex -40.8389 32.7587 -27.3454
    endloop
  endfacet
  facet normal -0.740946 0.474868 0.474868
    outer loop
      vertex -39.1716 28.052 -32.052
      vertex -38.908 7.03743 -10.6261
      vertex -38.908 28.2577 -31.8464
    endloop
  endfacet
  facet normal -0.741003 0.474823 0.474824
    outer loop
      vertex -38.908 7.03743 -10.6261
      vertex -39.1716 28.052 -32.052
      vertex -39.1716 6.83176 -10.8318
    endloop
  endfacet
  facet normal -0.595743 0.56793 0.56793
    outer loop
      vertex 47.7397 36.9652 40.5008
      vertex 48.1338 27.2795 50.5999
      vertex 48.1338 37.1719 40.7075
    endloop
  endfacet
  facet normal -0.595743 0.56793 0.56793
    outer loop
      vertex 48.1338 27.2795 50.5999
      vertex 47.7397 36.9652 40.5008
      vertex 47.7397 27.0728 50.3932
    endloop
  endfacet
  facet normal 0.595646 0.567982 0.567982
    outer loop
      vertex 53.6895 27.2795 50.5999
      vertex 54.0837 36.9723 40.4937
      vertex 53.6895 37.179 40.7004
    endloop
  endfacet
  facet normal 0.595646 0.567982 0.567982
    outer loop
      vertex 54.0837 36.9723 40.4937
      vertex 53.6895 27.2795 50.5999
      vertex 54.0837 27.0728 50.3932
    endloop
  endfacet
  facet normal 0.67162 0.523892 0.523892
    outer loop
      vertex 54.0837 27.0728 50.3932
      vertex 54.4472 36.7393 40.2607
      vertex 54.0837 36.9723 40.4937
    endloop
  endfacet
  facet normal 0.67162 0.523892 0.523892
    outer loop
      vertex 54.4472 36.7393 40.2607
      vertex 54.0837 27.0728 50.3932
      vertex 54.4472 26.8398 50.1602
    endloop
  endfacet
  facet normal 0.51422 0.606456 0.606456
    outer loop
      vertex 53.6895 27.2795 50.5999
      vertex 53.2687 37.3574 40.8788
      vertex 53.2687 27.4579 50.7783
    endloop
  endfacet
  facet normal 0.51422 0.606456 0.606456
    outer loop
      vertex 53.2687 37.3574 40.8788
      vertex 53.6895 27.2795 50.5999
      vertex 53.6895 37.179 40.7004
    endloop
  endfacet
  facet normal 0.903983 -0.302336 -0.302336
    outer loop
      vertex 55.5311 22.9868 46.3072
      vertex 55.3213 32.5656 36.1011
      vertex 55.5311 32.8792 36.4148
    endloop
  endfacet
  facet normal 0.903957 -0.302377 -0.302374
    outer loop
      vertex 55.3213 32.5656 36.1011
      vertex 55.5311 22.9868 46.3072
      vertex 55.3213 22.6732 45.9936
    endloop
  endfacet
  facet normal 0.242954 0.68592 0.68592
    outer loop
      vertex 51.8871 27.8074 51.1278
      vertex 52.3631 37.6226 41.144
      vertex 51.8871 37.7069 41.2283
    endloop
  endfacet
  facet normal 0.242954 0.68592 0.68592
    outer loop
      vertex 52.3631 37.6226 41.144
      vertex 51.8871 27.8074 51.1278
      vertex 52.3631 27.7231 51.0435
    endloop
  endfacet
  facet normal 0.941554 0.238198 0.238198
    outer loop
      vertex 55.5311 25.6928 49.0132
      vertex 55.6964 35.2656 38.787
      vertex 55.5311 35.5923 39.1137
    endloop
  endfacet
  facet normal 0.941554 0.238198 0.238198
    outer loop
      vertex 55.6964 35.2656 38.787
      vertex 55.5311 25.6928 49.0132
      vertex 55.6964 25.3661 48.6865
    endloop
  endfacet
  facet normal -0.427423 0.639261 0.639261
    outer loop
      vertex 48.9983 37.4986 41.0342
      vertex 48.5547 27.4579 50.7783
      vertex 48.9983 27.6062 50.9266
    endloop
  endfacet
  facet normal -0.427541 0.639225 0.639219
    outer loop
      vertex 48.5547 27.4579 50.7783
      vertex 48.9983 37.4986 41.0342
      vertex 48.5547 37.3503 40.8858
    endloop
  endfacet
  facet normal 0.51422 -0.606456 -0.606456
    outer loop
      vertex 53.2687 21.2217 44.5421
      vertex 53.6895 31.2925 34.8281
      vertex 53.6895 21.4001 44.7205
    endloop
  endfacet
  facet normal 0.514114 -0.606498 -0.606504
    outer loop
      vertex 53.6895 31.2925 34.8281
      vertex 53.2687 21.2217 44.5421
      vertex 53.2687 31.1142 34.6497
    endloop
  endfacet
  facet normal 0.336918 -0.665765 -0.665765
    outer loop
      vertex 52.3631 20.9565 44.2769
      vertex 52.8251 30.9658 34.5014
      vertex 52.8251 21.0734 44.3938
    endloop
  endfacet
  facet normal 0.336918 -0.665765 -0.665765
    outer loop
      vertex 52.8251 30.9658 34.5014
      vertex 52.3631 20.9565 44.2769
      vertex 52.3631 30.8489 34.3845
    endloop
  endfacet
  facet normal 0.740929 -0.474883 -0.474878
    outer loop
      vertex 54.7767 22.0969 45.4173
      vertex 54.4472 31.7322 35.2678
      vertex 54.7767 31.9893 35.5248
    endloop
  endfacet
  facet normal 0.740994 -0.47483 -0.47483
    outer loop
      vertex 54.4472 31.7322 35.2678
      vertex 54.7767 22.0969 45.4173
      vertex 54.4472 21.8398 45.1602
    endloop
  endfacet
  facet normal -0.336918 0.665765 0.665765
    outer loop
      vertex 49.4603 37.6155 41.1511
      vertex 48.9983 27.6062 50.9266
      vertex 49.4603 27.7231 51.0435
    endloop
  endfacet
  facet normal -0.336918 0.665765 0.665765
    outer loop
      vertex 48.9983 27.6062 50.9266
      vertex 49.4603 37.6155 41.1511
      vertex 48.9983 37.4986 41.0342
    endloop
  endfacet
  facet normal -0.67162 0.523892 0.523892
    outer loop
      vertex 47.3762 36.7322 40.2678
      vertex 47.7397 27.0728 50.3932
      vertex 47.7397 36.9652 40.5008
    endloop
  endfacet
  facet normal -0.67162 0.523892 0.523892
    outer loop
      vertex 47.7397 27.0728 50.3932
      vertex 47.3762 36.7322 40.2678
      vertex 47.3762 26.8398 50.1602
    endloop
  endfacet
  facet normal 0.970041 0.171786 0.171786
    outer loop
      vertex 55.6964 25.3661 48.6865
      vertex 55.8156 34.9291 38.4504
      vertex 55.6964 35.2656 38.787
    endloop
  endfacet
  facet normal 0.970041 0.171786 0.171786
    outer loop
      vertex 55.8156 34.9291 38.4504
      vertex 55.6964 25.3661 48.6865
      vertex 55.8156 25.0296 48.3499
    endloop
  endfacet
  facet normal -0.0489956 0.706254 0.706261
    outer loop
      vertex 50.9117 37.7678 41.3033
      vertex 50.4216 27.8583 51.1787
      vertex 50.9117 27.8753 51.1957
    endloop
  endfacet
  facet normal -0.0491394 0.706253 0.706253
    outer loop
      vertex 50.4216 27.8583 51.1787
      vertex 50.9117 37.7678 41.3033
      vertex 50.4216 37.7507 41.2863
    endloop
  endfacet
  facet normal 0.146723 -0.699454 -0.699454
    outer loop
      vertex 51.4018 20.8213 44.1417
      vertex 51.8871 30.7646 34.3002
      vertex 51.8871 20.8722 44.1926
    endloop
  endfacet
  facet normal 0.146723 -0.699454 -0.699454
    outer loop
      vertex 51.8871 30.7646 34.3002
      vertex 51.4018 20.8213 44.1417
      vertex 51.4018 30.7137 34.2493
    endloop
  endfacet
  facet normal -0.970041 -0.171786 -0.171786
    outer loop
      vertex 46.127 33.2059 36.7415
      vertex 46.0078 23.6501 46.9704
      vertex 46.0078 33.5425 37.078
    endloop
  endfacet
  facet normal -0.970041 -0.171786 -0.171786
    outer loop
      vertex 46.0078 23.6501 46.9704
      vertex 46.127 33.2059 36.7415
      vertex 46.127 23.3135 46.6339
    endloop
  endfacet
  facet normal 0.857692 -0.36357 -0.363566
    outer loop
      vertex 55.3213 22.6732 45.9936
      vertex 55.069 32.268 35.8035
      vertex 55.3213 32.5656 36.1011
    endloop
  endfacet
  facet normal 0.857692 -0.36357 -0.363566
    outer loop
      vertex 55.069 32.268 35.8035
      vertex 55.3213 22.6732 45.9936
      vertex 55.069 22.3756 45.696
    endloop
  endfacet
  facet normal 0.803222 0.421209 0.421209
    outer loop
      vertex 54.7767 26.5827 49.9031
      vertex 55.069 36.2035 39.7249
      vertex 54.7767 36.4822 40.0036
    endloop
  endfacet
  facet normal 0.803222 0.421209 0.421209
    outer loop
      vertex 55.069 36.2035 39.7249
      vertex 54.7767 26.5827 49.9031
      vertex 55.069 26.304 49.6244
    endloop
  endfacet
  facet normal 0.595646 -0.567982 -0.567982
    outer loop
      vertex 54.0837 21.6068 44.9272
      vertex 53.6895 31.2925 34.8281
      vertex 54.0837 31.4992 35.0348
    endloop
  endfacet
  facet normal 0.595646 -0.567982 -0.567982
    outer loop
      vertex 53.6895 31.2925 34.8281
      vertex 54.0837 21.6068 44.9272
      vertex 53.6895 21.4001 44.7205
    endloop
  endfacet
  facet normal -0.989175 0.10376 0.10376
    outer loop
      vertex 45.9358 34.5788 38.1143
      vertex 46.0078 25.0296 48.3499
      vertex 46.0078 34.922 38.4575
    endloop
  endfacet
  facet normal -0.989175 0.10376 0.10376
    outer loop
      vertex 46.0078 25.0296 48.3499
      vertex 45.9358 34.5788 38.1143
      vertex 45.9358 24.6864 48.0067
    endloop
  endfacet
  facet normal -0.67162 -0.523892 -0.523892
    outer loop
      vertex 47.7397 31.4992 35.0348
      vertex 47.3762 21.8398 45.1602
      vertex 47.3762 31.7322 35.2678
    endloop
  endfacet
  facet normal -0.67162 -0.523892 -0.523892
    outer loop
      vertex 47.3762 21.8398 45.1602
      vertex 47.7397 31.4992 35.0348
      vertex 47.7397 21.6068 44.9272
    endloop
  endfacet
  facet normal -0.51413 -0.606494 -0.606494
    outer loop
      vertex 48.1338 31.2925 34.8281
      vertex 48.5547 21.2217 44.5421
      vertex 48.1338 21.4001 44.7205
    endloop
  endfacet
  facet normal -0.514024 -0.606536 -0.606542
    outer loop
      vertex 48.5547 21.2217 44.5421
      vertex 48.1338 31.2925 34.8281
      vertex 48.5547 31.1142 34.6497
    endloop
  endfacet
  facet normal 0.857692 0.363568 0.363568
    outer loop
      vertex 55.069 26.304 49.6244
      vertex 55.3213 35.9059 39.4273
      vertex 55.069 36.2035 39.7249
    endloop
  endfacet
  facet normal 0.857692 0.363568 0.363568
    outer loop
      vertex 55.3213 35.9059 39.4273
      vertex 55.069 26.304 49.6244
      vertex 55.3213 26.0064 49.3268
    endloop
  endfacet
  facet normal -0.857782 -0.363464 -0.36346
    outer loop
      vertex 46.7543 32.268 35.8035
      vertex 46.5021 22.6732 45.9936
      vertex 46.5021 32.5656 36.1011
    endloop
  endfacet
  facet normal -0.857782 -0.363464 -0.36346
    outer loop
      vertex 46.5021 22.6732 45.9936
      vertex 46.7543 32.268 35.8035
      vertex 46.7543 22.3756 45.696
    endloop
  endfacet
  facet normal -0.146693 0.699457 0.699457
    outer loop
      vertex 49.9362 37.6998 41.2354
      vertex 50.4216 27.8583 51.1787
      vertex 50.4216 37.7507 41.2863
    endloop
  endfacet
  facet normal -0.146693 0.699457 0.699457
    outer loop
      vertex 50.4216 27.8583 51.1787
      vertex 49.9362 37.6998 41.2354
      vertex 49.9362 27.8074 51.1278
    endloop
  endfacet
  facet normal -0.740828 0.47496 0.47496
    outer loop
      vertex 47.0466 36.4752 40.0107
      vertex 47.3762 26.8398 50.1602
      vertex 47.3762 36.7322 40.2678
    endloop
  endfacet
  facet normal -0.740893 0.474907 0.474912
    outer loop
      vertex 47.3762 26.8398 50.1602
      vertex 47.0466 36.4752 40.0107
      vertex 47.0466 26.5827 49.9031
    endloop
  endfacet
  facet normal 0.146723 0.699454 0.699454
    outer loop
      vertex 51.4018 27.8583 51.1787
      vertex 51.8871 37.7069 41.2283
      vertex 51.4018 37.7578 41.2792
    endloop
  endfacet
  facet normal 0.146723 0.699454 0.699454
    outer loop
      vertex 51.8871 37.7069 41.2283
      vertex 51.4018 27.8583 51.1787
      vertex 51.8871 27.8074 51.1278
    endloop
  endfacet
  facet normal -0.243002 0.685912 0.685912
    outer loop
      vertex 49.4603 37.6155 41.1511
      vertex 49.9362 27.8074 51.1278
      vertex 49.9362 37.6998 41.2354
    endloop
  endfacet
  facet normal -0.243002 0.685912 0.685912
    outer loop
      vertex 49.9362 27.8074 51.1278
      vertex 49.4603 37.6155 41.1511
      vertex 49.4603 27.7231 51.0435
    endloop
  endfacet
  facet normal 0.941554 -0.238198 -0.238198
    outer loop
      vertex 55.6964 23.3135 46.6339
      vertex 55.5311 32.8792 36.4148
      vertex 55.6964 33.2059 36.7415
    endloop
  endfacet
  facet normal 0.941554 -0.238198 -0.238198
    outer loop
      vertex 55.5311 32.8792 36.4148
      vertex 55.6964 23.3135 46.6339
      vertex 55.5311 22.9868 46.3072
    endloop
  endfacet
  facet normal -0.427423 -0.639258 -0.639264
    outer loop
      vertex 48.5547 31.1142 34.6497
      vertex 48.9983 21.0734 44.3938
      vertex 48.5547 21.2217 44.5421
    endloop
  endfacet
  facet normal -0.427541 -0.639222 -0.639222
    outer loop
      vertex 48.9983 21.0734 44.3938
      vertex 48.5547 31.1142 34.6497
      vertex 48.9983 30.9658 34.5014
    endloop
  endfacet
  facet normal 0 0.707107 -0.707107
    outer loop
      vertex 53.7401 36.2393 39.7607
      vertex 51.4018 37.7578 41.2792
      vertex 51.8871 37.7069 41.2283
    endloop
  endfacet
  facet normal 0 0.707107 -0.707107
    outer loop
      vertex 53.7401 36.2393 39.7607
      vertex 51.8871 37.7069 41.2283
      vertex 52.3631 37.6226 41.144
    endloop
  endfacet
  facet normal 0 0.707107 -0.707107
    outer loop
      vertex 53.7401 36.2393 39.7607
      vertex 52.3631 37.6226 41.144
      vertex 52.8251 37.5057 41.0271
    endloop
  endfacet
  facet normal 0 0.707107 -0.707107
    outer loop
      vertex 53.7401 36.2393 39.7607
      vertex 52.8251 37.5057 41.0271
      vertex 53.2687 37.3574 40.8788
    endloop
  endfacet
  facet normal 0 0.707107 -0.707107
    outer loop
      vertex 53.7401 36.2393 39.7607
      vertex 53.2687 37.3574 40.8788
      vertex 53.6895 37.179 40.7004
    endloop
  endfacet
  facet normal 0 0.707107 -0.707107
    outer loop
      vertex 53.7401 36.2393 39.7607
      vertex 53.6895 37.179 40.7004
      vertex 54.0837 36.9723 40.4937
    endloop
  endfacet
  facet normal 0 0.707107 -0.707107
    outer loop
      vertex 53.7401 36.2393 39.7607
      vertex 54.0837 36.9723 40.4937
      vertex 54.4472 36.7393 40.2607
    endloop
  endfacet
  facet normal 0 0.707107 -0.707107
    outer loop
      vertex 53.7401 36.2393 39.7607
      vertex 54.4472 36.7393 40.2607
      vertex 54.7767 36.4822 40.0036
    endloop
  endfacet
  facet normal 0.00227151 0.708852 -0.705354
    outer loop
      vertex 51.4018 37.7578 41.2792
      vertex 53.7401 36.2393 39.7607
      vertex 51.3689 37.759 41.2803
    endloop
  endfacet
  facet normal 0 0.707107 -0.707107
    outer loop
      vertex 55.069 36.2035 39.7249
      vertex 53.7401 36.2393 39.7607
      vertex 54.7767 36.4822 40.0036
    endloop
  endfacet
  facet normal 0 0.707107 -0.707107
    outer loop
      vertex 55.3213 35.9059 39.4273
      vertex 53.7401 36.2393 39.7607
      vertex 55.069 36.2035 39.7249
    endloop
  endfacet
  facet normal 0 0.707107 -0.707107
    outer loop
      vertex 55.5311 35.5923 39.1137
      vertex 53.7401 36.2393 39.7607
      vertex 55.3213 35.9059 39.4273
    endloop
  endfacet
  facet normal 0 0.707107 -0.707107
    outer loop
      vertex 55.6964 35.2656 38.787
      vertex 53.7401 36.2393 39.7607
      vertex 55.5311 35.5923 39.1137
    endloop
  endfacet
  facet normal 0.000126955 0.707234 -0.706979
    outer loop
      vertex 55.8156 34.9291 38.4504
      vertex 53.7401 36.2393 39.7607
      vertex 55.6964 35.2656 38.787
    endloop
  endfacet
  facet normal 0.00146315 0.707156 -0.707056
    outer loop
      vertex 55.8892 34.5626 38.084
      vertex 55.8156 34.9291 38.4504
      vertex 55.8876 34.5858 38.1072
    endloop
  endfacet
  facet normal -0.000178519 0.706992 -0.707221
    outer loop
      vertex 55.8156 34.9291 38.4504
      vertex 55.8892 34.5626 38.084
      vertex 53.7401 36.2393 39.7607
    endloop
  endfacet
  facet normal -0.51413 0.606497 0.606491
    outer loop
      vertex 48.5547 37.3503 40.8858
      vertex 48.1338 27.2795 50.5999
      vertex 48.5547 27.4579 50.7783
    endloop
  endfacet
  facet normal -0.514024 0.606539 0.606539
    outer loop
      vertex 48.1338 27.2795 50.5999
      vertex 48.5547 37.3503 40.8858
      vertex 48.1338 37.1719 40.7075
    endloop
  endfacet
  facet normal -0.998793 -0.0347294 -0.0347294
    outer loop
      vertex 45.9358 33.8857 37.4212
      vertex 45.9117 24.3398 47.6602
      vertex 45.9117 34.2322 37.7678
    endloop
  endfacet
  facet normal -0.998793 -0.0347294 -0.0347294
    outer loop
      vertex 45.9117 24.3398 47.6602
      vertex 45.9358 33.8857 37.4212
      vertex 45.9358 23.9933 47.3136
    endloop
  endfacet
  facet normal 0.740994 0.47483 0.47483
    outer loop
      vertex 54.4472 26.8398 50.1602
      vertex 54.7767 36.4822 40.0036
      vertex 54.4472 36.7393 40.2607
    endloop
  endfacet
  facet normal 0.740994 0.47483 0.47483
    outer loop
      vertex 54.7767 36.4822 40.0036
      vertex 54.4472 26.8398 50.1602
      vertex 54.7767 26.5827 49.9031
    endloop
  endfacet
  facet normal -0.803222 0.421207 0.421211
    outer loop
      vertex 46.7543 36.1965 39.732
      vertex 47.0466 26.5827 49.9031
      vertex 47.0466 36.4752 40.0107
    endloop
  endfacet
  facet normal -0.803222 0.421207 0.421211
    outer loop
      vertex 47.0466 26.5827 49.9031
      vertex 46.7543 36.1965 39.732
      vertex 46.7543 26.304 49.6244
    endloop
  endfacet
  facet normal -0.941554 0.238198 0.238198
    outer loop
      vertex 46.127 35.2585 38.7941
      vertex 46.2923 25.6928 49.0132
      vertex 46.2923 35.5852 39.1208
    endloop
  endfacet
  facet normal -0.941554 0.238198 0.238198
    outer loop
      vertex 46.2923 25.6928 49.0132
      vertex 46.127 35.2585 38.7941
      vertex 46.127 25.3661 48.6865
    endloop
  endfacet
  facet normal -0.803222 -0.421211 -0.421207
    outer loop
      vertex 47.0466 31.9893 35.5248
      vertex 46.7543 22.3756 45.696
      vertex 46.7543 32.268 35.8035
    endloop
  endfacet
  facet normal -0.803222 -0.421211 -0.421207
    outer loop
      vertex 46.7543 22.3756 45.696
      vertex 47.0466 31.9893 35.5248
      vertex 47.0466 22.0969 45.4173
    endloop
  endfacet
  facet normal 0.803222 -0.421211 -0.421207
    outer loop
      vertex 55.069 22.3756 45.696
      vertex 54.7767 31.9893 35.5248
      vertex 55.069 32.268 35.8035
    endloop
  endfacet
  facet normal 0.803222 -0.421211 -0.421207
    outer loop
      vertex 54.7767 31.9893 35.5248
      vertex 55.069 22.3756 45.696
      vertex 54.7767 22.0969 45.4173
    endloop
  endfacet
  facet normal 0.427423 0.639261 0.639261
    outer loop
      vertex 53.2687 27.4579 50.7783
      vertex 52.8251 37.5057 41.0271
      vertex 52.8251 27.6062 50.9266
    endloop
  endfacet
  facet normal 0.427423 0.639261 0.639261
    outer loop
      vertex 52.8251 37.5057 41.0271
      vertex 53.2687 27.4579 50.7783
      vertex 53.2687 37.3574 40.8788
    endloop
  endfacet
  facet normal 0.998813 0.0346861 0.0341976
    outer loop
      vertex 55.8876 34.5858 38.1072
      vertex 55.8892 34.5556 38.0911
      vertex 55.8892 34.5626 38.084
    endloop
  endfacet
  facet normal 0.998808 0.0345162 0.0345158
    outer loop
      vertex 55.8876 24.6864 48.0067
      vertex 55.8892 34.5556 38.0911
      vertex 55.8876 34.5858 38.1072
    endloop
  endfacet
  facet normal 0.998792 0.0347507 0.0347493
    outer loop
      vertex 55.8876 24.6864 48.0067
      vertex 55.9117 34.2322 37.7678
      vertex 55.8892 34.5556 38.0911
    endloop
  endfacet
  facet normal 0.998793 0.0347294 0.0347294
    outer loop
      vertex 55.9117 34.2322 37.7678
      vertex 55.8876 24.6864 48.0067
      vertex 55.9117 24.3398 47.6602
    endloop
  endfacet
  facet normal 0.989178 0.103745 0.103745
    outer loop
      vertex 55.8156 25.0296 48.3499
      vertex 55.8876 34.5858 38.1072
      vertex 55.8156 34.9291 38.4504
    endloop
  endfacet
  facet normal 0.989175 0.10376 0.103759
    outer loop
      vertex 55.8876 34.5858 38.1072
      vertex 55.8156 25.0296 48.3499
      vertex 55.8876 24.6864 48.0067
    endloop
  endfacet
  facet normal 0.903957 0.302376 0.302376
    outer loop
      vertex 55.3213 26.0064 49.3268
      vertex 55.5311 35.5923 39.1137
      vertex 55.3213 35.9059 39.4273
    endloop
  endfacet
  facet normal 0.903957 0.302376 0.302376
    outer loop
      vertex 55.5311 35.5923 39.1137
      vertex 55.3213 26.0064 49.3268
      vertex 55.5311 25.6928 49.0132
    endloop
  endfacet
  facet normal -0.857782 0.36346 0.363464
    outer loop
      vertex 46.5021 35.8989 39.4344
      vertex 46.7543 26.304 49.6244
      vertex 46.7543 36.1965 39.732
    endloop
  endfacet
  facet normal -0.857782 0.36346 0.363464
    outer loop
      vertex 46.7543 26.304 49.6244
      vertex 46.5021 35.8989 39.4344
      vertex 46.5021 26.0064 49.3268
    endloop
  endfacet
  facet normal -0.336918 -0.665765 -0.665765
    outer loop
      vertex 48.9983 30.9658 34.5014
      vertex 49.4603 20.9565 44.2769
      vertex 48.9983 21.0734 44.3938
    endloop
  endfacet
  facet normal -0.336918 -0.665765 -0.665765
    outer loop
      vertex 49.4603 20.9565 44.2769
      vertex 48.9983 30.9658 34.5014
      vertex 49.4603 30.8489 34.3845
    endloop
  endfacet
  facet normal 0.336918 0.665765 0.665765
    outer loop
      vertex 52.8251 27.6062 50.9266
      vertex 52.3631 37.6226 41.144
      vertex 52.3631 27.7231 51.0435
    endloop
  endfacet
  facet normal 0.336918 0.665765 0.665765
    outer loop
      vertex 52.3631 37.6226 41.144
      vertex 52.8251 27.6062 50.9266
      vertex 52.8251 37.5057 41.0271
    endloop
  endfacet
  facet normal -0.998793 0.0347294 0.0347294
    outer loop
      vertex 45.9117 34.2322 37.7678
      vertex 45.9358 24.6864 48.0067
      vertex 45.9358 34.5788 38.1143
    endloop
  endfacet
  facet normal -0.998793 0.0347294 0.0347294
    outer loop
      vertex 45.9358 24.6864 48.0067
      vertex 45.9117 34.2322 37.7678
      vertex 45.9117 24.3398 47.6602
    endloop
  endfacet
  facet normal -0.0489956 -0.706261 -0.706254
    outer loop
      vertex 50.4216 20.8213 44.1417
      vertex 50.9117 30.6967 34.2322
      vertex 50.9117 20.8043 44.1247
    endloop
  endfacet
  facet normal -0.0491394 -0.706253 -0.706253
    outer loop
      vertex 50.9117 30.6967 34.2322
      vertex 50.4216 20.8213 44.1417
      vertex 50.4216 30.7137 34.2493
    endloop
  endfacet
  facet normal -0.243002 -0.685912 -0.685912
    outer loop
      vertex 49.4603 30.8489 34.3845
      vertex 49.9362 20.8722 44.1926
      vertex 49.4603 20.9565 44.2769
    endloop
  endfacet
  facet normal -0.243002 -0.685912 -0.685912
    outer loop
      vertex 49.9362 20.8722 44.1926
      vertex 49.4603 30.8489 34.3845
      vertex 49.9362 30.7646 34.3002
    endloop
  endfacet
  facet normal -0.903983 0.302335 0.302338
    outer loop
      vertex 46.2923 35.5852 39.1208
      vertex 46.5021 26.0064 49.3268
      vertex 46.5021 35.8989 39.4344
    endloop
  endfacet
  facet normal -0.903957 0.302376 0.302376
    outer loop
      vertex 46.5021 26.0064 49.3268
      vertex 46.2923 35.5852 39.1208
      vertex 46.2923 25.6928 49.0132
    endloop
  endfacet
  facet normal 0.242954 -0.68592 -0.68592
    outer loop
      vertex 51.8871 20.8722 44.1926
      vertex 52.3631 30.8489 34.3845
      vertex 52.3631 20.9565 44.2769
    endloop
  endfacet
  facet normal 0.242954 -0.68592 -0.68592
    outer loop
      vertex 52.3631 30.8489 34.3845
      vertex 51.8871 20.8722 44.1926
      vertex 51.8871 30.7646 34.3002
    endloop
  endfacet
  facet normal -0.903983 -0.302336 -0.302336
    outer loop
      vertex 46.5021 32.5656 36.1011
      vertex 46.2923 22.9868 46.3072
      vertex 46.2923 32.8792 36.4148
    endloop
  endfacet
  facet normal -0.903957 -0.302377 -0.302374
    outer loop
      vertex 46.2923 22.9868 46.3072
      vertex 46.5021 32.5656 36.1011
      vertex 46.5021 22.6732 45.9936
    endloop
  endfacet
  facet normal 0.989175 -0.10376 -0.10376
    outer loop
      vertex 55.8876 23.9933 47.3136
      vertex 55.8156 33.5425 37.078
      vertex 55.8876 33.8857 37.4212
    endloop
  endfacet
  facet normal 0.989175 -0.10376 -0.10376
    outer loop
      vertex 55.8156 33.5425 37.078
      vertex 55.8876 23.9933 47.3136
      vertex 55.8156 23.6501 46.9704
    endloop
  endfacet
  facet normal 0.0489956 0.706254 0.706261
    outer loop
      vertex 51.4018 27.8583 51.1787
      vertex 50.9117 37.7678 41.3033
      vertex 50.9117 27.8753 51.1957
    endloop
  endfacet
  facet normal 0.0491226 0.706253 0.706254
    outer loop
      vertex 51.4018 27.8583 51.1787
      vertex 51.3689 37.7519 41.2874
      vertex 50.9117 37.7678 41.3033
    endloop
  endfacet
  facet normal 0.0493727 0.706244 0.706244
    outer loop
      vertex 51.4018 37.7578 41.2792
      vertex 51.3689 37.7519 41.2874
      vertex 51.4018 27.8583 51.1787
    endloop
  endfacet
  facet normal 0.0493727 0.706244 0.706244
    outer loop
      vertex 51.3689 37.7519 41.2874
      vertex 51.4018 37.7578 41.2792
      vertex 51.3689 37.759 41.2803
    endloop
  endfacet
  facet normal -0.146693 -0.699457 -0.699457
    outer loop
      vertex 49.9362 30.7646 34.3002
      vertex 50.4216 20.8213 44.1417
      vertex 49.9362 20.8722 44.1926
    endloop
  endfacet
  facet normal -0.146693 -0.699457 -0.699457
    outer loop
      vertex 50.4216 20.8213 44.1417
      vertex 49.9362 30.7646 34.3002
      vertex 50.4216 30.7137 34.2493
    endloop
  endfacet
  facet normal -0.970041 0.171786 0.171786
    outer loop
      vertex 46.0078 34.922 38.4575
      vertex 46.127 25.3661 48.6865
      vertex 46.127 35.2585 38.7941
    endloop
  endfacet
  facet normal -0.970041 0.171786 0.171786
    outer loop
      vertex 46.127 25.3661 48.6865
      vertex 46.0078 34.922 38.4575
      vertex 46.0078 25.0296 48.3499
    endloop
  endfacet
  facet normal -0.595743 -0.56793 -0.56793
    outer loop
      vertex 48.1338 31.2925 34.8281
      vertex 47.7397 21.6068 44.9272
      vertex 47.7397 31.4992 35.0348
    endloop
  endfacet
  facet normal -0.595743 -0.56793 -0.56793
    outer loop
      vertex 47.7397 21.6068 44.9272
      vertex 48.1338 31.2925 34.8281
      vertex 48.1338 21.4001 44.7205
    endloop
  endfacet
  facet normal -0.941554 -0.238198 -0.238198
    outer loop
      vertex 46.2923 32.8792 36.4148
      vertex 46.127 23.3135 46.6339
      vertex 46.127 33.2059 36.7415
    endloop
  endfacet
  facet normal -0.941554 -0.238198 -0.238198
    outer loop
      vertex 46.127 23.3135 46.6339
      vertex 46.2923 32.8792 36.4148
      vertex 46.2923 22.9868 46.3072
    endloop
  endfacet
  facet normal 0.970041 -0.171786 -0.171786
    outer loop
      vertex 55.8156 23.6501 46.9704
      vertex 55.6964 33.2059 36.7415
      vertex 55.8156 33.5425 37.078
    endloop
  endfacet
  facet normal 0.970041 -0.171786 -0.171786
    outer loop
      vertex 55.6964 33.2059 36.7415
      vertex 55.8156 23.6501 46.9704
      vertex 55.6964 23.3135 46.6339
    endloop
  endfacet
  facet normal 0.0489956 -0.706261 -0.706254
    outer loop
      vertex 50.9117 30.6967 34.2322
      vertex 51.4018 20.8213 44.1417
      vertex 50.9117 20.8043 44.1247
    endloop
  endfacet
  facet normal 0.0491394 -0.706253 -0.706253
    outer loop
      vertex 51.4018 20.8213 44.1417
      vertex 50.9117 30.6967 34.2322
      vertex 51.4018 30.7137 34.2493
    endloop
  endfacet
  facet normal -0.989175 -0.10376 -0.10376
    outer loop
      vertex 46.0078 33.5425 37.078
      vertex 45.9358 23.9933 47.3136
      vertex 45.9358 33.8857 37.4212
    endloop
  endfacet
  facet normal -0.989175 -0.10376 -0.10376
    outer loop
      vertex 45.9358 23.9933 47.3136
      vertex 46.0078 33.5425 37.078
      vertex 46.0078 23.6501 46.9704
    endloop
  endfacet
  facet normal 0.67162 -0.523892 -0.523892
    outer loop
      vertex 54.4472 21.8398 45.1602
      vertex 54.0837 31.4992 35.0348
      vertex 54.4472 31.7322 35.2678
    endloop
  endfacet
  facet normal 0.67162 -0.523892 -0.523892
    outer loop
      vertex 54.0837 31.4992 35.0348
      vertex 54.4472 21.8398 45.1602
      vertex 54.0837 21.6068 44.9272
    endloop
  endfacet
  facet normal -5.33012e-15 -0.707107 0.707107
    outer loop
      vertex 50.7549 25.4657 48.7861
      vertex 50.9117 27.8753 51.1957
      vertex 50.4216 27.8583 51.1787
    endloop
  endfacet
  facet normal 0 -0.707107 0.707107
    outer loop
      vertex 50.5995 25.4494 48.7698
      vertex 50.4216 27.8583 51.1787
      vertex 49.9362 27.8074 51.1278
    endloop
  endfacet
  facet normal -1.66604e-14 -0.707107 0.707107
    outer loop
      vertex 50.9117 27.8753 51.1957
      vertex 50.7549 25.4657 48.7861
      vertex 50.9117 25.4712 48.7916
    endloop
  endfacet
  facet normal 5.03704e-06 -0.707121 0.707093
    outer loop
      vertex 50.2994 25.3851 48.7054
      vertex 49.9362 27.8074 51.1278
      vertex 49.4603 27.7231 51.0435
    endloop
  endfacet
  facet normal 1.60227e-14 -0.707107 0.707107
    outer loop
      vertex 51.0685 25.4657 48.7861
      vertex 50.9117 27.8753 51.1957
      vertex 50.9117 25.4712 48.7916
    endloop
  endfacet
  facet normal -4.73301e-15 -0.707107 0.707107
    outer loop
      vertex 50.0228 25.2805 48.6009
      vertex 49.4603 27.7231 51.0435
      vertex 48.9983 27.6062 50.9266
    endloop
  endfacet
  facet normal 5.10109e-15 -0.707107 0.707107
    outer loop
      vertex 50.9117 27.8753 51.1957
      vertex 51.0685 25.4657 48.7861
      vertex 51.4018 27.8583 51.1787
    endloop
  endfacet
  facet normal 5.25891e-15 -0.707107 0.707107
    outer loop
      vertex 49.8967 25.2144 48.5348
      vertex 48.9983 27.6062 50.9266
      vertex 48.5547 27.4579 50.7783
    endloop
  endfacet
  facet normal 1.59428e-14 -0.707107 0.707107
    outer loop
      vertex 51.2238 25.4494 48.7698
      vertex 51.4018 27.8583 51.1787
      vertex 51.0685 25.4657 48.7861
    endloop
  endfacet
  facet normal -4.15172e-15 -0.707107 0.707107
    outer loop
      vertex 49.6749 25.0575 48.3779
      vertex 48.5547 27.4579 50.7783
      vertex 48.1338 27.2795 50.5999
    endloop
  endfacet
  facet normal -1.08285e-16 -0.707107 0.707107
    outer loop
      vertex 51.4018 27.8583 51.1787
      vertex 51.2238 25.4494 48.7698
      vertex 51.8871 27.8074 51.1278
    endloop
  endfacet
  facet normal 1.2079e-05 -0.707118 0.707095
    outer loop
      vertex 49.5813 24.9684 48.2887
      vertex 48.1338 27.2795 50.5999
      vertex 47.7397 27.0728 50.3932
    endloop
  endfacet
  facet normal 0.000442271 -0.707169 0.707045
    outer loop
      vertex 51.3761 25.4225 48.7428
      vertex 51.8871 27.8074 51.1278
      vertex 51.2238 25.4494 48.7698
    endloop
  endfacet
  facet normal 4.67181e-15 -0.707107 0.707107
    outer loop
      vertex 49.5006 24.8731 48.1935
      vertex 47.7397 27.0728 50.3932
      vertex 47.3762 26.8398 50.1602
    endloop
  endfacet
  facet normal -7.11204e-06 -0.707121 0.707093
    outer loop
      vertex 51.524 25.3851 48.7054
      vertex 51.8871 27.8074 51.1278
      vertex 51.3761 25.4225 48.7428
    endloop
  endfacet
  facet normal 1.50217e-05 -0.707116 0.707097
    outer loop
      vertex 49.4335 24.7728 48.0931
      vertex 47.3762 26.8398 50.1602
      vertex 47.0466 26.5827 49.9031
    endloop
  endfacet
  facet normal -0.000453949 -0.70704 0.707173
    outer loop
      vertex 51.6659 25.3376 48.658
      vertex 52.3631 27.7231 51.0435
      vertex 51.524 25.3851 48.7054
    endloop
  endfacet
  facet normal 5.18998e-16 -0.707107 0.707107
    outer loop
      vertex 49.3806 24.6682 47.9886
      vertex 47.0466 26.5827 49.9031
      vertex 46.7543 26.304 49.6244
    endloop
  endfacet
  facet normal 0 -0.707107 0.707107
    outer loop
      vertex 51.8006 25.2805 48.6009
      vertex 52.3631 27.7231 51.0435
      vertex 51.6659 25.3376 48.658
    endloop
  endfacet
  facet normal -2.33581e-15 -0.707107 0.707107
    outer loop
      vertex 49.3424 24.5605 47.8809
      vertex 46.7543 26.304 49.6244
      vertex 46.5021 26.0064 49.3268
    endloop
  endfacet
  facet normal 5.16029e-15 -0.707107 0.707107
    outer loop
      vertex 52.3631 27.7231 51.0435
      vertex 51.8006 25.2805 48.6009
      vertex 52.8251 27.6062 50.9266
    endloop
  endfacet
  facet normal 6.57455e-16 -0.707107 0.707107
    outer loop
      vertex 49.3424 24.5605 47.8809
      vertex 46.5021 26.0064 49.3268
      vertex 46.2923 25.6928 49.0132
    endloop
  endfacet
  facet normal 3.27836e-14 -0.707107 0.707107
    outer loop
      vertex 51.9267 25.2144 48.5348
      vertex 52.8251 27.6062 50.9266
      vertex 51.8006 25.2805 48.6009
    endloop
  endfacet
  facet normal -5.35751e-15 -0.707107 0.707107
    outer loop
      vertex 52.8251 27.6062 50.9266
      vertex 51.9267 25.2144 48.5348
      vertex 53.2687 27.4579 50.7783
    endloop
  endfacet
  facet normal -5.03605e-06 -0.707121 0.707093
    outer loop
      vertex 51.8871 27.8074 51.1278
      vertex 51.524 25.3851 48.7054
      vertex 52.3631 27.7231 51.0435
    endloop
  endfacet
  facet normal -1.66481e-14 -0.707107 0.707107
    outer loop
      vertex 50.4216 27.8583 51.1787
      vertex 50.5995 25.4494 48.7698
      vertex 50.7549 25.4657 48.7861
    endloop
  endfacet
  facet normal -0.000442271 -0.707169 0.707045
    outer loop
      vertex 49.9362 27.8074 51.1278
      vertex 50.4472 25.4225 48.7428
      vertex 50.5995 25.4494 48.7698
    endloop
  endfacet
  facet normal 7.1166e-06 -0.707121 0.707093
    outer loop
      vertex 49.9362 27.8074 51.1278
      vertex 50.2994 25.3851 48.7054
      vertex 50.4472 25.4225 48.7428
    endloop
  endfacet
  facet normal 3.28671e-15 -0.707107 0.707107
    outer loop
      vertex 49.3194 24.4507 47.7711
      vertex 46.2923 25.6928 49.0132
      vertex 46.127 25.3661 48.6865
    endloop
  endfacet
  facet normal 0.000453949 -0.70704 0.707173
    outer loop
      vertex 49.4603 27.7231 51.0435
      vertex 50.1575 25.3376 48.658
      vertex 50.2994 25.3851 48.7054
    endloop
  endfacet
  facet normal 0 -0.707107 0.707107
    outer loop
      vertex 49.4603 27.7231 51.0435
      vertex 50.0228 25.2805 48.6009
      vertex 50.1575 25.3376 48.658
    endloop
  endfacet
  facet normal -3.30555e-14 -0.707107 0.707107
    outer loop
      vertex 48.9983 27.6062 50.9266
      vertex 49.8967 25.2144 48.5348
      vertex 50.0228 25.2805 48.6009
    endloop
  endfacet
  facet normal 1.56463e-14 -0.707107 0.707107
    outer loop
      vertex 48.5547 27.4579 50.7783
      vertex 49.7803 25.1398 48.4602
      vertex 49.8967 25.2144 48.5348
    endloop
  endfacet
  facet normal -1.63743e-14 -0.707107 0.707107
    outer loop
      vertex 48.5547 27.4579 50.7783
      vertex 49.6749 25.0575 48.3779
      vertex 49.7803 25.1398 48.4602
    endloop
  endfacet
  facet normal -5.46917e-05 -0.707202 0.707011
    outer loop
      vertex 49.3194 24.4507 47.7711
      vertex 46.127 25.3661 48.6865
      vertex 46.0078 25.0296 48.3499
    endloop
  endfacet
  facet normal -0.000454932 -0.707264 0.706949
    outer loop
      vertex 48.1338 27.2795 50.5999
      vertex 49.5813 24.9684 48.2887
      vertex 49.6749 25.0575 48.3779
    endloop
  endfacet
  facet normal 0.000450532 -0.706926 0.707287
    outer loop
      vertex 47.7397 27.0728 50.3932
      vertex 49.5006 24.8731 48.1935
      vertex 49.5813 24.9684 48.2887
    endloop
  endfacet
  facet normal -0.000402918 -0.707324 0.706889
    outer loop
      vertex 47.3762 26.8398 50.1602
      vertex 49.4335 24.7728 48.0931
      vertex 49.5006 24.8731 48.1935
    endloop
  endfacet
  facet normal -2.05971e-05 -0.707105 0.707109
    outer loop
      vertex 49.3194 24.4507 47.7711
      vertex 46.0078 25.0296 48.3499
      vertex 45.9358 24.6864 48.0067
    endloop
  endfacet
  facet normal 0.000392056 -0.706868 0.707346
    outer loop
      vertex 47.0466 26.5827 49.9031
      vertex 49.3806 24.6682 47.9886
      vertex 49.4335 24.7728 48.0931
    endloop
  endfacet
  facet normal -1.09116e-14 -0.707107 0.707107
    outer loop
      vertex 46.7543 26.304 49.6244
      vertex 49.3424 24.5605 47.8809
      vertex 49.3806 24.6682 47.9886
    endloop
  endfacet
  facet normal 4.34996e-16 -0.707107 0.707107
    outer loop
      vertex 46.2923 25.6928 49.0132
      vertex 49.3194 24.4507 47.7711
      vertex 49.3424 24.5605 47.8809
    endloop
  endfacet
  facet normal 0 -0.707005 0.707209
    outer loop
      vertex 49.3117 24.3398 47.6602
      vertex 45.9358 24.6864 48.0067
      vertex 45.9117 24.3398 47.6602
    endloop
  endfacet
  facet normal -2.07975e-05 -0.707106 0.707108
    outer loop
      vertex 45.9358 24.6864 48.0067
      vertex 49.3117 24.3398 47.6602
      vertex 49.3194 24.4507 47.7711
    endloop
  endfacet
  facet normal 0 -0.707209 0.707005
    outer loop
      vertex 45.9358 23.9933 47.3136
      vertex 49.3117 24.3398 47.6602
      vertex 45.9117 24.3398 47.6602
    endloop
  endfacet
  facet normal -2.07975e-05 -0.707108 0.707106
    outer loop
      vertex 49.3117 24.3398 47.6602
      vertex 45.9358 23.9933 47.3136
      vertex 49.3194 24.2289 47.5493
    endloop
  endfacet
  facet normal -2.05971e-05 -0.707109 0.707105
    outer loop
      vertex 46.0078 23.6501 46.9704
      vertex 49.3194 24.2289 47.5493
      vertex 45.9358 23.9933 47.3136
    endloop
  endfacet
  facet normal -5.46917e-05 -0.707011 0.707202
    outer loop
      vertex 46.127 23.3135 46.6339
      vertex 49.3194 24.2289 47.5493
      vertex 46.0078 23.6501 46.9704
    endloop
  endfacet
  facet normal -5.22587e-15 -0.707107 0.707107
    outer loop
      vertex 46.2923 22.9868 46.3072
      vertex 49.3194 24.2289 47.5493
      vertex 46.127 23.3135 46.6339
    endloop
  endfacet
  facet normal 0 -0.707107 0.707107
    outer loop
      vertex 49.3194 24.2289 47.5493
      vertex 46.2923 22.9868 46.3072
      vertex 49.3424 24.1191 47.4395
    endloop
  endfacet
  facet normal 2.39971e-15 -0.707107 0.707107
    outer loop
      vertex 46.5021 22.6732 45.9936
      vertex 49.3424 24.1191 47.4395
      vertex 46.2923 22.9868 46.3072
    endloop
  endfacet
  facet normal -6.48836e-16 -0.707107 0.707107
    outer loop
      vertex 46.7543 22.3756 45.696
      vertex 49.3424 24.1191 47.4395
      vertex 46.5021 22.6732 45.9936
    endloop
  endfacet
  facet normal -7.38808e-16 -0.707107 0.707107
    outer loop
      vertex 49.3424 24.1191 47.4395
      vertex 46.7543 22.3756 45.696
      vertex 49.3806 24.0114 47.3318
    endloop
  endfacet
  facet normal 2.85449e-15 -0.707107 0.707107
    outer loop
      vertex 47.0466 22.0969 45.4173
      vertex 49.3806 24.0114 47.3318
      vertex 46.7543 22.3756 45.696
    endloop
  endfacet
  facet normal 0.000392056 -0.707346 0.706868
    outer loop
      vertex 49.3806 24.0114 47.3318
      vertex 47.0466 22.0969 45.4173
      vertex 49.4335 23.9069 47.2272
    endloop
  endfacet
  facet normal 1.50217e-05 -0.707097 0.707116
    outer loop
      vertex 47.3762 21.8398 45.1602
      vertex 49.4335 23.9069 47.2272
      vertex 47.0466 22.0969 45.4173
    endloop
  endfacet
  facet normal -0.000402918 -0.706889 0.707324
    outer loop
      vertex 49.4335 23.9069 47.2272
      vertex 47.3762 21.8398 45.1602
      vertex 49.5006 23.8065 47.1269
    endloop
  endfacet
  facet normal 4.54204e-15 -0.707107 0.707107
    outer loop
      vertex 47.7397 21.6068 44.9272
      vertex 49.5006 23.8065 47.1269
      vertex 47.3762 21.8398 45.1602
    endloop
  endfacet
  facet normal 0.000450532 -0.707287 0.706926
    outer loop
      vertex 49.5006 23.8065 47.1269
      vertex 47.7397 21.6068 44.9272
      vertex 49.5813 23.7113 47.0316
    endloop
  endfacet
  facet normal 1.2079e-05 -0.707095 0.707118
    outer loop
      vertex 48.1338 21.4001 44.7205
      vertex 49.5813 23.7113 47.0316
      vertex 47.7397 21.6068 44.9272
    endloop
  endfacet
  facet normal -0.000454932 -0.706949 0.707264
    outer loop
      vertex 49.5813 23.7113 47.0316
      vertex 48.1338 21.4001 44.7205
      vertex 49.6749 23.6221 46.9425
    endloop
  endfacet
  facet normal 4.60581e-15 -0.707107 0.707107
    outer loop
      vertex 48.5547 21.2217 44.5421
      vertex 49.6749 23.6221 46.9425
      vertex 48.1338 21.4001 44.7205
    endloop
  endfacet
  facet normal 1.6886e-14 -0.707107 0.707107
    outer loop
      vertex 49.6749 23.6221 46.9425
      vertex 48.5547 21.2217 44.5421
      vertex 49.7803 23.5398 46.8602
    endloop
  endfacet
  facet normal -1.61353e-14 -0.707107 0.707107
    outer loop
      vertex 49.7803 23.5398 46.8602
      vertex 48.5547 21.2217 44.5421
      vertex 49.8967 23.4652 46.7856
    endloop
  endfacet
  facet normal -1.66785e-14 -0.707107 0.707107
    outer loop
      vertex 52.0431 25.1398 48.4602
      vertex 53.2687 27.4579 50.7783
      vertex 51.9267 25.2144 48.5348
    endloop
  endfacet
  facet normal 1.62606e-14 -0.707107 0.707107
    outer loop
      vertex 52.1485 25.0575 48.3779
      vertex 53.2687 27.4579 50.7783
      vertex 52.0431 25.1398 48.4602
    endloop
  endfacet
  facet normal 4.21743e-15 -0.707107 0.707107
    outer loop
      vertex 53.2687 27.4579 50.7783
      vertex 52.1485 25.0575 48.3779
      vertex 53.6895 27.2795 50.5999
    endloop
  endfacet
  facet normal 0.000455237 -0.707265 0.706949
    outer loop
      vertex 52.242 24.9684 48.2887
      vertex 53.6895 27.2795 50.5999
      vertex 52.1485 25.0575 48.3779
    endloop
  endfacet
  facet normal -1.20767e-05 -0.707118 0.707095
    outer loop
      vertex 53.6895 27.2795 50.5999
      vertex 52.242 24.9684 48.2887
      vertex 54.0837 27.0728 50.3932
    endloop
  endfacet
  facet normal -0.000450245 -0.706926 0.707287
    outer loop
      vertex 52.3228 24.8731 48.1935
      vertex 54.0837 27.0728 50.3932
      vertex 52.242 24.9684 48.2887
    endloop
  endfacet
  facet normal -4.60692e-15 -0.707107 0.707107
    outer loop
      vertex 54.0837 27.0728 50.3932
      vertex 52.3228 24.8731 48.1935
      vertex 54.4472 26.8398 50.1602
    endloop
  endfacet
  facet normal 0.000402918 -0.707324 0.706889
    outer loop
      vertex 52.3899 24.7728 48.0931
      vertex 54.4472 26.8398 50.1602
      vertex 52.3228 24.8731 48.1935
    endloop
  endfacet
  facet normal -1.50243e-05 -0.707116 0.707097
    outer loop
      vertex 54.4472 26.8398 50.1602
      vertex 52.3899 24.7728 48.0931
      vertex 54.7767 26.5827 49.9031
    endloop
  endfacet
  facet normal -0.000392068 -0.706868 0.707346
    outer loop
      vertex 52.4428 24.6682 47.9886
      vertex 54.7767 26.5827 49.9031
      vertex 52.3899 24.7728 48.0931
    endloop
  endfacet
  facet normal -5.83887e-16 -0.707107 0.707107
    outer loop
      vertex 54.7767 26.5827 49.9031
      vertex 52.4428 24.6682 47.9886
      vertex 55.069 26.304 49.6244
    endloop
  endfacet
  facet normal 1.11446e-14 -0.707107 0.707107
    outer loop
      vertex 52.4809 24.5605 47.8809
      vertex 55.069 26.304 49.6244
      vertex 52.4428 24.6682 47.9886
    endloop
  endfacet
  facet normal 2.40035e-15 -0.707107 0.707107
    outer loop
      vertex 55.069 26.304 49.6244
      vertex 52.4809 24.5605 47.8809
      vertex 55.3213 26.0064 49.3268
    endloop
  endfacet
  facet normal -6.57438e-16 -0.707107 0.707107
    outer loop
      vertex 55.3213 26.0064 49.3268
      vertex 52.4809 24.5605 47.8809
      vertex 55.5311 25.6928 49.0132
    endloop
  endfacet
  facet normal -7.60982e-16 -0.707107 0.707107
    outer loop
      vertex 52.504 24.4507 47.7711
      vertex 55.5311 25.6928 49.0132
      vertex 52.4809 24.5605 47.8809
    endloop
  endfacet
  facet normal -3.31958e-15 -0.707107 0.707107
    outer loop
      vertex 55.5311 25.6928 49.0132
      vertex 52.504 24.4507 47.7711
      vertex 55.6964 25.3661 48.6865
    endloop
  endfacet
  facet normal 5.46917e-05 -0.707202 0.707011
    outer loop
      vertex 55.6964 25.3661 48.6865
      vertex 52.504 24.4507 47.7711
      vertex 55.8156 25.0296 48.3499
    endloop
  endfacet
  facet normal 2.05971e-05 -0.707105 0.707109
    outer loop
      vertex 55.8156 25.0296 48.3499
      vertex 52.504 24.4507 47.7711
      vertex 55.8876 24.6864 48.0067
    endloop
  endfacet
  facet normal 2.07975e-05 -0.707106 0.707108
    outer loop
      vertex 52.5117 24.3398 47.6602
      vertex 55.8876 24.6864 48.0067
      vertex 52.504 24.4507 47.7711
    endloop
  endfacet
  facet normal 0 -0.707005 0.707209
    outer loop
      vertex 52.5117 24.3398 47.6602
      vertex 55.9117 24.3398 47.6602
      vertex 55.8876 24.6864 48.0067
    endloop
  endfacet
  facet normal 2.07975e-05 -0.707108 0.707106
    outer loop
      vertex 55.8876 23.9933 47.3136
      vertex 52.5117 24.3398 47.6602
      vertex 52.504 24.2289 47.5493
    endloop
  endfacet
  facet normal 0 -0.707107 0.707107
    outer loop
      vertex 55.5311 22.9868 46.3072
      vertex 52.504 24.2289 47.5493
      vertex 52.4809 24.1191 47.4395
    endloop
  endfacet
  facet normal 9.09762e-16 -0.707107 0.707107
    outer loop
      vertex 55.069 22.3756 45.696
      vertex 52.4809 24.1191 47.4395
      vertex 52.4428 24.0114 47.3318
    endloop
  endfacet
  facet normal 0 -0.707209 0.707005
    outer loop
      vertex 52.5117 24.3398 47.6602
      vertex 55.8876 23.9933 47.3136
      vertex 55.9117 24.3398 47.6602
    endloop
  endfacet
  facet normal -0.000392068 -0.707346 0.706868
    outer loop
      vertex 54.7767 22.0969 45.4173
      vertex 52.4428 24.0114 47.3318
      vertex 52.3899 23.9069 47.2272
    endloop
  endfacet
  facet normal 0.000402918 -0.706889 0.707324
    outer loop
      vertex 54.4472 21.8398 45.1602
      vertex 52.3899 23.9069 47.2272
      vertex 52.3228 23.8065 47.1269
    endloop
  endfacet
  facet normal -0.000450245 -0.707287 0.706926
    outer loop
      vertex 54.0837 21.6068 44.9272
      vertex 52.3228 23.8065 47.1269
      vertex 52.242 23.7113 47.0316
    endloop
  endfacet
  facet normal 2.05971e-05 -0.707109 0.707105
    outer loop
      vertex 52.504 24.2289 47.5493
      vertex 55.8156 23.6501 46.9704
      vertex 55.8876 23.9933 47.3136
    endloop
  endfacet
  facet normal 0.000455237 -0.706949 0.707265
    outer loop
      vertex 53.6895 21.4001 44.7205
      vertex 52.242 23.7113 47.0316
      vertex 52.1485 23.6221 46.9425
    endloop
  endfacet
  facet normal -1.63743e-14 -0.707107 0.707107
    outer loop
      vertex 53.2687 21.2217 44.5421
      vertex 52.1485 23.6221 46.9425
      vertex 52.0431 23.5398 46.8602
    endloop
  endfacet
  facet normal 1.56463e-14 -0.707107 0.707107
    outer loop
      vertex 53.2687 21.2217 44.5421
      vertex 52.0431 23.5398 46.8602
      vertex 51.9267 23.4652 46.7856
    endloop
  endfacet
  facet normal -3.30555e-14 -0.707107 0.707107
    outer loop
      vertex 52.8251 21.0734 44.3938
      vertex 51.9267 23.4652 46.7856
      vertex 51.8006 23.3991 46.7195
    endloop
  endfacet
  facet normal 1.56515e-14 -0.707107 0.707107
    outer loop
      vertex 52.3631 20.9565 44.2769
      vertex 51.8006 23.3991 46.7195
      vertex 51.6659 23.342 46.6624
    endloop
  endfacet
  facet normal 5.46917e-05 -0.707011 0.707202
    outer loop
      vertex 52.504 24.2289 47.5493
      vertex 55.6964 23.3135 46.6339
      vertex 55.8156 23.6501 46.9704
    endloop
  endfacet
  facet normal -0.000453949 -0.707173 0.70704
    outer loop
      vertex 52.3631 20.9565 44.2769
      vertex 51.6659 23.342 46.6624
      vertex 51.524 23.2946 46.6149
    endloop
  endfacet
  facet normal -7.11204e-06 -0.707093 0.707121
    outer loop
      vertex 51.8871 20.8722 44.1926
      vertex 51.524 23.2946 46.6149
      vertex 51.3761 23.2572 46.5775
    endloop
  endfacet
  facet normal 0.000442271 -0.707045 0.707169
    outer loop
      vertex 51.8871 20.8722 44.1926
      vertex 51.3761 23.2572 46.5775
      vertex 51.2238 23.2302 46.5506
    endloop
  endfacet
  facet normal 0 -0.707107 0.707107
    outer loop
      vertex 51.4018 20.8213 44.1417
      vertex 51.2238 23.2302 46.5506
      vertex 51.0685 23.2139 46.5343
    endloop
  endfacet
  facet normal -3.33209e-14 -0.707107 0.707107
    outer loop
      vertex 50.9117 20.8043 44.1247
      vertex 51.0685 23.2139 46.5343
      vertex 50.9117 23.2084 46.5288
    endloop
  endfacet
  facet normal -3.28682e-16 -0.707107 0.707107
    outer loop
      vertex 48.9983 21.0734 44.3938
      vertex 49.8967 23.4652 46.7856
      vertex 48.5547 21.2217 44.5421
    endloop
  endfacet
  facet normal 3.20421e-14 -0.707107 0.707107
    outer loop
      vertex 50.7549 23.2139 46.5343
      vertex 50.9117 20.8043 44.1247
      vertex 50.9117 23.2084 46.5288
    endloop
  endfacet
  facet normal 3.27836e-14 -0.707107 0.707107
    outer loop
      vertex 49.8967 23.4652 46.7856
      vertex 48.9983 21.0734 44.3938
      vertex 50.0228 23.3991 46.7195
    endloop
  endfacet
  facet normal -4.79711e-15 -0.707107 0.707107
    outer loop
      vertex 51.0685 23.2139 46.5343
      vertex 50.9117 20.8043 44.1247
      vertex 51.4018 20.8213 44.1417
    endloop
  endfacet
  facet normal 2.30077e-16 -0.707107 0.707107
    outer loop
      vertex 49.4603 20.9565 44.2769
      vertex 50.0228 23.3991 46.7195
      vertex 48.9983 21.0734 44.3938
    endloop
  endfacet
  facet normal 0 -0.707107 0.707107
    outer loop
      vertex 51.2238 23.2302 46.5506
      vertex 51.4018 20.8213 44.1417
      vertex 51.8871 20.8722 44.1926
    endloop
  endfacet
  facet normal -1.65754e-14 -0.707107 0.707107
    outer loop
      vertex 50.0228 23.3991 46.7195
      vertex 49.4603 20.9565 44.2769
      vertex 50.1575 23.342 46.6624
    endloop
  endfacet
  facet normal -5.03605e-06 -0.707093 0.707121
    outer loop
      vertex 51.524 23.2946 46.6149
      vertex 51.8871 20.8722 44.1926
      vertex 52.3631 20.9565 44.2769
    endloop
  endfacet
  facet normal 0.000453949 -0.707173 0.70704
    outer loop
      vertex 50.1575 23.342 46.6624
      vertex 49.4603 20.9565 44.2769
      vertex 50.2994 23.2946 46.6149
    endloop
  endfacet
  facet normal 5.06361e-15 -0.707107 0.707107
    outer loop
      vertex 50.9117 20.8043 44.1247
      vertex 50.7549 23.2139 46.5343
      vertex 50.4216 20.8213 44.1417
    endloop
  endfacet
  facet normal 5.03704e-06 -0.707093 0.707121
    outer loop
      vertex 49.9362 20.8722 44.1926
      vertex 50.2994 23.2946 46.6149
      vertex 49.4603 20.9565 44.2769
    endloop
  endfacet
  facet normal 5.25891e-16 -0.707107 0.707107
    outer loop
      vertex 51.9267 23.4652 46.7856
      vertex 52.8251 21.0734 44.3938
      vertex 53.2687 21.2217 44.5421
    endloop
  endfacet
  facet normal 7.1166e-06 -0.707093 0.707121
    outer loop
      vertex 50.2994 23.2946 46.6149
      vertex 49.9362 20.8722 44.1926
      vertex 50.4472 23.2572 46.5775
    endloop
  endfacet
  facet normal -0.000442271 -0.707045 0.707169
    outer loop
      vertex 50.4472 23.2572 46.5775
      vertex 49.9362 20.8722 44.1926
      vertex 50.5995 23.2302 46.5506
    endloop
  endfacet
  facet normal -1.08263e-16 -0.707107 0.707107
    outer loop
      vertex 50.4216 20.8213 44.1417
      vertex 50.5995 23.2302 46.5506
      vertex 49.9362 20.8722 44.1926
    endloop
  endfacet
  facet normal 5.12727e-15 -0.707107 0.707107
    outer loop
      vertex 52.504 24.2289 47.5493
      vertex 55.5311 22.9868 46.3072
      vertex 55.6964 23.3135 46.6339
    endloop
  endfacet
  facet normal -1.04051e-16 -0.707107 0.707107
    outer loop
      vertex 50.5995 23.2302 46.5506
      vertex 50.4216 20.8213 44.1417
      vertex 50.7549 23.2139 46.5343
    endloop
  endfacet
  facet normal -2.36678e-15 -0.707107 0.707107
    outer loop
      vertex 52.4809 24.1191 47.4395
      vertex 55.3213 22.6732 45.9936
      vertex 55.5311 22.9868 46.3072
    endloop
  endfacet
  facet normal -4.15254e-15 -0.707107 0.707107
    outer loop
      vertex 52.1485 23.6221 46.9425
      vertex 53.2687 21.2217 44.5421
      vertex 53.6895 21.4001 44.7205
    endloop
  endfacet
  facet normal 5.18994e-16 -0.707107 0.707107
    outer loop
      vertex 52.4809 24.1191 47.4395
      vertex 55.069 22.3756 45.696
      vertex 55.3213 22.6732 45.9936
    endloop
  endfacet
  facet normal -1.50243e-05 -0.707097 0.707116
    outer loop
      vertex 52.3899 23.9069 47.2272
      vertex 54.4472 21.8398 45.1602
      vertex 54.7767 22.0969 45.4173
    endloop
  endfacet
  facet normal -2.85456e-15 -0.707107 0.707107
    outer loop
      vertex 52.4428 24.0114 47.3318
      vertex 54.7767 22.0969 45.4173
      vertex 55.069 22.3756 45.696
    endloop
  endfacet
  facet normal -4.15272e-15 -0.707107 0.707107
    outer loop
      vertex 52.3228 23.8065 47.1269
      vertex 54.0837 21.6068 44.9272
      vertex 54.4472 21.8398 45.1602
    endloop
  endfacet
  facet normal -1.20767e-05 -0.707095 0.707118
    outer loop
      vertex 52.242 23.7113 47.0316
      vertex 53.6895 21.4001 44.7205
      vertex 54.0837 21.6068 44.9272
    endloop
  endfacet
  facet normal 0 -0.707107 0.707107
    outer loop
      vertex 51.8006 23.3991 46.7195
      vertex 52.3631 20.9565 44.2769
      vertex 52.8251 21.0734 44.3938
    endloop
  endfacet
  facet normal -0.740828 -0.474962 -0.474958
    outer loop
      vertex 47.3762 31.7322 35.2678
      vertex 47.0466 22.0969 45.4173
      vertex 47.0466 31.9893 35.5248
    endloop
  endfacet
  facet normal -0.740893 -0.474909 -0.474909
    outer loop
      vertex 47.0466 22.0969 45.4173
      vertex 47.3762 31.7322 35.2678
      vertex 47.3762 21.8398 45.1602
    endloop
  endfacet
  facet normal 0.427423 -0.639258 -0.639264
    outer loop
      vertex 52.8251 21.0734 44.3938
      vertex 53.2687 31.1142 34.6497
      vertex 53.2687 21.2217 44.5421
    endloop
  endfacet
  facet normal 0.427541 -0.639222 -0.639222
    outer loop
      vertex 53.2687 31.1142 34.6497
      vertex 52.8251 21.0734 44.3938
      vertex 52.8251 30.9658 34.5014
    endloop
  endfacet
  facet normal 0.998793 -0.0347294 -0.0347294
    outer loop
      vertex 55.9117 24.3398 47.6602
      vertex 55.8876 33.8857 37.4212
      vertex 55.9117 34.2322 37.7678
    endloop
  endfacet
  facet normal 0.998793 -0.0347294 -0.0347294
    outer loop
      vertex 55.8876 33.8857 37.4212
      vertex 55.9117 24.3398 47.6602
      vertex 55.8876 23.9933 47.3136
    endloop
  endfacet
  facet normal -0.595815 -0.567893 -0.567893
    outer loop
      vertex 51.9267 35.1068 38.6423
      vertex 51.8006 25.2805 48.6009
      vertex 51.8006 35.1729 38.7085
    endloop
  endfacet
  facet normal -0.595524 -0.568048 -0.568042
    outer loop
      vertex 51.8006 25.2805 48.6009
      vertex 51.9267 35.1068 38.6423
      vertex 51.9267 25.2144 48.5348
    endloop
  endfacet
  facet normal -0.671317 -0.524089 -0.524084
    outer loop
      vertex 52.0431 35.0322 38.5678
      vertex 51.9267 25.2144 48.5348
      vertex 51.9267 35.1068 38.6423
    endloop
  endfacet
  facet normal -0.671564 -0.523928 -0.523928
    outer loop
      vertex 51.9267 25.2144 48.5348
      vertex 52.0431 35.0322 38.5678
      vertex 52.0431 25.1398 48.4602
    endloop
  endfacet
  facet normal -0.514175 -0.606478 -0.606472
    outer loop
      vertex 51.6659 35.23 38.7655
      vertex 51.8006 25.2805 48.6009
      vertex 51.6659 25.3376 48.658
    endloop
  endfacet
  facet normal -0.513844 -0.606615 -0.606615
    outer loop
      vertex 51.8006 25.2805 48.6009
      vertex 51.6659 35.23 38.7655
      vertex 51.8006 35.1729 38.7085
    endloop
  endfacet
  facet normal 0.336934 -0.665761 -0.665761
    outer loop
      vertex 50.2994 25.3851 48.7054
      vertex 50.4472 35.3149 38.8504
      vertex 50.4472 25.4225 48.7428
    endloop
  endfacet
  facet normal 0.336934 -0.665761 -0.665761
    outer loop
      vertex 50.4472 35.3149 38.8504
      vertex 50.2994 25.3851 48.7054
      vertex 50.2994 35.2775 38.813
    endloop
  endfacet
  facet normal -0.513844 0.606615 0.606615
    outer loop
      vertex 51.6659 33.2345 36.77
      vertex 51.8006 23.3991 46.7195
      vertex 51.8006 33.2915 36.8271
    endloop
  endfacet
  facet normal -0.514175 0.606472 0.606478
    outer loop
      vertex 51.8006 23.3991 46.7195
      vertex 51.6659 33.2345 36.77
      vertex 51.6659 23.342 46.6624
    endloop
  endfacet
  facet normal 0.242764 0.685954 0.685954
    outer loop
      vertex 50.5995 23.2302 46.5506
      vertex 50.4472 33.1496 36.6851
      vertex 50.4472 23.2572 46.5775
    endloop
  endfacet
  facet normal 0.243188 0.685882 0.685875
    outer loop
      vertex 50.4472 33.1496 36.6851
      vertex 50.5995 23.2302 46.5506
      vertex 50.5995 33.1226 36.6581
    endloop
  endfacet
  facet normal -0.803383 0.421056 0.421056
    outer loop
      vertex 52.1485 33.5145 37.05
      vertex 52.242 23.7113 47.0316
      vertex 52.242 33.6037 37.1392
    endloop
  endfacet
  facet normal -0.803223 0.42121 0.421206
    outer loop
      vertex 52.242 23.7113 47.0316
      vertex 52.1485 33.5145 37.05
      vertex 52.1485 23.6221 46.9425
    endloop
  endfacet
  facet normal -0.0495448 -0.706242 -0.706235
    outer loop
      vertex 50.9117 35.3636 38.8991
      vertex 51.0685 25.4657 48.7861
      vertex 50.9117 25.4712 48.7916
    endloop
  endfacet
  facet normal -0.0486461 -0.706266 -0.706273
    outer loop
      vertex 51.0685 25.4657 48.7861
      vertex 50.9117 35.3636 38.8991
      vertex 51.0685 35.3582 38.8937
    endloop
  endfacet
  facet normal 0.969959 -0.172016 -0.172018
    outer loop
      vertex 49.3806 24.6682 47.9886
      vertex 49.3424 34.453 37.9885
      vertex 49.3806 34.5607 38.0962
    endloop
  endfacet
  facet normal 0.969959 -0.172016 -0.172018
    outer loop
      vertex 49.3424 34.453 37.9885
      vertex 49.3806 24.6682 47.9886
      vertex 49.3424 24.5605 47.8809
    endloop
  endfacet
  facet normal -0.998797 -0.0346742 -0.0346742
    outer loop
      vertex 52.5117 34.2322 37.7678
      vertex 52.504 24.4507 47.7711
      vertex 52.504 34.3431 37.8787
    endloop
  endfacet
  facet normal -0.998797 -0.0346742 -0.0346742
    outer loop
      vertex 52.504 24.4507 47.7711
      vertex 52.5117 34.2322 37.7678
      vertex 52.5117 24.3398 47.6602
    endloop
  endfacet
  facet normal -0.970109 0.171594 0.171592
    outer loop
      vertex 52.4428 33.9038 37.4393
      vertex 52.4809 24.1191 47.4395
      vertex 52.4809 34.0115 37.547
    endloop
  endfacet
  facet normal -0.970109 0.171594 0.171592
    outer loop
      vertex 52.4809 24.1191 47.4395
      vertex 52.4428 33.9038 37.4393
      vertex 52.4428 24.0114 47.3318
    endloop
  endfacet
  facet normal 0.514175 -0.606478 -0.606472
    outer loop
      vertex 50.0228 25.2805 48.6009
      vertex 50.1575 35.23 38.7655
      vertex 50.1575 25.3376 48.658
    endloop
  endfacet
  facet normal 0.513844 -0.606615 -0.606615
    outer loop
      vertex 50.1575 35.23 38.7655
      vertex 50.0228 25.2805 48.6009
      vertex 50.0228 35.1729 38.7085
    endloop
  endfacet
  facet normal 0.803078 0.421346 0.421346
    outer loop
      vertex 49.5813 23.7113 47.0316
      vertex 49.6749 33.5145 37.05
      vertex 49.5813 33.6037 37.1392
    endloop
  endfacet
  facet normal 0.802919 0.421501 0.421496
    outer loop
      vertex 49.6749 33.5145 37.05
      vertex 49.5813 23.7113 47.0316
      vertex 49.6749 23.6221 46.9425
    endloop
  endfacet
  facet normal -0.242764 -0.685954 -0.685954
    outer loop
      vertex 51.2238 25.4494 48.7698
      vertex 51.3761 35.3149 38.8504
      vertex 51.3761 25.4225 48.7428
    endloop
  endfacet
  facet normal -0.243188 -0.685875 -0.685882
    outer loop
      vertex 51.3761 35.3149 38.8504
      vertex 51.2238 25.4494 48.7698
      vertex 51.2238 35.3419 38.8774
    endloop
  endfacet
  facet normal -0.857436 -0.36387 -0.36387
    outer loop
      vertex 52.3228 34.7656 38.3011
      vertex 52.242 24.9684 48.2887
      vertex 52.242 34.8608 38.3963
    endloop
  endfacet
  facet normal -0.857556 -0.363728 -0.363731
    outer loop
      vertex 52.242 24.9684 48.2887
      vertex 52.3228 34.7656 38.3011
      vertex 52.3228 24.8731 48.1935
    endloop
  endfacet
  facet normal -0.595815 0.56789 0.567896
    outer loop
      vertex 51.8006 33.2915 36.8271
      vertex 51.9267 23.4652 46.7856
      vertex 51.9267 33.3577 36.8932
    endloop
  endfacet
  facet normal -0.595524 0.568045 0.568045
    outer loop
      vertex 51.9267 23.4652 46.7856
      vertex 51.8006 33.2915 36.8271
      vertex 51.8006 23.3991 46.7195
    endloop
  endfacet
  facet normal 0.671317 0.524087 0.524087
    outer loop
      vertex 49.7803 23.5398 46.8602
      vertex 49.8967 33.3577 36.8932
      vertex 49.7803 33.4322 36.9678
    endloop
  endfacet
  facet normal 0.671564 0.523926 0.523931
    outer loop
      vertex 49.8967 33.3577 36.8932
      vertex 49.7803 23.5398 46.8602
      vertex 49.8967 23.4652 46.7856
    endloop
  endfacet
  facet normal 0.595815 -0.567893 -0.567893
    outer loop
      vertex 50.0228 25.2805 48.6009
      vertex 49.8967 35.1068 38.6423
      vertex 50.0228 35.1729 38.7085
    endloop
  endfacet
  facet normal 0.595524 -0.568048 -0.568042
    outer loop
      vertex 49.8967 35.1068 38.6423
      vertex 50.0228 25.2805 48.6009
      vertex 49.8967 25.2144 48.5348
    endloop
  endfacet
  facet normal -0.427507 -0.639233 -0.639233
    outer loop
      vertex 51.524 35.2775 38.813
      vertex 51.6659 25.3376 48.658
      vertex 51.524 25.3851 48.7054
    endloop
  endfacet
  facet normal -0.427875 -0.639113 -0.639107
    outer loop
      vertex 51.6659 25.3376 48.658
      vertex 51.524 35.2775 38.813
      vertex 51.6659 35.23 38.7655
    endloop
  endfacet
  facet normal 0.0495448 -0.706242 -0.706235
    outer loop
      vertex 50.7549 25.4657 48.7861
      vertex 50.9117 35.3636 38.8991
      vertex 50.9117 25.4712 48.7916
    endloop
  endfacet
  facet normal 0.0486461 -0.706266 -0.706273
    outer loop
      vertex 50.9117 35.3636 38.8991
      vertex 50.7549 25.4657 48.7861
      vertex 50.7549 35.3582 38.8937
    endloop
  endfacet
  facet normal 0.998797 0.0346742 0.0346742
    outer loop
      vertex 49.3117 24.3398 47.6602
      vertex 49.3194 34.1213 37.6569
      vertex 49.3117 34.2322 37.7678
    endloop
  endfacet
  facet normal 0.998797 0.0346742 0.0346742
    outer loop
      vertex 49.3194 34.1213 37.6569
      vertex 49.3117 24.3398 47.6602
      vertex 49.3194 24.2289 47.5493
    endloop
  endfacet
  facet normal 0.513844 0.606615 0.606615
    outer loop
      vertex 50.0228 23.3991 46.7195
      vertex 50.1575 33.2345 36.77
      vertex 50.0228 33.2915 36.8271
    endloop
  endfacet
  facet normal 0.514175 0.606472 0.606478
    outer loop
      vertex 50.1575 33.2345 36.77
      vertex 50.0228 23.3991 46.7195
      vertex 50.1575 23.342 46.6624
    endloop
  endfacet
  facet normal 0.904124 -0.302124 -0.302127
    outer loop
      vertex 49.5006 24.8731 48.1935
      vertex 49.4335 34.6652 38.2007
      vertex 49.5006 34.7656 38.3011
    endloop
  endfacet
  facet normal 0.904042 -0.302248 -0.302248
    outer loop
      vertex 49.4335 34.6652 38.2007
      vertex 49.5006 24.8731 48.1935
      vertex 49.4335 24.7728 48.0931
    endloop
  endfacet
  facet normal 0.427507 0.63923 0.639236
    outer loop
      vertex 50.2994 23.2946 46.6149
      vertex 50.1575 33.2345 36.77
      vertex 50.1575 23.342 46.6624
    endloop
  endfacet
  facet normal 0.427875 0.63911 0.63911
    outer loop
      vertex 50.1575 33.2345 36.77
      vertex 50.2994 23.2946 46.6149
      vertex 50.2994 33.187 36.7225
    endloop
  endfacet
  facet normal 0.427507 -0.639233 -0.639233
    outer loop
      vertex 50.1575 25.3376 48.658
      vertex 50.2994 35.2775 38.813
      vertex 50.2994 25.3851 48.7054
    endloop
  endfacet
  facet normal 0.427875 -0.639113 -0.639107
    outer loop
      vertex 50.2994 35.2775 38.813
      vertex 50.1575 25.3376 48.658
      vertex 50.1575 35.23 38.7655
    endloop
  endfacet
  facet normal 0.989217 0.103559 0.103559
    outer loop
      vertex 49.3194 24.2289 47.5493
      vertex 49.3424 34.0115 37.547
      vertex 49.3194 34.1213 37.6569
    endloop
  endfacet
  facet normal 0.989208 0.103606 0.103605
    outer loop
      vertex 49.3424 34.0115 37.547
      vertex 49.3194 24.2289 47.5493
      vertex 49.3424 24.1191 47.4395
    endloop
  endfacet
  facet normal -0.146825 -0.69944 -0.699447
    outer loop
      vertex 51.0685 35.3582 38.8937
      vertex 51.2238 25.4494 48.7698
      vertex 51.0685 25.4657 48.7861
    endloop
  endfacet
  facet normal -0.146825 -0.69944 -0.699447
    outer loop
      vertex 51.2238 25.4494 48.7698
      vertex 51.0685 35.3582 38.8937
      vertex 51.2238 35.3419 38.8774
    endloop
  endfacet
  facet normal 0.857717 0.363541 0.363537
    outer loop
      vertex 49.5006 23.8065 47.1269
      vertex 49.5813 33.6037 37.1392
      vertex 49.5006 33.6989 37.2344
    endloop
  endfacet
  facet normal 0.857836 0.363398 0.363398
    outer loop
      vertex 49.5813 33.6037 37.1392
      vertex 49.5006 23.8065 47.1269
      vertex 49.5813 23.7113 47.0316
    endloop
  endfacet
  facet normal 0.998797 -0.0346742 -0.0346742
    outer loop
      vertex 49.3194 24.4507 47.7711
      vertex 49.3117 34.2322 37.7678
      vertex 49.3194 34.3431 37.8787
    endloop
  endfacet
  facet normal 0.998797 -0.0346742 -0.0346742
    outer loop
      vertex 49.3117 34.2322 37.7678
      vertex 49.3194 24.4507 47.7711
      vertex 49.3117 24.3398 47.6602
    endloop
  endfacet
  facet normal -0.9415 0.238304 0.238302
    outer loop
      vertex 52.3899 33.7993 37.3348
      vertex 52.4428 24.0114 47.3318
      vertex 52.4428 33.9038 37.4393
    endloop
  endfacet
  facet normal -0.941552 0.238202 0.238202
    outer loop
      vertex 52.4428 24.0114 47.3318
      vertex 52.3899 33.7993 37.3348
      vertex 52.3899 23.9069 47.2272
    endloop
  endfacet
  facet normal 0.857717 -0.363539 -0.363539
    outer loop
      vertex 49.5813 24.9684 48.2887
      vertex 49.5006 34.7656 38.3011
      vertex 49.5813 34.8608 38.3963
    endloop
  endfacet
  facet normal 0.857836 -0.363397 -0.3634
    outer loop
      vertex 49.5006 34.7656 38.3011
      vertex 49.5813 24.9684 48.2887
      vertex 49.5006 24.8731 48.1935
    endloop
  endfacet
  facet normal 0.904124 0.302125 0.302125
    outer loop
      vertex 49.4335 23.9069 47.2272
      vertex 49.5006 33.6989 37.2344
      vertex 49.4335 33.7993 37.3348
    endloop
  endfacet
  facet normal 0.904042 0.30225 0.302247
    outer loop
      vertex 49.5006 33.6989 37.2344
      vertex 49.4335 23.9069 47.2272
      vertex 49.5006 23.8065 47.1269
    endloop
  endfacet
  facet normal 0.242764 -0.685954 -0.685954
    outer loop
      vertex 50.4472 35.3149 38.8504
      vertex 50.5995 25.4494 48.7698
      vertex 50.4472 25.4225 48.7428
    endloop
  endfacet
  facet normal 0.243188 -0.685875 -0.685882
    outer loop
      vertex 50.5995 25.4494 48.7698
      vertex 50.4472 35.3149 38.8504
      vertex 50.5995 35.3419 38.8774
    endloop
  endfacet
  facet normal -0.242764 0.685954 0.685954
    outer loop
      vertex 51.3761 33.1496 36.6851
      vertex 51.2238 23.2302 46.5506
      vertex 51.3761 23.2572 46.5775
    endloop
  endfacet
  facet normal -0.243188 0.685882 0.685875
    outer loop
      vertex 51.2238 23.2302 46.5506
      vertex 51.3761 33.1496 36.6851
      vertex 51.2238 33.1226 36.6581
    endloop
  endfacet
  facet normal 0.989217 -0.103559 -0.10356
    outer loop
      vertex 49.3424 24.5605 47.8809
      vertex 49.3194 34.3431 37.8787
      vertex 49.3424 34.453 37.9885
    endloop
  endfacet
  facet normal 0.989208 -0.103606 -0.103606
    outer loop
      vertex 49.3194 34.3431 37.8787
      vertex 49.3424 24.5605 47.8809
      vertex 49.3194 24.4507 47.7711
    endloop
  endfacet
  facet normal 0.741032 -0.474801 -0.474801
    outer loop
      vertex 49.7803 25.1398 48.4602
      vertex 49.6749 34.95 38.4855
      vertex 49.7803 35.0322 38.5678
    endloop
  endfacet
  facet normal 0.741235 -0.47464 -0.474645
    outer loop
      vertex 49.6749 34.95 38.4855
      vertex 49.7803 25.1398 48.4602
      vertex 49.6749 25.0575 48.3779
    endloop
  endfacet
  facet normal -0.741032 0.474803 0.474799
    outer loop
      vertex 52.0431 33.4322 36.9678
      vertex 52.1485 23.6221 46.9425
      vertex 52.1485 33.5145 37.05
    endloop
  endfacet
  facet normal -0.741235 0.474642 0.474642
    outer loop
      vertex 52.1485 23.6221 46.9425
      vertex 52.0431 33.4322 36.9678
      vertex 52.0431 23.5398 46.8602
    endloop
  endfacet
  facet normal -0.904124 -0.302124 -0.302127
    outer loop
      vertex 52.3899 34.6652 38.2007
      vertex 52.3228 24.8731 48.1935
      vertex 52.3228 34.7656 38.3011
    endloop
  endfacet
  facet normal -0.904042 -0.302248 -0.302248
    outer loop
      vertex 52.3228 24.8731 48.1935
      vertex 52.3899 34.6652 38.2007
      vertex 52.3899 24.7728 48.0931
    endloop
  endfacet
  facet normal -0.989125 -0.103999 -0.104
    outer loop
      vertex 52.504 34.3431 37.8787
      vertex 52.4809 24.5605 47.8809
      vertex 52.4809 34.453 37.9885
    endloop
  endfacet
  facet normal -0.989115 -0.104046 -0.104046
    outer loop
      vertex 52.4809 24.5605 47.8809
      vertex 52.504 34.3431 37.8787
      vertex 52.504 24.4507 47.7711
    endloop
  endfacet
  facet normal -0.803383 -0.421053 -0.421058
    outer loop
      vertex 52.242 34.8608 38.3963
      vertex 52.1485 25.0575 48.3779
      vertex 52.1485 34.95 38.4855
    endloop
  endfacet
  facet normal -0.803223 -0.421208 -0.421208
    outer loop
      vertex 52.1485 25.0575 48.3779
      vertex 52.242 34.8608 38.3963
      vertex 52.242 24.9684 48.2887
    endloop
  endfacet
  facet normal 0.969959 0.172018 0.172016
    outer loop
      vertex 49.3424 24.1191 47.4395
      vertex 49.3806 33.9038 37.4393
      vertex 49.3424 34.0115 37.547
    endloop
  endfacet
  facet normal 0.969959 0.172018 0.172016
    outer loop
      vertex 49.3806 33.9038 37.4393
      vertex 49.3424 24.1191 47.4395
      vertex 49.3806 24.0114 47.3318
    endloop
  endfacet
  facet normal -0.427507 0.63923 0.639236
    outer loop
      vertex 51.6659 33.2345 36.77
      vertex 51.524 23.2946 46.6149
      vertex 51.6659 23.342 46.6624
    endloop
  endfacet
  facet normal -0.427875 0.63911 0.63911
    outer loop
      vertex 51.524 23.2946 46.6149
      vertex 51.6659 33.2345 36.77
      vertex 51.524 33.187 36.7225
    endloop
  endfacet
  facet normal -0.336733 -0.665812 -0.665812
    outer loop
      vertex 51.3761 35.3149 38.8504
      vertex 51.524 25.3851 48.7054
      vertex 51.3761 25.4225 48.7428
    endloop
  endfacet
  facet normal -0.336733 -0.665812 -0.665812
    outer loop
      vertex 51.524 25.3851 48.7054
      vertex 51.3761 35.3149 38.8504
      vertex 51.524 35.2775 38.813
    endloop
  endfacet
  facet normal 0.9415 -0.238303 -0.238303
    outer loop
      vertex 49.4335 24.7728 48.0931
      vertex 49.3806 34.5607 38.0962
      vertex 49.4335 34.6652 38.2007
    endloop
  endfacet
  facet normal 0.941552 -0.238201 -0.238203
    outer loop
      vertex 49.3806 34.5607 38.0962
      vertex 49.4335 24.7728 48.0931
      vertex 49.3806 24.6682 47.9886
    endloop
  endfacet
  facet normal -0.989125 0.104 0.104
    outer loop
      vertex 52.4809 34.0115 37.547
      vertex 52.504 24.2289 47.5493
      vertex 52.504 34.1213 37.6569
    endloop
  endfacet
  facet normal -0.989115 0.104047 0.104046
    outer loop
      vertex 52.504 24.2289 47.5493
      vertex 52.4809 34.0115 37.547
      vertex 52.4809 24.1191 47.4395
    endloop
  endfacet
  facet normal 0.146732 -0.69945 -0.699457
    outer loop
      vertex 50.5995 25.4494 48.7698
      vertex 50.7549 35.3582 38.8937
      vertex 50.7549 25.4657 48.7861
    endloop
  endfacet
  facet normal 0.146732 -0.69945 -0.699457
    outer loop
      vertex 50.7549 35.3582 38.8937
      vertex 50.5995 25.4494 48.7698
      vertex 50.5995 35.3419 38.8774
    endloop
  endfacet
  facet normal -0.0486461 0.706273 0.706266
    outer loop
      vertex 50.9117 33.1009 36.6364
      vertex 51.0685 23.2139 46.5343
      vertex 51.0685 33.1063 36.6418
    endloop
  endfacet
  facet normal -0.0495448 0.706235 0.706242
    outer loop
      vertex 51.0685 23.2139 46.5343
      vertex 50.9117 33.1009 36.6364
      vertex 50.9117 23.2084 46.5288
    endloop
  endfacet
  facet normal -0.741032 -0.474801 -0.474801
    outer loop
      vertex 52.1485 34.95 38.4855
      vertex 52.0431 25.1398 48.4602
      vertex 52.0431 35.0322 38.5678
    endloop
  endfacet
  facet normal -0.741235 -0.47464 -0.474645
    outer loop
      vertex 52.0431 25.1398 48.4602
      vertex 52.1485 34.95 38.4855
      vertex 52.1485 25.0575 48.3779
    endloop
  endfacet
  facet normal 0.146732 0.699457 0.69945
    outer loop
      vertex 50.7549 23.2139 46.5343
      vertex 50.5995 33.1226 36.6581
      vertex 50.5995 23.2302 46.5506
    endloop
  endfacet
  facet normal 0.146732 0.699457 0.69945
    outer loop
      vertex 50.5995 33.1226 36.6581
      vertex 50.7549 23.2139 46.5343
      vertex 50.7549 33.1063 36.6418
    endloop
  endfacet
  facet normal 0.336934 0.665761 0.665761
    outer loop
      vertex 50.4472 23.2572 46.5775
      vertex 50.2994 33.187 36.7225
      vertex 50.2994 23.2946 46.6149
    endloop
  endfacet
  facet normal 0.336934 0.665761 0.665761
    outer loop
      vertex 50.2994 33.187 36.7225
      vertex 50.4472 23.2572 46.5775
      vertex 50.4472 33.1496 36.6851
    endloop
  endfacet
  facet normal 0.671317 -0.524089 -0.524084
    outer loop
      vertex 49.8967 25.2144 48.5348
      vertex 49.7803 35.0322 38.5678
      vertex 49.8967 35.1068 38.6423
    endloop
  endfacet
  facet normal 0.671564 -0.523928 -0.523928
    outer loop
      vertex 49.7803 35.0322 38.5678
      vertex 49.8967 25.2144 48.5348
      vertex 49.7803 25.1398 48.4602
    endloop
  endfacet
  facet normal -0.336733 0.665812 0.665812
    outer loop
      vertex 51.524 33.187 36.7225
      vertex 51.3761 23.2572 46.5775
      vertex 51.524 23.2946 46.6149
    endloop
  endfacet
  facet normal -0.336733 0.665812 0.665812
    outer loop
      vertex 51.3761 23.2572 46.5775
      vertex 51.524 33.187 36.7225
      vertex 51.3761 33.1496 36.6851
    endloop
  endfacet
  facet normal 0.803078 -0.421344 -0.421348
    outer loop
      vertex 49.6749 25.0575 48.3779
      vertex 49.5813 34.8608 38.3963
      vertex 49.6749 34.95 38.4855
    endloop
  endfacet
  facet normal 0.802919 -0.421498 -0.421498
    outer loop
      vertex 49.5813 34.8608 38.3963
      vertex 49.6749 25.0575 48.3779
      vertex 49.5813 24.9684 48.2887
    endloop
  endfacet
  facet normal 0.595815 0.56789 0.567896
    outer loop
      vertex 49.8967 23.4652 46.7856
      vertex 50.0228 33.2915 36.8271
      vertex 49.8967 33.3577 36.8932
    endloop
  endfacet
  facet normal 0.595524 0.568045 0.568045
    outer loop
      vertex 50.0228 33.2915 36.8271
      vertex 49.8967 23.4652 46.7856
      vertex 50.0228 23.3991 46.7195
    endloop
  endfacet
  facet normal -0.904124 0.302125 0.302125
    outer loop
      vertex 52.3228 33.6989 37.2344
      vertex 52.3899 23.9069 47.2272
      vertex 52.3899 33.7993 37.3348
    endloop
  endfacet
  facet normal -0.904042 0.30225 0.302247
    outer loop
      vertex 52.3899 23.9069 47.2272
      vertex 52.3228 33.6989 37.2344
      vertex 52.3228 23.8065 47.1269
    endloop
  endfacet
  facet normal -0.857436 0.363872 0.363868
    outer loop
      vertex 52.242 33.6037 37.1392
      vertex 52.3228 23.8065 47.1269
      vertex 52.3228 33.6989 37.2344
    endloop
  endfacet
  facet normal -0.857556 0.36373 0.36373
    outer loop
      vertex 52.3228 23.8065 47.1269
      vertex 52.242 33.6037 37.1392
      vertex 52.242 23.7113 47.0316
    endloop
  endfacet
  facet normal 0.9415 0.238304 0.238302
    outer loop
      vertex 49.3806 24.0114 47.3318
      vertex 49.4335 33.7993 37.3348
      vertex 49.3806 33.9038 37.4393
    endloop
  endfacet
  facet normal 0.941552 0.238202 0.238202
    outer loop
      vertex 49.4335 33.7993 37.3348
      vertex 49.3806 24.0114 47.3318
      vertex 49.4335 23.9069 47.2272
    endloop
  endfacet
  facet normal 0.0495448 0.706242 0.706235
    outer loop
      vertex 50.9117 23.2084 46.5288
      vertex 50.7549 33.1063 36.6418
      vertex 50.7549 23.2139 46.5343
    endloop
  endfacet
  facet normal 0.0486461 0.706266 0.706273
    outer loop
      vertex 50.7549 33.1063 36.6418
      vertex 50.9117 23.2084 46.5288
      vertex 50.9117 33.1009 36.6364
    endloop
  endfacet
  facet normal -0.146825 0.699447 0.69944
    outer loop
      vertex 51.2238 33.1226 36.6581
      vertex 51.0685 23.2139 46.5343
      vertex 51.2238 23.2302 46.5506
    endloop
  endfacet
  facet normal -0.146825 0.699447 0.69944
    outer loop
      vertex 51.0685 23.2139 46.5343
      vertex 51.2238 33.1226 36.6581
      vertex 51.0685 33.1063 36.6418
    endloop
  endfacet
  facet normal -0.9415 -0.238303 -0.238303
    outer loop
      vertex 52.4428 34.5607 38.0962
      vertex 52.3899 24.7728 48.0931
      vertex 52.3899 34.6652 38.2007
    endloop
  endfacet
  facet normal -0.941552 -0.238201 -0.238203
    outer loop
      vertex 52.3899 24.7728 48.0931
      vertex 52.4428 34.5607 38.0962
      vertex 52.4428 24.6682 47.9886
    endloop
  endfacet
  facet normal -0.970109 -0.171592 -0.171594
    outer loop
      vertex 52.4809 34.453 37.9885
      vertex 52.4428 24.6682 47.9886
      vertex 52.4428 34.5607 38.0962
    endloop
  endfacet
  facet normal -0.970109 -0.171592 -0.171594
    outer loop
      vertex 52.4428 24.6682 47.9886
      vertex 52.4809 34.453 37.9885
      vertex 52.4809 24.5605 47.8809
    endloop
  endfacet
  facet normal -0.671317 0.524087 0.524087
    outer loop
      vertex 51.9267 33.3577 36.8932
      vertex 52.0431 23.5398 46.8602
      vertex 52.0431 33.4322 36.9678
    endloop
  endfacet
  facet normal -0.671564 0.523926 0.523931
    outer loop
      vertex 52.0431 23.5398 46.8602
      vertex 51.9267 33.3577 36.8932
      vertex 51.9267 23.4652 46.7856
    endloop
  endfacet
  facet normal 0.741032 0.474803 0.474799
    outer loop
      vertex 49.6749 23.6221 46.9425
      vertex 49.7803 33.4322 36.9678
      vertex 49.6749 33.5145 37.05
    endloop
  endfacet
  facet normal 0.741235 0.474642 0.474642
    outer loop
      vertex 49.7803 33.4322 36.9678
      vertex 49.6749 23.6221 46.9425
      vertex 49.7803 23.5398 46.8602
    endloop
  endfacet
  facet normal -0.998797 0.0346742 0.0346742
    outer loop
      vertex 52.504 34.1213 37.6569
      vertex 52.5117 24.3398 47.6602
      vertex 52.5117 34.2322 37.7678
    endloop
  endfacet
  facet normal -0.998797 0.0346742 0.0346742
    outer loop
      vertex 52.5117 24.3398 47.6602
      vertex 52.504 34.1213 37.6569
      vertex 52.504 24.2289 47.5493
    endloop
  endfacet
  facet normal -0.803222 -0.421211 -0.421207
    outer loop
      vertex -54.7767 31.9893 35.5248
      vertex -55.069 22.3756 45.696
      vertex -55.069 32.268 35.8035
    endloop
  endfacet
  facet normal -0.803222 -0.421211 -0.421207
    outer loop
      vertex -55.069 22.3756 45.696
      vertex -54.7767 31.9893 35.5248
      vertex -54.7767 22.0969 45.4173
    endloop
  endfacet
  facet normal -0.803222 0.421209 0.421209
    outer loop
      vertex -55.069 36.2035 39.7249
      vertex -54.7767 26.5827 49.9031
      vertex -54.7767 36.4822 40.0036
    endloop
  endfacet
  facet normal -0.803222 0.421209 0.421209
    outer loop
      vertex -54.7767 26.5827 49.9031
      vertex -55.069 36.2035 39.7249
      vertex -55.069 26.304 49.6244
    endloop
  endfacet
  facet normal -0.740994 0.47483 0.47483
    outer loop
      vertex -54.7767 36.4822 40.0036
      vertex -54.4472 26.8398 50.1602
      vertex -54.4472 36.7393 40.2607
    endloop
  endfacet
  facet normal -0.740994 0.47483 0.47483
    outer loop
      vertex -54.4472 26.8398 50.1602
      vertex -54.7767 36.4822 40.0036
      vertex -54.7767 26.5827 49.9031
    endloop
  endfacet
  facet normal -0.857692 0.363568 0.363568
    outer loop
      vertex -55.3213 35.9059 39.4273
      vertex -55.069 26.304 49.6244
      vertex -55.069 36.2035 39.7249
    endloop
  endfacet
  facet normal -0.857692 0.363568 0.363568
    outer loop
      vertex -55.069 26.304 49.6244
      vertex -55.3213 35.9059 39.4273
      vertex -55.3213 26.0064 49.3268
    endloop
  endfacet
  facet normal 0.427423 0.639261 0.639261
    outer loop
      vertex -48.5547 27.4579 50.7783
      vertex -48.9983 37.4986 41.0342
      vertex -48.9983 27.6062 50.9266
    endloop
  endfacet
  facet normal 0.427541 0.639225 0.639219
    outer loop
      vertex -48.9983 37.4986 41.0342
      vertex -48.5547 27.4579 50.7783
      vertex -48.5547 37.3503 40.8858
    endloop
  endfacet
  facet normal -0.970041 0.171786 0.171786
    outer loop
      vertex -55.8156 34.9291 38.4504
      vertex -55.6964 25.3661 48.6865
      vertex -55.6964 35.2656 38.787
    endloop
  endfacet
  facet normal -0.970041 0.171786 0.171786
    outer loop
      vertex -55.6964 25.3661 48.6865
      vertex -55.8156 34.9291 38.4504
      vertex -55.8156 25.0296 48.3499
    endloop
  endfacet
  facet normal -0.336918 0.665765 0.665765
    outer loop
      vertex -52.3631 37.6226 41.144
      vertex -52.8251 27.6062 50.9266
      vertex -52.3631 27.7231 51.0435
    endloop
  endfacet
  facet normal -0.336918 0.665765 0.665765
    outer loop
      vertex -52.8251 27.6062 50.9266
      vertex -52.3631 37.6226 41.144
      vertex -52.8251 37.5057 41.0271
    endloop
  endfacet
  facet normal -0.903983 -0.302336 -0.302336
    outer loop
      vertex -55.3213 32.5656 36.1011
      vertex -55.5311 22.9868 46.3072
      vertex -55.5311 32.8792 36.4148
    endloop
  endfacet
  facet normal -0.903957 -0.302377 -0.302374
    outer loop
      vertex -55.5311 22.9868 46.3072
      vertex -55.3213 32.5656 36.1011
      vertex -55.3213 22.6732 45.9936
    endloop
  endfacet
  facet normal 0.857782 0.36346 0.363464
    outer loop
      vertex -46.7543 26.304 49.6244
      vertex -46.5021 35.8989 39.4344
      vertex -46.7543 36.1965 39.732
    endloop
  endfacet
  facet normal 0.857782 0.36346 0.363464
    outer loop
      vertex -46.5021 35.8989 39.4344
      vertex -46.7543 26.304 49.6244
      vertex -46.5021 26.0064 49.3268
    endloop
  endfacet
  facet normal 0.941554 0.238198 0.238198
    outer loop
      vertex -46.2923 25.6928 49.0132
      vertex -46.127 35.2585 38.7941
      vertex -46.2923 35.5852 39.1208
    endloop
  endfacet
  facet normal 0.941554 0.238198 0.238198
    outer loop
      vertex -46.127 35.2585 38.7941
      vertex -46.2923 25.6928 49.0132
      vertex -46.127 25.3661 48.6865
    endloop
  endfacet
  facet normal 0.67162 0.523892 0.523892
    outer loop
      vertex -47.7397 27.0728 50.3932
      vertex -47.3762 36.7322 40.2678
      vertex -47.7397 36.9652 40.5008
    endloop
  endfacet
  facet normal 0.67162 0.523892 0.523892
    outer loop
      vertex -47.3762 36.7322 40.2678
      vertex -47.7397 27.0728 50.3932
      vertex -47.3762 26.8398 50.1602
    endloop
  endfacet
  facet normal -0.941554 -0.238198 -0.238198
    outer loop
      vertex -55.5311 32.8792 36.4148
      vertex -55.6964 23.3135 46.6339
      vertex -55.6964 33.2059 36.7415
    endloop
  endfacet
  facet normal -0.941554 -0.238198 -0.238198
    outer loop
      vertex -55.6964 23.3135 46.6339
      vertex -55.5311 32.8792 36.4148
      vertex -55.5311 22.9868 46.3072
    endloop
  endfacet
  facet normal -0.740929 -0.474883 -0.474878
    outer loop
      vertex -54.4472 31.7322 35.2678
      vertex -54.7767 22.0969 45.4173
      vertex -54.7767 31.9893 35.5248
    endloop
  endfacet
  facet normal -0.740994 -0.47483 -0.47483
    outer loop
      vertex -54.7767 22.0969 45.4173
      vertex -54.4472 31.7322 35.2678
      vertex -54.4472 21.8398 45.1602
    endloop
  endfacet
  facet normal -0.242954 0.68592 0.68592
    outer loop
      vertex -52.3631 37.6226 41.144
      vertex -51.8871 27.8074 51.1278
      vertex -51.8871 37.7069 41.2283
    endloop
  endfacet
  facet normal -0.242954 0.68592 0.68592
    outer loop
      vertex -51.8871 27.8074 51.1278
      vertex -52.3631 37.6226 41.144
      vertex -52.3631 27.7231 51.0435
    endloop
  endfacet
  facet normal -0.998793 -0.0347294 -0.0347294
    outer loop
      vertex -55.8876 33.8857 37.4212
      vertex -55.9117 24.3398 47.6602
      vertex -55.9117 34.2322 37.7678
    endloop
  endfacet
  facet normal -0.998793 -0.0347294 -0.0347294
    outer loop
      vertex -55.9117 24.3398 47.6602
      vertex -55.8876 33.8857 37.4212
      vertex -55.8876 23.9933 47.3136
    endloop
  endfacet
  facet normal 0.989175 0.10376 0.10376
    outer loop
      vertex -46.0078 25.0296 48.3499
      vertex -45.9358 34.5788 38.1143
      vertex -46.0078 34.922 38.4575
    endloop
  endfacet
  facet normal 0.989175 0.10376 0.10376
    outer loop
      vertex -45.9358 34.5788 38.1143
      vertex -46.0078 25.0296 48.3499
      vertex -45.9358 24.6864 48.0067
    endloop
  endfacet
  facet normal 0.243002 -0.685912 -0.685912
    outer loop
      vertex -49.9362 20.8722 44.1926
      vertex -49.4603 30.8489 34.3845
      vertex -49.4603 20.9565 44.2769
    endloop
  endfacet
  facet normal 0.243002 -0.685912 -0.685912
    outer loop
      vertex -49.4603 30.8489 34.3845
      vertex -49.9362 20.8722 44.1926
      vertex -49.9362 30.7646 34.3002
    endloop
  endfacet
  facet normal 0.51413 0.606497 0.606491
    outer loop
      vertex -48.1338 27.2795 50.5999
      vertex -48.5547 37.3503 40.8858
      vertex -48.5547 27.4579 50.7783
    endloop
  endfacet
  facet normal 0.514024 0.606539 0.606539
    outer loop
      vertex -48.5547 37.3503 40.8858
      vertex -48.1338 27.2795 50.5999
      vertex -48.1338 37.1719 40.7075
    endloop
  endfacet
  facet normal -0.595646 0.567982 0.567982
    outer loop
      vertex -54.0837 36.9723 40.4937
      vertex -53.6895 27.2795 50.5999
      vertex -53.6895 37.179 40.7004
    endloop
  endfacet
  facet normal -0.595646 0.567982 0.567982
    outer loop
      vertex -53.6895 27.2795 50.5999
      vertex -54.0837 36.9723 40.4937
      vertex -54.0837 27.0728 50.3932
    endloop
  endfacet
  facet normal 0.803222 0.421207 0.421211
    outer loop
      vertex -47.0466 26.5827 49.9031
      vertex -46.7543 36.1965 39.732
      vertex -47.0466 36.4752 40.0107
    endloop
  endfacet
  facet normal 0.803222 0.421207 0.421211
    outer loop
      vertex -46.7543 36.1965 39.732
      vertex -47.0466 26.5827 49.9031
      vertex -46.7543 26.304 49.6244
    endloop
  endfacet
  facet normal -0.146723 -0.699454 -0.699454
    outer loop
      vertex -51.8871 30.7646 34.3002
      vertex -51.4018 20.8213 44.1417
      vertex -51.8871 20.8722 44.1926
    endloop
  endfacet
  facet normal -0.146723 -0.699454 -0.699454
    outer loop
      vertex -51.4018 20.8213 44.1417
      vertex -51.8871 30.7646 34.3002
      vertex -51.4018 30.7137 34.2493
    endloop
  endfacet
  facet normal 0.740828 -0.474962 -0.474958
    outer loop
      vertex -47.0466 22.0969 45.4173
      vertex -47.3762 31.7322 35.2678
      vertex -47.0466 31.9893 35.5248
    endloop
  endfacet
  facet normal 0.740893 -0.474909 -0.474909
    outer loop
      vertex -47.3762 31.7322 35.2678
      vertex -47.0466 22.0969 45.4173
      vertex -47.3762 21.8398 45.1602
    endloop
  endfacet
  facet normal 0.857782 -0.363464 -0.36346
    outer loop
      vertex -46.5021 22.6732 45.9936
      vertex -46.7543 32.268 35.8035
      vertex -46.5021 32.5656 36.1011
    endloop
  endfacet
  facet normal 0.857782 -0.363464 -0.36346
    outer loop
      vertex -46.7543 32.268 35.8035
      vertex -46.5021 22.6732 45.9936
      vertex -46.7543 22.3756 45.696
    endloop
  endfacet
  facet normal -0.51422 0.606456 0.606456
    outer loop
      vertex -53.2687 37.3574 40.8788
      vertex -53.6895 27.2795 50.5999
      vertex -53.2687 27.4579 50.7783
    endloop
  endfacet
  facet normal -0.51422 0.606456 0.606456
    outer loop
      vertex -53.6895 27.2795 50.5999
      vertex -53.2687 37.3574 40.8788
      vertex -53.6895 37.179 40.7004
    endloop
  endfacet
  facet normal 0.51413 -0.606494 -0.606494
    outer loop
      vertex -48.5547 21.2217 44.5421
      vertex -48.1338 31.2925 34.8281
      vertex -48.1338 21.4001 44.7205
    endloop
  endfacet
  facet normal 0.514024 -0.606536 -0.606542
    outer loop
      vertex -48.1338 31.2925 34.8281
      vertex -48.5547 21.2217 44.5421
      vertex -48.5547 31.1142 34.6497
    endloop
  endfacet
  facet normal -0.989175 -0.10376 -0.10376
    outer loop
      vertex -55.8156 33.5425 37.078
      vertex -55.8876 23.9933 47.3136
      vertex -55.8876 33.8857 37.4212
    endloop
  endfacet
  facet normal -0.989175 -0.10376 -0.10376
    outer loop
      vertex -55.8876 23.9933 47.3136
      vertex -55.8156 33.5425 37.078
      vertex -55.8156 23.6501 46.9704
    endloop
  endfacet
  facet normal -0.67162 -0.523892 -0.523892
    outer loop
      vertex -54.0837 31.4992 35.0348
      vertex -54.4472 21.8398 45.1602
      vertex -54.4472 31.7322 35.2678
    endloop
  endfacet
  facet normal -0.67162 -0.523892 -0.523892
    outer loop
      vertex -54.4472 21.8398 45.1602
      vertex -54.0837 31.4992 35.0348
      vertex -54.0837 21.6068 44.9272
    endloop
  endfacet
  facet normal -0.989178 0.103745 0.103745
    outer loop
      vertex -55.8876 34.5858 38.1072
      vertex -55.8156 25.0296 48.3499
      vertex -55.8156 34.9291 38.4504
    endloop
  endfacet
  facet normal -0.989175 0.10376 0.103759
    outer loop
      vertex -55.8156 25.0296 48.3499
      vertex -55.8876 34.5858 38.1072
      vertex -55.8876 24.6864 48.0067
    endloop
  endfacet
  facet normal -0.970041 -0.171786 -0.171786
    outer loop
      vertex -55.6964 33.2059 36.7415
      vertex -55.8156 23.6501 46.9704
      vertex -55.8156 33.5425 37.078
    endloop
  endfacet
  facet normal -0.970041 -0.171786 -0.171786
    outer loop
      vertex -55.8156 23.6501 46.9704
      vertex -55.6964 33.2059 36.7415
      vertex -55.6964 23.3135 46.6339
    endloop
  endfacet
  facet normal 0.336918 0.665765 0.665765
    outer loop
      vertex -48.9983 27.6062 50.9266
      vertex -49.4603 37.6155 41.1511
      vertex -49.4603 27.7231 51.0435
    endloop
  endfacet
  facet normal 0.336918 0.665765 0.665765
    outer loop
      vertex -49.4603 37.6155 41.1511
      vertex -48.9983 27.6062 50.9266
      vertex -48.9983 37.4986 41.0342
    endloop
  endfacet
  facet normal 0.903983 -0.302336 -0.302336
    outer loop
      vertex -46.2923 22.9868 46.3072
      vertex -46.5021 32.5656 36.1011
      vertex -46.2923 32.8792 36.4148
    endloop
  endfacet
  facet normal 0.903957 -0.302377 -0.302374
    outer loop
      vertex -46.5021 32.5656 36.1011
      vertex -46.2923 22.9868 46.3072
      vertex -46.5021 22.6732 45.9936
    endloop
  endfacet
  facet normal -0.00227151 0.708852 -0.705354
    outer loop
      vertex -53.7401 36.2393 39.7607
      vertex -51.4018 37.7578 41.2792
      vertex -51.3689 37.759 41.2803
    endloop
  endfacet
  facet normal 0 0.707107 -0.707107
    outer loop
      vertex -51.4018 37.7578 41.2792
      vertex -53.7401 36.2393 39.7607
      vertex -51.8871 37.7069 41.2283
    endloop
  endfacet
  facet normal 0 0.707107 -0.707107
    outer loop
      vertex -51.8871 37.7069 41.2283
      vertex -53.7401 36.2393 39.7607
      vertex -52.3631 37.6226 41.144
    endloop
  endfacet
  facet normal 0 0.707107 -0.707107
    outer loop
      vertex -52.3631 37.6226 41.144
      vertex -53.7401 36.2393 39.7607
      vertex -52.8251 37.5057 41.0271
    endloop
  endfacet
  facet normal 0 0.707107 -0.707107
    outer loop
      vertex -52.8251 37.5057 41.0271
      vertex -53.7401 36.2393 39.7607
      vertex -53.2687 37.3574 40.8788
    endloop
  endfacet
  facet normal 0 0.707107 -0.707107
    outer loop
      vertex -53.2687 37.3574 40.8788
      vertex -53.7401 36.2393 39.7607
      vertex -53.6895 37.179 40.7004
    endloop
  endfacet
  facet normal 0 0.707107 -0.707107
    outer loop
      vertex -53.6895 37.179 40.7004
      vertex -53.7401 36.2393 39.7607
      vertex -54.0837 36.9723 40.4937
    endloop
  endfacet
  facet normal 0 0.707107 -0.707107
    outer loop
      vertex -54.0837 36.9723 40.4937
      vertex -53.7401 36.2393 39.7607
      vertex -54.4472 36.7393 40.2607
    endloop
  endfacet
  facet normal 0 0.707107 -0.707107
    outer loop
      vertex -54.4472 36.7393 40.2607
      vertex -53.7401 36.2393 39.7607
      vertex -54.7767 36.4822 40.0036
    endloop
  endfacet
  facet normal 0 0.707107 -0.707107
    outer loop
      vertex -53.7401 36.2393 39.7607
      vertex -55.069 36.2035 39.7249
      vertex -54.7767 36.4822 40.0036
    endloop
  endfacet
  facet normal 0 0.707107 -0.707107
    outer loop
      vertex -53.7401 36.2393 39.7607
      vertex -55.3213 35.9059 39.4273
      vertex -55.069 36.2035 39.7249
    endloop
  endfacet
  facet normal 0 0.707107 -0.707107
    outer loop
      vertex -53.7401 36.2393 39.7607
      vertex -55.5311 35.5923 39.1137
      vertex -55.3213 35.9059 39.4273
    endloop
  endfacet
  facet normal 0 0.707107 -0.707107
    outer loop
      vertex -53.7401 36.2393 39.7607
      vertex -55.6964 35.2656 38.787
      vertex -55.5311 35.5923 39.1137
    endloop
  endfacet
  facet normal -0.000126955 0.707234 -0.706979
    outer loop
      vertex -53.7401 36.2393 39.7607
      vertex -55.8156 34.9291 38.4504
      vertex -55.6964 35.2656 38.787
    endloop
  endfacet
  facet normal 0.000178519 0.706992 -0.707221
    outer loop
      vertex -55.8892 34.5626 38.084
      vertex -55.8156 34.9291 38.4504
      vertex -53.7401 36.2393 39.7607
    endloop
  endfacet
  facet normal -0.00146315 0.707156 -0.707056
    outer loop
      vertex -55.8156 34.9291 38.4504
      vertex -55.8892 34.5626 38.084
      vertex -55.8876 34.5858 38.1072
    endloop
  endfacet
  facet normal -0.857692 -0.36357 -0.363566
    outer loop
      vertex -55.069 32.268 35.8035
      vertex -55.3213 22.6732 45.9936
      vertex -55.3213 32.5656 36.1011
    endloop
  endfacet
  facet normal -0.857692 -0.36357 -0.363566
    outer loop
      vertex -55.3213 22.6732 45.9936
      vertex -55.069 32.268 35.8035
      vertex -55.069 22.3756 45.696
    endloop
  endfacet
  facet normal 0.0489956 -0.706261 -0.706254
    outer loop
      vertex -50.9117 30.6967 34.2322
      vertex -50.4216 20.8213 44.1417
      vertex -50.9117 20.8043 44.1247
    endloop
  endfacet
  facet normal 0.0491394 -0.706253 -0.706253
    outer loop
      vertex -50.4216 20.8213 44.1417
      vertex -50.9117 30.6967 34.2322
      vertex -50.4216 30.7137 34.2493
    endloop
  endfacet
  facet normal -0.67162 0.523892 0.523892
    outer loop
      vertex -54.4472 36.7393 40.2607
      vertex -54.0837 27.0728 50.3932
      vertex -54.0837 36.9723 40.4937
    endloop
  endfacet
  facet normal -0.67162 0.523892 0.523892
    outer loop
      vertex -54.0837 27.0728 50.3932
      vertex -54.4472 36.7393 40.2607
      vertex -54.4472 26.8398 50.1602
    endloop
  endfacet
  facet normal -0.595646 -0.567982 -0.567982
    outer loop
      vertex -53.6895 31.2925 34.8281
      vertex -54.0837 21.6068 44.9272
      vertex -54.0837 31.4992 35.0348
    endloop
  endfacet
  facet normal -0.595646 -0.567982 -0.567982
    outer loop
      vertex -54.0837 21.6068 44.9272
      vertex -53.6895 31.2925 34.8281
      vertex -53.6895 21.4001 44.7205
    endloop
  endfacet
  facet normal -0.336918 -0.665765 -0.665765
    outer loop
      vertex -52.8251 30.9658 34.5014
      vertex -52.3631 20.9565 44.2769
      vertex -52.8251 21.0734 44.3938
    endloop
  endfacet
  facet normal -0.336918 -0.665765 -0.665765
    outer loop
      vertex -52.3631 20.9565 44.2769
      vertex -52.8251 30.9658 34.5014
      vertex -52.3631 30.8489 34.3845
    endloop
  endfacet
  facet normal 0.595743 -0.56793 -0.56793
    outer loop
      vertex -47.7397 21.6068 44.9272
      vertex -48.1338 31.2925 34.8281
      vertex -47.7397 31.4992 35.0348
    endloop
  endfacet
  facet normal 0.595743 -0.56793 -0.56793
    outer loop
      vertex -48.1338 31.2925 34.8281
      vertex -47.7397 21.6068 44.9272
      vertex -48.1338 21.4001 44.7205
    endloop
  endfacet
  facet normal 0.595743 0.56793 0.56793
    outer loop
      vertex -48.1338 27.2795 50.5999
      vertex -47.7397 36.9652 40.5008
      vertex -48.1338 37.1719 40.7075
    endloop
  endfacet
  facet normal 0.595743 0.56793 0.56793
    outer loop
      vertex -47.7397 36.9652 40.5008
      vertex -48.1338 27.2795 50.5999
      vertex -47.7397 27.0728 50.3932
    endloop
  endfacet
  facet normal -0.903957 0.302376 0.302376
    outer loop
      vertex -55.5311 35.5923 39.1137
      vertex -55.3213 26.0064 49.3268
      vertex -55.3213 35.9059 39.4273
    endloop
  endfacet
  facet normal -0.903957 0.302376 0.302376
    outer loop
      vertex -55.3213 26.0064 49.3268
      vertex -55.5311 35.5923 39.1137
      vertex -55.5311 25.6928 49.0132
    endloop
  endfacet
  facet normal -0.0489956 0.706254 0.706261
    outer loop
      vertex -50.9117 37.7678 41.3033
      vertex -51.4018 27.8583 51.1787
      vertex -50.9117 27.8753 51.1957
    endloop
  endfacet
  facet normal -0.0491226 0.706253 0.706254
    outer loop
      vertex -51.3689 37.7519 41.2874
      vertex -51.4018 27.8583 51.1787
      vertex -50.9117 37.7678 41.3033
    endloop
  endfacet
  facet normal -0.0493727 0.706244 0.706244
    outer loop
      vertex -51.4018 37.7578 41.2792
      vertex -51.3689 37.7519 41.2874
      vertex -51.3689 37.759 41.2803
    endloop
  endfacet
  facet normal -0.0493727 0.706244 0.706244
    outer loop
      vertex -51.3689 37.7519 41.2874
      vertex -51.4018 37.7578 41.2792
      vertex -51.4018 27.8583 51.1787
    endloop
  endfacet
  facet normal -0.146723 0.699454 0.699454
    outer loop
      vertex -51.8871 37.7069 41.2283
      vertex -51.4018 27.8583 51.1787
      vertex -51.4018 37.7578 41.2792
    endloop
  endfacet
  facet normal -0.146723 0.699454 0.699454
    outer loop
      vertex -51.4018 27.8583 51.1787
      vertex -51.8871 37.7069 41.2283
      vertex -51.8871 27.8074 51.1278
    endloop
  endfacet
  facet normal -0.427423 0.639261 0.639261
    outer loop
      vertex -52.8251 37.5057 41.0271
      vertex -53.2687 27.4579 50.7783
      vertex -52.8251 27.6062 50.9266
    endloop
  endfacet
  facet normal -0.427423 0.639261 0.639261
    outer loop
      vertex -53.2687 27.4579 50.7783
      vertex -52.8251 37.5057 41.0271
      vertex -53.2687 37.3574 40.8788
    endloop
  endfacet
  facet normal -0.51422 -0.606456 -0.606456
    outer loop
      vertex -53.6895 31.2925 34.8281
      vertex -53.2687 21.2217 44.5421
      vertex -53.6895 21.4001 44.7205
    endloop
  endfacet
  facet normal -0.514114 -0.606498 -0.606504
    outer loop
      vertex -53.2687 21.2217 44.5421
      vertex -53.6895 31.2925 34.8281
      vertex -53.2687 31.1142 34.6497
    endloop
  endfacet
  facet normal 0.941554 -0.238198 -0.238198
    outer loop
      vertex -46.127 23.3135 46.6339
      vertex -46.2923 32.8792 36.4148
      vertex -46.127 33.2059 36.7415
    endloop
  endfacet
  facet normal 0.941554 -0.238198 -0.238198
    outer loop
      vertex -46.2923 32.8792 36.4148
      vertex -46.127 23.3135 46.6339
      vertex -46.2923 22.9868 46.3072
    endloop
  endfacet
  facet normal -0.941554 0.238198 0.238198
    outer loop
      vertex -55.6964 35.2656 38.787
      vertex -55.5311 25.6928 49.0132
      vertex -55.5311 35.5923 39.1137
    endloop
  endfacet
  facet normal -0.941554 0.238198 0.238198
    outer loop
      vertex -55.5311 25.6928 49.0132
      vertex -55.6964 35.2656 38.787
      vertex -55.6964 25.3661 48.6865
    endloop
  endfacet
  facet normal -0.0489956 -0.706261 -0.706254
    outer loop
      vertex -51.4018 20.8213 44.1417
      vertex -50.9117 30.6967 34.2322
      vertex -50.9117 20.8043 44.1247
    endloop
  endfacet
  facet normal -0.0491394 -0.706253 -0.706253
    outer loop
      vertex -50.9117 30.6967 34.2322
      vertex -51.4018 20.8213 44.1417
      vertex -51.4018 30.7137 34.2493
    endloop
  endfacet
  facet normal 0.998793 -0.0347294 -0.0347294
    outer loop
      vertex -45.9117 24.3398 47.6602
      vertex -45.9358 33.8857 37.4212
      vertex -45.9117 34.2322 37.7678
    endloop
  endfacet
  facet normal 0.998793 -0.0347294 -0.0347294
    outer loop
      vertex -45.9358 33.8857 37.4212
      vertex -45.9117 24.3398 47.6602
      vertex -45.9358 23.9933 47.3136
    endloop
  endfacet
  facet normal 0.970041 -0.171786 -0.171786
    outer loop
      vertex -46.0078 23.6501 46.9704
      vertex -46.127 33.2059 36.7415
      vertex -46.0078 33.5425 37.078
    endloop
  endfacet
  facet normal 0.970041 -0.171786 -0.171786
    outer loop
      vertex -46.127 33.2059 36.7415
      vertex -46.0078 23.6501 46.9704
      vertex -46.127 23.3135 46.6339
    endloop
  endfacet
  facet normal -0.427423 -0.639258 -0.639264
    outer loop
      vertex -53.2687 31.1142 34.6497
      vertex -52.8251 21.0734 44.3938
      vertex -53.2687 21.2217 44.5421
    endloop
  endfacet
  facet normal -0.427541 -0.639222 -0.639222
    outer loop
      vertex -52.8251 21.0734 44.3938
      vertex -53.2687 31.1142 34.6497
      vertex -52.8251 30.9658 34.5014
    endloop
  endfacet
  facet normal 0.970041 0.171786 0.171786
    outer loop
      vertex -46.127 25.3661 48.6865
      vertex -46.0078 34.922 38.4575
      vertex -46.127 35.2585 38.7941
    endloop
  endfacet
  facet normal 0.970041 0.171786 0.171786
    outer loop
      vertex -46.0078 34.922 38.4575
      vertex -46.127 25.3661 48.6865
      vertex -46.0078 25.0296 48.3499
    endloop
  endfacet
  facet normal 0.427423 -0.639258 -0.639264
    outer loop
      vertex -48.9983 21.0734 44.3938
      vertex -48.5547 31.1142 34.6497
      vertex -48.5547 21.2217 44.5421
    endloop
  endfacet
  facet normal 0.427541 -0.639222 -0.639222
    outer loop
      vertex -48.5547 31.1142 34.6497
      vertex -48.9983 21.0734 44.3938
      vertex -48.9983 30.9658 34.5014
    endloop
  endfacet
  facet normal 0.146693 0.699457 0.699457
    outer loop
      vertex -50.4216 27.8583 51.1787
      vertex -49.9362 37.6998 41.2354
      vertex -50.4216 37.7507 41.2863
    endloop
  endfacet
  facet normal 0.146693 0.699457 0.699457
    outer loop
      vertex -49.9362 37.6998 41.2354
      vertex -50.4216 27.8583 51.1787
      vertex -49.9362 27.8074 51.1278
    endloop
  endfacet
  facet normal -0.998813 0.0346861 0.0341976
    outer loop
      vertex -55.8892 34.5556 38.0911
      vertex -55.8876 34.5858 38.1072
      vertex -55.8892 34.5626 38.084
    endloop
  endfacet
  facet normal -0.998808 0.0345162 0.0345158
    outer loop
      vertex -55.8892 34.5556 38.0911
      vertex -55.8876 24.6864 48.0067
      vertex -55.8876 34.5858 38.1072
    endloop
  endfacet
  facet normal -0.998792 0.0347507 0.0347493
    outer loop
      vertex -55.9117 34.2322 37.7678
      vertex -55.8876 24.6864 48.0067
      vertex -55.8892 34.5556 38.0911
    endloop
  endfacet
  facet normal -0.998793 0.0347294 0.0347294
    outer loop
      vertex -55.8876 24.6864 48.0067
      vertex -55.9117 34.2322 37.7678
      vertex -55.9117 24.3398 47.6602
    endloop
  endfacet
  facet normal 0.989175 -0.10376 -0.10376
    outer loop
      vertex -45.9358 23.9933 47.3136
      vertex -46.0078 33.5425 37.078
      vertex -45.9358 33.8857 37.4212
    endloop
  endfacet
  facet normal 0.989175 -0.10376 -0.10376
    outer loop
      vertex -46.0078 33.5425 37.078
      vertex -45.9358 23.9933 47.3136
      vertex -46.0078 23.6501 46.9704
    endloop
  endfacet
  facet normal -0.242954 -0.68592 -0.68592
    outer loop
      vertex -52.3631 30.8489 34.3845
      vertex -51.8871 20.8722 44.1926
      vertex -52.3631 20.9565 44.2769
    endloop
  endfacet
  facet normal -0.242954 -0.68592 -0.68592
    outer loop
      vertex -51.8871 20.8722 44.1926
      vertex -52.3631 30.8489 34.3845
      vertex -51.8871 30.7646 34.3002
    endloop
  endfacet
  facet normal 0.803222 -0.421211 -0.421207
    outer loop
      vertex -46.7543 22.3756 45.696
      vertex -47.0466 31.9893 35.5248
      vertex -46.7543 32.268 35.8035
    endloop
  endfacet
  facet normal 0.803222 -0.421211 -0.421207
    outer loop
      vertex -47.0466 31.9893 35.5248
      vertex -46.7543 22.3756 45.696
      vertex -47.0466 22.0969 45.4173
    endloop
  endfacet
  facet normal 0.336918 -0.665765 -0.665765
    outer loop
      vertex -49.4603 20.9565 44.2769
      vertex -48.9983 30.9658 34.5014
      vertex -48.9983 21.0734 44.3938
    endloop
  endfacet
  facet normal 0.336918 -0.665765 -0.665765
    outer loop
      vertex -48.9983 30.9658 34.5014
      vertex -49.4603 20.9565 44.2769
      vertex -49.4603 30.8489 34.3845
    endloop
  endfacet
  facet normal 0.243002 0.685912 0.685912
    outer loop
      vertex -49.9362 27.8074 51.1278
      vertex -49.4603 37.6155 41.1511
      vertex -49.9362 37.6998 41.2354
    endloop
  endfacet
  facet normal 0.243002 0.685912 0.685912
    outer loop
      vertex -49.4603 37.6155 41.1511
      vertex -49.9362 27.8074 51.1278
      vertex -49.4603 27.7231 51.0435
    endloop
  endfacet
  facet normal 0.998793 0.0347294 0.0347294
    outer loop
      vertex -45.9358 24.6864 48.0067
      vertex -45.9117 34.2322 37.7678
      vertex -45.9358 34.5788 38.1143
    endloop
  endfacet
  facet normal 0.998793 0.0347294 0.0347294
    outer loop
      vertex -45.9117 34.2322 37.7678
      vertex -45.9358 24.6864 48.0067
      vertex -45.9117 24.3398 47.6602
    endloop
  endfacet
  facet normal 0.146693 -0.699457 -0.699457
    outer loop
      vertex -50.4216 20.8213 44.1417
      vertex -49.9362 30.7646 34.3002
      vertex -49.9362 20.8722 44.1926
    endloop
  endfacet
  facet normal 0.146693 -0.699457 -0.699457
    outer loop
      vertex -49.9362 30.7646 34.3002
      vertex -50.4216 20.8213 44.1417
      vertex -50.4216 30.7137 34.2493
    endloop
  endfacet
  facet normal 0.740828 0.47496 0.47496
    outer loop
      vertex -47.3762 26.8398 50.1602
      vertex -47.0466 36.4752 40.0107
      vertex -47.3762 36.7322 40.2678
    endloop
  endfacet
  facet normal 0.740893 0.474907 0.474912
    outer loop
      vertex -47.0466 36.4752 40.0107
      vertex -47.3762 26.8398 50.1602
      vertex -47.0466 26.5827 49.9031
    endloop
  endfacet
  facet normal -5.33012e-15 -0.707107 0.707107
    outer loop
      vertex -51.0685 25.4657 48.7861
      vertex -50.9117 27.8753 51.1957
      vertex -51.4018 27.8583 51.1787
    endloop
  endfacet
  facet normal 0 -0.707107 0.707107
    outer loop
      vertex -51.2238 25.4494 48.7698
      vertex -51.4018 27.8583 51.1787
      vertex -51.8871 27.8074 51.1278
    endloop
  endfacet
  facet normal -1.66604e-14 -0.707107 0.707107
    outer loop
      vertex -50.9117 27.8753 51.1957
      vertex -51.0685 25.4657 48.7861
      vertex -50.9117 25.4712 48.7916
    endloop
  endfacet
  facet normal 5.03605e-06 -0.707121 0.707093
    outer loop
      vertex -51.524 25.3851 48.7054
      vertex -51.8871 27.8074 51.1278
      vertex -52.3631 27.7231 51.0435
    endloop
  endfacet
  facet normal 1.60227e-14 -0.707107 0.707107
    outer loop
      vertex -50.7549 25.4657 48.7861
      vertex -50.9117 27.8753 51.1957
      vertex -50.9117 25.4712 48.7916
    endloop
  endfacet
  facet normal -4.73301e-15 -0.707107 0.707107
    outer loop
      vertex -51.8006 25.2805 48.6009
      vertex -52.3631 27.7231 51.0435
      vertex -52.8251 27.6062 50.9266
    endloop
  endfacet
  facet normal 5.10109e-15 -0.707107 0.707107
    outer loop
      vertex -50.9117 27.8753 51.1957
      vertex -50.7549 25.4657 48.7861
      vertex -50.4216 27.8583 51.1787
    endloop
  endfacet
  facet normal 5.25891e-15 -0.707107 0.707107
    outer loop
      vertex -51.9267 25.2144 48.5348
      vertex -52.8251 27.6062 50.9266
      vertex -53.2687 27.4579 50.7783
    endloop
  endfacet
  facet normal 1.59327e-14 -0.707107 0.707107
    outer loop
      vertex -50.5995 25.4494 48.7698
      vertex -50.4216 27.8583 51.1787
      vertex -50.7549 25.4657 48.7861
    endloop
  endfacet
  facet normal -4.15254e-15 -0.707107 0.707107
    outer loop
      vertex -52.1485 25.0575 48.3779
      vertex -53.2687 27.4579 50.7783
      vertex -53.6895 27.2795 50.5999
    endloop
  endfacet
  facet normal -1.08263e-16 -0.707107 0.707107
    outer loop
      vertex -50.4216 27.8583 51.1787
      vertex -50.5995 25.4494 48.7698
      vertex -49.9362 27.8074 51.1278
    endloop
  endfacet
  facet normal 1.20767e-05 -0.707118 0.707095
    outer loop
      vertex -52.242 24.9684 48.2887
      vertex -53.6895 27.2795 50.5999
      vertex -54.0837 27.0728 50.3932
    endloop
  endfacet
  facet normal 0.000442271 -0.707169 0.707045
    outer loop
      vertex -50.4472 25.4225 48.7428
      vertex -49.9362 27.8074 51.1278
      vertex -50.5995 25.4494 48.7698
    endloop
  endfacet
  facet normal 4.67181e-15 -0.707107 0.707107
    outer loop
      vertex -52.3228 24.8731 48.1935
      vertex -54.0837 27.0728 50.3932
      vertex -54.4472 26.8398 50.1602
    endloop
  endfacet
  facet normal -7.1166e-06 -0.707121 0.707093
    outer loop
      vertex -50.2994 25.3851 48.7054
      vertex -49.9362 27.8074 51.1278
      vertex -50.4472 25.4225 48.7428
    endloop
  endfacet
  facet normal 1.50243e-05 -0.707116 0.707097
    outer loop
      vertex -52.3899 24.7728 48.0931
      vertex -54.4472 26.8398 50.1602
      vertex -54.7767 26.5827 49.9031
    endloop
  endfacet
  facet normal -0.000453949 -0.70704 0.707173
    outer loop
      vertex -50.1575 25.3376 48.658
      vertex -49.4603 27.7231 51.0435
      vertex -50.2994 25.3851 48.7054
    endloop
  endfacet
  facet normal 5.1901e-16 -0.707107 0.707107
    outer loop
      vertex -52.4428 24.6682 47.9886
      vertex -54.7767 26.5827 49.9031
      vertex -55.069 26.304 49.6244
    endloop
  endfacet
  facet normal 0 -0.707107 0.707107
    outer loop
      vertex -50.0228 25.2805 48.6009
      vertex -49.4603 27.7231 51.0435
      vertex -50.1575 25.3376 48.658
    endloop
  endfacet
  facet normal -2.33547e-15 -0.707107 0.707107
    outer loop
      vertex -52.4809 24.5605 47.8809
      vertex -55.069 26.304 49.6244
      vertex -55.3213 26.0064 49.3268
    endloop
  endfacet
  facet normal 5.16029e-15 -0.707107 0.707107
    outer loop
      vertex -49.4603 27.7231 51.0435
      vertex -50.0228 25.2805 48.6009
      vertex -48.9983 27.6062 50.9266
    endloop
  endfacet
  facet normal 6.57438e-16 -0.707107 0.707107
    outer loop
      vertex -52.4809 24.5605 47.8809
      vertex -55.3213 26.0064 49.3268
      vertex -55.5311 25.6928 49.0132
    endloop
  endfacet
  facet normal 3.27836e-14 -0.707107 0.707107
    outer loop
      vertex -49.8967 25.2144 48.5348
      vertex -48.9983 27.6062 50.9266
      vertex -50.0228 25.2805 48.6009
    endloop
  endfacet
  facet normal -5.35751e-15 -0.707107 0.707107
    outer loop
      vertex -48.9983 27.6062 50.9266
      vertex -49.8967 25.2144 48.5348
      vertex -48.5547 27.4579 50.7783
    endloop
  endfacet
  facet normal -5.03704e-06 -0.707121 0.707093
    outer loop
      vertex -49.9362 27.8074 51.1278
      vertex -50.2994 25.3851 48.7054
      vertex -49.4603 27.7231 51.0435
    endloop
  endfacet
  facet normal -1.66586e-14 -0.707107 0.707107
    outer loop
      vertex -51.4018 27.8583 51.1787
      vertex -51.2238 25.4494 48.7698
      vertex -51.0685 25.4657 48.7861
    endloop
  endfacet
  facet normal -0.000442271 -0.707169 0.707045
    outer loop
      vertex -51.8871 27.8074 51.1278
      vertex -51.3761 25.4225 48.7428
      vertex -51.2238 25.4494 48.7698
    endloop
  endfacet
  facet normal 7.11204e-06 -0.707121 0.707093
    outer loop
      vertex -51.8871 27.8074 51.1278
      vertex -51.524 25.3851 48.7054
      vertex -51.3761 25.4225 48.7428
    endloop
  endfacet
  facet normal 3.28671e-15 -0.707107 0.707107
    outer loop
      vertex -52.504 24.4507 47.7711
      vertex -55.5311 25.6928 49.0132
      vertex -55.6964 25.3661 48.6865
    endloop
  endfacet
  facet normal 0.000453949 -0.70704 0.707173
    outer loop
      vertex -52.3631 27.7231 51.0435
      vertex -51.6659 25.3376 48.658
      vertex -51.524 25.3851 48.7054
    endloop
  endfacet
  facet normal 0 -0.707107 0.707107
    outer loop
      vertex -52.3631 27.7231 51.0435
      vertex -51.8006 25.2805 48.6009
      vertex -51.6659 25.3376 48.658
    endloop
  endfacet
  facet normal -3.30555e-14 -0.707107 0.707107
    outer loop
      vertex -52.8251 27.6062 50.9266
      vertex -51.9267 25.2144 48.5348
      vertex -51.8006 25.2805 48.6009
    endloop
  endfacet
  facet normal 1.56463e-14 -0.707107 0.707107
    outer loop
      vertex -53.2687 27.4579 50.7783
      vertex -52.0431 25.1398 48.4602
      vertex -51.9267 25.2144 48.5348
    endloop
  endfacet
  facet normal -1.63743e-14 -0.707107 0.707107
    outer loop
      vertex -53.2687 27.4579 50.7783
      vertex -52.1485 25.0575 48.3779
      vertex -52.0431 25.1398 48.4602
    endloop
  endfacet
  facet normal -5.46917e-05 -0.707202 0.707011
    outer loop
      vertex -52.504 24.4507 47.7711
      vertex -55.6964 25.3661 48.6865
      vertex -55.8156 25.0296 48.3499
    endloop
  endfacet
  facet normal -0.000455237 -0.707265 0.706949
    outer loop
      vertex -53.6895 27.2795 50.5999
      vertex -52.242 24.9684 48.2887
      vertex -52.1485 25.0575 48.3779
    endloop
  endfacet
  facet normal 0.000450245 -0.706926 0.707287
    outer loop
      vertex -54.0837 27.0728 50.3932
      vertex -52.3228 24.8731 48.1935
      vertex -52.242 24.9684 48.2887
    endloop
  endfacet
  facet normal -0.000402918 -0.707324 0.706889
    outer loop
      vertex -54.4472 26.8398 50.1602
      vertex -52.3899 24.7728 48.0931
      vertex -52.3228 24.8731 48.1935
    endloop
  endfacet
  facet normal -2.05971e-05 -0.707105 0.707109
    outer loop
      vertex -52.504 24.4507 47.7711
      vertex -55.8156 25.0296 48.3499
      vertex -55.8876 24.6864 48.0067
    endloop
  endfacet
  facet normal 0.000392068 -0.706868 0.707346
    outer loop
      vertex -54.7767 26.5827 49.9031
      vertex -52.4428 24.6682 47.9886
      vertex -52.3899 24.7728 48.0931
    endloop
  endfacet
  facet normal -1.09171e-14 -0.707107 0.707107
    outer loop
      vertex -55.069 26.304 49.6244
      vertex -52.4809 24.5605 47.8809
      vertex -52.4428 24.6682 47.9886
    endloop
  endfacet
  facet normal 4.34847e-16 -0.707107 0.707107
    outer loop
      vertex -55.5311 25.6928 49.0132
      vertex -52.504 24.4507 47.7711
      vertex -52.4809 24.5605 47.8809
    endloop
  endfacet
  facet normal 0 -0.707005 0.707209
    outer loop
      vertex -52.5117 24.3398 47.6602
      vertex -55.8876 24.6864 48.0067
      vertex -55.9117 24.3398 47.6602
    endloop
  endfacet
  facet normal -2.07975e-05 -0.707106 0.707108
    outer loop
      vertex -55.8876 24.6864 48.0067
      vertex -52.5117 24.3398 47.6602
      vertex -52.504 24.4507 47.7711
    endloop
  endfacet
  facet normal 0 -0.707209 0.707005
    outer loop
      vertex -55.8876 23.9933 47.3136
      vertex -52.5117 24.3398 47.6602
      vertex -55.9117 24.3398 47.6602
    endloop
  endfacet
  facet normal -2.07975e-05 -0.707108 0.707106
    outer loop
      vertex -52.5117 24.3398 47.6602
      vertex -55.8876 23.9933 47.3136
      vertex -52.504 24.2289 47.5493
    endloop
  endfacet
  facet normal -2.05971e-05 -0.707109 0.707105
    outer loop
      vertex -55.8156 23.6501 46.9704
      vertex -52.504 24.2289 47.5493
      vertex -55.8876 23.9933 47.3136
    endloop
  endfacet
  facet normal -5.46917e-05 -0.707011 0.707202
    outer loop
      vertex -55.6964 23.3135 46.6339
      vertex -52.504 24.2289 47.5493
      vertex -55.8156 23.6501 46.9704
    endloop
  endfacet
  facet normal -5.22587e-15 -0.707107 0.707107
    outer loop
      vertex -55.5311 22.9868 46.3072
      vertex -52.504 24.2289 47.5493
      vertex -55.6964 23.3135 46.6339
    endloop
  endfacet
  facet normal 0 -0.707107 0.707107
    outer loop
      vertex -52.504 24.2289 47.5493
      vertex -55.5311 22.9868 46.3072
      vertex -52.4809 24.1191 47.4395
    endloop
  endfacet
  facet normal 2.39965e-15 -0.707107 0.707107
    outer loop
      vertex -55.3213 22.6732 45.9936
      vertex -52.4809 24.1191 47.4395
      vertex -55.5311 22.9868 46.3072
    endloop
  endfacet
  facet normal -6.48743e-16 -0.707107 0.707107
    outer loop
      vertex -55.069 22.3756 45.696
      vertex -52.4809 24.1191 47.4395
      vertex -55.3213 22.6732 45.9936
    endloop
  endfacet
  facet normal -7.39181e-16 -0.707107 0.707107
    outer loop
      vertex -52.4809 24.1191 47.4395
      vertex -55.069 22.3756 45.696
      vertex -52.4428 24.0114 47.3318
    endloop
  endfacet
  facet normal 2.85456e-15 -0.707107 0.707107
    outer loop
      vertex -54.7767 22.0969 45.4173
      vertex -52.4428 24.0114 47.3318
      vertex -55.069 22.3756 45.696
    endloop
  endfacet
  facet normal 0.000392068 -0.707346 0.706868
    outer loop
      vertex -52.4428 24.0114 47.3318
      vertex -54.7767 22.0969 45.4173
      vertex -52.3899 23.9069 47.2272
    endloop
  endfacet
  facet normal 1.50243e-05 -0.707097 0.707116
    outer loop
      vertex -54.4472 21.8398 45.1602
      vertex -52.3899 23.9069 47.2272
      vertex -54.7767 22.0969 45.4173
    endloop
  endfacet
  facet normal -0.000402918 -0.706889 0.707324
    outer loop
      vertex -52.3899 23.9069 47.2272
      vertex -54.4472 21.8398 45.1602
      vertex -52.3228 23.8065 47.1269
    endloop
  endfacet
  facet normal 4.54204e-15 -0.707107 0.707107
    outer loop
      vertex -54.0837 21.6068 44.9272
      vertex -52.3228 23.8065 47.1269
      vertex -54.4472 21.8398 45.1602
    endloop
  endfacet
  facet normal 0.000450245 -0.707287 0.706926
    outer loop
      vertex -52.3228 23.8065 47.1269
      vertex -54.0837 21.6068 44.9272
      vertex -52.242 23.7113 47.0316
    endloop
  endfacet
  facet normal 1.20767e-05 -0.707095 0.707118
    outer loop
      vertex -53.6895 21.4001 44.7205
      vertex -52.242 23.7113 47.0316
      vertex -54.0837 21.6068 44.9272
    endloop
  endfacet
  facet normal -0.000455237 -0.706949 0.707265
    outer loop
      vertex -52.242 23.7113 47.0316
      vertex -53.6895 21.4001 44.7205
      vertex -52.1485 23.6221 46.9425
    endloop
  endfacet
  facet normal 4.60673e-15 -0.707107 0.707107
    outer loop
      vertex -53.2687 21.2217 44.5421
      vertex -52.1485 23.6221 46.9425
      vertex -53.6895 21.4001 44.7205
    endloop
  endfacet
  facet normal 1.6886e-14 -0.707107 0.707107
    outer loop
      vertex -52.1485 23.6221 46.9425
      vertex -53.2687 21.2217 44.5421
      vertex -52.0431 23.5398 46.8602
    endloop
  endfacet
  facet normal -1.61353e-14 -0.707107 0.707107
    outer loop
      vertex -52.0431 23.5398 46.8602
      vertex -53.2687 21.2217 44.5421
      vertex -51.9267 23.4652 46.7856
    endloop
  endfacet
  facet normal -1.66785e-14 -0.707107 0.707107
    outer loop
      vertex -49.7803 25.1398 48.4602
      vertex -48.5547 27.4579 50.7783
      vertex -49.8967 25.2144 48.5348
    endloop
  endfacet
  facet normal 1.62606e-14 -0.707107 0.707107
    outer loop
      vertex -49.6749 25.0575 48.3779
      vertex -48.5547 27.4579 50.7783
      vertex -49.7803 25.1398 48.4602
    endloop
  endfacet
  facet normal 4.21659e-15 -0.707107 0.707107
    outer loop
      vertex -48.5547 27.4579 50.7783
      vertex -49.6749 25.0575 48.3779
      vertex -48.1338 27.2795 50.5999
    endloop
  endfacet
  facet normal 0.000454932 -0.707264 0.706949
    outer loop
      vertex -49.5813 24.9684 48.2887
      vertex -48.1338 27.2795 50.5999
      vertex -49.6749 25.0575 48.3779
    endloop
  endfacet
  facet normal -1.2079e-05 -0.707118 0.707095
    outer loop
      vertex -48.1338 27.2795 50.5999
      vertex -49.5813 24.9684 48.2887
      vertex -47.7397 27.0728 50.3932
    endloop
  endfacet
  facet normal -0.000450532 -0.706926 0.707287
    outer loop
      vertex -49.5006 24.8731 48.1935
      vertex -47.7397 27.0728 50.3932
      vertex -49.5813 24.9684 48.2887
    endloop
  endfacet
  facet normal -4.60692e-15 -0.707107 0.707107
    outer loop
      vertex -47.7397 27.0728 50.3932
      vertex -49.5006 24.8731 48.1935
      vertex -47.3762 26.8398 50.1602
    endloop
  endfacet
  facet normal 0.000402918 -0.707324 0.706889
    outer loop
      vertex -49.4335 24.7728 48.0931
      vertex -47.3762 26.8398 50.1602
      vertex -49.5006 24.8731 48.1935
    endloop
  endfacet
  facet normal -1.50217e-05 -0.707116 0.707097
    outer loop
      vertex -47.3762 26.8398 50.1602
      vertex -49.4335 24.7728 48.0931
      vertex -47.0466 26.5827 49.9031
    endloop
  endfacet
  facet normal -0.000392056 -0.706868 0.707346
    outer loop
      vertex -49.3806 24.6682 47.9886
      vertex -47.0466 26.5827 49.9031
      vertex -49.4335 24.7728 48.0931
    endloop
  endfacet
  facet normal -5.83873e-16 -0.707107 0.707107
    outer loop
      vertex -47.0466 26.5827 49.9031
      vertex -49.3806 24.6682 47.9886
      vertex -46.7543 26.304 49.6244
    endloop
  endfacet
  facet normal 1.1139e-14 -0.707107 0.707107
    outer loop
      vertex -49.3424 24.5605 47.8809
      vertex -46.7543 26.304 49.6244
      vertex -49.3806 24.6682 47.9886
    endloop
  endfacet
  facet normal 2.40069e-15 -0.707107 0.707107
    outer loop
      vertex -46.7543 26.304 49.6244
      vertex -49.3424 24.5605 47.8809
      vertex -46.5021 26.0064 49.3268
    endloop
  endfacet
  facet normal -6.57455e-16 -0.707107 0.707107
    outer loop
      vertex -46.5021 26.0064 49.3268
      vertex -49.3424 24.5605 47.8809
      vertex -46.2923 25.6928 49.0132
    endloop
  endfacet
  facet normal -7.61243e-16 -0.707107 0.707107
    outer loop
      vertex -49.3194 24.4507 47.7711
      vertex -46.2923 25.6928 49.0132
      vertex -49.3424 24.5605 47.8809
    endloop
  endfacet
  facet normal -3.31958e-15 -0.707107 0.707107
    outer loop
      vertex -46.2923 25.6928 49.0132
      vertex -49.3194 24.4507 47.7711
      vertex -46.127 25.3661 48.6865
    endloop
  endfacet
  facet normal 5.46917e-05 -0.707202 0.707011
    outer loop
      vertex -46.127 25.3661 48.6865
      vertex -49.3194 24.4507 47.7711
      vertex -46.0078 25.0296 48.3499
    endloop
  endfacet
  facet normal 2.05971e-05 -0.707105 0.707109
    outer loop
      vertex -46.0078 25.0296 48.3499
      vertex -49.3194 24.4507 47.7711
      vertex -45.9358 24.6864 48.0067
    endloop
  endfacet
  facet normal 2.07975e-05 -0.707106 0.707108
    outer loop
      vertex -49.3117 24.3398 47.6602
      vertex -45.9358 24.6864 48.0067
      vertex -49.3194 24.4507 47.7711
    endloop
  endfacet
  facet normal 0 -0.707005 0.707209
    outer loop
      vertex -49.3117 24.3398 47.6602
      vertex -45.9117 24.3398 47.6602
      vertex -45.9358 24.6864 48.0067
    endloop
  endfacet
  facet normal 2.07975e-05 -0.707108 0.707106
    outer loop
      vertex -45.9358 23.9933 47.3136
      vertex -49.3117 24.3398 47.6602
      vertex -49.3194 24.2289 47.5493
    endloop
  endfacet
  facet normal 0 -0.707107 0.707107
    outer loop
      vertex -46.2923 22.9868 46.3072
      vertex -49.3194 24.2289 47.5493
      vertex -49.3424 24.1191 47.4395
    endloop
  endfacet
  facet normal 9.09302e-16 -0.707107 0.707107
    outer loop
      vertex -46.7543 22.3756 45.696
      vertex -49.3424 24.1191 47.4395
      vertex -49.3806 24.0114 47.3318
    endloop
  endfacet
  facet normal 0 -0.707209 0.707005
    outer loop
      vertex -49.3117 24.3398 47.6602
      vertex -45.9358 23.9933 47.3136
      vertex -45.9117 24.3398 47.6602
    endloop
  endfacet
  facet normal -0.000392056 -0.707346 0.706868
    outer loop
      vertex -47.0466 22.0969 45.4173
      vertex -49.3806 24.0114 47.3318
      vertex -49.4335 23.9069 47.2272
    endloop
  endfacet
  facet normal 0.000402918 -0.706889 0.707324
    outer loop
      vertex -47.3762 21.8398 45.1602
      vertex -49.4335 23.9069 47.2272
      vertex -49.5006 23.8065 47.1269
    endloop
  endfacet
  facet normal -0.000450532 -0.707287 0.706926
    outer loop
      vertex -47.7397 21.6068 44.9272
      vertex -49.5006 23.8065 47.1269
      vertex -49.5813 23.7113 47.0316
    endloop
  endfacet
  facet normal 2.05971e-05 -0.707109 0.707105
    outer loop
      vertex -49.3194 24.2289 47.5493
      vertex -46.0078 23.6501 46.9704
      vertex -45.9358 23.9933 47.3136
    endloop
  endfacet
  facet normal 0.000454932 -0.706949 0.707264
    outer loop
      vertex -48.1338 21.4001 44.7205
      vertex -49.5813 23.7113 47.0316
      vertex -49.6749 23.6221 46.9425
    endloop
  endfacet
  facet normal -1.63743e-14 -0.707107 0.707107
    outer loop
      vertex -48.5547 21.2217 44.5421
      vertex -49.6749 23.6221 46.9425
      vertex -49.7803 23.5398 46.8602
    endloop
  endfacet
  facet normal 1.56463e-14 -0.707107 0.707107
    outer loop
      vertex -48.5547 21.2217 44.5421
      vertex -49.7803 23.5398 46.8602
      vertex -49.8967 23.4652 46.7856
    endloop
  endfacet
  facet normal -3.30555e-14 -0.707107 0.707107
    outer loop
      vertex -48.9983 21.0734 44.3938
      vertex -49.8967 23.4652 46.7856
      vertex -50.0228 23.3991 46.7195
    endloop
  endfacet
  facet normal 1.56515e-14 -0.707107 0.707107
    outer loop
      vertex -49.4603 20.9565 44.2769
      vertex -50.0228 23.3991 46.7195
      vertex -50.1575 23.342 46.6624
    endloop
  endfacet
  facet normal 5.46917e-05 -0.707011 0.707202
    outer loop
      vertex -49.3194 24.2289 47.5493
      vertex -46.127 23.3135 46.6339
      vertex -46.0078 23.6501 46.9704
    endloop
  endfacet
  facet normal -0.000453949 -0.707173 0.70704
    outer loop
      vertex -49.4603 20.9565 44.2769
      vertex -50.1575 23.342 46.6624
      vertex -50.2994 23.2946 46.6149
    endloop
  endfacet
  facet normal -7.1166e-06 -0.707093 0.707121
    outer loop
      vertex -49.9362 20.8722 44.1926
      vertex -50.2994 23.2946 46.6149
      vertex -50.4472 23.2572 46.5775
    endloop
  endfacet
  facet normal 0.000442271 -0.707045 0.707169
    outer loop
      vertex -49.9362 20.8722 44.1926
      vertex -50.4472 23.2572 46.5775
      vertex -50.5995 23.2302 46.5506
    endloop
  endfacet
  facet normal 0 -0.707107 0.707107
    outer loop
      vertex -50.4216 20.8213 44.1417
      vertex -50.5995 23.2302 46.5506
      vertex -50.7549 23.2139 46.5343
    endloop
  endfacet
  facet normal -3.33209e-14 -0.707107 0.707107
    outer loop
      vertex -50.9117 20.8043 44.1247
      vertex -50.7549 23.2139 46.5343
      vertex -50.9117 23.2084 46.5288
    endloop
  endfacet
  facet normal -3.28682e-16 -0.707107 0.707107
    outer loop
      vertex -52.8251 21.0734 44.3938
      vertex -51.9267 23.4652 46.7856
      vertex -53.2687 21.2217 44.5421
    endloop
  endfacet
  facet normal 3.20421e-14 -0.707107 0.707107
    outer loop
      vertex -51.0685 23.2139 46.5343
      vertex -50.9117 20.8043 44.1247
      vertex -50.9117 23.2084 46.5288
    endloop
  endfacet
  facet normal 3.27836e-14 -0.707107 0.707107
    outer loop
      vertex -51.9267 23.4652 46.7856
      vertex -52.8251 21.0734 44.3938
      vertex -51.8006 23.3991 46.7195
    endloop
  endfacet
  facet normal -4.79711e-15 -0.707107 0.707107
    outer loop
      vertex -50.7549 23.2139 46.5343
      vertex -50.9117 20.8043 44.1247
      vertex -50.4216 20.8213 44.1417
    endloop
  endfacet
  facet normal 2.30077e-16 -0.707107 0.707107
    outer loop
      vertex -52.3631 20.9565 44.2769
      vertex -51.8006 23.3991 46.7195
      vertex -52.8251 21.0734 44.3938
    endloop
  endfacet
  facet normal 0 -0.707107 0.707107
    outer loop
      vertex -50.5995 23.2302 46.5506
      vertex -50.4216 20.8213 44.1417
      vertex -49.9362 20.8722 44.1926
    endloop
  endfacet
  facet normal -1.65754e-14 -0.707107 0.707107
    outer loop
      vertex -51.8006 23.3991 46.7195
      vertex -52.3631 20.9565 44.2769
      vertex -51.6659 23.342 46.6624
    endloop
  endfacet
  facet normal -5.03704e-06 -0.707093 0.707121
    outer loop
      vertex -50.2994 23.2946 46.6149
      vertex -49.9362 20.8722 44.1926
      vertex -49.4603 20.9565 44.2769
    endloop
  endfacet
  facet normal 0.000453949 -0.707173 0.70704
    outer loop
      vertex -51.6659 23.342 46.6624
      vertex -52.3631 20.9565 44.2769
      vertex -51.524 23.2946 46.6149
    endloop
  endfacet
  facet normal 5.06361e-15 -0.707107 0.707107
    outer loop
      vertex -50.9117 20.8043 44.1247
      vertex -51.0685 23.2139 46.5343
      vertex -51.4018 20.8213 44.1417
    endloop
  endfacet
  facet normal 5.03605e-06 -0.707093 0.707121
    outer loop
      vertex -51.8871 20.8722 44.1926
      vertex -51.524 23.2946 46.6149
      vertex -52.3631 20.9565 44.2769
    endloop
  endfacet
  facet normal 5.25891e-16 -0.707107 0.707107
    outer loop
      vertex -49.8967 23.4652 46.7856
      vertex -48.9983 21.0734 44.3938
      vertex -48.5547 21.2217 44.5421
    endloop
  endfacet
  facet normal 7.11204e-06 -0.707093 0.707121
    outer loop
      vertex -51.524 23.2946 46.6149
      vertex -51.8871 20.8722 44.1926
      vertex -51.3761 23.2572 46.5775
    endloop
  endfacet
  facet normal -0.000442271 -0.707045 0.707169
    outer loop
      vertex -51.3761 23.2572 46.5775
      vertex -51.8871 20.8722 44.1926
      vertex -51.2238 23.2302 46.5506
    endloop
  endfacet
  facet normal -1.08285e-16 -0.707107 0.707107
    outer loop
      vertex -51.4018 20.8213 44.1417
      vertex -51.2238 23.2302 46.5506
      vertex -51.8871 20.8722 44.1926
    endloop
  endfacet
  facet normal 5.12727e-15 -0.707107 0.707107
    outer loop
      vertex -49.3194 24.2289 47.5493
      vertex -46.2923 22.9868 46.3072
      vertex -46.127 23.3135 46.6339
    endloop
  endfacet
  facet normal -1.04117e-16 -0.707107 0.707107
    outer loop
      vertex -51.2238 23.2302 46.5506
      vertex -51.4018 20.8213 44.1417
      vertex -51.0685 23.2139 46.5343
    endloop
  endfacet
  facet normal -2.36684e-15 -0.707107 0.707107
    outer loop
      vertex -49.3424 24.1191 47.4395
      vertex -46.5021 22.6732 45.9936
      vertex -46.2923 22.9868 46.3072
    endloop
  endfacet
  facet normal -4.15172e-15 -0.707107 0.707107
    outer loop
      vertex -49.6749 23.6221 46.9425
      vertex -48.5547 21.2217 44.5421
      vertex -48.1338 21.4001 44.7205
    endloop
  endfacet
  facet normal 5.19069e-16 -0.707107 0.707107
    outer loop
      vertex -49.3424 24.1191 47.4395
      vertex -46.7543 22.3756 45.696
      vertex -46.5021 22.6732 45.9936
    endloop
  endfacet
  facet normal -1.50217e-05 -0.707097 0.707116
    outer loop
      vertex -49.4335 23.9069 47.2272
      vertex -47.3762 21.8398 45.1602
      vertex -47.0466 22.0969 45.4173
    endloop
  endfacet
  facet normal -2.85449e-15 -0.707107 0.707107
    outer loop
      vertex -49.3806 24.0114 47.3318
      vertex -47.0466 22.0969 45.4173
      vertex -46.7543 22.3756 45.696
    endloop
  endfacet
  facet normal -4.15272e-15 -0.707107 0.707107
    outer loop
      vertex -49.5006 23.8065 47.1269
      vertex -47.7397 21.6068 44.9272
      vertex -47.3762 21.8398 45.1602
    endloop
  endfacet
  facet normal -1.2079e-05 -0.707095 0.707118
    outer loop
      vertex -49.5813 23.7113 47.0316
      vertex -48.1338 21.4001 44.7205
      vertex -47.7397 21.6068 44.9272
    endloop
  endfacet
  facet normal 0 -0.707107 0.707107
    outer loop
      vertex -50.0228 23.3991 46.7195
      vertex -49.4603 20.9565 44.2769
      vertex -48.9983 21.0734 44.3938
    endloop
  endfacet
  facet normal 0.67162 -0.523892 -0.523892
    outer loop
      vertex -47.3762 21.8398 45.1602
      vertex -47.7397 31.4992 35.0348
      vertex -47.3762 31.7322 35.2678
    endloop
  endfacet
  facet normal 0.67162 -0.523892 -0.523892
    outer loop
      vertex -47.7397 31.4992 35.0348
      vertex -47.3762 21.8398 45.1602
      vertex -47.7397 21.6068 44.9272
    endloop
  endfacet
  facet normal 0.903983 0.302335 0.302338
    outer loop
      vertex -46.5021 26.0064 49.3268
      vertex -46.2923 35.5852 39.1208
      vertex -46.5021 35.8989 39.4344
    endloop
  endfacet
  facet normal 0.903957 0.302376 0.302376
    outer loop
      vertex -46.2923 35.5852 39.1208
      vertex -46.5021 26.0064 49.3268
      vertex -46.2923 25.6928 49.0132
    endloop
  endfacet
  facet normal 0.0489956 0.706254 0.706261
    outer loop
      vertex -50.4216 27.8583 51.1787
      vertex -50.9117 37.7678 41.3033
      vertex -50.9117 27.8753 51.1957
    endloop
  endfacet
  facet normal 0.0491394 0.706253 0.706253
    outer loop
      vertex -50.9117 37.7678 41.3033
      vertex -50.4216 27.8583 51.1787
      vertex -50.4216 37.7507 41.2863
    endloop
  endfacet
  facet normal 0.803383 -0.421053 -0.421058
    outer loop
      vertex -52.1485 25.0575 48.3779
      vertex -52.242 34.8608 38.3963
      vertex -52.1485 34.95 38.4855
    endloop
  endfacet
  facet normal 0.803223 -0.421208 -0.421208
    outer loop
      vertex -52.242 34.8608 38.3963
      vertex -52.1485 25.0575 48.3779
      vertex -52.242 24.9684 48.2887
    endloop
  endfacet
  facet normal 0.741032 -0.474801 -0.474801
    outer loop
      vertex -52.0431 25.1398 48.4602
      vertex -52.1485 34.95 38.4855
      vertex -52.0431 35.0322 38.5678
    endloop
  endfacet
  facet normal 0.741235 -0.47464 -0.474645
    outer loop
      vertex -52.1485 34.95 38.4855
      vertex -52.0431 25.1398 48.4602
      vertex -52.1485 25.0575 48.3779
    endloop
  endfacet
  facet normal 0.857436 -0.36387 -0.36387
    outer loop
      vertex -52.242 24.9684 48.2887
      vertex -52.3228 34.7656 38.3011
      vertex -52.242 34.8608 38.3963
    endloop
  endfacet
  facet normal 0.857556 -0.363728 -0.363731
    outer loop
      vertex -52.3228 34.7656 38.3011
      vertex -52.242 24.9684 48.2887
      vertex -52.3228 24.8731 48.1935
    endloop
  endfacet
  facet normal 0.9415 0.238304 0.238302
    outer loop
      vertex -52.4428 24.0114 47.3318
      vertex -52.3899 33.7993 37.3348
      vertex -52.4428 33.9038 37.4393
    endloop
  endfacet
  facet normal 0.941552 0.238202 0.238202
    outer loop
      vertex -52.3899 33.7993 37.3348
      vertex -52.4428 24.0114 47.3318
      vertex -52.3899 23.9069 47.2272
    endloop
  endfacet
  facet normal -0.857717 -0.363539 -0.363539
    outer loop
      vertex -49.5006 34.7656 38.3011
      vertex -49.5813 24.9684 48.2887
      vertex -49.5813 34.8608 38.3963
    endloop
  endfacet
  facet normal -0.857836 -0.363397 -0.3634
    outer loop
      vertex -49.5813 24.9684 48.2887
      vertex -49.5006 34.7656 38.3011
      vertex -49.5006 24.8731 48.1935
    endloop
  endfacet
  facet normal -0.969959 0.172018 0.172016
    outer loop
      vertex -49.3806 33.9038 37.4393
      vertex -49.3424 24.1191 47.4395
      vertex -49.3424 34.0115 37.547
    endloop
  endfacet
  facet normal -0.969959 0.172018 0.172016
    outer loop
      vertex -49.3424 24.1191 47.4395
      vertex -49.3806 33.9038 37.4393
      vertex -49.3806 24.0114 47.3318
    endloop
  endfacet
  facet normal -0.595815 -0.567893 -0.567893
    outer loop
      vertex -49.8967 35.1068 38.6423
      vertex -50.0228 25.2805 48.6009
      vertex -50.0228 35.1729 38.7085
    endloop
  endfacet
  facet normal -0.595524 -0.568048 -0.568042
    outer loop
      vertex -50.0228 25.2805 48.6009
      vertex -49.8967 35.1068 38.6423
      vertex -49.8967 25.2144 48.5348
    endloop
  endfacet
  facet normal 0.998797 -0.0346742 -0.0346742
    outer loop
      vertex -52.504 24.4507 47.7711
      vertex -52.5117 34.2322 37.7678
      vertex -52.504 34.3431 37.8787
    endloop
  endfacet
  facet normal 0.998797 -0.0346742 -0.0346742
    outer loop
      vertex -52.5117 34.2322 37.7678
      vertex -52.504 24.4507 47.7711
      vertex -52.5117 24.3398 47.6602
    endloop
  endfacet
  facet normal 0.242764 0.685954 0.685954
    outer loop
      vertex -51.2238 23.2302 46.5506
      vertex -51.3761 33.1496 36.6851
      vertex -51.3761 23.2572 46.5775
    endloop
  endfacet
  facet normal 0.243188 0.685882 0.685875
    outer loop
      vertex -51.3761 33.1496 36.6851
      vertex -51.2238 23.2302 46.5506
      vertex -51.2238 33.1226 36.6581
    endloop
  endfacet
  facet normal 0.0495448 -0.706242 -0.706235
    outer loop
      vertex -51.0685 25.4657 48.7861
      vertex -50.9117 35.3636 38.8991
      vertex -50.9117 25.4712 48.7916
    endloop
  endfacet
  facet normal 0.0486461 -0.706266 -0.706273
    outer loop
      vertex -50.9117 35.3636 38.8991
      vertex -51.0685 25.4657 48.7861
      vertex -51.0685 35.3582 38.8937
    endloop
  endfacet
  facet normal -0.242764 -0.685954 -0.685954
    outer loop
      vertex -50.5995 25.4494 48.7698
      vertex -50.4472 35.3149 38.8504
      vertex -50.4472 25.4225 48.7428
    endloop
  endfacet
  facet normal -0.243188 -0.685875 -0.685882
    outer loop
      vertex -50.4472 35.3149 38.8504
      vertex -50.5995 25.4494 48.7698
      vertex -50.5995 35.3419 38.8774
    endloop
  endfacet
  facet normal 0.857436 0.363872 0.363868
    outer loop
      vertex -52.3228 23.8065 47.1269
      vertex -52.242 33.6037 37.1392
      vertex -52.3228 33.6989 37.2344
    endloop
  endfacet
  facet normal 0.857556 0.36373 0.36373
    outer loop
      vertex -52.242 33.6037 37.1392
      vertex -52.3228 23.8065 47.1269
      vertex -52.242 23.7113 47.0316
    endloop
  endfacet
  facet normal -0.595815 0.56789 0.567896
    outer loop
      vertex -50.0228 33.2915 36.8271
      vertex -49.8967 23.4652 46.7856
      vertex -49.8967 33.3577 36.8932
    endloop
  endfacet
  facet normal -0.595524 0.568045 0.568045
    outer loop
      vertex -49.8967 23.4652 46.7856
      vertex -50.0228 33.2915 36.8271
      vertex -50.0228 23.3991 46.7195
    endloop
  endfacet
  facet normal 0.970109 -0.171592 -0.171594
    outer loop
      vertex -52.4428 24.6682 47.9886
      vertex -52.4809 34.453 37.9885
      vertex -52.4428 34.5607 38.0962
    endloop
  endfacet
  facet normal 0.970109 -0.171592 -0.171594
    outer loop
      vertex -52.4809 34.453 37.9885
      vertex -52.4428 24.6682 47.9886
      vertex -52.4809 24.5605 47.8809
    endloop
  endfacet
  facet normal 0.514175 -0.606478 -0.606472
    outer loop
      vertex -51.8006 25.2805 48.6009
      vertex -51.6659 35.23 38.7655
      vertex -51.6659 25.3376 48.658
    endloop
  endfacet
  facet normal 0.513844 -0.606615 -0.606615
    outer loop
      vertex -51.6659 35.23 38.7655
      vertex -51.8006 25.2805 48.6009
      vertex -51.8006 35.1729 38.7085
    endloop
  endfacet
  facet normal -0.803078 -0.421344 -0.421348
    outer loop
      vertex -49.5813 34.8608 38.3963
      vertex -49.6749 25.0575 48.3779
      vertex -49.6749 34.95 38.4855
    endloop
  endfacet
  facet normal -0.802919 -0.421498 -0.421498
    outer loop
      vertex -49.6749 25.0575 48.3779
      vertex -49.5813 34.8608 38.3963
      vertex -49.5813 24.9684 48.2887
    endloop
  endfacet
  facet normal -0.741032 0.474803 0.474799
    outer loop
      vertex -49.7803 33.4322 36.9678
      vertex -49.6749 23.6221 46.9425
      vertex -49.6749 33.5145 37.05
    endloop
  endfacet
  facet normal -0.741235 0.474642 0.474642
    outer loop
      vertex -49.6749 23.6221 46.9425
      vertex -49.7803 33.4322 36.9678
      vertex -49.7803 23.5398 46.8602
    endloop
  endfacet
  facet normal 0.803383 0.421056 0.421056
    outer loop
      vertex -52.242 23.7113 47.0316
      vertex -52.1485 33.5145 37.05
      vertex -52.242 33.6037 37.1392
    endloop
  endfacet
  facet normal 0.803223 0.42121 0.421206
    outer loop
      vertex -52.1485 33.5145 37.05
      vertex -52.242 23.7113 47.0316
      vertex -52.1485 23.6221 46.9425
    endloop
  endfacet
  facet normal 0.904124 -0.302124 -0.302127
    outer loop
      vertex -52.3228 24.8731 48.1935
      vertex -52.3899 34.6652 38.2007
      vertex -52.3228 34.7656 38.3011
    endloop
  endfacet
  facet normal 0.904042 -0.302248 -0.302248
    outer loop
      vertex -52.3899 34.6652 38.2007
      vertex -52.3228 24.8731 48.1935
      vertex -52.3899 24.7728 48.0931
    endloop
  endfacet
  facet normal 0.998797 0.0346742 0.0346742
    outer loop
      vertex -52.5117 24.3398 47.6602
      vertex -52.504 34.1213 37.6569
      vertex -52.5117 34.2322 37.7678
    endloop
  endfacet
  facet normal 0.998797 0.0346742 0.0346742
    outer loop
      vertex -52.504 34.1213 37.6569
      vertex -52.5117 24.3398 47.6602
      vertex -52.504 24.2289 47.5493
    endloop
  endfacet
  facet normal -0.0495448 0.706242 0.706235
    outer loop
      vertex -50.7549 33.1063 36.6418
      vertex -50.9117 23.2084 46.5288
      vertex -50.7549 23.2139 46.5343
    endloop
  endfacet
  facet normal -0.0486461 0.706266 0.706273
    outer loop
      vertex -50.9117 23.2084 46.5288
      vertex -50.7549 33.1063 36.6418
      vertex -50.9117 33.1009 36.6364
    endloop
  endfacet
  facet normal -0.857717 0.363541 0.363537
    outer loop
      vertex -49.5813 33.6037 37.1392
      vertex -49.5006 23.8065 47.1269
      vertex -49.5006 33.6989 37.2344
    endloop
  endfacet
  facet normal -0.857836 0.363398 0.363398
    outer loop
      vertex -49.5006 23.8065 47.1269
      vertex -49.5813 33.6037 37.1392
      vertex -49.5813 23.7113 47.0316
    endloop
  endfacet
  facet normal 0.427507 0.63923 0.639236
    outer loop
      vertex -51.524 23.2946 46.6149
      vertex -51.6659 33.2345 36.77
      vertex -51.6659 23.342 46.6624
    endloop
  endfacet
  facet normal 0.427875 0.63911 0.63911
    outer loop
      vertex -51.6659 33.2345 36.77
      vertex -51.524 23.2946 46.6149
      vertex -51.524 33.187 36.7225
    endloop
  endfacet
  facet normal -0.904124 0.302125 0.302125
    outer loop
      vertex -49.5006 33.6989 37.2344
      vertex -49.4335 23.9069 47.2272
      vertex -49.4335 33.7993 37.3348
    endloop
  endfacet
  facet normal -0.904042 0.30225 0.302247
    outer loop
      vertex -49.4335 23.9069 47.2272
      vertex -49.5006 33.6989 37.2344
      vertex -49.5006 23.8065 47.1269
    endloop
  endfacet
  facet normal 0.904124 0.302125 0.302125
    outer loop
      vertex -52.3899 23.9069 47.2272
      vertex -52.3228 33.6989 37.2344
      vertex -52.3899 33.7993 37.3348
    endloop
  endfacet
  facet normal 0.904042 0.30225 0.302247
    outer loop
      vertex -52.3228 33.6989 37.2344
      vertex -52.3899 23.9069 47.2272
      vertex -52.3228 23.8065 47.1269
    endloop
  endfacet
  facet normal -0.146732 0.699457 0.69945
    outer loop
      vertex -50.5995 33.1226 36.6581
      vertex -50.7549 23.2139 46.5343
      vertex -50.5995 23.2302 46.5506
    endloop
  endfacet
  facet normal -0.146732 0.699457 0.69945
    outer loop
      vertex -50.7549 23.2139 46.5343
      vertex -50.5995 33.1226 36.6581
      vertex -50.7549 33.1063 36.6418
    endloop
  endfacet
  facet normal 0.989125 -0.103999 -0.104
    outer loop
      vertex -52.4809 24.5605 47.8809
      vertex -52.504 34.3431 37.8787
      vertex -52.4809 34.453 37.9885
    endloop
  endfacet
  facet normal 0.989115 -0.104046 -0.104046
    outer loop
      vertex -52.504 34.3431 37.8787
      vertex -52.4809 24.5605 47.8809
      vertex -52.504 24.4507 47.7711
    endloop
  endfacet
  facet normal -0.513844 0.606615 0.606615
    outer loop
      vertex -50.1575 33.2345 36.77
      vertex -50.0228 23.3991 46.7195
      vertex -50.0228 33.2915 36.8271
    endloop
  endfacet
  facet normal -0.514175 0.606472 0.606478
    outer loop
      vertex -50.0228 23.3991 46.7195
      vertex -50.1575 33.2345 36.77
      vertex -50.1575 23.342 46.6624
    endloop
  endfacet
  facet normal 0.0486461 0.706273 0.706266
    outer loop
      vertex -51.0685 23.2139 46.5343
      vertex -50.9117 33.1009 36.6364
      vertex -51.0685 33.1063 36.6418
    endloop
  endfacet
  facet normal 0.0495448 0.706235 0.706242
    outer loop
      vertex -50.9117 33.1009 36.6364
      vertex -51.0685 23.2139 46.5343
      vertex -50.9117 23.2084 46.5288
    endloop
  endfacet
  facet normal -0.336934 -0.665761 -0.665761
    outer loop
      vertex -50.4472 35.3149 38.8504
      vertex -50.2994 25.3851 48.7054
      vertex -50.4472 25.4225 48.7428
    endloop
  endfacet
  facet normal -0.336934 -0.665761 -0.665761
    outer loop
      vertex -50.2994 25.3851 48.7054
      vertex -50.4472 35.3149 38.8504
      vertex -50.2994 35.2775 38.813
    endloop
  endfacet
  facet normal 0.513844 0.606615 0.606615
    outer loop
      vertex -51.8006 23.3991 46.7195
      vertex -51.6659 33.2345 36.77
      vertex -51.8006 33.2915 36.8271
    endloop
  endfacet
  facet normal 0.514175 0.606472 0.606478
    outer loop
      vertex -51.6659 33.2345 36.77
      vertex -51.8006 23.3991 46.7195
      vertex -51.6659 23.342 46.6624
    endloop
  endfacet
  facet normal -0.427507 0.63923 0.639236
    outer loop
      vertex -50.1575 33.2345 36.77
      vertex -50.2994 23.2946 46.6149
      vertex -50.1575 23.342 46.6624
    endloop
  endfacet
  facet normal -0.427875 0.63911 0.63911
    outer loop
      vertex -50.2994 23.2946 46.6149
      vertex -50.1575 33.2345 36.77
      vertex -50.2994 33.187 36.7225
    endloop
  endfacet
  facet normal 0.970109 0.171594 0.171592
    outer loop
      vertex -52.4809 24.1191 47.4395
      vertex -52.4428 33.9038 37.4393
      vertex -52.4809 34.0115 37.547
    endloop
  endfacet
  facet normal 0.970109 0.171594 0.171592
    outer loop
      vertex -52.4428 33.9038 37.4393
      vertex -52.4809 24.1191 47.4395
      vertex -52.4428 24.0114 47.3318
    endloop
  endfacet
  facet normal -0.969959 -0.172016 -0.172018
    outer loop
      vertex -49.3424 34.453 37.9885
      vertex -49.3806 24.6682 47.9886
      vertex -49.3806 34.5607 38.0962
    endloop
  endfacet
  facet normal -0.969959 -0.172016 -0.172018
    outer loop
      vertex -49.3806 24.6682 47.9886
      vertex -49.3424 34.453 37.9885
      vertex -49.3424 24.5605 47.8809
    endloop
  endfacet
  facet normal 0.146825 0.699447 0.69944
    outer loop
      vertex -51.0685 23.2139 46.5343
      vertex -51.2238 33.1226 36.6581
      vertex -51.2238 23.2302 46.5506
    endloop
  endfacet
  facet normal 0.146825 0.699447 0.69944
    outer loop
      vertex -51.2238 33.1226 36.6581
      vertex -51.0685 23.2139 46.5343
      vertex -51.0685 33.1063 36.6418
    endloop
  endfacet
  facet normal 0.671317 0.524087 0.524087
    outer loop
      vertex -52.0431 23.5398 46.8602
      vertex -51.9267 33.3577 36.8932
      vertex -52.0431 33.4322 36.9678
    endloop
  endfacet
  facet normal 0.671564 0.523926 0.523931
    outer loop
      vertex -51.9267 33.3577 36.8932
      vertex -52.0431 23.5398 46.8602
      vertex -51.9267 23.4652 46.7856
    endloop
  endfacet
  facet normal -0.671317 -0.524089 -0.524084
    outer loop
      vertex -49.7803 35.0322 38.5678
      vertex -49.8967 25.2144 48.5348
      vertex -49.8967 35.1068 38.6423
    endloop
  endfacet
  facet normal -0.671564 -0.523928 -0.523928
    outer loop
      vertex -49.8967 25.2144 48.5348
      vertex -49.7803 35.0322 38.5678
      vertex -49.7803 25.1398 48.4602
    endloop
  endfacet
  facet normal 0.427507 -0.639233 -0.639233
    outer loop
      vertex -51.6659 25.3376 48.658
      vertex -51.524 35.2775 38.813
      vertex -51.524 25.3851 48.7054
    endloop
  endfacet
  facet normal 0.427875 -0.639113 -0.639107
    outer loop
      vertex -51.524 35.2775 38.813
      vertex -51.6659 25.3376 48.658
      vertex -51.6659 35.23 38.7655
    endloop
  endfacet
  facet normal 0.146825 -0.69944 -0.699447
    outer loop
      vertex -51.2238 25.4494 48.7698
      vertex -51.0685 35.3582 38.8937
      vertex -51.0685 25.4657 48.7861
    endloop
  endfacet
  facet normal 0.146825 -0.69944 -0.699447
    outer loop
      vertex -51.0685 35.3582 38.8937
      vertex -51.2238 25.4494 48.7698
      vertex -51.2238 35.3419 38.8774
    endloop
  endfacet
  facet normal 0.595815 -0.567893 -0.567893
    outer loop
      vertex -51.8006 25.2805 48.6009
      vertex -51.9267 35.1068 38.6423
      vertex -51.8006 35.1729 38.7085
    endloop
  endfacet
  facet normal 0.595524 -0.568048 -0.568042
    outer loop
      vertex -51.9267 35.1068 38.6423
      vertex -51.8006 25.2805 48.6009
      vertex -51.9267 25.2144 48.5348
    endloop
  endfacet
  facet normal -0.242764 0.685954 0.685954
    outer loop
      vertex -50.4472 33.1496 36.6851
      vertex -50.5995 23.2302 46.5506
      vertex -50.4472 23.2572 46.5775
    endloop
  endfacet
  facet normal -0.243188 0.685882 0.685875
    outer loop
      vertex -50.5995 23.2302 46.5506
      vertex -50.4472 33.1496 36.6851
      vertex -50.5995 33.1226 36.6581
    endloop
  endfacet
  facet normal -0.904124 -0.302124 -0.302127
    outer loop
      vertex -49.4335 34.6652 38.2007
      vertex -49.5006 24.8731 48.1935
      vertex -49.5006 34.7656 38.3011
    endloop
  endfacet
  facet normal -0.904042 -0.302248 -0.302248
    outer loop
      vertex -49.5006 24.8731 48.1935
      vertex -49.4335 34.6652 38.2007
      vertex -49.4335 24.7728 48.0931
    endloop
  endfacet
  facet normal 0.9415 -0.238303 -0.238303
    outer loop
      vertex -52.3899 24.7728 48.0931
      vertex -52.4428 34.5607 38.0962
      vertex -52.3899 34.6652 38.2007
    endloop
  endfacet
  facet normal 0.941552 -0.238201 -0.238203
    outer loop
      vertex -52.4428 34.5607 38.0962
      vertex -52.3899 24.7728 48.0931
      vertex -52.4428 24.6682 47.9886
    endloop
  endfacet
  facet normal 0.336733 0.665812 0.665812
    outer loop
      vertex -51.3761 23.2572 46.5775
      vertex -51.524 33.187 36.7225
      vertex -51.524 23.2946 46.6149
    endloop
  endfacet
  facet normal 0.336733 0.665812 0.665812
    outer loop
      vertex -51.524 33.187 36.7225
      vertex -51.3761 23.2572 46.5775
      vertex -51.3761 33.1496 36.6851
    endloop
  endfacet
  facet normal -0.146732 -0.69945 -0.699457
    outer loop
      vertex -50.7549 35.3582 38.8937
      vertex -50.5995 25.4494 48.7698
      vertex -50.7549 25.4657 48.7861
    endloop
  endfacet
  facet normal -0.146732 -0.69945 -0.699457
    outer loop
      vertex -50.5995 25.4494 48.7698
      vertex -50.7549 35.3582 38.8937
      vertex -50.5995 35.3419 38.8774
    endloop
  endfacet
  facet normal 0.989125 0.104 0.104
    outer loop
      vertex -52.504 24.2289 47.5493
      vertex -52.4809 34.0115 37.547
      vertex -52.504 34.1213 37.6569
    endloop
  endfacet
  facet normal 0.989115 0.104047 0.104046
    outer loop
      vertex -52.4809 34.0115 37.547
      vertex -52.504 24.2289 47.5493
      vertex -52.4809 24.1191 47.4395
    endloop
  endfacet
  facet normal -0.998797 -0.0346742 -0.0346742
    outer loop
      vertex -49.3117 34.2322 37.7678
      vertex -49.3194 24.4507 47.7711
      vertex -49.3194 34.3431 37.8787
    endloop
  endfacet
  facet normal -0.998797 -0.0346742 -0.0346742
    outer loop
      vertex -49.3194 24.4507 47.7711
      vertex -49.3117 34.2322 37.7678
      vertex -49.3117 24.3398 47.6602
    endloop
  endfacet
  facet normal 0.671317 -0.524089 -0.524084
    outer loop
      vertex -51.9267 25.2144 48.5348
      vertex -52.0431 35.0322 38.5678
      vertex -51.9267 35.1068 38.6423
    endloop
  endfacet
  facet normal 0.671564 -0.523928 -0.523928
    outer loop
      vertex -52.0431 35.0322 38.5678
      vertex -51.9267 25.2144 48.5348
      vertex -52.0431 25.1398 48.4602
    endloop
  endfacet
  facet normal -0.989217 0.103559 0.103559
    outer loop
      vertex -49.3424 34.0115 37.547
      vertex -49.3194 24.2289 47.5493
      vertex -49.3194 34.1213 37.6569
    endloop
  endfacet
  facet normal -0.989208 0.103606 0.103605
    outer loop
      vertex -49.3194 24.2289 47.5493
      vertex -49.3424 34.0115 37.547
      vertex -49.3424 24.1191 47.4395
    endloop
  endfacet
  facet normal -0.9415 0.238304 0.238302
    outer loop
      vertex -49.4335 33.7993 37.3348
      vertex -49.3806 24.0114 47.3318
      vertex -49.3806 33.9038 37.4393
    endloop
  endfacet
  facet normal -0.941552 0.238202 0.238202
    outer loop
      vertex -49.3806 24.0114 47.3318
      vertex -49.4335 33.7993 37.3348
      vertex -49.4335 23.9069 47.2272
    endloop
  endfacet
  facet normal 0.741032 0.474803 0.474799
    outer loop
      vertex -52.1485 23.6221 46.9425
      vertex -52.0431 33.4322 36.9678
      vertex -52.1485 33.5145 37.05
    endloop
  endfacet
  facet normal 0.741235 0.474642 0.474642
    outer loop
      vertex -52.0431 33.4322 36.9678
      vertex -52.1485 23.6221 46.9425
      vertex -52.0431 23.5398 46.8602
    endloop
  endfacet
  facet normal -0.9415 -0.238303 -0.238303
    outer loop
      vertex -49.3806 34.5607 38.0962
      vertex -49.4335 24.7728 48.0931
      vertex -49.4335 34.6652 38.2007
    endloop
  endfacet
  facet normal -0.941552 -0.238201 -0.238203
    outer loop
      vertex -49.4335 24.7728 48.0931
      vertex -49.3806 34.5607 38.0962
      vertex -49.3806 24.6682 47.9886
    endloop
  endfacet
  facet normal 0.595815 0.56789 0.567896
    outer loop
      vertex -51.9267 23.4652 46.7856
      vertex -51.8006 33.2915 36.8271
      vertex -51.9267 33.3577 36.8932
    endloop
  endfacet
  facet normal 0.595524 0.568045 0.568045
    outer loop
      vertex -51.8006 33.2915 36.8271
      vertex -51.9267 23.4652 46.7856
      vertex -51.8006 23.3991 46.7195
    endloop
  endfacet
  facet normal -0.803078 0.421346 0.421346
    outer loop
      vertex -49.6749 33.5145 37.05
      vertex -49.5813 23.7113 47.0316
      vertex -49.5813 33.6037 37.1392
    endloop
  endfacet
  facet normal -0.802919 0.421501 0.421496
    outer loop
      vertex -49.5813 23.7113 47.0316
      vertex -49.6749 33.5145 37.05
      vertex -49.6749 23.6221 46.9425
    endloop
  endfacet
  facet normal -0.427507 -0.639233 -0.639233
    outer loop
      vertex -50.2994 35.2775 38.813
      vertex -50.1575 25.3376 48.658
      vertex -50.2994 25.3851 48.7054
    endloop
  endfacet
  facet normal -0.427875 -0.639113 -0.639107
    outer loop
      vertex -50.1575 25.3376 48.658
      vertex -50.2994 35.2775 38.813
      vertex -50.1575 35.23 38.7655
    endloop
  endfacet
  facet normal -0.514175 -0.606478 -0.606472
    outer loop
      vertex -50.1575 35.23 38.7655
      vertex -50.0228 25.2805 48.6009
      vertex -50.1575 25.3376 48.658
    endloop
  endfacet
  facet normal -0.513844 -0.606615 -0.606615
    outer loop
      vertex -50.0228 25.2805 48.6009
      vertex -50.1575 35.23 38.7655
      vertex -50.0228 35.1729 38.7085
    endloop
  endfacet
  facet normal -0.336934 0.665761 0.665761
    outer loop
      vertex -50.2994 33.187 36.7225
      vertex -50.4472 23.2572 46.5775
      vertex -50.2994 23.2946 46.6149
    endloop
  endfacet
  facet normal -0.336934 0.665761 0.665761
    outer loop
      vertex -50.4472 23.2572 46.5775
      vertex -50.2994 33.187 36.7225
      vertex -50.4472 33.1496 36.6851
    endloop
  endfacet
  facet normal -0.998797 0.0346742 0.0346742
    outer loop
      vertex -49.3194 34.1213 37.6569
      vertex -49.3117 24.3398 47.6602
      vertex -49.3117 34.2322 37.7678
    endloop
  endfacet
  facet normal -0.998797 0.0346742 0.0346742
    outer loop
      vertex -49.3117 24.3398 47.6602
      vertex -49.3194 34.1213 37.6569
      vertex -49.3194 24.2289 47.5493
    endloop
  endfacet
  facet normal -0.989217 -0.103559 -0.10356
    outer loop
      vertex -49.3194 34.3431 37.8787
      vertex -49.3424 24.5605 47.8809
      vertex -49.3424 34.453 37.9885
    endloop
  endfacet
  facet normal -0.989208 -0.103606 -0.103606
    outer loop
      vertex -49.3424 24.5605 47.8809
      vertex -49.3194 34.3431 37.8787
      vertex -49.3194 24.4507 47.7711
    endloop
  endfacet
  facet normal 0.336733 -0.665812 -0.665812
    outer loop
      vertex -51.524 25.3851 48.7054
      vertex -51.3761 35.3149 38.8504
      vertex -51.3761 25.4225 48.7428
    endloop
  endfacet
  facet normal 0.336733 -0.665812 -0.665812
    outer loop
      vertex -51.3761 35.3149 38.8504
      vertex -51.524 25.3851 48.7054
      vertex -51.524 35.2775 38.813
    endloop
  endfacet
  facet normal 0.242764 -0.685954 -0.685954
    outer loop
      vertex -51.3761 35.3149 38.8504
      vertex -51.2238 25.4494 48.7698
      vertex -51.3761 25.4225 48.7428
    endloop
  endfacet
  facet normal 0.243188 -0.685875 -0.685882
    outer loop
      vertex -51.2238 25.4494 48.7698
      vertex -51.3761 35.3149 38.8504
      vertex -51.2238 35.3419 38.8774
    endloop
  endfacet
  facet normal -0.741032 -0.474801 -0.474801
    outer loop
      vertex -49.6749 34.95 38.4855
      vertex -49.7803 25.1398 48.4602
      vertex -49.7803 35.0322 38.5678
    endloop
  endfacet
  facet normal -0.741235 -0.47464 -0.474645
    outer loop
      vertex -49.7803 25.1398 48.4602
      vertex -49.6749 34.95 38.4855
      vertex -49.6749 25.0575 48.3779
    endloop
  endfacet
  facet normal -0.671317 0.524087 0.524087
    outer loop
      vertex -49.8967 33.3577 36.8932
      vertex -49.7803 23.5398 46.8602
      vertex -49.7803 33.4322 36.9678
    endloop
  endfacet
  facet normal -0.671564 0.523926 0.523931
    outer loop
      vertex -49.7803 23.5398 46.8602
      vertex -49.8967 33.3577 36.8932
      vertex -49.8967 23.4652 46.7856
    endloop
  endfacet
  facet normal -0.0495448 -0.706242 -0.706235
    outer loop
      vertex -50.9117 35.3636 38.8991
      vertex -50.7549 25.4657 48.7861
      vertex -50.9117 25.4712 48.7916
    endloop
  endfacet
  facet normal -0.0486461 -0.706266 -0.706273
    outer loop
      vertex -50.7549 25.4657 48.7861
      vertex -50.9117 35.3636 38.8991
      vertex -50.7549 35.3582 38.8937
    endloop
  endfacet
  facet normal 0.595743 -0.56793 -0.56793
    outer loop
      vertex -47.7397 -50.3932 -27.0728
      vertex -48.1338 -40.7075 -37.1719
      vertex -47.7397 -40.5008 -36.9652
    endloop
  endfacet
  facet normal 0.595743 -0.56793 -0.56793
    outer loop
      vertex -48.1338 -40.7075 -37.1719
      vertex -47.7397 -50.3932 -27.0728
      vertex -48.1338 -50.5999 -27.2795
    endloop
  endfacet
  facet normal -0.595646 -0.567982 -0.567982
    outer loop
      vertex -53.6895 -40.7004 -37.179
      vertex -54.0837 -50.3932 -27.0728
      vertex -54.0837 -40.4937 -36.9723
    endloop
  endfacet
  facet normal -0.595646 -0.567982 -0.567982
    outer loop
      vertex -54.0837 -50.3932 -27.0728
      vertex -53.6895 -40.7004 -37.179
      vertex -53.6895 -50.5999 -27.2795
    endloop
  endfacet
  facet normal -0.67162 -0.523892 -0.523892
    outer loop
      vertex -54.0837 -40.4937 -36.9723
      vertex -54.4472 -50.1602 -26.8398
      vertex -54.4472 -40.2607 -36.7393
    endloop
  endfacet
  facet normal -0.67162 -0.523892 -0.523892
    outer loop
      vertex -54.4472 -50.1602 -26.8398
      vertex -54.0837 -40.4937 -36.9723
      vertex -54.0837 -50.3932 -27.0728
    endloop
  endfacet
  facet normal -0.51422 -0.606456 -0.606456
    outer loop
      vertex -53.6895 -40.7004 -37.179
      vertex -53.2687 -50.7783 -27.4579
      vertex -53.6895 -50.5999 -27.2795
    endloop
  endfacet
  facet normal -0.51422 -0.606456 -0.606456
    outer loop
      vertex -53.2687 -50.7783 -27.4579
      vertex -53.6895 -40.7004 -37.179
      vertex -53.2687 -40.8788 -37.3574
    endloop
  endfacet
  facet normal -0.903983 0.302335 0.302338
    outer loop
      vertex -55.5311 -36.4148 -32.8792
      vertex -55.3213 -45.9936 -22.6732
      vertex -55.3213 -36.1011 -32.5656
    endloop
  endfacet
  facet normal -0.903957 0.302376 0.302376
    outer loop
      vertex -55.3213 -45.9936 -22.6732
      vertex -55.5311 -36.4148 -32.8792
      vertex -55.5311 -46.3072 -22.9868
    endloop
  endfacet
  facet normal -0.242954 -0.68592 -0.68592
    outer loop
      vertex -52.3631 -41.144 -37.6226
      vertex -51.8871 -51.1278 -27.8074
      vertex -52.3631 -51.0435 -27.7231
    endloop
  endfacet
  facet normal -0.242954 -0.68592 -0.68592
    outer loop
      vertex -51.8871 -51.1278 -27.8074
      vertex -52.3631 -41.144 -37.6226
      vertex -51.8871 -41.2283 -37.7069
    endloop
  endfacet
  facet normal -0.941554 -0.238198 -0.238198
    outer loop
      vertex -55.5311 -39.1137 -35.5923
      vertex -55.6964 -48.6865 -25.3661
      vertex -55.6964 -38.787 -35.2656
    endloop
  endfacet
  facet normal -0.941554 -0.238198 -0.238198
    outer loop
      vertex -55.6964 -48.6865 -25.3661
      vertex -55.5311 -39.1137 -35.5923
      vertex -55.5311 -49.0132 -25.6928
    endloop
  endfacet
  facet normal 0.427423 -0.639258 -0.639264
    outer loop
      vertex -48.9983 -50.9266 -27.6062
      vertex -48.5547 -40.8858 -37.3503
      vertex -48.5547 -50.7783 -27.4579
    endloop
  endfacet
  facet normal 0.427541 -0.639222 -0.639222
    outer loop
      vertex -48.5547 -40.8858 -37.3503
      vertex -48.9983 -50.9266 -27.6062
      vertex -48.9983 -41.0342 -37.4986
    endloop
  endfacet
  facet normal -0.51422 0.606459 0.606453
    outer loop
      vertex -53.2687 -34.6497 -31.1142
      vertex -53.6895 -44.7205 -21.4001
      vertex -53.2687 -44.5421 -21.2217
    endloop
  endfacet
  facet normal -0.514114 0.606501 0.606501
    outer loop
      vertex -53.6895 -44.7205 -21.4001
      vertex -53.2687 -34.6497 -31.1142
      vertex -53.6895 -34.8281 -31.2925
    endloop
  endfacet
  facet normal -0.336918 0.665765 0.665765
    outer loop
      vertex -52.3631 -34.3845 -30.8489
      vertex -52.8251 -44.3938 -21.0734
      vertex -52.3631 -44.2769 -20.9565
    endloop
  endfacet
  facet normal -0.336918 0.665765 0.665765
    outer loop
      vertex -52.8251 -44.3938 -21.0734
      vertex -52.3631 -34.3845 -30.8489
      vertex -52.8251 -34.5014 -30.9658
    endloop
  endfacet
  facet normal -0.740929 0.474881 0.474881
    outer loop
      vertex -54.7767 -35.5248 -31.9893
      vertex -54.4472 -45.1602 -21.8398
      vertex -54.4472 -35.2678 -31.7322
    endloop
  endfacet
  facet normal -0.740994 0.474828 0.474833
    outer loop
      vertex -54.4472 -45.1602 -21.8398
      vertex -54.7767 -35.5248 -31.9893
      vertex -54.7767 -45.4173 -22.0969
    endloop
  endfacet
  facet normal 0.336918 -0.665765 -0.665765
    outer loop
      vertex -49.4603 -51.0435 -27.7231
      vertex -48.9983 -41.0342 -37.4986
      vertex -48.9983 -50.9266 -27.6062
    endloop
  endfacet
  facet normal 0.336918 -0.665765 -0.665765
    outer loop
      vertex -48.9983 -41.0342 -37.4986
      vertex -49.4603 -51.0435 -27.7231
      vertex -49.4603 -41.1511 -37.6155
    endloop
  endfacet
  facet normal 0.67162 -0.523892 -0.523892
    outer loop
      vertex -47.3762 -50.1602 -26.8398
      vertex -47.7397 -40.5008 -36.9652
      vertex -47.3762 -40.2678 -36.7322
    endloop
  endfacet
  facet normal 0.67162 -0.523892 -0.523892
    outer loop
      vertex -47.7397 -40.5008 -36.9652
      vertex -47.3762 -50.1602 -26.8398
      vertex -47.7397 -50.3932 -27.0728
    endloop
  endfacet
  facet normal -0.970041 -0.171786 -0.171786
    outer loop
      vertex -55.6964 -38.787 -35.2656
      vertex -55.8156 -48.3499 -25.0296
      vertex -55.8156 -38.4504 -34.9291
    endloop
  endfacet
  facet normal -0.970041 -0.171786 -0.171786
    outer loop
      vertex -55.8156 -48.3499 -25.0296
      vertex -55.6964 -38.787 -35.2656
      vertex -55.6964 -48.6865 -25.3661
    endloop
  endfacet
  facet normal 0.0489956 -0.706258 -0.706258
    outer loop
      vertex -50.9117 -51.1957 -27.8753
      vertex -50.4216 -41.2863 -37.7507
      vertex -50.4216 -51.1787 -27.8583
    endloop
  endfacet
  facet normal 0.0491394 -0.706256 -0.706249
    outer loop
      vertex -50.4216 -41.2863 -37.7507
      vertex -50.9117 -51.1957 -27.8753
      vertex -50.9117 -41.3033 -37.7678
    endloop
  endfacet
  facet normal -0.146723 0.699454 0.699454
    outer loop
      vertex -51.4018 -34.2493 -30.7137
      vertex -51.8871 -44.1926 -20.8722
      vertex -51.4018 -44.1417 -20.8213
    endloop
  endfacet
  facet normal -0.146723 0.699454 0.699454
    outer loop
      vertex -51.8871 -44.1926 -20.8722
      vertex -51.4018 -34.2493 -30.7137
      vertex -51.8871 -34.3002 -30.7646
    endloop
  endfacet
  facet normal 0.970041 0.171786 0.171786
    outer loop
      vertex -46.127 -46.6339 -23.3135
      vertex -46.0078 -37.078 -33.5425
      vertex -46.127 -36.7415 -33.2059
    endloop
  endfacet
  facet normal 0.970041 0.171786 0.171786
    outer loop
      vertex -46.0078 -37.078 -33.5425
      vertex -46.127 -46.6339 -23.3135
      vertex -46.0078 -46.9704 -23.6501
    endloop
  endfacet
  facet normal -0.857692 0.363566 0.36357
    outer loop
      vertex -55.3213 -36.1011 -32.5656
      vertex -55.069 -45.696 -22.3756
      vertex -55.069 -35.8035 -32.268
    endloop
  endfacet
  facet normal -0.857692 0.363566 0.36357
    outer loop
      vertex -55.069 -45.696 -22.3756
      vertex -55.3213 -36.1011 -32.5656
      vertex -55.3213 -45.9936 -22.6732
    endloop
  endfacet
  facet normal -0.803222 -0.421209 -0.421209
    outer loop
      vertex -54.7767 -40.0036 -36.4822
      vertex -55.069 -49.6244 -26.304
      vertex -55.069 -39.7249 -36.2035
    endloop
  endfacet
  facet normal -0.803222 -0.421209 -0.421209
    outer loop
      vertex -55.069 -49.6244 -26.304
      vertex -54.7767 -40.0036 -36.4822
      vertex -54.7767 -49.9031 -26.5827
    endloop
  endfacet
  facet normal -0.595646 0.567982 0.567982
    outer loop
      vertex -54.0837 -35.0348 -31.4992
      vertex -53.6895 -44.7205 -21.4001
      vertex -53.6895 -34.8281 -31.2925
    endloop
  endfacet
  facet normal -0.595646 0.567982 0.567982
    outer loop
      vertex -53.6895 -44.7205 -21.4001
      vertex -54.0837 -35.0348 -31.4992
      vertex -54.0837 -44.9272 -21.6068
    endloop
  endfacet
  facet normal 0.989175 -0.10376 -0.10376
    outer loop
      vertex -45.9358 -48.0067 -24.6864
      vertex -46.0078 -38.4575 -34.922
      vertex -45.9358 -38.1143 -34.5788
    endloop
  endfacet
  facet normal 0.989175 -0.10376 -0.10376
    outer loop
      vertex -46.0078 -38.4575 -34.922
      vertex -45.9358 -48.0067 -24.6864
      vertex -46.0078 -48.3499 -25.0296
    endloop
  endfacet
  facet normal 0.67162 0.523892 0.523892
    outer loop
      vertex -47.7397 -44.9272 -21.6068
      vertex -47.3762 -35.2678 -31.7322
      vertex -47.7397 -35.0348 -31.4992
    endloop
  endfacet
  facet normal 0.67162 0.523892 0.523892
    outer loop
      vertex -47.3762 -35.2678 -31.7322
      vertex -47.7397 -44.9272 -21.6068
      vertex -47.3762 -45.1602 -21.8398
    endloop
  endfacet
  facet normal 0.51413 0.606497 0.606491
    outer loop
      vertex -48.1338 -44.7205 -21.4001
      vertex -48.5547 -34.6497 -31.1142
      vertex -48.5547 -44.5421 -21.2217
    endloop
  endfacet
  facet normal 0.514024 0.606539 0.606539
    outer loop
      vertex -48.5547 -34.6497 -31.1142
      vertex -48.1338 -44.7205 -21.4001
      vertex -48.1338 -34.8281 -31.2925
    endloop
  endfacet
  facet normal -0.857692 -0.363568 -0.363568
    outer loop
      vertex -55.069 -39.7249 -36.2035
      vertex -55.3213 -49.3268 -26.0064
      vertex -55.3213 -39.4273 -35.9059
    endloop
  endfacet
  facet normal -0.857692 -0.363568 -0.363568
    outer loop
      vertex -55.3213 -49.3268 -26.0064
      vertex -55.069 -39.7249 -36.2035
      vertex -55.069 -49.6244 -26.304
    endloop
  endfacet
  facet normal 0.857782 0.36346 0.363464
    outer loop
      vertex -46.7543 -45.696 -22.3756
      vertex -46.5021 -36.1011 -32.5656
      vertex -46.7543 -35.8035 -32.268
    endloop
  endfacet
  facet normal 0.857782 0.36346 0.363464
    outer loop
      vertex -46.5021 -36.1011 -32.5656
      vertex -46.7543 -45.696 -22.3756
      vertex -46.5021 -45.9936 -22.6732
    endloop
  endfacet
  facet normal 0.146693 -0.699457 -0.699457
    outer loop
      vertex -50.4216 -51.1787 -27.8583
      vertex -49.9362 -41.2354 -37.6998
      vertex -49.9362 -51.1278 -27.8074
    endloop
  endfacet
  facet normal 0.146693 -0.699457 -0.699457
    outer loop
      vertex -49.9362 -41.2354 -37.6998
      vertex -50.4216 -51.1787 -27.8583
      vertex -50.4216 -41.2863 -37.7507
    endloop
  endfacet
  facet normal 0.740828 -0.474962 -0.474958
    outer loop
      vertex -47.0466 -49.9031 -26.5827
      vertex -47.3762 -40.2678 -36.7322
      vertex -47.0466 -40.0107 -36.4752
    endloop
  endfacet
  facet normal 0.740893 -0.474909 -0.474909
    outer loop
      vertex -47.3762 -40.2678 -36.7322
      vertex -47.0466 -49.9031 -26.5827
      vertex -47.3762 -50.1602 -26.8398
    endloop
  endfacet
  facet normal -0.146723 -0.699454 -0.699454
    outer loop
      vertex -51.8871 -41.2283 -37.7069
      vertex -51.4018 -51.1787 -27.8583
      vertex -51.8871 -51.1278 -27.8074
    endloop
  endfacet
  facet normal -0.146723 -0.699454 -0.699454
    outer loop
      vertex -51.4018 -51.1787 -27.8583
      vertex -51.8871 -41.2283 -37.7069
      vertex -51.4018 -41.2792 -37.7578
    endloop
  endfacet
  facet normal 0.243002 -0.685912 -0.685912
    outer loop
      vertex -49.9362 -51.1278 -27.8074
      vertex -49.4603 -41.1511 -37.6155
      vertex -49.4603 -51.0435 -27.7231
    endloop
  endfacet
  facet normal 0.243002 -0.685912 -0.685912
    outer loop
      vertex -49.4603 -41.1511 -37.6155
      vertex -49.9362 -51.1278 -27.8074
      vertex -49.9362 -41.2354 -37.6998
    endloop
  endfacet
  facet normal -0.941554 0.238198 0.238198
    outer loop
      vertex -55.6964 -36.7415 -33.2059
      vertex -55.5311 -46.3072 -22.9868
      vertex -55.5311 -36.4148 -32.8792
    endloop
  endfacet
  facet normal -0.941554 0.238198 0.238198
    outer loop
      vertex -55.5311 -46.3072 -22.9868
      vertex -55.6964 -36.7415 -33.2059
      vertex -55.6964 -46.6339 -23.3135
    endloop
  endfacet
  facet normal 0.427423 0.639261 0.639261
    outer loop
      vertex -48.5547 -44.5421 -21.2217
      vertex -48.9983 -34.5014 -30.9658
      vertex -48.9983 -44.3938 -21.0734
    endloop
  endfacet
  facet normal 0.427541 0.639225 0.639219
    outer loop
      vertex -48.9983 -34.5014 -30.9658
      vertex -48.5547 -44.5421 -21.2217
      vertex -48.5547 -34.6497 -31.1142
    endloop
  endfacet
  facet normal 0 0.707107 -0.707107
    outer loop
      vertex -53.7401 -39.7607 -36.2393
      vertex -51.4018 -41.2792 -37.7578
      vertex -51.8871 -41.2283 -37.7069
    endloop
  endfacet
  facet normal 0 0.707107 -0.707107
    outer loop
      vertex -53.7401 -39.7607 -36.2393
      vertex -51.8871 -41.2283 -37.7069
      vertex -52.3631 -41.144 -37.6226
    endloop
  endfacet
  facet normal 0 0.707107 -0.707107
    outer loop
      vertex -53.7401 -39.7607 -36.2393
      vertex -52.3631 -41.144 -37.6226
      vertex -52.8251 -41.0271 -37.5057
    endloop
  endfacet
  facet normal 0 0.707107 -0.707107
    outer loop
      vertex -53.7401 -39.7607 -36.2393
      vertex -52.8251 -41.0271 -37.5057
      vertex -53.2687 -40.8788 -37.3574
    endloop
  endfacet
  facet normal 0 0.707107 -0.707107
    outer loop
      vertex -53.7401 -39.7607 -36.2393
      vertex -53.2687 -40.8788 -37.3574
      vertex -53.6895 -40.7004 -37.179
    endloop
  endfacet
  facet normal -0.00227151 0.705354 -0.708852
    outer loop
      vertex -51.4018 -41.2792 -37.7578
      vertex -53.7401 -39.7607 -36.2393
      vertex -51.3689 -41.2803 -37.759
    endloop
  endfacet
  facet normal 0 0.707107 -0.707107
    outer loop
      vertex -54.0837 -40.4937 -36.9723
      vertex -53.7401 -39.7607 -36.2393
      vertex -53.6895 -40.7004 -37.179
    endloop
  endfacet
  facet normal 0 0.707107 -0.707107
    outer loop
      vertex -54.4472 -40.2607 -36.7393
      vertex -53.7401 -39.7607 -36.2393
      vertex -54.0837 -40.4937 -36.9723
    endloop
  endfacet
  facet normal 0 0.707107 -0.707107
    outer loop
      vertex -54.7767 -40.0036 -36.4822
      vertex -53.7401 -39.7607 -36.2393
      vertex -54.4472 -40.2607 -36.7393
    endloop
  endfacet
  facet normal 0 0.707107 -0.707107
    outer loop
      vertex -55.069 -39.7249 -36.2035
      vertex -53.7401 -39.7607 -36.2393
      vertex -54.7767 -40.0036 -36.4822
    endloop
  endfacet
  facet normal 0 0.707107 -0.707107
    outer loop
      vertex -55.3213 -39.4273 -35.9059
      vertex -53.7401 -39.7607 -36.2393
      vertex -55.069 -39.7249 -36.2035
    endloop
  endfacet
  facet normal 0 0.707107 -0.707107
    outer loop
      vertex -55.5311 -39.1137 -35.5923
      vertex -53.7401 -39.7607 -36.2393
      vertex -55.3213 -39.4273 -35.9059
    endloop
  endfacet
  facet normal 0 0.707107 -0.707107
    outer loop
      vertex -55.6964 -38.787 -35.2656
      vertex -53.7401 -39.7607 -36.2393
      vertex -55.5311 -39.1137 -35.5923
    endloop
  endfacet
  facet normal -0.000126955 0.706979 -0.707234
    outer loop
      vertex -55.8156 -38.4504 -34.9291
      vertex -53.7401 -39.7607 -36.2393
      vertex -55.6964 -38.787 -35.2656
    endloop
  endfacet
  facet normal -0.00146315 0.707056 -0.707156
    outer loop
      vertex -55.8892 -38.084 -34.5626
      vertex -55.8156 -38.4504 -34.9291
      vertex -55.8876 -38.1072 -34.5858
    endloop
  endfacet
  facet normal 0.000178519 0.707221 -0.706992
    outer loop
      vertex -55.8156 -38.4504 -34.9291
      vertex -55.8892 -38.084 -34.5626
      vertex -53.7401 -39.7607 -36.2393
    endloop
  endfacet
  facet normal 0.51413 -0.606491 -0.606497
    outer loop
      vertex -48.5547 -40.8858 -37.3503
      vertex -48.1338 -50.5999 -27.2795
      vertex -48.5547 -50.7783 -27.4579
    endloop
  endfacet
  facet normal 0.514024 -0.606539 -0.606539
    outer loop
      vertex -48.1338 -50.5999 -27.2795
      vertex -48.5547 -40.8858 -37.3503
      vertex -48.1338 -40.7075 -37.1719
    endloop
  endfacet
  facet normal 0.998793 0.0347294 0.0347294
    outer loop
      vertex -45.9358 -47.3136 -23.9933
      vertex -45.9117 -37.7678 -34.2322
      vertex -45.9358 -37.4212 -33.8857
    endloop
  endfacet
  facet normal 0.998793 0.0347294 0.0347294
    outer loop
      vertex -45.9117 -37.7678 -34.2322
      vertex -45.9358 -47.3136 -23.9933
      vertex -45.9117 -47.6602 -24.3398
    endloop
  endfacet
  facet normal -0.740994 -0.47483 -0.47483
    outer loop
      vertex -54.4472 -40.2607 -36.7393
      vertex -54.7767 -49.9031 -26.5827
      vertex -54.7767 -40.0036 -36.4822
    endloop
  endfacet
  facet normal -0.740994 -0.47483 -0.47483
    outer loop
      vertex -54.7767 -49.9031 -26.5827
      vertex -54.4472 -40.2607 -36.7393
      vertex -54.4472 -50.1602 -26.8398
    endloop
  endfacet
  facet normal 0.803222 -0.421211 -0.421207
    outer loop
      vertex -46.7543 -49.6244 -26.304
      vertex -47.0466 -40.0107 -36.4752
      vertex -46.7543 -39.732 -36.1965
    endloop
  endfacet
  facet normal 0.803222 -0.421211 -0.421207
    outer loop
      vertex -47.0466 -40.0107 -36.4752
      vertex -46.7543 -49.6244 -26.304
      vertex -47.0466 -49.9031 -26.5827
    endloop
  endfacet
  facet normal 0.941554 -0.238198 -0.238198
    outer loop
      vertex -46.127 -48.6865 -25.3661
      vertex -46.2923 -39.1208 -35.5852
      vertex -46.127 -38.7941 -35.2585
    endloop
  endfacet
  facet normal 0.941554 -0.238198 -0.238198
    outer loop
      vertex -46.2923 -39.1208 -35.5852
      vertex -46.127 -48.6865 -25.3661
      vertex -46.2923 -49.0132 -25.6928
    endloop
  endfacet
  facet normal 0.803222 0.421207 0.421211
    outer loop
      vertex -47.0466 -45.4173 -22.0969
      vertex -46.7543 -35.8035 -32.268
      vertex -47.0466 -35.5248 -31.9893
    endloop
  endfacet
  facet normal 0.803222 0.421207 0.421211
    outer loop
      vertex -46.7543 -35.8035 -32.268
      vertex -47.0466 -45.4173 -22.0969
      vertex -46.7543 -45.696 -22.3756
    endloop
  endfacet
  facet normal -0.803222 0.421207 0.421211
    outer loop
      vertex -55.069 -35.8035 -32.268
      vertex -54.7767 -45.4173 -22.0969
      vertex -54.7767 -35.5248 -31.9893
    endloop
  endfacet
  facet normal -0.803222 0.421207 0.421211
    outer loop
      vertex -54.7767 -45.4173 -22.0969
      vertex -55.069 -35.8035 -32.268
      vertex -55.069 -45.696 -22.3756
    endloop
  endfacet
  facet normal -0.427423 -0.639261 -0.639261
    outer loop
      vertex -53.2687 -40.8788 -37.3574
      vertex -52.8251 -50.9266 -27.6062
      vertex -53.2687 -50.7783 -27.4579
    endloop
  endfacet
  facet normal -0.427423 -0.639261 -0.639261
    outer loop
      vertex -52.8251 -50.9266 -27.6062
      vertex -53.2687 -40.8788 -37.3574
      vertex -52.8251 -41.0271 -37.5057
    endloop
  endfacet
  facet normal -0.998813 -0.0341976 -0.0346861
    outer loop
      vertex -55.8892 -38.084 -34.5626
      vertex -55.8876 -38.1072 -34.5858
      vertex -55.8892 -38.0911 -34.5556
    endloop
  endfacet
  facet normal -0.998792 -0.03475 -0.03475
    outer loop
      vertex -55.8892 -38.0911 -34.5556
      vertex -55.9117 -47.6602 -24.3398
      vertex -55.9117 -37.7678 -34.2322
    endloop
  endfacet
  facet normal -0.998808 -0.0345158 -0.0345162
    outer loop
      vertex -55.8876 -48.0067 -24.6864
      vertex -55.8892 -38.0911 -34.5556
      vertex -55.8876 -38.1072 -34.5858
    endloop
  endfacet
  facet normal -0.998793 -0.0347287 -0.03473
    outer loop
      vertex -55.8892 -38.0911 -34.5556
      vertex -55.8876 -48.0067 -24.6864
      vertex -55.9117 -47.6602 -24.3398
    endloop
  endfacet
  facet normal -0.989178 -0.103744 -0.103745
    outer loop
      vertex -55.8156 -38.4504 -34.9291
      vertex -55.8876 -48.0067 -24.6864
      vertex -55.8876 -38.1072 -34.5858
    endloop
  endfacet
  facet normal -0.989175 -0.10376 -0.10376
    outer loop
      vertex -55.8876 -48.0067 -24.6864
      vertex -55.8156 -38.4504 -34.9291
      vertex -55.8156 -48.3499 -25.0296
    endloop
  endfacet
  facet normal -0.903957 -0.302376 -0.302376
    outer loop
      vertex -55.3213 -39.4273 -35.9059
      vertex -55.5311 -49.0132 -25.6928
      vertex -55.5311 -39.1137 -35.5923
    endloop
  endfacet
  facet normal -0.903957 -0.302376 -0.302376
    outer loop
      vertex -55.5311 -49.0132 -25.6928
      vertex -55.3213 -39.4273 -35.9059
      vertex -55.3213 -49.3268 -26.0064
    endloop
  endfacet
  facet normal 0.857782 -0.363464 -0.36346
    outer loop
      vertex -46.5021 -49.3268 -26.0064
      vertex -46.7543 -39.732 -36.1965
      vertex -46.5021 -39.4344 -35.8989
    endloop
  endfacet
  facet normal 0.857782 -0.363464 -0.36346
    outer loop
      vertex -46.7543 -39.732 -36.1965
      vertex -46.5021 -49.3268 -26.0064
      vertex -46.7543 -49.6244 -26.304
    endloop
  endfacet
  facet normal 0.336918 0.665765 0.665765
    outer loop
      vertex -48.9983 -44.3938 -21.0734
      vertex -49.4603 -34.3845 -30.8489
      vertex -49.4603 -44.2769 -20.9565
    endloop
  endfacet
  facet normal 0.336918 0.665765 0.665765
    outer loop
      vertex -49.4603 -34.3845 -30.8489
      vertex -48.9983 -44.3938 -21.0734
      vertex -48.9983 -34.5014 -30.9658
    endloop
  endfacet
  facet normal -0.336918 -0.665765 -0.665765
    outer loop
      vertex -52.8251 -41.0271 -37.5057
      vertex -52.3631 -51.0435 -27.7231
      vertex -52.8251 -50.9266 -27.6062
    endloop
  endfacet
  facet normal -0.336918 -0.665765 -0.665765
    outer loop
      vertex -52.3631 -51.0435 -27.7231
      vertex -52.8251 -41.0271 -37.5057
      vertex -52.3631 -41.144 -37.6226
    endloop
  endfacet
  facet normal 0.998793 -0.0347294 -0.0347294
    outer loop
      vertex -45.9117 -47.6602 -24.3398
      vertex -45.9358 -38.1143 -34.5788
      vertex -45.9117 -37.7678 -34.2322
    endloop
  endfacet
  facet normal 0.998793 -0.0347294 -0.0347294
    outer loop
      vertex -45.9358 -38.1143 -34.5788
      vertex -45.9117 -47.6602 -24.3398
      vertex -45.9358 -48.0067 -24.6864
    endloop
  endfacet
  facet normal 0.0489956 0.706254 0.706261
    outer loop
      vertex -50.4216 -44.1417 -20.8213
      vertex -50.9117 -34.2322 -30.6967
      vertex -50.9117 -44.1247 -20.8043
    endloop
  endfacet
  facet normal 0.0491394 0.706253 0.706253
    outer loop
      vertex -50.9117 -34.2322 -30.6967
      vertex -50.4216 -44.1417 -20.8213
      vertex -50.4216 -34.2493 -30.7137
    endloop
  endfacet
  facet normal 0.243002 0.685912 0.685912
    outer loop
      vertex -49.9362 -44.1926 -20.8722
      vertex -49.4603 -34.3845 -30.8489
      vertex -49.9362 -34.3002 -30.7646
    endloop
  endfacet
  facet normal 0.243002 0.685912 0.685912
    outer loop
      vertex -49.4603 -34.3845 -30.8489
      vertex -49.9362 -44.1926 -20.8722
      vertex -49.4603 -44.2769 -20.9565
    endloop
  endfacet
  facet normal 0.903983 -0.302336 -0.302336
    outer loop
      vertex -46.2923 -49.0132 -25.6928
      vertex -46.5021 -39.4344 -35.8989
      vertex -46.2923 -39.1208 -35.5852
    endloop
  endfacet
  facet normal 0.903957 -0.302377 -0.302374
    outer loop
      vertex -46.5021 -39.4344 -35.8989
      vertex -46.2923 -49.0132 -25.6928
      vertex -46.5021 -49.3268 -26.0064
    endloop
  endfacet
  facet normal -0.242954 0.68592 0.68592
    outer loop
      vertex -52.3631 -34.3845 -30.8489
      vertex -51.8871 -44.1926 -20.8722
      vertex -51.8871 -34.3002 -30.7646
    endloop
  endfacet
  facet normal -0.242954 0.68592 0.68592
    outer loop
      vertex -51.8871 -44.1926 -20.8722
      vertex -52.3631 -34.3845 -30.8489
      vertex -52.3631 -44.2769 -20.9565
    endloop
  endfacet
  facet normal 0.903983 0.302335 0.302338
    outer loop
      vertex -46.5021 -45.9936 -22.6732
      vertex -46.2923 -36.4148 -32.8792
      vertex -46.5021 -36.1011 -32.5656
    endloop
  endfacet
  facet normal 0.903957 0.302376 0.302376
    outer loop
      vertex -46.2923 -36.4148 -32.8792
      vertex -46.5021 -45.9936 -22.6732
      vertex -46.2923 -46.3072 -22.9868
    endloop
  endfacet
  facet normal -0.989175 0.10376 0.10376
    outer loop
      vertex -55.8876 -37.4212 -33.8857
      vertex -55.8156 -46.9704 -23.6501
      vertex -55.8156 -37.078 -33.5425
    endloop
  endfacet
  facet normal -0.989175 0.10376 0.10376
    outer loop
      vertex -55.8156 -46.9704 -23.6501
      vertex -55.8876 -37.4212 -33.8857
      vertex -55.8876 -47.3136 -23.9933
    endloop
  endfacet
  facet normal -0.0489956 -0.706258 -0.706257
    outer loop
      vertex -51.4018 -51.1787 -27.8583
      vertex -51.3689 -41.2874 -37.7519
      vertex -50.9117 -51.1957 -27.8753
    endloop
  endfacet
  facet normal -0.0493727 -0.706244 -0.706244
    outer loop
      vertex -51.4018 -41.2792 -37.7578
      vertex -51.3689 -41.2874 -37.7519
      vertex -51.4018 -51.1787 -27.8583
    endloop
  endfacet
  facet normal -0.0493727 -0.706244 -0.706244
    outer loop
      vertex -51.3689 -41.2874 -37.7519
      vertex -51.4018 -41.2792 -37.7578
      vertex -51.3689 -41.2803 -37.759
    endloop
  endfacet
  facet normal -0.0491226 -0.706257 -0.70625
    outer loop
      vertex -50.9117 -51.1957 -27.8753
      vertex -51.3689 -41.2874 -37.7519
      vertex -50.9117 -41.3033 -37.7678
    endloop
  endfacet
  facet normal 0.146693 0.699457 0.699457
    outer loop
      vertex -49.9362 -44.1926 -20.8722
      vertex -50.4216 -34.2493 -30.7137
      vertex -50.4216 -44.1417 -20.8213
    endloop
  endfacet
  facet normal 0.146693 0.699457 0.699457
    outer loop
      vertex -50.4216 -34.2493 -30.7137
      vertex -49.9362 -44.1926 -20.8722
      vertex -49.9362 -34.3002 -30.7646
    endloop
  endfacet
  facet normal 0.970041 -0.171786 -0.171786
    outer loop
      vertex -46.0078 -48.3499 -25.0296
      vertex -46.127 -38.7941 -35.2585
      vertex -46.0078 -38.4575 -34.922
    endloop
  endfacet
  facet normal 0.970041 -0.171786 -0.171786
    outer loop
      vertex -46.127 -38.7941 -35.2585
      vertex -46.0078 -48.3499 -25.0296
      vertex -46.127 -48.6865 -25.3661
    endloop
  endfacet
  facet normal 0.595743 0.56793 0.56793
    outer loop
      vertex -48.1338 -44.7205 -21.4001
      vertex -47.7397 -35.0348 -31.4992
      vertex -48.1338 -34.8281 -31.2925
    endloop
  endfacet
  facet normal 0.595743 0.56793 0.56793
    outer loop
      vertex -47.7397 -35.0348 -31.4992
      vertex -48.1338 -44.7205 -21.4001
      vertex -47.7397 -44.9272 -21.6068
    endloop
  endfacet
  facet normal 0.941554 0.238198 0.238198
    outer loop
      vertex -46.2923 -46.3072 -22.9868
      vertex -46.127 -36.7415 -33.2059
      vertex -46.2923 -36.4148 -32.8792
    endloop
  endfacet
  facet normal 0.941554 0.238198 0.238198
    outer loop
      vertex -46.127 -36.7415 -33.2059
      vertex -46.2923 -46.3072 -22.9868
      vertex -46.127 -46.6339 -23.3135
    endloop
  endfacet
  facet normal -0.970041 0.171786 0.171786
    outer loop
      vertex -55.8156 -37.078 -33.5425
      vertex -55.6964 -46.6339 -23.3135
      vertex -55.6964 -36.7415 -33.2059
    endloop
  endfacet
  facet normal -0.970041 0.171786 0.171786
    outer loop
      vertex -55.6964 -46.6339 -23.3135
      vertex -55.8156 -37.078 -33.5425
      vertex -55.8156 -46.9704 -23.6501
    endloop
  endfacet
  facet normal -0.0489956 0.706254 0.706261
    outer loop
      vertex -50.9117 -34.2322 -30.6967
      vertex -51.4018 -44.1417 -20.8213
      vertex -50.9117 -44.1247 -20.8043
    endloop
  endfacet
  facet normal -0.0491394 0.706253 0.706253
    outer loop
      vertex -51.4018 -44.1417 -20.8213
      vertex -50.9117 -34.2322 -30.6967
      vertex -51.4018 -34.2493 -30.7137
    endloop
  endfacet
  facet normal 0.989175 0.10376 0.10376
    outer loop
      vertex -46.0078 -46.9704 -23.6501
      vertex -45.9358 -37.4212 -33.8857
      vertex -46.0078 -37.078 -33.5425
    endloop
  endfacet
  facet normal 0.989175 0.10376 0.10376
    outer loop
      vertex -45.9358 -37.4212 -33.8857
      vertex -46.0078 -46.9704 -23.6501
      vertex -45.9358 -47.3136 -23.9933
    endloop
  endfacet
  facet normal -0.67162 0.523892 0.523892
    outer loop
      vertex -54.4472 -35.2678 -31.7322
      vertex -54.0837 -44.9272 -21.6068
      vertex -54.0837 -35.0348 -31.4992
    endloop
  endfacet
  facet normal -0.67162 0.523892 0.523892
    outer loop
      vertex -54.0837 -44.9272 -21.6068
      vertex -54.4472 -35.2678 -31.7322
      vertex -54.4472 -45.1602 -21.8398
    endloop
  endfacet
  facet normal 4.79711e-15 -0.707107 0.707107
    outer loop
      vertex -51.0685 -46.5343 -23.2139
      vertex -50.9117 -44.1247 -20.8043
      vertex -51.4018 -44.1417 -20.8213
    endloop
  endfacet
  facet normal 0 -0.707107 0.707107
    outer loop
      vertex -51.2238 -46.5506 -23.2302
      vertex -51.4018 -44.1417 -20.8213
      vertex -51.8871 -44.1926 -20.8722
    endloop
  endfacet
  facet normal 3.33209e-14 -0.707107 0.707107
    outer loop
      vertex -50.9117 -44.1247 -20.8043
      vertex -51.0685 -46.5343 -23.2139
      vertex -50.9117 -46.5288 -23.2084
    endloop
  endfacet
  facet normal 5.03605e-06 -0.707121 0.707093
    outer loop
      vertex -51.524 -46.6149 -23.2946
      vertex -51.8871 -44.1926 -20.8722
      vertex -52.3631 -44.2769 -20.9565
    endloop
  endfacet
  facet normal -3.20421e-14 -0.707107 0.707107
    outer loop
      vertex -50.7549 -46.5343 -23.2139
      vertex -50.9117 -44.1247 -20.8043
      vertex -50.9117 -46.5288 -23.2084
    endloop
  endfacet
  facet normal 0 -0.707107 0.707107
    outer loop
      vertex -51.8006 -46.7195 -23.3991
      vertex -52.3631 -44.2769 -20.9565
      vertex -52.8251 -44.3938 -21.0734
    endloop
  endfacet
  facet normal -5.06361e-15 -0.707107 0.707107
    outer loop
      vertex -50.9117 -44.1247 -20.8043
      vertex -50.7549 -46.5343 -23.2139
      vertex -50.4216 -44.1417 -20.8213
    endloop
  endfacet
  facet normal -5.25891e-16 -0.707107 0.707107
    outer loop
      vertex -51.9267 -46.7856 -23.4652
      vertex -52.8251 -44.3938 -21.0734
      vertex -53.2687 -44.5421 -21.2217
    endloop
  endfacet
  facet normal 1.04051e-16 -0.707107 0.707107
    outer loop
      vertex -50.5995 -46.5506 -23.2302
      vertex -50.4216 -44.1417 -20.8213
      vertex -50.7549 -46.5343 -23.2139
    endloop
  endfacet
  facet normal 4.15254e-15 -0.707107 0.707107
    outer loop
      vertex -52.1485 -46.9425 -23.6221
      vertex -53.2687 -44.5421 -21.2217
      vertex -53.6895 -44.7205 -21.4001
    endloop
  endfacet
  facet normal 1.08263e-16 -0.707107 0.707107
    outer loop
      vertex -50.4216 -44.1417 -20.8213
      vertex -50.5995 -46.5506 -23.2302
      vertex -49.9362 -44.1926 -20.8722
    endloop
  endfacet
  facet normal 1.20767e-05 -0.707118 0.707095
    outer loop
      vertex -52.242 -47.0316 -23.7113
      vertex -53.6895 -44.7205 -21.4001
      vertex -54.0837 -44.9272 -21.6068
    endloop
  endfacet
  facet normal 0.000442271 -0.707169 0.707045
    outer loop
      vertex -50.4472 -46.5775 -23.2572
      vertex -49.9362 -44.1926 -20.8722
      vertex -50.5995 -46.5506 -23.2302
    endloop
  endfacet
  facet normal 4.15272e-15 -0.707107 0.707107
    outer loop
      vertex -52.3228 -47.1269 -23.8065
      vertex -54.0837 -44.9272 -21.6068
      vertex -54.4472 -45.1602 -21.8398
    endloop
  endfacet
  facet normal -7.1166e-06 -0.707121 0.707093
    outer loop
      vertex -50.2994 -46.6149 -23.2946
      vertex -49.9362 -44.1926 -20.8722
      vertex -50.4472 -46.5775 -23.2572
    endloop
  endfacet
  facet normal 1.50243e-05 -0.707116 0.707097
    outer loop
      vertex -52.3899 -47.2272 -23.9069
      vertex -54.4472 -45.1602 -21.8398
      vertex -54.7767 -45.4173 -22.0969
    endloop
  endfacet
  facet normal -0.000453949 -0.70704 0.707173
    outer loop
      vertex -50.1575 -46.6624 -23.342
      vertex -49.4603 -44.2769 -20.9565
      vertex -50.2994 -46.6149 -23.2946
    endloop
  endfacet
  facet normal 2.85456e-15 -0.707107 0.707107
    outer loop
      vertex -52.4428 -47.3318 -24.0114
      vertex -54.7767 -45.4173 -22.0969
      vertex -55.069 -45.696 -22.3756
    endloop
  endfacet
  facet normal 1.65754e-14 -0.707107 0.707107
    outer loop
      vertex -50.0228 -46.7195 -23.3991
      vertex -49.4603 -44.2769 -20.9565
      vertex -50.1575 -46.6624 -23.342
    endloop
  endfacet
  facet normal -5.18994e-16 -0.707107 0.707107
    outer loop
      vertex -52.4809 -47.4395 -24.1191
      vertex -55.069 -45.696 -22.3756
      vertex -55.3213 -45.9936 -22.6732
    endloop
  endfacet
  facet normal -2.30077e-16 -0.707107 0.707107
    outer loop
      vertex -49.4603 -44.2769 -20.9565
      vertex -50.0228 -46.7195 -23.3991
      vertex -48.9983 -44.3938 -21.0734
    endloop
  endfacet
  facet normal 2.36678e-15 -0.707107 0.707107
    outer loop
      vertex -52.4809 -47.4395 -24.1191
      vertex -55.3213 -45.9936 -22.6732
      vertex -55.5311 -46.3072 -22.9868
    endloop
  endfacet
  facet normal -3.27836e-14 -0.707107 0.707107
    outer loop
      vertex -49.8967 -46.7856 -23.4652
      vertex -48.9983 -44.3938 -21.0734
      vertex -50.0228 -46.7195 -23.3991
    endloop
  endfacet
  facet normal 3.28682e-16 -0.707107 0.707107
    outer loop
      vertex -48.9983 -44.3938 -21.0734
      vertex -49.8967 -46.7856 -23.4652
      vertex -48.5547 -44.5421 -21.2217
    endloop
  endfacet
  facet normal -5.03704e-06 -0.707121 0.707093
    outer loop
      vertex -49.9362 -44.1926 -20.8722
      vertex -50.2994 -46.6149 -23.2946
      vertex -49.4603 -44.2769 -20.9565
    endloop
  endfacet
  facet normal 0 -0.707107 0.707107
    outer loop
      vertex -51.4018 -44.1417 -20.8213
      vertex -51.2238 -46.5506 -23.2302
      vertex -51.0685 -46.5343 -23.2139
    endloop
  endfacet
  facet normal -0.000442271 -0.707169 0.707045
    outer loop
      vertex -51.8871 -44.1926 -20.8722
      vertex -51.3761 -46.5775 -23.2572
      vertex -51.2238 -46.5506 -23.2302
    endloop
  endfacet
  facet normal 7.11204e-06 -0.707121 0.707093
    outer loop
      vertex -51.8871 -44.1926 -20.8722
      vertex -51.524 -46.6149 -23.2946
      vertex -51.3761 -46.5775 -23.2572
    endloop
  endfacet
  facet normal -5.12727e-15 -0.707107 0.707107
    outer loop
      vertex -52.504 -47.5493 -24.2289
      vertex -55.5311 -46.3072 -22.9868
      vertex -55.6964 -46.6339 -23.3135
    endloop
  endfacet
  facet normal 0.000453949 -0.70704 0.707173
    outer loop
      vertex -52.3631 -44.2769 -20.9565
      vertex -51.6659 -46.6624 -23.342
      vertex -51.524 -46.6149 -23.2946
    endloop
  endfacet
  facet normal -1.56515e-14 -0.707107 0.707107
    outer loop
      vertex -52.3631 -44.2769 -20.9565
      vertex -51.8006 -46.7195 -23.3991
      vertex -51.6659 -46.6624 -23.342
    endloop
  endfacet
  facet normal 3.30555e-14 -0.707107 0.707107
    outer loop
      vertex -52.8251 -44.3938 -21.0734
      vertex -51.9267 -46.7856 -23.4652
      vertex -51.8006 -46.7195 -23.3991
    endloop
  endfacet
  facet normal -1.56463e-14 -0.707107 0.707107
    outer loop
      vertex -53.2687 -44.5421 -21.2217
      vertex -52.0431 -46.8602 -23.5398
      vertex -51.9267 -46.7856 -23.4652
    endloop
  endfacet
  facet normal 1.63743e-14 -0.707107 0.707107
    outer loop
      vertex -53.2687 -44.5421 -21.2217
      vertex -52.1485 -46.9425 -23.6221
      vertex -52.0431 -46.8602 -23.5398
    endloop
  endfacet
  facet normal -5.46917e-05 -0.707202 0.707011
    outer loop
      vertex -52.504 -47.5493 -24.2289
      vertex -55.6964 -46.6339 -23.3135
      vertex -55.8156 -46.9704 -23.6501
    endloop
  endfacet
  facet normal -0.000455237 -0.707265 0.706949
    outer loop
      vertex -53.6895 -44.7205 -21.4001
      vertex -52.242 -47.0316 -23.7113
      vertex -52.1485 -46.9425 -23.6221
    endloop
  endfacet
  facet normal 0.000450245 -0.706926 0.707287
    outer loop
      vertex -54.0837 -44.9272 -21.6068
      vertex -52.3228 -47.1269 -23.8065
      vertex -52.242 -47.0316 -23.7113
    endloop
  endfacet
  facet normal -0.000402918 -0.707324 0.706889
    outer loop
      vertex -54.4472 -45.1602 -21.8398
      vertex -52.3899 -47.2272 -23.9069
      vertex -52.3228 -47.1269 -23.8065
    endloop
  endfacet
  facet normal -2.05971e-05 -0.707105 0.707109
    outer loop
      vertex -52.504 -47.5493 -24.2289
      vertex -55.8156 -46.9704 -23.6501
      vertex -55.8876 -47.3136 -23.9933
    endloop
  endfacet
  facet normal 0.000392068 -0.706868 0.707346
    outer loop
      vertex -54.7767 -45.4173 -22.0969
      vertex -52.4428 -47.3318 -24.0114
      vertex -52.3899 -47.2272 -23.9069
    endloop
  endfacet
  facet normal -9.09762e-16 -0.707107 0.707107
    outer loop
      vertex -55.069 -45.696 -22.3756
      vertex -52.4809 -47.4395 -24.1191
      vertex -52.4428 -47.3318 -24.0114
    endloop
  endfacet
  facet normal 0 -0.707107 0.707107
    outer loop
      vertex -55.5311 -46.3072 -22.9868
      vertex -52.504 -47.5493 -24.2289
      vertex -52.4809 -47.4395 -24.1191
    endloop
  endfacet
  facet normal 0 -0.707005 0.707209
    outer loop
      vertex -52.5117 -47.6602 -24.3398
      vertex -55.8876 -47.3136 -23.9933
      vertex -55.9117 -47.6602 -24.3398
    endloop
  endfacet
  facet normal -2.07975e-05 -0.707106 0.707108
    outer loop
      vertex -55.8876 -47.3136 -23.9933
      vertex -52.5117 -47.6602 -24.3398
      vertex -52.504 -47.5493 -24.2289
    endloop
  endfacet
  facet normal 0 -0.707209 0.707005
    outer loop
      vertex -55.8876 -48.0067 -24.6864
      vertex -52.5117 -47.6602 -24.3398
      vertex -55.9117 -47.6602 -24.3398
    endloop
  endfacet
  facet normal -2.07975e-05 -0.707108 0.707106
    outer loop
      vertex -52.5117 -47.6602 -24.3398
      vertex -55.8876 -48.0067 -24.6864
      vertex -52.504 -47.7711 -24.4507
    endloop
  endfacet
  facet normal -2.05971e-05 -0.707109 0.707105
    outer loop
      vertex -55.8156 -48.3499 -25.0296
      vertex -52.504 -47.7711 -24.4507
      vertex -55.8876 -48.0067 -24.6864
    endloop
  endfacet
  facet normal -5.46917e-05 -0.707011 0.707202
    outer loop
      vertex -55.6964 -48.6865 -25.3661
      vertex -52.504 -47.7711 -24.4507
      vertex -55.8156 -48.3499 -25.0296
    endloop
  endfacet
  facet normal 3.31958e-15 -0.707107 0.707107
    outer loop
      vertex -55.5311 -49.0132 -25.6928
      vertex -52.504 -47.7711 -24.4507
      vertex -55.6964 -48.6865 -25.3661
    endloop
  endfacet
  facet normal 7.60982e-16 -0.707107 0.707107
    outer loop
      vertex -52.504 -47.7711 -24.4507
      vertex -55.5311 -49.0132 -25.6928
      vertex -52.4809 -47.8809 -24.5605
    endloop
  endfacet
  facet normal 6.57438e-16 -0.707107 0.707107
    outer loop
      vertex -55.3213 -49.3268 -26.0064
      vertex -52.4809 -47.8809 -24.5605
      vertex -55.5311 -49.0132 -25.6928
    endloop
  endfacet
  facet normal -2.40035e-15 -0.707107 0.707107
    outer loop
      vertex -55.069 -49.6244 -26.304
      vertex -52.4809 -47.8809 -24.5605
      vertex -55.3213 -49.3268 -26.0064
    endloop
  endfacet
  facet normal -1.11446e-14 -0.707107 0.707107
    outer loop
      vertex -52.4809 -47.8809 -24.5605
      vertex -55.069 -49.6244 -26.304
      vertex -52.4428 -47.9886 -24.6682
    endloop
  endfacet
  facet normal 5.83887e-16 -0.707107 0.707107
    outer loop
      vertex -54.7767 -49.9031 -26.5827
      vertex -52.4428 -47.9886 -24.6682
      vertex -55.069 -49.6244 -26.304
    endloop
  endfacet
  facet normal 0.000392068 -0.707346 0.706868
    outer loop
      vertex -52.4428 -47.9886 -24.6682
      vertex -54.7767 -49.9031 -26.5827
      vertex -52.3899 -48.0931 -24.7728
    endloop
  endfacet
  facet normal 1.50243e-05 -0.707097 0.707116
    outer loop
      vertex -54.4472 -50.1602 -26.8398
      vertex -52.3899 -48.0931 -24.7728
      vertex -54.7767 -49.9031 -26.5827
    endloop
  endfacet
  facet normal -0.000402918 -0.706889 0.707324
    outer loop
      vertex -52.3899 -48.0931 -24.7728
      vertex -54.4472 -50.1602 -26.8398
      vertex -52.3228 -48.1935 -24.8731
    endloop
  endfacet
  facet normal 4.60692e-15 -0.707107 0.707107
    outer loop
      vertex -54.0837 -50.3932 -27.0728
      vertex -52.3228 -48.1935 -24.8731
      vertex -54.4472 -50.1602 -26.8398
    endloop
  endfacet
  facet normal 0.000450245 -0.707287 0.706926
    outer loop
      vertex -52.3228 -48.1935 -24.8731
      vertex -54.0837 -50.3932 -27.0728
      vertex -52.242 -48.2887 -24.9684
    endloop
  endfacet
  facet normal 1.20767e-05 -0.707095 0.707118
    outer loop
      vertex -53.6895 -50.5999 -27.2795
      vertex -52.242 -48.2887 -24.9684
      vertex -54.0837 -50.3932 -27.0728
    endloop
  endfacet
  facet normal -0.000455237 -0.706949 0.707265
    outer loop
      vertex -52.242 -48.2887 -24.9684
      vertex -53.6895 -50.5999 -27.2795
      vertex -52.1485 -48.3779 -25.0575
    endloop
  endfacet
  facet normal -4.21743e-15 -0.707107 0.707107
    outer loop
      vertex -53.2687 -50.7783 -27.4579
      vertex -52.1485 -48.3779 -25.0575
      vertex -53.6895 -50.5999 -27.2795
    endloop
  endfacet
  facet normal -1.62606e-14 -0.707107 0.707107
    outer loop
      vertex -52.1485 -48.3779 -25.0575
      vertex -53.2687 -50.7783 -27.4579
      vertex -52.0431 -48.4602 -25.1398
    endloop
  endfacet
  facet normal 1.66785e-14 -0.707107 0.707107
    outer loop
      vertex -52.0431 -48.4602 -25.1398
      vertex -53.2687 -50.7783 -27.4579
      vertex -51.9267 -48.5348 -25.2144
    endloop
  endfacet
  facet normal 1.61353e-14 -0.707107 0.707107
    outer loop
      vertex -49.7803 -46.8602 -23.5398
      vertex -48.5547 -44.5421 -21.2217
      vertex -49.8967 -46.7856 -23.4652
    endloop
  endfacet
  facet normal -1.6886e-14 -0.707107 0.707107
    outer loop
      vertex -49.6749 -46.9425 -23.6221
      vertex -48.5547 -44.5421 -21.2217
      vertex -49.7803 -46.8602 -23.5398
    endloop
  endfacet
  facet normal -4.60581e-15 -0.707107 0.707107
    outer loop
      vertex -48.5547 -44.5421 -21.2217
      vertex -49.6749 -46.9425 -23.6221
      vertex -48.1338 -44.7205 -21.4001
    endloop
  endfacet
  facet normal 0.000454932 -0.707264 0.706949
    outer loop
      vertex -49.5813 -47.0316 -23.7113
      vertex -48.1338 -44.7205 -21.4001
      vertex -49.6749 -46.9425 -23.6221
    endloop
  endfacet
  facet normal -1.2079e-05 -0.707118 0.707095
    outer loop
      vertex -48.1338 -44.7205 -21.4001
      vertex -49.5813 -47.0316 -23.7113
      vertex -47.7397 -44.9272 -21.6068
    endloop
  endfacet
  facet normal -0.000450532 -0.706926 0.707287
    outer loop
      vertex -49.5006 -47.1269 -23.8065
      vertex -47.7397 -44.9272 -21.6068
      vertex -49.5813 -47.0316 -23.7113
    endloop
  endfacet
  facet normal -4.54204e-15 -0.707107 0.707107
    outer loop
      vertex -47.7397 -44.9272 -21.6068
      vertex -49.5006 -47.1269 -23.8065
      vertex -47.3762 -45.1602 -21.8398
    endloop
  endfacet
  facet normal 0.000402918 -0.707324 0.706889
    outer loop
      vertex -49.4335 -47.2272 -23.9069
      vertex -47.3762 -45.1602 -21.8398
      vertex -49.5006 -47.1269 -23.8065
    endloop
  endfacet
  facet normal -1.50217e-05 -0.707116 0.707097
    outer loop
      vertex -47.3762 -45.1602 -21.8398
      vertex -49.4335 -47.2272 -23.9069
      vertex -47.0466 -45.4173 -22.0969
    endloop
  endfacet
  facet normal -0.000392056 -0.706868 0.707346
    outer loop
      vertex -49.3806 -47.3318 -24.0114
      vertex -47.0466 -45.4173 -22.0969
      vertex -49.4335 -47.2272 -23.9069
    endloop
  endfacet
  facet normal -2.85449e-15 -0.707107 0.707107
    outer loop
      vertex -47.0466 -45.4173 -22.0969
      vertex -49.3806 -47.3318 -24.0114
      vertex -46.7543 -45.696 -22.3756
    endloop
  endfacet
  facet normal 7.38808e-16 -0.707107 0.707107
    outer loop
      vertex -49.3424 -47.4395 -24.1191
      vertex -46.7543 -45.696 -22.3756
      vertex -49.3806 -47.3318 -24.0114
    endloop
  endfacet
  facet normal 6.48836e-16 -0.707107 0.707107
    outer loop
      vertex -46.7543 -45.696 -22.3756
      vertex -49.3424 -47.4395 -24.1191
      vertex -46.5021 -45.9936 -22.6732
    endloop
  endfacet
  facet normal -2.39971e-15 -0.707107 0.707107
    outer loop
      vertex -46.5021 -45.9936 -22.6732
      vertex -49.3424 -47.4395 -24.1191
      vertex -46.2923 -46.3072 -22.9868
    endloop
  endfacet
  facet normal 0 -0.707107 0.707107
    outer loop
      vertex -49.3194 -47.5493 -24.2289
      vertex -46.2923 -46.3072 -22.9868
      vertex -49.3424 -47.4395 -24.1191
    endloop
  endfacet
  facet normal 5.22587e-15 -0.707107 0.707107
    outer loop
      vertex -46.2923 -46.3072 -22.9868
      vertex -49.3194 -47.5493 -24.2289
      vertex -46.127 -46.6339 -23.3135
    endloop
  endfacet
  facet normal 5.46917e-05 -0.707202 0.707011
    outer loop
      vertex -46.127 -46.6339 -23.3135
      vertex -49.3194 -47.5493 -24.2289
      vertex -46.0078 -46.9704 -23.6501
    endloop
  endfacet
  facet normal 2.05971e-05 -0.707105 0.707109
    outer loop
      vertex -46.0078 -46.9704 -23.6501
      vertex -49.3194 -47.5493 -24.2289
      vertex -45.9358 -47.3136 -23.9933
    endloop
  endfacet
  facet normal 2.07975e-05 -0.707106 0.707108
    outer loop
      vertex -49.3117 -47.6602 -24.3398
      vertex -45.9358 -47.3136 -23.9933
      vertex -49.3194 -47.5493 -24.2289
    endloop
  endfacet
  facet normal 0 -0.707005 0.707209
    outer loop
      vertex -49.3117 -47.6602 -24.3398
      vertex -45.9117 -47.6602 -24.3398
      vertex -45.9358 -47.3136 -23.9933
    endloop
  endfacet
  facet normal 2.07975e-05 -0.707108 0.707106
    outer loop
      vertex -45.9358 -48.0067 -24.6864
      vertex -49.3117 -47.6602 -24.3398
      vertex -49.3194 -47.7711 -24.4507
    endloop
  endfacet
  facet normal -4.34996e-16 -0.707107 0.707107
    outer loop
      vertex -46.2923 -49.0132 -25.6928
      vertex -49.3194 -47.7711 -24.4507
      vertex -49.3424 -47.8809 -24.5605
    endloop
  endfacet
  facet normal 1.09116e-14 -0.707107 0.707107
    outer loop
      vertex -46.7543 -49.6244 -26.304
      vertex -49.3424 -47.8809 -24.5605
      vertex -49.3806 -47.9886 -24.6682
    endloop
  endfacet
  facet normal 0 -0.707209 0.707005
    outer loop
      vertex -49.3117 -47.6602 -24.3398
      vertex -45.9358 -48.0067 -24.6864
      vertex -45.9117 -47.6602 -24.3398
    endloop
  endfacet
  facet normal -0.000392056 -0.707346 0.706868
    outer loop
      vertex -47.0466 -49.9031 -26.5827
      vertex -49.3806 -47.9886 -24.6682
      vertex -49.4335 -48.0931 -24.7728
    endloop
  endfacet
  facet normal 0.000402918 -0.706889 0.707324
    outer loop
      vertex -47.3762 -50.1602 -26.8398
      vertex -49.4335 -48.0931 -24.7728
      vertex -49.5006 -48.1935 -24.8731
    endloop
  endfacet
  facet normal -0.000450532 -0.707287 0.706926
    outer loop
      vertex -47.7397 -50.3932 -27.0728
      vertex -49.5006 -48.1935 -24.8731
      vertex -49.5813 -48.2887 -24.9684
    endloop
  endfacet
  facet normal 2.05971e-05 -0.707109 0.707105
    outer loop
      vertex -49.3194 -47.7711 -24.4507
      vertex -46.0078 -48.3499 -25.0296
      vertex -45.9358 -48.0067 -24.6864
    endloop
  endfacet
  facet normal 0.000454932 -0.706949 0.707264
    outer loop
      vertex -48.1338 -50.5999 -27.2795
      vertex -49.5813 -48.2887 -24.9684
      vertex -49.6749 -48.3779 -25.0575
    endloop
  endfacet
  facet normal 1.63743e-14 -0.707107 0.707107
    outer loop
      vertex -48.5547 -50.7783 -27.4579
      vertex -49.6749 -48.3779 -25.0575
      vertex -49.7803 -48.4602 -25.1398
    endloop
  endfacet
  facet normal -1.56463e-14 -0.707107 0.707107
    outer loop
      vertex -48.5547 -50.7783 -27.4579
      vertex -49.7803 -48.4602 -25.1398
      vertex -49.8967 -48.5348 -25.2144
    endloop
  endfacet
  facet normal 3.30555e-14 -0.707107 0.707107
    outer loop
      vertex -48.9983 -50.9266 -27.6062
      vertex -49.8967 -48.5348 -25.2144
      vertex -50.0228 -48.6009 -25.2805
    endloop
  endfacet
  facet normal 0 -0.707107 0.707107
    outer loop
      vertex -49.4603 -51.0435 -27.7231
      vertex -50.0228 -48.6009 -25.2805
      vertex -50.1575 -48.658 -25.3376
    endloop
  endfacet
  facet normal 5.46917e-05 -0.707011 0.707202
    outer loop
      vertex -49.3194 -47.7711 -24.4507
      vertex -46.127 -48.6865 -25.3661
      vertex -46.0078 -48.3499 -25.0296
    endloop
  endfacet
  facet normal -0.000453949 -0.707173 0.70704
    outer loop
      vertex -49.4603 -51.0435 -27.7231
      vertex -50.1575 -48.658 -25.3376
      vertex -50.2994 -48.7054 -25.3851
    endloop
  endfacet
  facet normal -7.1166e-06 -0.707093 0.707121
    outer loop
      vertex -49.9362 -51.1278 -27.8074
      vertex -50.2994 -48.7054 -25.3851
      vertex -50.4472 -48.7428 -25.4225
    endloop
  endfacet
  facet normal 0.000442271 -0.707045 0.707169
    outer loop
      vertex -49.9362 -51.1278 -27.8074
      vertex -50.4472 -48.7428 -25.4225
      vertex -50.5995 -48.7698 -25.4494
    endloop
  endfacet
  facet normal 1.66481e-14 -0.707107 0.707107
    outer loop
      vertex -50.4216 -51.1787 -27.8583
      vertex -50.5995 -48.7698 -25.4494
      vertex -50.7549 -48.7861 -25.4657
    endloop
  endfacet
  facet normal 1.66604e-14 -0.707107 0.707107
    outer loop
      vertex -50.9117 -51.1957 -27.8753
      vertex -50.7549 -48.7861 -25.4657
      vertex -50.9117 -48.7916 -25.4712
    endloop
  endfacet
  facet normal 5.35751e-15 -0.707107 0.707107
    outer loop
      vertex -52.8251 -50.9266 -27.6062
      vertex -51.9267 -48.5348 -25.2144
      vertex -53.2687 -50.7783 -27.4579
    endloop
  endfacet
  facet normal -1.60227e-14 -0.707107 0.707107
    outer loop
      vertex -51.0685 -48.7861 -25.4657
      vertex -50.9117 -51.1957 -27.8753
      vertex -50.9117 -48.7916 -25.4712
    endloop
  endfacet
  facet normal -3.27836e-14 -0.707107 0.707107
    outer loop
      vertex -51.9267 -48.5348 -25.2144
      vertex -52.8251 -50.9266 -27.6062
      vertex -51.8006 -48.6009 -25.2805
    endloop
  endfacet
  facet normal 5.33012e-15 -0.707107 0.707107
    outer loop
      vertex -50.7549 -48.7861 -25.4657
      vertex -50.9117 -51.1957 -27.8753
      vertex -50.4216 -51.1787 -27.8583
    endloop
  endfacet
  facet normal -5.16029e-15 -0.707107 0.707107
    outer loop
      vertex -52.3631 -51.0435 -27.7231
      vertex -51.8006 -48.6009 -25.2805
      vertex -52.8251 -50.9266 -27.6062
    endloop
  endfacet
  facet normal 0 -0.707107 0.707107
    outer loop
      vertex -50.5995 -48.7698 -25.4494
      vertex -50.4216 -51.1787 -27.8583
      vertex -49.9362 -51.1278 -27.8074
    endloop
  endfacet
  facet normal 0 -0.707107 0.707107
    outer loop
      vertex -51.8006 -48.6009 -25.2805
      vertex -52.3631 -51.0435 -27.7231
      vertex -51.6659 -48.658 -25.3376
    endloop
  endfacet
  facet normal -5.03704e-06 -0.707093 0.707121
    outer loop
      vertex -50.2994 -48.7054 -25.3851
      vertex -49.9362 -51.1278 -27.8074
      vertex -49.4603 -51.0435 -27.7231
    endloop
  endfacet
  facet normal 0.000453949 -0.707173 0.70704
    outer loop
      vertex -51.6659 -48.658 -25.3376
      vertex -52.3631 -51.0435 -27.7231
      vertex -51.524 -48.7054 -25.3851
    endloop
  endfacet
  facet normal -5.10109e-15 -0.707107 0.707107
    outer loop
      vertex -50.9117 -51.1957 -27.8753
      vertex -51.0685 -48.7861 -25.4657
      vertex -51.4018 -51.1787 -27.8583
    endloop
  endfacet
  facet normal 5.03605e-06 -0.707093 0.707121
    outer loop
      vertex -51.8871 -51.1278 -27.8074
      vertex -51.524 -48.7054 -25.3851
      vertex -52.3631 -51.0435 -27.7231
    endloop
  endfacet
  facet normal -5.25891e-15 -0.707107 0.707107
    outer loop
      vertex -49.8967 -48.5348 -25.2144
      vertex -48.9983 -50.9266 -27.6062
      vertex -48.5547 -50.7783 -27.4579
    endloop
  endfacet
  facet normal 7.11204e-06 -0.707093 0.707121
    outer loop
      vertex -51.524 -48.7054 -25.3851
      vertex -51.8871 -51.1278 -27.8074
      vertex -51.3761 -48.7428 -25.4225
    endloop
  endfacet
  facet normal -0.000442271 -0.707045 0.707169
    outer loop
      vertex -51.3761 -48.7428 -25.4225
      vertex -51.8871 -51.1278 -27.8074
      vertex -51.2238 -48.7698 -25.4494
    endloop
  endfacet
  facet normal 1.08285e-16 -0.707107 0.707107
    outer loop
      vertex -51.4018 -51.1787 -27.8583
      vertex -51.2238 -48.7698 -25.4494
      vertex -51.8871 -51.1278 -27.8074
    endloop
  endfacet
  facet normal -3.28671e-15 -0.707107 0.707107
    outer loop
      vertex -49.3194 -47.7711 -24.4507
      vertex -46.2923 -49.0132 -25.6928
      vertex -46.127 -48.6865 -25.3661
    endloop
  endfacet
  facet normal -1.59428e-14 -0.707107 0.707107
    outer loop
      vertex -51.2238 -48.7698 -25.4494
      vertex -51.4018 -51.1787 -27.8583
      vertex -51.0685 -48.7861 -25.4657
    endloop
  endfacet
  facet normal -6.57455e-16 -0.707107 0.707107
    outer loop
      vertex -49.3424 -47.8809 -24.5605
      vertex -46.5021 -49.3268 -26.0064
      vertex -46.2923 -49.0132 -25.6928
    endloop
  endfacet
  facet normal 4.15172e-15 -0.707107 0.707107
    outer loop
      vertex -49.6749 -48.3779 -25.0575
      vertex -48.5547 -50.7783 -27.4579
      vertex -48.1338 -50.5999 -27.2795
    endloop
  endfacet
  facet normal 2.33581e-15 -0.707107 0.707107
    outer loop
      vertex -49.3424 -47.8809 -24.5605
      vertex -46.7543 -49.6244 -26.304
      vertex -46.5021 -49.3268 -26.0064
    endloop
  endfacet
  facet normal -1.50217e-05 -0.707097 0.707116
    outer loop
      vertex -49.4335 -48.0931 -24.7728
      vertex -47.3762 -50.1602 -26.8398
      vertex -47.0466 -49.9031 -26.5827
    endloop
  endfacet
  facet normal -5.18998e-16 -0.707107 0.707107
    outer loop
      vertex -49.3806 -47.9886 -24.6682
      vertex -47.0466 -49.9031 -26.5827
      vertex -46.7543 -49.6244 -26.304
    endloop
  endfacet
  facet normal -4.67181e-15 -0.707107 0.707107
    outer loop
      vertex -49.5006 -48.1935 -24.8731
      vertex -47.7397 -50.3932 -27.0728
      vertex -47.3762 -50.1602 -26.8398
    endloop
  endfacet
  facet normal -1.2079e-05 -0.707095 0.707118
    outer loop
      vertex -49.5813 -48.2887 -24.9684
      vertex -48.1338 -50.5999 -27.2795
      vertex -47.7397 -50.3932 -27.0728
    endloop
  endfacet
  facet normal 4.73301e-15 -0.707107 0.707107
    outer loop
      vertex -50.0228 -48.6009 -25.2805
      vertex -49.4603 -51.0435 -27.7231
      vertex -48.9983 -50.9266 -27.6062
    endloop
  endfacet
  facet normal 0.740828 0.47496 0.47496
    outer loop
      vertex -47.3762 -45.1602 -21.8398
      vertex -47.0466 -35.5248 -31.9893
      vertex -47.3762 -35.2678 -31.7322
    endloop
  endfacet
  facet normal 0.740893 0.474907 0.474912
    outer loop
      vertex -47.0466 -35.5248 -31.9893
      vertex -47.3762 -45.1602 -21.8398
      vertex -47.0466 -45.4173 -22.0969
    endloop
  endfacet
  facet normal -0.427423 0.639261 0.639261
    outer loop
      vertex -52.8251 -34.5014 -30.9658
      vertex -53.2687 -44.5421 -21.2217
      vertex -52.8251 -44.3938 -21.0734
    endloop
  endfacet
  facet normal -0.427541 0.639225 0.639219
    outer loop
      vertex -53.2687 -44.5421 -21.2217
      vertex -52.8251 -34.5014 -30.9658
      vertex -53.2687 -34.6497 -31.1142
    endloop
  endfacet
  facet normal -0.998793 0.0347294 0.0347294
    outer loop
      vertex -55.9117 -37.7678 -34.2322
      vertex -55.8876 -47.3136 -23.9933
      vertex -55.8876 -37.4212 -33.8857
    endloop
  endfacet
  facet normal -0.998793 0.0347294 0.0347294
    outer loop
      vertex -55.8876 -47.3136 -23.9933
      vertex -55.9117 -37.7678 -34.2322
      vertex -55.9117 -47.6602 -24.3398
    endloop
  endfacet
  facet normal 0.595815 0.56789 0.567896
    outer loop
      vertex -51.9267 -48.5348 -25.2144
      vertex -51.8006 -38.7085 -35.1729
      vertex -51.9267 -38.6423 -35.1068
    endloop
  endfacet
  facet normal 0.595524 0.568045 0.568045
    outer loop
      vertex -51.8006 -38.7085 -35.1729
      vertex -51.9267 -48.5348 -25.2144
      vertex -51.8006 -48.6009 -25.2805
    endloop
  endfacet
  facet normal 0.671317 0.524087 0.524087
    outer loop
      vertex -52.0431 -48.4602 -25.1398
      vertex -51.9267 -38.6423 -35.1068
      vertex -52.0431 -38.5678 -35.0322
    endloop
  endfacet
  facet normal 0.671564 0.523926 0.523931
    outer loop
      vertex -51.9267 -38.6423 -35.1068
      vertex -52.0431 -48.4602 -25.1398
      vertex -51.9267 -48.5348 -25.2144
    endloop
  endfacet
  facet normal 0.513844 0.606615 0.606615
    outer loop
      vertex -51.8006 -48.6009 -25.2805
      vertex -51.6659 -38.7655 -35.23
      vertex -51.8006 -38.7085 -35.1729
    endloop
  endfacet
  facet normal 0.514175 0.606472 0.606478
    outer loop
      vertex -51.6659 -38.7655 -35.23
      vertex -51.8006 -48.6009 -25.2805
      vertex -51.6659 -48.658 -25.3376
    endloop
  endfacet
  facet normal -0.336934 0.665761 0.665761
    outer loop
      vertex -50.2994 -38.813 -35.2775
      vertex -50.4472 -48.7428 -25.4225
      vertex -50.2994 -48.7054 -25.3851
    endloop
  endfacet
  facet normal -0.336934 0.665761 0.665761
    outer loop
      vertex -50.4472 -48.7428 -25.4225
      vertex -50.2994 -38.813 -35.2775
      vertex -50.4472 -38.8504 -35.3149
    endloop
  endfacet
  facet normal 0.514175 -0.606478 -0.606472
    outer loop
      vertex -51.8006 -46.7195 -23.3991
      vertex -51.6659 -36.77 -33.2345
      vertex -51.6659 -46.6624 -23.342
    endloop
  endfacet
  facet normal 0.513844 -0.606615 -0.606615
    outer loop
      vertex -51.6659 -36.77 -33.2345
      vertex -51.8006 -46.7195 -23.3991
      vertex -51.8006 -36.8271 -33.2915
    endloop
  endfacet
  facet normal -0.242764 -0.685954 -0.685954
    outer loop
      vertex -50.5995 -46.5506 -23.2302
      vertex -50.4472 -36.6851 -33.1496
      vertex -50.4472 -46.5775 -23.2572
    endloop
  endfacet
  facet normal -0.243188 -0.685875 -0.685882
    outer loop
      vertex -50.4472 -36.6851 -33.1496
      vertex -50.5995 -46.5506 -23.2302
      vertex -50.5995 -36.6581 -33.1226
    endloop
  endfacet
  facet normal 0.803383 -0.421053 -0.421058
    outer loop
      vertex -52.1485 -46.9425 -23.6221
      vertex -52.242 -37.1392 -33.6037
      vertex -52.1485 -37.05 -33.5145
    endloop
  endfacet
  facet normal 0.803223 -0.421208 -0.421208
    outer loop
      vertex -52.242 -37.1392 -33.6037
      vertex -52.1485 -46.9425 -23.6221
      vertex -52.242 -47.0316 -23.7113
    endloop
  endfacet
  facet normal 0.0486461 0.706273 0.706266
    outer loop
      vertex -51.0685 -48.7861 -25.4657
      vertex -50.9117 -38.8991 -35.3636
      vertex -51.0685 -38.8937 -35.3582
    endloop
  endfacet
  facet normal 0.0495448 0.706235 0.706242
    outer loop
      vertex -50.9117 -38.8991 -35.3636
      vertex -51.0685 -48.7861 -25.4657
      vertex -50.9117 -48.7916 -25.4712
    endloop
  endfacet
  facet normal -0.969959 0.172018 0.172016
    outer loop
      vertex -49.3806 -38.0962 -34.5607
      vertex -49.3424 -47.8809 -24.5605
      vertex -49.3424 -37.9885 -34.453
    endloop
  endfacet
  facet normal -0.969959 0.172018 0.172016
    outer loop
      vertex -49.3424 -47.8809 -24.5605
      vertex -49.3806 -38.0962 -34.5607
      vertex -49.3806 -47.9886 -24.6682
    endloop
  endfacet
  facet normal 0.998797 0.0346742 0.0346742
    outer loop
      vertex -52.5117 -47.6602 -24.3398
      vertex -52.504 -37.8787 -34.3431
      vertex -52.5117 -37.7678 -34.2322
    endloop
  endfacet
  facet normal 0.998797 0.0346742 0.0346742
    outer loop
      vertex -52.504 -37.8787 -34.3431
      vertex -52.5117 -47.6602 -24.3398
      vertex -52.504 -47.7711 -24.4507
    endloop
  endfacet
  facet normal 0.970109 -0.171592 -0.171594
    outer loop
      vertex -52.4428 -47.3318 -24.0114
      vertex -52.4809 -37.547 -34.0115
      vertex -52.4428 -37.4393 -33.9038
    endloop
  endfacet
  facet normal 0.970109 -0.171592 -0.171594
    outer loop
      vertex -52.4809 -37.547 -34.0115
      vertex -52.4428 -47.3318 -24.0114
      vertex -52.4809 -47.4395 -24.1191
    endloop
  endfacet
  facet normal -0.513844 0.606615 0.606615
    outer loop
      vertex -50.1575 -38.7655 -35.23
      vertex -50.0228 -48.6009 -25.2805
      vertex -50.0228 -38.7085 -35.1729
    endloop
  endfacet
  facet normal -0.514175 0.606472 0.606478
    outer loop
      vertex -50.0228 -48.6009 -25.2805
      vertex -50.1575 -38.7655 -35.23
      vertex -50.1575 -48.658 -25.3376
    endloop
  endfacet
  facet normal -0.803078 -0.421344 -0.421348
    outer loop
      vertex -49.5813 -37.1392 -33.6037
      vertex -49.6749 -46.9425 -23.6221
      vertex -49.6749 -37.05 -33.5145
    endloop
  endfacet
  facet normal -0.802919 -0.421498 -0.421498
    outer loop
      vertex -49.6749 -46.9425 -23.6221
      vertex -49.5813 -37.1392 -33.6037
      vertex -49.5813 -47.0316 -23.7113
    endloop
  endfacet
  facet normal 0.242764 0.685954 0.685954
    outer loop
      vertex -51.2238 -48.7698 -25.4494
      vertex -51.3761 -38.8504 -35.3149
      vertex -51.3761 -48.7428 -25.4225
    endloop
  endfacet
  facet normal 0.243188 0.685882 0.685875
    outer loop
      vertex -51.3761 -38.8504 -35.3149
      vertex -51.2238 -48.7698 -25.4494
      vertex -51.2238 -38.8774 -35.3419
    endloop
  endfacet
  facet normal 0.857436 0.363872 0.363868
    outer loop
      vertex -52.3228 -48.1935 -24.8731
      vertex -52.242 -38.3963 -34.8608
      vertex -52.3228 -38.3011 -34.7656
    endloop
  endfacet
  facet normal 0.857556 0.36373 0.36373
    outer loop
      vertex -52.242 -38.3963 -34.8608
      vertex -52.3228 -48.1935 -24.8731
      vertex -52.242 -48.2887 -24.9684
    endloop
  endfacet
  facet normal 0.595815 -0.567893 -0.567893
    outer loop
      vertex -51.8006 -46.7195 -23.3991
      vertex -51.9267 -36.8932 -33.3577
      vertex -51.8006 -36.8271 -33.2915
    endloop
  endfacet
  facet normal 0.595524 -0.568048 -0.568042
    outer loop
      vertex -51.9267 -36.8932 -33.3577
      vertex -51.8006 -46.7195 -23.3991
      vertex -51.9267 -46.7856 -23.4652
    endloop
  endfacet
  facet normal -0.671317 -0.524089 -0.524084
    outer loop
      vertex -49.7803 -36.9678 -33.4322
      vertex -49.8967 -46.7856 -23.4652
      vertex -49.8967 -36.8932 -33.3577
    endloop
  endfacet
  facet normal -0.671564 -0.523928 -0.523928
    outer loop
      vertex -49.8967 -46.7856 -23.4652
      vertex -49.7803 -36.9678 -33.4322
      vertex -49.7803 -46.8602 -23.5398
    endloop
  endfacet
  facet normal -0.595815 0.56789 0.567896
    outer loop
      vertex -50.0228 -38.7085 -35.1729
      vertex -49.8967 -48.5348 -25.2144
      vertex -49.8967 -38.6423 -35.1068
    endloop
  endfacet
  facet normal -0.595524 0.568045 0.568045
    outer loop
      vertex -49.8967 -48.5348 -25.2144
      vertex -50.0228 -38.7085 -35.1729
      vertex -50.0228 -48.6009 -25.2805
    endloop
  endfacet
  facet normal 0.427507 0.63923 0.639236
    outer loop
      vertex -51.524 -48.7054 -25.3851
      vertex -51.6659 -38.7655 -35.23
      vertex -51.6659 -48.658 -25.3376
    endloop
  endfacet
  facet normal 0.427875 0.63911 0.63911
    outer loop
      vertex -51.6659 -38.7655 -35.23
      vertex -51.524 -48.7054 -25.3851
      vertex -51.524 -38.813 -35.2775
    endloop
  endfacet
  facet normal -0.0495448 0.706242 0.706235
    outer loop
      vertex -50.7549 -38.8937 -35.3582
      vertex -50.9117 -48.7916 -25.4712
      vertex -50.7549 -48.7861 -25.4657
    endloop
  endfacet
  facet normal -0.0486461 0.706266 0.706273
    outer loop
      vertex -50.9117 -48.7916 -25.4712
      vertex -50.7549 -38.8937 -35.3582
      vertex -50.9117 -38.8991 -35.3636
    endloop
  endfacet
  facet normal -0.998797 -0.0346742 -0.0346742
    outer loop
      vertex -49.3117 -37.7678 -34.2322
      vertex -49.3194 -47.5493 -24.2289
      vertex -49.3194 -37.6569 -34.1213
    endloop
  endfacet
  facet normal -0.998797 -0.0346742 -0.0346742
    outer loop
      vertex -49.3194 -47.5493 -24.2289
      vertex -49.3117 -37.7678 -34.2322
      vertex -49.3117 -47.6602 -24.3398
    endloop
  endfacet
  facet normal -0.514175 -0.606478 -0.606472
    outer loop
      vertex -50.1575 -36.77 -33.2345
      vertex -50.0228 -46.7195 -23.3991
      vertex -50.1575 -46.6624 -23.342
    endloop
  endfacet
  facet normal -0.513844 -0.606615 -0.606615
    outer loop
      vertex -50.0228 -46.7195 -23.3991
      vertex -50.1575 -36.77 -33.2345
      vertex -50.0228 -36.8271 -33.2915
    endloop
  endfacet
  facet normal -0.904124 0.302125 0.302125
    outer loop
      vertex -49.5006 -38.3011 -34.7656
      vertex -49.4335 -48.0931 -24.7728
      vertex -49.4335 -38.2007 -34.6652
    endloop
  endfacet
  facet normal -0.904042 0.30225 0.302247
    outer loop
      vertex -49.4335 -48.0931 -24.7728
      vertex -49.5006 -38.3011 -34.7656
      vertex -49.5006 -48.1935 -24.8731
    endloop
  endfacet
  facet normal -0.427507 -0.639233 -0.639233
    outer loop
      vertex -50.2994 -36.7225 -33.187
      vertex -50.1575 -46.6624 -23.342
      vertex -50.2994 -46.6149 -23.2946
    endloop
  endfacet
  facet normal -0.427875 -0.639113 -0.639107
    outer loop
      vertex -50.1575 -46.6624 -23.342
      vertex -50.2994 -36.7225 -33.187
      vertex -50.1575 -36.77 -33.2345
    endloop
  endfacet
  facet normal -0.427507 0.63923 0.639236
    outer loop
      vertex -50.1575 -38.7655 -35.23
      vertex -50.2994 -48.7054 -25.3851
      vertex -50.1575 -48.658 -25.3376
    endloop
  endfacet
  facet normal -0.427875 0.63911 0.63911
    outer loop
      vertex -50.2994 -48.7054 -25.3851
      vertex -50.1575 -38.7655 -35.23
      vertex -50.2994 -38.813 -35.2775
    endloop
  endfacet
  facet normal -0.989217 -0.103559 -0.10356
    outer loop
      vertex -49.3194 -37.6569 -34.1213
      vertex -49.3424 -47.4395 -24.1191
      vertex -49.3424 -37.547 -34.0115
    endloop
  endfacet
  facet normal -0.989208 -0.103606 -0.103606
    outer loop
      vertex -49.3424 -47.4395 -24.1191
      vertex -49.3194 -37.6569 -34.1213
      vertex -49.3194 -47.5493 -24.2289
    endloop
  endfacet
  facet normal 0.146825 0.699447 0.69944
    outer loop
      vertex -51.0685 -48.7861 -25.4657
      vertex -51.2238 -38.8774 -35.3419
      vertex -51.2238 -48.7698 -25.4494
    endloop
  endfacet
  facet normal 0.146825 0.699447 0.69944
    outer loop
      vertex -51.2238 -38.8774 -35.3419
      vertex -51.0685 -48.7861 -25.4657
      vertex -51.0685 -38.8937 -35.3582
    endloop
  endfacet
  facet normal -0.857717 -0.363539 -0.363539
    outer loop
      vertex -49.5006 -37.2344 -33.6989
      vertex -49.5813 -47.0316 -23.7113
      vertex -49.5813 -37.1392 -33.6037
    endloop
  endfacet
  facet normal -0.857836 -0.363397 -0.3634
    outer loop
      vertex -49.5813 -47.0316 -23.7113
      vertex -49.5006 -37.2344 -33.6989
      vertex -49.5006 -47.1269 -23.8065
    endloop
  endfacet
  facet normal -0.998797 0.0346742 0.0346742
    outer loop
      vertex -49.3194 -37.8787 -34.3431
      vertex -49.3117 -47.6602 -24.3398
      vertex -49.3117 -37.7678 -34.2322
    endloop
  endfacet
  facet normal -0.998797 0.0346742 0.0346742
    outer loop
      vertex -49.3117 -47.6602 -24.3398
      vertex -49.3194 -37.8787 -34.3431
      vertex -49.3194 -47.7711 -24.4507
    endloop
  endfacet
  facet normal 0.9415 -0.238303 -0.238303
    outer loop
      vertex -52.3899 -47.2272 -23.9069
      vertex -52.4428 -37.4393 -33.9038
      vertex -52.3899 -37.3348 -33.7993
    endloop
  endfacet
  facet normal 0.941552 -0.238201 -0.238203
    outer loop
      vertex -52.4428 -37.4393 -33.9038
      vertex -52.3899 -47.2272 -23.9069
      vertex -52.4428 -47.3318 -24.0114
    endloop
  endfacet
  facet normal -0.857717 0.363541 0.363537
    outer loop
      vertex -49.5813 -38.3963 -34.8608
      vertex -49.5006 -48.1935 -24.8731
      vertex -49.5006 -38.3011 -34.7656
    endloop
  endfacet
  facet normal -0.857836 0.363398 0.363398
    outer loop
      vertex -49.5006 -48.1935 -24.8731
      vertex -49.5813 -38.3963 -34.8608
      vertex -49.5813 -48.2887 -24.9684
    endloop
  endfacet
  facet normal -0.904124 -0.302124 -0.302127
    outer loop
      vertex -49.4335 -37.3348 -33.7993
      vertex -49.5006 -47.1269 -23.8065
      vertex -49.5006 -37.2344 -33.6989
    endloop
  endfacet
  facet normal -0.904042 -0.302248 -0.302248
    outer loop
      vertex -49.5006 -47.1269 -23.8065
      vertex -49.4335 -37.3348 -33.7993
      vertex -49.4335 -47.2272 -23.9069
    endloop
  endfacet
  facet normal -0.242764 0.685954 0.685954
    outer loop
      vertex -50.4472 -38.8504 -35.3149
      vertex -50.5995 -48.7698 -25.4494
      vertex -50.4472 -48.7428 -25.4225
    endloop
  endfacet
  facet normal -0.243188 0.685882 0.685875
    outer loop
      vertex -50.5995 -48.7698 -25.4494
      vertex -50.4472 -38.8504 -35.3149
      vertex -50.5995 -38.8774 -35.3419
    endloop
  endfacet
  facet normal 0.242764 -0.685954 -0.685954
    outer loop
      vertex -51.3761 -36.6851 -33.1496
      vertex -51.2238 -46.5506 -23.2302
      vertex -51.3761 -46.5775 -23.2572
    endloop
  endfacet
  facet normal 0.243188 -0.685875 -0.685882
    outer loop
      vertex -51.2238 -46.5506 -23.2302
      vertex -51.3761 -36.6851 -33.1496
      vertex -51.2238 -36.6581 -33.1226
    endloop
  endfacet
  facet normal -0.989217 0.103559 0.103559
    outer loop
      vertex -49.3424 -37.9885 -34.453
      vertex -49.3194 -47.7711 -24.4507
      vertex -49.3194 -37.8787 -34.3431
    endloop
  endfacet
  facet normal -0.989208 0.103606 0.103605
    outer loop
      vertex -49.3194 -47.7711 -24.4507
      vertex -49.3424 -37.9885 -34.453
      vertex -49.3424 -47.8809 -24.5605
    endloop
  endfacet
  facet normal -0.741032 0.474803 0.474799
    outer loop
      vertex -49.7803 -38.5678 -35.0322
      vertex -49.6749 -48.3779 -25.0575
      vertex -49.6749 -38.4855 -34.95
    endloop
  endfacet
  facet normal -0.741235 0.474642 0.474642
    outer loop
      vertex -49.6749 -48.3779 -25.0575
      vertex -49.7803 -38.5678 -35.0322
      vertex -49.7803 -48.4602 -25.1398
    endloop
  endfacet
  facet normal 0.741032 -0.474801 -0.474801
    outer loop
      vertex -52.0431 -46.8602 -23.5398
      vertex -52.1485 -37.05 -33.5145
      vertex -52.0431 -36.9678 -33.4322
    endloop
  endfacet
  facet normal 0.741235 -0.47464 -0.474645
    outer loop
      vertex -52.1485 -37.05 -33.5145
      vertex -52.0431 -46.8602 -23.5398
      vertex -52.1485 -46.9425 -23.6221
    endloop
  endfacet
  facet normal 0.904124 0.302125 0.302125
    outer loop
      vertex -52.3899 -48.0931 -24.7728
      vertex -52.3228 -38.3011 -34.7656
      vertex -52.3899 -38.2007 -34.6652
    endloop
  endfacet
  facet normal 0.904042 0.30225 0.302247
    outer loop
      vertex -52.3228 -38.3011 -34.7656
      vertex -52.3899 -48.0931 -24.7728
      vertex -52.3228 -48.1935 -24.8731
    endloop
  endfacet
  facet normal 0.989125 0.104 0.104
    outer loop
      vertex -52.504 -47.7711 -24.4507
      vertex -52.4809 -37.9885 -34.453
      vertex -52.504 -37.8787 -34.3431
    endloop
  endfacet
  facet normal 0.989115 0.104047 0.104046
    outer loop
      vertex -52.4809 -37.9885 -34.453
      vertex -52.504 -47.7711 -24.4507
      vertex -52.4809 -47.8809 -24.5605
    endloop
  endfacet
  facet normal 0.803383 0.421056 0.421056
    outer loop
      vertex -52.242 -48.2887 -24.9684
      vertex -52.1485 -38.4855 -34.95
      vertex -52.242 -38.3963 -34.8608
    endloop
  endfacet
  facet normal 0.803223 0.42121 0.421206
    outer loop
      vertex -52.1485 -38.4855 -34.95
      vertex -52.242 -48.2887 -24.9684
      vertex -52.1485 -48.3779 -25.0575
    endloop
  endfacet
  facet normal -0.969959 -0.172016 -0.172018
    outer loop
      vertex -49.3424 -37.547 -34.0115
      vertex -49.3806 -47.3318 -24.0114
      vertex -49.3806 -37.4393 -33.9038
    endloop
  endfacet
  facet normal -0.969959 -0.172016 -0.172018
    outer loop
      vertex -49.3806 -47.3318 -24.0114
      vertex -49.3424 -37.547 -34.0115
      vertex -49.3424 -47.4395 -24.1191
    endloop
  endfacet
  facet normal 0.427507 -0.639233 -0.639233
    outer loop
      vertex -51.6659 -46.6624 -23.342
      vertex -51.524 -36.7225 -33.187
      vertex -51.524 -46.6149 -23.2946
    endloop
  endfacet
  facet normal 0.427875 -0.639113 -0.639107
    outer loop
      vertex -51.524 -36.7225 -33.187
      vertex -51.6659 -46.6624 -23.342
      vertex -51.6659 -36.77 -33.2345
    endloop
  endfacet
  facet normal 0.336733 0.665812 0.665812
    outer loop
      vertex -51.3761 -48.7428 -25.4225
      vertex -51.524 -38.813 -35.2775
      vertex -51.524 -48.7054 -25.3851
    endloop
  endfacet
  facet normal 0.336733 0.665812 0.665812
    outer loop
      vertex -51.524 -38.813 -35.2775
      vertex -51.3761 -48.7428 -25.4225
      vertex -51.3761 -38.8504 -35.3149
    endloop
  endfacet
  facet normal -0.9415 0.238304 0.238302
    outer loop
      vertex -49.4335 -38.2007 -34.6652
      vertex -49.3806 -47.9886 -24.6682
      vertex -49.3806 -38.0962 -34.5607
    endloop
  endfacet
  facet normal -0.941552 0.238202 0.238202
    outer loop
      vertex -49.3806 -47.9886 -24.6682
      vertex -49.4335 -38.2007 -34.6652
      vertex -49.4335 -48.0931 -24.7728
    endloop
  endfacet
  facet normal 0.989125 -0.103999 -0.104
    outer loop
      vertex -52.4809 -47.4395 -24.1191
      vertex -52.504 -37.6569 -34.1213
      vertex -52.4809 -37.547 -34.0115
    endloop
  endfacet
  facet normal 0.989115 -0.104046 -0.104046
    outer loop
      vertex -52.504 -37.6569 -34.1213
      vertex -52.4809 -47.4395 -24.1191
      vertex -52.504 -47.5493 -24.2289
    endloop
  endfacet
  facet normal -0.146732 0.699457 0.69945
    outer loop
      vertex -50.5995 -38.8774 -35.3419
      vertex -50.7549 -48.7861 -25.4657
      vertex -50.5995 -48.7698 -25.4494
    endloop
  endfacet
  facet normal -0.146732 0.699457 0.69945
    outer loop
      vertex -50.7549 -48.7861 -25.4657
      vertex -50.5995 -38.8774 -35.3419
      vertex -50.7549 -38.8937 -35.3582
    endloop
  endfacet
  facet normal 0.0495448 -0.706242 -0.706235
    outer loop
      vertex -51.0685 -46.5343 -23.2139
      vertex -50.9117 -36.6364 -33.1009
      vertex -50.9117 -46.5288 -23.2084
    endloop
  endfacet
  facet normal 0.0486461 -0.706266 -0.706273
    outer loop
      vertex -50.9117 -36.6364 -33.1009
      vertex -51.0685 -46.5343 -23.2139
      vertex -51.0685 -36.6418 -33.1063
    endloop
  endfacet
  facet normal 0.741032 0.474803 0.474799
    outer loop
      vertex -52.1485 -48.3779 -25.0575
      vertex -52.0431 -38.5678 -35.0322
      vertex -52.1485 -38.4855 -34.95
    endloop
  endfacet
  facet normal 0.741235 0.474642 0.474642
    outer loop
      vertex -52.0431 -38.5678 -35.0322
      vertex -52.1485 -48.3779 -25.0575
      vertex -52.0431 -48.4602 -25.1398
    endloop
  endfacet
  facet normal -0.146732 -0.69945 -0.699457
    outer loop
      vertex -50.7549 -36.6418 -33.1063
      vertex -50.5995 -46.5506 -23.2302
      vertex -50.7549 -46.5343 -23.2139
    endloop
  endfacet
  facet normal -0.146732 -0.69945 -0.699457
    outer loop
      vertex -50.5995 -46.5506 -23.2302
      vertex -50.7549 -36.6418 -33.1063
      vertex -50.5995 -36.6581 -33.1226
    endloop
  endfacet
  facet normal -0.336934 -0.665761 -0.665761
    outer loop
      vertex -50.4472 -36.6851 -33.1496
      vertex -50.2994 -46.6149 -23.2946
      vertex -50.4472 -46.5775 -23.2572
    endloop
  endfacet
  facet normal -0.336934 -0.665761 -0.665761
    outer loop
      vertex -50.2994 -46.6149 -23.2946
      vertex -50.4472 -36.6851 -33.1496
      vertex -50.2994 -36.7225 -33.187
    endloop
  endfacet
  facet normal -0.671317 0.524087 0.524087
    outer loop
      vertex -49.8967 -38.6423 -35.1068
      vertex -49.7803 -48.4602 -25.1398
      vertex -49.7803 -38.5678 -35.0322
    endloop
  endfacet
  facet normal -0.671564 0.523926 0.523931
    outer loop
      vertex -49.7803 -48.4602 -25.1398
      vertex -49.8967 -38.6423 -35.1068
      vertex -49.8967 -48.5348 -25.2144
    endloop
  endfacet
  facet normal 0.336733 -0.665812 -0.665812
    outer loop
      vertex -51.524 -46.6149 -23.2946
      vertex -51.3761 -36.6851 -33.1496
      vertex -51.3761 -46.5775 -23.2572
    endloop
  endfacet
  facet normal 0.336733 -0.665812 -0.665812
    outer loop
      vertex -51.3761 -36.6851 -33.1496
      vertex -51.524 -46.6149 -23.2946
      vertex -51.524 -36.7225 -33.187
    endloop
  endfacet
  facet normal -0.803078 0.421346 0.421346
    outer loop
      vertex -49.6749 -38.4855 -34.95
      vertex -49.5813 -48.2887 -24.9684
      vertex -49.5813 -38.3963 -34.8608
    endloop
  endfacet
  facet normal -0.802919 0.421501 0.421496
    outer loop
      vertex -49.5813 -48.2887 -24.9684
      vertex -49.6749 -38.4855 -34.95
      vertex -49.6749 -48.3779 -25.0575
    endloop
  endfacet
  facet normal -0.595815 -0.567893 -0.567893
    outer loop
      vertex -49.8967 -36.8932 -33.3577
      vertex -50.0228 -46.7195 -23.3991
      vertex -50.0228 -36.8271 -33.2915
    endloop
  endfacet
  facet normal -0.595524 -0.568048 -0.568042
    outer loop
      vertex -50.0228 -46.7195 -23.3991
      vertex -49.8967 -36.8932 -33.3577
      vertex -49.8967 -46.7856 -23.4652
    endloop
  endfacet
  facet normal 0.904124 -0.302124 -0.302127
    outer loop
      vertex -52.3228 -47.1269 -23.8065
      vertex -52.3899 -37.3348 -33.7993
      vertex -52.3228 -37.2344 -33.6989
    endloop
  endfacet
  facet normal 0.904042 -0.302248 -0.302248
    outer loop
      vertex -52.3899 -37.3348 -33.7993
      vertex -52.3228 -47.1269 -23.8065
      vertex -52.3899 -47.2272 -23.9069
    endloop
  endfacet
  facet normal 0.857436 -0.36387 -0.36387
    outer loop
      vertex -52.242 -47.0316 -23.7113
      vertex -52.3228 -37.2344 -33.6989
      vertex -52.242 -37.1392 -33.6037
    endloop
  endfacet
  facet normal 0.857556 -0.363728 -0.363731
    outer loop
      vertex -52.3228 -37.2344 -33.6989
      vertex -52.242 -47.0316 -23.7113
      vertex -52.3228 -47.1269 -23.8065
    endloop
  endfacet
  facet normal -0.9415 -0.238303 -0.238303
    outer loop
      vertex -49.3806 -37.4393 -33.9038
      vertex -49.4335 -47.2272 -23.9069
      vertex -49.4335 -37.3348 -33.7993
    endloop
  endfacet
  facet normal -0.941552 -0.238201 -0.238203
    outer loop
      vertex -49.4335 -47.2272 -23.9069
      vertex -49.3806 -37.4393 -33.9038
      vertex -49.3806 -47.3318 -24.0114
    endloop
  endfacet
  facet normal -0.0495448 -0.706242 -0.706235
    outer loop
      vertex -50.9117 -36.6364 -33.1009
      vertex -50.7549 -46.5343 -23.2139
      vertex -50.9117 -46.5288 -23.2084
    endloop
  endfacet
  facet normal -0.0486461 -0.706266 -0.706273
    outer loop
      vertex -50.7549 -46.5343 -23.2139
      vertex -50.9117 -36.6364 -33.1009
      vertex -50.7549 -36.6418 -33.1063
    endloop
  endfacet
  facet normal 0.146825 -0.69944 -0.699447
    outer loop
      vertex -51.2238 -46.5506 -23.2302
      vertex -51.0685 -36.6418 -33.1063
      vertex -51.0685 -46.5343 -23.2139
    endloop
  endfacet
  facet normal 0.146825 -0.69944 -0.699447
    outer loop
      vertex -51.0685 -36.6418 -33.1063
      vertex -51.2238 -46.5506 -23.2302
      vertex -51.2238 -36.6581 -33.1226
    endloop
  endfacet
  facet normal 0.9415 0.238304 0.238302
    outer loop
      vertex -52.4428 -47.9886 -24.6682
      vertex -52.3899 -38.2007 -34.6652
      vertex -52.4428 -38.0962 -34.5607
    endloop
  endfacet
  facet normal 0.941552 0.238202 0.238202
    outer loop
      vertex -52.3899 -38.2007 -34.6652
      vertex -52.4428 -47.9886 -24.6682
      vertex -52.3899 -48.0931 -24.7728
    endloop
  endfacet
  facet normal 0.970109 0.171594 0.171592
    outer loop
      vertex -52.4809 -47.8809 -24.5605
      vertex -52.4428 -38.0962 -34.5607
      vertex -52.4809 -37.9885 -34.453
    endloop
  endfacet
  facet normal 0.970109 0.171594 0.171592
    outer loop
      vertex -52.4428 -38.0962 -34.5607
      vertex -52.4809 -47.8809 -24.5605
      vertex -52.4428 -47.9886 -24.6682
    endloop
  endfacet
  facet normal 0.671317 -0.524089 -0.524084
    outer loop
      vertex -51.9267 -46.7856 -23.4652
      vertex -52.0431 -36.9678 -33.4322
      vertex -51.9267 -36.8932 -33.3577
    endloop
  endfacet
  facet normal 0.671564 -0.523928 -0.523928
    outer loop
      vertex -52.0431 -36.9678 -33.4322
      vertex -51.9267 -46.7856 -23.4652
      vertex -52.0431 -46.8602 -23.5398
    endloop
  endfacet
  facet normal -0.741032 -0.474801 -0.474801
    outer loop
      vertex -49.6749 -37.05 -33.5145
      vertex -49.7803 -46.8602 -23.5398
      vertex -49.7803 -36.9678 -33.4322
    endloop
  endfacet
  facet normal -0.741235 -0.47464 -0.474645
    outer loop
      vertex -49.7803 -46.8602 -23.5398
      vertex -49.6749 -37.05 -33.5145
      vertex -49.6749 -46.9425 -23.6221
    endloop
  endfacet
  facet normal 0.998797 -0.0346742 -0.0346742
    outer loop
      vertex -52.504 -47.5493 -24.2289
      vertex -52.5117 -37.7678 -34.2322
      vertex -52.504 -37.6569 -34.1213
    endloop
  endfacet
  facet normal 0.998797 -0.0346742 -0.0346742
    outer loop
      vertex -52.5117 -37.7678 -34.2322
      vertex -52.504 -47.5493 -24.2289
      vertex -52.5117 -47.6602 -24.3398
    endloop
  endfacet
  facet normal 0.803222 0.421207 0.421211
    outer loop
      vertex 54.7767 -45.4173 -22.0969
      vertex 55.069 -35.8035 -32.268
      vertex 54.7767 -35.5248 -31.9893
    endloop
  endfacet
  facet normal 0.803222 0.421207 0.421211
    outer loop
      vertex 55.069 -35.8035 -32.268
      vertex 54.7767 -45.4173 -22.0969
      vertex 55.069 -45.696 -22.3756
    endloop
  endfacet
  facet normal 0.803222 -0.421209 -0.421209
    outer loop
      vertex 55.069 -49.6244 -26.304
      vertex 54.7767 -40.0036 -36.4822
      vertex 55.069 -39.7249 -36.2035
    endloop
  endfacet
  facet normal 0.803222 -0.421209 -0.421209
    outer loop
      vertex 54.7767 -40.0036 -36.4822
      vertex 55.069 -49.6244 -26.304
      vertex 54.7767 -49.9031 -26.5827
    endloop
  endfacet
  facet normal 0.740994 -0.47483 -0.47483
    outer loop
      vertex 54.7767 -49.9031 -26.5827
      vertex 54.4472 -40.2607 -36.7393
      vertex 54.7767 -40.0036 -36.4822
    endloop
  endfacet
  facet normal 0.740994 -0.47483 -0.47483
    outer loop
      vertex 54.4472 -40.2607 -36.7393
      vertex 54.7767 -49.9031 -26.5827
      vertex 54.4472 -50.1602 -26.8398
    endloop
  endfacet
  facet normal 0.857692 -0.363568 -0.363568
    outer loop
      vertex 55.3213 -49.3268 -26.0064
      vertex 55.069 -39.7249 -36.2035
      vertex 55.3213 -39.4273 -35.9059
    endloop
  endfacet
  facet normal 0.857692 -0.363568 -0.363568
    outer loop
      vertex 55.069 -39.7249 -36.2035
      vertex 55.3213 -49.3268 -26.0064
      vertex 55.069 -49.6244 -26.304
    endloop
  endfacet
  facet normal -0.427423 -0.639258 -0.639264
    outer loop
      vertex 48.5547 -40.8858 -37.3503
      vertex 48.9983 -50.9266 -27.6062
      vertex 48.5547 -50.7783 -27.4579
    endloop
  endfacet
  facet normal -0.427541 -0.639222 -0.639222
    outer loop
      vertex 48.9983 -50.9266 -27.6062
      vertex 48.5547 -40.8858 -37.3503
      vertex 48.9983 -41.0342 -37.4986
    endloop
  endfacet
  facet normal 0.970041 -0.171786 -0.171786
    outer loop
      vertex 55.8156 -48.3499 -25.0296
      vertex 55.6964 -38.787 -35.2656
      vertex 55.8156 -38.4504 -34.9291
    endloop
  endfacet
  facet normal 0.970041 -0.171786 -0.171786
    outer loop
      vertex 55.6964 -38.787 -35.2656
      vertex 55.8156 -48.3499 -25.0296
      vertex 55.6964 -48.6865 -25.3661
    endloop
  endfacet
  facet normal 0.336918 -0.665765 -0.665765
    outer loop
      vertex 52.3631 -51.0435 -27.7231
      vertex 52.8251 -41.0271 -37.5057
      vertex 52.8251 -50.9266 -27.6062
    endloop
  endfacet
  facet normal 0.336918 -0.665765 -0.665765
    outer loop
      vertex 52.8251 -41.0271 -37.5057
      vertex 52.3631 -51.0435 -27.7231
      vertex 52.3631 -41.144 -37.6226
    endloop
  endfacet
  facet normal 0.903983 0.302335 0.302338
    outer loop
      vertex 55.3213 -45.9936 -22.6732
      vertex 55.5311 -36.4148 -32.8792
      vertex 55.3213 -36.1011 -32.5656
    endloop
  endfacet
  facet normal 0.903957 0.302376 0.302376
    outer loop
      vertex 55.5311 -36.4148 -32.8792
      vertex 55.3213 -45.9936 -22.6732
      vertex 55.5311 -46.3072 -22.9868
    endloop
  endfacet
  facet normal -0.857782 -0.363464 -0.36346
    outer loop
      vertex 46.7543 -39.732 -36.1965
      vertex 46.5021 -49.3268 -26.0064
      vertex 46.5021 -39.4344 -35.8989
    endloop
  endfacet
  facet normal -0.857782 -0.363464 -0.36346
    outer loop
      vertex 46.5021 -49.3268 -26.0064
      vertex 46.7543 -39.732 -36.1965
      vertex 46.7543 -49.6244 -26.304
    endloop
  endfacet
  facet normal -0.941554 -0.238198 -0.238198
    outer loop
      vertex 46.2923 -39.1208 -35.5852
      vertex 46.127 -48.6865 -25.3661
      vertex 46.127 -38.7941 -35.2585
    endloop
  endfacet
  facet normal -0.941554 -0.238198 -0.238198
    outer loop
      vertex 46.127 -48.6865 -25.3661
      vertex 46.2923 -39.1208 -35.5852
      vertex 46.2923 -49.0132 -25.6928
    endloop
  endfacet
  facet normal -0.67162 -0.523892 -0.523892
    outer loop
      vertex 47.7397 -40.5008 -36.9652
      vertex 47.3762 -50.1602 -26.8398
      vertex 47.3762 -40.2678 -36.7322
    endloop
  endfacet
  facet normal -0.67162 -0.523892 -0.523892
    outer loop
      vertex 47.3762 -50.1602 -26.8398
      vertex 47.7397 -40.5008 -36.9652
      vertex 47.7397 -50.3932 -27.0728
    endloop
  endfacet
  facet normal 0.941554 0.238198 0.238198
    outer loop
      vertex 55.5311 -46.3072 -22.9868
      vertex 55.6964 -36.7415 -33.2059
      vertex 55.5311 -36.4148 -32.8792
    endloop
  endfacet
  facet normal 0.941554 0.238198 0.238198
    outer loop
      vertex 55.6964 -36.7415 -33.2059
      vertex 55.5311 -46.3072 -22.9868
      vertex 55.6964 -46.6339 -23.3135
    endloop
  endfacet
  facet normal 0.740929 0.474881 0.474881
    outer loop
      vertex 54.4472 -45.1602 -21.8398
      vertex 54.7767 -35.5248 -31.9893
      vertex 54.4472 -35.2678 -31.7322
    endloop
  endfacet
  facet normal 0.740994 0.474828 0.474833
    outer loop
      vertex 54.7767 -35.5248 -31.9893
      vertex 54.4472 -45.1602 -21.8398
      vertex 54.7767 -45.4173 -22.0969
    endloop
  endfacet
  facet normal 0.242954 -0.68592 -0.68592
    outer loop
      vertex 51.8871 -51.1278 -27.8074
      vertex 52.3631 -41.144 -37.6226
      vertex 52.3631 -51.0435 -27.7231
    endloop
  endfacet
  facet normal 0.242954 -0.68592 -0.68592
    outer loop
      vertex 52.3631 -41.144 -37.6226
      vertex 51.8871 -51.1278 -27.8074
      vertex 51.8871 -41.2283 -37.7069
    endloop
  endfacet
  facet normal 0.998793 0.0347294 0.0347294
    outer loop
      vertex 55.8876 -47.3136 -23.9933
      vertex 55.9117 -37.7678 -34.2322
      vertex 55.8876 -37.4212 -33.8857
    endloop
  endfacet
  facet normal 0.998793 0.0347294 0.0347294
    outer loop
      vertex 55.9117 -37.7678 -34.2322
      vertex 55.8876 -47.3136 -23.9933
      vertex 55.9117 -47.6602 -24.3398
    endloop
  endfacet
  facet normal -0.989175 -0.10376 -0.10376
    outer loop
      vertex 46.0078 -38.4575 -34.922
      vertex 45.9358 -48.0067 -24.6864
      vertex 45.9358 -38.1143 -34.5788
    endloop
  endfacet
  facet normal -0.989175 -0.10376 -0.10376
    outer loop
      vertex 45.9358 -48.0067 -24.6864
      vertex 46.0078 -38.4575 -34.922
      vertex 46.0078 -48.3499 -25.0296
    endloop
  endfacet
  facet normal -0.243002 0.685912 0.685912
    outer loop
      vertex 49.4603 -34.3845 -30.8489
      vertex 49.9362 -44.1926 -20.8722
      vertex 49.9362 -34.3002 -30.7646
    endloop
  endfacet
  facet normal -0.243002 0.685912 0.685912
    outer loop
      vertex 49.9362 -44.1926 -20.8722
      vertex 49.4603 -34.3845 -30.8489
      vertex 49.4603 -44.2769 -20.9565
    endloop
  endfacet
  facet normal -0.51413 -0.606491 -0.606497
    outer loop
      vertex 48.1338 -50.5999 -27.2795
      vertex 48.5547 -40.8858 -37.3503
      vertex 48.5547 -50.7783 -27.4579
    endloop
  endfacet
  facet normal -0.514024 -0.606539 -0.606539
    outer loop
      vertex 48.5547 -40.8858 -37.3503
      vertex 48.1338 -50.5999 -27.2795
      vertex 48.1338 -40.7075 -37.1719
    endloop
  endfacet
  facet normal 0.595646 -0.567982 -0.567982
    outer loop
      vertex 54.0837 -50.3932 -27.0728
      vertex 53.6895 -40.7004 -37.179
      vertex 54.0837 -40.4937 -36.9723
    endloop
  endfacet
  facet normal 0.595646 -0.567982 -0.567982
    outer loop
      vertex 53.6895 -40.7004 -37.179
      vertex 54.0837 -50.3932 -27.0728
      vertex 53.6895 -50.5999 -27.2795
    endloop
  endfacet
  facet normal -0.803222 -0.421211 -0.421207
    outer loop
      vertex 47.0466 -40.0107 -36.4752
      vertex 46.7543 -49.6244 -26.304
      vertex 46.7543 -39.732 -36.1965
    endloop
  endfacet
  facet normal -0.803222 -0.421211 -0.421207
    outer loop
      vertex 46.7543 -49.6244 -26.304
      vertex 47.0466 -40.0107 -36.4752
      vertex 47.0466 -49.9031 -26.5827
    endloop
  endfacet
  facet normal 0.146723 0.699454 0.699454
    outer loop
      vertex 51.8871 -44.1926 -20.8722
      vertex 51.4018 -34.2493 -30.7137
      vertex 51.4018 -44.1417 -20.8213
    endloop
  endfacet
  facet normal 0.146723 0.699454 0.699454
    outer loop
      vertex 51.4018 -34.2493 -30.7137
      vertex 51.8871 -44.1926 -20.8722
      vertex 51.8871 -34.3002 -30.7646
    endloop
  endfacet
  facet normal -0.740828 0.47496 0.47496
    outer loop
      vertex 47.0466 -35.5248 -31.9893
      vertex 47.3762 -45.1602 -21.8398
      vertex 47.3762 -35.2678 -31.7322
    endloop
  endfacet
  facet normal -0.740893 0.474907 0.474912
    outer loop
      vertex 47.3762 -45.1602 -21.8398
      vertex 47.0466 -35.5248 -31.9893
      vertex 47.0466 -45.4173 -22.0969
    endloop
  endfacet
  facet normal -0.857782 0.36346 0.363464
    outer loop
      vertex 46.5021 -36.1011 -32.5656
      vertex 46.7543 -45.696 -22.3756
      vertex 46.7543 -35.8035 -32.268
    endloop
  endfacet
  facet normal -0.857782 0.36346 0.363464
    outer loop
      vertex 46.7543 -45.696 -22.3756
      vertex 46.5021 -36.1011 -32.5656
      vertex 46.5021 -45.9936 -22.6732
    endloop
  endfacet
  facet normal 0.51422 -0.606456 -0.606456
    outer loop
      vertex 53.2687 -50.7783 -27.4579
      vertex 53.6895 -40.7004 -37.179
      vertex 53.6895 -50.5999 -27.2795
    endloop
  endfacet
  facet normal 0.51422 -0.606456 -0.606456
    outer loop
      vertex 53.6895 -40.7004 -37.179
      vertex 53.2687 -50.7783 -27.4579
      vertex 53.2687 -40.8788 -37.3574
    endloop
  endfacet
  facet normal -0.51413 0.606497 0.606491
    outer loop
      vertex 48.5547 -34.6497 -31.1142
      vertex 48.1338 -44.7205 -21.4001
      vertex 48.5547 -44.5421 -21.2217
    endloop
  endfacet
  facet normal -0.514024 0.606539 0.606539
    outer loop
      vertex 48.1338 -44.7205 -21.4001
      vertex 48.5547 -34.6497 -31.1142
      vertex 48.1338 -34.8281 -31.2925
    endloop
  endfacet
  facet normal 0.989175 0.10376 0.10376
    outer loop
      vertex 55.8156 -46.9704 -23.6501
      vertex 55.8876 -37.4212 -33.8857
      vertex 55.8156 -37.078 -33.5425
    endloop
  endfacet
  facet normal 0.989175 0.10376 0.10376
    outer loop
      vertex 55.8876 -37.4212 -33.8857
      vertex 55.8156 -46.9704 -23.6501
      vertex 55.8876 -47.3136 -23.9933
    endloop
  endfacet
  facet normal 0.67162 0.523892 0.523892
    outer loop
      vertex 54.0837 -44.9272 -21.6068
      vertex 54.4472 -35.2678 -31.7322
      vertex 54.0837 -35.0348 -31.4992
    endloop
  endfacet
  facet normal 0.67162 0.523892 0.523892
    outer loop
      vertex 54.4472 -35.2678 -31.7322
      vertex 54.0837 -44.9272 -21.6068
      vertex 54.4472 -45.1602 -21.8398
    endloop
  endfacet
  facet normal 0.989178 -0.103744 -0.103745
    outer loop
      vertex 55.8876 -48.0067 -24.6864
      vertex 55.8156 -38.4504 -34.9291
      vertex 55.8876 -38.1072 -34.5858
    endloop
  endfacet
  facet normal 0.989175 -0.10376 -0.10376
    outer loop
      vertex 55.8156 -38.4504 -34.9291
      vertex 55.8876 -48.0067 -24.6864
      vertex 55.8156 -48.3499 -25.0296
    endloop
  endfacet
  facet normal 0.970041 0.171786 0.171786
    outer loop
      vertex 55.6964 -46.6339 -23.3135
      vertex 55.8156 -37.078 -33.5425
      vertex 55.6964 -36.7415 -33.2059
    endloop
  endfacet
  facet normal 0.970041 0.171786 0.171786
    outer loop
      vertex 55.8156 -37.078 -33.5425
      vertex 55.6964 -46.6339 -23.3135
      vertex 55.8156 -46.9704 -23.6501
    endloop
  endfacet
  facet normal -0.336918 -0.665765 -0.665765
    outer loop
      vertex 48.9983 -41.0342 -37.4986
      vertex 49.4603 -51.0435 -27.7231
      vertex 48.9983 -50.9266 -27.6062
    endloop
  endfacet
  facet normal -0.336918 -0.665765 -0.665765
    outer loop
      vertex 49.4603 -51.0435 -27.7231
      vertex 48.9983 -41.0342 -37.4986
      vertex 49.4603 -41.1511 -37.6155
    endloop
  endfacet
  facet normal -0.903983 0.302335 0.302338
    outer loop
      vertex 46.2923 -36.4148 -32.8792
      vertex 46.5021 -45.9936 -22.6732
      vertex 46.5021 -36.1011 -32.5656
    endloop
  endfacet
  facet normal -0.903957 0.302376 0.302376
    outer loop
      vertex 46.5021 -45.9936 -22.6732
      vertex 46.2923 -36.4148 -32.8792
      vertex 46.2923 -46.3072 -22.9868
    endloop
  endfacet
  facet normal 0.00146315 0.707056 -0.707156
    outer loop
      vertex 55.8156 -38.4504 -34.9291
      vertex 55.8892 -38.084 -34.5626
      vertex 55.8876 -38.1072 -34.5858
    endloop
  endfacet
  facet normal 0.000126955 0.706979 -0.707234
    outer loop
      vertex 53.7401 -39.7607 -36.2393
      vertex 55.8156 -38.4504 -34.9291
      vertex 55.6964 -38.787 -35.2656
    endloop
  endfacet
  facet normal 0 0.707107 -0.707107
    outer loop
      vertex 53.7401 -39.7607 -36.2393
      vertex 55.6964 -38.787 -35.2656
      vertex 55.5311 -39.1137 -35.5923
    endloop
  endfacet
  facet normal 0 0.707107 -0.707107
    outer loop
      vertex 53.7401 -39.7607 -36.2393
      vertex 55.5311 -39.1137 -35.5923
      vertex 55.3213 -39.4273 -35.9059
    endloop
  endfacet
  facet normal 0 0.707107 -0.707107
    outer loop
      vertex 53.7401 -39.7607 -36.2393
      vertex 55.3213 -39.4273 -35.9059
      vertex 55.069 -39.7249 -36.2035
    endloop
  endfacet
  facet normal 0 0.707107 -0.707107
    outer loop
      vertex 53.7401 -39.7607 -36.2393
      vertex 55.069 -39.7249 -36.2035
      vertex 54.7767 -40.0036 -36.4822
    endloop
  endfacet
  facet normal 0 0.707107 -0.707107
    outer loop
      vertex 53.7401 -39.7607 -36.2393
      vertex 54.7767 -40.0036 -36.4822
      vertex 54.4472 -40.2607 -36.7393
    endloop
  endfacet
  facet normal 0 0.707107 -0.707107
    outer loop
      vertex 53.7401 -39.7607 -36.2393
      vertex 54.4472 -40.2607 -36.7393
      vertex 54.0837 -40.4937 -36.9723
    endloop
  endfacet
  facet normal -0.000178519 0.707221 -0.706992
    outer loop
      vertex 55.8156 -38.4504 -34.9291
      vertex 53.7401 -39.7607 -36.2393
      vertex 55.8892 -38.084 -34.5626
    endloop
  endfacet
  facet normal 0 0.707107 -0.707107
    outer loop
      vertex 53.6895 -40.7004 -37.179
      vertex 53.7401 -39.7607 -36.2393
      vertex 54.0837 -40.4937 -36.9723
    endloop
  endfacet
  facet normal 0 0.707107 -0.707107
    outer loop
      vertex 53.2687 -40.8788 -37.3574
      vertex 53.7401 -39.7607 -36.2393
      vertex 53.6895 -40.7004 -37.179
    endloop
  endfacet
  facet normal 0 0.707107 -0.707107
    outer loop
      vertex 52.8251 -41.0271 -37.5057
      vertex 53.7401 -39.7607 -36.2393
      vertex 53.2687 -40.8788 -37.3574
    endloop
  endfacet
  facet normal 0 0.707107 -0.707107
    outer loop
      vertex 52.3631 -41.144 -37.6226
      vertex 53.7401 -39.7607 -36.2393
      vertex 52.8251 -41.0271 -37.5057
    endloop
  endfacet
  facet normal 0 0.707107 -0.707107
    outer loop
      vertex 51.8871 -41.2283 -37.7069
      vertex 53.7401 -39.7607 -36.2393
      vertex 52.3631 -41.144 -37.6226
    endloop
  endfacet
  facet normal 0 0.707107 -0.707107
    outer loop
      vertex 51.4018 -41.2792 -37.7578
      vertex 53.7401 -39.7607 -36.2393
      vertex 51.8871 -41.2283 -37.7069
    endloop
  endfacet
  facet normal 0.00227151 0.705354 -0.708852
    outer loop
      vertex 53.7401 -39.7607 -36.2393
      vertex 51.4018 -41.2792 -37.7578
      vertex 51.3689 -41.2803 -37.759
    endloop
  endfacet
  facet normal 0.857692 0.363566 0.36357
    outer loop
      vertex 55.069 -45.696 -22.3756
      vertex 55.3213 -36.1011 -32.5656
      vertex 55.069 -35.8035 -32.268
    endloop
  endfacet
  facet normal 0.857692 0.363566 0.36357
    outer loop
      vertex 55.3213 -36.1011 -32.5656
      vertex 55.069 -45.696 -22.3756
      vertex 55.3213 -45.9936 -22.6732
    endloop
  endfacet
  facet normal -0.0489956 0.706254 0.706261
    outer loop
      vertex 50.9117 -34.2322 -30.6967
      vertex 50.4216 -44.1417 -20.8213
      vertex 50.9117 -44.1247 -20.8043
    endloop
  endfacet
  facet normal -0.0491394 0.706253 0.706253
    outer loop
      vertex 50.4216 -44.1417 -20.8213
      vertex 50.9117 -34.2322 -30.6967
      vertex 50.4216 -34.2493 -30.7137
    endloop
  endfacet
  facet normal 0.67162 -0.523892 -0.523892
    outer loop
      vertex 54.4472 -50.1602 -26.8398
      vertex 54.0837 -40.4937 -36.9723
      vertex 54.4472 -40.2607 -36.7393
    endloop
  endfacet
  facet normal 0.67162 -0.523892 -0.523892
    outer loop
      vertex 54.0837 -40.4937 -36.9723
      vertex 54.4472 -50.1602 -26.8398
      vertex 54.0837 -50.3932 -27.0728
    endloop
  endfacet
  facet normal 0.595646 0.567982 0.567982
    outer loop
      vertex 53.6895 -44.7205 -21.4001
      vertex 54.0837 -35.0348 -31.4992
      vertex 53.6895 -34.8281 -31.2925
    endloop
  endfacet
  facet normal 0.595646 0.567982 0.567982
    outer loop
      vertex 54.0837 -35.0348 -31.4992
      vertex 53.6895 -44.7205 -21.4001
      vertex 54.0837 -44.9272 -21.6068
    endloop
  endfacet
  facet normal 0.336918 0.665765 0.665765
    outer loop
      vertex 52.8251 -44.3938 -21.0734
      vertex 52.3631 -34.3845 -30.8489
      vertex 52.3631 -44.2769 -20.9565
    endloop
  endfacet
  facet normal 0.336918 0.665765 0.665765
    outer loop
      vertex 52.3631 -34.3845 -30.8489
      vertex 52.8251 -44.3938 -21.0734
      vertex 52.8251 -34.5014 -30.9658
    endloop
  endfacet
  facet normal -0.595743 0.56793 0.56793
    outer loop
      vertex 47.7397 -35.0348 -31.4992
      vertex 48.1338 -44.7205 -21.4001
      vertex 48.1338 -34.8281 -31.2925
    endloop
  endfacet
  facet normal -0.595743 0.56793 0.56793
    outer loop
      vertex 48.1338 -44.7205 -21.4001
      vertex 47.7397 -35.0348 -31.4992
      vertex 47.7397 -44.9272 -21.6068
    endloop
  endfacet
  facet normal -0.595743 -0.56793 -0.56793
    outer loop
      vertex 48.1338 -40.7075 -37.1719
      vertex 47.7397 -50.3932 -27.0728
      vertex 47.7397 -40.5008 -36.9652
    endloop
  endfacet
  facet normal -0.595743 -0.56793 -0.56793
    outer loop
      vertex 47.7397 -50.3932 -27.0728
      vertex 48.1338 -40.7075 -37.1719
      vertex 48.1338 -50.5999 -27.2795
    endloop
  endfacet
  facet normal 0.903957 -0.302376 -0.302376
    outer loop
      vertex 55.5311 -49.0132 -25.6928
      vertex 55.3213 -39.4273 -35.9059
      vertex 55.5311 -39.1137 -35.5923
    endloop
  endfacet
  facet normal 0.903957 -0.302376 -0.302376
    outer loop
      vertex 55.3213 -39.4273 -35.9059
      vertex 55.5311 -49.0132 -25.6928
      vertex 55.3213 -49.3268 -26.0064
    endloop
  endfacet
  facet normal 0.0491226 -0.706257 -0.70625
    outer loop
      vertex 50.9117 -51.1957 -27.8753
      vertex 50.9117 -41.3033 -37.7678
      vertex 51.3689 -41.2874 -37.7519
    endloop
  endfacet
  facet normal 0.0489956 -0.706258 -0.706257
    outer loop
      vertex 51.3689 -41.2874 -37.7519
      vertex 51.4018 -51.1787 -27.8583
      vertex 50.9117 -51.1957 -27.8753
    endloop
  endfacet
  facet normal 0.0493727 -0.706244 -0.706244
    outer loop
      vertex 51.3689 -41.2874 -37.7519
      vertex 51.4018 -41.2792 -37.7578
      vertex 51.4018 -51.1787 -27.8583
    endloop
  endfacet
  facet normal 0.0493727 -0.706244 -0.706244
    outer loop
      vertex 51.4018 -41.2792 -37.7578
      vertex 51.3689 -41.2874 -37.7519
      vertex 51.3689 -41.2803 -37.759
    endloop
  endfacet
  facet normal 0.146723 -0.699454 -0.699454
    outer loop
      vertex 51.4018 -51.1787 -27.8583
      vertex 51.8871 -41.2283 -37.7069
      vertex 51.8871 -51.1278 -27.8074
    endloop
  endfacet
  facet normal 0.146723 -0.699454 -0.699454
    outer loop
      vertex 51.8871 -41.2283 -37.7069
      vertex 51.4018 -51.1787 -27.8583
      vertex 51.4018 -41.2792 -37.7578
    endloop
  endfacet
  facet normal 0.427423 -0.639261 -0.639261
    outer loop
      vertex 52.8251 -50.9266 -27.6062
      vertex 53.2687 -40.8788 -37.3574
      vertex 53.2687 -50.7783 -27.4579
    endloop
  endfacet
  facet normal 0.427423 -0.639261 -0.639261
    outer loop
      vertex 53.2687 -40.8788 -37.3574
      vertex 52.8251 -50.9266 -27.6062
      vertex 52.8251 -41.0271 -37.5057
    endloop
  endfacet
  facet normal 0.51422 0.606459 0.606453
    outer loop
      vertex 53.6895 -44.7205 -21.4001
      vertex 53.2687 -34.6497 -31.1142
      vertex 53.2687 -44.5421 -21.2217
    endloop
  endfacet
  facet normal 0.514114 0.606501 0.606501
    outer loop
      vertex 53.2687 -34.6497 -31.1142
      vertex 53.6895 -44.7205 -21.4001
      vertex 53.6895 -34.8281 -31.2925
    endloop
  endfacet
  facet normal -0.941554 0.238198 0.238198
    outer loop
      vertex 46.127 -36.7415 -33.2059
      vertex 46.2923 -46.3072 -22.9868
      vertex 46.2923 -36.4148 -32.8792
    endloop
  endfacet
  facet normal -0.941554 0.238198 0.238198
    outer loop
      vertex 46.2923 -46.3072 -22.9868
      vertex 46.127 -36.7415 -33.2059
      vertex 46.127 -46.6339 -23.3135
    endloop
  endfacet
  facet normal 0.941554 -0.238198 -0.238198
    outer loop
      vertex 55.6964 -48.6865 -25.3661
      vertex 55.5311 -39.1137 -35.5923
      vertex 55.6964 -38.787 -35.2656
    endloop
  endfacet
  facet normal 0.941554 -0.238198 -0.238198
    outer loop
      vertex 55.5311 -39.1137 -35.5923
      vertex 55.6964 -48.6865 -25.3661
      vertex 55.5311 -49.0132 -25.6928
    endloop
  endfacet
  facet normal 0.0489956 0.706254 0.706261
    outer loop
      vertex 51.4018 -44.1417 -20.8213
      vertex 50.9117 -34.2322 -30.6967
      vertex 50.9117 -44.1247 -20.8043
    endloop
  endfacet
  facet normal 0.0491394 0.706253 0.706253
    outer loop
      vertex 50.9117 -34.2322 -30.6967
      vertex 51.4018 -44.1417 -20.8213
      vertex 51.4018 -34.2493 -30.7137
    endloop
  endfacet
  facet normal -0.998793 0.0347294 0.0347294
    outer loop
      vertex 45.9117 -37.7678 -34.2322
      vertex 45.9358 -47.3136 -23.9933
      vertex 45.9358 -37.4212 -33.8857
    endloop
  endfacet
  facet normal -0.998793 0.0347294 0.0347294
    outer loop
      vertex 45.9358 -47.3136 -23.9933
      vertex 45.9117 -37.7678 -34.2322
      vertex 45.9117 -47.6602 -24.3398
    endloop
  endfacet
  facet normal -0.970041 0.171786 0.171786
    outer loop
      vertex 46.0078 -37.078 -33.5425
      vertex 46.127 -46.6339 -23.3135
      vertex 46.127 -36.7415 -33.2059
    endloop
  endfacet
  facet normal -0.970041 0.171786 0.171786
    outer loop
      vertex 46.127 -46.6339 -23.3135
      vertex 46.0078 -37.078 -33.5425
      vertex 46.0078 -46.9704 -23.6501
    endloop
  endfacet
  facet normal 0.427423 0.639261 0.639261
    outer loop
      vertex 53.2687 -44.5421 -21.2217
      vertex 52.8251 -34.5014 -30.9658
      vertex 52.8251 -44.3938 -21.0734
    endloop
  endfacet
  facet normal 0.427541 0.639225 0.639219
    outer loop
      vertex 52.8251 -34.5014 -30.9658
      vertex 53.2687 -44.5421 -21.2217
      vertex 53.2687 -34.6497 -31.1142
    endloop
  endfacet
  facet normal -0.970041 -0.171786 -0.171786
    outer loop
      vertex 46.127 -38.7941 -35.2585
      vertex 46.0078 -48.3499 -25.0296
      vertex 46.0078 -38.4575 -34.922
    endloop
  endfacet
  facet normal -0.970041 -0.171786 -0.171786
    outer loop
      vertex 46.0078 -48.3499 -25.0296
      vertex 46.127 -38.7941 -35.2585
      vertex 46.127 -48.6865 -25.3661
    endloop
  endfacet
  facet normal -0.427423 0.639261 0.639261
    outer loop
      vertex 48.9983 -34.5014 -30.9658
      vertex 48.5547 -44.5421 -21.2217
      vertex 48.9983 -44.3938 -21.0734
    endloop
  endfacet
  facet normal -0.427541 0.639225 0.639219
    outer loop
      vertex 48.5547 -44.5421 -21.2217
      vertex 48.9983 -34.5014 -30.9658
      vertex 48.5547 -34.6497 -31.1142
    endloop
  endfacet
  facet normal -0.146693 -0.699457 -0.699457
    outer loop
      vertex 49.9362 -41.2354 -37.6998
      vertex 50.4216 -51.1787 -27.8583
      vertex 49.9362 -51.1278 -27.8074
    endloop
  endfacet
  facet normal -0.146693 -0.699457 -0.699457
    outer loop
      vertex 50.4216 -51.1787 -27.8583
      vertex 49.9362 -41.2354 -37.6998
      vertex 50.4216 -41.2863 -37.7507
    endloop
  endfacet
  facet normal 0.998792 -0.03475 -0.03475
    outer loop
      vertex 55.9117 -47.6602 -24.3398
      vertex 55.8892 -38.0911 -34.5556
      vertex 55.9117 -37.7678 -34.2322
    endloop
  endfacet
  facet normal 0.998793 -0.0347287 -0.03473
    outer loop
      vertex 55.8876 -48.0067 -24.6864
      vertex 55.8892 -38.0911 -34.5556
      vertex 55.9117 -47.6602 -24.3398
    endloop
  endfacet
  facet normal 0.998808 -0.0345158 -0.0345162
    outer loop
      vertex 55.8892 -38.0911 -34.5556
      vertex 55.8876 -48.0067 -24.6864
      vertex 55.8876 -38.1072 -34.5858
    endloop
  endfacet
  facet normal 0.998813 -0.0341976 -0.0346861
    outer loop
      vertex 55.8892 -38.084 -34.5626
      vertex 55.8892 -38.0911 -34.5556
      vertex 55.8876 -38.1072 -34.5858
    endloop
  endfacet
  facet normal -0.989175 0.10376 0.10376
    outer loop
      vertex 45.9358 -37.4212 -33.8857
      vertex 46.0078 -46.9704 -23.6501
      vertex 46.0078 -37.078 -33.5425
    endloop
  endfacet
  facet normal -0.989175 0.10376 0.10376
    outer loop
      vertex 46.0078 -46.9704 -23.6501
      vertex 45.9358 -37.4212 -33.8857
      vertex 45.9358 -47.3136 -23.9933
    endloop
  endfacet
  facet normal 0.242954 0.68592 0.68592
    outer loop
      vertex 51.8871 -44.1926 -20.8722
      vertex 52.3631 -34.3845 -30.8489
      vertex 51.8871 -34.3002 -30.7646
    endloop
  endfacet
  facet normal 0.242954 0.68592 0.68592
    outer loop
      vertex 52.3631 -34.3845 -30.8489
      vertex 51.8871 -44.1926 -20.8722
      vertex 52.3631 -44.2769 -20.9565
    endloop
  endfacet
  facet normal -0.803222 0.421207 0.421211
    outer loop
      vertex 46.7543 -35.8035 -32.268
      vertex 47.0466 -45.4173 -22.0969
      vertex 47.0466 -35.5248 -31.9893
    endloop
  endfacet
  facet normal -0.803222 0.421207 0.421211
    outer loop
      vertex 47.0466 -45.4173 -22.0969
      vertex 46.7543 -35.8035 -32.268
      vertex 46.7543 -45.696 -22.3756
    endloop
  endfacet
  facet normal -0.336918 0.665765 0.665765
    outer loop
      vertex 49.4603 -34.3845 -30.8489
      vertex 48.9983 -44.3938 -21.0734
      vertex 49.4603 -44.2769 -20.9565
    endloop
  endfacet
  facet normal -0.336918 0.665765 0.665765
    outer loop
      vertex 48.9983 -44.3938 -21.0734
      vertex 49.4603 -34.3845 -30.8489
      vertex 48.9983 -34.5014 -30.9658
    endloop
  endfacet
  facet normal -0.243002 -0.685912 -0.685912
    outer loop
      vertex 49.4603 -41.1511 -37.6155
      vertex 49.9362 -51.1278 -27.8074
      vertex 49.4603 -51.0435 -27.7231
    endloop
  endfacet
  facet normal -0.243002 -0.685912 -0.685912
    outer loop
      vertex 49.9362 -51.1278 -27.8074
      vertex 49.4603 -41.1511 -37.6155
      vertex 49.9362 -41.2354 -37.6998
    endloop
  endfacet
  facet normal -0.998793 -0.0347294 -0.0347294
    outer loop
      vertex 45.9358 -38.1143 -34.5788
      vertex 45.9117 -47.6602 -24.3398
      vertex 45.9117 -37.7678 -34.2322
    endloop
  endfacet
  facet normal -0.998793 -0.0347294 -0.0347294
    outer loop
      vertex 45.9117 -47.6602 -24.3398
      vertex 45.9358 -38.1143 -34.5788
      vertex 45.9358 -48.0067 -24.6864
    endloop
  endfacet
  facet normal -0.146693 0.699457 0.699457
    outer loop
      vertex 50.4216 -34.2493 -30.7137
      vertex 49.9362 -44.1926 -20.8722
      vertex 50.4216 -44.1417 -20.8213
    endloop
  endfacet
  facet normal -0.146693 0.699457 0.699457
    outer loop
      vertex 49.9362 -44.1926 -20.8722
      vertex 50.4216 -34.2493 -30.7137
      vertex 49.9362 -34.3002 -30.7646
    endloop
  endfacet
  facet normal -0.740828 -0.474962 -0.474958
    outer loop
      vertex 47.3762 -40.2678 -36.7322
      vertex 47.0466 -49.9031 -26.5827
      vertex 47.0466 -40.0107 -36.4752
    endloop
  endfacet
  facet normal -0.740893 -0.474909 -0.474909
    outer loop
      vertex 47.0466 -49.9031 -26.5827
      vertex 47.3762 -40.2678 -36.7322
      vertex 47.3762 -50.1602 -26.8398
    endloop
  endfacet
  facet normal 4.79711e-15 -0.707107 0.707107
    outer loop
      vertex 50.7549 -46.5343 -23.2139
      vertex 50.9117 -44.1247 -20.8043
      vertex 50.4216 -44.1417 -20.8213
    endloop
  endfacet
  facet normal 0 -0.707107 0.707107
    outer loop
      vertex 50.5995 -46.5506 -23.2302
      vertex 50.4216 -44.1417 -20.8213
      vertex 49.9362 -44.1926 -20.8722
    endloop
  endfacet
  facet normal 3.33209e-14 -0.707107 0.707107
    outer loop
      vertex 50.9117 -44.1247 -20.8043
      vertex 50.7549 -46.5343 -23.2139
      vertex 50.9117 -46.5288 -23.2084
    endloop
  endfacet
  facet normal 5.03704e-06 -0.707121 0.707093
    outer loop
      vertex 50.2994 -46.6149 -23.2946
      vertex 49.9362 -44.1926 -20.8722
      vertex 49.4603 -44.2769 -20.9565
    endloop
  endfacet
  facet normal -3.20421e-14 -0.707107 0.707107
    outer loop
      vertex 51.0685 -46.5343 -23.2139
      vertex 50.9117 -44.1247 -20.8043
      vertex 50.9117 -46.5288 -23.2084
    endloop
  endfacet
  facet normal 0 -0.707107 0.707107
    outer loop
      vertex 50.0228 -46.7195 -23.3991
      vertex 49.4603 -44.2769 -20.9565
      vertex 48.9983 -44.3938 -21.0734
    endloop
  endfacet
  facet normal -5.06361e-15 -0.707107 0.707107
    outer loop
      vertex 50.9117 -44.1247 -20.8043
      vertex 51.0685 -46.5343 -23.2139
      vertex 51.4018 -44.1417 -20.8213
    endloop
  endfacet
  facet normal -5.25891e-16 -0.707107 0.707107
    outer loop
      vertex 49.8967 -46.7856 -23.4652
      vertex 48.9983 -44.3938 -21.0734
      vertex 48.5547 -44.5421 -21.2217
    endloop
  endfacet
  facet normal 1.04117e-16 -0.707107 0.707107
    outer loop
      vertex 51.2238 -46.5506 -23.2302
      vertex 51.4018 -44.1417 -20.8213
      vertex 51.0685 -46.5343 -23.2139
    endloop
  endfacet
  facet normal 4.15172e-15 -0.707107 0.707107
    outer loop
      vertex 49.6749 -46.9425 -23.6221
      vertex 48.5547 -44.5421 -21.2217
      vertex 48.1338 -44.7205 -21.4001
    endloop
  endfacet
  facet normal 1.08285e-16 -0.707107 0.707107
    outer loop
      vertex 51.4018 -44.1417 -20.8213
      vertex 51.2238 -46.5506 -23.2302
      vertex 51.8871 -44.1926 -20.8722
    endloop
  endfacet
  facet normal 1.2079e-05 -0.707118 0.707095
    outer loop
      vertex 49.5813 -47.0316 -23.7113
      vertex 48.1338 -44.7205 -21.4001
      vertex 47.7397 -44.9272 -21.6068
    endloop
  endfacet
  facet normal 0.000442271 -0.707169 0.707045
    outer loop
      vertex 51.3761 -46.5775 -23.2572
      vertex 51.8871 -44.1926 -20.8722
      vertex 51.2238 -46.5506 -23.2302
    endloop
  endfacet
  facet normal 4.15272e-15 -0.707107 0.707107
    outer loop
      vertex 49.5006 -47.1269 -23.8065
      vertex 47.7397 -44.9272 -21.6068
      vertex 47.3762 -45.1602 -21.8398
    endloop
  endfacet
  facet normal -7.11204e-06 -0.707121 0.707093
    outer loop
      vertex 51.524 -46.6149 -23.2946
      vertex 51.8871 -44.1926 -20.8722
      vertex 51.3761 -46.5775 -23.2572
    endloop
  endfacet
  facet normal 1.50217e-05 -0.707116 0.707097
    outer loop
      vertex 49.4335 -47.2272 -23.9069
      vertex 47.3762 -45.1602 -21.8398
      vertex 47.0466 -45.4173 -22.0969
    endloop
  endfacet
  facet normal -0.000453949 -0.70704 0.707173
    outer loop
      vertex 51.6659 -46.6624 -23.342
      vertex 52.3631 -44.2769 -20.9565
      vertex 51.524 -46.6149 -23.2946
    endloop
  endfacet
  facet normal 2.85449e-15 -0.707107 0.707107
    outer loop
      vertex 49.3806 -47.3318 -24.0114
      vertex 47.0466 -45.4173 -22.0969
      vertex 46.7543 -45.696 -22.3756
    endloop
  endfacet
  facet normal 1.65754e-14 -0.707107 0.707107
    outer loop
      vertex 51.8006 -46.7195 -23.3991
      vertex 52.3631 -44.2769 -20.9565
      vertex 51.6659 -46.6624 -23.342
    endloop
  endfacet
  facet normal -5.19069e-16 -0.707107 0.707107
    outer loop
      vertex 49.3424 -47.4395 -24.1191
      vertex 46.7543 -45.696 -22.3756
      vertex 46.5021 -45.9936 -22.6732
    endloop
  endfacet
  facet normal -2.30077e-16 -0.707107 0.707107
    outer loop
      vertex 52.3631 -44.2769 -20.9565
      vertex 51.8006 -46.7195 -23.3991
      vertex 52.8251 -44.3938 -21.0734
    endloop
  endfacet
  facet normal 2.36684e-15 -0.707107 0.707107
    outer loop
      vertex 49.3424 -47.4395 -24.1191
      vertex 46.5021 -45.9936 -22.6732
      vertex 46.2923 -46.3072 -22.9868
    endloop
  endfacet
  facet normal -3.27836e-14 -0.707107 0.707107
    outer loop
      vertex 51.9267 -46.7856 -23.4652
      vertex 52.8251 -44.3938 -21.0734
      vertex 51.8006 -46.7195 -23.3991
    endloop
  endfacet
  facet normal 3.28682e-16 -0.707107 0.707107
    outer loop
      vertex 52.8251 -44.3938 -21.0734
      vertex 51.9267 -46.7856 -23.4652
      vertex 53.2687 -44.5421 -21.2217
    endloop
  endfacet
  facet normal -5.03605e-06 -0.707121 0.707093
    outer loop
      vertex 51.8871 -44.1926 -20.8722
      vertex 51.524 -46.6149 -23.2946
      vertex 52.3631 -44.2769 -20.9565
    endloop
  endfacet
  facet normal 0 -0.707107 0.707107
    outer loop
      vertex 50.4216 -44.1417 -20.8213
      vertex 50.5995 -46.5506 -23.2302
      vertex 50.7549 -46.5343 -23.2139
    endloop
  endfacet
  facet normal -0.000442271 -0.707169 0.707045
    outer loop
      vertex 49.9362 -44.1926 -20.8722
      vertex 50.4472 -46.5775 -23.2572
      vertex 50.5995 -46.5506 -23.2302
    endloop
  endfacet
  facet normal 7.1166e-06 -0.707121 0.707093
    outer loop
      vertex 49.9362 -44.1926 -20.8722
      vertex 50.2994 -46.6149 -23.2946
      vertex 50.4472 -46.5775 -23.2572
    endloop
  endfacet
  facet normal -5.12727e-15 -0.707107 0.707107
    outer loop
      vertex 49.3194 -47.5493 -24.2289
      vertex 46.2923 -46.3072 -22.9868
      vertex 46.127 -46.6339 -23.3135
    endloop
  endfacet
  facet normal 0.000453949 -0.70704 0.707173
    outer loop
      vertex 49.4603 -44.2769 -20.9565
      vertex 50.1575 -46.6624 -23.342
      vertex 50.2994 -46.6149 -23.2946
    endloop
  endfacet
  facet normal -1.56515e-14 -0.707107 0.707107
    outer loop
      vertex 49.4603 -44.2769 -20.9565
      vertex 50.0228 -46.7195 -23.3991
      vertex 50.1575 -46.6624 -23.342
    endloop
  endfacet
  facet normal 3.30555e-14 -0.707107 0.707107
    outer loop
      vertex 48.9983 -44.3938 -21.0734
      vertex 49.8967 -46.7856 -23.4652
      vertex 50.0228 -46.7195 -23.3991
    endloop
  endfacet
  facet normal -1.56463e-14 -0.707107 0.707107
    outer loop
      vertex 48.5547 -44.5421 -21.2217
      vertex 49.7803 -46.8602 -23.5398
      vertex 49.8967 -46.7856 -23.4652
    endloop
  endfacet
  facet normal 1.63743e-14 -0.707107 0.707107
    outer loop
      vertex 48.5547 -44.5421 -21.2217
      vertex 49.6749 -46.9425 -23.6221
      vertex 49.7803 -46.8602 -23.5398
    endloop
  endfacet
  facet normal -5.46917e-05 -0.707202 0.707011
    outer loop
      vertex 49.3194 -47.5493 -24.2289
      vertex 46.127 -46.6339 -23.3135
      vertex 46.0078 -46.9704 -23.6501
    endloop
  endfacet
  facet normal -0.000454932 -0.707264 0.706949
    outer loop
      vertex 48.1338 -44.7205 -21.4001
      vertex 49.5813 -47.0316 -23.7113
      vertex 49.6749 -46.9425 -23.6221
    endloop
  endfacet
  facet normal 0.000450532 -0.706926 0.707287
    outer loop
      vertex 47.7397 -44.9272 -21.6068
      vertex 49.5006 -47.1269 -23.8065
      vertex 49.5813 -47.0316 -23.7113
    endloop
  endfacet
  facet normal -0.000402918 -0.707324 0.706889
    outer loop
      vertex 47.3762 -45.1602 -21.8398
      vertex 49.4335 -47.2272 -23.9069
      vertex 49.5006 -47.1269 -23.8065
    endloop
  endfacet
  facet normal -2.05971e-05 -0.707105 0.707109
    outer loop
      vertex 49.3194 -47.5493 -24.2289
      vertex 46.0078 -46.9704 -23.6501
      vertex 45.9358 -47.3136 -23.9933
    endloop
  endfacet
  facet normal 0.000392056 -0.706868 0.707346
    outer loop
      vertex 47.0466 -45.4173 -22.0969
      vertex 49.3806 -47.3318 -24.0114
      vertex 49.4335 -47.2272 -23.9069
    endloop
  endfacet
  facet normal -9.09302e-16 -0.707107 0.707107
    outer loop
      vertex 46.7543 -45.696 -22.3756
      vertex 49.3424 -47.4395 -24.1191
      vertex 49.3806 -47.3318 -24.0114
    endloop
  endfacet
  facet normal 0 -0.707107 0.707107
    outer loop
      vertex 46.2923 -46.3072 -22.9868
      vertex 49.3194 -47.5493 -24.2289
      vertex 49.3424 -47.4395 -24.1191
    endloop
  endfacet
  facet normal 0 -0.707005 0.707209
    outer loop
      vertex 49.3117 -47.6602 -24.3398
      vertex 45.9358 -47.3136 -23.9933
      vertex 45.9117 -47.6602 -24.3398
    endloop
  endfacet
  facet normal -2.07975e-05 -0.707106 0.707108
    outer loop
      vertex 45.9358 -47.3136 -23.9933
      vertex 49.3117 -47.6602 -24.3398
      vertex 49.3194 -47.5493 -24.2289
    endloop
  endfacet
  facet normal 0 -0.707209 0.707005
    outer loop
      vertex 45.9358 -48.0067 -24.6864
      vertex 49.3117 -47.6602 -24.3398
      vertex 45.9117 -47.6602 -24.3398
    endloop
  endfacet
  facet normal -2.07975e-05 -0.707108 0.707106
    outer loop
      vertex 49.3117 -47.6602 -24.3398
      vertex 45.9358 -48.0067 -24.6864
      vertex 49.3194 -47.7711 -24.4507
    endloop
  endfacet
  facet normal -2.05971e-05 -0.707109 0.707105
    outer loop
      vertex 46.0078 -48.3499 -25.0296
      vertex 49.3194 -47.7711 -24.4507
      vertex 45.9358 -48.0067 -24.6864
    endloop
  endfacet
  facet normal -5.46917e-05 -0.707011 0.707202
    outer loop
      vertex 46.127 -48.6865 -25.3661
      vertex 49.3194 -47.7711 -24.4507
      vertex 46.0078 -48.3499 -25.0296
    endloop
  endfacet
  facet normal 3.31958e-15 -0.707107 0.707107
    outer loop
      vertex 46.2923 -49.0132 -25.6928
      vertex 49.3194 -47.7711 -24.4507
      vertex 46.127 -48.6865 -25.3661
    endloop
  endfacet
  facet normal 7.61243e-16 -0.707107 0.707107
    outer loop
      vertex 49.3194 -47.7711 -24.4507
      vertex 46.2923 -49.0132 -25.6928
      vertex 49.3424 -47.8809 -24.5605
    endloop
  endfacet
  facet normal 6.57455e-16 -0.707107 0.707107
    outer loop
      vertex 46.5021 -49.3268 -26.0064
      vertex 49.3424 -47.8809 -24.5605
      vertex 46.2923 -49.0132 -25.6928
    endloop
  endfacet
  facet normal -2.40069e-15 -0.707107 0.707107
    outer loop
      vertex 46.7543 -49.6244 -26.304
      vertex 49.3424 -47.8809 -24.5605
      vertex 46.5021 -49.3268 -26.0064
    endloop
  endfacet
  facet normal -1.1139e-14 -0.707107 0.707107
    outer loop
      vertex 49.3424 -47.8809 -24.5605
      vertex 46.7543 -49.6244 -26.304
      vertex 49.3806 -47.9886 -24.6682
    endloop
  endfacet
  facet normal 5.83873e-16 -0.707107 0.707107
    outer loop
      vertex 47.0466 -49.9031 -26.5827
      vertex 49.3806 -47.9886 -24.6682
      vertex 46.7543 -49.6244 -26.304
    endloop
  endfacet
  facet normal 0.000392056 -0.707346 0.706868
    outer loop
      vertex 49.3806 -47.9886 -24.6682
      vertex 47.0466 -49.9031 -26.5827
      vertex 49.4335 -48.0931 -24.7728
    endloop
  endfacet
  facet normal 1.50217e-05 -0.707097 0.707116
    outer loop
      vertex 47.3762 -50.1602 -26.8398
      vertex 49.4335 -48.0931 -24.7728
      vertex 47.0466 -49.9031 -26.5827
    endloop
  endfacet
  facet normal -0.000402918 -0.706889 0.707324
    outer loop
      vertex 49.4335 -48.0931 -24.7728
      vertex 47.3762 -50.1602 -26.8398
      vertex 49.5006 -48.1935 -24.8731
    endloop
  endfacet
  facet normal 4.60692e-15 -0.707107 0.707107
    outer loop
      vertex 47.7397 -50.3932 -27.0728
      vertex 49.5006 -48.1935 -24.8731
      vertex 47.3762 -50.1602 -26.8398
    endloop
  endfacet
  facet normal 0.000450532 -0.707287 0.706926
    outer loop
      vertex 49.5006 -48.1935 -24.8731
      vertex 47.7397 -50.3932 -27.0728
      vertex 49.5813 -48.2887 -24.9684
    endloop
  endfacet
  facet normal 1.2079e-05 -0.707095 0.707118
    outer loop
      vertex 48.1338 -50.5999 -27.2795
      vertex 49.5813 -48.2887 -24.9684
      vertex 47.7397 -50.3932 -27.0728
    endloop
  endfacet
  facet normal -0.000454932 -0.706949 0.707264
    outer loop
      vertex 49.5813 -48.2887 -24.9684
      vertex 48.1338 -50.5999 -27.2795
      vertex 49.6749 -48.3779 -25.0575
    endloop
  endfacet
  facet normal -4.21659e-15 -0.707107 0.707107
    outer loop
      vertex 48.5547 -50.7783 -27.4579
      vertex 49.6749 -48.3779 -25.0575
      vertex 48.1338 -50.5999 -27.2795
    endloop
  endfacet
  facet normal -1.62606e-14 -0.707107 0.707107
    outer loop
      vertex 49.6749 -48.3779 -25.0575
      vertex 48.5547 -50.7783 -27.4579
      vertex 49.7803 -48.4602 -25.1398
    endloop
  endfacet
  facet normal 1.66785e-14 -0.707107 0.707107
    outer loop
      vertex 49.7803 -48.4602 -25.1398
      vertex 48.5547 -50.7783 -27.4579
      vertex 49.8967 -48.5348 -25.2144
    endloop
  endfacet
  facet normal 1.61353e-14 -0.707107 0.707107
    outer loop
      vertex 52.0431 -46.8602 -23.5398
      vertex 53.2687 -44.5421 -21.2217
      vertex 51.9267 -46.7856 -23.4652
    endloop
  endfacet
  facet normal -1.6886e-14 -0.707107 0.707107
    outer loop
      vertex 52.1485 -46.9425 -23.6221
      vertex 53.2687 -44.5421 -21.2217
      vertex 52.0431 -46.8602 -23.5398
    endloop
  endfacet
  facet normal -4.60673e-15 -0.707107 0.707107
    outer loop
      vertex 53.2687 -44.5421 -21.2217
      vertex 52.1485 -46.9425 -23.6221
      vertex 53.6895 -44.7205 -21.4001
    endloop
  endfacet
  facet normal 0.000455237 -0.707265 0.706949
    outer loop
      vertex 52.242 -47.0316 -23.7113
      vertex 53.6895 -44.7205 -21.4001
      vertex 52.1485 -46.9425 -23.6221
    endloop
  endfacet
  facet normal -1.20767e-05 -0.707118 0.707095
    outer loop
      vertex 53.6895 -44.7205 -21.4001
      vertex 52.242 -47.0316 -23.7113
      vertex 54.0837 -44.9272 -21.6068
    endloop
  endfacet
  facet normal -0.000450245 -0.706926 0.707287
    outer loop
      vertex 52.3228 -47.1269 -23.8065
      vertex 54.0837 -44.9272 -21.6068
      vertex 52.242 -47.0316 -23.7113
    endloop
  endfacet
  facet normal -4.54204e-15 -0.707107 0.707107
    outer loop
      vertex 54.0837 -44.9272 -21.6068
      vertex 52.3228 -47.1269 -23.8065
      vertex 54.4472 -45.1602 -21.8398
    endloop
  endfacet
  facet normal 0.000402918 -0.707324 0.706889
    outer loop
      vertex 52.3899 -47.2272 -23.9069
      vertex 54.4472 -45.1602 -21.8398
      vertex 52.3228 -47.1269 -23.8065
    endloop
  endfacet
  facet normal -1.50243e-05 -0.707116 0.707097
    outer loop
      vertex 54.4472 -45.1602 -21.8398
      vertex 52.3899 -47.2272 -23.9069
      vertex 54.7767 -45.4173 -22.0969
    endloop
  endfacet
  facet normal -0.000392068 -0.706868 0.707346
    outer loop
      vertex 52.4428 -47.3318 -24.0114
      vertex 54.7767 -45.4173 -22.0969
      vertex 52.3899 -47.2272 -23.9069
    endloop
  endfacet
  facet normal -2.85456e-15 -0.707107 0.707107
    outer loop
      vertex 54.7767 -45.4173 -22.0969
      vertex 52.4428 -47.3318 -24.0114
      vertex 55.069 -45.696 -22.3756
    endloop
  endfacet
  facet normal 7.39181e-16 -0.707107 0.707107
    outer loop
      vertex 52.4809 -47.4395 -24.1191
      vertex 55.069 -45.696 -22.3756
      vertex 52.4428 -47.3318 -24.0114
    endloop
  endfacet
  facet normal 6.48743e-16 -0.707107 0.707107
    outer loop
      vertex 55.069 -45.696 -22.3756
      vertex 52.4809 -47.4395 -24.1191
      vertex 55.3213 -45.9936 -22.6732
    endloop
  endfacet
  facet normal -2.39965e-15 -0.707107 0.707107
    outer loop
      vertex 55.3213 -45.9936 -22.6732
      vertex 52.4809 -47.4395 -24.1191
      vertex 55.5311 -46.3072 -22.9868
    endloop
  endfacet
  facet normal 0 -0.707107 0.707107
    outer loop
      vertex 52.504 -47.5493 -24.2289
      vertex 55.5311 -46.3072 -22.9868
      vertex 52.4809 -47.4395 -24.1191
    endloop
  endfacet
  facet normal 5.22587e-15 -0.707107 0.707107
    outer loop
      vertex 55.5311 -46.3072 -22.9868
      vertex 52.504 -47.5493 -24.2289
      vertex 55.6964 -46.6339 -23.3135
    endloop
  endfacet
  facet normal 5.46917e-05 -0.707202 0.707011
    outer loop
      vertex 55.6964 -46.6339 -23.3135
      vertex 52.504 -47.5493 -24.2289
      vertex 55.8156 -46.9704 -23.6501
    endloop
  endfacet
  facet normal 2.05971e-05 -0.707105 0.707109
    outer loop
      vertex 55.8156 -46.9704 -23.6501
      vertex 52.504 -47.5493 -24.2289
      vertex 55.8876 -47.3136 -23.9933
    endloop
  endfacet
  facet normal 2.07975e-05 -0.707106 0.707108
    outer loop
      vertex 52.5117 -47.6602 -24.3398
      vertex 55.8876 -47.3136 -23.9933
      vertex 52.504 -47.5493 -24.2289
    endloop
  endfacet
  facet normal 0 -0.707005 0.707209
    outer loop
      vertex 52.5117 -47.6602 -24.3398
      vertex 55.9117 -47.6602 -24.3398
      vertex 55.8876 -47.3136 -23.9933
    endloop
  endfacet
  facet normal 2.07975e-05 -0.707108 0.707106
    outer loop
      vertex 55.8876 -48.0067 -24.6864
      vertex 52.5117 -47.6602 -24.3398
      vertex 52.504 -47.7711 -24.4507
    endloop
  endfacet
  facet normal -4.34847e-16 -0.707107 0.707107
    outer loop
      vertex 55.5311 -49.0132 -25.6928
      vertex 52.504 -47.7711 -24.4507
      vertex 52.4809 -47.8809 -24.5605
    endloop
  endfacet
  facet normal 1.09171e-14 -0.707107 0.707107
    outer loop
      vertex 55.069 -49.6244 -26.304
      vertex 52.4809 -47.8809 -24.5605
      vertex 52.4428 -47.9886 -24.6682
    endloop
  endfacet
  facet normal 0 -0.707209 0.707005
    outer loop
      vertex 52.5117 -47.6602 -24.3398
      vertex 55.8876 -48.0067 -24.6864
      vertex 55.9117 -47.6602 -24.3398
    endloop
  endfacet
  facet normal -0.000392068 -0.707346 0.706868
    outer loop
      vertex 54.7767 -49.9031 -26.5827
      vertex 52.4428 -47.9886 -24.6682
      vertex 52.3899 -48.0931 -24.7728
    endloop
  endfacet
  facet normal 0.000402918 -0.706889 0.707324
    outer loop
      vertex 54.4472 -50.1602 -26.8398
      vertex 52.3899 -48.0931 -24.7728
      vertex 52.3228 -48.1935 -24.8731
    endloop
  endfacet
  facet normal -0.000450245 -0.707287 0.706926
    outer loop
      vertex 54.0837 -50.3932 -27.0728
      vertex 52.3228 -48.1935 -24.8731
      vertex 52.242 -48.2887 -24.9684
    endloop
  endfacet
  facet normal 2.05971e-05 -0.707109 0.707105
    outer loop
      vertex 52.504 -47.7711 -24.4507
      vertex 55.8156 -48.3499 -25.0296
      vertex 55.8876 -48.0067 -24.6864
    endloop
  endfacet
  facet normal 0.000455237 -0.706949 0.707265
    outer loop
      vertex 53.6895 -50.5999 -27.2795
      vertex 52.242 -48.2887 -24.9684
      vertex 52.1485 -48.3779 -25.0575
    endloop
  endfacet
  facet normal 1.63743e-14 -0.707107 0.707107
    outer loop
      vertex 53.2687 -50.7783 -27.4579
      vertex 52.1485 -48.3779 -25.0575
      vertex 52.0431 -48.4602 -25.1398
    endloop
  endfacet
  facet normal -1.56463e-14 -0.707107 0.707107
    outer loop
      vertex 53.2687 -50.7783 -27.4579
      vertex 52.0431 -48.4602 -25.1398
      vertex 51.9267 -48.5348 -25.2144
    endloop
  endfacet
  facet normal 3.30555e-14 -0.707107 0.707107
    outer loop
      vertex 52.8251 -50.9266 -27.6062
      vertex 51.9267 -48.5348 -25.2144
      vertex 51.8006 -48.6009 -25.2805
    endloop
  endfacet
  facet normal 0 -0.707107 0.707107
    outer loop
      vertex 52.3631 -51.0435 -27.7231
      vertex 51.8006 -48.6009 -25.2805
      vertex 51.6659 -48.658 -25.3376
    endloop
  endfacet
  facet normal 5.46917e-05 -0.707011 0.707202
    outer loop
      vertex 52.504 -47.7711 -24.4507
      vertex 55.6964 -48.6865 -25.3661
      vertex 55.8156 -48.3499 -25.0296
    endloop
  endfacet
  facet normal -0.000453949 -0.707173 0.70704
    outer loop
      vertex 52.3631 -51.0435 -27.7231
      vertex 51.6659 -48.658 -25.3376
      vertex 51.524 -48.7054 -25.3851
    endloop
  endfacet
  facet normal -7.11204e-06 -0.707093 0.707121
    outer loop
      vertex 51.8871 -51.1278 -27.8074
      vertex 51.524 -48.7054 -25.3851
      vertex 51.3761 -48.7428 -25.4225
    endloop
  endfacet
  facet normal 0.000442271 -0.707045 0.707169
    outer loop
      vertex 51.8871 -51.1278 -27.8074
      vertex 51.3761 -48.7428 -25.4225
      vertex 51.2238 -48.7698 -25.4494
    endloop
  endfacet
  facet normal 1.66586e-14 -0.707107 0.707107
    outer loop
      vertex 51.4018 -51.1787 -27.8583
      vertex 51.2238 -48.7698 -25.4494
      vertex 51.0685 -48.7861 -25.4657
    endloop
  endfacet
  facet normal 1.66604e-14 -0.707107 0.707107
    outer loop
      vertex 50.9117 -51.1957 -27.8753
      vertex 51.0685 -48.7861 -25.4657
      vertex 50.9117 -48.7916 -25.4712
    endloop
  endfacet
  facet normal 5.35751e-15 -0.707107 0.707107
    outer loop
      vertex 48.9983 -50.9266 -27.6062
      vertex 49.8967 -48.5348 -25.2144
      vertex 48.5547 -50.7783 -27.4579
    endloop
  endfacet
  facet normal -1.60227e-14 -0.707107 0.707107
    outer loop
      vertex 50.7549 -48.7861 -25.4657
      vertex 50.9117 -51.1957 -27.8753
      vertex 50.9117 -48.7916 -25.4712
    endloop
  endfacet
  facet normal -3.27836e-14 -0.707107 0.707107
    outer loop
      vertex 49.8967 -48.5348 -25.2144
      vertex 48.9983 -50.9266 -27.6062
      vertex 50.0228 -48.6009 -25.2805
    endloop
  endfacet
  facet normal 5.33012e-15 -0.707107 0.707107
    outer loop
      vertex 51.0685 -48.7861 -25.4657
      vertex 50.9117 -51.1957 -27.8753
      vertex 51.4018 -51.1787 -27.8583
    endloop
  endfacet
  facet normal -5.16029e-15 -0.707107 0.707107
    outer loop
      vertex 49.4603 -51.0435 -27.7231
      vertex 50.0228 -48.6009 -25.2805
      vertex 48.9983 -50.9266 -27.6062
    endloop
  endfacet
  facet normal 0 -0.707107 0.707107
    outer loop
      vertex 51.2238 -48.7698 -25.4494
      vertex 51.4018 -51.1787 -27.8583
      vertex 51.8871 -51.1278 -27.8074
    endloop
  endfacet
  facet normal 0 -0.707107 0.707107
    outer loop
      vertex 50.0228 -48.6009 -25.2805
      vertex 49.4603 -51.0435 -27.7231
      vertex 50.1575 -48.658 -25.3376
    endloop
  endfacet
  facet normal -5.03605e-06 -0.707093 0.707121
    outer loop
      vertex 51.524 -48.7054 -25.3851
      vertex 51.8871 -51.1278 -27.8074
      vertex 52.3631 -51.0435 -27.7231
    endloop
  endfacet
  facet normal 0.000453949 -0.707173 0.70704
    outer loop
      vertex 50.1575 -48.658 -25.3376
      vertex 49.4603 -51.0435 -27.7231
      vertex 50.2994 -48.7054 -25.3851
    endloop
  endfacet
  facet normal -5.10109e-15 -0.707107 0.707107
    outer loop
      vertex 50.9117 -51.1957 -27.8753
      vertex 50.7549 -48.7861 -25.4657
      vertex 50.4216 -51.1787 -27.8583
    endloop
  endfacet
  facet normal 5.03704e-06 -0.707093 0.707121
    outer loop
      vertex 49.9362 -51.1278 -27.8074
      vertex 50.2994 -48.7054 -25.3851
      vertex 49.4603 -51.0435 -27.7231
    endloop
  endfacet
  facet normal -5.25891e-15 -0.707107 0.707107
    outer loop
      vertex 51.9267 -48.5348 -25.2144
      vertex 52.8251 -50.9266 -27.6062
      vertex 53.2687 -50.7783 -27.4579
    endloop
  endfacet
  facet normal 7.1166e-06 -0.707093 0.707121
    outer loop
      vertex 50.2994 -48.7054 -25.3851
      vertex 49.9362 -51.1278 -27.8074
      vertex 50.4472 -48.7428 -25.4225
    endloop
  endfacet
  facet normal -0.000442271 -0.707045 0.707169
    outer loop
      vertex 50.4472 -48.7428 -25.4225
      vertex 49.9362 -51.1278 -27.8074
      vertex 50.5995 -48.7698 -25.4494
    endloop
  endfacet
  facet normal 1.08263e-16 -0.707107 0.707107
    outer loop
      vertex 50.4216 -51.1787 -27.8583
      vertex 50.5995 -48.7698 -25.4494
      vertex 49.9362 -51.1278 -27.8074
    endloop
  endfacet
  facet normal -3.28671e-15 -0.707107 0.707107
    outer loop
      vertex 52.504 -47.7711 -24.4507
      vertex 55.5311 -49.0132 -25.6928
      vertex 55.6964 -48.6865 -25.3661
    endloop
  endfacet
  facet normal -1.59327e-14 -0.707107 0.707107
    outer loop
      vertex 50.5995 -48.7698 -25.4494
      vertex 50.4216 -51.1787 -27.8583
      vertex 50.7549 -48.7861 -25.4657
    endloop
  endfacet
  facet normal -6.57438e-16 -0.707107 0.707107
    outer loop
      vertex 52.4809 -47.8809 -24.5605
      vertex 55.3213 -49.3268 -26.0064
      vertex 55.5311 -49.0132 -25.6928
    endloop
  endfacet
  facet normal 4.15254e-15 -0.707107 0.707107
    outer loop
      vertex 52.1485 -48.3779 -25.0575
      vertex 53.2687 -50.7783 -27.4579
      vertex 53.6895 -50.5999 -27.2795
    endloop
  endfacet
  facet normal 2.33547e-15 -0.707107 0.707107
    outer loop
      vertex 52.4809 -47.8809 -24.5605
      vertex 55.069 -49.6244 -26.304
      vertex 55.3213 -49.3268 -26.0064
    endloop
  endfacet
  facet normal -1.50243e-05 -0.707097 0.707116
    outer loop
      vertex 52.3899 -48.0931 -24.7728
      vertex 54.4472 -50.1602 -26.8398
      vertex 54.7767 -49.9031 -26.5827
    endloop
  endfacet
  facet normal -5.1901e-16 -0.707107 0.707107
    outer loop
      vertex 52.4428 -47.9886 -24.6682
      vertex 54.7767 -49.9031 -26.5827
      vertex 55.069 -49.6244 -26.304
    endloop
  endfacet
  facet normal -4.67181e-15 -0.707107 0.707107
    outer loop
      vertex 52.3228 -48.1935 -24.8731
      vertex 54.0837 -50.3932 -27.0728
      vertex 54.4472 -50.1602 -26.8398
    endloop
  endfacet
  facet normal -1.20767e-05 -0.707095 0.707118
    outer loop
      vertex 52.242 -48.2887 -24.9684
      vertex 53.6895 -50.5999 -27.2795
      vertex 54.0837 -50.3932 -27.0728
    endloop
  endfacet
  facet normal 4.73301e-15 -0.707107 0.707107
    outer loop
      vertex 51.8006 -48.6009 -25.2805
      vertex 52.3631 -51.0435 -27.7231
      vertex 52.8251 -50.9266 -27.6062
    endloop
  endfacet
  facet normal -0.67162 0.523892 0.523892
    outer loop
      vertex 47.3762 -35.2678 -31.7322
      vertex 47.7397 -44.9272 -21.6068
      vertex 47.7397 -35.0348 -31.4992
    endloop
  endfacet
  facet normal -0.67162 0.523892 0.523892
    outer loop
      vertex 47.7397 -44.9272 -21.6068
      vertex 47.3762 -35.2678 -31.7322
      vertex 47.3762 -45.1602 -21.8398
    endloop
  endfacet
  facet normal -0.903983 -0.302336 -0.302336
    outer loop
      vertex 46.5021 -39.4344 -35.8989
      vertex 46.2923 -49.0132 -25.6928
      vertex 46.2923 -39.1208 -35.5852
    endloop
  endfacet
  facet normal -0.903957 -0.302377 -0.302374
    outer loop
      vertex 46.2923 -49.0132 -25.6928
      vertex 46.5021 -39.4344 -35.8989
      vertex 46.5021 -49.3268 -26.0064
    endloop
  endfacet
  facet normal -0.0489956 -0.706258 -0.706258
    outer loop
      vertex 50.4216 -41.2863 -37.7507
      vertex 50.9117 -51.1957 -27.8753
      vertex 50.4216 -51.1787 -27.8583
    endloop
  endfacet
  facet normal -0.0491394 -0.706256 -0.706249
    outer loop
      vertex 50.9117 -51.1957 -27.8753
      vertex 50.4216 -41.2863 -37.7507
      vertex 50.9117 -41.3033 -37.7678
    endloop
  endfacet
  facet normal -0.803383 0.421056 0.421056
    outer loop
      vertex 52.1485 -38.4855 -34.95
      vertex 52.242 -48.2887 -24.9684
      vertex 52.242 -38.3963 -34.8608
    endloop
  endfacet
  facet normal -0.803223 0.42121 0.421206
    outer loop
      vertex 52.242 -48.2887 -24.9684
      vertex 52.1485 -38.4855 -34.95
      vertex 52.1485 -48.3779 -25.0575
    endloop
  endfacet
  facet normal -0.741032 0.474803 0.474799
    outer loop
      vertex 52.0431 -38.5678 -35.0322
      vertex 52.1485 -48.3779 -25.0575
      vertex 52.1485 -38.4855 -34.95
    endloop
  endfacet
  facet normal -0.741235 0.474642 0.474642
    outer loop
      vertex 52.1485 -48.3779 -25.0575
      vertex 52.0431 -38.5678 -35.0322
      vertex 52.0431 -48.4602 -25.1398
    endloop
  endfacet
  facet normal -0.857436 0.363872 0.363868
    outer loop
      vertex 52.242 -38.3963 -34.8608
      vertex 52.3228 -48.1935 -24.8731
      vertex 52.3228 -38.3011 -34.7656
    endloop
  endfacet
  facet normal -0.857556 0.36373 0.36373
    outer loop
      vertex 52.3228 -48.1935 -24.8731
      vertex 52.242 -38.3963 -34.8608
      vertex 52.242 -48.2887 -24.9684
    endloop
  endfacet
  facet normal -0.9415 -0.238303 -0.238303
    outer loop
      vertex 52.4428 -37.4393 -33.9038
      vertex 52.3899 -47.2272 -23.9069
      vertex 52.3899 -37.3348 -33.7993
    endloop
  endfacet
  facet normal -0.941552 -0.238201 -0.238203
    outer loop
      vertex 52.3899 -47.2272 -23.9069
      vertex 52.4428 -37.4393 -33.9038
      vertex 52.4428 -47.3318 -24.0114
    endloop
  endfacet
  facet normal 0.857717 0.363541 0.363537
    outer loop
      vertex 49.5006 -48.1935 -24.8731
      vertex 49.5813 -38.3963 -34.8608
      vertex 49.5006 -38.3011 -34.7656
    endloop
  endfacet
  facet normal 0.857836 0.363398 0.363398
    outer loop
      vertex 49.5813 -38.3963 -34.8608
      vertex 49.5006 -48.1935 -24.8731
      vertex 49.5813 -48.2887 -24.9684
    endloop
  endfacet
  facet normal 0.969959 -0.172016 -0.172018
    outer loop
      vertex 49.3806 -47.3318 -24.0114
      vertex 49.3424 -37.547 -34.0115
      vertex 49.3806 -37.4393 -33.9038
    endloop
  endfacet
  facet normal 0.969959 -0.172016 -0.172018
    outer loop
      vertex 49.3424 -37.547 -34.0115
      vertex 49.3806 -47.3318 -24.0114
      vertex 49.3424 -47.4395 -24.1191
    endloop
  endfacet
  facet normal 0.595815 0.56789 0.567896
    outer loop
      vertex 49.8967 -48.5348 -25.2144
      vertex 50.0228 -38.7085 -35.1729
      vertex 49.8967 -38.6423 -35.1068
    endloop
  endfacet
  facet normal 0.595524 0.568045 0.568045
    outer loop
      vertex 50.0228 -38.7085 -35.1729
      vertex 49.8967 -48.5348 -25.2144
      vertex 50.0228 -48.6009 -25.2805
    endloop
  endfacet
  facet normal -0.998797 0.0346742 0.0346742
    outer loop
      vertex 52.504 -37.8787 -34.3431
      vertex 52.5117 -47.6602 -24.3398
      vertex 52.5117 -37.7678 -34.2322
    endloop
  endfacet
  facet normal -0.998797 0.0346742 0.0346742
    outer loop
      vertex 52.5117 -47.6602 -24.3398
      vertex 52.504 -37.8787 -34.3431
      vertex 52.504 -47.7711 -24.4507
    endloop
  endfacet
  facet normal -0.242764 -0.685954 -0.685954
    outer loop
      vertex 51.2238 -46.5506 -23.2302
      vertex 51.3761 -36.6851 -33.1496
      vertex 51.3761 -46.5775 -23.2572
    endloop
  endfacet
  facet normal -0.243188 -0.685875 -0.685882
    outer loop
      vertex 51.3761 -36.6851 -33.1496
      vertex 51.2238 -46.5506 -23.2302
      vertex 51.2238 -36.6581 -33.1226
    endloop
  endfacet
  facet normal -0.0486461 0.706273 0.706266
    outer loop
      vertex 50.9117 -38.8991 -35.3636
      vertex 51.0685 -48.7861 -25.4657
      vertex 51.0685 -38.8937 -35.3582
    endloop
  endfacet
  facet normal -0.0495448 0.706235 0.706242
    outer loop
      vertex 51.0685 -48.7861 -25.4657
      vertex 50.9117 -38.8991 -35.3636
      vertex 50.9117 -48.7916 -25.4712
    endloop
  endfacet
  facet normal 0.242764 0.685954 0.685954
    outer loop
      vertex 50.5995 -48.7698 -25.4494
      vertex 50.4472 -38.8504 -35.3149
      vertex 50.4472 -48.7428 -25.4225
    endloop
  endfacet
  facet normal 0.243188 0.685882 0.685875
    outer loop
      vertex 50.4472 -38.8504 -35.3149
      vertex 50.5995 -48.7698 -25.4494
      vertex 50.5995 -38.8774 -35.3419
    endloop
  endfacet
  facet normal -0.857436 -0.36387 -0.36387
    outer loop
      vertex 52.3228 -37.2344 -33.6989
      vertex 52.242 -47.0316 -23.7113
      vertex 52.242 -37.1392 -33.6037
    endloop
  endfacet
  facet normal -0.857556 -0.363728 -0.363731
    outer loop
      vertex 52.242 -47.0316 -23.7113
      vertex 52.3228 -37.2344 -33.6989
      vertex 52.3228 -47.1269 -23.8065
    endloop
  endfacet
  facet normal 0.595815 -0.567893 -0.567893
    outer loop
      vertex 50.0228 -46.7195 -23.3991
      vertex 49.8967 -36.8932 -33.3577
      vertex 50.0228 -36.8271 -33.2915
    endloop
  endfacet
  facet normal 0.595524 -0.568048 -0.568042
    outer loop
      vertex 49.8967 -36.8932 -33.3577
      vertex 50.0228 -46.7195 -23.3991
      vertex 49.8967 -46.7856 -23.4652
    endloop
  endfacet
  facet normal -0.970109 0.171594 0.171592
    outer loop
      vertex 52.4428 -38.0962 -34.5607
      vertex 52.4809 -47.8809 -24.5605
      vertex 52.4809 -37.9885 -34.453
    endloop
  endfacet
  facet normal -0.970109 0.171594 0.171592
    outer loop
      vertex 52.4809 -47.8809 -24.5605
      vertex 52.4428 -38.0962 -34.5607
      vertex 52.4428 -47.9886 -24.6682
    endloop
  endfacet
  facet normal -0.513844 0.606615 0.606615
    outer loop
      vertex 51.6659 -38.7655 -35.23
      vertex 51.8006 -48.6009 -25.2805
      vertex 51.8006 -38.7085 -35.1729
    endloop
  endfacet
  facet normal -0.514175 0.606472 0.606478
    outer loop
      vertex 51.8006 -48.6009 -25.2805
      vertex 51.6659 -38.7655 -35.23
      vertex 51.6659 -48.658 -25.3376
    endloop
  endfacet
  facet normal 0.803078 0.421346 0.421346
    outer loop
      vertex 49.5813 -48.2887 -24.9684
      vertex 49.6749 -38.4855 -34.95
      vertex 49.5813 -38.3963 -34.8608
    endloop
  endfacet
  facet normal 0.802919 0.421501 0.421496
    outer loop
      vertex 49.6749 -38.4855 -34.95
      vertex 49.5813 -48.2887 -24.9684
      vertex 49.6749 -48.3779 -25.0575
    endloop
  endfacet
  facet normal 0.741032 -0.474801 -0.474801
    outer loop
      vertex 49.7803 -46.8602 -23.5398
      vertex 49.6749 -37.05 -33.5145
      vertex 49.7803 -36.9678 -33.4322
    endloop
  endfacet
  facet normal 0.741235 -0.47464 -0.474645
    outer loop
      vertex 49.6749 -37.05 -33.5145
      vertex 49.7803 -46.8602 -23.5398
      vertex 49.6749 -46.9425 -23.6221
    endloop
  endfacet
  facet normal -0.803383 -0.421053 -0.421058
    outer loop
      vertex 52.242 -37.1392 -33.6037
      vertex 52.1485 -46.9425 -23.6221
      vertex 52.1485 -37.05 -33.5145
    endloop
  endfacet
  facet normal -0.803223 -0.421208 -0.421208
    outer loop
      vertex 52.1485 -46.9425 -23.6221
      vertex 52.242 -37.1392 -33.6037
      vertex 52.242 -47.0316 -23.7113
    endloop
  endfacet
  facet normal -0.904124 0.302125 0.302125
    outer loop
      vertex 52.3228 -38.3011 -34.7656
      vertex 52.3899 -48.0931 -24.7728
      vertex 52.3899 -38.2007 -34.6652
    endloop
  endfacet
  facet normal -0.904042 0.30225 0.302247
    outer loop
      vertex 52.3899 -48.0931 -24.7728
      vertex 52.3228 -38.3011 -34.7656
      vertex 52.3228 -48.1935 -24.8731
    endloop
  endfacet
  facet normal -0.998797 -0.0346742 -0.0346742
    outer loop
      vertex 52.5117 -37.7678 -34.2322
      vertex 52.504 -47.5493 -24.2289
      vertex 52.504 -37.6569 -34.1213
    endloop
  endfacet
  facet normal -0.998797 -0.0346742 -0.0346742
    outer loop
      vertex 52.504 -47.5493 -24.2289
      vertex 52.5117 -37.7678 -34.2322
      vertex 52.5117 -47.6602 -24.3398
    endloop
  endfacet
  facet normal 0.0495448 -0.706242 -0.706235
    outer loop
      vertex 50.7549 -46.5343 -23.2139
      vertex 50.9117 -36.6364 -33.1009
      vertex 50.9117 -46.5288 -23.2084
    endloop
  endfacet
  facet normal 0.0486461 -0.706266 -0.706273
    outer loop
      vertex 50.9117 -36.6364 -33.1009
      vertex 50.7549 -46.5343 -23.2139
      vertex 50.7549 -36.6418 -33.1063
    endloop
  endfacet
  facet normal 0.857717 -0.363539 -0.363539
    outer loop
      vertex 49.5813 -47.0316 -23.7113
      vertex 49.5006 -37.2344 -33.6989
      vertex 49.5813 -37.1392 -33.6037
    endloop
  endfacet
  facet normal 0.857836 -0.363397 -0.3634
    outer loop
      vertex 49.5006 -37.2344 -33.6989
      vertex 49.5813 -47.0316 -23.7113
      vertex 49.5006 -47.1269 -23.8065
    endloop
  endfacet
  facet normal -0.427507 -0.639233 -0.639233
    outer loop
      vertex 51.524 -36.7225 -33.187
      vertex 51.6659 -46.6624 -23.342
      vertex 51.524 -46.6149 -23.2946
    endloop
  endfacet
  facet normal -0.427875 -0.639113 -0.639107
    outer loop
      vertex 51.6659 -46.6624 -23.342
      vertex 51.524 -36.7225 -33.187
      vertex 51.6659 -36.77 -33.2345
    endloop
  endfacet
  facet normal 0.904124 -0.302124 -0.302127
    outer loop
      vertex 49.5006 -47.1269 -23.8065
      vertex 49.4335 -37.3348 -33.7993
      vertex 49.5006 -37.2344 -33.6989
    endloop
  endfacet
  facet normal 0.904042 -0.302248 -0.302248
    outer loop
      vertex 49.4335 -37.3348 -33.7993
      vertex 49.5006 -47.1269 -23.8065
      vertex 49.4335 -47.2272 -23.9069
    endloop
  endfacet
  facet normal -0.904124 -0.302124 -0.302127
    outer loop
      vertex 52.3899 -37.3348 -33.7993
      vertex 52.3228 -47.1269 -23.8065
      vertex 52.3228 -37.2344 -33.6989
    endloop
  endfacet
  facet normal -0.904042 -0.302248 -0.302248
    outer loop
      vertex 52.3228 -47.1269 -23.8065
      vertex 52.3899 -37.3348 -33.7993
      vertex 52.3899 -47.2272 -23.9069
    endloop
  endfacet
  facet normal 0.146732 -0.69945 -0.699457
    outer loop
      vertex 50.5995 -46.5506 -23.2302
      vertex 50.7549 -36.6418 -33.1063
      vertex 50.7549 -46.5343 -23.2139
    endloop
  endfacet
  facet normal 0.146732 -0.69945 -0.699457
    outer loop
      vertex 50.7549 -36.6418 -33.1063
      vertex 50.5995 -46.5506 -23.2302
      vertex 50.5995 -36.6581 -33.1226
    endloop
  endfacet
  facet normal -0.989125 0.104 0.104
    outer loop
      vertex 52.4809 -37.9885 -34.453
      vertex 52.504 -47.7711 -24.4507
      vertex 52.504 -37.8787 -34.3431
    endloop
  endfacet
  facet normal -0.989115 0.104047 0.104046
    outer loop
      vertex 52.504 -47.7711 -24.4507
      vertex 52.4809 -37.9885 -34.453
      vertex 52.4809 -47.8809 -24.5605
    endloop
  endfacet
  facet normal 0.514175 -0.606478 -0.606472
    outer loop
      vertex 50.0228 -46.7195 -23.3991
      vertex 50.1575 -36.77 -33.2345
      vertex 50.1575 -46.6624 -23.342
    endloop
  endfacet
  facet normal 0.513844 -0.606615 -0.606615
    outer loop
      vertex 50.1575 -36.77 -33.2345
      vertex 50.0228 -46.7195 -23.3991
      vertex 50.0228 -36.8271 -33.2915
    endloop
  endfacet
  facet normal -0.0495448 -0.706242 -0.706235
    outer loop
      vertex 50.9117 -36.6364 -33.1009
      vertex 51.0685 -46.5343 -23.2139
      vertex 50.9117 -46.5288 -23.2084
    endloop
  endfacet
  facet normal -0.0486461 -0.706266 -0.706273
    outer loop
      vertex 51.0685 -46.5343 -23.2139
      vertex 50.9117 -36.6364 -33.1009
      vertex 51.0685 -36.6418 -33.1063
    endloop
  endfacet
  facet normal 0.336934 0.665761 0.665761
    outer loop
      vertex 50.4472 -48.7428 -25.4225
      vertex 50.2994 -38.813 -35.2775
      vertex 50.2994 -48.7054 -25.3851
    endloop
  endfacet
  facet normal 0.336934 0.665761 0.665761
    outer loop
      vertex 50.2994 -38.813 -35.2775
      vertex 50.4472 -48.7428 -25.4225
      vertex 50.4472 -38.8504 -35.3149
    endloop
  endfacet
  facet normal -0.514175 -0.606478 -0.606472
    outer loop
      vertex 51.6659 -36.77 -33.2345
      vertex 51.8006 -46.7195 -23.3991
      vertex 51.6659 -46.6624 -23.342
    endloop
  endfacet
  facet normal -0.513844 -0.606615 -0.606615
    outer loop
      vertex 51.8006 -46.7195 -23.3991
      vertex 51.6659 -36.77 -33.2345
      vertex 51.8006 -36.8271 -33.2915
    endloop
  endfacet
  facet normal 0.427507 -0.639233 -0.639233
    outer loop
      vertex 50.1575 -46.6624 -23.342
      vertex 50.2994 -36.7225 -33.187
      vertex 50.2994 -46.6149 -23.2946
    endloop
  endfacet
  facet normal 0.427875 -0.639113 -0.639107
    outer loop
      vertex 50.2994 -36.7225 -33.187
      vertex 50.1575 -46.6624 -23.342
      vertex 50.1575 -36.77 -33.2345
    endloop
  endfacet
  facet normal -0.970109 -0.171592 -0.171594
    outer loop
      vertex 52.4809 -37.547 -34.0115
      vertex 52.4428 -47.3318 -24.0114
      vertex 52.4428 -37.4393 -33.9038
    endloop
  endfacet
  facet normal -0.970109 -0.171592 -0.171594
    outer loop
      vertex 52.4428 -47.3318 -24.0114
      vertex 52.4809 -37.547 -34.0115
      vertex 52.4809 -47.4395 -24.1191
    endloop
  endfacet
  facet normal 0.969959 0.172018 0.172016
    outer loop
      vertex 49.3424 -47.8809 -24.5605
      vertex 49.3806 -38.0962 -34.5607
      vertex 49.3424 -37.9885 -34.453
    endloop
  endfacet
  facet normal 0.969959 0.172018 0.172016
    outer loop
      vertex 49.3806 -38.0962 -34.5607
      vertex 49.3424 -47.8809 -24.5605
      vertex 49.3806 -47.9886 -24.6682
    endloop
  endfacet
  facet normal -0.146825 -0.69944 -0.699447
    outer loop
      vertex 51.0685 -36.6418 -33.1063
      vertex 51.2238 -46.5506 -23.2302
      vertex 51.0685 -46.5343 -23.2139
    endloop
  endfacet
  facet normal -0.146825 -0.69944 -0.699447
    outer loop
      vertex 51.2238 -46.5506 -23.2302
      vertex 51.0685 -36.6418 -33.1063
      vertex 51.2238 -36.6581 -33.1226
    endloop
  endfacet
  facet normal -0.671317 -0.524089 -0.524084
    outer loop
      vertex 52.0431 -36.9678 -33.4322
      vertex 51.9267 -46.7856 -23.4652
      vertex 51.9267 -36.8932 -33.3577
    endloop
  endfacet
  facet normal -0.671564 -0.523928 -0.523928
    outer loop
      vertex 51.9267 -46.7856 -23.4652
      vertex 52.0431 -36.9678 -33.4322
      vertex 52.0431 -46.8602 -23.5398
    endloop
  endfacet
  facet normal 0.671317 0.524087 0.524087
    outer loop
      vertex 49.7803 -48.4602 -25.1398
      vertex 49.8967 -38.6423 -35.1068
      vertex 49.7803 -38.5678 -35.0322
    endloop
  endfacet
  facet normal 0.671564 0.523926 0.523931
    outer loop
      vertex 49.8967 -38.6423 -35.1068
      vertex 49.7803 -48.4602 -25.1398
      vertex 49.8967 -48.5348 -25.2144
    endloop
  endfacet
  facet normal -0.427507 0.63923 0.639236
    outer loop
      vertex 51.6659 -38.7655 -35.23
      vertex 51.524 -48.7054 -25.3851
      vertex 51.6659 -48.658 -25.3376
    endloop
  endfacet
  facet normal -0.427875 0.63911 0.63911
    outer loop
      vertex 51.524 -48.7054 -25.3851
      vertex 51.6659 -38.7655 -35.23
      vertex 51.524 -38.813 -35.2775
    endloop
  endfacet
  facet normal -0.146825 0.699447 0.69944
    outer loop
      vertex 51.2238 -38.8774 -35.3419
      vertex 51.0685 -48.7861 -25.4657
      vertex 51.2238 -48.7698 -25.4494
    endloop
  endfacet
  facet normal -0.146825 0.699447 0.69944
    outer loop
      vertex 51.0685 -48.7861 -25.4657
      vertex 51.2238 -38.8774 -35.3419
      vertex 51.0685 -38.8937 -35.3582
    endloop
  endfacet
  facet normal -0.595815 0.56789 0.567896
    outer loop
      vertex 51.8006 -38.7085 -35.1729
      vertex 51.9267 -48.5348 -25.2144
      vertex 51.9267 -38.6423 -35.1068
    endloop
  endfacet
  facet normal -0.595524 0.568045 0.568045
    outer loop
      vertex 51.9267 -48.5348 -25.2144
      vertex 51.8006 -38.7085 -35.1729
      vertex 51.8006 -48.6009 -25.2805
    endloop
  endfacet
  facet normal 0.242764 -0.685954 -0.685954
    outer loop
      vertex 50.4472 -36.6851 -33.1496
      vertex 50.5995 -46.5506 -23.2302
      vertex 50.4472 -46.5775 -23.2572
    endloop
  endfacet
  facet normal 0.243188 -0.685875 -0.685882
    outer loop
      vertex 50.5995 -46.5506 -23.2302
      vertex 50.4472 -36.6851 -33.1496
      vertex 50.5995 -36.6581 -33.1226
    endloop
  endfacet
  facet normal 0.904124 0.302125 0.302125
    outer loop
      vertex 49.4335 -48.0931 -24.7728
      vertex 49.5006 -38.3011 -34.7656
      vertex 49.4335 -38.2007 -34.6652
    endloop
  endfacet
  facet normal 0.904042 0.30225 0.302247
    outer loop
      vertex 49.5006 -38.3011 -34.7656
      vertex 49.4335 -48.0931 -24.7728
      vertex 49.5006 -48.1935 -24.8731
    endloop
  endfacet
  facet normal -0.9415 0.238304 0.238302
    outer loop
      vertex 52.3899 -38.2007 -34.6652
      vertex 52.4428 -47.9886 -24.6682
      vertex 52.4428 -38.0962 -34.5607
    endloop
  endfacet
  facet normal -0.941552 0.238202 0.238202
    outer loop
      vertex 52.4428 -47.9886 -24.6682
      vertex 52.3899 -38.2007 -34.6652
      vertex 52.3899 -48.0931 -24.7728
    endloop
  endfacet
  facet normal -0.336733 -0.665812 -0.665812
    outer loop
      vertex 51.3761 -36.6851 -33.1496
      vertex 51.524 -46.6149 -23.2946
      vertex 51.3761 -46.5775 -23.2572
    endloop
  endfacet
  facet normal -0.336733 -0.665812 -0.665812
    outer loop
      vertex 51.524 -46.6149 -23.2946
      vertex 51.3761 -36.6851 -33.1496
      vertex 51.524 -36.7225 -33.187
    endloop
  endfacet
  facet normal 0.146732 0.699457 0.69945
    outer loop
      vertex 50.7549 -48.7861 -25.4657
      vertex 50.5995 -38.8774 -35.3419
      vertex 50.5995 -48.7698 -25.4494
    endloop
  endfacet
  facet normal 0.146732 0.699457 0.69945
    outer loop
      vertex 50.5995 -38.8774 -35.3419
      vertex 50.7549 -48.7861 -25.4657
      vertex 50.7549 -38.8937 -35.3582
    endloop
  endfacet
  facet normal -0.989125 -0.103999 -0.104
    outer loop
      vertex 52.504 -37.6569 -34.1213
      vertex 52.4809 -47.4395 -24.1191
      vertex 52.4809 -37.547 -34.0115
    endloop
  endfacet
  facet normal -0.989115 -0.104046 -0.104046
    outer loop
      vertex 52.4809 -47.4395 -24.1191
      vertex 52.504 -37.6569 -34.1213
      vertex 52.504 -47.5493 -24.2289
    endloop
  endfacet
  facet normal 0.998797 0.0346742 0.0346742
    outer loop
      vertex 49.3117 -47.6602 -24.3398
      vertex 49.3194 -37.8787 -34.3431
      vertex 49.3117 -37.7678 -34.2322
    endloop
  endfacet
  facet normal 0.998797 0.0346742 0.0346742
    outer loop
      vertex 49.3194 -37.8787 -34.3431
      vertex 49.3117 -47.6602 -24.3398
      vertex 49.3194 -47.7711 -24.4507
    endloop
  endfacet
  facet normal -0.671317 0.524087 0.524087
    outer loop
      vertex 51.9267 -38.6423 -35.1068
      vertex 52.0431 -48.4602 -25.1398
      vertex 52.0431 -38.5678 -35.0322
    endloop
  endfacet
  facet normal -0.671564 0.523926 0.523931
    outer loop
      vertex 52.0431 -48.4602 -25.1398
      vertex 51.9267 -38.6423 -35.1068
      vertex 51.9267 -48.5348 -25.2144
    endloop
  endfacet
  facet normal 0.989217 -0.103559 -0.10356
    outer loop
      vertex 49.3424 -47.4395 -24.1191
      vertex 49.3194 -37.6569 -34.1213
      vertex 49.3424 -37.547 -34.0115
    endloop
  endfacet
  facet normal 0.989208 -0.103606 -0.103606
    outer loop
      vertex 49.3194 -37.6569 -34.1213
      vertex 49.3424 -47.4395 -24.1191
      vertex 49.3194 -47.5493 -24.2289
    endloop
  endfacet
  facet normal 0.9415 -0.238303 -0.238303
    outer loop
      vertex 49.4335 -47.2272 -23.9069
      vertex 49.3806 -37.4393 -33.9038
      vertex 49.4335 -37.3348 -33.7993
    endloop
  endfacet
  facet normal 0.941552 -0.238201 -0.238203
    outer loop
      vertex 49.3806 -37.4393 -33.9038
      vertex 49.4335 -47.2272 -23.9069
      vertex 49.3806 -47.3318 -24.0114
    endloop
  endfacet
  facet normal -0.741032 -0.474801 -0.474801
    outer loop
      vertex 52.1485 -37.05 -33.5145
      vertex 52.0431 -46.8602 -23.5398
      vertex 52.0431 -36.9678 -33.4322
    endloop
  endfacet
  facet normal -0.741235 -0.47464 -0.474645
    outer loop
      vertex 52.0431 -46.8602 -23.5398
      vertex 52.1485 -37.05 -33.5145
      vertex 52.1485 -46.9425 -23.6221
    endloop
  endfacet
  facet normal 0.9415 0.238304 0.238302
    outer loop
      vertex 49.3806 -47.9886 -24.6682
      vertex 49.4335 -38.2007 -34.6652
      vertex 49.3806 -38.0962 -34.5607
    endloop
  endfacet
  facet normal 0.941552 0.238202 0.238202
    outer loop
      vertex 49.4335 -38.2007 -34.6652
      vertex 49.3806 -47.9886 -24.6682
      vertex 49.4335 -48.0931 -24.7728
    endloop
  endfacet
  facet normal -0.595815 -0.567893 -0.567893
    outer loop
      vertex 51.9267 -36.8932 -33.3577
      vertex 51.8006 -46.7195 -23.3991
      vertex 51.8006 -36.8271 -33.2915
    endloop
  endfacet
  facet normal -0.595524 -0.568048 -0.568042
    outer loop
      vertex 51.8006 -46.7195 -23.3991
      vertex 51.9267 -36.8932 -33.3577
      vertex 51.9267 -46.7856 -23.4652
    endloop
  endfacet
  facet normal 0.803078 -0.421344 -0.421348
    outer loop
      vertex 49.6749 -46.9425 -23.6221
      vertex 49.5813 -37.1392 -33.6037
      vertex 49.6749 -37.05 -33.5145
    endloop
  endfacet
  facet normal 0.802919 -0.421498 -0.421498
    outer loop
      vertex 49.5813 -37.1392 -33.6037
      vertex 49.6749 -46.9425 -23.6221
      vertex 49.5813 -47.0316 -23.7113
    endloop
  endfacet
  facet normal 0.427507 0.63923 0.639236
    outer loop
      vertex 50.2994 -48.7054 -25.3851
      vertex 50.1575 -38.7655 -35.23
      vertex 50.1575 -48.658 -25.3376
    endloop
  endfacet
  facet normal 0.427875 0.63911 0.63911
    outer loop
      vertex 50.1575 -38.7655 -35.23
      vertex 50.2994 -48.7054 -25.3851
      vertex 50.2994 -38.813 -35.2775
    endloop
  endfacet
  facet normal 0.513844 0.606615 0.606615
    outer loop
      vertex 50.0228 -48.6009 -25.2805
      vertex 50.1575 -38.7655 -35.23
      vertex 50.0228 -38.7085 -35.1729
    endloop
  endfacet
  facet normal 0.514175 0.606472 0.606478
    outer loop
      vertex 50.1575 -38.7655 -35.23
      vertex 50.0228 -48.6009 -25.2805
      vertex 50.1575 -48.658 -25.3376
    endloop
  endfacet
  facet normal 0.336934 -0.665761 -0.665761
    outer loop
      vertex 50.2994 -46.6149 -23.2946
      vertex 50.4472 -36.6851 -33.1496
      vertex 50.4472 -46.5775 -23.2572
    endloop
  endfacet
  facet normal 0.336934 -0.665761 -0.665761
    outer loop
      vertex 50.4472 -36.6851 -33.1496
      vertex 50.2994 -46.6149 -23.2946
      vertex 50.2994 -36.7225 -33.187
    endloop
  endfacet
  facet normal 0.998797 -0.0346742 -0.0346742
    outer loop
      vertex 49.3194 -47.5493 -24.2289
      vertex 49.3117 -37.7678 -34.2322
      vertex 49.3194 -37.6569 -34.1213
    endloop
  endfacet
  facet normal 0.998797 -0.0346742 -0.0346742
    outer loop
      vertex 49.3117 -37.7678 -34.2322
      vertex 49.3194 -47.5493 -24.2289
      vertex 49.3117 -47.6602 -24.3398
    endloop
  endfacet
  facet normal 0.989217 0.103559 0.103559
    outer loop
      vertex 49.3194 -47.7711 -24.4507
      vertex 49.3424 -37.9885 -34.453
      vertex 49.3194 -37.8787 -34.3431
    endloop
  endfacet
  facet normal 0.989208 0.103606 0.103605
    outer loop
      vertex 49.3424 -37.9885 -34.453
      vertex 49.3194 -47.7711 -24.4507
      vertex 49.3424 -47.8809 -24.5605
    endloop
  endfacet
  facet normal -0.336733 0.665812 0.665812
    outer loop
      vertex 51.524 -38.813 -35.2775
      vertex 51.3761 -48.7428 -25.4225
      vertex 51.524 -48.7054 -25.3851
    endloop
  endfacet
  facet normal -0.336733 0.665812 0.665812
    outer loop
      vertex 51.3761 -48.7428 -25.4225
      vertex 51.524 -38.813 -35.2775
      vertex 51.3761 -38.8504 -35.3149
    endloop
  endfacet
  facet normal -0.242764 0.685954 0.685954
    outer loop
      vertex 51.3761 -38.8504 -35.3149
      vertex 51.2238 -48.7698 -25.4494
      vertex 51.3761 -48.7428 -25.4225
    endloop
  endfacet
  facet normal -0.243188 0.685882 0.685875
    outer loop
      vertex 51.2238 -48.7698 -25.4494
      vertex 51.3761 -38.8504 -35.3149
      vertex 51.2238 -38.8774 -35.3419
    endloop
  endfacet
  facet normal 0.741032 0.474803 0.474799
    outer loop
      vertex 49.6749 -48.3779 -25.0575
      vertex 49.7803 -38.5678 -35.0322
      vertex 49.6749 -38.4855 -34.95
    endloop
  endfacet
  facet normal 0.741235 0.474642 0.474642
    outer loop
      vertex 49.7803 -38.5678 -35.0322
      vertex 49.6749 -48.3779 -25.0575
      vertex 49.7803 -48.4602 -25.1398
    endloop
  endfacet
  facet normal 0.671317 -0.524089 -0.524084
    outer loop
      vertex 49.8967 -46.7856 -23.4652
      vertex 49.7803 -36.9678 -33.4322
      vertex 49.8967 -36.8932 -33.3577
    endloop
  endfacet
  facet normal 0.671564 -0.523928 -0.523928
    outer loop
      vertex 49.7803 -36.9678 -33.4322
      vertex 49.8967 -46.7856 -23.4652
      vertex 49.7803 -46.8602 -23.5398
    endloop
  endfacet
  facet normal 0.0495448 0.706242 0.706235
    outer loop
      vertex 50.9117 -48.7916 -25.4712
      vertex 50.7549 -38.8937 -35.3582
      vertex 50.7549 -48.7861 -25.4657
    endloop
  endfacet
  facet normal 0.0486461 0.706266 0.706273
    outer loop
      vertex 50.7549 -38.8937 -35.3582
      vertex 50.9117 -48.7916 -25.4712
      vertex 50.9117 -38.8991 -35.3636
    endloop
  endfacet
endsolid OpenSCAD_Model
