solid OpenSCAD_Model
  facet normal 1 -0 0
    outer loop
      vertex 30 -50 -17
      vertex 30 -41.9073 -37.6646
      vertex 30 -21.2426 -17
    endloop
  endfacet
  facet normal 1 0 0
    outer loop
      vertex 30 -41.9073 -37.6646
      vertex 30 -50 -17
      vertex 30 -44.0432 -39.8006
    endloop
  endfacet
  facet normal 1 0 0
    outer loop
      vertex 30 -44.0432 -39.8006
      vertex 30 -50 -17
      vertex 30 -44.433 -40.1903
    endloop
  endfacet
  facet normal 1 -0 0
    outer loop
      vertex 30 -12.7574 -17
      vertex 30 -10 -50
      vertex 30 -10 -17
    endloop
  endfacet
  facet normal 1 -0 0
    outer loop
      vertex 30 -37.6646 -41.9073
      vertex 30 -10 -50
      vertex 30 -12.7574 -17
    endloop
  endfacet
  facet normal 1 -0 0
    outer loop
      vertex 30 -39.8006 -44.0432
      vertex 30 -10 -50
      vertex 30 -37.6646 -41.9073
    endloop
  endfacet
  facet normal 1 -0 0
    outer loop
      vertex 30 -40.1903 -44.433
      vertex 30 -10 -50
      vertex 30 -39.8006 -44.0432
    endloop
  endfacet
  facet normal 1 0 0
    outer loop
      vertex 30 -40.1903 -44.433
      vertex 30 -50 -50
      vertex 30 -10 -50
    endloop
  endfacet
  facet normal 1 0 0
    outer loop
      vertex 30 -44.433 -40.1903
      vertex 30 -50 -50
      vertex 30 -40.1903 -44.433
    endloop
  endfacet
  facet normal 1 0 0
    outer loop
      vertex 30 -50 -50
      vertex 30 -44.433 -40.1903
      vertex 30 -50 -17
    endloop
  endfacet
  facet normal 0 0 1
    outer loop
      vertex 30 -10 -17
      vertex 27.1916 -12.4975 -17
      vertex 30 -12.7574 -17
    endloop
  endfacet
  facet normal 0 0 1
    outer loop
      vertex 30 -10 -17
      vertex -27.1916 -12.4975 -17
      vertex 27.1916 -12.4975 -17
    endloop
  endfacet
  facet normal -0 0 1
    outer loop
      vertex -30 -10 -17
      vertex -27.1916 -12.4975 -17
      vertex 30 -10 -17
    endloop
  endfacet
  facet normal 0 0 1
    outer loop
      vertex -30 -12.7574 -17
      vertex -27.1916 -12.4975 -17
      vertex -30 -10 -17
    endloop
  endfacet
  facet normal 0 0 1
    outer loop
      vertex -27.1916 -12.4975 -17
      vertex -30 -12.7574 -17
      vertex -27.1916 -12.7574 -17
    endloop
  endfacet
  facet normal 0 0 1
    outer loop
      vertex 30 -12.7574 -17
      vertex 27.1916 -12.4975 -17
      vertex 27.1916 -12.7574 -17
    endloop
  endfacet
  facet normal 0 0 1
    outer loop
      vertex -27.1916 -21.2426 -17
      vertex -30 -21.2426 -17
      vertex -27.1916 -47.5025 -17
    endloop
  endfacet
  facet normal 0 0 1
    outer loop
      vertex -27.1916 -47.5025 -17
      vertex -12.8786 -48.2808 -17
      vertex -12.9374 -47.8784 -17
    endloop
  endfacet
  facet normal -0 0 1
    outer loop
      vertex -27.1916 -47.5025 -17
      vertex -12.9374 -47.8784 -17
      vertex -12.9556 -47.5025 -17
    endloop
  endfacet
  facet normal 0 0 1
    outer loop
      vertex -12.8786 -48.2808 -17
      vertex -27.1916 -47.5025 -17
      vertex -12.7502 -49.1598 -17
    endloop
  endfacet
  facet normal 0 0 1
    outer loop
      vertex -27.1916 -47.5025 -17
      vertex -12.5429 -50 -17
      vertex -12.7502 -49.1598 -17
    endloop
  endfacet
  facet normal 0 0 1
    outer loop
      vertex -27.1916 -47.5025 -17
      vertex -30 -50 -17
      vertex -12.5429 -50 -17
    endloop
  endfacet
  facet normal 0 0 1
    outer loop
      vertex -30 -50 -17
      vertex -27.1916 -47.5025 -17
      vertex -30 -21.2426 -17
    endloop
  endfacet
  facet normal 0 0 1
    outer loop
      vertex 27.1916 -47.5025 -17
      vertex 30 -21.2426 -17
      vertex 27.1916 -21.2426 -17
    endloop
  endfacet
  facet normal 0 0 1
    outer loop
      vertex 30 -21.2426 -17
      vertex 27.1916 -47.5025 -17
      vertex 30 -50 -17
    endloop
  endfacet
  facet normal 0 0 1
    outer loop
      vertex 27.1916 -47.5025 -17
      vertex 23.6407 -50 -17
      vertex 30 -50 -17
    endloop
  endfacet
  facet normal 0 0 1
    outer loop
      vertex 27.1916 -47.5025 -17
      vertex 23.6386 -49.9905 -17
      vertex 23.6407 -50 -17
    endloop
  endfacet
  facet normal 0 0 1
    outer loop
      vertex 27.1916 -47.5025 -17
      vertex 23.6125 -49.87 -17
      vertex 23.6386 -49.9905 -17
    endloop
  endfacet
  facet normal 0 0 1
    outer loop
      vertex 27.1916 -47.5025 -17
      vertex 23.3149 -48.9098 -17
      vertex 23.6125 -49.87 -17
    endloop
  endfacet
  facet normal 0 0 1
    outer loop
      vertex 27.1916 -47.5025 -17
      vertex 22.9373 -47.9879 -17
      vertex 23.3149 -48.9098 -17
    endloop
  endfacet
  facet normal 0 -0 1
    outer loop
      vertex 22.9373 -47.9879 -17
      vertex 27.1916 -47.5025 -17
      vertex 22.6854 -47.5025 -17
    endloop
  endfacet
  facet normal 0 0 -1
    outer loop
      vertex -30 -50 -50
      vertex 30 -10 -50
      vertex 30 -50 -50
    endloop
  endfacet
  facet normal -0 0 -1
    outer loop
      vertex 30 -10 -50
      vertex -30 -50 -50
      vertex -30 -10 -50
    endloop
  endfacet
  facet normal -1 0 0
    outer loop
      vertex -30 -10 -50
      vertex -30 -12.7574 -17
      vertex -30 -10 -17
    endloop
  endfacet
  facet normal -1 0 0
    outer loop
      vertex -30 -10 -50
      vertex -30 -37.6646 -41.9073
      vertex -30 -12.7574 -17
    endloop
  endfacet
  facet normal -1 0 0
    outer loop
      vertex -30 -10 -50
      vertex -30 -39.8006 -44.0432
      vertex -30 -37.6646 -41.9073
    endloop
  endfacet
  facet normal -1 0 0
    outer loop
      vertex -30 -10 -50
      vertex -30 -40.1903 -44.433
      vertex -30 -39.8006 -44.0432
    endloop
  endfacet
  facet normal -1 -0 0
    outer loop
      vertex -30 -40.1903 -44.433
      vertex -30 -50 -50
      vertex -30 -44.433 -40.1903
    endloop
  endfacet
  facet normal -1 0 0
    outer loop
      vertex -30 -50 -50
      vertex -30 -40.1903 -44.433
      vertex -30 -10 -50
    endloop
  endfacet
  facet normal -1 0 0
    outer loop
      vertex -30 -50 -17
      vertex -30 -41.9073 -37.6646
      vertex -30 -44.0432 -39.8006
    endloop
  endfacet
  facet normal -1 0 0
    outer loop
      vertex -30 -50 -17
      vertex -30 -44.0432 -39.8006
      vertex -30 -44.433 -40.1903
    endloop
  endfacet
  facet normal -1 0 0
    outer loop
      vertex -30 -41.9073 -37.6646
      vertex -30 -50 -17
      vertex -30 -21.2426 -17
    endloop
  endfacet
  facet normal -1 0 0
    outer loop
      vertex -30 -50 -17
      vertex -30 -44.433 -40.1903
      vertex -30 -50 -50
    endloop
  endfacet
  facet normal 0 1 -0
    outer loop
      vertex 30 -10 -50
      vertex -30 -10 -17
      vertex 30 -10 -17
    endloop
  endfacet
  facet normal 0 1 0
    outer loop
      vertex -30 -10 -17
      vertex 30 -10 -50
      vertex -30 -10 -50
    endloop
  endfacet
  facet normal 0 -1 0
    outer loop
      vertex -30 -50 -17
      vertex -12.5383 -50 -17.1072
      vertex -12.5429 -50 -17
    endloop
  endfacet
  facet normal 0 -1 0
    outer loop
      vertex -30 -50 -17
      vertex -12.4402 -50 -19.3616
      vertex -12.5383 -50 -17.1072
    endloop
  endfacet
  facet normal 0 -1 0
    outer loop
      vertex -30 -50 -17
      vertex -12.3247 -50 -21.2202
      vertex -12.4402 -50 -19.3616
    endloop
  endfacet
  facet normal 0 -1 0
    outer loop
      vertex -30 -50 -17
      vertex -12.0104 -50 -26.279
      vertex -12.3247 -50 -21.2202
    endloop
  endfacet
  facet normal 0 -1 0
    outer loop
      vertex -30 -50 -17
      vertex -11.5436 -50 -31.9626
      vertex -12.0104 -50 -26.279
    endloop
  endfacet
  facet normal 0 -1 0
    outer loop
      vertex -30 -50 -50
      vertex -11.5436 -50 -31.9626
      vertex -30 -50 -17
    endloop
  endfacet
  facet normal 0 -1 -0
    outer loop
      vertex -11.5436 -50 -31.9626
      vertex -30 -50 -50
      vertex -11.465 -50 -32.9204
    endloop
  endfacet
  facet normal 0 -1 -0
    outer loop
      vertex -11.465 -50 -32.9204
      vertex -30 -50 -50
      vertex -11.3836 -50 -33.7022
    endloop
  endfacet
  facet normal 0 -1 -0
    outer loop
      vertex -11.3836 -50 -33.7022
      vertex -30 -50 -50
      vertex -10.8091 -50 -39.222
    endloop
  endfacet
  facet normal 0 -1 0
    outer loop
      vertex -7.39726 -50 -45.4106
      vertex -10.1318 -50 -44.4106
      vertex -10.1409 -50 -44.4106
    endloop
  endfacet
  facet normal 0 -1 0
    outer loop
      vertex -10.1318 -50 -44.4106
      vertex -7.39726 -50 -45.4106
      vertex -9.98519 -50 -44.4106
    endloop
  endfacet
  facet normal 0 -1 0
    outer loop
      vertex -9.98519 -50 -44.4106
      vertex -7.39726 -50 -45.4106
      vertex -9.03375 -50 -44.4106
    endloop
  endfacet
  facet normal 0 -1 0
    outer loop
      vertex -9.03375 -50 -44.4106
      vertex -7.39726 -50 -45.4106
      vertex -8.13609 -50 -44.4106
    endloop
  endfacet
  facet normal 0 -1 0
    outer loop
      vertex -8.13609 -50 -44.4106
      vertex -7.39726 -50 -45.4106
      vertex -7.58885 -50 -44.4106
    endloop
  endfacet
  facet normal 0 0 0
    outer loop
      vertex -7.39726 -50 -45.4106
      vertex -7.28994 -50 -45.4106
      vertex -7.35803 -50 -45.4106
    endloop
  endfacet
  facet normal 0 0 0
    outer loop
      vertex -7.39726 -50 -45.4106
      vertex -7.03824 -50 -45.4106
      vertex -7.28994 -50 -45.4106
    endloop
  endfacet
  facet normal 0 0 0
    outer loop
      vertex -7.39726 -50 -45.4106
      vertex -6.72429 -50 -45.4106
      vertex -7.03824 -50 -45.4106
    endloop
  endfacet
  facet normal 0 -1 0
    outer loop
      vertex -30 -50 -50
      vertex -6.72429 -50 -45.4106
      vertex -7.39726 -50 -45.4106
    endloop
  endfacet
  facet normal 0 -1 -0
    outer loop
      vertex -6.72429 -50 -45.4106
      vertex -30 -50 -50
      vertex 6.72429 -50 -45.4106
    endloop
  endfacet
  facet normal 0 -1 0
    outer loop
      vertex 30 -50 -50
      vertex 6.72429 -50 -45.4106
      vertex -30 -50 -50
    endloop
  endfacet
  facet normal 0 -1 0
    outer loop
      vertex 6.72429 -50 -45.4106
      vertex 30 -50 -50
      vertex 7.03824 -50 -45.4106
    endloop
  endfacet
  facet normal 0 -1 0
    outer loop
      vertex 7.03824 -50 -45.4106
      vertex 30 -50 -50
      vertex 7.28994 -50 -45.4106
    endloop
  endfacet
  facet normal 0 -1 0
    outer loop
      vertex 7.28994 -50 -45.4106
      vertex 30 -50 -50
      vertex 7.35803 -50 -45.4106
    endloop
  endfacet
  facet normal 0 -1 -0
    outer loop
      vertex -10.1409 -50 -44.4106
      vertex -30 -50 -50
      vertex -7.39726 -50 -45.4106
    endloop
  endfacet
  facet normal 0 -1 -0
    outer loop
      vertex -10.8091 -50 -39.222
      vertex -30 -50 -50
      vertex -10.1409 -50 -44.4106
    endloop
  endfacet
  facet normal 0 -1 0
    outer loop
      vertex 7.39726 -50 -45.4106
      vertex 8.13609 -50 -44.4106
      vertex 7.58885 -50 -44.4106
    endloop
  endfacet
  facet normal 0 -1 -0
    outer loop
      vertex 8.13609 -50 -44.4106
      vertex 7.39726 -50 -45.4106
      vertex 9.03375 -50 -44.4106
    endloop
  endfacet
  facet normal 0 -1 -0
    outer loop
      vertex 9.03375 -50 -44.4106
      vertex 7.39726 -50 -45.4106
      vertex 9.98519 -50 -44.4106
    endloop
  endfacet
  facet normal 0 -1 -0
    outer loop
      vertex 9.98519 -50 -44.4106
      vertex 7.39726 -50 -45.4106
      vertex 10.1318 -50 -44.4106
    endloop
  endfacet
  facet normal 0 -1 -0
    outer loop
      vertex 10.1318 -50 -44.4106
      vertex 7.39726 -50 -45.4106
      vertex 10.1409 -50 -44.4106
    endloop
  endfacet
  facet normal 0 -1 0
    outer loop
      vertex 11.5436 -50 -31.9626
      vertex 11.7002 -50 -30.0829
      vertex 11.698 -50 -30.0829
    endloop
  endfacet
  facet normal 0 -1 -0
    outer loop
      vertex 11.7002 -50 -30.0829
      vertex 11.5436 -50 -31.9626
      vertex 13.7321 -50 -30.0829
    endloop
  endfacet
  facet normal 0 -1 0
    outer loop
      vertex 11.465 -50 -32.9204
      vertex 13.7321 -50 -30.0829
      vertex 11.5436 -50 -31.9626
    endloop
  endfacet
  facet normal 0 -1 -0
    outer loop
      vertex 13.7321 -50 -30.0829
      vertex 11.465 -50 -32.9204
      vertex 14.4576 -50 -30.0829
    endloop
  endfacet
  facet normal 0 -1 -0
    outer loop
      vertex 14.4576 -50 -30.0829
      vertex 11.465 -50 -32.9204
      vertex 15.5424 -50 -30.0829
    endloop
  endfacet
  facet normal 0 -1 0
    outer loop
      vertex 11.3836 -50 -33.7022
      vertex 15.5424 -50 -30.0829
      vertex 11.465 -50 -32.9204
    endloop
  endfacet
  facet normal 0 -1 -0
    outer loop
      vertex 15.5424 -50 -30.0829
      vertex 11.3836 -50 -33.7022
      vertex 16.2679 -50 -30.0829
    endloop
  endfacet
  facet normal 0 -1 -0
    outer loop
      vertex 16.2679 -50 -30.0829
      vertex 11.3836 -50 -33.7022
      vertex 18.2998 -50 -30.0829
    endloop
  endfacet
  facet normal 0 -1 0
    outer loop
      vertex 10.8091 -50 -39.222
      vertex 18.2998 -50 -30.0829
      vertex 11.3836 -50 -33.7022
    endloop
  endfacet
  facet normal 0 -1 -0
    outer loop
      vertex 18.2998 -50 -30.0829
      vertex 10.8091 -50 -39.222
      vertex 19.5776 -50 -30.0829
    endloop
  endfacet
  facet normal 0 -1 -0
    outer loop
      vertex 19.5776 -50 -30.0829
      vertex 10.8091 -50 -39.222
      vertex 20.326 -50 -30.0829
    endloop
  endfacet
  facet normal 0 -1 0
    outer loop
      vertex 21.8655 -50 -24.7313
      vertex 22.2683 -50 -24.3209
      vertex 21.8959 -50 -24.3209
    endloop
  endfacet
  facet normal 0 -1 -0
    outer loop
      vertex 22.2683 -50 -24.3209
      vertex 21.8655 -50 -24.7313
      vertex 23.247 -50 -24.3209
    endloop
  endfacet
  facet normal 0 -1 0
    outer loop
      vertex 21.6986 -50 -26.064
      vertex 23.247 -50 -24.3209
      vertex 21.8655 -50 -24.7313
    endloop
  endfacet
  facet normal 0 -1 -0
    outer loop
      vertex 23.247 -50 -24.3209
      vertex 21.6986 -50 -26.064
      vertex 23.8271 -50 -24.3209
    endloop
  endfacet
  facet normal 0 -1 0
    outer loop
      vertex 23.8271 -50 -18.4884
      vertex 30 -50 -17
      vertex 23.6407 -50 -17
    endloop
  endfacet
  facet normal 0 -1 0
    outer loop
      vertex 23.9476 -50 -20.1133
      vertex 30 -50 -17
      vertex 23.8271 -50 -18.4884
    endloop
  endfacet
  facet normal 0 -1 0
    outer loop
      vertex 23.9567 -50 -20.2357
      vertex 30 -50 -17
      vertex 23.9476 -50 -20.1133
    endloop
  endfacet
  facet normal 0 -1 0
    outer loop
      vertex 24 -50 -22
      vertex 30 -50 -17
      vertex 23.9567 -50 -20.2357
    endloop
  endfacet
  facet normal 0 -1 0
    outer loop
      vertex 23.9567 -50 -23.7643
      vertex 30 -50 -17
      vertex 24 -50 -22
    endloop
  endfacet
  facet normal 0 -1 0
    outer loop
      vertex 23.9154 -50 -24.3209
      vertex 30 -50 -17
      vertex 23.9567 -50 -23.7643
    endloop
  endfacet
  facet normal 0 -1 -0
    outer loop
      vertex 23.8271 -50 -24.3209
      vertex 21.6986 -50 -26.064
      vertex 23.9154 -50 -24.3209
    endloop
  endfacet
  facet normal 0 -1 0
    outer loop
      vertex 21.4672 -50 -27.3576
      vertex 23.9154 -50 -24.3209
      vertex 21.6986 -50 -26.064
    endloop
  endfacet
  facet normal 0 -1 0
    outer loop
      vertex 21.1734 -50 -28.5996
      vertex 23.9154 -50 -24.3209
      vertex 21.4672 -50 -27.3576
    endloop
  endfacet
  facet normal 0 -1 0
    outer loop
      vertex 20.8203 -50 -29.778
      vertex 23.9154 -50 -24.3209
      vertex 21.1734 -50 -28.5996
    endloop
  endfacet
  facet normal 0 -1 -0
    outer loop
      vertex 23.9154 -50 -24.3209
      vertex 20.8203 -50 -29.778
      vertex 30 -50 -50
    endloop
  endfacet
  facet normal 0 -1 0
    outer loop
      vertex 30 -50 -50
      vertex 20.8203 -50 -29.778
      vertex 20.7072 -50 -30.0829
    endloop
  endfacet
  facet normal 0 -1 -0
    outer loop
      vertex 20.326 -50 -30.0829
      vertex 10.8091 -50 -39.222
      vertex 20.5539 -50 -30.0829
    endloop
  endfacet
  facet normal 0 -1 -0
    outer loop
      vertex 20.5539 -50 -30.0829
      vertex 10.8091 -50 -39.222
      vertex 20.6504 -50 -30.0829
    endloop
  endfacet
  facet normal 0 -1 -0
    outer loop
      vertex 20.6504 -50 -30.0829
      vertex 10.8091 -50 -39.222
      vertex 20.7072 -50 -30.0829
    endloop
  endfacet
  facet normal 0 -1 0
    outer loop
      vertex 30 -50 -50
      vertex 10.8091 -50 -39.222
      vertex 10.1409 -50 -44.4106
    endloop
  endfacet
  facet normal 0 -1 0
    outer loop
      vertex 23.9154 -50 -24.3209
      vertex 30 -50 -50
      vertex 30 -50 -17
    endloop
  endfacet
  facet normal 0 -1 0
    outer loop
      vertex 10.8091 -50 -39.222
      vertex 30 -50 -50
      vertex 20.7072 -50 -30.0829
    endloop
  endfacet
  facet normal 0 -1 0
    outer loop
      vertex 7.39726 -50 -45.4106
      vertex 30 -50 -50
      vertex 10.1409 -50 -44.4106
    endloop
  endfacet
  facet normal 0 -1 0
    outer loop
      vertex 7.35803 -50 -45.4106
      vertex 30 -50 -50
      vertex 7.39726 -50 -45.4106
    endloop
  endfacet
  facet normal 0.989175 -0.127081 -0.0733699
    outer loop
      vertex 23.9567 -75.764 20.8602
      vertex 23.8271 -76.5206 20.4234
      vertex 23.8271 -50.5156 -24.6186
    endloop
  endfacet
  facet normal -0.000160621 0.500078 -0.86598
    outer loop
      vertex 21.9571 -53.9396 -26.5955
      vertex 21.364 -54.5064 -26.9227
      vertex 22.4832 -53.3252 -26.2408
    endloop
  endfacet
  facet normal 0 -0.499992 0.86603
    outer loop
      vertex 23.8271 -73.4794 22.1792
      vertex 23.8271 -76.5206 20.4234
      vertex 24 -75 21.3013
    endloop
  endfacet
  facet normal 0 0.499893 -0.866087
    outer loop
      vertex 14.1178 -56.7517 -28.219
      vertex 18.4441 -56.1959 -27.8982
      vertex 15.8822 -56.7517 -28.219
    endloop
  endfacet
  facet normal 0 0.499893 -0.866087
    outer loop
      vertex 18.4441 -56.1959 -27.8982
      vertex 14.1178 -56.7517 -28.219
      vertex 11.5558 -56.1959 -27.8982
    endloop
  endfacet
  facet normal -0.243009 0.840066 0.485011
    outer loop
      vertex 13.2442 -67.3555 25.7148
      vertex 12.3874 -53.9186 2.01208
      vertex 12.3874 -67.5414 25.6075
    endloop
  endfacet
  facet normal -0.24346 0.83996 0.484968
    outer loop
      vertex 13.2442 -67.3555 25.7148
      vertex 12.4402 -53.7096 1.6766
      vertex 12.3874 -53.9186 2.01208
    endloop
  endfacet
  facet normal -0.242932 0.840083 0.48502
    outer loop
      vertex 13.2442 -67.3555 25.7148
      vertex 12.6021 -52.7857 0.157442
      vertex 12.4402 -53.7096 1.6766
    endloop
  endfacet
  facet normal -0.243258 0.840009 0.484986
    outer loop
      vertex 12.6021 -52.7857 0.157442
      vertex 13.2442 -67.3555 25.7148
      vertex 12.7354 -52.0241 -1.09481
    endloop
  endfacet
  facet normal 0.243135 0.840038 0.484996
    outer loop
      vertex 17.5473 -43.5033 -15.995
      vertex 17.6126 -67.5414 25.6075
      vertex 17.6126 -43.5222 -15.995
    endloop
  endfacet
  facet normal 0.243009 0.840066 0.485012
    outer loop
      vertex 17.6126 -67.5414 25.6075
      vertex 17.5473 -43.5033 -15.995
      vertex 16.7558 -67.3555 25.7148
    endloop
  endfacet
  facet normal -0.000103113 0.499541 -0.86629
    outer loop
      vertex 12.3874 -56.4536 -28.0469
      vertex 11.5558 -56.1959 -27.8982
      vertex 13.2442 -56.6395 -28.1542
    endloop
  endfacet
  facet normal 0.671529 0.641706 0.37049
    outer loop
      vertex 20.7095 -68.975 24.7798
      vertex 20.7719 -45.4989 -15.995
      vertex 20.7095 -45.4336 -15.995
    endloop
  endfacet
  facet normal 0.671488 0.641738 0.370508
    outer loop
      vertex 20.7719 -45.4989 -15.995
      vertex 20.7095 -68.975 24.7798
      vertex 21.364 -69.4886 24.4832
    endloop
  endfacet
  facet normal -0.989177 0.127068 0.0733624
    outer loop
      vertex 6.04334 -74.236 21.7423
      vertex 6.11023 -61.2634 0.174914
      vertex 6.04334 -61.0807 -1.04344
    endloop
  endfacet
  facet normal -0.989178 0.127064 0.07336
    outer loop
      vertex 6.11023 -61.2634 0.174914
      vertex 6.04334 -74.236 21.7423
      vertex 6.17293 -73.4794 22.1792
    endloop
  endfacet
  facet normal 0.989179 0.127057 0.073356
    outer loop
      vertex 23.8271 -50 -18.4884
      vertex 23.8271 -73.4794 22.1792
      vertex 23.9476 -50 -20.1133
    endloop
  endfacet
  facet normal 0.000160621 -0.500078 0.86598
    outer loop
      vertex 22.4832 -79.3302 18.8012
      vertex 21.364 -80.5114 18.1193
      vertex 21.9571 -79.9446 18.4465
    endloop
  endfacet
  facet normal 6.89726e-05 -0.49993 0.866066
    outer loop
      vertex 23.8271 -76.5206 20.4234
      vertex 21.9663 -74.4058 21.6443
      vertex 22 -75 21.3013
    endloop
  endfacet
  facet normal -0.000107417 -0.500046 0.865999
    outer loop
      vertex 23.8271 -76.5206 20.4234
      vertex 21.8655 -73.8173 21.9841
      vertex 21.9663 -74.4058 21.6443
    endloop
  endfacet
  facet normal -7.57947e-05 -0.500029 0.866009
    outer loop
      vertex 23.8271 -76.5206 20.4234
      vertex 21.6986 -73.2402 22.3173
      vertex 21.8655 -73.8173 21.9841
    endloop
  endfacet
  facet normal 0.000470081 -0.499763 0.866162
    outer loop
      vertex 21.6986 -73.2402 22.3173
      vertex 23.8271 -76.5206 20.4234
      vertex 21.4883 -72.7312 22.6111
    endloop
  endfacet
  facet normal -5.30765e-05 -0.50004 0.866002
    outer loop
      vertex 21.9663 -75.5942 20.9582
      vertex 23.8271 -76.5206 20.4234
      vertex 22 -75 21.3013
    endloop
  endfacet
  facet normal 2.31153e-05 -0.499925 0.866069
    outer loop
      vertex 21.8655 -76.1827 20.6185
      vertex 23.8271 -76.5206 20.4234
      vertex 21.9663 -75.5942 20.9582
    endloop
  endfacet
  facet normal 0 -0.500026 0.866011
    outer loop
      vertex 23.8271 -76.5206 20.4234
      vertex 21.8655 -76.1827 20.6185
      vertex 21.7678 -76.5206 20.4234
    endloop
  endfacet
  facet normal -6.89748e-05 -0.49993 0.866066
    outer loop
      vertex 8.03371 -74.4058 21.6443
      vertex 6.17293 -76.5206 20.4234
      vertex 8 -75 21.3013
    endloop
  endfacet
  facet normal 0.000107415 -0.500046 0.865999
    outer loop
      vertex 8.1345 -73.8173 21.9841
      vertex 6.17293 -76.5206 20.4234
      vertex 8.03371 -74.4058 21.6443
    endloop
  endfacet
  facet normal 7.58026e-05 -0.500029 0.866009
    outer loop
      vertex 8.30142 -73.2402 22.3173
      vertex 6.17293 -76.5206 20.4234
      vertex 8.1345 -73.8173 21.9841
    endloop
  endfacet
  facet normal -0.000470087 -0.499763 0.866162
    outer loop
      vertex 6.17293 -76.5206 20.4234
      vertex 8.30142 -73.2402 22.3173
      vertex 8.51172 -72.7312 22.6111
    endloop
  endfacet
  facet normal 0 -0.500026 0.866011
    outer loop
      vertex 8.1345 -76.1827 20.6185
      vertex 6.17293 -76.5206 20.4234
      vertex 8.23224 -76.5206 20.4234
    endloop
  endfacet
  facet normal -2.31157e-05 -0.499925 0.866069
    outer loop
      vertex 8.03371 -75.5942 20.9582
      vertex 6.17293 -76.5206 20.4234
      vertex 8.1345 -76.1827 20.6185
    endloop
  endfacet
  facet normal 5.30766e-05 -0.50004 0.866002
    outer loop
      vertex 6.17293 -76.5206 20.4234
      vertex 8.03371 -75.5942 20.9582
      vertex 8 -75 21.3013
    endloop
  endfacet
  facet normal 7.65084e-05 -0.499973 0.866041
    outer loop
      vertex 18.4441 -67.7991 25.4587
      vertex 20.4111 -71.1542 23.5216
      vertex 20.7829 -71.5884 23.2709
    endloop
  endfacet
  facet normal -9.28349e-07 -0.500007 0.866022
    outer loop
      vertex 18.4441 -67.7991 25.4587
      vertex 19.9497 -70.7134 23.7761
      vertex 20.4111 -71.1542 23.5216
    endloop
  endfacet
  facet normal 0.000128012 -0.499957 0.86605
    outer loop
      vertex 18.4441 -67.7991 25.4587
      vertex 19.4408 -70.3139 24.0068
      vertex 19.9497 -70.7134 23.7761
    endloop
  endfacet
  facet normal -2.11643e-05 -0.500001 0.866025
    outer loop
      vertex 18.4441 -67.7991 25.4587
      vertex 18.889 -69.9595 24.2114
      vertex 19.4408 -70.3139 24.0068
    endloop
  endfacet
  facet normal 8.96541e-05 -0.499984 0.866035
    outer loop
      vertex 18.4441 -67.7991 25.4587
      vertex 18.3473 -69.6783 24.3738
      vertex 18.889 -69.9595 24.2114
    endloop
  endfacet
  facet normal -0.00106201 -0.499939 0.86606
    outer loop
      vertex 18.4441 -67.7991 25.4587
      vertex 18.2998 -69.6536 24.388
      vertex 18.3473 -69.6783 24.3738
    endloop
  endfacet
  facet normal -0.00059848 -0.499966 0.866045
    outer loop
      vertex 18.4441 -67.7991 25.4587
      vertex 18.2497 -69.6331 24.3998
      vertex 18.2998 -69.6536 24.388
    endloop
  endfacet
  facet normal 1.52041e-05 -0.500015 0.866017
    outer loop
      vertex 18.4441 -67.7991 25.4587
      vertex 17.6788 -69.3993 24.5348
      vertex 18.2497 -69.6331 24.3998
    endloop
  endfacet
  facet normal 0.000111932 -0.50005 0.865997
    outer loop
      vertex 18.4441 -67.7991 25.4587
      vertex 17.032 -69.1989 24.6506
      vertex 17.6788 -69.3993 24.5348
    endloop
  endfacet
  facet normal -8.22194e-05 -0.499903 0.866081
    outer loop
      vertex 18.4441 -67.7991 25.4587
      vertex 16.3656 -69.0543 24.734
      vertex 17.032 -69.1989 24.6506
    endloop
  endfacet
  facet normal -3.54159e-06 -0.500001 0.866025
    outer loop
      vertex 18.4441 -67.7991 25.4587
      vertex 15.6861 -68.967 24.7844
      vertex 16.3656 -69.0543 24.734
    endloop
  endfacet
  facet normal 4.70878e-05 -0.50009 0.865973
    outer loop
      vertex 18.4441 -67.7991 25.4587
      vertex 15 -68.9378 24.8013
      vertex 15.6861 -68.967 24.7844
    endloop
  endfacet
  facet normal 0 -0.499984 0.866035
    outer loop
      vertex 11.5558 -67.7991 25.4587
      vertex 15 -68.9378 24.8013
      vertex 18.4441 -67.7991 25.4587
    endloop
  endfacet
  facet normal -4.70876e-05 -0.50009 0.865973
    outer loop
      vertex 15 -68.9378 24.8013
      vertex 11.5558 -67.7991 25.4587
      vertex 14.3139 -68.967 24.7844
    endloop
  endfacet
  facet normal 3.54156e-06 -0.500001 0.866025
    outer loop
      vertex 14.3139 -68.967 24.7844
      vertex 11.5558 -67.7991 25.4587
      vertex 13.6344 -69.0543 24.734
    endloop
  endfacet
  facet normal -1.52038e-05 -0.500015 0.866017
    outer loop
      vertex 11.5558 -67.7991 25.4587
      vertex 11.7503 -69.6331 24.3998
      vertex 12.3212 -69.3993 24.5348
    endloop
  endfacet
  facet normal 8.22184e-05 -0.499903 0.866081
    outer loop
      vertex 13.6344 -69.0543 24.734
      vertex 11.5558 -67.7991 25.4587
      vertex 12.968 -69.1989 24.6506
    endloop
  endfacet
  facet normal -0.00011193 -0.50005 0.865997
    outer loop
      vertex 11.5558 -67.7991 25.4587
      vertex 12.3212 -69.3993 24.5348
      vertex 12.968 -69.1989 24.6506
    endloop
  endfacet
  facet normal 0.000598467 -0.499966 0.866045
    outer loop
      vertex 11.7503 -69.6331 24.3998
      vertex 11.5558 -67.7991 25.4587
      vertex 11.7002 -69.6536 24.388
    endloop
  endfacet
  facet normal 0.00106198 -0.499939 0.86606
    outer loop
      vertex 11.5558 -67.7991 25.4587
      vertex 11.6527 -69.6783 24.3738
      vertex 11.7002 -69.6536 24.388
    endloop
  endfacet
  facet normal -8.96517e-05 -0.499984 0.866035
    outer loop
      vertex 11.5558 -67.7991 25.4587
      vertex 11.111 -69.9595 24.2114
      vertex 11.6527 -69.6783 24.3738
    endloop
  endfacet
  facet normal 2.11636e-05 -0.500001 0.866025
    outer loop
      vertex 11.5558 -67.7991 25.4587
      vertex 10.5592 -70.3139 24.0068
      vertex 11.111 -69.9595 24.2114
    endloop
  endfacet
  facet normal -0.000128006 -0.499957 0.86605
    outer loop
      vertex 11.5558 -67.7991 25.4587
      vertex 10.0503 -70.7134 23.7761
      vertex 10.5592 -70.3139 24.0068
    endloop
  endfacet
  facet normal 9.28408e-07 -0.500007 0.866022
    outer loop
      vertex 11.5558 -67.7991 25.4587
      vertex 9.58893 -71.1542 23.5216
      vertex 10.0503 -70.7134 23.7761
    endloop
  endfacet
  facet normal -7.64518e-05 -0.499973 0.866041
    outer loop
      vertex 9.58893 -71.1542 23.5216
      vertex 11.5558 -67.7991 25.4587
      vertex 9.21706 -71.5884 23.2709
    endloop
  endfacet
  facet normal 6.24352e-08 -0.499988 0.866032
    outer loop
      vertex 23.3149 -72.0173 23.0233
      vertex 21.364 -69.4886 24.4832
      vertex 23.8271 -76.5206 20.4234
    endloop
  endfacet
  facet normal -4.35099e-05 -0.499992 0.86603
    outer loop
      vertex 23.8271 -73.4794 22.1792
      vertex 23.3149 -72.0173 23.0233
      vertex 23.8271 -76.5206 20.4234
    endloop
  endfacet
  facet normal -0.514124 -0.742804 -0.428858
    outer loop
      vertex 10.7574 -81.8739 17.3326
      vertex 9.99987 -81.4807 17.5597
      vertex 10.7574 -55.8689 -27.7094
    endloop
  endfacet
  facet normal 0 0.500854 -0.865532
    outer loop
      vertex 15 -56.7892 -28.2407
      vertex 14.1178 -56.7517 -28.219
      vertex 15.8822 -56.7517 -28.219
    endloop
  endfacet
  facet normal -3.0538e-05 -0.500069 0.865986
    outer loop
      vertex 13.2442 -82.6445 16.8877
      vertex 10.7574 -81.8739 17.3326
      vertex 11.5558 -82.2009 17.1438
    endloop
  endfacet
  facet normal 0.000103084 0.499541 -0.86629
    outer loop
      vertex 17.6126 -56.4536 -28.0469
      vertex 16.7558 -56.6395 -28.1542
      vertex 18.4441 -56.1959 -27.8982
    endloop
  endfacet
  facet normal -0.000415275 -0.500229 0.865893
    outer loop
      vertex 22.9373 -71.3258 23.4226
      vertex 21.364 -69.4886 24.4832
      vertex 23.3149 -72.0173 23.0233
    endloop
  endfacet
  facet normal -0.595709 -0.695592 -0.4016
    outer loop
      vertex 9.29046 -55.02 -27.2193
      vertex 9.99987 -81.4807 17.5597
      vertex 9.29046 -81.025 17.8227
    endloop
  endfacet
  facet normal -0.595709 -0.695592 -0.4016
    outer loop
      vertex 9.99987 -81.4807 17.5597
      vertex 9.29046 -55.02 -27.2193
      vertex 9.99987 -55.4757 -27.4823
    endloop
  endfacet
  facet normal -3.64929e-05 -0.499998 0.866027
    outer loop
      vertex 21.364 -69.4886 24.4832
      vertex 21.4883 -72.7312 22.6111
      vertex 23.8271 -76.5206 20.4234
    endloop
  endfacet
  facet normal 0.00441857 -0.499865 0.866092
    outer loop
      vertex 21.4883 -72.7312 22.6111
      vertex 21.364 -69.4886 24.4832
      vertex 21.4672 -72.6801 22.6407
    endloop
  endfacet
  facet normal 6.30758e-05 -0.499975 0.86604
    outer loop
      vertex 21.364 -69.4886 24.4832
      vertex 21.1734 -72.1423 22.9512
      vertex 21.4672 -72.6801 22.6407
    endloop
  endfacet
  facet normal 3.5168e-07 -0.499972 0.866042
    outer loop
      vertex 21.364 -69.4886 24.4832
      vertex 20.8203 -71.632 23.2458
      vertex 21.1734 -72.1423 22.9512
    endloop
  endfacet
  facet normal -0.00126172 -0.499731 0.866179
    outer loop
      vertex 21.364 -69.4886 24.4832
      vertex 20.7829 -71.5884 23.2709
      vertex 20.8203 -71.632 23.2458
    endloop
  endfacet
  facet normal 2.11911e-05 -0.499998 0.866026
    outer loop
      vertex 20.7829 -71.5884 23.2709
      vertex 21.364 -69.4886 24.4832
      vertex 18.4441 -67.7991 25.4587
    endloop
  endfacet
  facet normal 0.00010592 0.499888 -0.86609
    outer loop
      vertex 21.364 -54.5064 -26.9227
      vertex 18.4441 -56.1959 -27.8982
      vertex 22.4832 -53.3252 -26.2408
    endloop
  endfacet
  facet normal 0 0.500023 -0.866012
    outer loop
      vertex 23.9154 -50 -24.3209
      vertex 23.8271 -50.5156 -24.6186
      vertex 23.8271 -50 -24.3209
    endloop
  endfacet
  facet normal -0.989176 -0.127076 -0.0733672
    outer loop
      vertex 6.12503 -59.8488 -7.80709
      vertex 6.04334 -75.764 20.8602
      vertex 6.04334 -60.1849 -6.12356
    endloop
  endfacet
  facet normal -0.671815 0.64148 0.370362
    outer loop
      vertex 9.19239 -60.7389 10.3367
      vertex 9.29046 -68.975 24.7798
      vertex 9.29046 -60.6258 10.3187
    endloop
  endfacet
  facet normal -0.671533 0.641703 0.370487
    outer loop
      vertex 8.84454 -61.0397 10.2272
      vertex 9.29046 -68.975 24.7798
      vertex 9.19239 -60.7389 10.3367
    endloop
  endfacet
  facet normal -0.671533 0.641702 0.370487
    outer loop
      vertex 9.29046 -68.975 24.7798
      vertex 8.84454 -61.0397 10.2272
      vertex 8.63604 -69.4886 24.4832
    endloop
  endfacet
  facet normal 0.242949 0.840079 0.485019
    outer loop
      vertex 16.7558 -43.2744 -15.995
      vertex 16.7558 -67.3555 25.7148
      vertex 17.5473 -43.5033 -15.995
    endloop
  endfacet
  facet normal 0.803237 -0.515857 -0.29783
    outer loop
      vertex 22.4832 -79.3302 18.8012
      vertex 21.9571 -79.9446 18.4465
      vertex 22.4832 -53.3252 -26.2408
    endloop
  endfacet
  facet normal 0.000261425 0.500144 -0.865942
    outer loop
      vertex 11.5558 -56.1959 -27.8982
      vertex 9.86372 -53.5176 -26.3518
      vertex 9.88772 -53.4932 -26.3377
    endloop
  endfacet
  facet normal -1.60151e-05 0.500012 -0.866018
    outer loop
      vertex 11.5558 -56.1959 -27.8982
      vertex 9.19239 -54.2002 -26.7459
      vertex 9.86372 -53.5176 -26.3518
    endloop
  endfacet
  facet normal 2.97463e-05 0.500053 -0.865995
    outer loop
      vertex 11.5558 -56.1959 -27.8982
      vertex 8.99155 -54.368 -26.8428
      vertex 9.19239 -54.2002 -26.7459
    endloop
  endfacet
  facet normal 0.00291794 0.503087 -0.864231
    outer loop
      vertex 8.99155 -54.368 -26.8428
      vertex 11.5558 -56.1959 -27.8982
      vertex 8.98804 -54.3709 -26.8445
    endloop
  endfacet
  facet normal -0.670685 -0.642358 -0.370889
    outer loop
      vertex 9.29046 -81.025 17.8227
      vertex 8.63604 -54.7579 -26.487
      vertex 8.64198 -54.7473 -26.5161
    endloop
  endfacet
  facet normal -0.671533 -0.641702 -0.370488
    outer loop
      vertex 8.63604 -54.7579 -26.487
      vertex 9.29046 -81.025 17.8227
      vertex 8.63604 -80.5114 18.1193
    endloop
  endfacet
  facet normal 0.336899 -0.815398 -0.470771
    outer loop
      vertex 18.4441 -56.1959 -27.8982
      vertex 17.6126 -82.4586 16.995
      vertex 17.6126 -56.4536 -28.0469
    endloop
  endfacet
  facet normal -2.3942e-05 0.500057 -0.865993
    outer loop
      vertex 19.2426 -55.8689 -27.7094
      vertex 18.4441 -56.1959 -27.8982
      vertex 21.364 -54.5064 -26.9227
    endloop
  endfacet
  facet normal 0 -0.50001 0.86602
    outer loop
      vertex 14.1178 -67.2433 25.7796
      vertex 18.4441 -67.7991 25.4587
      vertex 15.8822 -67.2433 25.7796
    endloop
  endfacet
  facet normal 0 -0.50001 0.86602
    outer loop
      vertex 18.4441 -67.7991 25.4587
      vertex 14.1178 -67.2433 25.7796
      vertex 11.5558 -67.7991 25.4587
    endloop
  endfacet
  facet normal 0.970029 -0.210433 -0.121494
    outer loop
      vertex 23.8271 -50.5156 -24.6186
      vertex 23.6125 -77.2625 19.995
      vertex 23.6125 -51.2575 -25.047
    endloop
  endfacet
  facet normal 0.00027528 -0.500015 0.866016
    outer loop
      vertex 24 -75 21.3013
      vertex 23.8271 -76.5206 20.4234
      vertex 23.9567 -75.764 20.8602
    endloop
  endfacet
  facet normal 0 -0.499992 0.86603
    outer loop
      vertex 6.17293 -73.4794 22.1792
      vertex 6 -75 21.3013
      vertex 6.17293 -76.5206 20.4234
    endloop
  endfacet
  facet normal -0.970028 0.210439 0.121497
    outer loop
      vertex 6.17293 -61.4263 1.30263
      vertex 6.17293 -73.4794 22.1792
      vertex 6.26875 -61.5366 2.2587
    endloop
  endfacet
  facet normal 0.00171252 -0.499845 0.866113
    outer loop
      vertex 23.9567 -74.236 21.7423
      vertex 23.8271 -73.4794 22.1792
      vertex 24 -75 21.3013
    endloop
  endfacet
  facet normal 0.989176 0.127074 0.0733654
    outer loop
      vertex 23.9567 -74.236 21.7423
      vertex 23.9476 -50 -20.1133
      vertex 23.8271 -73.4794 22.1792
    endloop
  endfacet
  facet normal 0.989125 0.127371 0.0735379
    outer loop
      vertex 23.9476 -50 -20.1133
      vertex 23.9567 -74.236 21.7423
      vertex 23.9567 -50 -20.2357
    endloop
  endfacet
  facet normal 0.98918 -0.127025 -0.0733977
    outer loop
      vertex 23.9567 -50 -23.7643
      vertex 23.8271 -50.5156 -24.6186
      vertex 23.9154 -50 -24.3209
    endloop
  endfacet
  facet normal 0.989176 -0.127075 -0.0733669
    outer loop
      vertex 23.8271 -50.5156 -24.6186
      vertex 23.9567 -50 -23.7643
      vertex 23.9567 -75.764 20.8602
    endloop
  endfacet
  facet normal 0.998798 0.0424577 0.024513
    outer loop
      vertex 24 -75 21.3013
      vertex 23.9567 -50 -20.2357
      vertex 23.9567 -74.236 21.7423
    endloop
  endfacet
  facet normal 0.998798 0.0424574 0.0245128
    outer loop
      vertex 23.9567 -50 -20.2357
      vertex 24 -75 21.3013
      vertex 24 -50 -22
    endloop
  endfacet
  facet normal -0.00029932 -0.500378 0.865807
    outer loop
      vertex 20.7095 -68.975 24.7798
      vertex 19.2426 -68.1261 25.2699
      vertex 21.364 -69.4886 24.4832
    endloop
  endfacet
  facet normal 0.000129934 -0.499891 0.866088
    outer loop
      vertex 22.4832 -70.6698 23.8013
      vertex 21.9571 -70.0554 24.156
      vertex 22.9373 -71.3258 23.4226
    endloop
  endfacet
  facet normal 7.10546e-05 -0.500007 0.866021
    outer loop
      vertex 8.04291 -70.0554 24.156
      vertex 7.06271 -71.3258 23.4226
      vertex 8.63604 -69.4886 24.4832
    endloop
  endfacet
  facet normal -0.98918 0.12705 0.0733527
    outer loop
      vertex 6.12816 -61.3123 0.501441
      vertex 6.17293 -73.4794 22.1792
      vertex 6.17293 -61.4263 1.30263
    endloop
  endfacet
  facet normal -0.989184 0.12703 0.073341
    outer loop
      vertex 6.17293 -73.4794 22.1792
      vertex 6.12816 -61.3123 0.501441
      vertex 6.11023 -61.2634 0.174914
    endloop
  endfacet
  facet normal -0.0490531 0.864983 0.499398
    outer loop
      vertex 15 -43.0747 -15.995
      vertex 14.1818 -43.1211 -15.995
      vertex 15 -67.2058 25.8013
    endloop
  endfacet
  facet normal -0.0490521 0.864983 0.499398
    outer loop
      vertex 14.1818 -43.1211 -15.995
      vertex 14.1178 -67.2433 25.7796
      vertex 15 -67.2058 25.8013
    endloop
  endfacet
  facet normal -0.0486562 0.864999 0.499408
    outer loop
      vertex 14.1178 -67.2433 25.7796
      vertex 14.1818 -43.1211 -15.995
      vertex 14.1178 -43.1247 -15.995
    endloop
  endfacet
  facet normal -0.970044 -0.210385 -0.121464
    outer loop
      vertex 6.38754 -77.2625 19.995
      vertex 6.17293 -59.6434 -8.8087
      vertex 6.2445 -59.4357 -9.74003
    endloop
  endfacet
  facet normal -0.970027 -0.210442 -0.121499
    outer loop
      vertex 6.17293 -59.6434 -8.8087
      vertex 6.38754 -77.2625 19.995
      vertex 6.17293 -76.5206 20.4234
    endloop
  endfacet
  facet normal -0.998795 -0.0424944 -0.0245342
    outer loop
      vertex 6.04334 -75.764 20.8602
      vertex 6 -60.6627 -3.5316
      vertex 6.04334 -60.1849 -6.12356
    endloop
  endfacet
  facet normal -0.998795 -0.0424944 -0.0245342
    outer loop
      vertex 6 -60.6627 -3.5316
      vertex 6.04334 -75.764 20.8602
      vertex 6 -75 21.3013
    endloop
  endfacet
  facet normal -8.16654e-06 0.500004 -0.866023
    outer loop
      vertex 11.5558 -56.1959 -27.8982
      vertex 8.7482 -54.5713 -26.9602
      vertex 8.98804 -54.3709 -26.8445
    endloop
  endfacet
  facet normal -0.243009 -0.840065 -0.485013
    outer loop
      vertex 13.2442 -82.6445 16.8877
      vertex 12.3874 -82.4586 16.995
      vertex 13.2442 -56.6395 -28.1542
    endloop
  endfacet
  facet normal -7.73145e-06 -0.500014 0.866018
    outer loop
      vertex 13.2442 -82.6445 16.8877
      vertex 6.17293 -76.5206 20.4234
      vertex 10.7574 -81.8739 17.3326
    endloop
  endfacet
  facet normal 0.000140027 -0.500381 0.865805
    outer loop
      vertex 18.4441 -82.2009 17.1438
      vertex 16.7558 -82.6445 16.8877
      vertex 17.6126 -82.4586 16.995
    endloop
  endfacet
  facet normal 7.65084e-05 0.499973 -0.866041
    outer loop
      vertex 18.4441 -56.1959 -27.8982
      vertex 20.4111 -52.8408 -25.9611
      vertex 20.7829 -52.4066 -25.7104
    endloop
  endfacet
  facet normal -9.28349e-07 0.500007 -0.866022
    outer loop
      vertex 18.4441 -56.1959 -27.8982
      vertex 19.9497 -53.2816 -26.2156
      vertex 20.4111 -52.8408 -25.9611
    endloop
  endfacet
  facet normal -0.000158266 0.500068 -0.865986
    outer loop
      vertex 18.4441 -56.1959 -27.8982
      vertex 19.4408 -53.6811 -26.4462
      vertex 19.9497 -53.2816 -26.2156
    endloop
  endfacet
  facet normal 0.000159706 0.499973 -0.866041
    outer loop
      vertex 18.4441 -56.1959 -27.8982
      vertex 18.889 -54.0355 -26.6509
      vertex 19.4408 -53.6811 -26.4462
    endloop
  endfacet
  facet normal -0.000181664 0.500026 -0.86601
    outer loop
      vertex 18.4441 -56.1959 -27.8982
      vertex 18.2998 -54.3414 -26.8274
      vertex 18.889 -54.0355 -26.6509
    endloop
  endfacet
  facet normal 8.86231e-05 0.500042 -0.866001
    outer loop
      vertex 18.4441 -56.1959 -27.8982
      vertex 17.6788 -54.5957 -26.9743
      vertex 18.2998 -54.3414 -26.8274
    endloop
  endfacet
  facet normal -4.67853e-06 0.500008 -0.866021
    outer loop
      vertex 18.4441 -56.1959 -27.8982
      vertex 17.032 -54.7961 -27.09
      vertex 17.6788 -54.5957 -26.9743
    endloop
  endfacet
  facet normal 1.33899e-05 0.500022 -0.866013
    outer loop
      vertex 18.4441 -56.1959 -27.8982
      vertex 16.3656 -54.9407 -27.1735
      vertex 17.032 -54.7961 -27.09
    endloop
  endfacet
  facet normal -7.07043e-05 0.499917 -0.866073
    outer loop
      vertex 18.4441 -56.1959 -27.8982
      vertex 15.7408 -55.021 -27.2198
      vertex 16.3656 -54.9407 -27.1735
    endloop
  endfacet
  facet normal 0.000710312 0.501264 -0.865294
    outer loop
      vertex 18.4441 -56.1959 -27.8982
      vertex 15.6861 -55.028 -27.2239
      vertex 15.7408 -55.021 -27.2198
    endloop
  endfacet
  facet normal -0.000399129 0.4993 -0.866429
    outer loop
      vertex 18.4441 -56.1959 -27.8982
      vertex 15.6309 -55.0303 -27.2252
      vertex 15.6861 -55.028 -27.2239
    endloop
  endfacet
  facet normal -3.94024e-05 0.499951 -0.866054
    outer loop
      vertex 18.4441 -56.1959 -27.8982
      vertex 15 -55.0572 -27.2407
      vertex 15.6309 -55.0303 -27.2252
    endloop
  endfacet
  facet normal 0 0.500041 -0.866002
    outer loop
      vertex 11.5558 -56.1959 -27.8982
      vertex 15 -55.0572 -27.2407
      vertex 18.4441 -56.1959 -27.8982
    endloop
  endfacet
  facet normal 3.94022e-05 0.499951 -0.866054
    outer loop
      vertex 15 -55.0572 -27.2407
      vertex 11.5558 -56.1959 -27.8982
      vertex 14.3691 -55.0303 -27.2252
    endloop
  endfacet
  facet normal 0.000399128 0.4993 -0.866429
    outer loop
      vertex 14.3691 -55.0303 -27.2252
      vertex 11.5558 -56.1959 -27.8982
      vertex 14.3139 -55.028 -27.2239
    endloop
  endfacet
  facet normal -0.000710306 0.501264 -0.865294
    outer loop
      vertex 14.3139 -55.028 -27.2239
      vertex 11.5558 -56.1959 -27.8982
      vertex 14.2592 -55.021 -27.2198
    endloop
  endfacet
  facet normal 7.07037e-05 0.499917 -0.866073
    outer loop
      vertex 14.2592 -55.021 -27.2198
      vertex 11.5558 -56.1959 -27.8982
      vertex 13.6344 -54.9407 -27.1735
    endloop
  endfacet
  facet normal -1.33897e-05 0.500022 -0.866013
    outer loop
      vertex 13.6344 -54.9407 -27.1735
      vertex 11.5558 -56.1959 -27.8982
      vertex 12.968 -54.7961 -27.09
    endloop
  endfacet
  facet normal 4.67845e-06 0.500008 -0.866021
    outer loop
      vertex 11.5558 -56.1959 -27.8982
      vertex 12.3212 -54.5957 -26.9743
      vertex 12.968 -54.7961 -27.09
    endloop
  endfacet
  facet normal -8.86213e-05 0.500042 -0.866001
    outer loop
      vertex 11.5558 -56.1959 -27.8982
      vertex 11.7002 -54.3414 -26.8274
      vertex 12.3212 -54.5957 -26.9743
    endloop
  endfacet
  facet normal 0.000181659 0.500026 -0.86601
    outer loop
      vertex 11.5558 -56.1959 -27.8982
      vertex 11.111 -54.0355 -26.6509
      vertex 11.7002 -54.3414 -26.8274
    endloop
  endfacet
  facet normal -0.000159701 0.499973 -0.866041
    outer loop
      vertex 11.5558 -56.1959 -27.8982
      vertex 10.5592 -53.6811 -26.4462
      vertex 11.111 -54.0355 -26.6509
    endloop
  endfacet
  facet normal -1.44204e-05 0.500016 -0.866016
    outer loop
      vertex 9.88772 -53.4932 -26.3377
      vertex 10.5592 -53.6811 -26.4462
      vertex 11.5558 -56.1959 -27.8982
    endloop
  endfacet
  facet normal -0.000582448 0.499316 -0.86642
    outer loop
      vertex 10.5592 -53.6811 -26.4462
      vertex 10.0491 -53.3291 -26.243
      vertex 10.073 -53.2994 -26.2259
    endloop
  endfacet
  facet normal -6.6076e-05 0.499878 -0.866096
    outer loop
      vertex 10.5592 -53.6811 -26.4462
      vertex 9.88772 -53.4932 -26.3377
      vertex 10.0491 -53.3291 -26.243
    endloop
  endfacet
  facet normal 0 0.500018 -0.866015
    outer loop
      vertex 22.2683 -50 -24.3209
      vertex 21.8655 -50.1777 -24.4235
      vertex 21.8959 -50 -24.3209
    endloop
  endfacet
  facet normal 3.50169e-06 0.500012 -0.866019
    outer loop
      vertex 22.2683 -50 -24.3209
      vertex 21.6986 -50.7548 -24.7567
      vertex 21.8655 -50.1777 -24.4235
    endloop
  endfacet
  facet normal -8.92099e-05 0.500064 -0.865988
    outer loop
      vertex 21.6986 -50.7548 -24.7567
      vertex 22.2683 -50 -24.3209
      vertex 21.4883 -51.2638 -25.0506
    endloop
  endfacet
  facet normal -0.14671 -0.856654 -0.49459
    outer loop
      vertex 13.2442 -56.6395 -28.1542
      vertex 14.1178 -82.7567 16.8229
      vertex 13.2442 -82.6445 16.8877
    endloop
  endfacet
  facet normal -0.14671 -0.856654 -0.49459
    outer loop
      vertex 14.1178 -82.7567 16.8229
      vertex 13.2442 -56.6395 -28.1542
      vertex 14.1178 -56.7517 -28.219
    endloop
  endfacet
  facet normal -0.243009 -0.840065 -0.485013
    outer loop
      vertex 13.2442 -56.6395 -28.1542
      vertex 12.3874 -82.4586 16.995
      vertex 12.3874 -56.4536 -28.0469
    endloop
  endfacet
  facet normal 0.336682 0.815463 0.470813
    outer loop
      vertex 17.6126 -43.5222 -15.995
      vertex 18.4441 -67.7991 25.4587
      vertex 17.6763 -43.5485 -15.995
    endloop
  endfacet
  facet normal 0.336949 0.815383 0.470761
    outer loop
      vertex 18.4441 -67.7991 25.4587
      vertex 17.6126 -43.5222 -15.995
      vertex 17.6126 -67.5414 25.6075
    endloop
  endfacet
  facet normal 0.595656 0.695626 0.401621
    outer loop
      vertex 20.6427 -45.3764 -15.995
      vertex 20.7095 -68.975 24.7798
      vertex 20.7095 -45.4336 -15.995
    endloop
  endfacet
  facet normal 0.595751 0.695565 0.401585
    outer loop
      vertex 20.7095 -68.975 24.7798
      vertex 20.6427 -45.3764 -15.995
      vertex 20.0001 -68.5193 25.0429
    endloop
  endfacet
  facet normal 0.740947 0.581591 0.335782
    outer loop
      vertex 21.364 -46.1185 -15.995
      vertex 21.364 -69.4886 24.4832
      vertex 21.8932 -46.7927 -15.995
    endloop
  endfacet
  facet normal 0 -0.500854 0.865532
    outer loop
      vertex 15 -67.2058 25.8013
      vertex 14.1178 -67.2433 25.7796
      vertex 15.8822 -67.2433 25.7796
    endloop
  endfacet
  facet normal 5.11159e-06 0.500018 -0.866015
    outer loop
      vertex 21.4883 -51.2638 -25.0506
      vertex 23.247 -50 -24.3209
      vertex 22.4832 -53.3252 -26.2408
    endloop
  endfacet
  facet normal 0 0.500023 -0.866012
    outer loop
      vertex 23.247 -50 -24.3209
      vertex 21.4883 -51.2638 -25.0506
      vertex 22.2683 -50 -24.3209
    endloop
  endfacet
  facet normal -7.27087e-05 0.499989 -0.866031
    outer loop
      vertex 22.4832 -53.3252 -26.2408
      vertex 21.4672 -51.3149 -25.0801
      vertex 21.4883 -51.2638 -25.0506
    endloop
  endfacet
  facet normal -2.0039e-05 0.500009 -0.86602
    outer loop
      vertex 22.4832 -53.3252 -26.2408
      vertex 21.1734 -51.8527 -25.3906
      vertex 21.4672 -51.3149 -25.0801
    endloop
  endfacet
  facet normal -4.26772e-05 0.499994 -0.866029
    outer loop
      vertex 22.4832 -53.3252 -26.2408
      vertex 20.8203 -52.363 -25.6852
      vertex 21.1734 -51.8527 -25.3906
    endloop
  endfacet
  facet normal 0.0001858 0.50029 -0.865858
    outer loop
      vertex 22.4832 -53.3252 -26.2408
      vertex 20.7829 -52.4066 -25.7104
      vertex 20.8203 -52.363 -25.6852
    endloop
  endfacet
  facet normal -1.32694e-05 0.500014 -0.866017
    outer loop
      vertex 20.7829 -52.4066 -25.7104
      vertex 22.4832 -53.3252 -26.2408
      vertex 18.4441 -56.1959 -27.8982
    endloop
  endfacet
  facet normal 0.941528 -0.291794 -0.168467
    outer loop
      vertex 23.6125 -77.2625 19.995
      vertex 23.3149 -51.9777 -25.4628
      vertex 23.6125 -51.2575 -25.047
    endloop
  endfacet
  facet normal 0.941528 -0.291794 -0.168467
    outer loop
      vertex 23.3149 -51.9777 -25.4628
      vertex 23.6125 -77.2625 19.995
      vertex 23.3149 -77.9827 19.5792
    endloop
  endfacet
  facet normal -0.00164505 -0.500412 0.865786
    outer loop
      vertex 23.6125 -72.7375 22.6076
      vertex 23.3149 -72.0173 23.0233
      vertex 23.8271 -73.4794 22.1792
    endloop
  endfacet
  facet normal 0.998798 -0.0424553 -0.0245116
    outer loop
      vertex 23.9567 -75.764 20.8602
      vertex 24 -50 -22
      vertex 24 -75 21.3013
    endloop
  endfacet
  facet normal 0.998798 -0.0424574 -0.0245128
    outer loop
      vertex 24 -50 -22
      vertex 23.9567 -75.764 20.8602
      vertex 23.9567 -50 -23.7643
    endloop
  endfacet
  facet normal 0 0.500023 -0.866012
    outer loop
      vertex 23.8271 -50.5156 -24.6186
      vertex 23.247 -50 -24.3209
      vertex 23.8271 -50 -24.3209
    endloop
  endfacet
  facet normal -4.32492e-06 0.500019 -0.866014
    outer loop
      vertex 23.247 -50 -24.3209
      vertex 23.8271 -50.5156 -24.6186
      vertex 22.4832 -53.3252 -26.2408
    endloop
  endfacet
  facet normal 0.857696 -0.445273 -0.257078
    outer loop
      vertex 22.9373 -78.6742 19.18
      vertex 22.4832 -53.3252 -26.2408
      vertex 22.9373 -52.6692 -25.862
    endloop
  endfacet
  facet normal 0.941521 0.291811 0.168477
    outer loop
      vertex 23.3149 -72.0173 23.0233
      vertex 23.6125 -49.87 -17
      vertex 23.3149 -48.9098 -17
    endloop
  endfacet
  facet normal 0.941522 0.291809 0.168477
    outer loop
      vertex 23.6125 -49.87 -17
      vertex 23.3149 -72.0173 23.0233
      vertex 23.6125 -72.7375 22.6076
    endloop
  endfacet
  facet normal 0.000299186 -0.500378 0.865807
    outer loop
      vertex 9.29046 -68.975 24.7798
      vertex 8.63604 -69.4886 24.4832
      vertex 10.7574 -68.1261 25.2699
    endloop
  endfacet
  facet normal 9.17366e-05 -0.500109 0.865962
    outer loop
      vertex 9.99987 -68.5193 25.0429
      vertex 9.29046 -68.975 24.7798
      vertex 10.7574 -68.1261 25.2699
    endloop
  endfacet
  facet normal 4.35142e-05 -0.499992 0.86603
    outer loop
      vertex 6.17293 -73.4794 22.1792
      vertex 6.17293 -76.5206 20.4234
      vertex 6.68508 -72.0173 23.0233
    endloop
  endfacet
  facet normal -0.740967 0.581572 0.335772
    outer loop
      vertex 8.04291 -70.0554 24.156
      vertex 8.44662 -61.3649 9.99455
      vertex 8.24711 -61.5175 9.81859
    endloop
  endfacet
  facet normal -0.740944 0.581593 0.335785
    outer loop
      vertex 8.04291 -70.0554 24.156
      vertex 8.24711 -61.5175 9.81859
      vertex 8.04291 -61.6245 9.55333
    endloop
  endfacet
  facet normal -0.740974 0.581565 0.335767
    outer loop
      vertex 8.44662 -61.3649 9.99455
      vertex 8.04291 -70.0554 24.156
      vertex 8.63604 -69.4886 24.4832
    endloop
  endfacet
  facet normal 0.0490531 0.864983 0.499398
    outer loop
      vertex 15 -43.0747 -15.995
      vertex 15 -67.2058 25.8013
      vertex 15.8182 -43.1211 -15.995
    endloop
  endfacet
  facet normal 0.0486562 0.864999 0.499408
    outer loop
      vertex 15.8182 -43.1211 -15.995
      vertex 15.8822 -67.2433 25.7796
      vertex 15.8822 -43.1247 -15.995
    endloop
  endfacet
  facet normal 0.0490521 0.864983 0.499398
    outer loop
      vertex 15.8822 -67.2433 25.7796
      vertex 15.8182 -43.1211 -15.995
      vertex 15 -67.2058 25.8013
    endloop
  endfacet
  facet normal -0.857752 -0.445192 -0.257032
    outer loop
      vertex 7.22241 -57.326 -18.329
      vertex 7.06271 -78.6742 19.18
      vertex 7.06271 -57.6012 -17.3194
    endloop
  endfacet
  facet normal -0.857741 -0.445208 -0.257042
    outer loop
      vertex 7.06271 -78.6742 19.18
      vertex 7.22241 -57.326 -18.329
      vertex 7.45309 -56.8805 -19.8704
    endloop
  endfacet
  facet normal -0.00101857 0.498669 -0.866792
    outer loop
      vertex 9.99987 -55.4757 -27.4823
      vertex 9.29046 -55.02 -27.2193
      vertex 10.7574 -55.8689 -27.7094
    endloop
  endfacet
  facet normal 0.000230606 0.500289 -0.865858
    outer loop
      vertex 9.29046 -55.02 -27.2193
      vertex 8.74337 -54.5753 -26.9625
      vertex 10.7574 -55.8689 -27.7094
    endloop
  endfacet
  facet normal -0.0028056 0.497484 -0.867469
    outer loop
      vertex 8.74337 -54.5753 -26.9625
      vertex 9.29046 -55.02 -27.2193
      vertex 8.73392 -54.5832 -26.967
    endloop
  endfacet
  facet normal -0.671567 -0.641679 -0.370467
    outer loop
      vertex 9.29046 -55.02 -27.2193
      vertex 8.64198 -54.7473 -26.5161
      vertex 8.73392 -54.5832 -26.967
    endloop
  endfacet
  facet normal -0.67157 -0.641674 -0.370471
    outer loop
      vertex 8.64198 -54.7473 -26.5161
      vertex 9.29046 -55.02 -27.2193
      vertex 9.29046 -81.025 17.8227
    endloop
  endfacet
  facet normal -0.0489957 -0.864985 -0.4994
    outer loop
      vertex 15 -82.7942 16.8013
      vertex 14.1178 -82.7567 16.8229
      vertex 14.1178 -56.7517 -28.219
    endloop
  endfacet
  facet normal 0.243009 -0.840065 -0.485013
    outer loop
      vertex 17.6126 -82.4586 16.995
      vertex 16.7558 -82.6445 16.8877
      vertex 16.7558 -56.6395 -28.1542
    endloop
  endfacet
  facet normal -0.903972 -0.370305 -0.213796
    outer loop
      vertex 7.06271 -78.6742 19.18
      vertex 6.68508 -58.3375 -14.4474
      vertex 7.06271 -57.6012 -17.3194
    endloop
  endfacet
  facet normal -0.903994 -0.370264 -0.213772
    outer loop
      vertex 6.68508 -58.3375 -14.4474
      vertex 7.06271 -78.6742 19.18
      vertex 6.68508 -77.9827 19.5792
    endloop
  endfacet
  facet normal -0.857697 -0.445272 -0.257078
    outer loop
      vertex 7.51677 -79.3302 18.8012
      vertex 7.45309 -56.8805 -19.8704
      vertex 7.51677 -56.7575 -20.2959
    endloop
  endfacet
  facet normal -0.857716 -0.445244 -0.257061
    outer loop
      vertex 7.45309 -56.8805 -19.8704
      vertex 7.51677 -79.3302 18.8012
      vertex 7.06271 -78.6742 19.18
    endloop
  endfacet
  facet normal 0.671488 -0.641738 -0.370507
    outer loop
      vertex 21.364 -80.5114 18.1193
      vertex 20.7095 -81.025 17.8227
      vertex 21.364 -54.5064 -26.9227
    endloop
  endfacet
  facet normal 9.65537e-05 0.499559 -0.86628
    outer loop
      vertex 16.7558 -56.6395 -28.1542
      vertex 15.8822 -56.7517 -28.219
      vertex 18.4441 -56.1959 -27.8982
    endloop
  endfacet
  facet normal 0.514139 -0.742796 -0.428853
    outer loop
      vertex 20.0001 -81.4807 17.5597
      vertex 19.2426 -55.8689 -27.7094
      vertex 20.0001 -55.4757 -27.4823
    endloop
  endfacet
  facet normal 0.00101872 0.498669 -0.866792
    outer loop
      vertex 20.0001 -55.4757 -27.4823
      vertex 19.2426 -55.8689 -27.7094
      vertex 20.7095 -55.02 -27.2193
    endloop
  endfacet
  facet normal -0.336839 0.815416 0.470783
    outer loop
      vertex 11.5558 -67.7991 25.4587
      vertex 11.7856 -56.0444 5.26351
      vertex 11.5558 -56.7129 6.25696
    endloop
  endfacet
  facet normal -0.33696 0.815379 0.470761
    outer loop
      vertex 11.7856 -56.0444 5.26351
      vertex 11.5558 -67.7991 25.4587
      vertex 11.9425 -55.588 4.58531
    endloop
  endfacet
  facet normal -0.14671 0.856654 0.49459
    outer loop
      vertex 14.1178 -43.1247 -15.995
      vertex 13.2442 -67.3555 25.7148
      vertex 14.1178 -67.2433 25.7796
    endloop
  endfacet
  facet normal -0.146794 0.856644 0.494583
    outer loop
      vertex 13.2442 -67.3555 25.7148
      vertex 14.1178 -43.1247 -15.995
      vertex 13.2442 -43.2744 -15.995
    endloop
  endfacet
  facet normal -0.595746 0.695567 0.401589
    outer loop
      vertex 9.99987 -68.5193 25.0429
      vertex 9.29046 -60.6258 10.3187
      vertex 9.29046 -68.975 24.7798
    endloop
  endfacet
  facet normal -0.595495 0.695736 0.401668
    outer loop
      vertex 9.99987 -68.5193 25.0429
      vertex 9.48901 -60.3804 10.188
      vertex 9.29046 -60.6258 10.3187
    endloop
  endfacet
  facet normal -0.595811 0.695525 0.401564
    outer loop
      vertex 9.48901 -60.3804 10.188
      vertex 9.99987 -68.5193 25.0429
      vertex 9.76442 -60.0398 10.0067
    endloop
  endfacet
  facet normal -0.427532 0.782886 0.452002
    outer loop
      vertex 11.5558 -67.7991 25.4587
      vertex 10.7574 -58.5036 8.60332
      vertex 10.7574 -68.1261 25.2699
    endloop
  endfacet
  facet normal -0.426781 0.783212 0.452146
    outer loop
      vertex 11.5558 -67.7991 25.4587
      vertex 10.8091 -58.4142 8.49726
      vertex 10.7574 -58.5036 8.60332
    endloop
  endfacet
  facet normal -0.427641 0.782841 0.451978
    outer loop
      vertex 11.5558 -67.7991 25.4587
      vertex 11.0578 -57.8673 7.78532
      vertex 10.8091 -58.4142 8.49726
    endloop
  endfacet
  facet normal -0.427478 0.78291 0.452012
    outer loop
      vertex 11.5558 -67.7991 25.4587
      vertex 11.465 -56.972 6.61971
      vertex 11.0578 -57.8673 7.78532
    endloop
  endfacet
  facet normal -0.42809 0.782657 0.45187
    outer loop
      vertex 11.465 -56.972 6.61971
      vertex 11.5558 -67.7991 25.4587
      vertex 11.5558 -56.7129 6.25696
    endloop
  endfacet
  facet normal -9.17501e-05 -0.500109 0.865962
    outer loop
      vertex 20.0001 -68.5193 25.0429
      vertex 19.2426 -68.1261 25.2699
      vertex 20.7095 -68.975 24.7798
    endloop
  endfacet
  facet normal 0.514481 0.742622 0.428744
    outer loop
      vertex 19.2426 -44.3018 -15.995
      vertex 20.0001 -68.5193 25.0429
      vertex 19.3064 -44.346 -15.995
    endloop
  endfacet
  facet normal 0.514097 0.742818 0.428866
    outer loop
      vertex 20.0001 -68.5193 25.0429
      vertex 19.2426 -44.3018 -15.995
      vertex 19.2426 -68.1261 25.2699
    endloop
  endfacet
  facet normal 0.336868 0.815407 0.470777
    outer loop
      vertex 18.4441 -43.8657 -15.995
      vertex 17.6763 -43.5485 -15.995
      vertex 18.4441 -67.7991 25.4587
    endloop
  endfacet
  facet normal 0.146794 0.856644 0.494583
    outer loop
      vertex 15.8822 -43.1247 -15.995
      vertex 16.7558 -67.3555 25.7148
      vertex 16.7558 -43.2744 -15.995
    endloop
  endfacet
  facet normal 0.14671 0.856654 0.49459
    outer loop
      vertex 16.7558 -67.3555 25.7148
      vertex 15.8822 -43.1247 -15.995
      vertex 15.8822 -67.2433 25.7796
    endloop
  endfacet
  facet normal 0.427566 0.782873 0.451992
    outer loop
      vertex 18.4441 -43.8657 -15.995
      vertex 19.2426 -68.1261 25.2699
      vertex 19.2426 -44.3018 -15.995
    endloop
  endfacet
  facet normal 0.427488 0.782904 0.452012
    outer loop
      vertex 19.2426 -68.1261 25.2699
      vertex 18.4441 -43.8657 -15.995
      vertex 18.4441 -67.7991 25.4587
    endloop
  endfacet
  facet normal -2.3942e-05 -0.500057 0.865993
    outer loop
      vertex 19.2426 -68.1261 25.2699
      vertex 18.4441 -67.7991 25.4587
      vertex 21.364 -69.4886 24.4832
    endloop
  endfacet
  facet normal 0.514095 0.742819 0.428866
    outer loop
      vertex 20.0001 -44.8261 -15.995
      vertex 19.3064 -44.346 -15.995
      vertex 20.0001 -68.5193 25.0429
    endloop
  endfacet
  facet normal 0.595691 0.695604 0.401606
    outer loop
      vertex 20.0001 -44.8261 -15.995
      vertex 20.0001 -68.5193 25.0429
      vertex 20.6427 -45.3764 -15.995
    endloop
  endfacet
  facet normal 4.74807e-05 -0.499846 0.866114
    outer loop
      vertex 16.7558 -67.3555 25.7148
      vertex 15.8822 -67.2433 25.7796
      vertex 18.4441 -67.7991 25.4587
    endloop
  endfacet
  facet normal -0.000140027 -0.500381 0.865805
    outer loop
      vertex 17.6126 -67.5414 25.6075
      vertex 16.7558 -67.3555 25.7148
      vertex 18.4441 -67.7991 25.4587
    endloop
  endfacet
  facet normal 0.970029 -0.210433 -0.121494
    outer loop
      vertex 23.8271 -76.5206 20.4234
      vertex 23.6125 -77.2625 19.995
      vertex 23.8271 -50.5156 -24.6186
    endloop
  endfacet
  facet normal 0.740991 -0.581549 -0.335757
    outer loop
      vertex 21.9571 -79.9446 18.4465
      vertex 21.364 -80.5114 18.1193
      vertex 21.364 -54.5064 -26.9227
    endloop
  endfacet
  facet normal 0.00067537 -0.500202 0.865908
    outer loop
      vertex 23.8271 -76.5206 20.4234
      vertex 23.3149 -77.9827 19.5792
      vertex 23.6125 -77.2625 19.995
    endloop
  endfacet
  facet normal 0.857696 -0.445273 -0.257078
    outer loop
      vertex 22.9373 -78.6742 19.18
      vertex 22.4832 -79.3302 18.8012
      vertex 22.4832 -53.3252 -26.2408
    endloop
  endfacet
  facet normal 0.00109748 -0.50114 0.865365
    outer loop
      vertex 21.364 -80.5114 18.1193
      vertex 20.0001 -81.4807 17.5597
      vertex 20.7095 -81.025 17.8227
    endloop
  endfacet
  facet normal 0.740991 -0.581549 -0.335757
    outer loop
      vertex 21.9571 -79.9446 18.4465
      vertex 21.364 -54.5064 -26.9227
      vertex 21.9571 -53.9396 -26.5955
    endloop
  endfacet
  facet normal -7.10682e-05 -0.500007 0.866021
    outer loop
      vertex 21.9571 -70.0554 24.156
      vertex 21.364 -69.4886 24.4832
      vertex 22.9373 -71.3258 23.4226
    endloop
  endfacet
  facet normal 0.970118 0.210125 0.121316
    outer loop
      vertex 23.6125 -72.7375 22.6076
      vertex 23.6386 -49.9905 -17
      vertex 23.6125 -49.87 -17
    endloop
  endfacet
  facet normal 0.970029 0.210434 0.121493
    outer loop
      vertex 23.6386 -49.9905 -17
      vertex 23.6125 -72.7375 22.6076
      vertex 23.8271 -73.4794 22.1792
    endloop
  endfacet
  facet normal 0.970035 0.210414 0.121482
    outer loop
      vertex 23.6407 -50 -17
      vertex 23.8271 -73.4794 22.1792
      vertex 23.8271 -50 -18.4884
    endloop
  endfacet
  facet normal 0.968923 0.214183 0.123746
    outer loop
      vertex 23.8271 -73.4794 22.1792
      vertex 23.6407 -50 -17
      vertex 23.6386 -49.9905 -17
    endloop
  endfacet
  facet normal 0.671519 0.641714 0.370494
    outer loop
      vertex 21.364 -46.1185 -15.995
      vertex 20.7719 -45.4989 -15.995
      vertex 21.364 -69.4886 24.4832
    endloop
  endfacet
  facet normal -0.989159 -0.127171 -0.073424
    outer loop
      vertex 6.17293 -76.5206 20.4234
      vertex 6.12503 -59.8488 -7.80709
      vertex 6.12816 -59.8359 -7.8716
    endloop
  endfacet
  facet normal -0.989178 -0.127061 -0.0733591
    outer loop
      vertex 6.17293 -76.5206 20.4234
      vertex 6.12816 -59.8359 -7.8716
      vertex 6.17293 -59.6434 -8.8087
    endloop
  endfacet
  facet normal -0.989177 -0.127071 -0.0733646
    outer loop
      vertex 6.12503 -59.8488 -7.80709
      vertex 6.17293 -76.5206 20.4234
      vertex 6.04334 -75.764 20.8602
    endloop
  endfacet
  facet normal -0.904004 0.370247 0.213762
    outer loop
      vertex 6.68508 -72.0173 23.0233
      vertex 7.06271 -61.9092 7.11257
      vertex 6.7922 -61.8559 5.87626
    endloop
  endfacet
  facet normal -0.903997 0.370259 0.213769
    outer loop
      vertex 6.68508 -72.0173 23.0233
      vertex 6.7922 -61.8559 5.87626
      vertex 6.68508 -61.8348 5.38672
    endloop
  endfacet
  facet normal -0.904005 0.370245 0.213761
    outer loop
      vertex 7.06271 -61.9092 7.11257
      vertex 6.68508 -72.0173 23.0233
      vertex 7.06271 -71.3258 23.4226
    endloop
  endfacet
  facet normal 0.00164634 -0.500412 0.865786
    outer loop
      vertex 6.38754 -72.7375 22.6076
      vertex 6.17293 -73.4794 22.1792
      vertex 6.68508 -72.0173 23.0233
    endloop
  endfacet
  facet normal -0.970024 -0.210453 -0.121505
    outer loop
      vertex 6.38754 -77.2625 19.995
      vertex 6.2445 -59.4357 -9.74003
      vertex 6.38754 -59.0204 -11.6013
    endloop
  endfacet
  facet normal 3.47324e-06 0.500019 -0.866014
    outer loop
      vertex 10.7574 -55.8689 -27.7094
      vertex 8.7482 -54.5713 -26.9602
      vertex 11.5558 -56.1959 -27.8982
    endloop
  endfacet
  facet normal -0.000746318 0.499148 -0.866516
    outer loop
      vertex 8.7482 -54.5713 -26.9602
      vertex 10.7574 -55.8689 -27.7094
      vertex 8.74337 -54.5753 -26.9625
    endloop
  endfacet
  facet normal -9.65592e-05 0.499559 -0.86628
    outer loop
      vertex 13.2442 -56.6395 -28.1542
      vertex 11.5558 -56.1959 -27.8982
      vertex 14.1178 -56.7517 -28.219
    endloop
  endfacet
  facet normal -0.739946 -0.582545 -0.336333
    outer loop
      vertex 8.63604 -80.5114 18.1193
      vertex 8.6299 -54.7695 -26.4534
      vertex 8.63604 -54.7579 -26.487
    endloop
  endfacet
  facet normal -0.740974 -0.581565 -0.335767
    outer loop
      vertex 8.6299 -54.7695 -26.4534
      vertex 8.63604 -80.5114 18.1193
      vertex 8.04291 -79.9446 18.4465
    endloop
  endfacet
  facet normal -0.803191 -0.51591 -0.29786
    outer loop
      vertex 8.04291 -79.9446 18.4465
      vertex 7.58232 -56.6416 -20.6735
      vertex 8.04291 -55.8269 -23.3266
    endloop
  endfacet
  facet normal 0.14671 -0.856654 -0.49459
    outer loop
      vertex 15.8822 -82.7567 16.8229
      vertex 16.7558 -56.6395 -28.1542
      vertex 16.7558 -82.6445 16.8877
    endloop
  endfacet
  facet normal 0.14671 -0.856654 -0.49459
    outer loop
      vertex 16.7558 -56.6395 -28.1542
      vertex 15.8822 -82.7567 16.8229
      vertex 15.8822 -56.7517 -28.219
    endloop
  endfacet
  facet normal -0.427532 -0.782887 -0.452
    outer loop
      vertex 10.7574 -55.8689 -27.7094
      vertex 11.5558 -82.2009 17.1438
      vertex 10.7574 -81.8739 17.3326
    endloop
  endfacet
  facet normal -0.427532 -0.782887 -0.452
    outer loop
      vertex 11.5558 -82.2009 17.1438
      vertex 10.7574 -55.8689 -27.7094
      vertex 11.5558 -56.1959 -27.8982
    endloop
  endfacet
  facet normal -0.000140066 -0.500381 0.865805
    outer loop
      vertex 13.2442 -82.6445 16.8877
      vertex 11.5558 -82.2009 17.1438
      vertex 12.3874 -82.4586 16.995
    endloop
  endfacet
  facet normal -0.740934 -0.581603 -0.335789
    outer loop
      vertex 8.24711 -55.4911 -24.3588
      vertex 8.04291 -79.9446 18.4465
      vertex 8.04291 -55.8269 -23.3266
    endloop
  endfacet
  facet normal -0.740977 -0.581562 -0.335765
    outer loop
      vertex 8.04291 -79.9446 18.4465
      vertex 8.24711 -55.4911 -24.3588
      vertex 8.6299 -54.7695 -26.4534
    endloop
  endfacet
  facet normal -0.000153695 -0.500073 0.865983
    outer loop
      vertex 8.63604 -80.5114 18.1193
      vertex 6.17293 -76.5206 20.4234
      vertex 7.51677 -79.3302 18.8012
    endloop
  endfacet
  facet normal 0.243009 -0.840065 -0.485013
    outer loop
      vertex 17.6126 -82.4586 16.995
      vertex 16.7558 -56.6395 -28.1542
      vertex 17.6126 -56.4536 -28.0469
    endloop
  endfacet
  facet normal 0 -0.500123 0.865954
    outer loop
      vertex 16.7558 -82.6445 16.8877
      vertex 14.1178 -82.7567 16.8229
      vertex 15.8822 -82.7567 16.8229
    endloop
  endfacet
  facet normal 0 -0.500123 0.865954
    outer loop
      vertex 14.1178 -82.7567 16.8229
      vertex 16.7558 -82.6445 16.8877
      vertex 13.2442 -82.6445 16.8877
    endloop
  endfacet
  facet normal -0.00029932 0.500378 -0.865807
    outer loop
      vertex 20.7095 -55.02 -27.2193
      vertex 19.2426 -55.8689 -27.7094
      vertex 21.364 -54.5064 -26.9227
    endloop
  endfacet
  facet normal 0.671488 -0.641738 -0.370507
    outer loop
      vertex 21.364 -54.5064 -26.9227
      vertex 20.7095 -81.025 17.8227
      vertex 20.7095 -55.02 -27.2193
    endloop
  endfacet
  facet normal -0.336913 0.815393 0.47077
    outer loop
      vertex 12.3874 -67.5414 25.6075
      vertex 11.9425 -55.588 4.58531
      vertex 11.5558 -67.7991 25.4587
    endloop
  endfacet
  facet normal -0.336733 0.815451 0.470799
    outer loop
      vertex 12.3874 -67.5414 25.6075
      vertex 12.0104 -55.3904 4.29162
      vertex 11.9425 -55.588 4.58531
    endloop
  endfacet
  facet normal -0.336874 0.815405 0.470775
    outer loop
      vertex 12.3874 -67.5414 25.6075
      vertex 12.1993 -54.653 3.14958
      vertex 12.0104 -55.3904 4.29162
    endloop
  endfacet
  facet normal -0.336698 0.815461 0.470806
    outer loop
      vertex 12.1993 -54.653 3.14958
      vertex 12.3874 -67.5414 25.6075
      vertex 12.3874 -53.9186 2.01208
    endloop
  endfacet
  facet normal -0.239946 0.840752 0.485348
    outer loop
      vertex 13.2442 -67.3555 25.7148
      vertex 12.7502 -51.9399 -1.23335
      vertex 12.7354 -52.0241 -1.09481
    endloop
  endfacet
  facet normal -0.243191 0.840025 0.484991
    outer loop
      vertex 13.2442 -67.3555 25.7148
      vertex 12.8468 -51.0002 -2.81251
      vertex 12.7502 -51.9399 -1.23335
    endloop
  endfacet
  facet normal -0.243111 0.840043 0.485001
    outer loop
      vertex 13.2442 -67.3555 25.7148
      vertex 12.9374 -50.1188 -4.29372
      vertex 12.8468 -51.0002 -2.81251
    endloop
  endfacet
  facet normal -0.242938 0.840081 0.485021
    outer loop
      vertex 13.2442 -67.3555 25.7148
      vertex 12.9723 -49.0845 -6.0677
      vertex 12.9374 -50.1188 -4.29372
    endloop
  endfacet
  facet normal -0.242522 0.840173 0.48507
    outer loop
      vertex 13.2442 -67.3555 25.7148
      vertex 13 -48.264 -7.47501
      vertex 12.9723 -49.0845 -6.0677
    endloop
  endfacet
  facet normal -0.24286 0.840098 0.48503
    outer loop
      vertex 13.2442 -43.2744 -15.995
      vertex 13 -48.264 -7.47501
      vertex 13.2442 -67.3555 25.7148
    endloop
  endfacet
  facet normal -0.243122 0.840045 0.484991
    outer loop
      vertex 13.2442 -43.2744 -15.995
      vertex 12.9374 -46.3933 -10.7466
      vertex 13 -48.264 -7.47501
    endloop
  endfacet
  facet normal -0.242897 0.840088 0.48503
    outer loop
      vertex 13.2442 -43.2744 -15.995
      vertex 12.7502 -44.5246 -14.077
      vertex 12.9374 -46.3933 -10.7466
    endloop
  endfacet
  facet normal -0.242974 0.84008 0.485005
    outer loop
      vertex 12.7502 -44.5246 -14.077
      vertex 13.2442 -43.2744 -15.995
      vertex 12.5731 -43.4685 -15.995
    endloop
  endfacet
  facet normal -2.11924e-05 -0.499998 0.866026
    outer loop
      vertex 8.63604 -69.4886 24.4832
      vertex 9.21706 -71.5884 23.2709
      vertex 11.5558 -67.7991 25.4587
    endloop
  endfacet
  facet normal 0.00126304 -0.499731 0.86618
    outer loop
      vertex 9.21706 -71.5884 23.2709
      vertex 8.63604 -69.4886 24.4832
      vertex 9.17971 -71.632 23.2458
    endloop
  endfacet
  facet normal -3.51642e-07 -0.499972 0.866042
    outer loop
      vertex 9.17971 -71.632 23.2458
      vertex 8.63604 -69.4886 24.4832
      vertex 8.82655 -72.1423 22.9512
    endloop
  endfacet
  facet normal -6.30963e-05 -0.499975 0.86604
    outer loop
      vertex 8.63604 -69.4886 24.4832
      vertex 8.53284 -72.6801 22.6407
      vertex 8.82655 -72.1423 22.9512
    endloop
  endfacet
  facet normal -0.00441403 -0.499865 0.866092
    outer loop
      vertex 8.63604 -69.4886 24.4832
      vertex 8.51172 -72.7312 22.6111
      vertex 8.53284 -72.6801 22.6407
    endloop
  endfacet
  facet normal 3.64934e-05 -0.499998 0.866027
    outer loop
      vertex 8.51172 -72.7312 22.6111
      vertex 8.63604 -69.4886 24.4832
      vertex 6.17293 -76.5206 20.4234
    endloop
  endfacet
  facet normal -0.514082 0.742826 0.42887
    outer loop
      vertex 10.7574 -68.1261 25.2699
      vertex 10.2637 -59.3266 9.43692
      vertex 9.99987 -68.5193 25.0429
    endloop
  endfacet
  facet normal -0.514017 0.742861 0.428888
    outer loop
      vertex 10.7574 -68.1261 25.2699
      vertex 10.533 -58.8777 8.98215
      vertex 10.2637 -59.3266 9.43692
    endloop
  endfacet
  facet normal -0.514282 0.742721 0.428812
    outer loop
      vertex 10.533 -58.8777 8.98215
      vertex 10.7574 -68.1261 25.2699
      vertex 10.7574 -58.5036 8.60332
    endloop
  endfacet
  facet normal -0.595696 0.6956 0.401604
    outer loop
      vertex 9.99987 -59.7487 9.85174
      vertex 9.76442 -60.0398 10.0067
      vertex 9.99987 -68.5193 25.0429
    endloop
  endfacet
  facet normal 0.000153721 -0.500073 0.865983
    outer loop
      vertex 23.8271 -76.5206 20.4234
      vertex 21.364 -80.5114 18.1193
      vertex 22.4832 -79.3302 18.8012
    endloop
  endfacet
  facet normal 0.803237 -0.515857 -0.29783
    outer loop
      vertex 22.4832 -53.3252 -26.2408
      vertex 21.9571 -79.9446 18.4465
      vertex 21.9571 -53.9396 -26.5955
    endloop
  endfacet
  facet normal 0.000849203 0.499617 -0.866246
    outer loop
      vertex 22.9373 -52.6692 -25.862
      vertex 22.4832 -53.3252 -26.2408
      vertex 23.3149 -51.9777 -25.4628
    endloop
  endfacet
  facet normal 0.904008 -0.37024 -0.213758
    outer loop
      vertex 23.3149 -77.9827 19.5792
      vertex 22.9373 -52.6692 -25.862
      vertex 23.3149 -51.9777 -25.4628
    endloop
  endfacet
  facet normal 0.904008 -0.37024 -0.213758
    outer loop
      vertex 22.9373 -52.6692 -25.862
      vertex 23.3149 -77.9827 19.5792
      vertex 22.9373 -78.6742 19.18
    endloop
  endfacet
  facet normal 0.857681 0.445294 0.257091
    outer loop
      vertex 22.9373 -71.3258 23.4226
      vertex 22.6424 -48 -15.995
      vertex 22.4832 -70.6698 23.8013
    endloop
  endfacet
  facet normal 0.857729 0.445225 0.257052
    outer loop
      vertex 22.4832 -70.6698 23.8013
      vertex 22.6424 -48 -15.995
      vertex 22.4832 -47.6933 -15.995
    endloop
  endfacet
  facet normal 0.857771 0.445143 0.257055
    outer loop
      vertex 22.6454 -48 -16.005
      vertex 22.9373 -47.9879 -17
      vertex 22.6854 -47.5025 -17
    endloop
  endfacet
  facet normal 0.857497 0.445559 0.257249
    outer loop
      vertex 22.6424 -48 -15.995
      vertex 22.9373 -71.3258 23.4226
      vertex 22.6454 -48 -16.005
    endloop
  endfacet
  facet normal 0.857735 0.445217 0.257045
    outer loop
      vertex 22.6454 -48 -16.005
      vertex 22.9373 -71.3258 23.4226
      vertex 22.9373 -47.9879 -17
    endloop
  endfacet
  facet normal 0.903994 0.370266 0.213772
    outer loop
      vertex 22.9373 -71.3258 23.4226
      vertex 23.3149 -48.9098 -17
      vertex 22.9373 -47.9879 -17
    endloop
  endfacet
  facet normal 0.904018 0.370221 0.213748
    outer loop
      vertex 23.3149 -48.9098 -17
      vertex 22.9373 -71.3258 23.4226
      vertex 23.3149 -72.0173 23.0233
    endloop
  endfacet
  facet normal 0.803207 0.515892 0.29785
    outer loop
      vertex 21.9571 -70.0554 24.156
      vertex 22.4832 -47.6933 -15.995
      vertex 21.9571 -46.8742 -15.995
    endloop
  endfacet
  facet normal 0.803237 0.515856 0.297831
    outer loop
      vertex 22.4832 -47.6933 -15.995
      vertex 21.9571 -70.0554 24.156
      vertex 22.4832 -70.6698 23.8013
    endloop
  endfacet
  facet normal 0.741319 0.581231 0.335585
    outer loop
      vertex 21.364 -69.4886 24.4832
      vertex 21.9571 -46.8742 -15.995
      vertex 21.8932 -46.7927 -15.995
    endloop
  endfacet
  facet normal 0.740991 0.581549 0.335758
    outer loop
      vertex 21.9571 -46.8742 -15.995
      vertex 21.364 -69.4886 24.4832
      vertex 21.9571 -70.0554 24.156
    endloop
  endfacet
  facet normal -0.000275438 -0.500015 0.866016
    outer loop
      vertex 6.17293 -76.5206 20.4234
      vertex 6 -75 21.3013
      vertex 6.04334 -75.764 20.8602
    endloop
  endfacet
  facet normal -0.0017135 -0.499845 0.866113
    outer loop
      vertex 6.04334 -74.236 21.7423
      vertex 6 -75 21.3013
      vertex 6.17293 -73.4794 22.1792
    endloop
  endfacet
  facet normal -0.941545 0.291753 0.168443
    outer loop
      vertex 6.38754 -72.7375 22.6076
      vertex 6.68508 -61.8348 5.38672
      vertex 6.38754 -61.6733 3.44384
    endloop
  endfacet
  facet normal -0.941543 0.291757 0.168446
    outer loop
      vertex 6.68508 -61.8348 5.38672
      vertex 6.38754 -72.7375 22.6076
      vertex 6.68508 -72.0173 23.0233
    endloop
  endfacet
  facet normal -0.000675898 -0.500202 0.865908
    outer loop
      vertex 6.68508 -77.9827 19.5792
      vertex 6.17293 -76.5206 20.4234
      vertex 6.38754 -77.2625 19.995
    endloop
  endfacet
  facet normal -0.941561 -0.291716 -0.168422
    outer loop
      vertex 6.68508 -77.9827 19.5792
      vertex 6.54445 -58.6603 -13.1021
      vertex 6.68508 -58.3375 -14.4474
    endloop
  endfacet
  facet normal -0.941547 -0.291749 -0.168441
    outer loop
      vertex 6.54445 -58.6603 -13.1021
      vertex 6.68508 -77.9827 19.5792
      vertex 6.38754 -59.0204 -11.6013
    endloop
  endfacet
  facet normal -0.94155 -0.291742 -0.168437
    outer loop
      vertex 6.38754 -59.0204 -11.6013
      vertex 6.68508 -77.9827 19.5792
      vertex 6.38754 -77.2625 19.995
    endloop
  endfacet
  facet normal 3.05499e-05 -0.500069 0.865986
    outer loop
      vertex 19.2426 -81.8739 17.3326
      vertex 16.7558 -82.6445 16.8877
      vertex 18.4441 -82.2009 17.1438
    endloop
  endfacet
  facet normal -3.83199e-05 -0.499984 0.866035
    outer loop
      vertex 23.8271 -76.5206 20.4234
      vertex 19.2426 -81.8739 17.3326
      vertex 21.364 -80.5114 18.1193
    endloop
  endfacet
  facet normal 7.73147e-06 -0.500014 0.866018
    outer loop
      vertex 23.8271 -76.5206 20.4234
      vertex 16.7558 -82.6445 16.8877
      vertex 19.2426 -81.8739 17.3326
    endloop
  endfacet
  facet normal 3.83212e-05 -0.499984 0.866035
    outer loop
      vertex 10.7574 -81.8739 17.3326
      vertex 6.17293 -76.5206 20.4234
      vertex 8.63604 -80.5114 18.1193
    endloop
  endfacet
  facet normal -0.514124 -0.742804 -0.428858
    outer loop
      vertex 10.7574 -55.8689 -27.7094
      vertex 9.99987 -81.4807 17.5597
      vertex 9.99987 -55.4757 -27.4823
    endloop
  endfacet
  facet normal -0.0490521 -0.864983 -0.499398
    outer loop
      vertex 15 -82.7942 16.8013
      vertex 14.1178 -56.7517 -28.219
      vertex 15 -56.7892 -28.2407
    endloop
  endfacet
  facet normal 0.0490521 -0.864983 -0.499398
    outer loop
      vertex 15.8822 -56.7517 -28.219
      vertex 15 -82.7942 16.8013
      vertex 15 -56.7892 -28.2407
    endloop
  endfacet
  facet normal -0.336913 -0.815394 -0.470768
    outer loop
      vertex 12.3874 -82.4586 16.995
      vertex 11.5558 -82.2009 17.1438
      vertex 11.5558 -56.1959 -27.8982
    endloop
  endfacet
  facet normal -0.336863 -0.815409 -0.470777
    outer loop
      vertex 12.3874 -82.4586 16.995
      vertex 11.5558 -56.1959 -27.8982
      vertex 12.3874 -56.4536 -28.0469
    endloop
  endfacet
  facet normal -0.000160631 -0.500078 0.86598
    outer loop
      vertex 8.63604 -80.5114 18.1193
      vertex 7.51677 -79.3302 18.8012
      vertex 8.04291 -79.9446 18.4465
    endloop
  endfacet
  facet normal -0.804757 -0.514102 -0.296758
    outer loop
      vertex 8.04291 -79.9446 18.4465
      vertex 7.51677 -56.7575 -20.2959
      vertex 7.52244 -56.7475 -20.3286
    endloop
  endfacet
  facet normal -0.803203 -0.515896 -0.297852
    outer loop
      vertex 8.04291 -79.9446 18.4465
      vertex 7.52244 -56.7475 -20.3286
      vertex 7.58232 -56.6416 -20.6735
    endloop
  endfacet
  facet normal -0.803215 -0.515882 -0.297844
    outer loop
      vertex 7.51677 -56.7575 -20.2959
      vertex 8.04291 -79.9446 18.4465
      vertex 7.51677 -79.3302 18.8012
    endloop
  endfacet
  facet normal 0.000140066 -0.500381 0.865805
    outer loop
      vertex 12.3874 -67.5414 25.6075
      vertex 11.5558 -67.7991 25.4587
      vertex 13.2442 -67.3555 25.7148
    endloop
  endfacet
  facet normal -4.74834e-05 -0.499846 0.866114
    outer loop
      vertex 13.2442 -67.3555 25.7148
      vertex 11.5558 -67.7991 25.4587
      vertex 14.1178 -67.2433 25.7796
    endloop
  endfacet
  facet normal -0.803224 0.515871 0.29784
    outer loop
      vertex 7.51677 -70.6698 23.8013
      vertex 7.88376 -61.6881 9.23433
      vertex 7.51677 -61.8348 8.49871
    endloop
  endfacet
  facet normal -0.803196 0.515902 0.29786
    outer loop
      vertex 7.88376 -61.6881 9.23433
      vertex 7.51677 -70.6698 23.8013
      vertex 8.04291 -61.6245 9.55333
    endloop
  endfacet
  facet normal -0.803215 0.515881 0.297846
    outer loop
      vertex 8.04291 -61.6245 9.55333
      vertex 7.51677 -70.6698 23.8013
      vertex 8.04291 -70.0554 24.156
    endloop
  endfacet
  facet normal 0.000415312 -0.500229 0.865893
    outer loop
      vertex 7.06271 -71.3258 23.4226
      vertex 6.68508 -72.0173 23.0233
      vertex 8.63604 -69.4886 24.4832
    endloop
  endfacet
  facet normal -6.24319e-08 -0.499988 0.866032
    outer loop
      vertex 6.68508 -72.0173 23.0233
      vertex 6.17293 -76.5206 20.4234
      vertex 8.63604 -69.4886 24.4832
    endloop
  endfacet
  facet normal 2.39494e-05 -0.500057 0.865993
    outer loop
      vertex 10.7574 -68.1261 25.2699
      vertex 8.63604 -69.4886 24.4832
      vertex 11.5558 -67.7991 25.4587
    endloop
  endfacet
  facet normal -0.514633 0.74254 0.428705
    outer loop
      vertex 9.99987 -68.5193 25.0429
      vertex 10.0491 -59.6842 9.79912
      vertex 9.99987 -59.7487 9.85174
    endloop
  endfacet
  facet normal -0.513995 0.74287 0.428898
    outer loop
      vertex 10.0491 -59.6842 9.79912
      vertex 9.99987 -68.5193 25.0429
      vertex 10.2637 -59.3266 9.43692
    endloop
  endfacet
  facet normal -7.52629e-05 0.500045 -0.866
    outer loop
      vertex 23.3149 -51.9777 -25.4628
      vertex 22.4832 -53.3252 -26.2408
      vertex 23.8271 -50.5156 -24.6186
    endloop
  endfacet
  facet normal -0.00067537 0.500202 -0.865908
    outer loop
      vertex 23.6125 -51.2575 -25.047
      vertex 23.3149 -51.9777 -25.4628
      vertex 23.8271 -50.5156 -24.6186
    endloop
  endfacet
  facet normal -0.000849203 -0.499617 0.866246
    outer loop
      vertex 23.3149 -77.9827 19.5792
      vertex 22.4832 -79.3302 18.8012
      vertex 22.9373 -78.6742 19.18
    endloop
  endfacet
  facet normal 7.52629e-05 -0.500045 0.866
    outer loop
      vertex 23.8271 -76.5206 20.4234
      vertex 22.4832 -79.3302 18.8012
      vertex 23.3149 -77.9827 19.5792
    endloop
  endfacet
  facet normal -0.998795 0.0424998 0.0245373
    outer loop
      vertex 6 -75 21.3013
      vertex 6.04334 -61.0807 -1.04344
      vertex 6 -60.6627 -3.5316
    endloop
  endfacet
  facet normal -0.998795 0.0424969 0.0245355
    outer loop
      vertex 6.04334 -61.0807 -1.04344
      vertex 6 -75 21.3013
      vertex 6.04334 -74.236 21.7423
    endloop
  endfacet
  facet normal -0.970025 0.210448 0.121503
    outer loop
      vertex 6.17293 -73.4794 22.1792
      vertex 6.38754 -61.6733 3.44384
      vertex 6.26875 -61.5366 2.2587
    endloop
  endfacet
  facet normal -0.970027 0.210442 0.121499
    outer loop
      vertex 6.38754 -61.6733 3.44384
      vertex 6.17293 -73.4794 22.1792
      vertex 6.38754 -72.7375 22.6076
    endloop
  endfacet
  facet normal -0.000129835 -0.499891 0.866088
    outer loop
      vertex 7.51677 -70.6698 23.8013
      vertex 7.06271 -71.3258 23.4226
      vertex 8.04291 -70.0554 24.156
    endloop
  endfacet
  facet normal 0.00084981 -0.499616 0.866246
    outer loop
      vertex 7.51677 -79.3302 18.8012
      vertex 6.68508 -77.9827 19.5792
      vertex 7.06271 -78.6742 19.18
    endloop
  endfacet
  facet normal -7.52554e-05 -0.500045 0.866
    outer loop
      vertex 7.51677 -79.3302 18.8012
      vertex 6.17293 -76.5206 20.4234
      vertex 6.68508 -77.9827 19.5792
    endloop
  endfacet
  facet normal 0.514139 -0.742796 -0.428853
    outer loop
      vertex 20.0001 -81.4807 17.5597
      vertex 19.2426 -81.8739 17.3326
      vertex 19.2426 -55.8689 -27.7094
    endloop
  endfacet
  facet normal -0.000408331 -0.499552 0.866284
    outer loop
      vertex 21.364 -80.5114 18.1193
      vertex 19.2426 -81.8739 17.3326
      vertex 20.0001 -81.4807 17.5597
    endloop
  endfacet
  facet normal 0.000408214 -0.499552 0.866284
    outer loop
      vertex 10.7574 -81.8739 17.3326
      vertex 8.63604 -80.5114 18.1193
      vertex 9.99987 -81.4807 17.5597
    endloop
  endfacet
  facet normal -0.00109679 -0.50114 0.865366
    outer loop
      vertex 9.99987 -81.4807 17.5597
      vertex 8.63604 -80.5114 18.1193
      vertex 9.29046 -81.025 17.8227
    endloop
  endfacet
  facet normal 0 -0.499994 0.866029
    outer loop
      vertex 21.6986 -76.7598 20.2853
      vertex 23.8271 -76.5206 20.4234
      vertex 21.7678 -76.5206 20.4234
    endloop
  endfacet
  facet normal 5.69049e-06 -0.500032 0.866007
    outer loop
      vertex 21.4672 -77.3199 19.9619
      vertex 23.8271 -76.5206 20.4234
      vertex 21.6986 -76.7598 20.2853
    endloop
  endfacet
  facet normal -1.00894e-05 -0.499997 0.866027
    outer loop
      vertex 21.1734 -77.8577 19.6514
      vertex 23.8271 -76.5206 20.4234
      vertex 21.4672 -77.3199 19.9619
    endloop
  endfacet
  facet normal -4.11793e-05 -0.499951 0.866054
    outer loop
      vertex 20.8203 -78.368 19.3568
      vertex 23.8271 -76.5206 20.4234
      vertex 21.1734 -77.8577 19.6514
    endloop
  endfacet
  facet normal 9.69138e-05 -0.500119 0.865956
    outer loop
      vertex 20.4111 -78.8458 19.0809
      vertex 23.8271 -76.5206 20.4234
      vertex 20.8203 -78.368 19.3568
    endloop
  endfacet
  facet normal -2.12044e-05 -0.499989 0.866032
    outer loop
      vertex 19.9497 -79.2866 18.8264
      vertex 23.8271 -76.5206 20.4234
      vertex 20.4111 -78.8458 19.0809
    endloop
  endfacet
  facet normal -0.000313908 -0.499779 0.866153
    outer loop
      vertex 16.7558 -82.6445 16.8877
      vertex 19.9497 -79.2866 18.8264
      vertex 19.4408 -79.6861 18.5957
    endloop
  endfacet
  facet normal -2.52635e-05 -0.499985 0.866034
    outer loop
      vertex 19.9497 -79.2866 18.8264
      vertex 16.7558 -82.6445 16.8877
      vertex 23.8271 -76.5206 20.4234
    endloop
  endfacet
  facet normal 3.37818e-05 -0.500016 0.866016
    outer loop
      vertex 18.889 -80.0405 18.3911
      vertex 16.7558 -82.6445 16.8877
      vertex 19.4408 -79.6861 18.5957
    endloop
  endfacet
  facet normal 2.32384e-05 -0.500009 0.86602
    outer loop
      vertex 18.2998 -80.3464 18.2145
      vertex 16.7558 -82.6445 16.8877
      vertex 18.889 -80.0405 18.3911
    endloop
  endfacet
  facet normal 3.69686e-05 -0.500016 0.866016
    outer loop
      vertex 17.6788 -80.6007 18.0677
      vertex 16.7558 -82.6445 16.8877
      vertex 18.2998 -80.3464 18.2145
    endloop
  endfacet
  facet normal 3.30578e-06 -0.500005 0.866023
    outer loop
      vertex 17.032 -80.8011 17.952
      vertex 16.7558 -82.6445 16.8877
      vertex 17.6788 -80.6007 18.0677
    endloop
  endfacet
  facet normal -1.90328e-05 -0.500002 0.866024
    outer loop
      vertex 16.3656 -80.9457 17.8685
      vertex 16.7558 -82.6445 16.8877
      vertex 17.032 -80.8011 17.952
    endloop
  endfacet
  facet normal 0.000636288 -0.499889 0.866089
    outer loop
      vertex 16.3108 -80.9527 17.8645
      vertex 16.7558 -82.6445 16.8877
      vertex 16.3656 -80.9457 17.8685
    endloop
  endfacet
  facet normal -4.95225e-05 -0.500025 0.866011
    outer loop
      vertex 15.6861 -81.033 17.8181
      vertex 16.7558 -82.6445 16.8877
      vertex 16.3108 -80.9527 17.8645
    endloop
  endfacet
  facet normal -3.60673e-05 -0.500018 0.866015
    outer loop
      vertex 15.0553 -81.0598 17.8026
      vertex 16.7558 -82.6445 16.8877
      vertex 15.6861 -81.033 17.8181
    endloop
  endfacet
  facet normal 0.00128177 -0.498957 0.866626
    outer loop
      vertex 15 -81.0622 17.8013
      vertex 16.7558 -82.6445 16.8877
      vertex 15.0553 -81.0598 17.8026
    endloop
  endfacet
  facet normal -0.00128177 -0.498957 0.866626
    outer loop
      vertex 13.2442 -82.6445 16.8877
      vertex 15 -81.0622 17.8013
      vertex 14.9447 -81.0598 17.8026
    endloop
  endfacet
  facet normal 3.60673e-05 -0.500018 0.866015
    outer loop
      vertex 13.2442 -82.6445 16.8877
      vertex 14.9447 -81.0598 17.8026
      vertex 14.3139 -81.033 17.8181
    endloop
  endfacet
  facet normal 4.95225e-05 -0.500025 0.866011
    outer loop
      vertex 13.2442 -82.6445 16.8877
      vertex 14.3139 -81.033 17.8181
      vertex 13.6892 -80.9527 17.8645
    endloop
  endfacet
  facet normal -0.000636288 -0.499889 0.866089
    outer loop
      vertex 13.2442 -82.6445 16.8877
      vertex 13.6892 -80.9527 17.8645
      vertex 13.6344 -80.9457 17.8685
    endloop
  endfacet
  facet normal 0 -0.500024 0.866011
    outer loop
      vertex 15 -81.0622 17.8013
      vertex 13.2442 -82.6445 16.8877
      vertex 16.7558 -82.6445 16.8877
    endloop
  endfacet
  facet normal 1.90328e-05 -0.500002 0.866024
    outer loop
      vertex 12.968 -80.8011 17.952
      vertex 13.2442 -82.6445 16.8877
      vertex 13.6344 -80.9457 17.8685
    endloop
  endfacet
  facet normal -3.30578e-06 -0.500005 0.866023
    outer loop
      vertex 12.3212 -80.6007 18.0677
      vertex 13.2442 -82.6445 16.8877
      vertex 12.968 -80.8011 17.952
    endloop
  endfacet
  facet normal -3.69686e-05 -0.500016 0.866016
    outer loop
      vertex 11.7002 -80.3464 18.2145
      vertex 13.2442 -82.6445 16.8877
      vertex 12.3212 -80.6007 18.0677
    endloop
  endfacet
  facet normal -2.32384e-05 -0.500009 0.86602
    outer loop
      vertex 11.111 -80.0405 18.3911
      vertex 13.2442 -82.6445 16.8877
      vertex 11.7002 -80.3464 18.2145
    endloop
  endfacet
  facet normal -3.37818e-05 -0.500016 0.866016
    outer loop
      vertex 10.5592 -79.6861 18.5957
      vertex 13.2442 -82.6445 16.8877
      vertex 11.111 -80.0405 18.3911
    endloop
  endfacet
  facet normal 0.000313908 -0.499779 0.866153
    outer loop
      vertex 10.0503 -79.2866 18.8264
      vertex 13.2442 -82.6445 16.8877
      vertex 10.5592 -79.6861 18.5957
    endloop
  endfacet
  facet normal 2.1201e-05 -0.499989 0.866032
    outer loop
      vertex 6.17293 -76.5206 20.4234
      vertex 10.0503 -79.2866 18.8264
      vertex 9.58893 -78.8458 19.0809
    endloop
  endfacet
  facet normal 2.52641e-05 -0.499985 0.866034
    outer loop
      vertex 10.0503 -79.2866 18.8264
      vertex 6.17293 -76.5206 20.4234
      vertex 13.2442 -82.6445 16.8877
    endloop
  endfacet
  facet normal -9.69205e-05 -0.500119 0.865956
    outer loop
      vertex 9.17971 -78.368 19.3568
      vertex 6.17293 -76.5206 20.4234
      vertex 9.58893 -78.8458 19.0809
    endloop
  endfacet
  facet normal 4.11849e-05 -0.499951 0.866054
    outer loop
      vertex 8.82655 -77.8577 19.6514
      vertex 6.17293 -76.5206 20.4234
      vertex 9.17971 -78.368 19.3568
    endloop
  endfacet
  facet normal 1.00886e-05 -0.499997 0.866027
    outer loop
      vertex 8.53284 -77.3199 19.9619
      vertex 6.17293 -76.5206 20.4234
      vertex 8.82655 -77.8577 19.6514
    endloop
  endfacet
  facet normal -5.69054e-06 -0.500032 0.866007
    outer loop
      vertex 8.30142 -76.7598 20.2853
      vertex 6.17293 -76.5206 20.4234
      vertex 8.53284 -77.3199 19.9619
    endloop
  endfacet
  facet normal 0 -0.499994 0.866029
    outer loop
      vertex 6.17293 -76.5206 20.4234
      vertex 8.30142 -76.7598 20.2853
      vertex 8.23224 -76.5206 20.4234
    endloop
  endfacet
  facet normal 0 -0.499122 0.866532
    outer loop
      vertex 15.8822 -82.7567 16.8229
      vertex 14.1178 -82.7567 16.8229
      vertex 15 -82.7942 16.8013
    endloop
  endfacet
  facet normal 0.0489957 -0.864985 -0.4994
    outer loop
      vertex 15.8822 -82.7567 16.8229
      vertex 15 -82.7942 16.8013
      vertex 15.8822 -56.7517 -28.219
    endloop
  endfacet
  facet normal -0.740974 0.581565 0.335768
    outer loop
      vertex 8.63604 -69.4886 24.4832
      vertex 8.57356 -61.2678 10.1065
      vertex 8.44662 -61.3649 9.99455
    endloop
  endfacet
  facet normal -0.741 0.581541 0.335753
    outer loop
      vertex 8.57356 -61.2678 10.1065
      vertex 8.63604 -69.4886 24.4832
      vertex 8.63604 -61.22 10.1616
    endloop
  endfacet
  facet normal -0.671502 0.641727 0.370502
    outer loop
      vertex 8.63604 -61.22 10.1616
      vertex 8.63604 -69.4886 24.4832
      vertex 8.84454 -61.0397 10.2272
    endloop
  endfacet
  facet normal 0.595715 -0.695588 -0.401598
    outer loop
      vertex 20.0001 -81.4807 17.5597
      vertex 20.7095 -55.02 -27.2193
      vertex 20.7095 -81.025 17.8227
    endloop
  endfacet
  facet normal 0.595715 -0.695588 -0.401598
    outer loop
      vertex 20.7095 -55.02 -27.2193
      vertex 20.0001 -81.4807 17.5597
      vertex 20.0001 -55.4757 -27.4823
    endloop
  endfacet
  facet normal 0.336949 -0.815383 -0.470761
    outer loop
      vertex 18.4441 -82.2009 17.1438
      vertex 17.6126 -82.4586 16.995
      vertex 18.4441 -56.1959 -27.8982
    endloop
  endfacet
  facet normal 0.427488 -0.782905 -0.45201
    outer loop
      vertex 18.4441 -82.2009 17.1438
      vertex 19.2426 -55.8689 -27.7094
      vertex 19.2426 -81.8739 17.3326
    endloop
  endfacet
  facet normal 0.427488 -0.782905 -0.45201
    outer loop
      vertex 19.2426 -55.8689 -27.7094
      vertex 18.4441 -82.2009 17.1438
      vertex 18.4441 -56.1959 -27.8982
    endloop
  endfacet
  facet normal -0.857725 0.445232 0.257053
    outer loop
      vertex 7.06271 -71.3258 23.4226
      vertex 7.51677 -61.8348 8.49871
      vertex 7.22241 -61.9046 7.6374
    endloop
  endfacet
  facet normal -0.857691 0.445281 0.257083
    outer loop
      vertex 7.06271 -71.3258 23.4226
      vertex 7.22241 -61.9046 7.6374
      vertex 7.06271 -61.9092 7.11257
    endloop
  endfacet
  facet normal -0.857701 0.445265 0.257075
    outer loop
      vertex 7.51677 -61.8348 8.49871
      vertex 7.06271 -71.3258 23.4226
      vertex 7.51677 -70.6698 23.8013
    endloop
  endfacet
  facet normal -0.000514444 -0.174522 0.984653
    outer loop
      vertex 12.9374 -58.015 40.4874
      vertex 10.9976 -56.8837 40.6869
      vertex 11 -56.9311 40.6785
    endloop
  endfacet
  facet normal 4.96717e-05 -0.173584 0.984819
    outer loop
      vertex 12.9374 -58.015 40.4874
      vertex 10.947 -55.8693 40.8657
      vertex 10.9976 -56.8837 40.6869
    endloop
  endfacet
  facet normal -8.23237e-05 -0.173702 0.984798
    outer loop
      vertex 12.9374 -58.015 40.4874
      vertex 10.7957 -54.8646 41.0429
      vertex 10.947 -55.8693 40.8657
    endloop
  endfacet
  facet normal -0.00120274 -0.174441 0.984667
    outer loop
      vertex 12.9374 -58.015 40.4874
      vertex 10.7886 -54.8177 41.0512
      vertex 10.7957 -54.8646 41.0429
    endloop
  endfacet
  facet normal -0.000267913 -0.173593 0.984817
    outer loop
      vertex 10.7886 -54.8177 41.0512
      vertex 11.465 -50.725 41.7728
      vertex 10.6063 -54.1009 41.1775
    endloop
  endfacet
  facet normal 2.62968e-05 -0.17364 0.984809
    outer loop
      vertex 10.7886 -54.8177 41.0512
      vertex 12.9374 -58.015 40.4874
      vertex 11.465 -50.725 41.7728
    endloop
  endfacet
  facet normal 1.81633e-06 -0.173627 0.984812
    outer loop
      vertex 10.947 -57.9929 40.4913
      vertex 12.9374 -58.015 40.4874
      vertex 11 -56.9311 40.6785
    endloop
  endfacet
  facet normal 1.8319e-06 -0.173625 0.984812
    outer loop
      vertex 10.7886 -59.0445 40.3059
      vertex 12.9374 -58.015 40.4874
      vertex 10.947 -57.9929 40.4913
    endloop
  endfacet
  facet normal 6.00196e-05 -0.173743 0.984791
    outer loop
      vertex 10.538 -60.0297 40.1321
      vertex 12.9374 -58.015 40.4874
      vertex 10.7886 -59.0445 40.3059
    endloop
  endfacet
  facet normal -0.000280593 -0.17335 0.98486
    outer loop
      vertex 10.5263 -60.0757 40.124
      vertex 12.9374 -58.015 40.4874
      vertex 10.538 -60.0297 40.1321
    endloop
  endfacet
  facet normal -2.94986e-05 -0.173635 0.98481
    outer loop
      vertex 10.1627 -61.0767 39.9475
      vertex 12.9374 -58.015 40.4874
      vertex 10.5263 -60.0757 40.124
    endloop
  endfacet
  facet normal -0.0025648 -0.171405 0.985197
    outer loop
      vertex 10.1421 -61.1195 39.94
      vertex 12.9374 -58.015 40.4874
      vertex 10.1627 -61.0767 39.9475
    endloop
  endfacet
  facet normal -3.39602e-06 -0.173643 0.984809
    outer loop
      vertex 9.70113 -62.0377 39.7781
      vertex 12.9374 -58.015 40.4874
      vertex 10.1421 -61.1195 39.94
    endloop
  endfacet
  facet normal -7.95242e-05 -0.173584 0.984819
    outer loop
      vertex 9.17092 -62.9089 39.6245
      vertex 12.9374 -58.015 40.4874
      vertex 9.70113 -62.0377 39.7781
    endloop
  endfacet
  facet normal -0.00563466 -0.17128 0.985206
    outer loop
      vertex 7.22241 -67.405 38.8317
      vertex 9.17092 -62.9089 39.6245
      vertex 9.14616 -62.9495 39.6173
    endloop
  endfacet
  facet normal -0.000214161 -0.173553 0.984824
    outer loop
      vertex 7.22241 -67.405 38.8317
      vertex 9.14616 -62.9495 39.6173
      vertex 8.5318 -63.7653 39.4734
    endloop
  endfacet
  facet normal 0.00113362 -0.174023 0.984741
    outer loop
      vertex 7.22241 -67.405 38.8317
      vertex 8.5318 -63.7653 39.4734
      vertex 8.50311 -63.8034 39.4667
    endloop
  endfacet
  facet normal 2.65187e-05 -0.173663 0.984805
    outer loop
      vertex 9.17092 -62.9089 39.6245
      vertex 7.22241 -67.405 38.8317
      vertex 12.9374 -58.015 40.4874
    endloop
  endfacet
  facet normal 0.000304562 -0.173737 0.984792
    outer loop
      vertex 8.47077 -63.8386 39.4605
      vertex 7.22241 -67.405 38.8317
      vertex 8.50311 -63.8034 39.4667
    endloop
  endfacet
  facet normal 8.34532e-05 -0.173662 0.984805
    outer loop
      vertex 7.22241 -67.405 38.8317
      vertex 8.47077 -63.8386 39.4605
      vertex 7.99921 -64.3509 39.3702
    endloop
  endfacet
  facet normal 0.989176 0.144502 0.0254798
    outer loop
      vertex 12.7502 -54.2625 41.1491
      vertex 12.9374 -46.3933 -10.7466
      vertex 12.7502 -44.5246 -14.077
    endloop
  endfacet
  facet normal 0.989175 0.144514 0.0254816
    outer loop
      vertex 12.9374 -46.3933 -10.7466
      vertex 12.7502 -54.2625 41.1491
      vertex 12.9374 -55.5052 40.9299
    endloop
  endfacet
  facet normal 0.998795 0.048325 0.00852095
    outer loop
      vertex 12.9374 -55.5052 40.9299
      vertex 13 -48.264 -7.47501
      vertex 12.9374 -46.3933 -10.7466
    endloop
  endfacet
  facet normal 0.998795 0.0483225 0.00852056
    outer loop
      vertex 13 -48.264 -7.47501
      vertex 12.9374 -55.5052 40.9299
      vertex 13 -56.7601 40.7087
    endloop
  endfacet
  facet normal 0.000405306 -0.174106 0.984727
    outer loop
      vertex 9.19239 -65.8128 39.1124
      vertex 7.22241 -67.405 38.8317
      vertex 8.24711 -66.6566 38.9636
    endloop
  endfacet
  facet normal -0.146768 0.974143 0.171768
    outer loop
      vertex -2.16258 -33.7585 -15.995
      vertex -2.53617 -44.2036 42.9227
      vertex -1.27422 -44.0192 42.9552
    endloop
  endfacet
  facet normal -0.146803 0.974138 0.171767
    outer loop
      vertex -2.53617 -44.2036 42.9227
      vertex -2.16258 -33.7585 -15.995
      vertex -2.53617 -33.8148 -15.995
    endloop
  endfacet
  facet normal -0.000148807 -0.17361 0.984814
    outer loop
      vertex 12.9374 -58.015 40.4874
      vertex 12.0104 -61.6594 39.8448
      vertex 12.7502 -59.2577 40.2683
    endloop
  endfacet
  facet normal -0.000191104 0.173425 -0.984847
    outer loop
      vertex 0 -54.8025 -45.2574
      vertex -2.14599 -52.7957 -44.9036
      vertex -2.01886 -52.8143 -44.9069
    endloop
  endfacet
  facet normal -9.40607e-05 0.173525 -0.984829
    outer loop
      vertex 0 -54.8025 -45.2574
      vertex -3.18167 -52.5403 -44.8585
      vertex -2.14599 -52.7957 -44.9036
    endloop
  endfacet
  facet normal 0.00151575 0.175721 -0.984439
    outer loop
      vertex 0 -54.8025 -45.2574
      vertex -3.19313 -52.5374 -44.858
      vertex -3.18167 -52.5403 -44.8585
    endloop
  endfacet
  facet normal 8.27168e-05 0.173762 -0.984788
    outer loop
      vertex 0 -54.8025 -45.2574
      vertex -4.20952 -52.1793 -44.7949
      vertex -3.19313 -52.5374 -44.858
    endloop
  endfacet
  facet normal -0.000265627 0.17322 -0.984883
    outer loop
      vertex 0 -54.8025 -45.2574
      vertex -5.18536 -51.7248 -44.7147
      vertex -4.20952 -52.1793 -44.7949
    endloop
  endfacet
  facet normal 0.0164147 0.200388 -0.979579
    outer loop
      vertex 0 -54.8025 -45.2574
      vertex -6.11127 -51.1782 -44.6184
      vertex -5.18536 -51.7248 -44.7147
    endloop
  endfacet
  facet normal 0.00306453 0.179993 -0.983663
    outer loop
      vertex -8.13609 -50 -44.4106
      vertex -6.98708 -50.5371 -44.5053
      vertex -6.97833 -50.5449 -44.5067
    endloop
  endfacet
  facet normal 0 0.173639 -0.984809
    outer loop
      vertex -6.98708 -50.5371 -44.5053
      vertex -8.13609 -50 -44.4106
      vertex -7.58885 -50 -44.4106
    endloop
  endfacet
  facet normal 1.96394e-05 0.173723 -0.984795
    outer loop
      vertex -6.11127 -51.1782 -44.6184
      vertex -8.13609 -50 -44.4106
      vertex -6.97833 -50.5449 -44.5067
    endloop
  endfacet
  facet normal -0.00185113 0.170603 -0.985338
    outer loop
      vertex -8.13609 -50 -44.4106
      vertex -6.11127 -51.1782 -44.6184
      vertex 0 -54.8025 -45.2574
    endloop
  endfacet
  facet normal -0.998801 -0.0482098 -0.00850069
    outer loop
      vertex -12.9798 -47.1802 -15.995
      vertex -13 -56.7601 40.7087
      vertex -13 -46.7617 -15.995
    endloop
  endfacet
  facet normal -0.998795 -0.0483219 -0.00851964
    outer loop
      vertex -13 -56.7601 40.7087
      vertex -12.9798 -47.1802 -15.995
      vertex -12.9374 -58.015 40.4874
    endloop
  endfacet
  facet normal -0.0490352 0.983623 0.173439
    outer loop
      vertex 0 -33.5612 -15.995
      vertex -1.27422 -44.0192 42.9552
      vertex 0 -43.9576 42.9661
    endloop
  endfacet
  facet normal -0.049082 0.983621 0.173437
    outer loop
      vertex -1.27422 -44.0192 42.9552
      vertex 0 -33.5612 -15.995
      vertex -0.376759 -33.58 -15.995
    endloop
  endfacet
  facet normal 0.740955 0.661352 0.116615
    outer loop
      vertex 9.19239 -37.4275 -15.995
      vertex 9.19239 -47.7074 42.3049
      vertex 9.78791 -38.0947 -15.995
    endloop
  endfacet
  facet normal -0.989171 -0.144541 -0.0254865
    outer loop
      vertex -12.8786 -48.2808 -17
      vertex -12.9374 -58.015 40.4874
      vertex -12.9374 -47.8784 -17
    endloop
  endfacet
  facet normal -0.989174 -0.144516 -0.0254823
    outer loop
      vertex -12.9374 -58.015 40.4874
      vertex -12.8786 -48.2808 -17
      vertex -12.7502 -59.2577 40.2683
    endloop
  endfacet
  facet normal -9.84998e-05 0.17368 -0.984802
    outer loop
      vertex 0 -54.8025 -45.2574
      vertex 1.07819 -52.9517 -44.9311
      vertex 1.43281 -52.8999 -44.922
    endloop
  endfacet
  facet normal 2.66992e-06 0.173623 -0.984812
    outer loop
      vertex 0 -54.8025 -45.2574
      vertex 0.0117979 -53.0033 -44.9402
      vertex 1.07819 -52.9517 -44.9311
    endloop
  endfacet
  facet normal -0.000482667 0.173626 -0.984812
    outer loop
      vertex 0 -54.8025 -45.2574
      vertex 0 -53.0039 -44.9403
      vertex 0.0117979 -53.0033 -44.9402
    endloop
  endfacet
  facet normal 0.000482667 0.173626 -0.984812
    outer loop
      vertex 0 -54.8025 -45.2574
      vertex -0.0117979 -53.0033 -44.9402
      vertex 0 -53.0039 -44.9403
    endloop
  endfacet
  facet normal -2.66992e-06 0.173623 -0.984812
    outer loop
      vertex 0 -54.8025 -45.2574
      vertex -1.07819 -52.9517 -44.9311
      vertex -0.0117979 -53.0033 -44.9402
    endloop
  endfacet
  facet normal 9.84998e-05 0.17368 -0.984802
    outer loop
      vertex -1.07819 -52.9517 -44.9311
      vertex 0 -54.8025 -45.2574
      vertex -1.43281 -52.8999 -44.922
    endloop
  endfacet
  facet normal -9.28747e-06 -0.173642 0.984809
    outer loop
      vertex 12.9374 -58.015 40.4874
      vertex 7.22241 -67.405 38.8317
      vertex 10.0491 -64.8819 39.2766
    endloop
  endfacet
  facet normal 4.24545e-05 0.173716 -0.984796
    outer loop
      vertex -4.97488 -53.828 -45.0856
      vertex -7.22241 -52.6449 -44.877
      vertex -3.7737 -54.2512 -45.1602
    endloop
  endfacet
  facet normal -0.857652 -0.506418 -0.0892976
    outer loop
      vertex -10.8091 -63.8728 39.4545
      vertex -11.465 -50 -32.9204
      vertex -11.3836 -50 -33.7022
    endloop
  endfacet
  facet normal -0.857712 -0.50632 -0.0892782
    outer loop
      vertex -11.465 -50 -32.9204
      vertex -10.8091 -63.8728 39.4545
      vertex -11.465 -62.7952 39.6445
    endloop
  endfacet
  facet normal -0.00022036 -0.173774 0.984786
    outer loop
      vertex -10.0491 -64.8819 39.2766
      vertex -12.0104 -61.6594 39.8448
      vertex -11.465 -62.7952 39.6445
    endloop
  endfacet
  facet normal 0.969993 0.239441 0.0422197
    outer loop
      vertex 12.4402 -53.0437 41.364
      vertex 12.5381 -43.3264 -15.995
      vertex 12.4402 -42.9298 -15.995
    endloop
  endfacet
  facet normal 0.970032 0.239287 0.0421936
    outer loop
      vertex 12.5381 -43.3264 -15.995
      vertex 12.4402 -53.0437 41.364
      vertex 12.7502 -54.2625 41.1491
    endloop
  endfacet
  facet normal 0 -0.173638 0.98481
    outer loop
      vertex 2.75753 -67.405 38.8317
      vertex 4.97488 -68.5881 38.6231
      vertex 7.22241 -67.405 38.8317
    endloop
  endfacet
  facet normal -4.66437e-05 -0.173723 0.984795
    outer loop
      vertex 2.19271 -67.5443 38.8071
      vertex 4.97488 -68.5881 38.6231
      vertex 2.75753 -67.405 38.8317
    endloop
  endfacet
  facet normal 0.000346369 -0.172707 0.984973
    outer loop
      vertex 2.14599 -67.5558 38.8051
      vertex 4.97488 -68.5881 38.6231
      vertex 2.19271 -67.5443 38.8071
    endloop
  endfacet
  facet normal 2.39249e-06 -0.173621 0.984813
    outer loop
      vertex 1.07819 -67.7118 38.7776
      vertex 4.97488 -68.5881 38.6231
      vertex 2.14599 -67.5558 38.8051
    endloop
  endfacet
  facet normal 0.000387905 -0.171958 0.985104
    outer loop
      vertex 1.03009 -67.7142 38.7772
      vertex 4.97488 -68.5881 38.6231
      vertex 1.07819 -67.7118 38.7776
    endloop
  endfacet
  facet normal -1.44938e-05 -0.17372 0.984795
    outer loop
      vertex 0 -67.764 38.7684
      vertex 4.97488 -68.5881 38.6231
      vertex 1.03009 -67.7142 38.7772
    endloop
  endfacet
  facet normal 1.44938e-05 -0.17372 0.984795
    outer loop
      vertex -4.97488 -68.5881 38.6231
      vertex 0 -67.764 38.7684
      vertex -1.03009 -67.7142 38.7772
    endloop
  endfacet
  facet normal -0.000387905 -0.171958 0.985104
    outer loop
      vertex -4.97488 -68.5881 38.6231
      vertex -1.03009 -67.7142 38.7772
      vertex -1.07819 -67.7118 38.7776
    endloop
  endfacet
  facet normal 4.66437e-05 -0.173723 0.984795
    outer loop
      vertex -4.97488 -68.5881 38.6231
      vertex -2.19271 -67.5443 38.8071
      vertex -2.75753 -67.405 38.8317
    endloop
  endfacet
  facet normal 0 -0.173635 0.98481
    outer loop
      vertex 0 -67.764 38.7684
      vertex -4.97488 -68.5881 38.6231
      vertex 4.97488 -68.5881 38.6231
    endloop
  endfacet
  facet normal -2.39249e-06 -0.173621 0.984813
    outer loop
      vertex -2.14599 -67.5558 38.8051
      vertex -4.97488 -68.5881 38.6231
      vertex -1.07819 -67.7118 38.7776
    endloop
  endfacet
  facet normal -0.000346369 -0.172707 0.984973
    outer loop
      vertex -2.19271 -67.5443 38.8071
      vertex -4.97488 -68.5881 38.6231
      vertex -2.14599 -67.5558 38.8051
    endloop
  endfacet
  facet normal 0 -0.173638 0.98481
    outer loop
      vertex -4.97488 -68.5881 38.6231
      vertex -2.75753 -67.405 38.8317
      vertex -7.22241 -67.405 38.8317
    endloop
  endfacet
  facet normal 0.514138 0.844677 0.148938
    outer loop
      vertex 6.12816 -35.1199 -15.995
      vertex 7.22241 -46.1152 42.5856
      vertex 6.45559 -35.3192 -15.995
    endloop
  endfacet
  facet normal 0.514101 0.844699 0.148943
    outer loop
      vertex 7.22241 -46.1152 42.5856
      vertex 6.12816 -35.1199 -15.995
      vertex 6.12816 -45.4693 42.6995
    endloop
  endfacet
  facet normal 0.903977 -0.421086 -0.0742486
    outer loop
      vertex 12.0104 -61.6594 39.8448
      vertex 11.5558 -56.7129 6.25696
      vertex 11.7856 -56.0444 5.26351
    endloop
  endfacet
  facet normal 0.904145 -0.420733 -0.0741989
    outer loop
      vertex 12.0104 -61.6594 39.8448
      vertex 11.465 -56.972 6.61971
      vertex 11.5558 -56.7129 6.25696
    endloop
  endfacet
  facet normal 0.904014 -0.421007 -0.0742354
    outer loop
      vertex 11.465 -56.972 6.61971
      vertex 12.0104 -61.6594 39.8448
      vertex 11.465 -62.7952 39.6445
    endloop
  endfacet
  facet normal 0.904103 -0.420822 -0.0742088
    outer loop
      vertex 11.465 -50.4541 -30.3451
      vertex 11.5436 -50 -31.9626
      vertex 11.5548 -50.279 -30.244
    endloop
  endfacet
  facet normal 0.904125 -0.420777 -0.0741952
    outer loop
      vertex 11.5436 -50 -31.9626
      vertex 11.465 -50.4541 -30.3451
      vertex 11.465 -50 -32.9204
    endloop
  endfacet
  facet normal 7.24651e-05 -0.173631 0.984811
    outer loop
      vertex 12.9374 -55.5052 40.9299
      vertex 11.465 -50.725 41.7728
      vertex 12.9374 -58.015 40.4874
    endloop
  endfacet
  facet normal 0.998796 -0.0483135 -0.00851905
    outer loop
      vertex 12.9723 -49.0845 -6.0677
      vertex 12.9374 -58.015 40.4874
      vertex 12.9374 -50.1188 -4.29372
    endloop
  endfacet
  facet normal 0.941546 -0.331766 -0.0584996
    outer loop
      vertex 12.4402 -60.4765 40.0534
      vertex 12.3874 -53.9186 2.01208
      vertex 12.4402 -53.7096 1.6766
    endloop
  endfacet
  facet normal 0.941547 -0.331765 -0.0584994
    outer loop
      vertex 12.4402 -60.4765 40.0534
      vertex 12.1993 -54.653 3.14958
      vertex 12.3874 -53.9186 2.01208
    endloop
  endfacet
  facet normal 0.941539 -0.331786 -0.0585027
    outer loop
      vertex 12.1993 -54.653 3.14958
      vertex 12.4402 -60.4765 40.0534
      vertex 12.0104 -61.6594 39.8448
    endloop
  endfacet
  facet normal -0.000150188 -0.173728 0.984794
    outer loop
      vertex -10.0491 -64.8819 39.2766
      vertex -11.465 -62.7952 39.6445
      vertex -10.8091 -63.8728 39.4545
    endloop
  endfacet
  facet normal 0.0491122 -0.983619 -0.173439
    outer loop
      vertex 1.27422 -69.5009 38.4621
      vertex 0 -69.5626 38.4512
      vertex 0 -54.8025 -45.2574
    endloop
  endfacet
  facet normal 0.94159 0.331646 0.0584814
    outer loop
      vertex 12.0104 -51.8608 41.5725
      vertex 12.4402 -42.9298 -15.995
      vertex 12.3053 -42.5468 -15.995
    endloop
  endfacet
  facet normal 0.941537 0.33179 0.0585034
    outer loop
      vertex 12.4402 -42.9298 -15.995
      vertex 12.0104 -51.8608 41.5725
      vertex 12.4402 -53.0437 41.364
    endloop
  endfacet
  facet normal -0.970044 0.23924 0.0421847
    outer loop
      vertex -12.7502 -44.1864 -15.995
      vertex -12.7502 -54.2625 41.1491
      vertex -12.5381 -43.3264 -15.995
    endloop
  endfacet
  facet normal -0.514099 0.8447 0.148943
    outer loop
      vertex -7.22241 -35.7859 -15.995
      vertex -7.22241 -46.1152 42.5856
      vertex -6.45559 -35.3192 -15.995
    endloop
  endfacet
  facet normal 0 0.173639 -0.984809
    outer loop
      vertex 8.13609 -50 -44.4106
      vertex 6.98708 -50.5371 -44.5053
      vertex 7.58885 -50 -44.4106
    endloop
  endfacet
  facet normal -0.00306453 0.179993 -0.983663
    outer loop
      vertex 8.13609 -50 -44.4106
      vertex 6.97833 -50.5449 -44.5067
      vertex 6.98708 -50.5371 -44.5053
    endloop
  endfacet
  facet normal -1.96394e-05 0.173723 -0.984795
    outer loop
      vertex 8.13609 -50 -44.4106
      vertex 6.11127 -51.1782 -44.6184
      vertex 6.97833 -50.5449 -44.5067
    endloop
  endfacet
  facet normal 0.00764311 0.160931 -0.986936
    outer loop
      vertex 8.13609 -50 -44.4106
      vertex 5.18536 -51.7248 -44.7147
      vertex 6.11127 -51.1782 -44.6184
    endloop
  endfacet
  facet normal 0.000191104 0.173425 -0.984847
    outer loop
      vertex 2.14599 -52.7957 -44.9036
      vertex 0 -54.8025 -45.2574
      vertex 2.01886 -52.8143 -44.9069
    endloop
  endfacet
  facet normal 9.40607e-05 0.173525 -0.984829
    outer loop
      vertex 3.18167 -52.5403 -44.8585
      vertex 0 -54.8025 -45.2574
      vertex 2.14599 -52.7957 -44.9036
    endloop
  endfacet
  facet normal -0.00151575 0.175721 -0.984439
    outer loop
      vertex 3.19313 -52.5374 -44.858
      vertex 0 -54.8025 -45.2574
      vertex 3.18167 -52.5403 -44.8585
    endloop
  endfacet
  facet normal -8.27168e-05 0.173762 -0.984788
    outer loop
      vertex 4.20952 -52.1793 -44.7949
      vertex 0 -54.8025 -45.2574
      vertex 3.19313 -52.5374 -44.858
    endloop
  endfacet
  facet normal 0.000265627 0.17322 -0.984883
    outer loop
      vertex 5.18536 -51.7248 -44.7147
      vertex 0 -54.8025 -45.2574
      vertex 4.20952 -52.1793 -44.7949
    endloop
  endfacet
  facet normal -0.000860461 0.17506 -0.984557
    outer loop
      vertex 0 -54.8025 -45.2574
      vertex 5.18536 -51.7248 -44.7147
      vertex 8.13609 -50 -44.4106
    endloop
  endfacet
  facet normal 0 -0.173693 0.9848
    outer loop
      vertex 11.465 -50.725 41.7728
      vertex 8.50311 -50.0588 41.8903
      vertex 9.00486 -50.725 41.7728
    endloop
  endfacet
  facet normal 1.0417e-05 -0.173648 0.984808
    outer loop
      vertex 11.465 -50.725 41.7728
      vertex 7.77817 -49.2711 42.0292
      vertex 8.50311 -50.0588 41.8903
    endloop
  endfacet
  facet normal -1.37417e-06 -0.173677 0.984803
    outer loop
      vertex 11.465 -50.725 41.7728
      vertex 6.97833 -48.5572 42.1551
      vertex 7.77817 -49.2711 42.0292
    endloop
  endfacet
  facet normal 0.00450532 -0.164621 0.986347
    outer loop
      vertex 11.465 -50.725 41.7728
      vertex 6.93964 -48.5289 42.16
      vertex 6.97833 -48.5572 42.1551
    endloop
  endfacet
  facet normal -7.27553e-05 -0.17378 0.984785
    outer loop
      vertex 11.465 -50.725 41.7728
      vertex 6.11127 -47.9239 42.2667
      vertex 6.93964 -48.5289 42.16
    endloop
  endfacet
  facet normal -6.50653e-06 -0.173657 0.984806
    outer loop
      vertex 2.53617 -44.2036 42.9227
      vertex 6.11127 -47.9239 42.2667
      vertex 11.465 -50.725 41.7728
    endloop
  endfacet
  facet normal 5.28556e-05 -0.173602 0.984816
    outer loop
      vertex 6.11127 -47.9239 42.2667
      vertex 2.53617 -44.2036 42.9227
      vertex 5.22667 -47.4017 42.3588
    endloop
  endfacet
  facet normal 0.000724062 -0.173054 0.984912
    outer loop
      vertex 5.22667 -47.4017 42.3588
      vertex 2.53617 -44.2036 42.9227
      vertex 5.18536 -47.3774 42.3631
    endloop
  endfacet
  facet normal -8.9895e-05 -0.173713 0.984796
    outer loop
      vertex 2.53617 -44.2036 42.9227
      vertex 4.20952 -46.9228 42.4432
      vertex 5.18536 -47.3774 42.3631
    endloop
  endfacet
  facet normal 6.57394e-05 -0.17362 0.984813
    outer loop
      vertex 2.53617 -44.2036 42.9227
      vertex 3.19313 -46.5647 42.5064
      vertex 4.20952 -46.9228 42.4432
    endloop
  endfacet
  facet normal -4.287e-05 -0.173649 0.984808
    outer loop
      vertex 2.53617 -44.2036 42.9227
      vertex 2.14599 -46.3064 42.5519
      vertex 3.19313 -46.5647 42.5064
    endloop
  endfacet
  facet normal -7.60093e-06 -0.173656 0.984806
    outer loop
      vertex 2.53617 -44.2036 42.9227
      vertex 1.07819 -46.1504 42.5794
      vertex 2.14599 -46.3064 42.5519
    endloop
  endfacet
  facet normal -4.39175e-06 -0.173658 0.984806
    outer loop
      vertex 2.53617 -44.2036 42.9227
      vertex 0 -46.0982 42.5886
      vertex 1.07819 -46.1504 42.5794
    endloop
  endfacet
  facet normal 0 -0.173664 0.984805
    outer loop
      vertex -2.53617 -44.2036 42.9227
      vertex 0 -46.0982 42.5886
      vertex 2.53617 -44.2036 42.9227
    endloop
  endfacet
  facet normal 4.39175e-06 -0.173658 0.984806
    outer loop
      vertex 0 -46.0982 42.5886
      vertex -2.53617 -44.2036 42.9227
      vertex -1.07819 -46.1504 42.5794
    endloop
  endfacet
  facet normal 7.60093e-06 -0.173656 0.984806
    outer loop
      vertex -1.07819 -46.1504 42.5794
      vertex -2.53617 -44.2036 42.9227
      vertex -2.14599 -46.3064 42.5519
    endloop
  endfacet
  facet normal 4.287e-05 -0.173649 0.984808
    outer loop
      vertex -2.53617 -44.2036 42.9227
      vertex -3.19313 -46.5647 42.5064
      vertex -2.14599 -46.3064 42.5519
    endloop
  endfacet
  facet normal -6.57394e-05 -0.17362 0.984813
    outer loop
      vertex -2.53617 -44.2036 42.9227
      vertex -4.20952 -46.9228 42.4432
      vertex -3.19313 -46.5647 42.5064
    endloop
  endfacet
  facet normal 8.9895e-05 -0.173713 0.984796
    outer loop
      vertex -2.53617 -44.2036 42.9227
      vertex -5.18536 -47.3774 42.3631
      vertex -4.20952 -46.9228 42.4432
    endloop
  endfacet
  facet normal -0.000724062 -0.173054 0.984912
    outer loop
      vertex -2.53617 -44.2036 42.9227
      vertex -5.22667 -47.4017 42.3588
      vertex -5.18536 -47.3774 42.3631
    endloop
  endfacet
  facet normal -5.28556e-05 -0.173602 0.984816
    outer loop
      vertex -2.53617 -44.2036 42.9227
      vertex -6.11127 -47.9239 42.2667
      vertex -5.22667 -47.4017 42.3588
    endloop
  endfacet
  facet normal -8.14673e-05 -0.173575 0.984821
    outer loop
      vertex -2.53617 -44.2036 42.9227
      vertex -6.93964 -48.5289 42.16
      vertex -6.11127 -47.9239 42.2667
    endloop
  endfacet
  facet normal 2.08146e-05 -0.173676 0.984803
    outer loop
      vertex -11.465 -50.725 41.7728
      vertex -6.93964 -48.5289 42.16
      vertex -2.53617 -44.2036 42.9227
    endloop
  endfacet
  facet normal -0.00450532 -0.164621 0.986347
    outer loop
      vertex -6.93964 -48.5289 42.16
      vertex -11.465 -50.725 41.7728
      vertex -6.97833 -48.5572 42.1551
    endloop
  endfacet
  facet normal 0 -0.173693 0.9848
    outer loop
      vertex -8.50311 -50.0588 41.8903
      vertex -11.465 -50.725 41.7728
      vertex -9.00486 -50.725 41.7728
    endloop
  endfacet
  facet normal -1.0417e-05 -0.173648 0.984808
    outer loop
      vertex -7.77817 -49.2711 42.0292
      vertex -11.465 -50.725 41.7728
      vertex -8.50311 -50.0588 41.8903
    endloop
  endfacet
  facet normal 1.37417e-06 -0.173677 0.984803
    outer loop
      vertex -6.97833 -48.5572 42.1551
      vertex -11.465 -50.725 41.7728
      vertex -7.77817 -49.2711 42.0292
    endloop
  endfacet
  facet normal 0.00022036 -0.173774 0.984786
    outer loop
      vertex 12.0104 -61.6594 39.8448
      vertex 10.0491 -64.8819 39.2766
      vertex 11.465 -62.7952 39.6445
    endloop
  endfacet
  facet normal 0 0.173831 -0.984775
    outer loop
      vertex 10.1409 -50 -44.4106
      vertex 10.0491 -50.1218 -44.4321
      vertex 10.1318 -50 -44.4106
    endloop
  endfacet
  facet normal 0.970075 -0.239116 -0.0421638
    outer loop
      vertex 12.7354 -52.0241 -1.09481
      vertex 12.7502 -59.2577 40.2683
      vertex 12.6021 -52.7857 0.157442
    endloop
  endfacet
  facet normal 0.969816 -0.240134 -0.0423418
    outer loop
      vertex 12.7502 -59.2577 40.2683
      vertex 12.7354 -52.0241 -1.09481
      vertex 12.7502 -51.9399 -1.23335
    endloop
  endfacet
  facet normal 0.514101 -0.844699 -0.148943
    outer loop
      vertex 6.12816 -68.0509 38.7178
      vertex 6.7922 -61.8559 5.87626
      vertex 7.22241 -67.405 38.8317
    endloop
  endfacet
  facet normal 0.514227 -0.844625 -0.148927
    outer loop
      vertex 6.12816 -68.0509 38.7178
      vertex 6.68508 -61.8348 5.38672
      vertex 6.7922 -61.8559 5.87626
    endloop
  endfacet
  facet normal 0.514086 -0.844708 -0.148945
    outer loop
      vertex 6.12816 -68.0509 38.7178
      vertex 6.38754 -61.6733 3.44384
      vertex 6.68508 -61.8348 5.38672
    endloop
  endfacet
  facet normal 0.513972 -0.844775 -0.148957
    outer loop
      vertex 6.12816 -68.0509 38.7178
      vertex 6.26875 -61.5366 2.2587
      vertex 6.38754 -61.6733 3.44384
    endloop
  endfacet
  facet normal 0.513871 -0.844834 -0.148969
    outer loop
      vertex 6.12816 -68.0509 38.7178
      vertex 6.17293 -61.4263 1.30263
      vertex 6.26875 -61.5366 2.2587
    endloop
  endfacet
  facet normal 0.514431 -0.844504 -0.148909
    outer loop
      vertex 6.17293 -61.4263 1.30263
      vertex 6.12816 -68.0509 38.7178
      vertex 6.12816 -61.3123 0.501441
    endloop
  endfacet
  facet normal -0.997063 0.0323703 -0.0694024
    outer loop
      vertex 6.17293 -59.6434 -8.8087
      vertex 6.38754 -59.0204 -11.6013
      vertex 6.2445 -59.4357 -9.74003
    endloop
  endfacet
  facet normal 0.513994 -0.844762 -0.148953
    outer loop
      vertex 6.38754 -59.0204 -11.6013
      vertex 6.12816 -53.2908 -44.9909
      vertex 6.54445 -58.6603 -13.1021
    endloop
  endfacet
  facet normal 0.514036 -0.844737 -0.148949
    outer loop
      vertex 6.17293 -59.6434 -8.8087
      vertex 6.12816 -53.2908 -44.9909
      vertex 6.38754 -59.0204 -11.6013
    endloop
  endfacet
  facet normal 0.514336 -0.84456 -0.148918
    outer loop
      vertex 6.12816 -53.2908 -44.9909
      vertex 6.17293 -59.6434 -8.8087
      vertex 6.12816 -59.8359 -7.8716
    endloop
  endfacet
  facet normal -8.36416e-05 0.174188 -0.984712
    outer loop
      vertex 2.53617 -54.5565 -45.2141
      vertex 0 -54.8025 -45.2574
      vertex 3.7737 -54.2512 -45.1602
    endloop
  endfacet
  facet normal -0.000405306 -0.174106 0.984727
    outer loop
      vertex -7.22241 -67.405 38.8317
      vertex -9.19239 -65.8128 39.1124
      vertex -8.24711 -66.6566 38.9636
    endloop
  endfacet
  facet normal 5.84104e-05 0.17375 -0.98479
    outer loop
      vertex -7.22241 -52.6449 -44.877
      vertex -9.19239 -51.0527 -44.5962
      vertex -3.7737 -54.2512 -45.1602
    endloop
  endfacet
  facet normal -0.903986 -0.421066 -0.0742453
    outer loop
      vertex -11.5436 -50 -31.9626
      vertex -12.0104 -61.6594 39.8448
      vertex -12.0104 -50 -26.279
    endloop
  endfacet
  facet normal -0.595682 -0.791018 -0.139478
    outer loop
      vertex -7.22241 -67.405 38.8317
      vertex -8.24711 -66.6566 38.9636
      vertex -7.22241 -52.6449 -44.877
    endloop
  endfacet
  facet normal -0.336845 -0.927256 -0.1635
    outer loop
      vertex -3.7737 -54.2512 -45.1602
      vertex -4.97488 -68.5881 38.6231
      vertex -4.97488 -53.828 -45.0856
    endloop
  endfacet
  facet normal -0.000236754 -0.174477 0.984661
    outer loop
      vertex -2.53617 -69.3166 38.4946
      vertex -4.97488 -68.5881 38.6231
      vertex -3.7737 -69.0113 38.5484
    endloop
  endfacet
  facet normal -0.803185 -0.586679 -0.103447
    outer loop
      vertex -10.0491 -64.8819 39.2766
      vertex -10.8091 -63.8728 39.4545
      vertex -10.0491 -50.1218 -44.4321
    endloop
  endfacet
  facet normal -0.242994 0.955291 0.168444
    outer loop
      vertex -2.53617 -33.8148 -15.995
      vertex -3.7737 -44.5089 42.8689
      vertex -2.53617 -44.2036 42.9227
    endloop
  endfacet
  facet normal -0.243004 0.955288 0.168443
    outer loop
      vertex -3.7737 -44.5089 42.8689
      vertex -2.53617 -33.8148 -15.995
      vertex -3.7737 -34.1296 -15.995
    endloop
  endfacet
  facet normal 0.000656593 -0.173804 0.98478
    outer loop
      vertex -12.7502 -54.2625 41.1491
      vertex -12.9374 -55.5052 40.9299
      vertex -12.4402 -53.0437 41.364
    endloop
  endfacet
  facet normal 0.146803 0.974138 0.171767
    outer loop
      vertex 2.16258 -33.7585 -15.995
      vertex 2.53617 -44.2036 42.9227
      vertex 2.53617 -33.8148 -15.995
    endloop
  endfacet
  facet normal 0.146768 0.974143 0.171768
    outer loop
      vertex 2.53617 -44.2036 42.9227
      vertex 2.16258 -33.7585 -15.995
      vertex 1.27422 -44.0192 42.9552
    endloop
  endfacet
  facet normal 0.0489916 0.983625 0.173439
    outer loop
      vertex 1.27422 -33.6247 -15.995
      vertex 0.376759 -33.58 -15.995
      vertex 1.27422 -44.0192 42.9552
    endloop
  endfacet
  facet normal -0.146721 0.97415 0.171769
    outer loop
      vertex -1.27422 -33.6247 -15.995
      vertex -2.16258 -33.7585 -15.995
      vertex -1.27422 -44.0192 42.9552
    endloop
  endfacet
  facet normal -0.0489916 0.983625 0.173439
    outer loop
      vertex -1.27422 -33.6247 -15.995
      vertex -1.27422 -44.0192 42.9552
      vertex -0.376759 -33.58 -15.995
    endloop
  endfacet
  facet normal -0.000574627 -0.173788 0.984783
    outer loop
      vertex 12.4402 -53.0437 41.364
      vertex 12.0104 -51.8608 41.5725
      vertex 12.9374 -55.5052 40.9299
    endloop
  endfacet
  facet normal 0.857711 0.506321 0.0892778
    outer loop
      vertex 10.8091 -49.6474 41.9628
      vertex 11.465 -40.539 -15.995
      vertex 10.8091 -39.4279 -15.995
    endloop
  endfacet
  facet normal 0.857712 0.50632 0.0892777
    outer loop
      vertex 11.465 -40.539 -15.995
      vertex 10.8091 -49.6474 41.9628
      vertex 11.465 -50.725 41.7728
    endloop
  endfacet
  facet normal 0.42751 0.890277 0.156979
    outer loop
      vertex 4.97488 -34.566 -15.995
      vertex 4.97488 -44.9321 42.7943
      vertex 5.78392 -34.9545 -15.995
    endloop
  endfacet
  facet normal -0.00013113 -0.17396 0.984753
    outer loop
      vertex 4.97488 -44.9321 42.7943
      vertex 3.7737 -44.5089 42.8689
      vertex 7.22241 -46.1152 42.5856
    endloop
  endfacet
  facet normal -3.55254e-05 0.173648 -0.984808
    outer loop
      vertex 2.01886 -52.8143 -44.9069
      vertex 0 -54.8025 -45.2574
      vertex 1.60665 -52.8745 -44.9175
    endloop
  endfacet
  facet normal 0.998795 -0.0483384 -0.00852337
    outer loop
      vertex 13 -56.7601 40.7087
      vertex 12.9723 -49.0845 -6.0677
      vertex 13 -48.264 -7.47501
    endloop
  endfacet
  facet normal 0.998795 -0.0483218 -0.00852065
    outer loop
      vertex 12.9723 -49.0845 -6.0677
      vertex 13 -56.7601 40.7087
      vertex 12.9374 -58.015 40.4874
    endloop
  endfacet
  facet normal -0.00078659 -0.173631 0.98481
    outer loop
      vertex 12.9374 -55.5052 40.9299
      vertex 12.9374 -58.015 40.4874
      vertex 13 -56.7601 40.7087
    endloop
  endfacet
  facet normal 0.857701 -0.506337 -0.0892814
    outer loop
      vertex 11.465 -62.7952 39.6445
      vertex 11.0578 -57.8673 7.78532
      vertex 11.465 -56.972 6.61971
    endloop
  endfacet
  facet normal 0.857712 -0.50632 -0.0892789
    outer loop
      vertex 11.0578 -57.8673 7.78532
      vertex 11.465 -62.7952 39.6445
      vertex 10.8091 -63.8728 39.4545
    endloop
  endfacet
  facet normal 0.857702 -0.506336 -0.0892818
    outer loop
      vertex 11.358 -50.6186 -30.4401
      vertex 11.465 -50 -32.9204
      vertex 11.465 -50.4541 -30.3451
    endloop
  endfacet
  facet normal 0.857664 -0.506398 -0.0892988
    outer loop
      vertex 11.465 -50 -32.9204
      vertex 11.358 -50.6186 -30.4401
      vertex 11.3836 -50 -33.7022
    endloop
  endfacet
  facet normal 0.427569 -0.890249 -0.156975
    outer loop
      vertex 4.97488 -68.5881 38.6231
      vertex 6.12816 -61.3123 0.501441
      vertex 6.12816 -68.0509 38.7178
    endloop
  endfacet
  facet normal 0.429253 -0.889473 -0.156776
    outer loop
      vertex 4.97488 -68.5881 38.6231
      vertex 6.11023 -61.2634 0.174914
      vertex 6.12816 -61.3123 0.501441
    endloop
  endfacet
  facet normal 0.42758 -0.890244 -0.156973
    outer loop
      vertex 4.97488 -68.5881 38.6231
      vertex 6.04334 -61.0807 -1.04344
      vertex 6.11023 -61.2634 0.174914
    endloop
  endfacet
  facet normal 0.426986 -0.890517 -0.15704
    outer loop
      vertex 4.97488 -68.5881 38.6231
      vertex 6 -60.6627 -3.5316
      vertex 6.04334 -61.0807 -1.04344
    endloop
  endfacet
  facet normal 0.429437 -0.889386 -0.156768
    outer loop
      vertex 4.97488 -68.5881 38.6231
      vertex 6.04334 -60.1849 -6.12356
      vertex 6 -60.6627 -3.5316
    endloop
  endfacet
  facet normal -0.998668 -0.0104267 -0.05054
    outer loop
      vertex 6.04334 -60.1849 -6.12356
      vertex 6.12816 -59.8359 -7.8716
      vertex 6.12503 -59.8488 -7.80709
    endloop
  endfacet
  facet normal 0.427892 -0.890099 -0.156948
    outer loop
      vertex 6.04334 -60.1849 -6.12356
      vertex 6.12816 -53.2908 -44.9909
      vertex 6.12816 -59.8359 -7.8716
    endloop
  endfacet
  facet normal 0.427565 -0.890251 -0.156975
    outer loop
      vertex 6.12816 -53.2908 -44.9909
      vertex 6.04334 -60.1849 -6.12356
      vertex 4.97488 -68.5881 38.6231
    endloop
  endfacet
  facet normal 0.595682 -0.791018 -0.139479
    outer loop
      vertex 7.22241 -67.405 38.8317
      vertex 7.88376 -61.6881 9.23433
      vertex 8.24711 -66.6566 38.9636
    endloop
  endfacet
  facet normal 0.595744 -0.790973 -0.139469
    outer loop
      vertex 7.22241 -67.405 38.8317
      vertex 7.51677 -61.8348 8.49871
      vertex 7.88376 -61.6881 9.23433
    endloop
  endfacet
  facet normal 0.595686 -0.791015 -0.139477
    outer loop
      vertex 7.51677 -61.8348 8.49871
      vertex 7.22241 -67.405 38.8317
      vertex 7.22241 -61.9046 7.6374
    endloop
  endfacet
  facet normal 0.595673 -0.791024 -0.139478
    outer loop
      vertex 7.22241 -52.6449 -44.877
      vertex 7.45309 -56.8805 -19.8704
      vertex 7.22241 -57.326 -18.329
    endloop
  endfacet
  facet normal 0.592671 -0.793218 -0.139809
    outer loop
      vertex 7.51677 -56.7575 -20.2959
      vertex 7.22241 -52.6449 -44.877
      vertex 7.52244 -56.7475 -20.3286
    endloop
  endfacet
  facet normal 0.595822 -0.790915 -0.139461
    outer loop
      vertex 7.45309 -56.8805 -19.8704
      vertex 7.22241 -52.6449 -44.877
      vertex 7.51677 -56.7575 -20.2959
    endloop
  endfacet
  facet normal 0 0.173648 -0.984808
    outer loop
      vertex 3.7737 -54.2512 -45.1602
      vertex 8.13609 -50 -44.4106
      vertex 9.03375 -50 -44.4106
    endloop
  endfacet
  facet normal -2.73249e-06 0.173651 -0.984807
    outer loop
      vertex 8.13609 -50 -44.4106
      vertex 3.7737 -54.2512 -45.1602
      vertex 0 -54.8025 -45.2574
    endloop
  endfacet
  facet normal -5.84104e-05 0.17375 -0.98479
    outer loop
      vertex 7.22241 -52.6449 -44.877
      vertex 3.7737 -54.2512 -45.1602
      vertex 9.19239 -51.0527 -44.5962
    endloop
  endfacet
  facet normal 0.000123296 0.173532 -0.984828
    outer loop
      vertex 8.24711 -51.8965 -44.745
      vertex 7.22241 -52.6449 -44.877
      vertex 9.19239 -51.0527 -44.5962
    endloop
  endfacet
  facet normal -4.24545e-05 0.173716 -0.984796
    outer loop
      vertex 4.97488 -53.828 -45.0856
      vertex 3.7737 -54.2512 -45.1602
      vertex 7.22241 -52.6449 -44.877
    endloop
  endfacet
  facet normal 0 -0.173708 0.984797
    outer loop
      vertex 4.97488 -68.5881 38.6231
      vertex -2.53617 -69.3166 38.4946
      vertex 2.53617 -69.3166 38.4946
    endloop
  endfacet
  facet normal 0 -0.173708 0.984797
    outer loop
      vertex -2.53617 -69.3166 38.4946
      vertex 4.97488 -68.5881 38.6231
      vertex -4.97488 -68.5881 38.6231
    endloop
  endfacet
  facet normal 0.336857 -0.927251 -0.1635
    outer loop
      vertex 4.97488 -68.5881 38.6231
      vertex 3.7737 -69.0113 38.5484
      vertex 3.7737 -54.2512 -45.1602
    endloop
  endfacet
  facet normal -6.56371e-05 0.174008 -0.984744
    outer loop
      vertex 1.27422 -54.7409 -45.2466
      vertex 0 -54.8025 -45.2574
      vertex 2.53617 -54.5565 -45.2141
    endloop
  endfacet
  facet normal -0.941549 -0.331758 -0.0584978
    outer loop
      vertex -12.0104 -61.6594 39.8448
      vertex -12.3247 -50 -21.2202
      vertex -12.0104 -50 -26.279
    endloop
  endfacet
  facet normal -0.989178 -0.144494 -0.0254781
    outer loop
      vertex -12.7502 -59.2577 40.2683
      vertex -12.8786 -48.2808 -17
      vertex -12.7502 -49.1598 -17
    endloop
  endfacet
  facet normal 0.000127585 0.173873 -0.984768
    outer loop
      vertex -6.12816 -53.2908 -44.9909
      vertex -7.22241 -52.6449 -44.877
      vertex -4.97488 -53.828 -45.0856
    endloop
  endfacet
  facet normal 0.146693 -0.974154 -0.17177
    outer loop
      vertex 2.53617 -69.3166 38.4946
      vertex 1.27422 -69.5009 38.4621
      vertex 2.53617 -54.5565 -45.2141
    endloop
  endfacet
  facet normal -0.857731 -0.506289 -0.0892725
    outer loop
      vertex -10.8091 -63.8728 39.4545
      vertex -11.3836 -50 -33.7022
      vertex -10.8091 -50 -39.222
    endloop
  endfacet
  facet normal -0.671588 -0.729668 -0.12866
    outer loop
      vertex -8.24711 -66.6566 38.9636
      vertex -9.19239 -65.8128 39.1124
      vertex -9.19239 -51.0527 -44.5962
    endloop
  endfacet
  facet normal -0.000127585 -0.173873 0.984768
    outer loop
      vertex -4.97488 -68.5881 38.6231
      vertex -7.22241 -67.405 38.8317
      vertex -6.12816 -68.0509 38.7178
    endloop
  endfacet
  facet normal -0.802989 -0.586954 -0.103411
    outer loop
      vertex -10.0491 -50.1218 -44.4321
      vertex -10.8091 -50 -39.222
      vertex -10.1409 -50 -44.4106
    endloop
  endfacet
  facet normal -0.803189 -0.586674 -0.103447
    outer loop
      vertex -10.8091 -50 -39.222
      vertex -10.0491 -50.1218 -44.4321
      vertex -10.8091 -63.8728 39.4545
    endloop
  endfacet
  facet normal -1.28736e-05 0.173632 -0.984811
    outer loop
      vertex -9.19239 -51.0527 -44.5962
      vertex -9.03375 -50 -44.4106
      vertex -3.7737 -54.2512 -45.1602
    endloop
  endfacet
  facet normal 0 0.173631 -0.984811
    outer loop
      vertex -9.03375 -50 -44.4106
      vertex -9.19239 -51.0527 -44.5962
      vertex -9.98519 -50 -44.4106
    endloop
  endfacet
  facet normal 2.73249e-06 0.173651 -0.984807
    outer loop
      vertex -3.7737 -54.2512 -45.1602
      vertex -8.13609 -50 -44.4106
      vertex 0 -54.8025 -45.2574
    endloop
  endfacet
  facet normal 0 0.173648 -0.984808
    outer loop
      vertex -8.13609 -50 -44.4106
      vertex -3.7737 -54.2512 -45.1602
      vertex -9.03375 -50 -44.4106
    endloop
  endfacet
  facet normal -0.0490217 -0.983624 -0.173438
    outer loop
      vertex 0 -54.8025 -45.2574
      vertex -1.27422 -69.5009 38.4621
      vertex -1.27422 -54.7409 -45.2466
    endloop
  endfacet
  facet normal -0.146693 -0.974154 -0.17177
    outer loop
      vertex -1.27422 -69.5009 38.4621
      vertex -2.53617 -69.3166 38.4946
      vertex -2.53617 -54.5565 -45.2141
    endloop
  endfacet
  facet normal 0.000127585 -0.173873 0.984768
    outer loop
      vertex 7.22241 -67.405 38.8317
      vertex 4.97488 -68.5881 38.6231
      vertex 6.12816 -68.0509 38.7178
    endloop
  endfacet
  facet normal 0.00078659 -0.173631 0.98481
    outer loop
      vertex -12.9374 -55.5052 40.9299
      vertex -13 -56.7601 40.7087
      vertex -12.9374 -58.015 40.4874
    endloop
  endfacet
  facet normal -0.969993 0.239441 0.0422197
    outer loop
      vertex -12.5381 -43.3264 -15.995
      vertex -12.4402 -53.0437 41.364
      vertex -12.4402 -42.9298 -15.995
    endloop
  endfacet
  facet normal -0.970032 0.239287 0.0421936
    outer loop
      vertex -12.4402 -53.0437 41.364
      vertex -12.5381 -43.3264 -15.995
      vertex -12.7502 -54.2625 41.1491
    endloop
  endfacet
  facet normal -7.24651e-05 -0.173631 0.984811
    outer loop
      vertex -12.9374 -55.5052 40.9299
      vertex -12.9374 -58.015 40.4874
      vertex -11.465 -50.725 41.7728
    endloop
  endfacet
  facet normal -0.000142328 0.173504 -0.984833
    outer loop
      vertex 0 -54.8025 -45.2574
      vertex -1.60665 -52.8745 -44.9175
      vertex -1.43281 -52.8999 -44.922
    endloop
  endfacet
  facet normal 3.55254e-05 0.173648 -0.984808
    outer loop
      vertex 0 -54.8025 -45.2574
      vertex -2.01886 -52.8143 -44.9069
      vertex -1.60665 -52.8745 -44.9175
    endloop
  endfacet
  facet normal 4.93352e-07 -0.173653 0.984807
    outer loop
      vertex 9.19239 -47.7074 42.3049
      vertex 3.7737 -44.5089 42.8689
      vertex 11.465 -50.725 41.7728
    endloop
  endfacet
  facet normal 0.0490352 0.983623 0.173438
    outer loop
      vertex 0.376759 -33.58 -15.995
      vertex 0 -43.9576 42.9661
      vertex 1.27422 -44.0192 42.9552
    endloop
  endfacet
  facet normal 0.049082 0.983621 0.173438
    outer loop
      vertex 0 -43.9576 42.9661
      vertex 0.376759 -33.58 -15.995
      vertex 0 -33.5612 -15.995
    endloop
  endfacet
  facet normal 0.595653 0.791039 0.139482
    outer loop
      vertex 7.22241 -35.7859 -15.995
      vertex 8.24711 -46.8636 42.4537
      vertex 8.24711 -36.5575 -15.995
    endloop
  endfacet
  facet normal 0.595682 0.791018 0.139477
    outer loop
      vertex 8.24711 -46.8636 42.4537
      vertex 7.22241 -35.7859 -15.995
      vertex 7.22241 -46.1152 42.5856
    endloop
  endfacet
  facet normal 0.514099 0.8447 0.148943
    outer loop
      vertex 7.22241 -35.7859 -15.995
      vertex 6.45559 -35.3192 -15.995
      vertex 7.22241 -46.1152 42.5856
    endloop
  endfacet
  facet normal 0.146721 0.97415 0.171769
    outer loop
      vertex 1.27422 -33.6247 -15.995
      vertex 1.27422 -44.0192 42.9552
      vertex 2.16258 -33.7585 -15.995
    endloop
  endfacet
  facet normal -0.000301384 -0.173873 0.984768
    outer loop
      vertex 10.0491 -48.6383 42.1408
      vertex 9.19239 -47.7074 42.3049
      vertex 11.465 -50.725 41.7728
    endloop
  endfacet
  facet normal 4.9861e-05 -0.173241 0.984879
    outer loop
      vertex 1.27422 -44.0192 42.9552
      vertex 0 -43.9576 42.9661
      vertex 2.53617 -44.2036 42.9227
    endloop
  endfacet
  facet normal -0.000656593 -0.173804 0.98478
    outer loop
      vertex 12.7502 -54.2625 41.1491
      vertex 12.4402 -53.0437 41.364
      vertex 12.9374 -55.5052 40.9299
    endloop
  endfacet
  facet normal 0.243004 0.955288 0.168443
    outer loop
      vertex 2.53617 -33.8148 -15.995
      vertex 3.7737 -44.5089 42.8689
      vertex 3.7737 -34.1296 -15.995
    endloop
  endfacet
  facet normal 0.242994 0.955291 0.168444
    outer loop
      vertex 3.7737 -44.5089 42.8689
      vertex 2.53617 -33.8148 -15.995
      vertex 2.53617 -44.2036 42.9227
    endloop
  endfacet
  facet normal 0.000114035 -0.173618 0.984813
    outer loop
      vertex 12.0104 -51.8608 41.5725
      vertex 11.465 -50.725 41.7728
      vertex 12.9374 -55.5052 40.9299
    endloop
  endfacet
  facet normal 0.740939 -0.66137 -0.116616
    outer loop
      vertex 10.0491 -64.8819 39.2766
      vertex 9.76442 -60.0398 10.0067
      vertex 9.99987 -59.7487 9.85174
    endloop
  endfacet
  facet normal 0.741355 -0.660917 -0.116538
    outer loop
      vertex 10.0491 -64.8819 39.2766
      vertex 9.99987 -59.7487 9.85174
      vertex 10.0491 -59.6842 9.79912
    endloop
  endfacet
  facet normal 0.741033 -0.661267 -0.1166
    outer loop
      vertex 9.76442 -60.0398 10.0067
      vertex 10.0491 -64.8819 39.2766
      vertex 9.48901 -60.3804 10.188
    endloop
  endfacet
  facet normal 0.740964 -0.661343 -0.116611
    outer loop
      vertex 9.48901 -60.3804 10.188
      vertex 10.0491 -64.8819 39.2766
      vertex 9.19239 -65.8128 39.1124
    endloop
  endfacet
  facet normal 0.740944 -0.661364 -0.116619
    outer loop
      vertex 9.88772 -53.4932 -26.3377
      vertex 10.0491 -50.1218 -44.4321
      vertex 10.0491 -53.3291 -26.243
    endloop
  endfacet
  facet normal 0.740924 -0.661385 -0.116623
    outer loop
      vertex 10.0491 -50.1218 -44.4321
      vertex 9.88772 -53.4932 -26.3377
      vertex 9.86372 -53.5176 -26.3518
    endloop
  endfacet
  facet normal 0.000284253 -0.173961 0.984753
    outer loop
      vertex 10.0491 -64.8819 39.2766
      vertex 7.22241 -67.405 38.8317
      vertex 9.19239 -65.8128 39.1124
    endloop
  endfacet
  facet normal 7.20053e-06 -0.173648 0.984808
    outer loop
      vertex 12.9374 -58.015 40.4874
      vertex 10.0491 -64.8819 39.2766
      vertex 12.0104 -61.6594 39.8448
    endloop
  endfacet
  facet normal 0.989176 -0.144505 -0.0254799
    outer loop
      vertex 12.8468 -51.0002 -2.81251
      vertex 12.7502 -59.2577 40.2683
      vertex 12.7502 -51.9399 -1.23335
    endloop
  endfacet
  facet normal 0.989177 -0.144496 -0.0254788
    outer loop
      vertex 12.9374 -58.015 40.4874
      vertex 12.8468 -51.0002 -2.81251
      vertex 12.9374 -50.1188 -4.29372
    endloop
  endfacet
  facet normal 0.989174 -0.144516 -0.0254821
    outer loop
      vertex 12.8468 -51.0002 -2.81251
      vertex 12.9374 -58.015 40.4874
      vertex 12.7502 -59.2577 40.2683
    endloop
  endfacet
  facet normal 0.595617 -0.791065 -0.139485
    outer loop
      vertex 7.22241 -52.6449 -44.877
      vertex 7.58232 -56.6416 -20.6735
      vertex 7.52244 -56.7475 -20.3286
    endloop
  endfacet
  facet normal 0.595729 -0.790983 -0.139473
    outer loop
      vertex 7.22241 -52.6449 -44.877
      vertex 8.24711 -55.4911 -24.3588
      vertex 8.04291 -55.8269 -23.3266
    endloop
  endfacet
  facet normal 0.595718 -0.790991 -0.139474
    outer loop
      vertex 7.58232 -56.6416 -20.6735
      vertex 7.22241 -52.6449 -44.877
      vertex 8.04291 -55.8269 -23.3266
    endloop
  endfacet
  facet normal 0.59569 -0.791012 -0.139475
    outer loop
      vertex 8.24711 -55.4911 -24.3588
      vertex 7.22241 -52.6449 -44.877
      vertex 8.24711 -51.8965 -44.745
    endloop
  endfacet
  facet normal 0.595678 -0.79102 -0.13948
    outer loop
      vertex 8.24711 -66.6566 38.9636
      vertex 8.04291 -61.6245 9.55333
      vertex 8.24711 -61.5175 9.81859
    endloop
  endfacet
  facet normal 0.595681 -0.791018 -0.139479
    outer loop
      vertex 8.04291 -61.6245 9.55333
      vertex 8.24711 -66.6566 38.9636
      vertex 7.88376 -61.6881 9.23433
    endloop
  endfacet
  facet normal 0.824941 -0.564002 -0.0370541
    outer loop
      vertex 8.63604 -54.7579 -26.487
      vertex 8.73392 -54.5832 -26.967
      vertex 8.64198 -54.7473 -26.5161
    endloop
  endfacet
  facet normal 0.671493 -0.729754 -0.128671
    outer loop
      vertex 8.24711 -51.8965 -44.745
      vertex 8.73392 -54.5832 -26.967
      vertex 8.63604 -54.7579 -26.487
    endloop
  endfacet
  facet normal 0.672991 -0.728404 -0.128492
    outer loop
      vertex 8.24711 -51.8965 -44.745
      vertex 8.63604 -54.7579 -26.487
      vertex 8.6299 -54.7695 -26.4534
    endloop
  endfacet
  facet normal 0.671535 -0.729716 -0.128667
    outer loop
      vertex 8.24711 -51.8965 -44.745
      vertex 8.6299 -54.7695 -26.4534
      vertex 8.24711 -55.4911 -24.3588
    endloop
  endfacet
  facet normal 0.671588 -0.729668 -0.128661
    outer loop
      vertex 8.73392 -54.5832 -26.967
      vertex 8.24711 -51.8965 -44.745
      vertex 9.19239 -51.0527 -44.5962
    endloop
  endfacet
  facet normal 0.668279 -0.732583 -0.129328
    outer loop
      vertex 9.19239 -51.0527 -44.5962
      vertex 8.7482 -54.5713 -26.9602
      vertex 8.74337 -54.5753 -26.9625
    endloop
  endfacet
  facet normal 0.668058 -0.732792 -0.129285
    outer loop
      vertex 8.98804 -54.3709 -26.8445
      vertex 9.19239 -51.0527 -44.5962
      vertex 8.99155 -54.368 -26.8428
    endloop
  endfacet
  facet normal 0.671674 -0.729592 -0.128645
    outer loop
      vertex 8.7482 -54.5713 -26.9602
      vertex 9.19239 -51.0527 -44.5962
      vertex 8.98804 -54.3709 -26.8445
    endloop
  endfacet
  facet normal 0.671406 -0.729829 -0.128698
    outer loop
      vertex 9.19239 -51.0527 -44.5962
      vertex 8.74337 -54.5753 -26.9625
      vertex 8.73392 -54.5832 -26.967
    endloop
  endfacet
  facet normal 0.671601 -0.729657 -0.128659
    outer loop
      vertex 8.24711 -66.6566 38.9636
      vertex 8.44662 -61.3649 9.99455
      vertex 8.57356 -61.2678 10.1065
    endloop
  endfacet
  facet normal 0.671583 -0.729673 -0.128662
    outer loop
      vertex 8.44662 -61.3649 9.99455
      vertex 8.24711 -66.6566 38.9636
      vertex 8.24711 -61.5175 9.81859
    endloop
  endfacet
  facet normal 0.146768 -0.974143 -0.171767
    outer loop
      vertex 2.53617 -54.5565 -45.2141
      vertex 1.27422 -69.5009 38.4621
      vertex 1.27422 -54.7409 -45.2466
    endloop
  endfacet
  facet normal 0.0490217 -0.983624 -0.173438
    outer loop
      vertex 1.27422 -69.5009 38.4621
      vertex 0 -54.8025 -45.2574
      vertex 1.27422 -54.7409 -45.2466
    endloop
  endfacet
  facet normal -0.970867 -0.235972 -0.0416603
    outer loop
      vertex -12.5383 -50 -17.1072
      vertex -12.7502 -59.2577 40.2683
      vertex -12.5429 -50 -17
    endloop
  endfacet
  facet normal -0.970021 -0.23933 -0.0422002
    outer loop
      vertex -12.7502 -49.1598 -17
      vertex -12.5429 -50 -17
      vertex -12.7502 -59.2577 40.2683
    endloop
  endfacet
  facet normal -0.998794 -0.0483587 -0.00851988
    outer loop
      vertex -12.9374 -47.8784 -17
      vertex -12.94 -48 -16.005
      vertex -12.9556 -47.5025 -17
    endloop
  endfacet
  facet normal -0.998349 -0.0565738 -0.00998349
    outer loop
      vertex -12.94 -48 -16.005
      vertex -12.9374 -58.015 40.4874
      vertex -12.9401 -48 -15.995
    endloop
  endfacet
  facet normal -0.9988 -0.0482282 -0.00850395
    outer loop
      vertex -12.9374 -58.015 40.4874
      vertex -12.94 -48 -16.005
      vertex -12.9374 -47.8784 -17
    endloop
  endfacet
  facet normal -0.998793 -0.048368 -0.00852848
    outer loop
      vertex -12.9798 -47.1802 -15.995
      vertex -12.9401 -48 -15.995
      vertex -12.9374 -58.015 40.4874
    endloop
  endfacet
  facet normal -0.941526 -0.33182 -0.0585098
    outer loop
      vertex -12.0104 -61.6594 39.8448
      vertex -12.4402 -50 -19.3616
      vertex -12.3247 -50 -21.2202
    endloop
  endfacet
  facet normal -0.941539 -0.331786 -0.058503
    outer loop
      vertex -12.4402 -50 -19.3616
      vertex -12.0104 -61.6594 39.8448
      vertex -12.4402 -60.4765 40.0534
    endloop
  endfacet
  facet normal 0.000148807 -0.17361 0.984814
    outer loop
      vertex -12.0104 -61.6594 39.8448
      vertex -12.9374 -58.015 40.4874
      vertex -12.7502 -59.2577 40.2683
    endloop
  endfacet
  facet normal -0.514101 -0.844699 -0.148943
    outer loop
      vertex -6.12816 -53.2908 -44.9909
      vertex -7.22241 -67.405 38.8317
      vertex -7.22241 -52.6449 -44.877
    endloop
  endfacet
  facet normal -0.904124 -0.42078 -0.0741951
    outer loop
      vertex -11.465 -62.7952 39.6445
      vertex -11.5436 -50 -31.9626
      vertex -11.465 -50 -32.9204
    endloop
  endfacet
  facet normal -0.904014 -0.421007 -0.0742359
    outer loop
      vertex -11.5436 -50 -31.9626
      vertex -11.465 -62.7952 39.6445
      vertex -12.0104 -61.6594 39.8448
    endloop
  endfacet
  facet normal 0 0.173831 -0.984775
    outer loop
      vertex -10.0491 -50.1218 -44.4321
      vertex -10.1409 -50 -44.4106
      vertex -10.1318 -50 -44.4106
    endloop
  endfacet
  facet normal 0.000162107 0.173749 -0.98479
    outer loop
      vertex -10.0491 -50.1218 -44.4321
      vertex -9.98519 -50 -44.4106
      vertex -9.19239 -51.0527 -44.5962
    endloop
  endfacet
  facet normal 0 0.173831 -0.984775
    outer loop
      vertex -9.98519 -50 -44.4106
      vertex -10.0491 -50.1218 -44.4321
      vertex -10.1318 -50 -44.4106
    endloop
  endfacet
  facet normal -7.20053e-06 -0.173648 0.984808
    outer loop
      vertex -10.0491 -64.8819 39.2766
      vertex -12.9374 -58.015 40.4874
      vertex -12.0104 -61.6594 39.8448
    endloop
  endfacet
  facet normal -0.000123296 0.173532 -0.984828
    outer loop
      vertex -8.24711 -51.8965 -44.745
      vertex -9.19239 -51.0527 -44.5962
      vertex -7.22241 -52.6449 -44.877
    endloop
  endfacet
  facet normal -0.514101 -0.844699 -0.148943
    outer loop
      vertex -6.12816 -68.0509 38.7178
      vertex -7.22241 -67.405 38.8317
      vertex -6.12816 -53.2908 -44.9909
    endloop
  endfacet
  facet normal 2.2711e-05 -0.173513 0.984832
    outer loop
      vertex 0 -69.5626 38.4512
      vertex -2.53617 -69.3166 38.4946
      vertex -1.27422 -69.5009 38.4621
    endloop
  endfacet
  facet normal -0.0491122 -0.983619 -0.173439
    outer loop
      vertex 0 -69.5626 38.4512
      vertex -1.27422 -69.5009 38.4621
      vertex 0 -54.8025 -45.2574
    endloop
  endfacet
  facet normal -0.336857 -0.927251 -0.1635
    outer loop
      vertex -3.7737 -69.0113 38.5484
      vertex -4.97488 -68.5881 38.6231
      vertex -3.7737 -54.2512 -45.1602
    endloop
  endfacet
  facet normal 8.36416e-05 0.174188 -0.984712
    outer loop
      vertex -2.53617 -54.5565 -45.2141
      vertex -3.7737 -54.2512 -45.1602
      vertex 0 -54.8025 -45.2574
    endloop
  endfacet
  facet normal 0.000236754 -0.174477 0.984661
    outer loop
      vertex 4.97488 -68.5881 38.6231
      vertex 2.53617 -69.3166 38.4946
      vertex 3.7737 -69.0113 38.5484
    endloop
  endfacet
  facet normal 0.242994 -0.955291 -0.168444
    outer loop
      vertex 2.53617 -69.3166 38.4946
      vertex 3.7737 -54.2512 -45.1602
      vertex 3.7737 -69.0113 38.5484
    endloop
  endfacet
  facet normal 0.243007 -0.955288 -0.168443
    outer loop
      vertex 3.7737 -54.2512 -45.1602
      vertex 2.53617 -69.3166 38.4946
      vertex 2.53617 -54.5565 -45.2141
    endloop
  endfacet
  facet normal -0.000127585 0.173873 -0.984768
    outer loop
      vertex 6.12816 -53.2908 -44.9909
      vertex 4.97488 -53.828 -45.0856
      vertex 7.22241 -52.6449 -44.877
    endloop
  endfacet
  facet normal 0.513887 -0.844825 -0.148966
    outer loop
      vertex 7.22241 -67.405 38.8317
      vertex 7.06271 -61.9092 7.11257
      vertex 7.22241 -61.9046 7.6374
    endloop
  endfacet
  facet normal 0.51424 -0.844616 -0.148931
    outer loop
      vertex 7.06271 -61.9092 7.11257
      vertex 7.22241 -67.405 38.8317
      vertex 6.7922 -61.8559 5.87626
    endloop
  endfacet
  facet normal 0.514054 -0.844727 -0.148945
    outer loop
      vertex 6.12816 -53.2908 -44.9909
      vertex 7.22241 -57.326 -18.329
      vertex 7.06271 -57.6012 -17.3194
    endloop
  endfacet
  facet normal 0.51418 -0.844652 -0.148937
    outer loop
      vertex 6.12816 -53.2908 -44.9909
      vertex 7.06271 -57.6012 -17.3194
      vertex 6.68508 -58.3375 -14.4474
    endloop
  endfacet
  facet normal 0.514088 -0.844706 -0.148944
    outer loop
      vertex 6.12816 -53.2908 -44.9909
      vertex 6.68508 -58.3375 -14.4474
      vertex 6.54445 -58.6603 -13.1021
    endloop
  endfacet
  facet normal 0.514101 -0.844699 -0.148942
    outer loop
      vertex 7.22241 -57.326 -18.329
      vertex 6.12816 -53.2908 -44.9909
      vertex 7.22241 -52.6449 -44.877
    endloop
  endfacet
  facet normal -0.989175 0.144509 0.0254809
    outer loop
      vertex -12.9374 -45.4678 -15.995
      vertex -12.7502 -54.2625 41.1491
      vertex -12.7502 -44.1864 -15.995
    endloop
  endfacet
  facet normal -0.989175 0.144514 0.0254818
    outer loop
      vertex -12.7502 -54.2625 41.1491
      vertex -12.9374 -45.4678 -15.995
      vertex -12.9374 -55.5052 40.9299
    endloop
  endfacet
  facet normal -0.998795 0.0483226 0.00852058
    outer loop
      vertex -13 -46.7617 -15.995
      vertex -12.9374 -55.5052 40.9299
      vertex -12.9374 -45.4678 -15.995
    endloop
  endfacet
  facet normal -0.998795 0.0483225 0.00852056
    outer loop
      vertex -12.9374 -55.5052 40.9299
      vertex -13 -46.7617 -15.995
      vertex -13 -56.7601 40.7087
    endloop
  endfacet
  facet normal 0 -0.17374 0.984792
    outer loop
      vertex 0 -43.9576 42.9661
      vertex -2.53617 -44.2036 42.9227
      vertex 2.53617 -44.2036 42.9227
    endloop
  endfacet
  facet normal -4.9861e-05 -0.173241 0.984879
    outer loop
      vertex -1.27422 -44.0192 42.9552
      vertex -2.53617 -44.2036 42.9227
      vertex 0 -43.9576 42.9661
    endloop
  endfacet
  facet normal -0.000114035 -0.173618 0.984813
    outer loop
      vertex -12.0104 -51.8608 41.5725
      vertex -12.9374 -55.5052 40.9299
      vertex -11.465 -50.725 41.7728
    endloop
  endfacet
  facet normal -0.941518 0.331844 0.058513
    outer loop
      vertex -12.0104 -41.7101 -15.995
      vertex -12.3053 -42.5468 -15.995
      vertex -12.0104 -51.8608 41.5725
    endloop
  endfacet
  facet normal -0.740955 0.661352 0.116615
    outer loop
      vertex -9.19239 -37.4275 -15.995
      vertex -9.78791 -38.0947 -15.995
      vertex -9.19239 -47.7074 42.3049
    endloop
  endfacet
  facet normal 0.671572 0.729682 0.128663
    outer loop
      vertex 8.24711 -36.5575 -15.995
      vertex 9.19239 -47.7074 42.3049
      vertex 9.19239 -37.4275 -15.995
    endloop
  endfacet
  facet normal 0.671588 0.729668 0.12866
    outer loop
      vertex 9.19239 -47.7074 42.3049
      vertex 8.24711 -36.5575 -15.995
      vertex 8.24711 -46.8636 42.4537
    endloop
  endfacet
  facet normal 0.741037 0.661262 0.116601
    outer loop
      vertex 9.19239 -47.7074 42.3049
      vertex 10.0491 -38.3874 -15.995
      vertex 9.78791 -38.0947 -15.995
    endloop
  endfacet
  facet normal 0.740958 0.661349 0.116614
    outer loop
      vertex 10.0491 -38.3874 -15.995
      vertex 9.19239 -47.7074 42.3049
      vertex 10.0491 -48.6383 42.1408
    endloop
  endfacet
  facet normal 0.000150188 -0.173728 0.984794
    outer loop
      vertex 11.465 -62.7952 39.6445
      vertex 10.0491 -64.8819 39.2766
      vertex 10.8091 -63.8728 39.4545
    endloop
  endfacet
  facet normal 0.803208 -0.586648 -0.103442
    outer loop
      vertex 10.8091 -63.8728 39.4545
      vertex 10.2637 -59.3266 9.43692
      vertex 10.533 -58.8777 8.98215
    endloop
  endfacet
  facet normal 0.803129 -0.586755 -0.103457
    outer loop
      vertex 10.8091 -63.8728 39.4545
      vertex 10.0491 -59.6842 9.79912
      vertex 10.2637 -59.3266 9.43692
    endloop
  endfacet
  facet normal 0.803185 -0.586679 -0.103448
    outer loop
      vertex 10.0491 -59.6842 9.79912
      vertex 10.8091 -63.8728 39.4545
      vertex 10.0491 -64.8819 39.2766
    endloop
  endfacet
  facet normal 0.803147 -0.586727 -0.103475
    outer loop
      vertex 10.0491 -53.3291 -26.243
      vertex 10.2068 -52.9741 -27.0319
      vertex 10.073 -53.2994 -26.2259
    endloop
  endfacet
  facet normal 0.803179 -0.586687 -0.103451
    outer loop
      vertex 10.2068 -52.9741 -27.0319
      vertex 10.0491 -53.3291 -26.243
      vertex 10.0491 -50.1218 -44.4321
    endloop
  endfacet
  facet normal 0.90397 -0.421099 -0.0742507
    outer loop
      vertex 11.9425 -55.588 4.58531
      vertex 12.0104 -61.6594 39.8448
      vertex 11.7856 -56.0444 5.26351
    endloop
  endfacet
  facet normal 0.904031 -0.420972 -0.0742288
    outer loop
      vertex 12.0104 -61.6594 39.8448
      vertex 11.9425 -55.588 4.58531
      vertex 12.0104 -55.3904 4.29162
    endloop
  endfacet
  facet normal 0.903971 -0.421098 -0.0742528
    outer loop
      vertex 11.5548 -50.279 -30.244
      vertex 11.5436 -50 -31.9626
      vertex 11.698 -50 -30.0829
    endloop
  endfacet
  facet normal 0.941533 -0.331803 -0.058506
    outer loop
      vertex 12.1993 -54.653 3.14958
      vertex 12.0104 -61.6594 39.8448
      vertex 12.0104 -55.3904 4.29162
    endloop
  endfacet
  facet normal 0.741113 -0.66118 -0.116583
    outer loop
      vertex 9.29046 -60.6258 10.3187
      vertex 9.19239 -65.8128 39.1124
      vertex 9.19239 -60.7389 10.3367
    endloop
  endfacet
  facet normal 0.740813 -0.661506 -0.116643
    outer loop
      vertex 9.19239 -65.8128 39.1124
      vertex 9.29046 -60.6258 10.3187
      vertex 9.48901 -60.3804 10.188
    endloop
  endfacet
  facet normal 0.740936 -0.661372 -0.11662
    outer loop
      vertex 9.19239 -54.2002 -26.7459
      vertex 10.0491 -50.1218 -44.4321
      vertex 9.86372 -53.5176 -26.3518
    endloop
  endfacet
  facet normal 0.740958 -0.661349 -0.116614
    outer loop
      vertex 10.0491 -50.1218 -44.4321
      vertex 9.19239 -54.2002 -26.7459
      vertex 9.19239 -51.0527 -44.5962
    endloop
  endfacet
  facet normal 0.671588 -0.729669 -0.128659
    outer loop
      vertex 8.24711 -66.6566 38.9636
      vertex 9.19239 -60.7389 10.3367
      vertex 9.19239 -65.8128 39.1124
    endloop
  endfacet
  facet normal 0.671526 -0.729723 -0.128673
    outer loop
      vertex 8.24711 -66.6566 38.9636
      vertex 8.84454 -61.0397 10.2272
      vertex 9.19239 -60.7389 10.3367
    endloop
  endfacet
  facet normal 0.671518 -0.729731 -0.128674
    outer loop
      vertex 8.24711 -66.6566 38.9636
      vertex 8.63604 -61.22 10.1616
      vertex 8.84454 -61.0397 10.2272
    endloop
  endfacet
  facet normal 0.671645 -0.729617 -0.128651
    outer loop
      vertex 8.63604 -61.22 10.1616
      vertex 8.24711 -66.6566 38.9636
      vertex 8.57356 -61.2678 10.1065
    endloop
  endfacet
  facet normal 0.671653 -0.72961 -0.12865
    outer loop
      vertex 9.19239 -54.2002 -26.7459
      vertex 8.99155 -54.368 -26.8428
      vertex 9.19239 -51.0527 -44.5962
    endloop
  endfacet
  facet normal -0.000228561 -0.173586 0.984819
    outer loop
      vertex 12.7502 -59.2577 40.2683
      vertex 12.0104 -61.6594 39.8448
      vertex 12.4402 -60.4765 40.0534
    endloop
  endfacet
  facet normal 0.970009 -0.239379 -0.0422059
    outer loop
      vertex 12.7502 -59.2577 40.2683
      vertex 12.4402 -53.7096 1.6766
      vertex 12.6021 -52.7857 0.157442
    endloop
  endfacet
  facet normal 0.970032 -0.239287 -0.0421929
    outer loop
      vertex 12.4402 -53.7096 1.6766
      vertex 12.7502 -59.2577 40.2683
      vertex 12.4402 -60.4765 40.0534
    endloop
  endfacet
  facet normal 0.000228561 -0.173586 0.984819
    outer loop
      vertex -12.0104 -61.6594 39.8448
      vertex -12.7502 -59.2577 40.2683
      vertex -12.4402 -60.4765 40.0534
    endloop
  endfacet
  facet normal -0.970007 -0.239383 -0.0422098
    outer loop
      vertex -12.4402 -60.4765 40.0534
      vertex -12.5383 -50 -17.1072
      vertex -12.4402 -50 -19.3616
    endloop
  endfacet
  facet normal -0.970032 -0.239287 -0.0421921
    outer loop
      vertex -12.5383 -50 -17.1072
      vertex -12.4402 -60.4765 40.0534
      vertex -12.7502 -59.2577 40.2683
    endloop
  endfacet
  facet normal -0.427569 -0.890249 -0.156975
    outer loop
      vertex -4.97488 -68.5881 38.6231
      vertex -6.12816 -53.2908 -44.9909
      vertex -4.97488 -53.828 -45.0856
    endloop
  endfacet
  facet normal -0.427569 -0.890249 -0.156975
    outer loop
      vertex -4.97488 -68.5881 38.6231
      vertex -6.12816 -68.0509 38.7178
      vertex -6.12816 -53.2908 -44.9909
    endloop
  endfacet
  facet normal -0.000294625 -0.173569 0.984822
    outer loop
      vertex 7.77817 -64.5911 39.3278
      vertex 7.22241 -67.405 38.8317
      vertex 7.99921 -64.3509 39.3702
    endloop
  endfacet
  facet normal 0.000807042 -0.17378 0.984784
    outer loop
      vertex 7.74249 -64.623 39.3222
      vertex 7.22241 -67.405 38.8317
      vertex 7.77817 -64.5911 39.3278
    endloop
  endfacet
  facet normal 6.92791e-05 -0.173646 0.984808
    outer loop
      vertex 6.97833 -65.305 39.202
      vertex 7.22241 -67.405 38.8317
      vertex 7.74249 -64.623 39.3222
    endloop
  endfacet
  facet normal -2.94185e-05 -0.173658 0.984806
    outer loop
      vertex 6.11127 -65.9383 39.0903
      vertex 7.22241 -67.405 38.8317
      vertex 6.97833 -65.305 39.202
    endloop
  endfacet
  facet normal -1.96021e-05 -0.17365 0.984807
    outer loop
      vertex 5.18536 -66.4849 38.9939
      vertex 7.22241 -67.405 38.8317
      vertex 6.11127 -65.9383 39.0903
    endloop
  endfacet
  facet normal 1.07408e-05 -0.173585 0.984819
    outer loop
      vertex 4.20952 -66.9394 38.9138
      vertex 7.22241 -67.405 38.8317
      vertex 5.18536 -66.4849 38.9939
    endloop
  endfacet
  facet normal -1.64391e-05 -0.173756 0.984789
    outer loop
      vertex 3.19313 -67.2975 38.8506
      vertex 7.22241 -67.405 38.8317
      vertex 4.20952 -66.9394 38.9138
    endloop
  endfacet
  facet normal 0 -0.173158 0.984894
    outer loop
      vertex 7.22241 -67.405 38.8317
      vertex 3.19313 -67.2975 38.8506
      vertex 2.75753 -67.405 38.8317
    endloop
  endfacet
  facet normal 0 -0.173158 0.984894
    outer loop
      vertex -3.19313 -67.2975 38.8506
      vertex -7.22241 -67.405 38.8317
      vertex -2.75753 -67.405 38.8317
    endloop
  endfacet
  facet normal 1.64391e-05 -0.173756 0.984789
    outer loop
      vertex -4.20952 -66.9394 38.9138
      vertex -7.22241 -67.405 38.8317
      vertex -3.19313 -67.2975 38.8506
    endloop
  endfacet
  facet normal -1.07408e-05 -0.173585 0.984819
    outer loop
      vertex -5.18536 -66.4849 38.9939
      vertex -7.22241 -67.405 38.8317
      vertex -4.20952 -66.9394 38.9138
    endloop
  endfacet
  facet normal 1.96021e-05 -0.17365 0.984807
    outer loop
      vertex -6.11127 -65.9383 39.0903
      vertex -7.22241 -67.405 38.8317
      vertex -5.18536 -66.4849 38.9939
    endloop
  endfacet
  facet normal 2.94185e-05 -0.173658 0.984806
    outer loop
      vertex -6.97833 -65.305 39.202
      vertex -7.22241 -67.405 38.8317
      vertex -6.11127 -65.9383 39.0903
    endloop
  endfacet
  facet normal -6.92791e-05 -0.173646 0.984808
    outer loop
      vertex -7.74249 -64.623 39.3222
      vertex -7.22241 -67.405 38.8317
      vertex -6.97833 -65.305 39.202
    endloop
  endfacet
  facet normal -0.000807042 -0.17378 0.984784
    outer loop
      vertex -7.77817 -64.5911 39.3278
      vertex -7.22241 -67.405 38.8317
      vertex -7.74249 -64.623 39.3222
    endloop
  endfacet
  facet normal 0.000294625 -0.173569 0.984822
    outer loop
      vertex -7.22241 -67.405 38.8317
      vertex -7.77817 -64.5911 39.3278
      vertex -7.99921 -64.3509 39.3702
    endloop
  endfacet
  facet normal 1.40063e-05 -0.173651 0.984807
    outer loop
      vertex -11.465 -50.725 41.7728
      vertex -10.1421 -52.7427 41.417
      vertex -9.70113 -51.8245 41.5789
    endloop
  endfacet
  facet normal -0.000364942 -0.173749 0.98479
    outer loop
      vertex -10.5263 -53.7865 41.233
      vertex -11.465 -50.725 41.7728
      vertex -10.6063 -54.1009 41.1775
    endloop
  endfacet
  facet normal -7.1721e-06 -0.173642 0.984809
    outer loop
      vertex -10.1627 -52.7855 41.4095
      vertex -11.465 -50.725 41.7728
      vertex -10.5263 -53.7865 41.233
    endloop
  endfacet
  facet normal 0.000957881 -0.173051 0.984912
    outer loop
      vertex -10.1421 -52.7427 41.417
      vertex -11.465 -50.725 41.7728
      vertex -10.1627 -52.7855 41.4095
    endloop
  endfacet
  facet normal 1.07287e-05 -0.173656 0.984806
    outer loop
      vertex -9.17092 -50.9534 41.7325
      vertex -11.465 -50.725 41.7728
      vertex -9.70113 -51.8245 41.5789
    endloop
  endfacet
  facet normal -4.24616e-05 -0.174174 0.984715
    outer loop
      vertex -9.14616 -50.9127 41.7397
      vertex -11.465 -50.725 41.7728
      vertex -9.17092 -50.9534 41.7325
    endloop
  endfacet
  facet normal 0 -0.173666 0.984805
    outer loop
      vertex -11.465 -50.725 41.7728
      vertex -9.14616 -50.9127 41.7397
      vertex -9.00486 -50.725 41.7728
    endloop
  endfacet
  facet normal 0.000364942 -0.173749 0.98479
    outer loop
      vertex 11.465 -50.725 41.7728
      vertex 10.5263 -53.7865 41.233
      vertex 10.6063 -54.1009 41.1775
    endloop
  endfacet
  facet normal 7.1721e-06 -0.173642 0.984809
    outer loop
      vertex 11.465 -50.725 41.7728
      vertex 10.1627 -52.7855 41.4095
      vertex 10.5263 -53.7865 41.233
    endloop
  endfacet
  facet normal -0.000957881 -0.173051 0.984912
    outer loop
      vertex 11.465 -50.725 41.7728
      vertex 10.1421 -52.7427 41.417
      vertex 10.1627 -52.7855 41.4095
    endloop
  endfacet
  facet normal -1.40063e-05 -0.173651 0.984807
    outer loop
      vertex 11.465 -50.725 41.7728
      vertex 9.70113 -51.8245 41.5789
      vertex 10.1421 -52.7427 41.417
    endloop
  endfacet
  facet normal -1.07287e-05 -0.173656 0.984806
    outer loop
      vertex 11.465 -50.725 41.7728
      vertex 9.17092 -50.9534 41.7325
      vertex 9.70113 -51.8245 41.5789
    endloop
  endfacet
  facet normal 4.24616e-05 -0.174174 0.984715
    outer loop
      vertex 11.465 -50.725 41.7728
      vertex 9.14616 -50.9127 41.7397
      vertex 9.17092 -50.9534 41.7325
    endloop
  endfacet
  facet normal 0 -0.173666 0.984805
    outer loop
      vertex 9.14616 -50.9127 41.7397
      vertex 11.465 -50.725 41.7728
      vertex 9.00486 -50.725 41.7728
    endloop
  endfacet
  facet normal -4.96717e-05 -0.173584 0.984819
    outer loop
      vertex -12.9374 -58.015 40.4874
      vertex -10.9976 -56.8837 40.6869
      vertex -10.947 -55.8693 40.8657
    endloop
  endfacet
  facet normal 8.23237e-05 -0.173702 0.984798
    outer loop
      vertex -10.7957 -54.8646 41.0429
      vertex -12.9374 -58.015 40.4874
      vertex -10.947 -55.8693 40.8657
    endloop
  endfacet
  facet normal 0.00120274 -0.174441 0.984667
    outer loop
      vertex -10.7886 -54.8177 41.0512
      vertex -12.9374 -58.015 40.4874
      vertex -10.7957 -54.8646 41.0429
    endloop
  endfacet
  facet normal -2.62968e-05 -0.17364 0.984809
    outer loop
      vertex -12.9374 -58.015 40.4874
      vertex -10.7886 -54.8177 41.0512
      vertex -11.465 -50.725 41.7728
    endloop
  endfacet
  facet normal 0.000267913 -0.173593 0.984817
    outer loop
      vertex -11.465 -50.725 41.7728
      vertex -10.7886 -54.8177 41.0512
      vertex -10.6063 -54.1009 41.1775
    endloop
  endfacet
  facet normal -8.34532e-05 -0.173662 0.984805
    outer loop
      vertex -8.47077 -63.8386 39.4605
      vertex -7.22241 -67.405 38.8317
      vertex -7.99921 -64.3509 39.3702
    endloop
  endfacet
  facet normal -0.000304562 -0.173737 0.984792
    outer loop
      vertex -8.50311 -63.8034 39.4667
      vertex -7.22241 -67.405 38.8317
      vertex -8.47077 -63.8386 39.4605
    endloop
  endfacet
  facet normal -0.00113362 -0.174023 0.984741
    outer loop
      vertex -8.5318 -63.7653 39.4734
      vertex -7.22241 -67.405 38.8317
      vertex -8.50311 -63.8034 39.4667
    endloop
  endfacet
  facet normal 0.000214161 -0.173553 0.984824
    outer loop
      vertex -9.14616 -62.9495 39.6173
      vertex -7.22241 -67.405 38.8317
      vertex -8.5318 -63.7653 39.4734
    endloop
  endfacet
  facet normal 0.00563466 -0.17128 0.985206
    outer loop
      vertex -9.17092 -62.9089 39.6245
      vertex -7.22241 -67.405 38.8317
      vertex -9.14616 -62.9495 39.6173
    endloop
  endfacet
  facet normal -0.000123972 -0.173704 0.984798
    outer loop
      vertex -9.70113 -62.0377 39.7781
      vertex -7.22241 -67.405 38.8317
      vertex -9.17092 -62.9089 39.6245
    endloop
  endfacet
  facet normal 3.39602e-06 -0.173643 0.984809
    outer loop
      vertex -12.9374 -58.015 40.4874
      vertex -9.70113 -62.0377 39.7781
      vertex -10.1421 -61.1195 39.94
    endloop
  endfacet
  facet normal 0.0025648 -0.171405 0.985197
    outer loop
      vertex -12.9374 -58.015 40.4874
      vertex -10.1421 -61.1195 39.94
      vertex -10.1627 -61.0767 39.9475
    endloop
  endfacet
  facet normal 0.000514444 -0.174522 0.984653
    outer loop
      vertex -10.9976 -56.8837 40.6869
      vertex -12.9374 -58.015 40.4874
      vertex -11 -56.9311 40.6785
    endloop
  endfacet
  facet normal -7.63873e-06 -0.173652 0.984807
    outer loop
      vertex -9.70113 -62.0377 39.7781
      vertex -12.9374 -58.015 40.4874
      vertex -7.22241 -67.405 38.8317
    endloop
  endfacet
  facet normal 2.94986e-05 -0.173635 0.98481
    outer loop
      vertex -10.5263 -60.0757 40.124
      vertex -12.9374 -58.015 40.4874
      vertex -10.1627 -61.0767 39.9475
    endloop
  endfacet
  facet normal 0.000280593 -0.17335 0.98486
    outer loop
      vertex -10.538 -60.0297 40.1321
      vertex -12.9374 -58.015 40.4874
      vertex -10.5263 -60.0757 40.124
    endloop
  endfacet
  facet normal -6.00196e-05 -0.173743 0.984791
    outer loop
      vertex -10.7886 -59.0445 40.3059
      vertex -12.9374 -58.015 40.4874
      vertex -10.538 -60.0297 40.1321
    endloop
  endfacet
  facet normal -1.8319e-06 -0.173625 0.984812
    outer loop
      vertex -10.947 -57.9929 40.4913
      vertex -12.9374 -58.015 40.4874
      vertex -10.7886 -59.0445 40.3059
    endloop
  endfacet
  facet normal -1.81633e-06 -0.173627 0.984812
    outer loop
      vertex -11 -56.9311 40.6785
      vertex -12.9374 -58.015 40.4874
      vertex -10.947 -57.9929 40.4913
    endloop
  endfacet
  facet normal -0.59569 -0.791011 -0.139477
    outer loop
      vertex -7.22241 -52.6449 -44.877
      vertex -8.24711 -66.6566 38.9636
      vertex -8.24711 -51.8965 -44.745
    endloop
  endfacet
  facet normal -0.671588 -0.729668 -0.12866
    outer loop
      vertex -8.24711 -66.6566 38.9636
      vertex -9.19239 -51.0527 -44.5962
      vertex -8.24711 -51.8965 -44.745
    endloop
  endfacet
  facet normal -0.242994 -0.955291 -0.168444
    outer loop
      vertex -3.7737 -54.2512 -45.1602
      vertex -2.53617 -69.3166 38.4946
      vertex -3.7737 -69.0113 38.5484
    endloop
  endfacet
  facet normal -0.243007 -0.955288 -0.168443
    outer loop
      vertex -2.53617 -69.3166 38.4946
      vertex -3.7737 -54.2512 -45.1602
      vertex -2.53617 -54.5565 -45.2141
    endloop
  endfacet
  facet normal -0.146768 -0.974143 -0.171767
    outer loop
      vertex -1.27422 -69.5009 38.4621
      vertex -2.53617 -54.5565 -45.2141
      vertex -1.27422 -54.7409 -45.2466
    endloop
  endfacet
  facet normal 6.56371e-05 0.174008 -0.984744
    outer loop
      vertex -1.27422 -54.7409 -45.2466
      vertex -2.53617 -54.5565 -45.2141
      vertex 0 -54.8025 -45.2574
    endloop
  endfacet
  facet normal 0 -0.17374 0.984792
    outer loop
      vertex 2.53617 -69.3166 38.4946
      vertex -2.53617 -69.3166 38.4946
      vertex 0 -69.5626 38.4512
    endloop
  endfacet
  facet normal -2.2711e-05 -0.173513 0.984832
    outer loop
      vertex 2.53617 -69.3166 38.4946
      vertex 0 -69.5626 38.4512
      vertex 1.27422 -69.5009 38.4621
    endloop
  endfacet
  facet normal 0.427569 -0.890249 -0.156975
    outer loop
      vertex 6.12816 -53.2908 -44.9909
      vertex 4.97488 -68.5881 38.6231
      vertex 4.97488 -53.828 -45.0856
    endloop
  endfacet
  facet normal 0.336845 -0.927256 -0.1635
    outer loop
      vertex 4.97488 -68.5881 38.6231
      vertex 3.7737 -54.2512 -45.1602
      vertex 4.97488 -53.828 -45.0856
    endloop
  endfacet
  facet normal -0.336915 0.927231 0.163495
    outer loop
      vertex -4.97488 -34.566 -15.995
      vertex -4.97488 -44.9321 42.7943
      vertex -4.13053 -34.2592 -15.995
    endloop
  endfacet
  facet normal -0.42751 0.890277 0.156979
    outer loop
      vertex -4.97488 -34.566 -15.995
      vertex -5.78392 -34.9545 -15.995
      vertex -4.97488 -44.9321 42.7943
    endloop
  endfacet
  facet normal 0.336915 0.927231 0.163495
    outer loop
      vertex 4.97488 -34.566 -15.995
      vertex 4.13053 -34.2592 -15.995
      vertex 4.97488 -44.9321 42.7943
    endloop
  endfacet
  facet normal 0.336785 0.927277 0.163505
    outer loop
      vertex 3.7737 -34.1296 -15.995
      vertex 4.97488 -44.9321 42.7943
      vertex 4.13053 -34.2592 -15.995
    endloop
  endfacet
  facet normal 0.336845 0.927256 0.1635
    outer loop
      vertex 4.97488 -44.9321 42.7943
      vertex 3.7737 -34.1296 -15.995
      vertex 3.7737 -44.5089 42.8689
    endloop
  endfacet
  facet normal -0.857711 0.506321 0.0892778
    outer loop
      vertex -11.465 -40.539 -15.995
      vertex -10.8091 -49.6474 41.9628
      vertex -10.8091 -39.4279 -15.995
    endloop
  endfacet
  facet normal -0.857712 0.50632 0.0892777
    outer loop
      vertex -10.8091 -49.6474 41.9628
      vertex -11.465 -40.539 -15.995
      vertex -11.465 -50.725 41.7728
    endloop
  endfacet
  facet normal 0.000574627 -0.173788 0.984783
    outer loop
      vertex -12.4402 -53.0437 41.364
      vertex -12.9374 -55.5052 40.9299
      vertex -12.0104 -51.8608 41.5725
    endloop
  endfacet
  facet normal -0.94159 0.331646 0.0584814
    outer loop
      vertex -12.4402 -42.9298 -15.995
      vertex -12.0104 -51.8608 41.5725
      vertex -12.3053 -42.5468 -15.995
    endloop
  endfacet
  facet normal -0.941537 0.33179 0.0585034
    outer loop
      vertex -12.0104 -51.8608 41.5725
      vertex -12.4402 -42.9298 -15.995
      vertex -12.4402 -53.0437 41.364
    endloop
  endfacet
  facet normal 0.970124 0.238947 0.0419931
    outer loop
      vertex 12.5381 -43.3264 -15.995
      vertex 12.7502 -44.5246 -14.077
      vertex 12.5731 -43.4685 -15.995
    endloop
  endfacet
  facet normal 0.970044 0.239239 0.0421845
    outer loop
      vertex 12.7502 -44.5246 -14.077
      vertex 12.5381 -43.3264 -15.995
      vertex 12.7502 -54.2625 41.1491
    endloop
  endfacet
  facet normal 0.000142328 0.173504 -0.984833
    outer loop
      vertex 1.60665 -52.8745 -44.9175
      vertex 0 -54.8025 -45.2574
      vertex 1.43281 -52.8999 -44.922
    endloop
  endfacet
  facet normal -0.000405306 -0.174106 0.984727
    outer loop
      vertex 8.24711 -46.8636 42.4537
      vertex 7.22241 -46.1152 42.5856
      vertex 9.19239 -47.7074 42.3049
    endloop
  endfacet
  facet normal 7.69736e-05 -0.173527 0.984829
    outer loop
      vertex 7.22241 -46.1152 42.5856
      vertex 3.7737 -44.5089 42.8689
      vertex 9.19239 -47.7074 42.3049
    endloop
  endfacet
  facet normal 0.803194 0.586667 0.103445
    outer loop
      vertex 10.0491 -48.6383 42.1408
      vertex 10.8091 -39.4279 -15.995
      vertex 10.0491 -38.3874 -15.995
    endloop
  endfacet
  facet normal 0.80319 0.586672 0.103446
    outer loop
      vertex 10.8091 -39.4279 -15.995
      vertex 10.0491 -48.6383 42.1408
      vertex 10.8091 -49.6474 41.9628
    endloop
  endfacet
  facet normal 0.00052532 -0.173329 0.984864
    outer loop
      vertex 10.8091 -49.6474 41.9628
      vertex 10.0491 -48.6383 42.1408
      vertex 11.465 -50.725 41.7728
    endloop
  endfacet
  facet normal 0.857747 -0.506262 -0.0892678
    outer loop
      vertex 11.0578 -57.8673 7.78532
      vertex 10.8091 -63.8728 39.4545
      vertex 10.8091 -58.4142 8.49726
    endloop
  endfacet
  facet normal 0.857668 -0.506391 -0.0892974
    outer loop
      vertex 11.1121 -50.9966 -30.6583
      vertex 11.3836 -50 -33.7022
      vertex 11.358 -50.6186 -30.4401
    endloop
  endfacet
  facet normal 0.857791 -0.506196 -0.0892225
    outer loop
      vertex 10.8956 -51.3296 -30.8505
      vertex 11.3836 -50 -33.7022
      vertex 11.1121 -50.9966 -30.6583
    endloop
  endfacet
  facet normal 0.857723 -0.506301 -0.0892832
    outer loop
      vertex 10.8699 -51.3691 -30.8734
      vertex 11.3836 -50 -33.7022
      vertex 10.8956 -51.3296 -30.8505
    endloop
  endfacet
  facet normal 0.857824 -0.506145 -0.0891893
    outer loop
      vertex 10.8623 -51.3808 -30.8801
      vertex 11.3836 -50 -33.7022
      vertex 10.8699 -51.3691 -30.8734
    endloop
  endfacet
  facet normal 0.857735 -0.506282 -0.0892729
    outer loop
      vertex 11.3836 -50 -33.7022
      vertex 10.8623 -51.3808 -30.8801
      vertex 10.8091 -50 -39.222
    endloop
  endfacet
  facet normal 0.857775 -0.506215 -0.0892621
    outer loop
      vertex 10.8091 -50 -39.222
      vertex 10.8623 -51.3808 -30.8801
      vertex 10.8091 -51.5306 -30.5418
    endloop
  endfacet
  facet normal 0.803267 -0.586569 -0.10343
    outer loop
      vertex 10.7574 -58.5036 8.60332
      vertex 10.8091 -63.8728 39.4545
      vertex 10.533 -58.8777 8.98215
    endloop
  endfacet
  facet normal 0.802861 -0.587109 -0.103523
    outer loop
      vertex 10.8091 -63.8728 39.4545
      vertex 10.7574 -58.5036 8.60332
      vertex 10.8091 -58.4142 8.49726
    endloop
  endfacet
  facet normal 0.802989 -0.586954 -0.103411
    outer loop
      vertex 10.8091 -50 -39.222
      vertex 10.0491 -50.1218 -44.4321
      vertex 10.1409 -50 -44.4106
    endloop
  endfacet
  facet normal 0.803066 -0.586836 -0.103478
    outer loop
      vertex 10.5592 -52.1171 -29.1551
      vertex 10.8091 -50 -39.222
      vertex 10.8091 -51.5306 -30.5418
    endloop
  endfacet
  facet normal 0.803178 -0.586689 -0.103445
    outer loop
      vertex 10.8091 -50 -39.222
      vertex 10.5592 -52.1171 -29.1551
      vertex 10.0491 -50.1218 -44.4321
    endloop
  endfacet
  facet normal 0.803277 -0.586556 -0.10343
    outer loop
      vertex 10.0491 -50.1218 -44.4321
      vertex 10.5592 -52.1171 -29.1551
      vertex 10.2068 -52.9741 -27.0319
    endloop
  endfacet
  facet normal 0 0.173631 -0.984811
    outer loop
      vertex 9.19239 -51.0527 -44.5962
      vertex 9.03375 -50 -44.4106
      vertex 9.98519 -50 -44.4106
    endloop
  endfacet
  facet normal 1.28736e-05 0.173632 -0.984811
    outer loop
      vertex 9.03375 -50 -44.4106
      vertex 9.19239 -51.0527 -44.5962
      vertex 3.7737 -54.2512 -45.1602
    endloop
  endfacet
  facet normal 0 0.173831 -0.984775
    outer loop
      vertex 10.0491 -50.1218 -44.4321
      vertex 9.98519 -50 -44.4106
      vertex 10.1318 -50 -44.4106
    endloop
  endfacet
  facet normal -0.000162107 0.173749 -0.98479
    outer loop
      vertex 9.98519 -50 -44.4106
      vertex 10.0491 -50.1218 -44.4321
      vertex 9.19239 -51.0527 -44.5962
    endloop
  endfacet
  facet normal -0.000284253 -0.173961 0.984753
    outer loop
      vertex -7.22241 -67.405 38.8317
      vertex -10.0491 -64.8819 39.2766
      vertex -9.19239 -65.8128 39.1124
    endloop
  endfacet
  facet normal 9.28747e-06 -0.173642 0.984809
    outer loop
      vertex -7.22241 -67.405 38.8317
      vertex -12.9374 -58.015 40.4874
      vertex -10.0491 -64.8819 39.2766
    endloop
  endfacet
  facet normal 3.92762e-05 -0.173701 0.984799
    outer loop
      vertex -3.7737 -44.5089 42.8689
      vertex -11.465 -50.725 41.7728
      vertex -2.53617 -44.2036 42.9227
    endloop
  endfacet
  facet normal -0.595682 0.791018 0.139477
    outer loop
      vertex -7.22241 -35.7859 -15.995
      vertex -8.24711 -46.8636 42.4537
      vertex -7.22241 -46.1152 42.5856
    endloop
  endfacet
  facet normal -0.595653 0.791039 0.139482
    outer loop
      vertex -8.24711 -46.8636 42.4537
      vertex -7.22241 -35.7859 -15.995
      vertex -8.24711 -36.5575 -15.995
    endloop
  endfacet
  facet normal -0.336845 0.927256 0.1635
    outer loop
      vertex -3.7737 -34.1296 -15.995
      vertex -4.97488 -44.9321 42.7943
      vertex -3.7737 -44.5089 42.8689
    endloop
  endfacet
  facet normal -0.336785 0.927277 0.163505
    outer loop
      vertex -4.97488 -44.9321 42.7943
      vertex -3.7737 -34.1296 -15.995
      vertex -4.13053 -34.2592 -15.995
    endloop
  endfacet
  facet normal -3.92762e-05 -0.173701 0.984799
    outer loop
      vertex 3.7737 -44.5089 42.8689
      vertex 2.53617 -44.2036 42.9227
      vertex 11.465 -50.725 41.7728
    endloop
  endfacet
  facet normal 0.000277396 -0.173208 0.984885
    outer loop
      vertex 6.12816 -45.4693 42.6995
      vertex 4.97488 -44.9321 42.7943
      vertex 7.22241 -46.1152 42.5856
    endloop
  endfacet
  facet normal 0.427713 0.890182 0.156963
    outer loop
      vertex 5.78392 -34.9545 -15.995
      vertex 6.12816 -45.4693 42.6995
      vertex 6.12816 -35.1199 -15.995
    endloop
  endfacet
  facet normal 0.427581 0.890244 0.156975
    outer loop
      vertex 6.12816 -45.4693 42.6995
      vertex 5.78392 -34.9545 -15.995
      vertex 4.97488 -44.9321 42.7943
    endloop
  endfacet
  facet normal -0.904039 0.420957 0.0742259
    outer loop
      vertex -11.6344 -40.9028 -15.995
      vertex -11.465 -50.725 41.7728
      vertex -11.465 -40.539 -15.995
    endloop
  endfacet
  facet normal -0.904014 0.421007 0.0742344
    outer loop
      vertex -11.465 -50.725 41.7728
      vertex -11.6344 -40.9028 -15.995
      vertex -12.0104 -51.8608 41.5725
    endloop
  endfacet
  facet normal -0.00052532 -0.173329 0.984864
    outer loop
      vertex -10.8091 -49.6474 41.9628
      vertex -11.465 -50.725 41.7728
      vertex -10.0491 -48.6383 42.1408
    endloop
  endfacet
  facet normal 0.904039 0.420957 0.0742259
    outer loop
      vertex 11.465 -50.725 41.7728
      vertex 11.6344 -40.9028 -15.995
      vertex 11.465 -40.539 -15.995
    endloop
  endfacet
  facet normal 0.904014 0.421007 0.0742344
    outer loop
      vertex 11.6344 -40.9028 -15.995
      vertex 11.465 -50.725 41.7728
      vertex 12.0104 -51.8608 41.5725
    endloop
  endfacet
  facet normal -0.740964 -0.661342 -0.116612
    outer loop
      vertex -9.19239 -65.8128 39.1124
      vertex -10.0491 -64.8819 39.2766
      vertex -10.0491 -50.1218 -44.4321
    endloop
  endfacet
  facet normal -0.740958 -0.661349 -0.116614
    outer loop
      vertex -9.19239 -65.8128 39.1124
      vertex -10.0491 -50.1218 -44.4321
      vertex -9.19239 -51.0527 -44.5962
    endloop
  endfacet
  facet normal 0.000301384 -0.173873 0.984768
    outer loop
      vertex -10.0491 -48.6383 42.1408
      vertex -11.465 -50.725 41.7728
      vertex -9.19239 -47.7074 42.3049
    endloop
  endfacet
  facet normal -0.671588 0.729668 0.12866
    outer loop
      vertex -8.24711 -36.5575 -15.995
      vertex -9.19239 -47.7074 42.3049
      vertex -8.24711 -46.8636 42.4537
    endloop
  endfacet
  facet normal -0.671572 0.729682 0.128663
    outer loop
      vertex -9.19239 -47.7074 42.3049
      vertex -8.24711 -36.5575 -15.995
      vertex -9.19239 -37.4275 -15.995
    endloop
  endfacet
  facet normal -0.904 0.421038 0.0742403
    outer loop
      vertex -12.0104 -41.7101 -15.995
      vertex -12.0104 -51.8608 41.5725
      vertex -11.6344 -40.9028 -15.995
    endloop
  endfacet
  facet normal 0.904 0.421038 0.0742403
    outer loop
      vertex 12.0104 -41.7101 -15.995
      vertex 11.6344 -40.9028 -15.995
      vertex 12.0104 -51.8608 41.5725
    endloop
  endfacet
  facet normal 0.941518 0.331844 0.058513
    outer loop
      vertex 12.0104 -41.7101 -15.995
      vertex 12.0104 -51.8608 41.5725
      vertex 12.3053 -42.5468 -15.995
    endloop
  endfacet
  facet normal -0.741037 0.661262 0.116601
    outer loop
      vertex -10.0491 -38.3874 -15.995
      vertex -9.19239 -47.7074 42.3049
      vertex -9.78791 -38.0947 -15.995
    endloop
  endfacet
  facet normal -0.740958 0.661349 0.116614
    outer loop
      vertex -9.19239 -47.7074 42.3049
      vertex -10.0491 -38.3874 -15.995
      vertex -10.0491 -48.6383 42.1408
    endloop
  endfacet
  facet normal -7.69736e-05 -0.173527 0.984829
    outer loop
      vertex -7.22241 -46.1152 42.5856
      vertex -9.19239 -47.7074 42.3049
      vertex -3.7737 -44.5089 42.8689
    endloop
  endfacet
  facet normal 0.000405306 -0.174106 0.984727
    outer loop
      vertex -8.24711 -46.8636 42.4537
      vertex -9.19239 -47.7074 42.3049
      vertex -7.22241 -46.1152 42.5856
    endloop
  endfacet
  facet normal -4.93352e-07 -0.173653 0.984807
    outer loop
      vertex -9.19239 -47.7074 42.3049
      vertex -11.465 -50.725 41.7728
      vertex -3.7737 -44.5089 42.8689
    endloop
  endfacet
  facet normal -0.803194 0.586667 0.103445
    outer loop
      vertex -10.8091 -39.4279 -15.995
      vertex -10.0491 -48.6383 42.1408
      vertex -10.0491 -38.3874 -15.995
    endloop
  endfacet
  facet normal -0.80319 0.586672 0.103446
    outer loop
      vertex -10.0491 -48.6383 42.1408
      vertex -10.8091 -39.4279 -15.995
      vertex -10.8091 -49.6474 41.9628
    endloop
  endfacet
  facet normal 0.00013113 -0.17396 0.984753
    outer loop
      vertex -4.97488 -44.9321 42.7943
      vertex -7.22241 -46.1152 42.5856
      vertex -3.7737 -44.5089 42.8689
    endloop
  endfacet
  facet normal -0.514101 0.844699 0.148943
    outer loop
      vertex -6.12816 -35.1199 -15.995
      vertex -7.22241 -46.1152 42.5856
      vertex -6.12816 -45.4693 42.6995
    endloop
  endfacet
  facet normal -0.514138 0.844677 0.148938
    outer loop
      vertex -7.22241 -46.1152 42.5856
      vertex -6.12816 -35.1199 -15.995
      vertex -6.45559 -35.3192 -15.995
    endloop
  endfacet
  facet normal -0.000277396 -0.173208 0.984885
    outer loop
      vertex -6.12816 -45.4693 42.6995
      vertex -7.22241 -46.1152 42.5856
      vertex -4.97488 -44.9321 42.7943
    endloop
  endfacet
  facet normal -0.427581 0.890244 0.156975
    outer loop
      vertex -5.78392 -34.9545 -15.995
      vertex -6.12816 -45.4693 42.6995
      vertex -4.97488 -44.9321 42.7943
    endloop
  endfacet
  facet normal -0.427713 0.890182 0.156963
    outer loop
      vertex -6.12816 -45.4693 42.6995
      vertex -5.78392 -34.9545 -15.995
      vertex -6.12816 -35.1199 -15.995
    endloop
  endfacet
  facet normal 0.146719 0.699709 0.6992
    outer loop
      vertex -8.50311 -48.9139 -44.9761
      vertex -13.0711 -48.5872 -44.3445
      vertex -8.3772 -49.0795 -44.8368
    endloop
  endfacet
  facet normal 0.146743 0.699331 0.699573
    outer loop
      vertex -8.6467 -48.6816 -45.1782
      vertex -13.0711 -48.5872 -44.3445
      vertex -8.50311 -48.9139 -44.9761
    endloop
  endfacet
  facet normal 0.146862 0.699457 0.699422
    outer loop
      vertex -9.13504 -44.7574 -49
      vertex -8.34352 -48.7357 -45.1877
      vertex -8.17397 -48.766 -45.193
    endloop
  endfacet
  facet normal 0.146733 0.699455 0.699452
    outer loop
      vertex -9.13504 -44.7574 -49
      vertex -8.17397 -48.766 -45.193
      vertex -7.3903 -48.9057 -45.2177
    endloop
  endfacet
  facet normal 0.146723 0.699454 0.699454
    outer loop
      vertex -8.6467 -48.6816 -45.1782
      vertex -13.0711 -44.3445 -48.5872
      vertex -13.0711 -48.5872 -44.3445
    endloop
  endfacet
  facet normal 0.146978 0.699447 0.699408
    outer loop
      vertex -9.13504 -44.7574 -49
      vertex -8.6467 -48.6816 -45.1782
      vertex -8.63052 -48.6845 -45.1787
    endloop
  endfacet
  facet normal 0.146715 0.699457 0.699453
    outer loop
      vertex -8.34352 -48.7357 -45.1877
      vertex -9.13504 -44.7574 -49
      vertex -8.63052 -48.6845 -45.1787
    endloop
  endfacet
  facet normal 0.146666 0.69947 0.699451
    outer loop
      vertex -6.56715 -45.2961 -49
      vertex -7.3903 -48.9057 -45.2177
      vertex -6.56715 -49.0525 -45.2435
    endloop
  endfacet
  facet normal 0.146734 0.699455 0.699451
    outer loop
      vertex -7.3903 -48.9057 -45.2177
      vertex -6.56715 -45.2961 -49
      vertex -9.13504 -44.7574 -49
    endloop
  endfacet
  facet normal 0.14673 0.699457 0.69945
    outer loop
      vertex -8.6467 -48.6816 -45.1782
      vertex -9.13504 -44.7574 -49
      vertex -13.0711 -44.3445 -48.5872
    endloop
  endfacet
  facet normal -3.02479e-05 -0.70709 0.707123
    outer loop
      vertex 30 -37.6646 -41.9073
      vertex 25.6398 -41.6485 -45.8912
      vertex 30 -39.8006 -44.0432
    endloop
  endfacet
  facet normal 0 -0.707102 0.707112
    outer loop
      vertex 3.53691 -44.7574 -49
      vertex 30 -37.6646 -41.9073
      vertex 1.96625 -44.7574 -49
    endloop
  endfacet
  facet normal 3.78124e-06 -0.707109 0.707105
    outer loop
      vertex 30 -37.6646 -41.9073
      vertex 3.53691 -44.7574 -49
      vertex 25.6398 -41.6485 -45.8912
    endloop
  endfacet
  facet normal 3.02479e-05 -0.70709 0.707123
    outer loop
      vertex -25.6398 -41.6485 -45.8912
      vertex -30 -37.6646 -41.9073
      vertex -30 -39.8006 -44.0432
    endloop
  endfacet
  facet normal -3.78124e-06 -0.707109 0.707105
    outer loop
      vertex -3.53691 -44.7574 -49
      vertex -30 -37.6646 -41.9073
      vertex -25.6398 -41.6485 -45.8912
    endloop
  endfacet
  facet normal 0 -0.707102 0.707112
    outer loop
      vertex -30 -37.6646 -41.9073
      vertex -3.53691 -44.7574 -49
      vertex -1.96625 -44.7574 -49
    endloop
  endfacet
  facet normal -6.0675e-05 -0.707197 0.707016
    outer loop
      vertex -25.6398 -41.6485 -45.8912
      vertex -30 -39.8006 -44.0432
      vertex -30 -40.1903 -44.433
    endloop
  endfacet
  facet normal 0 0.707107 -0.707107
    outer loop
      vertex -9.85979 -38.7492 -34.5066
      vertex -10.1627 -39.302 -35.0594
      vertex -12.9675 -38.7492 -34.5066
    endloop
  endfacet
  facet normal -3.60798e-06 0.707105 -0.707108
    outer loop
      vertex -30 -41.9073 -37.6646
      vertex -27.1916 -21.2426 -17
      vertex -12.9675 -38.7492 -34.5066
    endloop
  endfacet
  facet normal -1.46852e-05 0.70707 -0.707144
    outer loop
      vertex -10.5263 -40.1794 -35.9367
      vertex -12.9675 -38.7492 -34.5066
      vertex -10.1627 -39.302 -35.0594
    endloop
  endfacet
  facet normal 2.47568e-05 0.707103 -0.70711
    outer loop
      vertex -10.7886 -41.0833 -36.8406
      vertex -12.9675 -38.7492 -34.5066
      vertex -10.5263 -40.1794 -35.9367
    endloop
  endfacet
  facet normal 2.74071e-05 0.707104 -0.707109
    outer loop
      vertex -10.9361 -41.9416 -37.6989
      vertex -12.9675 -38.7492 -34.5066
      vertex -10.7886 -41.0833 -36.8406
    endloop
  endfacet
  facet normal 0 0.707105 -0.707108
    outer loop
      vertex -27.1916 -21.2426 -17
      vertex -30 -41.9073 -37.6646
      vertex -30 -21.2426 -17
    endloop
  endfacet
  facet normal 0.00140645 0.707542 -0.70667
    outer loop
      vertex -10.947 -42.005 -37.7624
      vertex -12.9675 -38.7492 -34.5066
      vertex -10.9361 -41.9416 -37.6989
    endloop
  endfacet
  facet normal 1.17605e-13 0.707107 -0.707107
    outer loop
      vertex -10.9506 -42.068 -37.8254
      vertex -12.9675 -38.7492 -34.5066
      vertex -10.947 -42.005 -37.7624
    endloop
  endfacet
  facet normal -2.29688e-15 0.707107 -0.707107
    outer loop
      vertex -11 -42.9357 -38.6931
      vertex -12.9675 -38.7492 -34.5066
      vertex -10.9506 -42.068 -37.8254
    endloop
  endfacet
  facet normal -0.000183942 0.707064 -0.70715
    outer loop
      vertex -10.947 -43.8665 -39.6238
      vertex -12.9675 -38.7492 -34.5066
      vertex -11 -42.9357 -38.6931
    endloop
  endfacet
  facet normal -1.48103e-06 0.7071 -0.707114
    outer loop
      vertex -12.9675 -38.7492 -34.5066
      vertex -10.947 -43.8665 -39.6238
      vertex -30 -41.9073 -37.6646
    endloop
  endfacet
  facet normal 8.03027e-06 0.707146 -0.707068
    outer loop
      vertex -10.7886 -44.7882 -40.5456
      vertex -30 -41.9073 -37.6646
      vertex -10.947 -43.8665 -39.6238
    endloop
  endfacet
  facet normal -3.84765e-06 0.707106 -0.707107
    outer loop
      vertex -10.7774 -44.8269 -40.5843
      vertex -30 -41.9073 -37.6646
      vertex -10.7886 -44.7882 -40.5456
    endloop
  endfacet
  facet normal -3.84815e-06 0.707106 -0.707107
    outer loop
      vertex -10.5263 -45.6921 -41.4495
      vertex -30 -41.9073 -37.6646
      vertex -10.7774 -44.8269 -40.5843
    endloop
  endfacet
  facet normal -2.09858e-05 0.707062 -0.707151
    outer loop
      vertex -10.1627 -46.5695 -42.3268
      vertex -30 -41.9073 -37.6646
      vertex -10.5263 -45.6921 -41.4495
    endloop
  endfacet
  facet normal 0 0.707107 -0.707107
    outer loop
      vertex -30 -41.9073 -37.6646
      vertex -10.1627 -46.5695 -42.3268
      vertex -9.93574 -46.9837 -42.741
    endloop
  endfacet
  facet normal 0 0.707105 -0.707108
    outer loop
      vertex 30 -41.9073 -37.6646
      vertex 27.1916 -21.2426 -17
      vertex 30 -21.2426 -17
    endloop
  endfacet
  facet normal 0 0.707107 -0.707107
    outer loop
      vertex 12.9675 -38.7492 -34.5066
      vertex 10.1627 -39.302 -35.0594
      vertex 9.85979 -38.7492 -34.5066
    endloop
  endfacet
  facet normal 1.46852e-05 0.70707 -0.707144
    outer loop
      vertex 12.9675 -38.7492 -34.5066
      vertex 10.5263 -40.1794 -35.9367
      vertex 10.1627 -39.302 -35.0594
    endloop
  endfacet
  facet normal -2.47568e-05 0.707103 -0.70711
    outer loop
      vertex 12.9675 -38.7492 -34.5066
      vertex 10.7886 -41.0833 -36.8406
      vertex 10.5263 -40.1794 -35.9367
    endloop
  endfacet
  facet normal 3.60798e-06 0.707105 -0.707108
    outer loop
      vertex 27.1916 -21.2426 -17
      vertex 30 -41.9073 -37.6646
      vertex 12.9675 -38.7492 -34.5066
    endloop
  endfacet
  facet normal 1.48103e-06 0.7071 -0.707114
    outer loop
      vertex 10.947 -43.8665 -39.6238
      vertex 12.9675 -38.7492 -34.5066
      vertex 30 -41.9073 -37.6646
    endloop
  endfacet
  facet normal -2.74071e-05 0.707104 -0.707109
    outer loop
      vertex 12.9675 -38.7492 -34.5066
      vertex 10.9361 -41.9416 -37.6989
      vertex 10.7886 -41.0833 -36.8406
    endloop
  endfacet
  facet normal -0.00140645 0.707542 -0.70667
    outer loop
      vertex 12.9675 -38.7492 -34.5066
      vertex 10.947 -42.005 -37.7624
      vertex 10.9361 -41.9416 -37.6989
    endloop
  endfacet
  facet normal -1.17464e-13 0.707107 -0.707107
    outer loop
      vertex 12.9675 -38.7492 -34.5066
      vertex 10.9506 -42.068 -37.8254
      vertex 10.947 -42.005 -37.7624
    endloop
  endfacet
  facet normal 2.62501e-15 0.707107 -0.707107
    outer loop
      vertex 12.9675 -38.7492 -34.5066
      vertex 11 -42.9357 -38.6931
      vertex 10.9506 -42.068 -37.8254
    endloop
  endfacet
  facet normal 0.000183942 0.707064 -0.70715
    outer loop
      vertex 12.9675 -38.7492 -34.5066
      vertex 10.947 -43.8665 -39.6238
      vertex 11 -42.9357 -38.6931
    endloop
  endfacet
  facet normal -8.03027e-06 0.707146 -0.707068
    outer loop
      vertex 30 -41.9073 -37.6646
      vertex 10.7886 -44.7882 -40.5456
      vertex 10.947 -43.8665 -39.6238
    endloop
  endfacet
  facet normal 3.84765e-06 0.707106 -0.707107
    outer loop
      vertex 30 -41.9073 -37.6646
      vertex 10.7774 -44.8269 -40.5843
      vertex 10.7886 -44.7882 -40.5456
    endloop
  endfacet
  facet normal 3.84815e-06 0.707106 -0.707107
    outer loop
      vertex 30 -41.9073 -37.6646
      vertex 10.5263 -45.6921 -41.4495
      vertex 10.7774 -44.8269 -40.5843
    endloop
  endfacet
  facet normal 2.09858e-05 0.707062 -0.707151
    outer loop
      vertex 30 -41.9073 -37.6646
      vertex 10.1627 -46.5695 -42.3268
      vertex 10.5263 -45.6921 -41.4495
    endloop
  endfacet
  facet normal 0 0.707107 -0.707107
    outer loop
      vertex 10.1627 -46.5695 -42.3268
      vertex 30 -41.9073 -37.6646
      vertex 9.93574 -46.9837 -42.741
    endloop
  endfacet
  facet normal 0 -0.707108 0.707105
    outer loop
      vertex -30 -37.6646 -41.9073
      vertex -27.1916 -12.7574 -17
      vertex -30 -12.7574 -17
    endloop
  endfacet
  facet normal 2.63089e-07 -0.707108 0.707105
    outer loop
      vertex -27.1916 -12.7574 -17
      vertex -30 -37.6646 -41.9073
      vertex -8.5526 -35.6976 -39.9403
    endloop
  endfacet
  facet normal -1.019e-05 -0.707051 0.707162
    outer loop
      vertex -8.5526 -35.6976 -39.9403
      vertex -30 -37.6646 -41.9073
      vertex -9.14616 -36.3885 -40.6311
    endloop
  endfacet
  facet normal -3.54125e-06 -0.707106 0.707108
    outer loop
      vertex -9.14616 -36.3885 -40.6311
      vertex -30 -37.6646 -41.9073
      vertex -9.69061 -37.1726 -41.4152
    endloop
  endfacet
  facet normal 0.000111473 -0.709475 0.70473
    outer loop
      vertex -9.69061 -37.1726 -41.4152
      vertex -30 -37.6646 -41.9073
      vertex -9.70113 -37.1877 -41.4304
    endloop
  endfacet
  facet normal -0.000106853 -0.704829 0.709377
    outer loop
      vertex -9.70113 -37.1877 -41.4304
      vertex -30 -37.6646 -41.9073
      vertex -9.70976 -37.2035 -41.4461
    endloop
  endfacet
  facet normal -3.52891e-06 -0.707106 0.707108
    outer loop
      vertex -30 -37.6646 -41.9073
      vertex -10.1627 -38.0301 -42.2727
      vertex -9.70976 -37.2035 -41.4461
    endloop
  endfacet
  facet normal -3.53752e-06 -0.707106 0.707108
    outer loop
      vertex -30 -37.6646 -41.9073
      vertex -10.5263 -38.9075 -43.1501
      vertex -10.1627 -38.0301 -42.2727
    endloop
  endfacet
  facet normal -3.56501e-06 -0.707106 0.707107
    outer loop
      vertex -30 -37.6646 -41.9073
      vertex -10.6337 -39.2773 -43.5199
      vertex -10.5263 -38.9075 -43.1501
    endloop
  endfacet
  facet normal 0 0 0
    outer loop
      vertex -10.6337 -39.2773 -43.5199
      vertex -10.5685 -39.2773 -43.5199
      vertex -10.5899 -39.2773 -43.5199
    endloop
  endfacet
  facet normal 0 -0.707107 0.707107
    outer loop
      vertex -1.96625 -44.7574 -49
      vertex -10.5685 -39.2773 -43.5199
      vertex -10.6337 -39.2773 -43.5199
    endloop
  endfacet
  facet normal 0 -0.707107 0.707107
    outer loop
      vertex -10.5685 -39.2773 -43.5199
      vertex -1.96625 -44.7574 -49
      vertex -8.09693 -39.2773 -43.5199
    endloop
  endfacet
  facet normal 0 -0.707107 0.707107
    outer loop
      vertex -8.09693 -39.2773 -43.5199
      vertex -1.96625 -44.7574 -49
      vertex 8.09693 -39.2773 -43.5199
    endloop
  endfacet
  facet normal 0 -0.707107 0.707107
    outer loop
      vertex 1.96625 -44.7574 -49
      vertex 8.09693 -39.2773 -43.5199
      vertex -1.96625 -44.7574 -49
    endloop
  endfacet
  facet normal 0 -0.707107 0.707107
    outer loop
      vertex 8.09693 -39.2773 -43.5199
      vertex 1.96625 -44.7574 -49
      vertex 10.5685 -39.2773 -43.5199
    endloop
  endfacet
  facet normal 0 -0.707107 0.707107
    outer loop
      vertex 10.5685 -39.2773 -43.5199
      vertex 1.96625 -44.7574 -49
      vertex 10.5899 -39.2773 -43.5199
    endloop
  endfacet
  facet normal -4.20504e-06 -0.70711 0.707103
    outer loop
      vertex -1.96625 -44.7574 -49
      vertex -10.6337 -39.2773 -43.5199
      vertex -30 -37.6646 -41.9073
    endloop
  endfacet
  facet normal -2.63089e-07 -0.707108 0.707105
    outer loop
      vertex 30 -37.6646 -41.9073
      vertex 27.1916 -12.7574 -17
      vertex 8.5526 -35.6976 -39.9403
    endloop
  endfacet
  facet normal 1.019e-05 -0.707051 0.707162
    outer loop
      vertex 30 -37.6646 -41.9073
      vertex 8.5526 -35.6976 -39.9403
      vertex 9.14616 -36.3885 -40.6311
    endloop
  endfacet
  facet normal 3.54125e-06 -0.707106 0.707108
    outer loop
      vertex 30 -37.6646 -41.9073
      vertex 9.14616 -36.3885 -40.6311
      vertex 9.69061 -37.1726 -41.4152
    endloop
  endfacet
  facet normal -0.000111473 -0.709475 0.70473
    outer loop
      vertex 30 -37.6646 -41.9073
      vertex 9.69061 -37.1726 -41.4152
      vertex 9.70113 -37.1877 -41.4304
    endloop
  endfacet
  facet normal 0.000106853 -0.704829 0.709377
    outer loop
      vertex 30 -37.6646 -41.9073
      vertex 9.70113 -37.1877 -41.4304
      vertex 9.70976 -37.2035 -41.4461
    endloop
  endfacet
  facet normal 0 -0.707108 0.707105
    outer loop
      vertex 27.1916 -12.7574 -17
      vertex 30 -37.6646 -41.9073
      vertex 30 -12.7574 -17
    endloop
  endfacet
  facet normal 3.52891e-06 -0.707106 0.707108
    outer loop
      vertex 10.1627 -38.0301 -42.2727
      vertex 30 -37.6646 -41.9073
      vertex 9.70976 -37.2035 -41.4461
    endloop
  endfacet
  facet normal 3.53752e-06 -0.707106 0.707108
    outer loop
      vertex 10.5263 -38.9075 -43.1501
      vertex 30 -37.6646 -41.9073
      vertex 10.1627 -38.0301 -42.2727
    endloop
  endfacet
  facet normal 3.56501e-06 -0.707106 0.707107
    outer loop
      vertex 10.6337 -39.2773 -43.5199
      vertex 30 -37.6646 -41.9073
      vertex 10.5263 -38.9075 -43.1501
    endloop
  endfacet
  facet normal 0 -0.707107 0.707107
    outer loop
      vertex 10.5899 -39.2773 -43.5199
      vertex 1.96625 -44.7574 -49
      vertex 10.6337 -39.2773 -43.5199
    endloop
  endfacet
  facet normal 4.20504e-06 -0.70711 0.707103
    outer loop
      vertex 10.6337 -39.2773 -43.5199
      vertex 1.96625 -44.7574 -49
      vertex 30 -37.6646 -41.9073
    endloop
  endfacet
  facet normal -3.02479e-05 0.707123 -0.70709
    outer loop
      vertex 25.6398 -45.8912 -41.6485
      vertex 30 -41.9073 -37.6646
      vertex 30 -44.0432 -39.8006
    endloop
  endfacet
  facet normal 0 0.707107 -0.707107
    outer loop
      vertex 25.6398 -45.8912 -41.6485
      vertex 9.93574 -46.9837 -42.741
      vertex 30 -41.9073 -37.6646
    endloop
  endfacet
  facet normal 0 0.707107 -0.707107
    outer loop
      vertex 25.6398 -45.8912 -41.6485
      vertex 9.71022 -47.3953 -43.1526
      vertex 9.93574 -46.9837 -42.741
    endloop
  endfacet
  facet normal -0.000425486 0.709356 -0.70485
    outer loop
      vertex 25.6398 -45.8912 -41.6485
      vertex 9.70113 -47.4118 -43.1692
      vertex 9.71022 -47.3953 -43.1526
    endloop
  endfacet
  facet normal 4.75109e-06 0.707105 -0.707108
    outer loop
      vertex 25.6398 -45.8912 -41.6485
      vertex 9.69037 -47.4273 -43.1847
      vertex 9.70113 -47.4118 -43.1692
    endloop
  endfacet
  facet normal 4.75116e-06 0.707105 -0.707108
    outer loop
      vertex 9.69037 -47.4273 -43.1847
      vertex 25.6398 -45.8912 -41.6485
      vertex 9.14621 -48.211 -43.9684
    endloop
  endfacet
  facet normal 6.0675e-05 0.707016 -0.707197
    outer loop
      vertex 30 -44.0432 -39.8006
      vertex 30 -44.433 -40.1903
      vertex 25.6398 -45.8912 -41.6485
    endloop
  endfacet
  facet normal -0.336892 0.665772 0.665772
    outer loop
      vertex 25.6398 -41.6485 -45.8912
      vertex 19.4491 -47.4575 -43.2148
      vertex 25.6398 -45.8912 -41.6485
    endloop
  endfacet
  facet normal -0.336892 0.665772 0.665772
    outer loop
      vertex 19.4491 -47.4575 -43.2148
      vertex 25.6398 -41.6485 -45.8912
      vertex 19.4491 -43.2148 -47.4575
    endloop
  endfacet
  facet normal 1.63389e-05 0.707061 -0.707153
    outer loop
      vertex 13.0711 -48.5872 -44.3445
      vertex 8.83736 -48.5705 -44.3279
      vertex 19.4491 -47.4575 -43.2148
    endloop
  endfacet
  facet normal 1.66455e-05 0.7071 -0.707114
    outer loop
      vertex 8.83736 -48.5705 -44.3279
      vertex 13.0711 -48.5872 -44.3445
      vertex 8.55272 -48.9018 -44.6592
    endloop
  endfacet
  facet normal 7.20408e-06 -0.707121 0.707093
    outer loop
      vertex 3.53691 -44.7574 -49
      vertex 19.4491 -43.2148 -47.4575
      vertex 25.6398 -41.6485 -45.8912
    endloop
  endfacet
  facet normal 0 -0.707084 0.70713
    outer loop
      vertex 19.4491 -43.2148 -47.4575
      vertex 3.53691 -44.7574 -49
      vertex 4.74285 -44.7574 -49
    endloop
  endfacet
  facet normal 0.336892 0.665772 0.665772
    outer loop
      vertex -19.4491 -47.4575 -43.2148
      vertex -25.6398 -41.6485 -45.8912
      vertex -25.6398 -45.8912 -41.6485
    endloop
  endfacet
  facet normal 0.336892 0.665772 0.665772
    outer loop
      vertex -25.6398 -41.6485 -45.8912
      vertex -19.4491 -47.4575 -43.2148
      vertex -19.4491 -43.2148 -47.4575
    endloop
  endfacet
  facet normal -1.96575e-05 -0.707162 0.707051
    outer loop
      vertex -7.14311 -44.7574 -49
      vertex -19.4491 -43.2148 -47.4575
      vertex -13.0711 -44.3445 -48.5872
    endloop
  endfacet
  facet normal 0 -0.707084 0.70713
    outer loop
      vertex -19.4491 -43.2148 -47.4575
      vertex -7.14311 -44.7574 -49
      vertex -4.74285 -44.7574 -49
    endloop
  endfacet
  facet normal -9.65395e-06 0.707088 -0.707126
    outer loop
      vertex -9.14621 -48.211 -43.9684
      vertex -19.4491 -47.4575 -43.2148
      vertex -25.6398 -45.8912 -41.6485
    endloop
  endfacet
  facet normal -7.12371e-06 0.707105 -0.707109
    outer loop
      vertex -9.14616 -48.2111 -43.9685
      vertex -19.4491 -47.4575 -43.2148
      vertex -9.14621 -48.211 -43.9684
    endloop
  endfacet
  facet normal -0.000610559 0.702968 -0.711221
    outer loop
      vertex -9.13829 -48.2203 -43.9776
      vertex -19.4491 -47.4575 -43.2148
      vertex -9.14616 -48.2111 -43.9685
    endloop
  endfacet
  facet normal 1.59495e-05 0.707215 -0.706999
    outer loop
      vertex -19.4491 -47.4575 -43.2148
      vertex -9.13829 -48.2203 -43.9776
      vertex -8.83736 -48.5705 -44.3279
    endloop
  endfacet
  facet normal 3.02479e-05 0.707123 -0.70709
    outer loop
      vertex -30 -41.9073 -37.6646
      vertex -25.6398 -45.8912 -41.6485
      vertex -30 -44.0432 -39.8006
    endloop
  endfacet
  facet normal 0 0.707107 -0.707107
    outer loop
      vertex -9.93574 -46.9837 -42.741
      vertex -25.6398 -45.8912 -41.6485
      vertex -30 -41.9073 -37.6646
    endloop
  endfacet
  facet normal 0 0.707107 -0.707107
    outer loop
      vertex -9.71022 -47.3953 -43.1526
      vertex -25.6398 -45.8912 -41.6485
      vertex -9.93574 -46.9837 -42.741
    endloop
  endfacet
  facet normal 0.000425486 0.709356 -0.70485
    outer loop
      vertex -9.70113 -47.4118 -43.1692
      vertex -25.6398 -45.8912 -41.6485
      vertex -9.71022 -47.3953 -43.1526
    endloop
  endfacet
  facet normal -4.75109e-06 0.707105 -0.707108
    outer loop
      vertex -9.69037 -47.4273 -43.1847
      vertex -25.6398 -45.8912 -41.6485
      vertex -9.70113 -47.4118 -43.1692
    endloop
  endfacet
  facet normal -4.75116e-06 0.707105 -0.707108
    outer loop
      vertex -25.6398 -45.8912 -41.6485
      vertex -9.69037 -47.4273 -43.1847
      vertex -9.14621 -48.211 -43.9684
    endloop
  endfacet
  facet normal 0.000107337 0.706448 -0.707765
    outer loop
      vertex 13.0711 -48.5872 -44.3445
      vertex 8.50311 -48.9596 -44.7169
      vertex 8.55272 -48.9018 -44.6592
    endloop
  endfacet
  facet normal 4.93776e-15 0.707107 -0.707107
    outer loop
      vertex 8.50311 -48.9596 -44.7169
      vertex 13.0711 -48.5872 -44.3445
      vertex 8.3772 -49.0795 -44.8368
    endloop
  endfacet
  facet normal -0.146719 0.699709 0.6992
    outer loop
      vertex 13.0711 -48.5872 -44.3445
      vertex 8.50311 -48.9139 -44.9761
      vertex 8.3772 -49.0795 -44.8368
    endloop
  endfacet
  facet normal -0.146743 0.699331 0.699573
    outer loop
      vertex 13.0711 -48.5872 -44.3445
      vertex 8.6467 -48.6816 -45.1782
      vertex 8.50311 -48.9139 -44.9761
    endloop
  endfacet
  facet normal -0.146715 0.699457 0.699453
    outer loop
      vertex 9.13504 -44.7574 -49
      vertex 8.34352 -48.7357 -45.1877
      vertex 8.63052 -48.6845 -45.1787
    endloop
  endfacet
  facet normal -0.146862 0.699457 0.699422
    outer loop
      vertex 8.34352 -48.7357 -45.1877
      vertex 9.13504 -44.7574 -49
      vertex 8.17397 -48.766 -45.193
    endloop
  endfacet
  facet normal -0.146723 0.699454 0.699454
    outer loop
      vertex 13.0711 -44.3445 -48.5872
      vertex 8.6467 -48.6816 -45.1782
      vertex 13.0711 -48.5872 -44.3445
    endloop
  endfacet
  facet normal -0.14673 0.699457 0.69945
    outer loop
      vertex 9.13504 -44.7574 -49
      vertex 8.6467 -48.6816 -45.1782
      vertex 13.0711 -44.3445 -48.5872
    endloop
  endfacet
  facet normal -0.146978 0.699447 0.699408
    outer loop
      vertex 8.6467 -48.6816 -45.1782
      vertex 9.13504 -44.7574 -49
      vertex 8.63052 -48.6845 -45.1787
    endloop
  endfacet
  facet normal -0.146733 0.699455 0.699452
    outer loop
      vertex 8.17397 -48.766 -45.193
      vertex 9.13504 -44.7574 -49
      vertex 7.3903 -48.9057 -45.2177
    endloop
  endfacet
  facet normal -0.146734 0.699455 0.699451
    outer loop
      vertex 6.56715 -45.2961 -49
      vertex 7.3903 -48.9057 -45.2177
      vertex 9.13504 -44.7574 -49
    endloop
  endfacet
  facet normal -0.146666 0.69947 0.699451
    outer loop
      vertex 7.3903 -48.9057 -45.2177
      vertex 6.56715 -45.2961 -49
      vertex 6.56715 -49.0525 -45.2435
    endloop
  endfacet
  facet normal 9.65395e-06 0.707088 -0.707126
    outer loop
      vertex 19.4491 -47.4575 -43.2148
      vertex 9.14621 -48.211 -43.9684
      vertex 25.6398 -45.8912 -41.6485
    endloop
  endfacet
  facet normal 7.12371e-06 0.707105 -0.707109
    outer loop
      vertex 19.4491 -47.4575 -43.2148
      vertex 9.14616 -48.2111 -43.9685
      vertex 9.14621 -48.211 -43.9684
    endloop
  endfacet
  facet normal 0.000610559 0.702968 -0.711221
    outer loop
      vertex 19.4491 -47.4575 -43.2148
      vertex 9.13829 -48.2203 -43.9776
      vertex 9.14616 -48.2111 -43.9685
    endloop
  endfacet
  facet normal -1.59495e-05 0.707215 -0.706999
    outer loop
      vertex 9.13829 -48.2203 -43.9776
      vertex 19.4491 -47.4575 -43.2148
      vertex 8.83736 -48.5705 -44.3279
    endloop
  endfacet
  facet normal 0 -0.707021 0.707192
    outer loop
      vertex 9.13504 -44.7574 -49
      vertex 13.0711 -44.3445 -48.5872
      vertex 7.14311 -44.7574 -49
    endloop
  endfacet
  facet normal 0 -0.707021 0.707192
    outer loop
      vertex -9.13504 -44.7574 -49
      vertex -7.14311 -44.7574 -49
      vertex -13.0711 -44.3445 -48.5872
    endloop
  endfacet
  facet normal -8.21318e-06 -0.707123 0.707091
    outer loop
      vertex -4.74285 -44.7574 -49
      vertex -25.6398 -41.6485 -45.8912
      vertex -19.4491 -43.2148 -47.4575
    endloop
  endfacet
  facet normal 0 -0.707095 0.707118
    outer loop
      vertex -25.6398 -41.6485 -45.8912
      vertex -4.74285 -44.7574 -49
      vertex -3.53691 -44.7574 -49
    endloop
  endfacet
  facet normal -0.000107337 0.706448 -0.707765
    outer loop
      vertex -8.50311 -48.9596 -44.7169
      vertex -13.0711 -48.5872 -44.3445
      vertex -8.55272 -48.9018 -44.6592
    endloop
  endfacet
  facet normal -4.93776e-15 0.707107 -0.707107
    outer loop
      vertex -13.0711 -48.5872 -44.3445
      vertex -8.50311 -48.9596 -44.7169
      vertex -8.3772 -49.0795 -44.8368
    endloop
  endfacet
  facet normal 0.0490614 0.706255 0.706255
    outer loop
      vertex -6.56715 -45.2961 -49
      vertex 0 -49.4404 -45.3119
      vertex 0 -45.7523 -49
    endloop
  endfacet
  facet normal 0.0490726 0.706264 0.706245
    outer loop
      vertex 0 -49.4404 -45.3119
      vertex -6.56715 -45.2961 -49
      vertex -6.56715 -49.0525 -45.2435
    endloop
  endfacet
  facet normal -6.0675e-05 0.707016 -0.707197
    outer loop
      vertex -30 -44.0432 -39.8006
      vertex -25.6398 -45.8912 -41.6485
      vertex -30 -44.433 -40.1903
    endloop
  endfacet
  facet normal 6.0675e-05 -0.707197 0.707016
    outer loop
      vertex 30 -40.1903 -44.433
      vertex 30 -39.8006 -44.0432
      vertex 25.6398 -41.6485 -45.8912
    endloop
  endfacet
  facet normal -0.242985 0.685915 0.685915
    outer loop
      vertex 19.4491 -43.2148 -47.4575
      vertex 13.0711 -48.5872 -44.3445
      vertex 19.4491 -47.4575 -43.2148
    endloop
  endfacet
  facet normal -0.242985 0.685915 0.685915
    outer loop
      vertex 13.0711 -48.5872 -44.3445
      vertex 19.4491 -43.2148 -47.4575
      vertex 13.0711 -44.3445 -48.5872
    endloop
  endfacet
  facet normal 1.17902e-05 -0.70714 0.707073
    outer loop
      vertex 4.74285 -44.7574 -49
      vertex 13.0711 -44.3445 -48.5872
      vertex 19.4491 -43.2148 -47.4575
    endloop
  endfacet
  facet normal 0 -0.707021 0.707192
    outer loop
      vertex 13.0711 -44.3445 -48.5872
      vertex 4.74285 -44.7574 -49
      vertex 7.14311 -44.7574 -49
    endloop
  endfacet
  facet normal -0.0490726 0.706264 0.706245
    outer loop
      vertex 6.56715 -45.2961 -49
      vertex 0 -49.4404 -45.3119
      vertex 6.56715 -49.0525 -45.2435
    endloop
  endfacet
  facet normal -0.0490614 0.706255 0.706255
    outer loop
      vertex 0 -49.4404 -45.3119
      vertex 6.56715 -45.2961 -49
      vertex 0 -45.7523 -49
    endloop
  endfacet
  facet normal 0.242985 0.685915 0.685915
    outer loop
      vertex -13.0711 -48.5872 -44.3445
      vertex -19.4491 -43.2148 -47.4575
      vertex -19.4491 -47.4575 -43.2148
    endloop
  endfacet
  facet normal 0.242985 0.685915 0.685915
    outer loop
      vertex -19.4491 -43.2148 -47.4575
      vertex -13.0711 -48.5872 -44.3445
      vertex -13.0711 -44.3445 -48.5872
    endloop
  endfacet
  facet normal -1.63389e-05 0.707061 -0.707153
    outer loop
      vertex -8.83736 -48.5705 -44.3279
      vertex -13.0711 -48.5872 -44.3445
      vertex -19.4491 -47.4575 -43.2148
    endloop
  endfacet
  facet normal -1.66455e-05 0.7071 -0.707114
    outer loop
      vertex -13.0711 -48.5872 -44.3445
      vertex -8.83736 -48.5705 -44.3279
      vertex -8.55272 -48.9018 -44.6592
    endloop
  endfacet
  facet normal 0.427553 0.639218 0.639218
    outer loop
      vertex -25.6398 -45.8912 -41.6485
      vertex -30 -40.1903 -44.433
      vertex -30 -44.433 -40.1903
    endloop
  endfacet
  facet normal 0.427553 0.639218 0.639218
    outer loop
      vertex -30 -40.1903 -44.433
      vertex -25.6398 -45.8912 -41.6485
      vertex -25.6398 -41.6485 -45.8912
    endloop
  endfacet
  facet normal -0.427553 0.639218 0.639218
    outer loop
      vertex 30 -40.1903 -44.433
      vertex 25.6398 -45.8912 -41.6485
      vertex 30 -44.433 -40.1903
    endloop
  endfacet
  facet normal -0.427553 0.639218 0.639218
    outer loop
      vertex 25.6398 -45.8912 -41.6485
      vertex 30 -40.1903 -44.433
      vertex 25.6398 -41.6485 -45.8912
    endloop
  endfacet
  facet normal -0 0 1
    outer loop
      vertex 7.14311 -44.7574 -49
      vertex 6.56715 -45.2961 -49
      vertex 9.13504 -44.7574 -49
    endloop
  endfacet
  facet normal -0 0 1
    outer loop
      vertex 4.74285 -44.7574 -49
      vertex 6.56715 -45.2961 -49
      vertex 7.14311 -44.7574 -49
    endloop
  endfacet
  facet normal -0 0 1
    outer loop
      vertex 3.53691 -44.7574 -49
      vertex 6.56715 -45.2961 -49
      vertex 4.74285 -44.7574 -49
    endloop
  endfacet
  facet normal 0 0 1
    outer loop
      vertex 0 -45.7523 -49
      vertex 3.53691 -44.7574 -49
      vertex 1.96625 -44.7574 -49
    endloop
  endfacet
  facet normal 0 0 1
    outer loop
      vertex 3.53691 -44.7574 -49
      vertex 0 -45.7523 -49
      vertex 6.56715 -45.2961 -49
    endloop
  endfacet
  facet normal -0 0 1
    outer loop
      vertex -1.96625 -44.7574 -49
      vertex 0 -45.7523 -49
      vertex 1.96625 -44.7574 -49
    endloop
  endfacet
  facet normal -0 0 1
    outer loop
      vertex -3.53691 -44.7574 -49
      vertex 0 -45.7523 -49
      vertex -1.96625 -44.7574 -49
    endloop
  endfacet
  facet normal 0 0 1
    outer loop
      vertex -6.56715 -45.2961 -49
      vertex -3.53691 -44.7574 -49
      vertex -4.74285 -44.7574 -49
    endloop
  endfacet
  facet normal 0 0 1
    outer loop
      vertex -3.53691 -44.7574 -49
      vertex -6.56715 -45.2961 -49
      vertex 0 -45.7523 -49
    endloop
  endfacet
  facet normal -0 0 1
    outer loop
      vertex -7.14311 -44.7574 -49
      vertex -6.56715 -45.2961 -49
      vertex -4.74285 -44.7574 -49
    endloop
  endfacet
  facet normal 0 0 1
    outer loop
      vertex -6.56715 -45.2961 -49
      vertex -7.14311 -44.7574 -49
      vertex -9.13504 -44.7574 -49
    endloop
  endfacet
  facet normal -0.77603 0.000742167 0.630696
    outer loop
      vertex 2 -32 -48.005
      vertex 6.49895 -33.3106 -42.4678
      vertex 6.50345 -33.2792 -42.4623
    endloop
  endfacet
  facet normal -0.776136 -0.000172462 0.630566
    outer loop
      vertex 2 -32 -48.005
      vertex 6.48662 -33.3967 -42.483
      vertex 6.49895 -33.3106 -42.4678
    endloop
  endfacet
  facet normal -0.776118 -3.02072e-05 0.630588
    outer loop
      vertex 2 -32 -48.005
      vertex 6.45153 -33.6417 -42.5262
      vertex 6.48662 -33.3967 -42.483
    endloop
  endfacet
  facet normal -0.776115 -1.01662e-05 0.630591
    outer loop
      vertex 6.45153 -33.6417 -42.5262
      vertex 2 -32 -48.005
      vertex 6.307 -34.6505 -42.7041
    endloop
  endfacet
  facet normal -0.776114 0 0.630593
    outer loop
      vertex 2 -28 -48.005
      vertex 27.1916 -12.7574 -17
      vertex 27.1916 -12.4975 -17
    endloop
  endfacet
  facet normal -0.776114 0 0.630593
    outer loop
      vertex 6.50345 -33.2792 -42.4623
      vertex 2 -28 -48.005
      vertex 2 -32 -48.005
    endloop
  endfacet
  facet normal -0.776114 4.40023e-08 0.630593
    outer loop
      vertex 2 -28 -48.005
      vertex 6.50345 -33.2792 -42.4623
      vertex 27.1916 -12.7574 -17
    endloop
  endfacet
  facet normal -0.776122 2.24622e-05 0.630582
    outer loop
      vertex 6.97833 -33.7399 -41.8778
      vertex 27.1916 -12.7574 -17
      vertex 6.50345 -33.2792 -42.4623
    endloop
  endfacet
  facet normal -0.776111 -5.67587e-06 0.630597
    outer loop
      vertex 7.77817 -34.6496 -40.8934
      vertex 27.1916 -12.7574 -17
      vertex 6.97833 -33.7399 -41.8778
    endloop
  endfacet
  facet normal -0.776108 -1.12544e-05 0.6306
    outer loop
      vertex 8.50311 -35.6191 -40.0012
      vertex 27.1916 -12.7574 -17
      vertex 7.77817 -34.6496 -40.8934
    endloop
  endfacet
  facet normal -0.77609 -4.86221e-05 0.630622
    outer loop
      vertex 27.1916 -12.7574 -17
      vertex 8.50311 -35.6191 -40.0012
      vertex 8.5526 -35.6976 -39.9403
    endloop
  endfacet
  facet normal -0.776026 0.000444038 0.630701
    outer loop
      vertex 12.9675 -38.7492 -34.5066
      vertex 20.1242 -42.4057 -25.6983
      vertex 20.1325 -42.388 -25.6881
    endloop
  endfacet
  facet normal -0.776152 -0.000179114 0.630546
    outer loop
      vertex 12.9675 -38.7492 -34.5066
      vertex 20.0836 -42.4922 -25.7483
      vertex 20.1242 -42.4057 -25.6983
    endloop
  endfacet
  facet normal -0.776131 -7.87966e-05 0.630571
    outer loop
      vertex 12.9675 -38.7492 -34.5066
      vertex 20.0148 -42.6389 -25.833
      vertex 20.0836 -42.4922 -25.7483
    endloop
  endfacet
  facet normal -0.776092 9.99374e-05 0.63062
    outer loop
      vertex 20.0148 -42.6389 -25.833
      vertex 12.9675 -38.7492 -34.5066
      vertex 19.852 -42.9859 -26.0333
    endloop
  endfacet
  facet normal -0.776115 1.55465e-06 0.630591
    outer loop
      vertex 20.1325 -42.388 -25.6881
      vertex 27.1916 -21.2426 -17
      vertex 12.9675 -38.7492 -34.5066
    endloop
  endfacet
  facet normal -0.776109 1.5454e-05 0.630599
    outer loop
      vertex 27.1916 -47.5025 -17
      vertex 20.1325 -42.388 -25.6881
      vertex 20.4111 -42.9409 -25.3452
    endloop
  endfacet
  facet normal -0.776078 0.000130971 0.630637
    outer loop
      vertex 27.1916 -47.5025 -17
      vertex 20.4111 -42.9409 -25.3452
      vertex 20.6465 -43.4748 -25.0554
    endloop
  endfacet
  facet normal -0.776113 0 0.630594
    outer loop
      vertex 20.1325 -42.388 -25.6881
      vertex 27.1916 -47.5025 -17
      vertex 27.1916 -21.2426 -17
    endloop
  endfacet
  facet normal 0 0 -1
    outer loop
      vertex -12.9798 -47.1802 -15.995
      vertex -11 -46.938 -15.995
      vertex -10.9486 -48 -15.995
    endloop
  endfacet
  facet normal 0 0 -1
    outer loop
      vertex -11 -46.938 -15.995
      vertex -11.6344 -40.9028 -15.995
      vertex -11.465 -40.539 -15.995
    endloop
  endfacet
  facet normal 0 0 -1
    outer loop
      vertex -11 -46.938 -15.995
      vertex -12.0104 -41.7101 -15.995
      vertex -11.6344 -40.9028 -15.995
    endloop
  endfacet
  facet normal 0 0 -1
    outer loop
      vertex -11 -46.938 -15.995
      vertex -12.3053 -42.5468 -15.995
      vertex -12.0104 -41.7101 -15.995
    endloop
  endfacet
  facet normal 0 -0 -1
    outer loop
      vertex -12.4402 -42.9298 -15.995
      vertex -11 -46.938 -15.995
      vertex -12.5381 -43.3264 -15.995
    endloop
  endfacet
  facet normal 0 0 -1
    outer loop
      vertex -11 -46.938 -15.995
      vertex -12.4402 -42.9298 -15.995
      vertex -12.3053 -42.5468 -15.995
    endloop
  endfacet
  facet normal 0 0 -1
    outer loop
      vertex -11 -46.938 -15.995
      vertex -12.7502 -44.1864 -15.995
      vertex -12.5381 -43.3264 -15.995
    endloop
  endfacet
  facet normal 0 0 -1
    outer loop
      vertex -11 -46.938 -15.995
      vertex -12.9374 -45.4678 -15.995
      vertex -12.7502 -44.1864 -15.995
    endloop
  endfacet
  facet normal 0 0 -1
    outer loop
      vertex -12.9798 -47.1802 -15.995
      vertex -10.9486 -48 -15.995
      vertex -12.9401 -48 -15.995
    endloop
  endfacet
  facet normal -0 0 -1
    outer loop
      vertex -11 -46.938 -15.995
      vertex -12.9798 -47.1802 -15.995
      vertex -13 -46.7617 -15.995
    endloop
  endfacet
  facet normal 0 0 -1
    outer loop
      vertex -11 -46.938 -15.995
      vertex -13 -46.7617 -15.995
      vertex -12.9374 -45.4678 -15.995
    endloop
  endfacet
  facet normal 0 0 -1
    outer loop
      vertex 20.1448 -48 -15.995
      vertex 22.4832 -47.6933 -15.995
      vertex 22.6424 -48 -15.995
    endloop
  endfacet
  facet normal -0 0 -1
    outer loop
      vertex 22.4832 -47.6933 -15.995
      vertex 20.1448 -48 -15.995
      vertex 21.9571 -46.8742 -15.995
    endloop
  endfacet
  facet normal -0 0 -1
    outer loop
      vertex 21.9571 -46.8742 -15.995
      vertex 20.1448 -48 -15.995
      vertex 21.8932 -46.7927 -15.995
    endloop
  endfacet
  facet normal 0 0 -1
    outer loop
      vertex 19.9497 -47.7515 -15.995
      vertex 21.8932 -46.7927 -15.995
      vertex 20.1448 -48 -15.995
    endloop
  endfacet
  facet normal -0 0 -1
    outer loop
      vertex 21.8932 -46.7927 -15.995
      vertex 19.9497 -47.7515 -15.995
      vertex 21.364 -46.1185 -15.995
    endloop
  endfacet
  facet normal 0 0 -1
    outer loop
      vertex 19.4408 -47.2188 -15.995
      vertex 21.364 -46.1185 -15.995
      vertex 19.9497 -47.7515 -15.995
    endloop
  endfacet
  facet normal -0 0 -1
    outer loop
      vertex 21.364 -46.1185 -15.995
      vertex 19.4408 -47.2188 -15.995
      vertex 20.7719 -45.4989 -15.995
    endloop
  endfacet
  facet normal 0 -0 -1
    outer loop
      vertex 20.6427 -45.3764 -15.995
      vertex 20.7719 -45.4989 -15.995
      vertex 19.4408 -47.2188 -15.995
    endloop
  endfacet
  facet normal 0 0 -1
    outer loop
      vertex 20.7719 -45.4989 -15.995
      vertex 20.6427 -45.3764 -15.995
      vertex 20.7095 -45.4336 -15.995
    endloop
  endfacet
  facet normal 0 0 -1
    outer loop
      vertex 18.889 -46.7463 -15.995
      vertex 20.6427 -45.3764 -15.995
      vertex 19.4408 -47.2188 -15.995
    endloop
  endfacet
  facet normal -0 0 -1
    outer loop
      vertex 20.6427 -45.3764 -15.995
      vertex 18.889 -46.7463 -15.995
      vertex 20.0001 -44.8261 -15.995
    endloop
  endfacet
  facet normal 0 0 -1
    outer loop
      vertex 18.7888 -46.677 -15.995
      vertex 20.0001 -44.8261 -15.995
      vertex 18.889 -46.7463 -15.995
    endloop
  endfacet
  facet normal 0 0 -1
    outer loop
      vertex 18.2998 -46.3385 -15.995
      vertex 20.0001 -44.8261 -15.995
      vertex 18.7888 -46.677 -15.995
    endloop
  endfacet
  facet normal -0 0 -1
    outer loop
      vertex 20.0001 -44.8261 -15.995
      vertex 18.2998 -46.3385 -15.995
      vertex 19.3064 -44.346 -15.995
    endloop
  endfacet
  facet normal -0 0 -1
    outer loop
      vertex 19.3064 -44.346 -15.995
      vertex 18.2998 -46.3385 -15.995
      vertex 19.2426 -44.3018 -15.995
    endloop
  endfacet
  facet normal 0 0 -1
    outer loop
      vertex 17.7812 -46.0553 -15.995
      vertex 19.2426 -44.3018 -15.995
      vertex 18.2998 -46.3385 -15.995
    endloop
  endfacet
  facet normal -0 0 -1
    outer loop
      vertex 19.2426 -44.3018 -15.995
      vertex 17.7812 -46.0553 -15.995
      vertex 18.4441 -43.8657 -15.995
    endloop
  endfacet
  facet normal 0 0 -1
    outer loop
      vertex 17.6788 -45.9994 -15.995
      vertex 18.4441 -43.8657 -15.995
      vertex 17.7812 -46.0553 -15.995
    endloop
  endfacet
  facet normal 0 0 -1
    outer loop
      vertex 17.032 -45.7321 -15.995
      vertex 18.4441 -43.8657 -15.995
      vertex 17.6788 -45.9994 -15.995
    endloop
  endfacet
  facet normal -0 0 -1
    outer loop
      vertex 18.4441 -43.8657 -15.995
      vertex 17.032 -45.7321 -15.995
      vertex 17.6763 -43.5485 -15.995
    endloop
  endfacet
  facet normal 0 -0 -1
    outer loop
      vertex 17.5473 -43.5033 -15.995
      vertex 17.6763 -43.5485 -15.995
      vertex 17.032 -45.7321 -15.995
    endloop
  endfacet
  facet normal 0 0 -1
    outer loop
      vertex 17.6763 -43.5485 -15.995
      vertex 17.5473 -43.5033 -15.995
      vertex 17.6126 -43.5222 -15.995
    endloop
  endfacet
  facet normal 0 0 -1
    outer loop
      vertex 16.3656 -45.5394 -15.995
      vertex 17.5473 -43.5033 -15.995
      vertex 17.032 -45.7321 -15.995
    endloop
  endfacet
  facet normal -0 0 -1
    outer loop
      vertex 17.5473 -43.5033 -15.995
      vertex 16.3656 -45.5394 -15.995
      vertex 16.7558 -43.2744 -15.995
    endloop
  endfacet
  facet normal 0 0 -1
    outer loop
      vertex 15.6861 -45.423 -15.995
      vertex 16.7558 -43.2744 -15.995
      vertex 16.3656 -45.5394 -15.995
    endloop
  endfacet
  facet normal -0 0 -1
    outer loop
      vertex 16.7558 -43.2744 -15.995
      vertex 15.6861 -45.423 -15.995
      vertex 15.8822 -43.1247 -15.995
    endloop
  endfacet
  facet normal -0 0 -1
    outer loop
      vertex 15.8822 -43.1247 -15.995
      vertex 15.6861 -45.423 -15.995
      vertex 15.8182 -43.1211 -15.995
    endloop
  endfacet
  facet normal 0 0 -1
    outer loop
      vertex 15 -45.3841 -15.995
      vertex 15.8182 -43.1211 -15.995
      vertex 15.6861 -45.423 -15.995
    endloop
  endfacet
  facet normal 0 0 -1
    outer loop
      vertex 15 -45.3841 -15.995
      vertex 15 -43.0747 -15.995
      vertex 15.8182 -43.1211 -15.995
    endloop
  endfacet
  facet normal 0 0 -1
    outer loop
      vertex 14.1818 -43.1211 -15.995
      vertex 15 -45.3841 -15.995
      vertex 14.3139 -45.423 -15.995
    endloop
  endfacet
  facet normal 0 0 -1
    outer loop
      vertex 15 -45.3841 -15.995
      vertex 14.1818 -43.1211 -15.995
      vertex 15 -43.0747 -15.995
    endloop
  endfacet
  facet normal 0 0 -1
    outer loop
      vertex 14.3139 -45.423 -15.995
      vertex 14.1178 -43.1247 -15.995
      vertex 14.1818 -43.1211 -15.995
    endloop
  endfacet
  facet normal 0 0 -1
    outer loop
      vertex 13.2442 -43.2744 -15.995
      vertex 14.3139 -45.423 -15.995
      vertex 13.6344 -45.5394 -15.995
    endloop
  endfacet
  facet normal 0 0 -1
    outer loop
      vertex 14.3139 -45.423 -15.995
      vertex 13.2442 -43.2744 -15.995
      vertex 14.1178 -43.1247 -15.995
    endloop
  endfacet
  facet normal 0 0 -1
    outer loop
      vertex 12.5731 -43.4685 -15.995
      vertex 13.6344 -45.5394 -15.995
      vertex 12.968 -45.7321 -15.995
    endloop
  endfacet
  facet normal 0 0 -1
    outer loop
      vertex 13.6344 -45.5394 -15.995
      vertex 12.5731 -43.4685 -15.995
      vertex 13.2442 -43.2744 -15.995
    endloop
  endfacet
  facet normal 0 0 -1
    outer loop
      vertex 12.3212 -45.9994 -15.995
      vertex 12.5731 -43.4685 -15.995
      vertex 12.968 -45.7321 -15.995
    endloop
  endfacet
  facet normal 0 0 -1
    outer loop
      vertex 10.5263 -43.6956 -15.995
      vertex 12.5731 -43.4685 -15.995
      vertex 10.7886 -44.7589 -15.995
    endloop
  endfacet
  facet normal 0 0 -1
    outer loop
      vertex 12.5731 -43.4685 -15.995
      vertex 12.3212 -45.9994 -15.995
      vertex 10.7886 -44.7589 -15.995
    endloop
  endfacet
  facet normal -0 0 -1
    outer loop
      vertex 12.5731 -43.4685 -15.995
      vertex 10.5263 -43.6956 -15.995
      vertex 12.5381 -43.3264 -15.995
    endloop
  endfacet
  facet normal 0 0 -1
    outer loop
      vertex 10.8974 -45.5036 -15.995
      vertex 12.3212 -45.9994 -15.995
      vertex 12.2188 -46.0553 -15.995
    endloop
  endfacet
  facet normal -0 0 -1
    outer loop
      vertex 12.5381 -43.3264 -15.995
      vertex 10.5263 -43.6956 -15.995
      vertex 12.4402 -42.9298 -15.995
    endloop
  endfacet
  facet normal 0 0 -1
    outer loop
      vertex 10.947 -45.8432 -15.995
      vertex 12.2188 -46.0553 -15.995
      vertex 11.7002 -46.3385 -15.995
    endloop
  endfacet
  facet normal -0 0 -1
    outer loop
      vertex 12.4402 -42.9298 -15.995
      vertex 10.5263 -43.6956 -15.995
      vertex 12.3053 -42.5468 -15.995
    endloop
  endfacet
  facet normal 0 0 -1
    outer loop
      vertex 10.1627 -42.6636 -15.995
      vertex 12.3053 -42.5468 -15.995
      vertex 10.5263 -43.6956 -15.995
    endloop
  endfacet
  facet normal 0 0 -1
    outer loop
      vertex 10.9637 -46.1876 -15.995
      vertex 11.7002 -46.3385 -15.995
      vertex 11.2112 -46.677 -15.995
    endloop
  endfacet
  facet normal 0 0 -1
    outer loop
      vertex 10.9637 -46.1876 -15.995
      vertex 11.2112 -46.677 -15.995
      vertex 11.111 -46.7463 -15.995
    endloop
  endfacet
  facet normal 0 0 -1
    outer loop
      vertex 10.9637 -46.1876 -15.995
      vertex 11.111 -46.7463 -15.995
      vertex 10.9955 -46.8452 -15.995
    endloop
  endfacet
  facet normal 0 0 -1
    outer loop
      vertex 11.7002 -46.3385 -15.995
      vertex 10.9637 -46.1876 -15.995
      vertex 10.947 -45.8432 -15.995
    endloop
  endfacet
  facet normal 0 0 -1
    outer loop
      vertex 12.2188 -46.0553 -15.995
      vertex 10.947 -45.8432 -15.995
      vertex 10.8974 -45.5036 -15.995
    endloop
  endfacet
  facet normal 0 0 -1
    outer loop
      vertex 12.3212 -45.9994 -15.995
      vertex 10.8974 -45.5036 -15.995
      vertex 10.7886 -44.7589 -15.995
    endloop
  endfacet
  facet normal -0 0 -1
    outer loop
      vertex 12.3053 -42.5468 -15.995
      vertex 10.1627 -42.6636 -15.995
      vertex 12.0104 -41.7101 -15.995
    endloop
  endfacet
  facet normal 0 0 -1
    outer loop
      vertex 9.84255 -41.9763 -15.995
      vertex 12.0104 -41.7101 -15.995
      vertex 10.1627 -42.6636 -15.995
    endloop
  endfacet
  facet normal -0 0 -1
    outer loop
      vertex 12.0104 -41.7101 -15.995
      vertex 9.84255 -41.9763 -15.995
      vertex 11.6344 -40.9028 -15.995
    endloop
  endfacet
  facet normal 0 0 -1
    outer loop
      vertex 9.70113 -41.6727 -15.995
      vertex 11.6344 -40.9028 -15.995
      vertex 9.84255 -41.9763 -15.995
    endloop
  endfacet
  facet normal -0 0 -1
    outer loop
      vertex 11.6344 -40.9028 -15.995
      vertex 9.70113 -41.6727 -15.995
      vertex 11.465 -40.539 -15.995
    endloop
  endfacet
  facet normal 0 0 -1
    outer loop
      vertex 9.53173 -41.3857 -15.995
      vertex 11.465 -40.539 -15.995
      vertex 9.70113 -41.6727 -15.995
    endloop
  endfacet
  facet normal 0 0 -1
    outer loop
      vertex 9.14616 -40.7325 -15.995
      vertex 11.465 -40.539 -15.995
      vertex 9.53173 -41.3857 -15.995
    endloop
  endfacet
  facet normal -0 0 -1
    outer loop
      vertex 11.465 -40.539 -15.995
      vertex 9.14616 -40.7325 -15.995
      vertex 10.8091 -39.4279 -15.995
    endloop
  endfacet
  facet normal 0 0 -1
    outer loop
      vertex 8.50311 -39.8521 -15.995
      vertex 10.8091 -39.4279 -15.995
      vertex 9.14616 -40.7325 -15.995
    endloop
  endfacet
  facet normal -0 0 -1
    outer loop
      vertex 10.8091 -39.4279 -15.995
      vertex 8.50311 -39.8521 -15.995
      vertex 10.0491 -38.3874 -15.995
    endloop
  endfacet
  facet normal -0 0 -1
    outer loop
      vertex 10.0491 -38.3874 -15.995
      vertex 8.50311 -39.8521 -15.995
      vertex 9.78791 -38.0947 -15.995
    endloop
  endfacet
  facet normal 0 0 -1
    outer loop
      vertex 7.77817 -39.0399 -15.995
      vertex 9.78791 -38.0947 -15.995
      vertex 8.50311 -39.8521 -15.995
    endloop
  endfacet
  facet normal -0 0 -1
    outer loop
      vertex 9.78791 -38.0947 -15.995
      vertex 7.77817 -39.0399 -15.995
      vertex 9.19239 -37.4275 -15.995
    endloop
  endfacet
  facet normal 0 0 -1
    outer loop
      vertex 6.97833 -38.3037 -15.995
      vertex 9.19239 -37.4275 -15.995
      vertex 7.77817 -39.0399 -15.995
    endloop
  endfacet
  facet normal -0 0 -1
    outer loop
      vertex 9.19239 -37.4275 -15.995
      vertex 6.97833 -38.3037 -15.995
      vertex 8.24711 -36.5575 -15.995
    endloop
  endfacet
  facet normal 0 0 -1
    outer loop
      vertex 6.37002 -37.8456 -15.995
      vertex 8.24711 -36.5575 -15.995
      vertex 6.97833 -38.3037 -15.995
    endloop
  endfacet
  facet normal -0 0 -1
    outer loop
      vertex 8.24711 -36.5575 -15.995
      vertex 6.37002 -37.8456 -15.995
      vertex 7.22241 -35.7859 -15.995
    endloop
  endfacet
  facet normal 0 0 -1
    outer loop
      vertex 6.11127 -37.6508 -15.995
      vertex 7.22241 -35.7859 -15.995
      vertex 6.37002 -37.8456 -15.995
    endloop
  endfacet
  facet normal 0 0 -1
    outer loop
      vertex 5.83561 -37.483 -15.995
      vertex 7.22241 -35.7859 -15.995
      vertex 6.11127 -37.6508 -15.995
    endloop
  endfacet
  facet normal -0 0 -1
    outer loop
      vertex 7.22241 -35.7859 -15.995
      vertex 5.83561 -37.483 -15.995
      vertex 6.45559 -35.3192 -15.995
    endloop
  endfacet
  facet normal 0 0 -1
    outer loop
      vertex 5.18536 -37.0872 -15.995
      vertex 6.45559 -35.3192 -15.995
      vertex 5.83561 -37.483 -15.995
    endloop
  endfacet
  facet normal -0 0 -1
    outer loop
      vertex 6.45559 -35.3192 -15.995
      vertex 5.18536 -37.0872 -15.995
      vertex 6.12816 -35.1199 -15.995
    endloop
  endfacet
  facet normal -0 0 -1
    outer loop
      vertex 6.12816 -35.1199 -15.995
      vertex 5.18536 -37.0872 -15.995
      vertex 5.78392 -34.9545 -15.995
    endloop
  endfacet
  facet normal 0 0 -1
    outer loop
      vertex 4.20952 -36.6186 -15.995
      vertex 5.78392 -34.9545 -15.995
      vertex 5.18536 -37.0872 -15.995
    endloop
  endfacet
  facet normal -0 0 -1
    outer loop
      vertex 5.78392 -34.9545 -15.995
      vertex 4.20952 -36.6186 -15.995
      vertex 4.97488 -34.566 -15.995
    endloop
  endfacet
  facet normal 0 0 -1
    outer loop
      vertex 4.20952 -36.6186 -15.995
      vertex 4.13053 -34.2592 -15.995
      vertex 4.97488 -34.566 -15.995
    endloop
  endfacet
  facet normal 0 0 -1
    outer loop
      vertex 3.19313 -36.2493 -15.995
      vertex 4.13053 -34.2592 -15.995
      vertex 4.20952 -36.6186 -15.995
    endloop
  endfacet
  facet normal -0 0 -1
    outer loop
      vertex 4.13053 -34.2592 -15.995
      vertex 3.19313 -36.2493 -15.995
      vertex 3.7737 -34.1296 -15.995
    endloop
  endfacet
  facet normal 0 0 -1
    outer loop
      vertex 2.14599 -35.983 -15.995
      vertex 3.7737 -34.1296 -15.995
      vertex 3.19313 -36.2493 -15.995
    endloop
  endfacet
  facet normal -0 0 -1
    outer loop
      vertex 3.7737 -34.1296 -15.995
      vertex 2.14599 -35.983 -15.995
      vertex 2.53617 -33.8148 -15.995
    endloop
  endfacet
  facet normal -0 0 -1
    outer loop
      vertex 2.53617 -33.8148 -15.995
      vertex 2.14599 -35.983 -15.995
      vertex 2.16258 -33.7585 -15.995
    endloop
  endfacet
  facet normal 0 0 -1
    outer loop
      vertex 1.07819 -35.8221 -15.995
      vertex 2.16258 -33.7585 -15.995
      vertex 2.14599 -35.983 -15.995
    endloop
  endfacet
  facet normal -0 0 -1
    outer loop
      vertex 2.16258 -33.7585 -15.995
      vertex 1.07819 -35.8221 -15.995
      vertex 1.27422 -33.6247 -15.995
    endloop
  endfacet
  facet normal 0 0 -1
    outer loop
      vertex 1.07819 -35.8221 -15.995
      vertex 0.376759 -33.58 -15.995
      vertex 1.27422 -33.6247 -15.995
    endloop
  endfacet
  facet normal 0 0 -1
    outer loop
      vertex 0 -35.7683 -15.995
      vertex 0.376759 -33.58 -15.995
      vertex 1.07819 -35.8221 -15.995
    endloop
  endfacet
  facet normal 0 0 -1
    outer loop
      vertex 0 -35.7683 -15.995
      vertex 0 -33.5612 -15.995
      vertex 0.376759 -33.58 -15.995
    endloop
  endfacet
  facet normal 0 0 -1
    outer loop
      vertex 0 -35.7683 -15.995
      vertex -0.376759 -33.58 -15.995
      vertex 0 -33.5612 -15.995
    endloop
  endfacet
  facet normal 0 0 -1
    outer loop
      vertex -1.07819 -35.8221 -15.995
      vertex -0.376759 -33.58 -15.995
      vertex 0 -35.7683 -15.995
    endloop
  endfacet
  facet normal 0 0 -1
    outer loop
      vertex -1.07819 -35.8221 -15.995
      vertex -1.27422 -33.6247 -15.995
      vertex -0.376759 -33.58 -15.995
    endloop
  endfacet
  facet normal 0 0 -1
    outer loop
      vertex -2.16258 -33.7585 -15.995
      vertex -1.07819 -35.8221 -15.995
      vertex -2.14599 -35.983 -15.995
    endloop
  endfacet
  facet normal 0 0 -1
    outer loop
      vertex -1.07819 -35.8221 -15.995
      vertex -2.16258 -33.7585 -15.995
      vertex -1.27422 -33.6247 -15.995
    endloop
  endfacet
  facet normal 0 0 -1
    outer loop
      vertex -2.14599 -35.983 -15.995
      vertex -2.53617 -33.8148 -15.995
      vertex -2.16258 -33.7585 -15.995
    endloop
  endfacet
  facet normal 0 0 -1
    outer loop
      vertex -3.7737 -34.1296 -15.995
      vertex -2.14599 -35.983 -15.995
      vertex -3.19313 -36.2493 -15.995
    endloop
  endfacet
  facet normal 0 0 -1
    outer loop
      vertex -2.14599 -35.983 -15.995
      vertex -3.7737 -34.1296 -15.995
      vertex -2.53617 -33.8148 -15.995
    endloop
  endfacet
  facet normal 0 0 -1
    outer loop
      vertex -3.19313 -36.2493 -15.995
      vertex -4.13053 -34.2592 -15.995
      vertex -3.7737 -34.1296 -15.995
    endloop
  endfacet
  facet normal 0 0 -1
    outer loop
      vertex -4.20952 -36.6186 -15.995
      vertex -4.13053 -34.2592 -15.995
      vertex -3.19313 -36.2493 -15.995
    endloop
  endfacet
  facet normal 0 0 -1
    outer loop
      vertex -4.20952 -36.6186 -15.995
      vertex -4.97488 -34.566 -15.995
      vertex -4.13053 -34.2592 -15.995
    endloop
  endfacet
  facet normal 0 0 -1
    outer loop
      vertex -5.78392 -34.9545 -15.995
      vertex -4.20952 -36.6186 -15.995
      vertex -5.18536 -37.0872 -15.995
    endloop
  endfacet
  facet normal 0 0 -1
    outer loop
      vertex -4.20952 -36.6186 -15.995
      vertex -5.78392 -34.9545 -15.995
      vertex -4.97488 -34.566 -15.995
    endloop
  endfacet
  facet normal 0 0 -1
    outer loop
      vertex -6.45559 -35.3192 -15.995
      vertex -5.18536 -37.0872 -15.995
      vertex -5.83561 -37.483 -15.995
    endloop
  endfacet
  facet normal 0 0 -1
    outer loop
      vertex -7.22241 -35.7859 -15.995
      vertex -5.83561 -37.483 -15.995
      vertex -6.11127 -37.6508 -15.995
    endloop
  endfacet
  facet normal 0 0 -1
    outer loop
      vertex -5.18536 -37.0872 -15.995
      vertex -6.12816 -35.1199 -15.995
      vertex -5.78392 -34.9545 -15.995
    endloop
  endfacet
  facet normal 0 0 -1
    outer loop
      vertex -7.22241 -35.7859 -15.995
      vertex -6.11127 -37.6508 -15.995
      vertex -6.37002 -37.8456 -15.995
    endloop
  endfacet
  facet normal 0 0 -1
    outer loop
      vertex -5.18536 -37.0872 -15.995
      vertex -6.45559 -35.3192 -15.995
      vertex -6.12816 -35.1199 -15.995
    endloop
  endfacet
  facet normal 0 0 -1
    outer loop
      vertex -8.24711 -36.5575 -15.995
      vertex -6.37002 -37.8456 -15.995
      vertex -6.97833 -38.3037 -15.995
    endloop
  endfacet
  facet normal 0 0 -1
    outer loop
      vertex -5.83561 -37.483 -15.995
      vertex -7.22241 -35.7859 -15.995
      vertex -6.45559 -35.3192 -15.995
    endloop
  endfacet
  facet normal 0 0 -1
    outer loop
      vertex -9.19239 -37.4275 -15.995
      vertex -6.97833 -38.3037 -15.995
      vertex -7.77817 -39.0399 -15.995
    endloop
  endfacet
  facet normal 0 0 -1
    outer loop
      vertex -6.37002 -37.8456 -15.995
      vertex -8.24711 -36.5575 -15.995
      vertex -7.22241 -35.7859 -15.995
    endloop
  endfacet
  facet normal 0 0 -1
    outer loop
      vertex -9.78791 -38.0947 -15.995
      vertex -7.77817 -39.0399 -15.995
      vertex -8.50311 -39.8521 -15.995
    endloop
  endfacet
  facet normal 0 0 -1
    outer loop
      vertex -10.8091 -39.4279 -15.995
      vertex -8.50311 -39.8521 -15.995
      vertex -9.14616 -40.7325 -15.995
    endloop
  endfacet
  facet normal 0 0 -1
    outer loop
      vertex -6.97833 -38.3037 -15.995
      vertex -9.19239 -37.4275 -15.995
      vertex -8.24711 -36.5575 -15.995
    endloop
  endfacet
  facet normal 0 0 -1
    outer loop
      vertex -11.465 -40.539 -15.995
      vertex -9.14616 -40.7325 -15.995
      vertex -9.53173 -41.3857 -15.995
    endloop
  endfacet
  facet normal 0 0 -1
    outer loop
      vertex -11.465 -40.539 -15.995
      vertex -9.53173 -41.3857 -15.995
      vertex -9.70113 -41.6727 -15.995
    endloop
  endfacet
  facet normal 0 0 -1
    outer loop
      vertex -7.77817 -39.0399 -15.995
      vertex -9.78791 -38.0947 -15.995
      vertex -9.19239 -37.4275 -15.995
    endloop
  endfacet
  facet normal 0 0 -1
    outer loop
      vertex -11.465 -40.539 -15.995
      vertex -9.70113 -41.6727 -15.995
      vertex -9.84255 -41.9763 -15.995
    endloop
  endfacet
  facet normal 0 0 -1
    outer loop
      vertex -8.50311 -39.8521 -15.995
      vertex -10.0491 -38.3874 -15.995
      vertex -9.78791 -38.0947 -15.995
    endloop
  endfacet
  facet normal 0 0 -1
    outer loop
      vertex -11.465 -40.539 -15.995
      vertex -9.84255 -41.9763 -15.995
      vertex -10.1627 -42.6636 -15.995
    endloop
  endfacet
  facet normal 0 0 -1
    outer loop
      vertex -11.465 -40.539 -15.995
      vertex -10.1627 -42.6636 -15.995
      vertex -10.5263 -43.6956 -15.995
    endloop
  endfacet
  facet normal 0 0 -1
    outer loop
      vertex -11.465 -40.539 -15.995
      vertex -10.5263 -43.6956 -15.995
      vertex -10.7886 -44.7589 -15.995
    endloop
  endfacet
  facet normal 0 0 -1
    outer loop
      vertex -8.50311 -39.8521 -15.995
      vertex -10.8091 -39.4279 -15.995
      vertex -10.0491 -38.3874 -15.995
    endloop
  endfacet
  facet normal 0 0 -1
    outer loop
      vertex -11.465 -40.539 -15.995
      vertex -10.7886 -44.7589 -15.995
      vertex -10.8974 -45.5036 -15.995
    endloop
  endfacet
  facet normal 0 0 -1
    outer loop
      vertex -11.465 -40.539 -15.995
      vertex -10.8974 -45.5036 -15.995
      vertex -10.947 -45.8432 -15.995
    endloop
  endfacet
  facet normal 0 0 -1
    outer loop
      vertex -11.465 -40.539 -15.995
      vertex -10.947 -45.8432 -15.995
      vertex -10.9637 -46.1876 -15.995
    endloop
  endfacet
  facet normal 0 0 -1
    outer loop
      vertex -11.465 -40.539 -15.995
      vertex -10.9637 -46.1876 -15.995
      vertex -11 -46.938 -15.995
    endloop
  endfacet
  facet normal 0 0 -1
    outer loop
      vertex -9.14616 -40.7325 -15.995
      vertex -11.465 -40.539 -15.995
      vertex -10.8091 -39.4279 -15.995
    endloop
  endfacet
  facet normal -0 0 1
    outer loop
      vertex -2 -28 -48.005
      vertex 2 -32 -48.005
      vertex 2 -28 -48.005
    endloop
  endfacet
  facet normal 0 0 1
    outer loop
      vertex 2 -32 -48.005
      vertex -2 -28 -48.005
      vertex -2 -32 -48.005
    endloop
  endfacet
  facet normal 0 0.894424 0.44722
    outer loop
      vertex 2 -32 -48.005
      vertex 6.1984 -34.6505 -42.7041
      vertex 6.307 -34.6505 -42.7041
    endloop
  endfacet
  facet normal 0 0.894424 0.44722
    outer loop
      vertex 6.1984 -34.6505 -42.7041
      vertex 2 -32 -48.005
      vertex 5.81536 -34.6505 -42.7041
    endloop
  endfacet
  facet normal 0 0.894424 0.44722
    outer loop
      vertex 5.81536 -34.6505 -42.7041
      vertex 2 -32 -48.005
      vertex 4.61252 -34.6505 -42.7041
    endloop
  endfacet
  facet normal 0 0.894424 0.44722
    outer loop
      vertex 4.61252 -34.6505 -42.7041
      vertex 2 -32 -48.005
      vertex -4.61252 -34.6505 -42.7041
    endloop
  endfacet
  facet normal -0 0.894424 0.44722
    outer loop
      vertex -2 -32 -48.005
      vertex -4.61252 -34.6505 -42.7041
      vertex 2 -32 -48.005
    endloop
  endfacet
  facet normal 0 0.894424 0.44722
    outer loop
      vertex -4.61252 -34.6505 -42.7041
      vertex -2 -32 -48.005
      vertex -5.81536 -34.6505 -42.7041
    endloop
  endfacet
  facet normal 0 0.894424 0.44722
    outer loop
      vertex -5.81536 -34.6505 -42.7041
      vertex -2 -32 -48.005
      vertex -6.1984 -34.6505 -42.7041
    endloop
  endfacet
  facet normal 0 0.894424 0.44722
    outer loop
      vertex -6.1984 -34.6505 -42.7041
      vertex -2 -32 -48.005
      vertex -6.307 -34.6505 -42.7041
    endloop
  endfacet
  facet normal 0 0.894427 0.447214
    outer loop
      vertex -10.9485 -48 -16.005
      vertex -12.9556 -47.5025 -17
      vertex -12.94 -48 -16.005
    endloop
  endfacet
  facet normal 8.49652e-16 0.894427 0.447214
    outer loop
      vertex -11 -46.3568 -19.2914
      vertex -12.9556 -47.5025 -17
      vertex -10.9485 -48 -16.005
    endloop
  endfacet
  facet normal 2.09998e-05 0.89442 0.447228
    outer loop
      vertex -10.9602 -45.0858 -21.8333
      vertex -12.9556 -47.5025 -17
      vertex -11 -46.3568 -19.2914
    endloop
  endfacet
  facet normal -2.32984e-05 0.894427 0.447213
    outer loop
      vertex -10.947 -44.6655 -22.6739
      vertex -12.9556 -47.5025 -17
      vertex -10.9602 -45.0858 -21.8333
    endloop
  endfacet
  facet normal 0 0.894424 0.44722
    outer loop
      vertex -12.9556 -47.5025 -17
      vertex -10.947 -44.6655 -22.6739
      vertex -27.1916 -47.5025 -17
    endloop
  endfacet
  facet normal -2.34719e-05 0.894451 0.447166
    outer loop
      vertex -10.9107 -44.2814 -23.4422
      vertex -27.1916 -47.5025 -17
      vertex -10.947 -44.6655 -22.6739
    endloop
  endfacet
  facet normal -5.0079e-16 0.894427 0.447214
    outer loop
      vertex -10.7886 -42.9906 -26.0238
      vertex -27.1916 -47.5025 -17
      vertex -10.9107 -44.2814 -23.4422
    endloop
  endfacet
  facet normal -4.04309e-05 0.894423 0.447222
    outer loop
      vertex -12.9675 -38.7492 -34.5066
      vertex -10.7886 -42.9906 -26.0238
      vertex -10.5263 -41.348 -29.3089
    endloop
  endfacet
  facet normal -1.47406e-05 0.894428 0.447212
    outer loop
      vertex -12.9675 -38.7492 -34.5066
      vertex -10.5263 -41.348 -29.3089
      vertex -10.1627 -39.7537 -32.4975
    endloop
  endfacet
  facet normal -0 0.894436 0.447196
    outer loop
      vertex -12.9675 -38.7492 -34.5066
      vertex -10.1627 -39.7537 -32.4975
      vertex -9.85979 -38.7492 -34.5066
    endloop
  endfacet
  facet normal 2.00097e-16 0.894427 0.447214
    outer loop
      vertex -10.7886 -42.9906 -26.0238
      vertex -12.9675 -38.7492 -34.5066
      vertex -27.1916 -47.5025 -17
    endloop
  endfacet
  facet normal 0 0.894427 0.447214
    outer loop
      vertex 27.1916 -47.5025 -17
      vertex 20.4111 -45.8444 -20.3162
      vertex 22.6854 -47.5025 -17
    endloop
  endfacet
  facet normal -7.24062e-17 0.894427 0.447214
    outer loop
      vertex 20.4111 -45.8444 -20.3162
      vertex 27.1916 -47.5025 -17
      vertex 20.6465 -43.4748 -25.0554
    endloop
  endfacet
  facet normal 0 0.894427 0.447214
    outer loop
      vertex 22.6854 -47.5025 -17
      vertex 20.1493 -48 -16.005
      vertex 22.6454 -48 -16.005
    endloop
  endfacet
  facet normal -6.32662e-16 0.894427 0.447214
    outer loop
      vertex 20.1493 -48 -16.005
      vertex 22.6854 -47.5025 -17
      vertex 20.4111 -45.8444 -20.3162
    endloop
  endfacet
  facet normal 0 0.894425 0.447218
    outer loop
      vertex 12.9675 -38.7492 -34.5066
      vertex 19.7134 -42.9859 -26.0333
      vertex 19.852 -42.9859 -26.0333
    endloop
  endfacet
  facet normal 0 0.894425 0.447218
    outer loop
      vertex 19.7134 -42.9859 -26.0333
      vertex 12.9675 -38.7492 -34.5066
      vertex 19.5679 -42.9859 -26.0333
    endloop
  endfacet
  facet normal 0 0.894425 0.447218
    outer loop
      vertex 19.5679 -42.9859 -26.0333
      vertex 12.9675 -38.7492 -34.5066
      vertex 18.2998 -42.9859 -26.0333
    endloop
  endfacet
  facet normal 0 0.894425 0.447218
    outer loop
      vertex 18.2998 -42.9859 -26.0333
      vertex 12.9675 -38.7492 -34.5066
      vertex 17.8789 -42.9859 -26.0333
    endloop
  endfacet
  facet normal 0 0.894425 0.447218
    outer loop
      vertex 17.8789 -42.9859 -26.0333
      vertex 12.9675 -38.7492 -34.5066
      vertex 15.1445 -42.9859 -26.0333
    endloop
  endfacet
  facet normal 0 0.894425 0.447218
    outer loop
      vertex 15.1445 -42.9859 -26.0333
      vertex 12.9675 -38.7492 -34.5066
      vertex 14.8555 -42.9859 -26.0333
    endloop
  endfacet
  facet normal 0 0.894416 0.447235
    outer loop
      vertex 14.8555 -42.9859 -26.0333
      vertex 10.5263 -41.348 -29.3089
      vertex 12.1211 -42.9859 -26.0333
    endloop
  endfacet
  facet normal 0 0.894416 0.447235
    outer loop
      vertex 12.1211 -42.9859 -26.0333
      vertex 10.5263 -41.348 -29.3089
      vertex 11.7002 -42.9859 -26.0333
    endloop
  endfacet
  facet normal 0 0.894416 0.447235
    outer loop
      vertex 11.7002 -42.9859 -26.0333
      vertex 10.5263 -41.348 -29.3089
      vertex 10.7879 -42.9859 -26.0333
    endloop
  endfacet
  facet normal 2.00466e-05 0.894427 0.447214
    outer loop
      vertex 14.8555 -42.9859 -26.0333
      vertex 12.9675 -38.7492 -34.5066
      vertex 10.5263 -41.348 -29.3089
    endloop
  endfacet
  facet normal 1.47406e-05 0.894428 0.447212
    outer loop
      vertex 10.5263 -41.348 -29.3089
      vertex 12.9675 -38.7492 -34.5066
      vertex 10.1627 -39.7537 -32.4975
    endloop
  endfacet
  facet normal 0 0.894436 0.447196
    outer loop
      vertex 10.1627 -39.7537 -32.4975
      vertex 12.9675 -38.7492 -34.5066
      vertex 9.85979 -38.7492 -34.5066
    endloop
  endfacet
  facet normal 0 -0.894427 0.447214
    outer loop
      vertex -2 -28 -48.005
      vertex 27.1916 -12.4975 -17
      vertex -27.1916 -12.4975 -17
    endloop
  endfacet
  facet normal 0 -0.894427 0.447214
    outer loop
      vertex 27.1916 -12.4975 -17
      vertex -2 -28 -48.005
      vertex 2 -28 -48.005
    endloop
  endfacet
  facet normal 0.776114 -0 0.630593
    outer loop
      vertex -27.1916 -12.7574 -17
      vertex -2 -28 -48.005
      vertex -27.1916 -12.4975 -17
    endloop
  endfacet
  facet normal 0.776114 4.40023e-08 0.630593
    outer loop
      vertex -6.50345 -33.2792 -42.4623
      vertex -2 -28 -48.005
      vertex -27.1916 -12.7574 -17
    endloop
  endfacet
  facet normal 0.776114 0 0.630593
    outer loop
      vertex -2 -28 -48.005
      vertex -6.50345 -33.2792 -42.4623
      vertex -2 -32 -48.005
    endloop
  endfacet
  facet normal 0.776122 2.24622e-05 0.630582
    outer loop
      vertex -27.1916 -12.7574 -17
      vertex -6.97833 -33.7399 -41.8778
      vertex -6.50345 -33.2792 -42.4623
    endloop
  endfacet
  facet normal 0.776111 -5.67587e-06 0.630597
    outer loop
      vertex -27.1916 -12.7574 -17
      vertex -7.77817 -34.6496 -40.8934
      vertex -6.97833 -33.7399 -41.8778
    endloop
  endfacet
  facet normal 0.776108 -1.12544e-05 0.6306
    outer loop
      vertex -27.1916 -12.7574 -17
      vertex -8.50311 -35.6191 -40.0012
      vertex -7.77817 -34.6496 -40.8934
    endloop
  endfacet
  facet normal 0.77609 -4.86221e-05 0.630622
    outer loop
      vertex -8.50311 -35.6191 -40.0012
      vertex -27.1916 -12.7574 -17
      vertex -8.5526 -35.6976 -39.9403
    endloop
  endfacet
  facet normal 0.77603 0.000742167 0.630696
    outer loop
      vertex -6.49895 -33.3106 -42.4678
      vertex -2 -32 -48.005
      vertex -6.50345 -33.2792 -42.4623
    endloop
  endfacet
  facet normal 0.776136 -0.000172462 0.630566
    outer loop
      vertex -6.48662 -33.3967 -42.483
      vertex -2 -32 -48.005
      vertex -6.49895 -33.3106 -42.4678
    endloop
  endfacet
  facet normal 0.776118 -3.02072e-05 0.630588
    outer loop
      vertex -6.45153 -33.6417 -42.5262
      vertex -2 -32 -48.005
      vertex -6.48662 -33.3967 -42.483
    endloop
  endfacet
  facet normal 0.776115 -1.01662e-05 0.630591
    outer loop
      vertex -2 -32 -48.005
      vertex -6.45153 -33.6417 -42.5262
      vertex -6.307 -34.6505 -42.7041
    endloop
  endfacet
  facet normal 0.776114 0 0.630592
    outer loop
      vertex -12.9675 -38.7492 -34.5066
      vertex -27.1916 -21.2426 -17
      vertex -27.1916 -47.5025 -17
    endloop
  endfacet
  facet normal 0 1 0
    outer loop
      vertex -12.94 -48 -16.005
      vertex -10.9486 -48 -15.995
      vertex -10.9485 -48 -16.005
    endloop
  endfacet
  facet normal 0 1 0
    outer loop
      vertex -10.9486 -48 -15.995
      vertex -12.94 -48 -16.005
      vertex -12.9401 -48 -15.995
    endloop
  endfacet
  facet normal 0 1 0
    outer loop
      vertex 20.1493 -48 -16.005
      vertex 22.6424 -48 -15.995
      vertex 22.6454 -48 -16.005
    endloop
  endfacet
  facet normal 0 1 0
    outer loop
      vertex 22.6424 -48 -15.995
      vertex 20.1493 -48 -16.005
      vertex 20.1448 -48 -15.995
    endloop
  endfacet
  facet normal -0.671632 -0.641625 -0.370443
    outer loop
      vertex 19.9497 -47.7515 -15.995
      vertex 19.4408 -70.3139 24.0068
      vertex 19.4408 -47.2188 -15.995
    endloop
  endfacet
  facet normal -0.671629 -0.641628 -0.370445
    outer loop
      vertex 19.4408 -70.3139 24.0068
      vertex 19.9497 -47.7515 -15.995
      vertex 19.9497 -70.7134 23.7761
    endloop
  endfacet
  facet normal -0.998796 -0.0424838 -0.024528
    outer loop
      vertex 22 -46.5 -28.0622
      vertex 21.9663 -74.4058 21.6443
      vertex 21.9663 -45.9058 -27.7191
    endloop
  endfacet
  facet normal -0.998796 -0.0424869 -0.0245298
    outer loop
      vertex 21.9663 -74.4058 21.6443
      vertex 22 -46.5 -28.0622
      vertex 22 -75 21.3013
    endloop
  endfacet
  facet normal 0 -0.500001 0.866025
    outer loop
      vertex 15.1445 -42.9859 -26.0333
      vertex 16.2679 -50 -30.0829
      vertex 17.8789 -42.9859 -26.0333
    endloop
  endfacet
  facet normal 0 -0.500001 0.866025
    outer loop
      vertex 16.2679 -50 -30.0829
      vertex 15.1445 -42.9859 -26.0333
      vertex 15.5424 -50 -30.0829
    endloop
  endfacet
  facet normal 0 -0.500006 0.866022
    outer loop
      vertex 18.2998 -42.9859 -26.0333
      vertex 22 -46.5 -28.0622
      vertex 19.5679 -42.9859 -26.0333
    endloop
  endfacet
  facet normal 6.94493e-06 -0.500001 0.866025
    outer loop
      vertex 18.2998 -50 -30.0829
      vertex 22 -46.5 -28.0622
      vertex 18.2998 -42.9859 -26.0333
    endloop
  endfacet
  facet normal 0 -0.499995 0.866028
    outer loop
      vertex 22 -46.5 -28.0622
      vertex 18.2998 -50 -30.0829
      vertex 19.5776 -50 -30.0829
    endloop
  endfacet
  facet normal -1.69218e-05 -0.500006 0.866022
    outer loop
      vertex 21.1734 -43.6423 -26.4123
      vertex 20.0836 -42.4922 -25.7483
      vertex 20.0148 -42.6389 -25.833
    endloop
  endfacet
  facet normal 0.000688832 -0.499615 0.866248
    outer loop
      vertex 21.1734 -43.6423 -26.4123
      vertex 20.8203 -43.132 -26.1177
      vertex 20.4111 -42.6542 -25.8418
    endloop
  endfacet
  facet normal -0.0490207 0.864984 0.499399
    outer loop
      vertex 15.6861 -55.028 -27.2239
      vertex 15.0553 -81.0598 17.8026
      vertex 15.6861 -81.033 17.8181
    endloop
  endfacet
  facet normal -0.047805 0.865028 0.499441
    outer loop
      vertex 15.0553 -81.0598 17.8026
      vertex 15.6861 -55.028 -27.2239
      vertex 15.6309 -55.0303 -27.2252
    endloop
  endfacet
  facet normal 0 -0.500001 0.866025
    outer loop
      vertex 11.7002 -50 -30.0829
      vertex 12.1211 -42.9859 -26.0333
      vertex 11.7002 -42.9859 -26.0333
    endloop
  endfacet
  facet normal 0 -0.500001 0.866025
    outer loop
      vertex 12.1211 -42.9859 -26.0333
      vertex 11.7002 -50 -30.0829
      vertex 13.7321 -50 -30.0829
    endloop
  endfacet
  facet normal -0.0491142 -0.864981 -0.499396
    outer loop
      vertex 15 -45.3841 -15.995
      vertex 15.6861 -68.967 24.7844
      vertex 15 -68.9378 24.8013
    endloop
  endfacet
  facet normal -0.0490422 -0.864983 -0.499398
    outer loop
      vertex 15.6861 -68.967 24.7844
      vertex 15 -45.3841 -15.995
      vertex 15.6861 -45.423 -15.995
    endloop
  endfacet
  facet normal -0.0492793 0.864974 0.499391
    outer loop
      vertex 15.6309 -55.0303 -27.2252
      vertex 15 -81.0622 17.8013
      vertex 15.0553 -81.0598 17.8026
    endloop
  endfacet
  facet normal -0.0491497 0.864979 0.499396
    outer loop
      vertex 15 -81.0622 17.8013
      vertex 15.6309 -55.0303 -27.2252
      vertex 15 -55.0572 -27.2407
    endloop
  endfacet
  facet normal 5.52672e-05 -0.499944 0.866058
    outer loop
      vertex 19.852 -42.9859 -26.0333
      vertex 21.1734 -43.6423 -26.4123
      vertex 20.0148 -42.6389 -25.833
    endloop
  endfacet
  facet normal 0 -0.500027 0.86601
    outer loop
      vertex 19.7134 -42.9859 -26.0333
      vertex 21.1734 -43.6423 -26.4123
      vertex 19.852 -42.9859 -26.0333
    endloop
  endfacet
  facet normal 2.58107e-05 -0.499984 0.866035
    outer loop
      vertex 21.1734 -43.6423 -26.4123
      vertex 19.7134 -42.9859 -26.0333
      vertex 21.9663 -45.9058 -27.7191
    endloop
  endfacet
  facet normal 0.000263768 -0.499921 0.866071
    outer loop
      vertex 21.9663 -45.9058 -27.7191
      vertex 21.6986 -44.7402 -27.0462
      vertex 21.1734 -43.6423 -26.4123
    endloop
  endfacet
  facet normal 0 -0.500001 0.866025
    outer loop
      vertex 17.8789 -42.9859 -26.0333
      vertex 18.2998 -50 -30.0829
      vertex 18.2998 -42.9859 -26.0333
    endloop
  endfacet
  facet normal 0 -0.500001 0.866025
    outer loop
      vertex 18.2998 -50 -30.0829
      vertex 17.8789 -42.9859 -26.0333
      vertex 16.2679 -50 -30.0829
    endloop
  endfacet
  facet normal -0.000219591 -0.499964 0.866046
    outer loop
      vertex 21.8655 -47.6827 -28.745
      vertex 22 -46.5 -28.0622
      vertex 21.4672 -48.8199 -29.4016
    endloop
  endfacet
  facet normal -0.00116004 -0.499883 0.866092
    outer loop
      vertex 21.9663 -47.0942 -28.4052
      vertex 22 -46.5 -28.0622
      vertex 21.8655 -47.6827 -28.745
    endloop
  endfacet
  facet normal 0.998795 -0.0424994 -0.0245371
    outer loop
      vertex 8 -75 21.3013
      vertex 8.03371 -55.3744 -11.319
      vertex 8.03371 -74.4058 21.6443
    endloop
  endfacet
  facet normal 0.998795 -0.0424996 -0.0245372
    outer loop
      vertex 8.03371 -55.3744 -11.319
      vertex 8 -75 21.3013
      vertex 8 -55.0804 -13.2004
    endloop
  endfacet
  facet normal -0.989175 -0.127078 -0.0733686
    outer loop
      vertex 21.9663 -45.9058 -27.7191
      vertex 21.8655 -73.8173 21.9841
      vertex 21.8655 -45.3173 -27.3794
    endloop
  endfacet
  facet normal -0.989177 -0.127069 -0.0733634
    outer loop
      vertex 21.8655 -73.8173 21.9841
      vertex 21.9663 -45.9058 -27.7191
      vertex 21.9663 -74.4058 21.6443
    endloop
  endfacet
  facet normal -0.000290808 -0.50012 0.865956
    outer loop
      vertex 21.6986 -44.7402 -27.0462
      vertex 21.4672 -44.1801 -26.7228
      vertex 21.1734 -43.6423 -26.4123
    endloop
  endfacet
  facet normal 4.53757e-05 -0.500009 0.86602
    outer loop
      vertex 20.5539 -50 -30.0829
      vertex 21.4672 -48.8199 -29.4016
      vertex 22 -46.5 -28.0622
    endloop
  endfacet
  facet normal 0 -0.499983 0.866035
    outer loop
      vertex 21.4672 -48.8199 -29.4016
      vertex 20.5539 -50 -30.0829
      vertex 20.6504 -50 -30.0829
    endloop
  endfacet
  facet normal 0.000265826 -0.50011 0.865962
    outer loop
      vertex 21.1734 -49.3577 -29.7121
      vertex 21.4672 -48.8199 -29.4016
      vertex 20.8203 -49.868 -30.0067
    endloop
  endfacet
  facet normal 0.427525 -0.78289 -0.452001
    outer loop
      vertex 12.2188 -46.0553 -15.995
      vertex 11.7002 -69.6536 24.388
      vertex 11.7002 -46.3385 -15.995
    endloop
  endfacet
  facet normal 0.426935 -0.783128 -0.452148
    outer loop
      vertex 11.7002 -69.6536 24.388
      vertex 12.2188 -46.0553 -15.995
      vertex 11.7503 -69.6331 24.3998
    endloop
  endfacet
  facet normal -0.970038 0.210404 0.121474
    outer loop
      vertex 21.6986 -50 -26.064
      vertex 21.8655 -47.6827 -28.745
      vertex 21.6986 -48.2598 -29.0782
    endloop
  endfacet
  facet normal -0.970035 0.210414 0.121482
    outer loop
      vertex 21.8655 -47.6827 -28.745
      vertex 21.6986 -50 -26.064
      vertex 21.8655 -50 -24.7313
    endloop
  endfacet
  facet normal -0.970038 0.210403 0.121476
    outer loop
      vertex 21.6986 -50.7548 -24.7567
      vertex 21.8655 -76.1827 20.6185
      vertex 21.8655 -50.1777 -24.4235
    endloop
  endfacet
  facet normal -0.970052 0.210356 0.12145
    outer loop
      vertex 21.6986 -50.7548 -24.7567
      vertex 21.7678 -76.5206 20.4234
      vertex 21.8655 -76.1827 20.6185
    endloop
  endfacet
  facet normal -0.970019 0.210469 0.121514
    outer loop
      vertex 21.7678 -76.5206 20.4234
      vertex 21.6986 -50.7548 -24.7567
      vertex 21.6986 -76.7598 20.2853
    endloop
  endfacet
  facet normal 0.671589 0.641665 0.370452
    outer loop
      vertex 10.0503 -50.7866 -30.5371
      vertex 10.5592 -52.1171 -29.1551
      vertex 10.5592 -51.1861 -30.7677
    endloop
  endfacet
  facet normal 0.671571 0.641675 0.370468
    outer loop
      vertex 10.0503 -50.7866 -30.5371
      vertex 10.2068 -52.9741 -27.0319
      vertex 10.5592 -52.1171 -29.1551
    endloop
  endfacet
  facet normal 0.671583 0.641665 0.370461
    outer loop
      vertex 10.0503 -50.7866 -30.5371
      vertex 10.073 -53.2994 -26.2259
      vertex 10.2068 -52.9741 -27.0319
    endloop
  endfacet
  facet normal 0.671143 0.642009 0.370663
    outer loop
      vertex 10.0503 -79.2866 18.8264
      vertex 10.073 -53.2994 -26.2259
      vertex 10.0503 -50.7866 -30.5371
    endloop
  endfacet
  facet normal 0.671597 0.641652 0.370458
    outer loop
      vertex 10.0503 -79.2866 18.8264
      vertex 10.5592 -53.6811 -26.4462
      vertex 10.073 -53.2994 -26.2259
    endloop
  endfacet
  facet normal 0.671629 0.641628 0.370445
    outer loop
      vertex 10.5592 -53.6811 -26.4462
      vertex 10.0503 -79.2866 18.8264
      vertex 10.5592 -79.6861 18.5957
    endloop
  endfacet
  facet normal -5.20899e-06 -0.499885 0.866092
    outer loop
      vertex 11.1121 -50.9966 -30.6583
      vertex 10.0503 -50.7866 -30.5371
      vertex 10.8956 -51.3296 -30.8505
    endloop
  endfacet
  facet normal -4.44853e-05 -0.500039 0.866003
    outer loop
      vertex 9.77937 -49.5928 -29.8478
      vertex 11.1121 -50.9966 -30.6583
      vertex 9.93315 -49.2932 -29.6748
    endloop
  endfacet
  facet normal -4.6094e-05 -0.50004 0.866002
    outer loop
      vertex 11.1121 -50.9966 -30.6583
      vertex 9.77937 -49.5928 -29.8478
      vertex 10.0503 -50.7866 -30.5371
    endloop
  endfacet
  facet normal 0.00041046 -0.499962 0.866047
    outer loop
      vertex 9.70113 -49.7453 -29.9358
      vertex 10.0503 -50.7866 -30.5371
      vertex 9.77937 -49.5928 -29.8478
    endloop
  endfacet
  facet normal -0.000227566 -0.500123 0.865954
    outer loop
      vertex 10.0503 -50.7866 -30.5371
      vertex 9.70113 -49.7453 -29.9358
      vertex 9.6153 -49.8772 -30.012
    endloop
  endfacet
  facet normal 0.242923 -0.840084 -0.485024
    outer loop
      vertex 13.6344 -45.5394 -15.995
      vertex 12.968 -69.1989 24.6506
      vertex 12.968 -45.7321 -15.995
    endloop
  endfacet
  facet normal 0.242984 -0.840071 -0.485015
    outer loop
      vertex 12.968 -69.1989 24.6506
      vertex 13.6344 -45.5394 -15.995
      vertex 13.6344 -69.0543 24.734
    endloop
  endfacet
  facet normal -0.000303857 -0.500337 0.86583
    outer loop
      vertex 20.0836 -42.4922 -25.7483
      vertex 20.4111 -42.6542 -25.8418
      vertex 20.1242 -42.4057 -25.6983
    endloop
  endfacet
  facet normal -0.000145619 -0.500098 0.865969
    outer loop
      vertex 20.4111 -42.6542 -25.8418
      vertex 20.0836 -42.4922 -25.7483
      vertex 21.1734 -43.6423 -26.4123
    endloop
  endfacet
  facet normal -0.803205 -0.515899 -0.297842
    outer loop
      vertex 20.8203 -43.132 -26.1177
      vertex 20.4111 -42.9409 -25.3452
      vertex 20.4111 -42.6542 -25.8418
    endloop
  endfacet
  facet normal -0.803234 -0.515836 -0.297873
    outer loop
      vertex 20.8203 -43.132 -26.1177
      vertex 20.6465 -43.4748 -25.0554
      vertex 20.4111 -42.9409 -25.3452
    endloop
  endfacet
  facet normal -0.803074 -0.516059 -0.297919
    outer loop
      vertex 20.8203 -43.132 -26.1177
      vertex 20.4111 -45.8444 -20.3162
      vertex 20.6465 -43.4748 -25.0554
    endloop
  endfacet
  facet normal -0.803206 -0.515892 -0.29785
    outer loop
      vertex 20.8203 -71.632 23.2458
      vertex 20.4111 -45.8444 -20.3162
      vertex 20.8203 -43.132 -26.1177
    endloop
  endfacet
  facet normal -0.803244 -0.515848 -0.297825
    outer loop
      vertex 20.4111 -45.8444 -20.3162
      vertex 20.7829 -71.5884 23.2709
      vertex 20.4111 -71.1542 23.5216
    endloop
  endfacet
  facet normal -0.802531 -0.516672 -0.298318
    outer loop
      vertex 20.4111 -45.8444 -20.3162
      vertex 20.8203 -71.632 23.2458
      vertex 20.7829 -71.5884 23.2709
    endloop
  endfacet
  facet normal 0.00102361 -0.49979 0.866146
    outer loop
      vertex 21.9663 -45.9058 -27.7191
      vertex 21.8655 -45.3173 -27.3794
      vertex 21.6986 -44.7402 -27.0462
    endloop
  endfacet
  facet normal -0.595677 -0.695612 -0.401612
    outer loop
      vertex 18.889 -46.7463 -15.995
      vertex 19.4408 -70.3139 24.0068
      vertex 18.889 -69.9595 24.2114
    endloop
  endfacet
  facet normal -0.595656 -0.695625 -0.40162
    outer loop
      vertex 19.4408 -70.3139 24.0068
      vertex 18.889 -46.7463 -15.995
      vertex 19.4408 -47.2188 -15.995
    endloop
  endfacet
  facet normal -0.857775 0.445192 0.256954
    outer loop
      vertex 20.8203 -50 -29.778
      vertex 21.1734 -49.3577 -29.7121
      vertex 20.8203 -49.868 -30.0067
    endloop
  endfacet
  facet normal -0.857762 0.445178 0.257023
    outer loop
      vertex 21.1734 -49.3577 -29.7121
      vertex 20.8203 -50 -29.778
      vertex 21.1734 -50 -28.5996
    endloop
  endfacet
  facet normal -0.857775 0.445159 0.257012
    outer loop
      vertex 20.8203 -52.363 -25.6852
      vertex 21.1734 -77.8577 19.6514
      vertex 21.1734 -51.8527 -25.3906
    endloop
  endfacet
  facet normal -0.857775 0.445159 0.257012
    outer loop
      vertex 21.1734 -77.8577 19.6514
      vertex 20.8203 -52.363 -25.6852
      vertex 20.8203 -78.368 19.3568
    endloop
  endfacet
  facet normal 0 -0.499999 0.866026
    outer loop
      vertex 19.5679 -42.9859 -26.0333
      vertex 21.9663 -45.9058 -27.7191
      vertex 19.7134 -42.9859 -26.0333
    endloop
  endfacet
  facet normal -7.52797e-05 -0.500045 0.865999
    outer loop
      vertex 21.9663 -45.9058 -27.7191
      vertex 19.5679 -42.9859 -26.0333
      vertex 22 -46.5 -28.0622
    endloop
  endfacet
  facet normal -0.998796 0.0424869 0.0245298
    outer loop
      vertex 21.9663 -47.0942 -28.4052
      vertex 22 -75 21.3013
      vertex 22 -46.5 -28.0622
    endloop
  endfacet
  facet normal -0.998796 0.0424838 0.024528
    outer loop
      vertex 22 -75 21.3013
      vertex 21.9663 -47.0942 -28.4052
      vertex 21.9663 -75.5942 20.9582
    endloop
  endfacet
  facet normal 6.70802e-05 -0.500001 0.866025
    outer loop
      vertex 10.947 -45.9601 -27.7504
      vertex 11.7002 -50 -30.0829
      vertex 11.7002 -42.9859 -26.0333
    endloop
  endfacet
  facet normal -3.63238e-05 -0.500015 0.866017
    outer loop
      vertex 10.7886 -46.9442 -28.3186
      vertex 11.7002 -50 -30.0829
      vertex 10.947 -45.9601 -27.7504
    endloop
  endfacet
  facet normal -0.000341926 -0.500083 0.865977
    outer loop
      vertex 10.7413 -47.1182 -28.4191
      vertex 11.7002 -50 -30.0829
      vertex 10.7886 -46.9442 -28.3186
    endloop
  endfacet
  facet normal -3.28416e-05 -0.500006 0.866022
    outer loop
      vertex 10.5263 -47.9092 -28.8758
      vertex 11.7002 -50 -30.0829
      vertex 10.7413 -47.1182 -28.4191
    endloop
  endfacet
  facet normal 0 -0.499993 0.86603
    outer loop
      vertex 11.7002 -50 -30.0829
      vertex 10.5263 -47.9092 -28.8758
      vertex 11.698 -50 -30.0829
    endloop
  endfacet
  facet normal -0.000412134 -0.49991 0.866077
    outer loop
      vertex 10.947 -45.9601 -27.7504
      vertex 11.7002 -42.9859 -26.0333
      vertex 11 -44.9664 -27.1768
    endloop
  endfacet
  facet normal -7.26775e-05 -0.5 0.866026
    outer loop
      vertex 11.7002 -42.9859 -26.0333
      vertex 10.9573 -44.1648 -26.714
      vertex 11 -44.9664 -27.1768
    endloop
  endfacet
  facet normal -0.000125611 -0.499975 0.86604
    outer loop
      vertex 11.7002 -42.9859 -26.0333
      vertex 10.947 -43.9727 -26.6031
      vertex 10.9573 -44.1648 -26.714
    endloop
  endfacet
  facet normal -3.55248e-05 -0.500026 0.86601
    outer loop
      vertex 11.7002 -42.9859 -26.0333
      vertex 10.9161 -43.7808 -26.4923
      vertex 10.947 -43.9727 -26.6031
    endloop
  endfacet
  facet normal -3.90027e-05 -0.500024 0.866012
    outer loop
      vertex 11.7002 -42.9859 -26.0333
      vertex 10.7886 -42.9886 -26.0349
      vertex 10.9161 -43.7808 -26.4923
    endloop
  endfacet
  facet normal 0 -0.509802 0.860292
    outer loop
      vertex 10.7886 -42.9886 -26.0349
      vertex 11.7002 -42.9859 -26.0333
      vertex 10.7879 -42.9859 -26.0333
    endloop
  endfacet
  facet normal -6.55903e-06 -0.499995 0.866028
    outer loop
      vertex 10.1627 -48.8459 -29.4166
      vertex 11.698 -50 -30.0829
      vertex 10.5263 -47.9092 -28.8758
    endloop
  endfacet
  facet normal 4.31088e-05 -0.499946 0.866057
    outer loop
      vertex 9.93315 -49.2932 -29.6748
      vertex 11.698 -50 -30.0829
      vertex 10.1627 -48.8459 -29.4166
    endloop
  endfacet
  facet normal -8.14055e-06 -0.500042 0.866001
    outer loop
      vertex 11.698 -50 -30.0829
      vertex 9.93315 -49.2932 -29.6748
      vertex 11.5548 -50.279 -30.244
    endloop
  endfacet
  facet normal 5.90554e-06 -0.500024 0.866011
    outer loop
      vertex 11.5548 -50.279 -30.244
      vertex 9.93315 -49.2932 -29.6748
      vertex 11.465 -50.4541 -30.3451
    endloop
  endfacet
  facet normal -4.86848e-05 -0.500078 0.86598
    outer loop
      vertex 11.465 -50.4541 -30.3451
      vertex 9.93315 -49.2932 -29.6748
      vertex 11.358 -50.6186 -30.4401
    endloop
  endfacet
  facet normal 8.12637e-05 -0.499974 0.866041
    outer loop
      vertex 11.358 -50.6186 -30.4401
      vertex 9.93315 -49.2932 -29.6748
      vertex 11.1121 -50.9966 -30.6583
    endloop
  endfacet
  facet normal -0.000177612 -0.500067 0.865987
    outer loop
      vertex 9.58893 -50.3458 -30.2826
      vertex 9.6153 -49.8772 -30.012
      vertex 9.60778 -49.8888 -30.0187
    endloop
  endfacet
  facet normal -8.2789e-05 -0.500071 0.865984
    outer loop
      vertex 9.6153 -49.8772 -30.012
      vertex 9.58893 -50.3458 -30.2826
      vertex 10.0503 -50.7866 -30.5371
    endloop
  endfacet
  facet normal 0.000569853 -0.50009 0.865973
    outer loop
      vertex 9.58893 -50.3458 -30.2826
      vertex 9.60778 -49.8888 -30.0187
      vertex 9.48078 -50.0841 -30.1314
    endloop
  endfacet
  facet normal 0.857712 0.44525 0.257065
    outer loop
      vertex 9.17971 -78.368 19.3568
      vertex 9.01304 -51.4305 -26.7442
      vertex 8.82655 -51.9561 -25.2116
    endloop
  endfacet
  facet normal 0.857737 0.445215 0.257044
    outer loop
      vertex 9.17971 -78.368 19.3568
      vertex 8.82655 -51.9561 -25.2116
      vertex 8.82655 -77.8577 19.6514
    endloop
  endfacet
  facet normal 0.857698 0.445269 0.257077
    outer loop
      vertex 9.01304 -51.4305 -26.7442
      vertex 9.17971 -78.368 19.3568
      vertex 9.14616 -51.0553 -27.8382
    endloop
  endfacet
  facet normal 0.857887 0.444998 0.256919
    outer loop
      vertex 9.14616 -51.0553 -27.8382
      vertex 9.17971 -78.368 19.3568
      vertex 9.17971 -50.9451 -28.1411
    endloop
  endfacet
  facet normal 0.0490207 0.864984 0.499399
    outer loop
      vertex 14.9447 -81.0598 17.8026
      vertex 14.3139 -55.028 -27.2239
      vertex 14.3139 -81.033 17.8181
    endloop
  endfacet
  facet normal 0.047805 0.865028 0.499441
    outer loop
      vertex 14.3139 -55.028 -27.2239
      vertex 14.9447 -81.0598 17.8026
      vertex 14.3691 -55.0303 -27.2252
    endloop
  endfacet
  facet normal 0.970031 -0.210427 -0.12149
    outer loop
      vertex 8.1345 -73.8173 21.9841
      vertex 8.30142 -55.6259 -8.19161
      vertex 8.30142 -73.2402 22.3173
    endloop
  endfacet
  facet normal 0.970029 -0.210436 -0.121495
    outer loop
      vertex 8.30142 -55.6259 -8.19161
      vertex 8.1345 -73.8173 21.9841
      vertex 8.1345 -55.5568 -9.644
    endloop
  endfacet
  facet normal 0.998796 0.0424854 0.0245287
    outer loop
      vertex 8.03371 -75.5942 20.9582
      vertex 8.02712 -54.7564 -14.8659
      vertex 8 -55.0804 -13.2004
    endloop
  endfacet
  facet normal 0.998795 0.0424963 0.0245353
    outer loop
      vertex 8.03371 -75.5942 20.9582
      vertex 8 -55.0804 -13.2004
      vertex 8 -75 21.3013
    endloop
  endfacet
  facet normal 0.998793 0.0425408 0.024561
    outer loop
      vertex 8.02712 -54.7564 -14.8659
      vertex 8.03371 -75.5942 20.9582
      vertex 8.03371 -54.6777 -15.2702
    endloop
  endfacet
  facet normal -0.242984 -0.840071 -0.485015
    outer loop
      vertex 16.3656 -45.5394 -15.995
      vertex 17.032 -69.1989 24.6506
      vertex 16.3656 -69.0543 24.734
    endloop
  endfacet
  facet normal -0.242923 -0.840084 -0.485024
    outer loop
      vertex 17.032 -69.1989 24.6506
      vertex 16.3656 -45.5394 -15.995
      vertex 17.032 -45.7321 -15.995
    endloop
  endfacet
  facet normal -0.146744 -0.85665 -0.494587
    outer loop
      vertex 15.6861 -45.423 -15.995
      vertex 16.3656 -69.0543 24.734
      vertex 15.6861 -68.967 24.7844
    endloop
  endfacet
  facet normal -0.146746 -0.85665 -0.494587
    outer loop
      vertex 16.3656 -69.0543 24.734
      vertex 15.6861 -45.423 -15.995
      vertex 16.3656 -45.5394 -15.995
    endloop
  endfacet
  facet normal 0.000636925 -0.499523 0.866301
    outer loop
      vertex 20.4111 -42.6542 -25.8418
      vertex 20.1325 -42.388 -25.6881
      vertex 20.1242 -42.4057 -25.6983
    endloop
  endfacet
  facet normal -0.903939 -0.370366 -0.213831
    outer loop
      vertex 21.4672 -44.1801 -26.7228
      vertex 21.1734 -72.1423 22.9512
      vertex 21.1734 -43.6423 -26.4123
    endloop
  endfacet
  facet normal -0.903939 -0.370366 -0.213831
    outer loop
      vertex 21.1734 -72.1423 22.9512
      vertex 21.4672 -44.1801 -26.7228
      vertex 21.4672 -72.6801 22.6407
    endloop
  endfacet
  facet normal -0.970038 -0.210403 -0.121476
    outer loop
      vertex 21.8655 -45.3173 -27.3794
      vertex 21.6986 -73.2402 22.3173
      vertex 21.6986 -44.7402 -27.0462
    endloop
  endfacet
  facet normal -0.970038 -0.210403 -0.121476
    outer loop
      vertex 21.6986 -73.2402 22.3173
      vertex 21.8655 -45.3173 -27.3794
      vertex 21.8655 -73.8173 21.9841
    endloop
  endfacet
  facet normal -0.903939 0.370366 0.21383
    outer loop
      vertex 21.1734 -50 -28.5996
      vertex 21.4672 -48.8199 -29.4016
      vertex 21.1734 -49.3577 -29.7121
    endloop
  endfacet
  facet normal -0.903939 0.370366 0.21383
    outer loop
      vertex 21.4672 -48.8199 -29.4016
      vertex 21.1734 -50 -28.5996
      vertex 21.4672 -50 -27.3576
    endloop
  endfacet
  facet normal -0.903939 0.370366 0.213831
    outer loop
      vertex 21.1734 -51.8527 -25.3906
      vertex 21.4672 -77.3199 19.9619
      vertex 21.4672 -51.3149 -25.0801
    endloop
  endfacet
  facet normal -0.903939 0.370366 0.213831
    outer loop
      vertex 21.4672 -77.3199 19.9619
      vertex 21.1734 -51.8527 -25.3906
      vertex 21.1734 -77.8577 19.6514
    endloop
  endfacet
  facet normal 7.45649e-05 -0.500022 0.866013
    outer loop
      vertex 20.6504 -50 -30.0829
      vertex 20.8203 -49.868 -30.0067
      vertex 21.4672 -48.8199 -29.4016
    endloop
  endfacet
  facet normal 0 -0.49995 0.866054
    outer loop
      vertex 20.8203 -49.868 -30.0067
      vertex 20.6504 -50 -30.0829
      vertex 20.7072 -50 -30.0829
    endloop
  endfacet
  facet normal 0 -0.499995 0.866028
    outer loop
      vertex 20.326 -50 -30.0829
      vertex 22 -46.5 -28.0622
      vertex 19.5776 -50 -30.0829
    endloop
  endfacet
  facet normal 0 -0.499995 0.866028
    outer loop
      vertex 20.5539 -50 -30.0829
      vertex 22 -46.5 -28.0622
      vertex 20.326 -50 -30.0829
    endloop
  endfacet
  facet normal -0.740897 0.581639 0.335809
    outer loop
      vertex 19.9497 -53.2816 -26.2156
      vertex 20.4111 -78.8458 19.0809
      vertex 20.4111 -52.8408 -25.9611
    endloop
  endfacet
  facet normal -0.740897 0.581639 0.335809
    outer loop
      vertex 20.4111 -78.8458 19.0809
      vertex 19.9497 -53.2816 -26.2156
      vertex 19.9497 -79.2866 18.8264
    endloop
  endfacet
  facet normal -0.427459 0.782917 0.452018
    outer loop
      vertex 18.2998 -54.3414 -26.8274
      vertex 17.6788 -80.6007 18.0677
      vertex 18.2998 -80.3464 18.2145
    endloop
  endfacet
  facet normal -0.427518 0.782893 0.452003
    outer loop
      vertex 17.6788 -80.6007 18.0677
      vertex 18.2998 -54.3414 -26.8274
      vertex 17.6788 -54.5957 -26.9743
    endloop
  endfacet
  facet normal -0.146849 0.856637 0.494579
    outer loop
      vertex 15.7408 -55.021 -27.2198
      vertex 15.6861 -81.033 17.8181
      vertex 16.3108 -80.9527 17.8645
    endloop
  endfacet
  facet normal -0.146699 0.856656 0.49459
    outer loop
      vertex 15.6861 -81.033 17.8181
      vertex 15.7408 -55.021 -27.2198
      vertex 15.6861 -55.028 -27.2239
    endloop
  endfacet
  facet normal 0.970028 0.210437 0.121496
    outer loop
      vertex 8.23224 -76.5206 20.4234
      vertex 8.1345 -54.1701 -17.5084
      vertex 8.1345 -76.1827 20.6185
    endloop
  endfacet
  facet normal 0.970036 0.210412 0.121481
    outer loop
      vertex 8.30142 -76.7598 20.2853
      vertex 8.1345 -54.1701 -17.5084
      vertex 8.23224 -76.5206 20.4234
    endloop
  endfacet
  facet normal 0.970032 0.210425 0.121489
    outer loop
      vertex 8.1345 -54.1701 -17.5084
      vertex 8.30142 -76.7598 20.2853
      vertex 8.30142 -53.5626 -19.8934
    endloop
  endfacet
  facet normal 0.59583 0.69552 0.401544
    outer loop
      vertex 10.8091 -51.5306 -30.5418
      vertex 10.5592 -51.1861 -30.7677
      vertex 10.5592 -52.1171 -29.1551
    endloop
  endfacet
  facet normal 0.595735 0.695531 0.401666
    outer loop
      vertex 10.5592 -51.1861 -30.7677
      vertex 10.8091 -51.5306 -30.5418
      vertex 10.8623 -51.3808 -30.8801
    endloop
  endfacet
  facet normal 0.595677 0.695612 0.401612
    outer loop
      vertex 11.111 -80.0405 18.3911
      vertex 10.5592 -53.6811 -26.4462
      vertex 10.5592 -79.6861 18.5957
    endloop
  endfacet
  facet normal 0.595724 0.695582 0.401594
    outer loop
      vertex 10.5592 -53.6811 -26.4462
      vertex 11.111 -80.0405 18.3911
      vertex 11.111 -54.0355 -26.6509
    endloop
  endfacet
  facet normal 0 -0.500001 0.866025
    outer loop
      vertex 14.8555 -42.9859 -26.0333
      vertex 13.7321 -50 -30.0829
      vertex 14.4576 -50 -30.0829
    endloop
  endfacet
  facet normal 0 -0.500001 0.866025
    outer loop
      vertex 13.7321 -50 -30.0829
      vertex 14.8555 -42.9859 -26.0333
      vertex 12.1211 -42.9859 -26.0333
    endloop
  endfacet
  facet normal 0 -0.500001 0.866025
    outer loop
      vertex 14.8555 -42.9859 -26.0333
      vertex 15.5424 -50 -30.0829
      vertex 15.1445 -42.9859 -26.0333
    endloop
  endfacet
  facet normal 0 -0.500001 0.866025
    outer loop
      vertex 15.5424 -50 -30.0829
      vertex 14.8555 -42.9859 -26.0333
      vertex 14.4576 -50 -30.0829
    endloop
  endfacet
  facet normal 0.989177 -0.127067 -0.0733625
    outer loop
      vertex 8.03371 -74.4058 21.6443
      vertex 8.0596 -55.4213 -10.8886
      vertex 8.1345 -55.5568 -9.644
    endloop
  endfacet
  facet normal 0.989179 -0.127057 -0.0733563
    outer loop
      vertex 8.03371 -74.4058 21.6443
      vertex 8.1345 -55.5568 -9.644
      vertex 8.1345 -73.8173 21.9841
    endloop
  endfacet
  facet normal 0.989182 -0.127038 -0.0733458
    outer loop
      vertex 8.0596 -55.4213 -10.8886
      vertex 8.03371 -74.4058 21.6443
      vertex 8.03371 -55.3744 -11.319
    endloop
  endfacet
  facet normal -0.427505 -0.782898 -0.452007
    outer loop
      vertex 17.6788 -45.9994 -15.995
      vertex 18.2497 -69.6331 24.3998
      vertex 17.6788 -69.3993 24.5348
    endloop
  endfacet
  facet normal -0.427405 -0.782938 -0.452032
    outer loop
      vertex 18.2497 -69.6331 24.3998
      vertex 17.6788 -45.9994 -15.995
      vertex 17.7812 -46.0553 -15.995
    endloop
  endfacet
  facet normal 0.0490422 -0.864983 -0.499398
    outer loop
      vertex 15 -45.3841 -15.995
      vertex 14.3139 -68.967 24.7844
      vertex 14.3139 -45.423 -15.995
    endloop
  endfacet
  facet normal 0.0491142 -0.864981 -0.499396
    outer loop
      vertex 14.3139 -68.967 24.7844
      vertex 15 -45.3841 -15.995
      vertex 15 -68.9378 24.8013
    endloop
  endfacet
  facet normal -0.514154 -0.742789 -0.428849
    outer loop
      vertex 18.7888 -46.677 -15.995
      vertex 18.889 -69.9595 24.2114
      vertex 18.3473 -69.6783 24.3738
    endloop
  endfacet
  facet normal -0.513838 -0.742952 -0.428944
    outer loop
      vertex 18.889 -69.9595 24.2114
      vertex 18.7888 -46.677 -15.995
      vertex 18.889 -46.7463 -15.995
    endloop
  endfacet
  facet normal -0.514374 -0.742674 -0.428782
    outer loop
      vertex 18.2998 -46.3385 -15.995
      vertex 18.3473 -69.6783 24.3738
      vertex 18.2998 -69.6536 24.388
    endloop
  endfacet
  facet normal -0.514173 -0.742779 -0.428843
    outer loop
      vertex 18.3473 -69.6783 24.3738
      vertex 18.2998 -46.3385 -15.995
      vertex 18.7888 -46.677 -15.995
    endloop
  endfacet
  facet normal -0.740949 -0.581595 -0.33577
    outer loop
      vertex 20.4111 -42.6542 -25.8418
      vertex 20.4111 -42.9409 -25.3452
      vertex 20.1325 -42.388 -25.6881
    endloop
  endfacet
  facet normal -0.743268 -0.57938 -0.334471
    outer loop
      vertex 20.4111 -71.1542 23.5216
      vertex 20.1448 -48 -15.995
      vertex 20.1493 -48 -16.005
    endloop
  endfacet
  facet normal -0.740889 -0.581646 -0.335814
    outer loop
      vertex 20.4111 -71.1542 23.5216
      vertex 20.1493 -48 -16.005
      vertex 20.4111 -45.8444 -20.3162
    endloop
  endfacet
  facet normal -0.740897 -0.581638 -0.33581
    outer loop
      vertex 20.1448 -48 -15.995
      vertex 20.4111 -71.1542 23.5216
      vertex 19.9497 -70.7134 23.7761
    endloop
  endfacet
  facet normal -0.74087 -0.581665 -0.335825
    outer loop
      vertex 19.9497 -47.7515 -15.995
      vertex 20.1448 -48 -15.995
      vertex 19.9497 -70.7134 23.7761
    endloop
  endfacet
  facet normal -0.941551 -0.291739 -0.168436
    outer loop
      vertex 21.4883 -72.7312 22.6111
      vertex 21.4672 -44.1801 -26.7228
      vertex 21.6986 -44.7402 -27.0462
    endloop
  endfacet
  facet normal -0.941695 -0.29139 -0.168234
    outer loop
      vertex 21.4672 -44.1801 -26.7228
      vertex 21.4883 -72.7312 22.6111
      vertex 21.4672 -72.6801 22.6407
    endloop
  endfacet
  facet normal -0.941536 -0.291774 -0.168456
    outer loop
      vertex 21.4883 -72.7312 22.6111
      vertex 21.6986 -44.7402 -27.0462
      vertex 21.6986 -73.2402 22.3173
    endloop
  endfacet
  facet normal 0.427405 -0.782938 -0.452032
    outer loop
      vertex 12.3212 -45.9994 -15.995
      vertex 11.7503 -69.6331 24.3998
      vertex 12.2188 -46.0553 -15.995
    endloop
  endfacet
  facet normal 0.427505 -0.782898 -0.452007
    outer loop
      vertex 11.7503 -69.6331 24.3998
      vertex 12.3212 -45.9994 -15.995
      vertex 12.3212 -69.3993 24.5348
    endloop
  endfacet
  facet normal -0.000190675 -0.499971 0.866042
    outer loop
      vertex 21.6986 -48.2598 -29.0782
      vertex 21.8655 -47.6827 -28.745
      vertex 21.4672 -48.8199 -29.4016
    endloop
  endfacet
  facet normal -0.941551 0.291739 0.168435
    outer loop
      vertex 21.4672 -50 -27.3576
      vertex 21.6986 -48.2598 -29.0782
      vertex 21.4672 -48.8199 -29.4016
    endloop
  endfacet
  facet normal -0.941555 0.291731 0.168426
    outer loop
      vertex 21.6986 -48.2598 -29.0782
      vertex 21.4672 -50 -27.3576
      vertex 21.6986 -50 -26.064
    endloop
  endfacet
  facet normal -0.941604 0.291609 0.16836
    outer loop
      vertex 21.4672 -77.3199 19.9619
      vertex 21.4883 -51.2638 -25.0506
      vertex 21.4672 -51.3149 -25.0801
    endloop
  endfacet
  facet normal -0.941545 0.291752 0.168443
    outer loop
      vertex 21.4883 -51.2638 -25.0506
      vertex 21.6986 -76.7598 20.2853
      vertex 21.6986 -50.7548 -24.7567
    endloop
  endfacet
  facet normal -0.941551 0.291739 0.168436
    outer loop
      vertex 21.4883 -51.2638 -25.0506
      vertex 21.4672 -77.3199 19.9619
      vertex 21.6986 -76.7598 20.2853
    endloop
  endfacet
  facet normal -0.514172 0.742779 0.428844
    outer loop
      vertex 18.889 -54.0355 -26.6509
      vertex 18.2998 -80.3464 18.2145
      vertex 18.889 -80.0405 18.3911
    endloop
  endfacet
  facet normal -0.514118 0.742806 0.42886
    outer loop
      vertex 18.2998 -80.3464 18.2145
      vertex 18.889 -54.0355 -26.6509
      vertex 18.2998 -54.3414 -26.8274
    endloop
  endfacet
  facet normal -0.243052 0.840056 0.485006
    outer loop
      vertex 17.032 -54.7961 -27.09
      vertex 16.3656 -80.9457 17.8685
      vertex 17.032 -80.8011 17.952
    endloop
  endfacet
  facet normal -0.243052 0.840056 0.485006
    outer loop
      vertex 16.3656 -80.9457 17.8685
      vertex 17.032 -54.7961 -27.09
      vertex 16.3656 -54.9407 -27.1735
    endloop
  endfacet
  facet normal -0.145553 0.856803 0.494675
    outer loop
      vertex 16.3656 -54.9407 -27.1735
      vertex 16.3108 -80.9527 17.8645
      vertex 16.3656 -80.9457 17.8685
    endloop
  endfacet
  facet normal -0.146748 0.85665 0.494586
    outer loop
      vertex 16.3108 -80.9527 17.8645
      vertex 16.3656 -54.9407 -27.1735
      vertex 15.7408 -55.021 -27.2198
    endloop
  endfacet
  facet normal 0.336855 0.815412 0.470778
    outer loop
      vertex 12.968 -80.8011 17.952
      vertex 12.3212 -54.5957 -26.9743
      vertex 12.3212 -80.6007 18.0677
    endloop
  endfacet
  facet normal 0.336855 0.815412 0.470778
    outer loop
      vertex 12.3212 -54.5957 -26.9743
      vertex 12.968 -80.8011 17.952
      vertex 12.968 -54.7961 -27.09
    endloop
  endfacet
  facet normal 0.00182738 -0.49783 0.867273
    outer loop
      vertex 10.8699 -51.3691 -30.8734
      vertex 10.5592 -51.1861 -30.7677
      vertex 10.8623 -51.3808 -30.8801
    endloop
  endfacet
  facet normal 0.000764572 -0.499186 0.866495
    outer loop
      vertex 10.5592 -51.1861 -30.7677
      vertex 10.8699 -51.3691 -30.8734
      vertex 10.0503 -50.7866 -30.5371
    endloop
  endfacet
  facet normal -0.00101266 -0.501061 0.865412
    outer loop
      vertex 10.8699 -51.3691 -30.8734
      vertex 10.8956 -51.3296 -30.8505
      vertex 10.0503 -50.7866 -30.5371
    endloop
  endfacet
  facet normal 0.000346043 -0.500001 0.866025
    outer loop
      vertex 9.58893 -50.3458 -30.2826
      vertex 9.44541 -50.1384 -30.1628
      vertex 9.43071 -50.1611 -30.1759
    endloop
  endfacet
  facet normal -0.000413187 -0.500395 0.865797
    outer loop
      vertex 9.58893 -50.3458 -30.2826
      vertex 9.48078 -50.0841 -30.1314
      vertex 9.44541 -50.1384 -30.1628
    endloop
  endfacet
  facet normal 0.0492793 0.864974 0.499391
    outer loop
      vertex 15 -81.0622 17.8013
      vertex 14.3691 -55.0303 -27.2252
      vertex 14.9447 -81.0598 17.8026
    endloop
  endfacet
  facet normal 0.0491497 0.864979 0.499396
    outer loop
      vertex 14.3691 -55.0303 -27.2252
      vertex 15 -81.0622 17.8013
      vertex 15 -55.0572 -27.2407
    endloop
  endfacet
  facet normal 0.145553 0.856803 0.494675
    outer loop
      vertex 13.6892 -80.9527 17.8645
      vertex 13.6344 -54.9407 -27.1735
      vertex 13.6344 -80.9457 17.8685
    endloop
  endfacet
  facet normal 0.146748 0.85665 0.494586
    outer loop
      vertex 13.6344 -54.9407 -27.1735
      vertex 13.6892 -80.9527 17.8645
      vertex 14.2592 -55.021 -27.2198
    endloop
  endfacet
  facet normal 0.146849 0.856637 0.494579
    outer loop
      vertex 14.3139 -81.033 17.8181
      vertex 14.2592 -55.021 -27.2198
      vertex 13.6892 -80.9527 17.8645
    endloop
  endfacet
  facet normal 0.146699 0.856656 0.49459
    outer loop
      vertex 14.2592 -55.021 -27.2198
      vertex 14.3139 -81.033 17.8181
      vertex 14.3139 -55.028 -27.2239
    endloop
  endfacet
  facet normal 0.941594 -0.291635 -0.168375
    outer loop
      vertex 8.51172 -72.7312 22.6111
      vertex 8.53284 -55.5704 -6.99423
      vertex 8.53284 -72.6801 22.6407
    endloop
  endfacet
  facet normal 0.941536 -0.291774 -0.168456
    outer loop
      vertex 8.30142 -73.2402 22.3173
      vertex 8.53284 -55.5704 -6.99423
      vertex 8.51172 -72.7312 22.6111
    endloop
  endfacet
  facet normal 0.941523 -0.291807 -0.168476
    outer loop
      vertex 8.53284 -55.5704 -6.99423
      vertex 8.30142 -73.2402 22.3173
      vertex 8.50311 -55.5868 -7.13197
    endloop
  endfacet
  facet normal 0.941543 -0.291757 -0.168446
    outer loop
      vertex 8.50311 -55.5868 -7.13197
      vertex 8.30142 -73.2402 22.3173
      vertex 8.30142 -55.6259 -8.19161
    endloop
  endfacet
  facet normal 0.514173 -0.742779 -0.428843
    outer loop
      vertex 11.7002 -46.3385 -15.995
      vertex 11.6527 -69.6783 24.3738
      vertex 11.2112 -46.677 -15.995
    endloop
  endfacet
  facet normal 0.514374 -0.742674 -0.428782
    outer loop
      vertex 11.6527 -69.6783 24.3738
      vertex 11.7002 -46.3385 -15.995
      vertex 11.7002 -69.6536 24.388
    endloop
  endfacet
  facet normal 0.671755 -0.641528 -0.370387
    outer loop
      vertex 10.5592 -70.3139 24.0068
      vertex 10.5263 -51.4675 -8.69574
      vertex 10.5592 -51.2906 -8.94247
    endloop
  endfacet
  facet normal 0.671616 -0.641638 -0.37045
    outer loop
      vertex 10.5592 -70.3139 24.0068
      vertex 10.1627 -52.786 -7.07123
      vertex 10.5263 -51.4675 -8.69574
    endloop
  endfacet
  facet normal 0.671475 -0.64175 -0.370512
    outer loop
      vertex 10.5592 -70.3139 24.0068
      vertex 10.0503 -53.0817 -6.76276
      vertex 10.1627 -52.786 -7.07123
    endloop
  endfacet
  facet normal 0.671629 -0.641627 -0.370445
    outer loop
      vertex 10.0503 -53.0817 -6.76276
      vertex 10.5592 -70.3139 24.0068
      vertex 10.0503 -70.7134 23.7761
    endloop
  endfacet
  facet normal 0.80317 -0.515934 -0.297875
    outer loop
      vertex 9.58893 -71.1542 23.5216
      vertex 9.45611 -54.4091 -5.83982
      vertex 9.58893 -54.1761 -5.88526
    endloop
  endfacet
  facet normal 0.803253 -0.515837 -0.29782
    outer loop
      vertex 9.45611 -54.4091 -5.83982
      vertex 9.58893 -71.1542 23.5216
      vertex 9.17971 -54.8941 -5.74526
    endloop
  endfacet
  facet normal 0.80319 -0.515911 -0.297861
    outer loop
      vertex 9.21706 -71.5884 23.2709
      vertex 9.17971 -54.8941 -5.74526
      vertex 9.58893 -71.1542 23.5216
    endloop
  endfacet
  facet normal 0.802913 -0.516235 -0.298047
    outer loop
      vertex 9.17971 -54.8941 -5.74526
      vertex 9.21706 -71.5884 23.2709
      vertex 9.17971 -71.632 23.2458
    endloop
  endfacet
  facet normal 0.857692 -0.445279 -0.257081
    outer loop
      vertex 9.17971 -71.632 23.2458
      vertex 9.14616 -54.9475 -5.7647
      vertex 9.17971 -54.8941 -5.74526
    endloop
  endfacet
  facet normal 0.857737 -0.445215 -0.257044
    outer loop
      vertex 8.82655 -72.1423 22.9512
      vertex 9.14616 -54.9475 -5.7647
      vertex 9.17971 -71.632 23.2458
    endloop
  endfacet
  facet normal 0.857724 -0.445233 -0.257054
    outer loop
      vertex 9.14616 -54.9475 -5.7647
      vertex 8.82655 -72.1423 22.9512
      vertex 8.86343 -55.2653 -6.15765
    endloop
  endfacet
  facet normal 0.857555 -0.445477 -0.257196
    outer loop
      vertex 8.86343 -55.2653 -6.15765
      vertex 8.82655 -72.1423 22.9512
      vertex 8.82655 -55.3067 -6.20891
    endloop
  endfacet
  facet normal -0.426935 -0.783128 -0.452148
    outer loop
      vertex 17.7812 -46.0553 -15.995
      vertex 18.2998 -69.6536 24.388
      vertex 18.2497 -69.6331 24.3998
    endloop
  endfacet
  facet normal -0.427525 -0.78289 -0.452001
    outer loop
      vertex 18.2998 -69.6536 24.388
      vertex 17.7812 -46.0553 -15.995
      vertex 18.2998 -46.3385 -15.995
    endloop
  endfacet
  facet normal -0.857775 -0.445159 -0.257012
    outer loop
      vertex 21.1734 -43.6423 -26.4123
      vertex 20.8203 -71.632 23.2458
      vertex 20.8203 -43.132 -26.1177
    endloop
  endfacet
  facet normal -0.857775 -0.445159 -0.257012
    outer loop
      vertex 20.8203 -71.632 23.2458
      vertex 21.1734 -43.6423 -26.4123
      vertex 21.1734 -72.1423 22.9512
    endloop
  endfacet
  facet normal 0.146746 -0.85665 -0.494587
    outer loop
      vertex 14.3139 -45.423 -15.995
      vertex 13.6344 -69.0543 24.734
      vertex 13.6344 -45.5394 -15.995
    endloop
  endfacet
  facet normal 0.146744 -0.85665 -0.494587
    outer loop
      vertex 13.6344 -69.0543 24.734
      vertex 14.3139 -45.423 -15.995
      vertex 14.3139 -68.967 24.7844
    endloop
  endfacet
  facet normal 0.336967 -0.815377 -0.470758
    outer loop
      vertex 12.968 -45.7321 -15.995
      vertex 12.3212 -69.3993 24.5348
      vertex 12.3212 -45.9994 -15.995
    endloop
  endfacet
  facet normal 0.336919 -0.815392 -0.470768
    outer loop
      vertex 12.3212 -69.3993 24.5348
      vertex 12.968 -45.7321 -15.995
      vertex 12.968 -69.1989 24.6506
    endloop
  endfacet
  facet normal 0.740979 -0.58156 -0.335765
    outer loop
      vertex 10.0503 -70.7134 23.7761
      vertex 9.90104 -53.4594 -6.43796
      vertex 10.0503 -53.0817 -6.76276
    endloop
  endfacet
  facet normal 0.740921 -0.581616 -0.335797
    outer loop
      vertex 10.0503 -70.7134 23.7761
      vertex 9.70113 -53.9653 -6.00281
      vertex 9.90104 -53.4594 -6.43796
    endloop
  endfacet
  facet normal 0.740922 -0.581614 -0.335796
    outer loop
      vertex 10.0503 -70.7134 23.7761
      vertex 9.58893 -54.1761 -5.88526
      vertex 9.70113 -53.9653 -6.00281
    endloop
  endfacet
  facet normal 0.740919 -0.581618 -0.335798
    outer loop
      vertex 9.58893 -54.1761 -5.88526
      vertex 10.0503 -70.7134 23.7761
      vertex 9.58893 -71.1542 23.5216
    endloop
  endfacet
  facet normal -0.989177 0.127069 0.0733631
    outer loop
      vertex 21.8655 -50 -24.7313
      vertex 21.9663 -47.0942 -28.4052
      vertex 21.8655 -47.6827 -28.745
    endloop
  endfacet
  facet normal -0.989198 0.126957 0.0732739
    outer loop
      vertex 21.8959 -50 -24.3209
      vertex 21.9663 -47.0942 -28.4052
      vertex 21.8655 -50 -24.7313
    endloop
  endfacet
  facet normal -0.989165 0.127139 0.0734037
    outer loop
      vertex 21.8959 -50 -24.3209
      vertex 21.9663 -75.5942 20.9582
      vertex 21.9663 -47.0942 -28.4052
    endloop
  endfacet
  facet normal -0.989203 0.126918 0.073279
    outer loop
      vertex 21.8655 -50.1777 -24.4235
      vertex 21.9663 -75.5942 20.9582
      vertex 21.8959 -50 -24.3209
    endloop
  endfacet
  facet normal -0.989175 0.127078 0.0733686
    outer loop
      vertex 21.9663 -75.5942 20.9582
      vertex 21.8655 -50.1777 -24.4235
      vertex 21.8655 -76.1827 20.6185
    endloop
  endfacet
  facet normal -0.803054 0.51611 0.297886
    outer loop
      vertex 20.8203 -50 -29.778
      vertex 20.8203 -49.868 -30.0067
      vertex 20.7072 -50 -30.0829
    endloop
  endfacet
  facet normal -0.802815 0.516349 0.298114
    outer loop
      vertex 20.7829 -52.4066 -25.7104
      vertex 20.8203 -78.368 19.3568
      vertex 20.8203 -52.363 -25.6852
    endloop
  endfacet
  facet normal -0.803244 0.515848 0.297826
    outer loop
      vertex 20.4111 -52.8408 -25.9611
      vertex 20.8203 -78.368 19.3568
      vertex 20.7829 -52.4066 -25.7104
    endloop
  endfacet
  facet normal -0.803205 0.515894 0.297851
    outer loop
      vertex 20.8203 -78.368 19.3568
      vertex 20.4111 -52.8408 -25.9611
      vertex 20.4111 -78.8458 19.0809
    endloop
  endfacet
  facet normal -0.336855 0.815412 0.470778
    outer loop
      vertex 17.6788 -54.5957 -26.9743
      vertex 17.032 -80.8011 17.952
      vertex 17.6788 -80.6007 18.0677
    endloop
  endfacet
  facet normal -0.336855 0.815412 0.470778
    outer loop
      vertex 17.032 -80.8011 17.952
      vertex 17.6788 -54.5957 -26.9743
      vertex 17.032 -54.7961 -27.09
    endloop
  endfacet
  facet normal -0.671589 0.641659 0.370462
    outer loop
      vertex 19.4408 -53.6811 -26.4462
      vertex 19.9497 -79.2866 18.8264
      vertex 19.9497 -53.2816 -26.2156
    endloop
  endfacet
  facet normal -0.671629 0.641628 0.370445
    outer loop
      vertex 19.9497 -79.2866 18.8264
      vertex 19.4408 -53.6811 -26.4462
      vertex 19.4408 -79.6861 18.5957
    endloop
  endfacet
  facet normal -0.595677 0.695612 0.401612
    outer loop
      vertex 19.4408 -53.6811 -26.4462
      vertex 18.889 -80.0405 18.3911
      vertex 19.4408 -79.6861 18.5957
    endloop
  endfacet
  facet normal -0.595724 0.695582 0.401594
    outer loop
      vertex 18.889 -80.0405 18.3911
      vertex 19.4408 -53.6811 -26.4462
      vertex 18.889 -54.0355 -26.6509
    endloop
  endfacet
  facet normal 0.989178 0.127066 0.0733616
    outer loop
      vertex 8.1345 -76.1827 20.6185
      vertex 8.03371 -54.6777 -15.2702
      vertex 8.03371 -75.5942 20.9582
    endloop
  endfacet
  facet normal 0.989178 0.127066 0.0733615
    outer loop
      vertex 8.03371 -54.6777 -15.2702
      vertex 8.1345 -76.1827 20.6185
      vertex 8.1345 -54.1701 -17.5084
    endloop
  endfacet
  facet normal 0.514172 0.742779 0.428844
    outer loop
      vertex 11.7002 -80.3464 18.2145
      vertex 11.111 -54.0355 -26.6509
      vertex 11.111 -80.0405 18.3911
    endloop
  endfacet
  facet normal 0.514118 0.742806 0.42886
    outer loop
      vertex 11.111 -54.0355 -26.6509
      vertex 11.7002 -80.3464 18.2145
      vertex 11.7002 -54.3414 -26.8274
    endloop
  endfacet
  facet normal 0.243052 0.840056 0.485006
    outer loop
      vertex 13.6344 -80.9457 17.8685
      vertex 12.968 -54.7961 -27.09
      vertex 12.968 -80.8011 17.952
    endloop
  endfacet
  facet normal 0.243052 0.840056 0.485006
    outer loop
      vertex 12.968 -54.7961 -27.09
      vertex 13.6344 -80.9457 17.8685
      vertex 13.6344 -54.9407 -27.1735
    endloop
  endfacet
  facet normal 0.427459 0.782917 0.452018
    outer loop
      vertex 12.3212 -80.6007 18.0677
      vertex 11.7002 -54.3414 -26.8274
      vertex 11.7002 -80.3464 18.2145
    endloop
  endfacet
  facet normal 0.427518 0.782893 0.452003
    outer loop
      vertex 11.7002 -54.3414 -26.8274
      vertex 12.3212 -80.6007 18.0677
      vertex 12.3212 -54.5957 -26.9743
    endloop
  endfacet
  facet normal 0.90399 -0.370273 -0.213777
    outer loop
      vertex 8.53284 -72.6801 22.6407
      vertex 8.82655 -55.3067 -6.20891
      vertex 8.82655 -72.1423 22.9512
    endloop
  endfacet
  facet normal 0.903998 -0.370258 -0.213768
    outer loop
      vertex 8.82655 -55.3067 -6.20891
      vertex 8.53284 -72.6801 22.6407
      vertex 8.53284 -55.5704 -6.99423
    endloop
  endfacet
  facet normal 0.513838 -0.742952 -0.428944
    outer loop
      vertex 11.2112 -46.677 -15.995
      vertex 11.111 -69.9595 24.2114
      vertex 11.111 -46.7463 -15.995
    endloop
  endfacet
  facet normal 0.514154 -0.742789 -0.428849
    outer loop
      vertex 11.111 -69.9595 24.2114
      vertex 11.2112 -46.677 -15.995
      vertex 11.6527 -69.6783 24.3738
    endloop
  endfacet
  facet normal -0.336919 -0.815392 -0.470768
    outer loop
      vertex 17.032 -45.7321 -15.995
      vertex 17.6788 -69.3993 24.5348
      vertex 17.032 -69.1989 24.6506
    endloop
  endfacet
  facet normal -0.336967 -0.815377 -0.470758
    outer loop
      vertex 17.6788 -69.3993 24.5348
      vertex 17.032 -45.7321 -15.995
      vertex 17.6788 -45.9994 -15.995
    endloop
  endfacet
  facet normal 0.941542 0.291761 0.168448
    outer loop
      vertex 8.53284 -77.3199 19.9619
      vertex 8.30142 -53.5626 -19.8934
      vertex 8.30142 -76.7598 20.2853
    endloop
  endfacet
  facet normal 0.941551 0.291738 0.168435
    outer loop
      vertex 8.30142 -53.5626 -19.8934
      vertex 8.53284 -77.3199 19.9619
      vertex 8.50311 -52.9511 -22.08
    endloop
  endfacet
  facet normal 0.941499 0.291865 0.168508
    outer loop
      vertex 8.50311 -52.9511 -22.08
      vertex 8.53284 -77.3199 19.9619
      vertex 8.53284 -52.8503 -22.4207
    endloop
  endfacet
  facet normal 0.90399 0.370273 0.213777
    outer loop
      vertex 8.82655 -77.8577 19.6514
      vertex 8.53284 -52.8503 -22.4207
      vertex 8.53284 -77.3199 19.9619
    endloop
  endfacet
  facet normal 0.904002 0.37025 0.213763
    outer loop
      vertex 8.53284 -52.8503 -22.4207
      vertex 8.82655 -77.8577 19.6514
      vertex 8.82655 -51.9561 -25.2116
    endloop
  endfacet
  facet normal 0.740919 0.581618 0.335797
    outer loop
      vertex 9.58893 -78.8458 19.0809
      vertex 10.0503 -50.7866 -30.5371
      vertex 9.58893 -50.3458 -30.2826
    endloop
  endfacet
  facet normal 0.740919 0.581618 0.335797
    outer loop
      vertex 10.0503 -50.7866 -30.5371
      vertex 9.58893 -78.8458 19.0809
      vertex 10.0503 -79.2866 18.8264
    endloop
  endfacet
  facet normal 0.595677 -0.695612 -0.401612
    outer loop
      vertex 10.5592 -51.2906 -8.94247
      vertex 11.111 -69.9595 24.2114
      vertex 10.5592 -70.3139 24.0068
    endloop
  endfacet
  facet normal 0.59546 -0.695754 -0.401689
    outer loop
      vertex 10.6866 -50.5954 -9.95775
      vertex 11.111 -69.9595 24.2114
      vertex 10.5592 -51.2906 -8.94247
    endloop
  endfacet
  facet normal 0.595821 -0.695519 -0.40156
    outer loop
      vertex 10.7886 -50.0382 -10.7715
      vertex 11.111 -69.9595 24.2114
      vertex 10.6866 -50.5954 -9.95775
    endloop
  endfacet
  facet normal 0.595763 -0.695556 -0.401581
    outer loop
      vertex 10.947 -48.5368 -13.137
      vertex 11.111 -69.9595 24.2114
      vertex 10.7886 -50.0382 -10.7715
    endloop
  endfacet
  facet normal 0.595433 -0.695761 -0.401717
    outer loop
      vertex 11.111 -46.7463 -15.995
      vertex 10.947 -48.5368 -13.137
      vertex 11 -46.9805 -15.7539
    endloop
  endfacet
  facet normal 0.595656 -0.695626 -0.40162
    outer loop
      vertex 10.947 -48.5368 -13.137
      vertex 11.111 -46.7463 -15.995
      vertex 11.111 -69.9595 24.2114
    endloop
  endfacet
  facet normal 0.595683 -0.695666 -0.401511
    outer loop
      vertex 11.111 -46.7463 -15.995
      vertex 11 -46.9805 -15.7539
      vertex 10.9955 -46.8452 -15.995
    endloop
  endfacet
  facet normal 0.803167 0.515945 0.297865
    outer loop
      vertex 9.17971 -50.9451 -28.1411
      vertex 9.58893 -50.3458 -30.2826
      vertex 9.43071 -50.1611 -30.1759
    endloop
  endfacet
  facet normal 0.803191 0.51591 0.297861
    outer loop
      vertex 9.58893 -78.8458 19.0809
      vertex 9.17971 -50.9451 -28.1411
      vertex 9.17971 -78.368 19.3568
    endloop
  endfacet
  facet normal 0.803192 0.515909 0.29786
    outer loop
      vertex 9.17971 -50.9451 -28.1411
      vertex 9.58893 -78.8458 19.0809
      vertex 9.58893 -50.3458 -30.2826
    endloop
  endfacet
  facet normal -0.998786 -0.0485197 -0.00855376
    outer loop
      vertex 10.9573 -44.1648 -26.714
      vertex 10.947 -42.005 -37.7624
      vertex 10.9506 -42.068 -37.8254
    endloop
  endfacet
  facet normal -0.998781 -0.0486048 -0.00857041
    outer loop
      vertex 10.947 -42.005 -37.7624
      vertex 10.9573 -44.1648 -26.714
      vertex 10.947 -43.9727 -26.6031
    endloop
  endfacet
  facet normal -0.99879 -0.0484315 -0.00853979
    outer loop
      vertex 10.9637 -46.1876 -15.995
      vertex 10.947 -55.8693 40.8657
      vertex 10.947 -45.8432 -15.995
    endloop
  endfacet
  facet normal -0.998796 -0.0483197 -0.00852077
    outer loop
      vertex 10.947 -55.8693 40.8657
      vertex 10.9637 -46.1876 -15.995
      vertex 10.9976 -56.8837 40.6869
    endloop
  endfacet
  facet normal -0.0490352 0.983623 0.17344
    outer loop
      vertex 0.0117979 -53.0033 -44.9402
      vertex 0 -67.764 38.7684
      vertex 1.03009 -67.7142 38.7772
    endloop
  endfacet
  facet normal -0.0514874 0.983502 0.173418
    outer loop
      vertex 0 -67.764 38.7684
      vertex 0.0117979 -53.0033 -44.9402
      vertex 0 -53.0039 -44.9403
    endloop
  endfacet
  facet normal 0 -0.173658 0.984806
    outer loop
      vertex -8.17397 -48.766 -45.193
      vertex -7.28994 -50 -45.4106
      vertex -7.03824 -50 -45.4106
    endloop
  endfacet
  facet normal -0.000286516 -0.173857 0.984771
    outer loop
      vertex -7.28994 -50 -45.4106
      vertex -8.17397 -48.766 -45.193
      vertex -8.34352 -48.7357 -45.1877
    endloop
  endfacet
  facet normal -0.595711 0.790996 0.139474
    outer loop
      vertex 6.97833 -50.5449 -44.5067
      vertex 6.11127 -65.9383 39.0903
      vertex 6.97833 -65.305 39.202
    endloop
  endfacet
  facet normal -0.595711 0.790996 0.139474
    outer loop
      vertex 6.11127 -65.9383 39.0903
      vertex 6.97833 -50.5449 -44.5067
      vertex 6.11127 -51.1782 -44.6184
    endloop
  endfacet
  facet normal 0.998795 -0.0483409 -0.00852262
    outer loop
      vertex -10.9602 -45.0858 -21.8333
      vertex -11 -42.9357 -38.6931
      vertex -10.9506 -42.068 -37.8254
    endloop
  endfacet
  facet normal 0.998796 -0.0483139 -0.00851919
    outer loop
      vertex -11 -42.9357 -38.6931
      vertex -10.9602 -45.0858 -21.8333
      vertex -11 -46.3568 -19.2914
    endloop
  endfacet
  facet normal 0.998796 -0.0483159 -0.00852006
    outer loop
      vertex -10.9976 -56.8837 40.6869
      vertex -11 -46.938 -15.995
      vertex -10.9637 -46.1876 -15.995
    endloop
  endfacet
  facet normal 0.998759 -0.0490378 -0.00864671
    outer loop
      vertex -11 -46.938 -15.995
      vertex -10.9976 -56.8837 40.6869
      vertex -11 -56.9311 40.6785
    endloop
  endfacet
  facet normal 0.33686 0.92725 0.163499
    outer loop
      vertex -3.19313 -67.2975 38.8506
      vertex -4.20952 -52.1793 -44.7949
      vertex -4.20952 -66.9394 38.9138
    endloop
  endfacet
  facet normal 0.336846 0.927255 0.1635
    outer loop
      vertex -4.20952 -52.1793 -44.7949
      vertex -3.19313 -67.2975 38.8506
      vertex -3.19313 -52.5374 -44.858
    endloop
  endfacet
  facet normal 0 -0.173638 0.98481
    outer loop
      vertex -10.1627 -37.8544 -43.269
      vertex -5.81536 -34.6505 -42.7041
      vertex -6.1984 -34.6505 -42.7041
    endloop
  endfacet
  facet normal 7.2468e-06 -0.173648 0.984808
    outer loop
      vertex -5.81536 -34.6505 -42.7041
      vertex -10.1627 -37.8544 -43.269
      vertex -10.5263 -38.8554 -43.4455
    endloop
  endfacet
  facet normal 0.903991 0.421055 0.0742432
    outer loop
      vertex -9.70113 -62.0377 39.7781
      vertex -9.71022 -47.3953 -43.1526
      vertex -10.1421 -61.1195 39.94
    endloop
  endfacet
  facet normal 0.903235 0.422628 0.0745209
    outer loop
      vertex -9.71022 -47.3953 -43.1526
      vertex -9.70113 -62.0377 39.7781
      vertex -9.70113 -47.4118 -43.1692
    endloop
  endfacet
  facet normal -0.989171 -0.144536 -0.0254859
    outer loop
      vertex 10.947 -43.9727 -26.6031
      vertex 10.9361 -41.9416 -37.6989
      vertex 10.947 -42.005 -37.7624
    endloop
  endfacet
  facet normal -0.989168 -0.14456 -0.0254901
    outer loop
      vertex 10.9361 -41.9416 -37.6989
      vertex 10.947 -43.9727 -26.6031
      vertex 10.9161 -43.7808 -26.4923
    endloop
  endfacet
  facet normal -0.989181 -0.144474 -0.0254746
    outer loop
      vertex 10.947 -45.8432 -15.995
      vertex 10.7957 -54.8646 41.0429
      vertex 10.8974 -45.5036 -15.995
    endloop
  endfacet
  facet normal -0.989181 -0.14447 -0.025474
    outer loop
      vertex 10.7957 -54.8646 41.0429
      vertex 10.947 -45.8432 -15.995
      vertex 10.947 -55.8693 40.8657
    endloop
  endfacet
  facet normal 0 -0.173665 0.984805
    outer loop
      vertex 10.5263 -38.8554 -43.4455
      vertex 8.09693 -39.2773 -43.5199
      vertex 10.5685 -39.2773 -43.5199
    endloop
  endfacet
  facet normal -3.8657e-06 -0.173644 0.984809
    outer loop
      vertex 5.81536 -34.6505 -42.7041
      vertex 8.09693 -39.2773 -43.5199
      vertex 10.5263 -38.8554 -43.4455
    endloop
  endfacet
  facet normal 0 -0.173642 0.984809
    outer loop
      vertex 8.09693 -39.2773 -43.5199
      vertex 5.81536 -34.6505 -42.7041
      vertex 4.61252 -34.6505 -42.7041
    endloop
  endfacet
  facet normal -9.87761e-05 -0.17357 0.984822
    outer loop
      vertex 7.3903 -48.9057 -45.2177
      vertex 7.03824 -50 -45.4106
      vertex 8.17397 -48.766 -45.193
    endloop
  endfacet
  facet normal 0 -0.173601 0.984816
    outer loop
      vertex 7.03824 -50 -45.4106
      vertex 7.3903 -48.9057 -45.2177
      vertex 6.72429 -50 -45.4106
    endloop
  endfacet
  facet normal -0.970182 0.238697 0.0420793
    outer loop
      vertex 10.7413 -47.1182 -28.4191
      vertex 10.7886 -44.7882 -40.5456
      vertex 10.7774 -44.8269 -40.5843
    endloop
  endfacet
  facet normal -0.970024 0.239317 0.042199
    outer loop
      vertex 10.7886 -44.7882 -40.5456
      vertex 10.7413 -47.1182 -28.4191
      vertex 10.7886 -46.9442 -28.3186
    endloop
  endfacet
  facet normal -0.970062 0.239166 0.0421713
    outer loop
      vertex 10.6866 -50.5954 -9.95775
      vertex 10.7886 -59.0445 40.3059
      vertex 10.7886 -50.0382 -10.7715
    endloop
  endfacet
  facet normal -0.970029 0.239298 0.0421934
    outer loop
      vertex 10.7886 -59.0445 40.3059
      vertex 10.6866 -50.5954 -9.95775
      vertex 10.538 -60.0297 40.1321
    endloop
  endfacet
  facet normal 0.000131513 -0.173566 0.984822
    outer loop
      vertex 10.1627 -37.8544 -43.269
      vertex 9.14616 -35.9816 -42.9388
      vertex 7.77817 -34.34 -42.6493
    endloop
  endfacet
  facet normal -0.97 0.23941 0.0422146
    outer loop
      vertex 10.5592 -51.2906 -8.94247
      vertex 10.538 -60.0297 40.1321
      vertex 10.6866 -50.5954 -9.95775
    endloop
  endfacet
  facet normal -0.970042 0.239247 0.0421856
    outer loop
      vertex 10.5263 -51.4675 -8.69574
      vertex 10.538 -60.0297 40.1321
      vertex 10.5592 -51.2906 -8.94247
    endloop
  endfacet
  facet normal -0.97003 0.239295 0.042194
    outer loop
      vertex 10.538 -60.0297 40.1321
      vertex 10.5263 -51.4675 -8.69574
      vertex 10.5263 -60.0757 40.124
    endloop
  endfacet
  facet normal -0.970023 0.239322 0.0421993
    outer loop
      vertex 10.5263 -47.9092 -28.8758
      vertex 10.7774 -44.8269 -40.5843
      vertex 10.5263 -45.6921 -41.4495
    endloop
  endfacet
  facet normal -0.970028 0.2393 0.0421933
    outer loop
      vertex 10.7774 -44.8269 -40.5843
      vertex 10.5263 -47.9092 -28.8758
      vertex 10.7413 -47.1182 -28.4191
    endloop
  endfacet
  facet normal 0.000184027 -0.173825 0.984777
    outer loop
      vertex -6.97833 -33.6261 -42.5234
      vertex -6.48662 -33.3967 -42.483
      vertex -6.49895 -33.3106 -42.4678
    endloop
  endfacet
  facet normal 0.00023451 -0.17393 0.984758
    outer loop
      vertex -6.48662 -33.3967 -42.483
      vertex -6.97833 -33.6261 -42.5234
      vertex -7.77817 -34.34 -42.6493
    endloop
  endfacet
  facet normal 0 -0.173665 0.984805
    outer loop
      vertex -10.5899 -39.2773 -43.5199
      vertex -10.5263 -38.8554 -43.4455
      vertex -10.6337 -39.2773 -43.5199
    endloop
  endfacet
  facet normal 3.03056e-05 -0.173664 0.984805
    outer loop
      vertex -7.77817 -34.34 -42.6493
      vertex -6.307 -34.6505 -42.7041
      vertex -6.45153 -33.6417 -42.5262
    endloop
  endfacet
  facet normal 0 -0.173638 0.98481
    outer loop
      vertex -6.307 -34.6505 -42.7041
      vertex -10.1627 -37.8544 -43.269
      vertex -6.1984 -34.6505 -42.7041
    endloop
  endfacet
  facet normal 2.87027e-05 -0.173672 0.984804
    outer loop
      vertex -10.1627 -37.8544 -43.269
      vertex -6.307 -34.6505 -42.7041
      vertex -7.77817 -34.34 -42.6493
    endloop
  endfacet
  facet normal 0 -0.173642 0.984809
    outer loop
      vertex -4.61252 -34.6505 -42.7041
      vertex 8.09693 -39.2773 -43.5199
      vertex 4.61252 -34.6505 -42.7041
    endloop
  endfacet
  facet normal 0 -0.173642 0.984809
    outer loop
      vertex 8.09693 -39.2773 -43.5199
      vertex -4.61252 -34.6505 -42.7041
      vertex -8.09693 -39.2773 -43.5199
    endloop
  endfacet
  facet normal 0.67154 0.729711 0.128668
    outer loop
      vertex -7.74249 -64.623 39.3222
      vertex -6.98708 -50.5371 -44.5053
      vertex -7.58885 -50 -44.4106
    endloop
  endfacet
  facet normal 0.672121 0.729192 0.128579
    outer loop
      vertex -7.58885 -50 -44.4106
      vertex -7.77817 -64.5911 39.3278
      vertex -7.74249 -64.623 39.3222
    endloop
  endfacet
  facet normal 0.671555 0.729698 0.128665
    outer loop
      vertex -7.58885 -50 -44.4106
      vertex -7.77817 -49.66 -45.3507
      vertex -7.77817 -64.5911 39.3278
    endloop
  endfacet
  facet normal 0.671558 0.729695 0.128664
    outer loop
      vertex -7.77817 -49.66 -45.3507
      vertex -7.58885 -50 -44.4106
      vertex -7.39726 -50 -45.4106
    endloop
  endfacet
  facet normal -0.989175 -0.144509 -0.0254819
    outer loop
      vertex 10.9161 -43.7808 -26.4923
      vertex 10.7886 -41.0833 -36.8406
      vertex 10.9361 -41.9416 -37.6989
    endloop
  endfacet
  facet normal -0.989178 -0.144492 -0.0254774
    outer loop
      vertex 10.7886 -41.0833 -36.8406
      vertex 10.9161 -43.7808 -26.4923
      vertex 10.7886 -42.9886 -26.0349
    endloop
  endfacet
  facet normal -0.989174 -0.144517 -0.0254824
    outer loop
      vertex 10.8974 -45.5036 -15.995
      vertex 10.7886 -54.8177 41.0512
      vertex 10.7886 -44.7589 -15.995
    endloop
  endfacet
  facet normal -0.989071 -0.145202 -0.0255939
    outer loop
      vertex 10.7886 -54.8177 41.0512
      vertex 10.8974 -45.5036 -15.995
      vertex 10.7957 -54.8646 41.0429
    endloop
  endfacet
  facet normal -0.904346 -0.420318 -0.0741071
    outer loop
      vertex 9.70113 -36.8934 -43.0996
      vertex 9.70976 -37.2035 -41.4461
      vertex 9.70113 -37.1877 -41.4304
    endloop
  endfacet
  facet normal -0.903978 -0.421082 -0.074248
    outer loop
      vertex 9.84255 -41.9763 -15.995
      vertex 9.70113 -51.8245 41.5789
      vertex 9.70113 -41.6727 -15.995
    endloop
  endfacet
  facet normal -0.903991 -0.421055 -0.0742434
    outer loop
      vertex 9.70113 -51.8245 41.5789
      vertex 9.84255 -41.9763 -15.995
      vertex 10.1421 -52.7427 41.417
    endloop
  endfacet
  facet normal -0.857719 -0.506308 -0.0892807
    outer loop
      vertex 9.69061 -37.1726 -41.4152
      vertex 9.14616 -35.9816 -42.9388
      vertex 9.70113 -36.8934 -43.0996
    endloop
  endfacet
  facet normal -0.857724 -0.5063 -0.0892722
    outer loop
      vertex 9.14616 -35.9816 -42.9388
      vertex 9.69061 -37.1726 -41.4152
      vertex 9.14616 -36.3885 -40.6311
    endloop
  endfacet
  facet normal -0.857726 -0.506297 -0.089274
    outer loop
      vertex 9.53173 -41.3857 -15.995
      vertex 9.14616 -50.9127 41.7397
      vertex 9.14616 -40.7325 -15.995
    endloop
  endfacet
  facet normal -0.857851 -0.50609 -0.0892406
    outer loop
      vertex 9.14616 -50.9127 41.7397
      vertex 9.53173 -41.3857 -15.995
      vertex 9.17092 -50.9534 41.7325
    endloop
  endfacet
  facet normal -0.969984 -0.239474 -0.0422362
    outer loop
      vertex 10.5263 -38.8554 -43.4455
      vertex 10.6337 -39.2773 -43.5199
      vertex 10.5263 -38.9075 -43.1501
    endloop
  endfacet
  facet normal -0.970029 -0.239297 -0.0421924
    outer loop
      vertex 10.7886 -41.0833 -36.8406
      vertex 10.5263 -41.348 -29.3089
      vertex 10.5263 -40.1794 -35.9367
    endloop
  endfacet
  facet normal -0.970031 -0.239288 -0.0421922
    outer loop
      vertex 10.7886 -42.9886 -26.0349
      vertex 10.5263 -41.348 -29.3089
      vertex 10.7886 -41.0833 -36.8406
    endloop
  endfacet
  facet normal -0.972475 -0.229996 -0.0373399
    outer loop
      vertex 10.5263 -41.348 -29.3089
      vertex 10.7886 -42.9886 -26.0349
      vertex 10.7879 -42.9859 -26.0333
    endloop
  endfacet
  facet normal -0.97003 -0.239292 -0.0421939
    outer loop
      vertex 10.7886 -44.7589 -15.995
      vertex 10.5263 -53.7865 41.233
      vertex 10.5263 -43.6956 -15.995
    endloop
  endfacet
  facet normal -0.97001 -0.239371 -0.0422063
    outer loop
      vertex 10.7886 -44.7589 -15.995
      vertex 10.6063 -54.1009 41.1775
      vertex 10.5263 -53.7865 41.233
    endloop
  endfacet
  facet normal -0.970036 -0.23927 -0.0421899
    outer loop
      vertex 10.6063 -54.1009 41.1775
      vertex 10.7886 -44.7589 -15.995
      vertex 10.7886 -54.8177 41.0512
    endloop
  endfacet
  facet normal 0 -0.173638 0.98481
    outer loop
      vertex 5.81536 -34.6505 -42.7041
      vertex 10.1627 -37.8544 -43.269
      vertex 6.1984 -34.6505 -42.7041
    endloop
  endfacet
  facet normal -7.2468e-06 -0.173648 0.984808
    outer loop
      vertex 10.1627 -37.8544 -43.269
      vertex 5.81536 -34.6505 -42.7041
      vertex 10.5263 -38.8554 -43.4455
    endloop
  endfacet
  facet normal -0.998797 -0.0482995 -0.00846261
    outer loop
      vertex 11 -46.9805 -15.7539
      vertex 10.9637 -46.1876 -15.995
      vertex 10.9955 -46.8452 -15.995
    endloop
  endfacet
  facet normal -0.998796 -0.048317 -0.00852025
    outer loop
      vertex 11 -46.9805 -15.7539
      vertex 10.9976 -56.8837 40.6869
      vertex 10.9637 -46.1876 -15.995
    endloop
  endfacet
  facet normal -0.998759 -0.0490378 -0.00864672
    outer loop
      vertex 10.9976 -56.8837 40.6869
      vertex 11 -46.9805 -15.7539
      vertex 11 -56.9311 40.6785
    endloop
  endfacet
  facet normal -0.998795 -0.0483396 -0.00852386
    outer loop
      vertex 11 -44.9664 -27.1768
      vertex 10.9506 -42.068 -37.8254
      vertex 11 -42.9357 -38.6931
    endloop
  endfacet
  facet normal -0.998797 -0.0482908 -0.00851057
    outer loop
      vertex 10.9506 -42.068 -37.8254
      vertex 11 -44.9664 -27.1768
      vertex 10.9573 -44.1648 -26.714
    endloop
  endfacet
  facet normal 9.39593e-05 -0.173638 0.98481
    outer loop
      vertex 8.34352 -48.7357 -45.1877
      vertex 8.50311 -48.8723 -45.2118
      vertex 8.63052 -48.6845 -45.1787
    endloop
  endfacet
  facet normal 6.29138e-05 -0.173673 0.984803
    outer loop
      vertex 8.34352 -48.7357 -45.1877
      vertex 7.35803 -50 -45.4106
      vertex 8.50311 -48.8723 -45.2118
    endloop
  endfacet
  facet normal 0 -0.173625 0.984812
    outer loop
      vertex 7.35803 -50 -45.4106
      vertex 8.34352 -48.7357 -45.1877
      vertex 7.28994 -50 -45.4106
    endloop
  endfacet
  facet normal 0.85773 0.50629 0.0892726
    outer loop
      vertex -9.14616 -62.9495 39.6173
      vertex -9.14621 -48.211 -43.9684
      vertex -9.69037 -47.4273 -43.1847
    endloop
  endfacet
  facet normal 0.85731 0.506978 0.0894042
    outer loop
      vertex -9.14616 -62.9495 39.6173
      vertex -9.69037 -47.4273 -43.1847
      vertex -9.17092 -62.9089 39.6245
    endloop
  endfacet
  facet normal 0.918132 0.390254 0.0688122
    outer loop
      vertex -9.14621 -48.211 -43.9684
      vertex -9.14616 -62.9495 39.6173
      vertex -9.14616 -48.2111 -43.9685
    endloop
  endfacet
  facet normal 0.514163 -0.844662 -0.148937
    outer loop
      vertex -5.83561 -37.483 -15.995
      vertex -6.11127 -47.9239 42.2667
      vertex -6.11127 -37.6508 -15.995
    endloop
  endfacet
  facet normal 0.514139 -0.844676 -0.148939
    outer loop
      vertex -6.11127 -47.9239 42.2667
      vertex -5.83561 -37.483 -15.995
      vertex -5.22667 -47.4017 42.3588
    endloop
  endfacet
  facet normal 1.98917e-05 -0.173645 0.984808
    outer loop
      vertex -6.45153 -33.6417 -42.5262
      vertex -6.48662 -33.3967 -42.483
      vertex -7.77817 -34.34 -42.6493
    endloop
  endfacet
  facet normal 0.146787 -0.97414 -0.171767
    outer loop
      vertex -1.07819 -35.8221 -15.995
      vertex -2.14599 -46.3064 42.5519
      vertex -2.14599 -35.983 -15.995
    endloop
  endfacet
  facet normal 0.146742 -0.974147 -0.171769
    outer loop
      vertex -2.14599 -46.3064 42.5519
      vertex -1.07819 -35.8221 -15.995
      vertex -1.07819 -46.1504 42.5794
    endloop
  endfacet
  facet normal 0 -0.173601 0.984816
    outer loop
      vertex -7.3903 -48.9057 -45.2177
      vertex -7.03824 -50 -45.4106
      vertex -6.72429 -50 -45.4106
    endloop
  endfacet
  facet normal 9.87761e-05 -0.17357 0.984822
    outer loop
      vertex -7.03824 -50 -45.4106
      vertex -7.3903 -48.9057 -45.2177
      vertex -8.17397 -48.766 -45.193
    endloop
  endfacet
  facet normal 0.000103974 -0.173662 0.984805
    outer loop
      vertex 6.56715 -49.0525 -45.2435
      vertex 6.72429 -50 -45.4106
      vertex 7.3903 -48.9057 -45.2177
    endloop
  endfacet
  facet normal 1.4247e-06 -0.173678 0.984802
    outer loop
      vertex 0 -49.4404 -45.3119
      vertex 6.72429 -50 -45.4106
      vertex 6.56715 -49.0525 -45.2435
    endloop
  endfacet
  facet normal -1.4247e-06 -0.173678 0.984802
    outer loop
      vertex -6.72429 -50 -45.4106
      vertex 0 -49.4404 -45.3119
      vertex -6.56715 -49.0525 -45.2435
    endloop
  endfacet
  facet normal 0 -0.173695 0.984799
    outer loop
      vertex 0 -49.4404 -45.3119
      vertex -6.72429 -50 -45.4106
      vertex 6.72429 -50 -45.4106
    endloop
  endfacet
  facet normal -0.000103974 -0.173662 0.984805
    outer loop
      vertex -6.72429 -50 -45.4106
      vertex -6.56715 -49.0525 -45.2435
      vertex -7.3903 -48.9057 -45.2177
    endloop
  endfacet
  facet normal 0.969984 -0.239474 -0.0422362
    outer loop
      vertex -10.5263 -38.8554 -43.4455
      vertex -10.5263 -38.9075 -43.1501
      vertex -10.6337 -39.2773 -43.5199
    endloop
  endfacet
  facet normal 0.97003 -0.239292 -0.0421939
    outer loop
      vertex -10.5263 -53.7865 41.233
      vertex -10.7886 -44.7589 -15.995
      vertex -10.5263 -43.6956 -15.995
    endloop
  endfacet
  facet normal 0.97001 -0.239371 -0.0422063
    outer loop
      vertex -10.6063 -54.1009 41.1775
      vertex -10.7886 -44.7589 -15.995
      vertex -10.5263 -53.7865 41.233
    endloop
  endfacet
  facet normal 0.970036 -0.23927 -0.0421899
    outer loop
      vertex -10.7886 -44.7589 -15.995
      vertex -10.6063 -54.1009 41.1775
      vertex -10.7886 -54.8177 41.0512
    endloop
  endfacet
  facet normal 0.970029 -0.239297 -0.0421924
    outer loop
      vertex -10.5263 -41.348 -29.3089
      vertex -10.7886 -41.0833 -36.8406
      vertex -10.5263 -40.1794 -35.9367
    endloop
  endfacet
  facet normal 0.970033 -0.239282 -0.042192
    outer loop
      vertex -10.7886 -41.0833 -36.8406
      vertex -10.5263 -41.348 -29.3089
      vertex -10.7886 -42.9906 -26.0238
    endloop
  endfacet
  facet normal 0.857724 -0.5063 -0.0892722
    outer loop
      vertex -9.69061 -37.1726 -41.4152
      vertex -9.14616 -35.9816 -42.9388
      vertex -9.14616 -36.3885 -40.6311
    endloop
  endfacet
  facet normal 0.857719 -0.506308 -0.0892807
    outer loop
      vertex -9.14616 -35.9816 -42.9388
      vertex -9.69061 -37.1726 -41.4152
      vertex -9.70113 -36.8934 -43.0996
    endloop
  endfacet
  facet normal 0.857726 -0.506297 -0.089274
    outer loop
      vertex -9.14616 -50.9127 41.7397
      vertex -9.53173 -41.3857 -15.995
      vertex -9.14616 -40.7325 -15.995
    endloop
  endfacet
  facet normal 0.857851 -0.50609 -0.0892406
    outer loop
      vertex -9.53173 -41.3857 -15.995
      vertex -9.14616 -50.9127 41.7397
      vertex -9.17092 -50.9534 41.7325
    endloop
  endfacet
  facet normal -0.000131513 -0.173566 0.984822
    outer loop
      vertex -7.77817 -34.34 -42.6493
      vertex -9.14616 -35.9816 -42.9388
      vertex -10.1627 -37.8544 -43.269
    endloop
  endfacet
  facet normal -0.000633247 -0.172621 0.984988
    outer loop
      vertex -6.49895 -33.3106 -42.4678
      vertex -6.50345 -33.2792 -42.4623
      vertex -6.97833 -33.6261 -42.5234
    endloop
  endfacet
  facet normal 0 -0.173504 0.984833
    outer loop
      vertex -7.35803 -50 -45.4106
      vertex -7.77817 -49.66 -45.3507
      vertex -7.39726 -50 -45.4106
    endloop
  endfacet
  facet normal -0.000498632 -0.174102 0.984728
    outer loop
      vertex -7.77817 -49.66 -45.3507
      vertex -7.35803 -50 -45.4106
      vertex -8.50311 -48.8723 -45.2118
    endloop
  endfacet
  facet normal 0.903977 0.421084 0.0742481
    outer loop
      vertex -10.1421 -61.1195 39.94
      vertex -9.93574 -46.9837 -42.741
      vertex -10.1627 -46.5695 -42.3268
    endloop
  endfacet
  facet normal 0.903598 0.421874 0.0743879
    outer loop
      vertex -10.1421 -61.1195 39.94
      vertex -10.1627 -46.5695 -42.3268
      vertex -10.1627 -61.0767 39.9475
    endloop
  endfacet
  facet normal 0.903989 0.421061 0.0742441
    outer loop
      vertex -9.93574 -46.9837 -42.741
      vertex -10.1421 -61.1195 39.94
      vertex -9.71022 -47.3953 -43.1526
    endloop
  endfacet
  facet normal 0.595576 -0.791095 -0.139494
    outer loop
      vertex -6.11127 -37.6508 -15.995
      vertex -6.93964 -48.5289 42.16
      vertex -6.37002 -37.8456 -15.995
    endloop
  endfacet
  facet normal 0.595684 -0.791016 -0.139477
    outer loop
      vertex -6.93964 -48.5289 42.16
      vertex -6.11127 -37.6508 -15.995
      vertex -6.11127 -47.9239 42.2667
    endloop
  endfacet
  facet normal -0.0505175 0.98355 0.173426
    outer loop
      vertex 1.07819 -52.9517 -44.9311
      vertex 1.03009 -67.7142 38.7772
      vertex 1.07819 -67.7118 38.7776
    endloop
  endfacet
  facet normal -0.049075 0.983621 0.17344
    outer loop
      vertex 1.03009 -67.7142 38.7772
      vertex 1.07819 -52.9517 -44.9311
      vertex 0.0117979 -53.0033 -44.9402
    endloop
  endfacet
  facet normal -0.242964 -0.955298 -0.168445
    outer loop
      vertex 2.14599 -35.983 -15.995
      vertex 3.19313 -46.5647 42.5064
      vertex 2.14599 -46.3064 42.5519
    endloop
  endfacet
  facet normal -0.242945 -0.955303 -0.168446
    outer loop
      vertex 3.19313 -46.5647 42.5064
      vertex 2.14599 -35.983 -15.995
      vertex 3.19313 -36.2493 -15.995
    endloop
  endfacet
  facet normal 0.000633247 -0.172621 0.984988
    outer loop
      vertex 6.97833 -33.6261 -42.5234
      vertex 6.50345 -33.2792 -42.4623
      vertex 6.49895 -33.3106 -42.4678
    endloop
  endfacet
  facet normal -0.671551 -0.729709 -0.128626
    outer loop
      vertex 7.77817 -34.34 -42.6493
      vertex 6.97833 -33.7399 -41.8778
      vertex 6.97833 -33.6261 -42.5234
    endloop
  endfacet
  facet normal -0.671567 -0.729688 -0.128659
    outer loop
      vertex 6.97833 -33.7399 -41.8778
      vertex 7.77817 -34.34 -42.6493
      vertex 7.77817 -34.6496 -40.8934
    endloop
  endfacet
  facet normal -0.671551 -0.729702 -0.128667
    outer loop
      vertex 6.97833 -38.3037 -15.995
      vertex 7.77817 -49.2711 42.0292
      vertex 6.97833 -48.5572 42.1551
    endloop
  endfacet
  facet normal -0.671601 -0.729657 -0.128658
    outer loop
      vertex 7.77817 -49.2711 42.0292
      vertex 6.97833 -38.3037 -15.995
      vertex 7.77817 -39.0399 -15.995
    endloop
  endfacet
  facet normal -0.94157 -0.331698 -0.0585018
    outer loop
      vertex 10.5263 -38.9075 -43.1501
      vertex 10.1627 -37.8544 -43.269
      vertex 10.5263 -38.8554 -43.4455
    endloop
  endfacet
  facet normal -0.941571 -0.331697 -0.0584956
    outer loop
      vertex 10.1627 -37.8544 -43.269
      vertex 10.5263 -38.9075 -43.1501
      vertex 10.1627 -38.0301 -42.2727
    endloop
  endfacet
  facet normal -0.941566 -0.331712 -0.0584856
    outer loop
      vertex 10.5263 -40.1794 -35.9367
      vertex 10.1627 -39.7537 -32.4975
      vertex 10.1627 -39.302 -35.0594
    endloop
  endfacet
  facet normal -0.941567 -0.331708 -0.0584861
    outer loop
      vertex 10.1627 -39.7537 -32.4975
      vertex 10.5263 -40.1794 -35.9367
      vertex 10.5263 -41.348 -29.3089
    endloop
  endfacet
  facet normal -0.941558 -0.331735 -0.0584934
    outer loop
      vertex 10.5263 -43.6956 -15.995
      vertex 10.1627 -52.7855 41.4095
      vertex 10.1627 -42.6636 -15.995
    endloop
  endfacet
  facet normal -0.94157 -0.3317 -0.058488
    outer loop
      vertex 10.1627 -52.7855 41.4095
      vertex 10.5263 -43.6956 -15.995
      vertex 10.5263 -53.7865 41.233
    endloop
  endfacet
  facet normal 0.000611937 -0.173313 0.984867
    outer loop
      vertex 10.1627 -37.8544 -43.269
      vertex 9.70113 -36.8934 -43.0996
      vertex 9.14616 -35.9816 -42.9388
    endloop
  endfacet
  facet normal 0 -0.173665 0.984805
    outer loop
      vertex 10.5685 -39.2773 -43.5199
      vertex 10.5899 -39.2773 -43.5199
      vertex 10.5263 -38.8554 -43.4455
    endloop
  endfacet
  facet normal -0.671515 0.729734 0.128672
    outer loop
      vertex 6.98708 -50.5371 -44.5053
      vertex 6.97833 -65.305 39.202
      vertex 7.74249 -64.623 39.3222
    endloop
  endfacet
  facet normal -0.671283 0.729941 0.128708
    outer loop
      vertex 6.97833 -65.305 39.202
      vertex 6.98708 -50.5371 -44.5053
      vertex 6.97833 -50.5449 -44.5067
    endloop
  endfacet
  facet normal -0.672121 0.729192 0.128579
    outer loop
      vertex 7.77817 -64.5911 39.3278
      vertex 7.58885 -50 -44.4106
      vertex 7.74249 -64.623 39.3222
    endloop
  endfacet
  facet normal -0.671555 0.729698 0.128665
    outer loop
      vertex 7.77817 -49.66 -45.3507
      vertex 7.58885 -50 -44.4106
      vertex 7.77817 -64.5911 39.3278
    endloop
  endfacet
  facet normal -0.671558 0.729695 0.128664
    outer loop
      vertex 7.58885 -50 -44.4106
      vertex 7.77817 -49.66 -45.3507
      vertex 7.39726 -50 -45.4106
    endloop
  endfacet
  facet normal -0.67154 0.729711 0.128668
    outer loop
      vertex 7.74249 -64.623 39.3222
      vertex 7.58885 -50 -44.4106
      vertex 6.98708 -50.5371 -44.5053
    endloop
  endfacet
  facet normal 0.97003 0.239295 0.0421938
    outer loop
      vertex -10.5263 -60.0757 40.124
      vertex -10.7774 -44.8269 -40.5843
      vertex -10.538 -60.0297 40.1321
    endloop
  endfacet
  facet normal 0.970023 0.239323 0.042199
    outer loop
      vertex -10.7774 -44.8269 -40.5843
      vertex -10.5263 -60.0757 40.124
      vertex -10.5263 -45.6921 -41.4495
    endloop
  endfacet
  facet normal 0.989176 0.144505 0.02548
    outer loop
      vertex -10.7886 -59.0445 40.3059
      vertex -10.947 -43.8665 -39.6238
      vertex -10.947 -57.9929 40.4913
    endloop
  endfacet
  facet normal 0.989175 0.144512 0.0254813
    outer loop
      vertex -10.947 -43.8665 -39.6238
      vertex -10.7886 -59.0445 40.3059
      vertex -10.7886 -44.7882 -40.5456
    endloop
  endfacet
  facet normal 0.595711 0.790996 0.139474
    outer loop
      vertex -6.11127 -65.9383 39.0903
      vertex -6.97833 -50.5449 -44.5067
      vertex -6.97833 -65.305 39.202
    endloop
  endfacet
  facet normal 0.595711 0.790996 0.139474
    outer loop
      vertex -6.97833 -50.5449 -44.5067
      vertex -6.11127 -65.9383 39.0903
      vertex -6.11127 -51.1782 -44.6184
    endloop
  endfacet
  facet normal 0.857189 -0.50718 -0.0894219
    outer loop
      vertex -9.70113 -36.8934 -43.0996
      vertex -9.69061 -37.1726 -41.4152
      vertex -9.70113 -37.1877 -41.4304
    endloop
  endfacet
  facet normal 0.857739 -0.506275 -0.0892706
    outer loop
      vertex -9.17092 -50.9534 41.7325
      vertex -9.70113 -41.6727 -15.995
      vertex -9.53173 -41.3857 -15.995
    endloop
  endfacet
  facet normal 0.857712 -0.506319 -0.0892775
    outer loop
      vertex -9.70113 -41.6727 -15.995
      vertex -9.17092 -50.9534 41.7325
      vertex -9.70113 -51.8245 41.5789
    endloop
  endfacet
  facet normal 0.42753 0.890267 0.156978
    outer loop
      vertex -4.20952 -66.9394 38.9138
      vertex -5.18536 -51.7248 -44.7147
      vertex -5.18536 -66.4849 38.9939
    endloop
  endfacet
  facet normal 0.427543 0.890261 0.156977
    outer loop
      vertex -5.18536 -51.7248 -44.7147
      vertex -4.20952 -66.9394 38.9138
      vertex -4.20952 -52.1793 -44.7949
    endloop
  endfacet
  facet normal 0.242945 -0.955303 -0.168446
    outer loop
      vertex -2.14599 -35.983 -15.995
      vertex -3.19313 -46.5647 42.5064
      vertex -3.19313 -36.2493 -15.995
    endloop
  endfacet
  facet normal 0.242964 -0.955298 -0.168445
    outer loop
      vertex -3.19313 -46.5647 42.5064
      vertex -2.14599 -35.983 -15.995
      vertex -2.14599 -46.3064 42.5519
    endloop
  endfacet
  facet normal 0.514144 -0.844674 -0.148939
    outer loop
      vertex -5.18536 -37.0872 -15.995
      vertex -5.22667 -47.4017 42.3588
      vertex -5.83561 -37.483 -15.995
    endloop
  endfacet
  facet normal 0.512837 -0.845443 -0.149076
    outer loop
      vertex -5.22667 -47.4017 42.3588
      vertex -5.18536 -37.0872 -15.995
      vertex -5.18536 -47.3774 42.3631
    endloop
  endfacet
  facet normal -3.03056e-05 -0.173664 0.984805
    outer loop
      vertex 6.307 -34.6505 -42.7041
      vertex 7.77817 -34.34 -42.6493
      vertex 6.45153 -33.6417 -42.5262
    endloop
  endfacet
  facet normal -2.87027e-05 -0.173672 0.984804
    outer loop
      vertex 7.77817 -34.34 -42.6493
      vertex 6.307 -34.6505 -42.7041
      vertex 10.1627 -37.8544 -43.269
    endloop
  endfacet
  facet normal 0 -0.173638 0.98481
    outer loop
      vertex 10.1627 -37.8544 -43.269
      vertex 6.307 -34.6505 -42.7041
      vertex 6.1984 -34.6505 -42.7041
    endloop
  endfacet
  facet normal 0.941571 -0.331697 -0.0584956
    outer loop
      vertex -10.5263 -38.9075 -43.1501
      vertex -10.1627 -37.8544 -43.269
      vertex -10.1627 -38.0301 -42.2727
    endloop
  endfacet
  facet normal 0.94157 -0.331698 -0.0585018
    outer loop
      vertex -10.1627 -37.8544 -43.269
      vertex -10.5263 -38.9075 -43.1501
      vertex -10.5263 -38.8554 -43.4455
    endloop
  endfacet
  facet normal 0.941566 -0.331712 -0.0584856
    outer loop
      vertex -10.1627 -39.7537 -32.4975
      vertex -10.5263 -40.1794 -35.9367
      vertex -10.1627 -39.302 -35.0594
    endloop
  endfacet
  facet normal 0.941567 -0.331708 -0.0584861
    outer loop
      vertex -10.5263 -40.1794 -35.9367
      vertex -10.1627 -39.7537 -32.4975
      vertex -10.5263 -41.348 -29.3089
    endloop
  endfacet
  facet normal 0.941558 -0.331735 -0.0584934
    outer loop
      vertex -10.1627 -52.7855 41.4095
      vertex -10.5263 -43.6956 -15.995
      vertex -10.1627 -42.6636 -15.995
    endloop
  endfacet
  facet normal 0.94157 -0.3317 -0.058488
    outer loop
      vertex -10.5263 -43.6956 -15.995
      vertex -10.1627 -52.7855 41.4095
      vertex -10.5263 -53.7865 41.233
    endloop
  endfacet
  facet normal 0.989171 -0.144538 -0.0254839
    outer loop
      vertex -10.9107 -44.2814 -23.4422
      vertex -10.947 -42.005 -37.7624
      vertex -10.9361 -41.9416 -37.6989
    endloop
  endfacet
  facet normal 0.989188 -0.144422 -0.0254655
    outer loop
      vertex -10.947 -42.005 -37.7624
      vertex -10.9107 -44.2814 -23.4422
      vertex -10.947 -44.6655 -22.6739
    endloop
  endfacet
  facet normal 0.989181 -0.144474 -0.0254746
    outer loop
      vertex -10.7957 -54.8646 41.0429
      vertex -10.947 -45.8432 -15.995
      vertex -10.8974 -45.5036 -15.995
    endloop
  endfacet
  facet normal 0.989181 -0.14447 -0.025474
    outer loop
      vertex -10.947 -45.8432 -15.995
      vertex -10.7957 -54.8646 41.0429
      vertex -10.947 -55.8693 40.8657
    endloop
  endfacet
  facet normal -0.000611937 -0.173313 0.984867
    outer loop
      vertex -9.14616 -35.9816 -42.9388
      vertex -9.70113 -36.8934 -43.0996
      vertex -10.1627 -37.8544 -43.269
    endloop
  endfacet
  facet normal 0.000183044 -0.17382 0.984777
    outer loop
      vertex -7.77817 -34.34 -42.6493
      vertex -8.50311 -35.1277 -42.7882
      vertex -9.14616 -35.9816 -42.9388
    endloop
  endfacet
  facet normal 0.242391 0.955438 0.168476
    outer loop
      vertex -2.14599 -67.5558 38.8051
      vertex -3.18167 -52.5403 -44.8585
      vertex -2.19271 -67.5443 38.8071
    endloop
  endfacet
  facet normal 0.242916 0.95531 0.168447
    outer loop
      vertex -3.18167 -52.5403 -44.8585
      vertex -2.14599 -67.5558 38.8051
      vertex -2.14599 -52.7957 -44.9036
    endloop
  endfacet
  facet normal 0 -0.173665 0.984805
    outer loop
      vertex -10.5685 -39.2773 -43.5199
      vertex -10.5263 -38.8554 -43.4455
      vertex -10.5899 -39.2773 -43.5199
    endloop
  endfacet
  facet normal 0 -0.173642 0.984809
    outer loop
      vertex -5.81536 -34.6505 -42.7041
      vertex -8.09693 -39.2773 -43.5199
      vertex -4.61252 -34.6505 -42.7041
    endloop
  endfacet
  facet normal 3.8657e-06 -0.173644 0.984809
    outer loop
      vertex -10.5263 -38.8554 -43.4455
      vertex -8.09693 -39.2773 -43.5199
      vertex -5.81536 -34.6505 -42.7041
    endloop
  endfacet
  facet normal 0 -0.173665 0.984805
    outer loop
      vertex -8.09693 -39.2773 -43.5199
      vertex -10.5263 -38.8554 -43.4455
      vertex -10.5685 -39.2773 -43.5199
    endloop
  endfacet
  facet normal 0.857738 0.506278 0.0892707
    outer loop
      vertex -9.17092 -62.9089 39.6245
      vertex -9.70113 -47.4118 -43.1692
      vertex -9.70113 -62.0377 39.7781
    endloop
  endfacet
  facet normal 0.85778 0.506208 0.0892574
    outer loop
      vertex -9.70113 -47.4118 -43.1692
      vertex -9.17092 -62.9089 39.6245
      vertex -9.69037 -47.4273 -43.1847
    endloop
  endfacet
  facet normal 0.0490352 0.983623 0.17344
    outer loop
      vertex 0 -67.764 38.7684
      vertex -0.0117979 -53.0033 -44.9402
      vertex -1.03009 -67.7142 38.7772
    endloop
  endfacet
  facet normal 0.0514874 0.983502 0.173418
    outer loop
      vertex -0.0117979 -53.0033 -44.9402
      vertex 0 -67.764 38.7684
      vertex 0 -53.0039 -44.9403
    endloop
  endfacet
  facet normal -0.243057 0.955275 0.168441
    outer loop
      vertex 3.19313 -52.5374 -44.858
      vertex 2.75753 -67.405 38.8317
      vertex 3.19313 -67.2975 38.8506
    endloop
  endfacet
  facet normal -0.24294 0.955304 0.168447
    outer loop
      vertex 3.19313 -52.5374 -44.858
      vertex 2.19271 -67.5443 38.8071
      vertex 2.75753 -67.405 38.8317
    endloop
  endfacet
  facet normal -0.248717 0.953874 0.168121
    outer loop
      vertex 2.19271 -67.5443 38.8071
      vertex 3.19313 -52.5374 -44.858
      vertex 3.18167 -52.5403 -44.8585
    endloop
  endfacet
  facet normal -0.242391 0.955438 0.168476
    outer loop
      vertex 3.18167 -52.5403 -44.8585
      vertex 2.14599 -67.5558 38.8051
      vertex 2.19271 -67.5443 38.8071
    endloop
  endfacet
  facet normal -0.242916 0.95531 0.168447
    outer loop
      vertex 2.14599 -67.5558 38.8051
      vertex 3.18167 -52.5403 -44.8585
      vertex 2.14599 -52.7957 -44.9036
    endloop
  endfacet
  facet normal 0 -0.173665 0.984805
    outer loop
      vertex 10.5899 -39.2773 -43.5199
      vertex 10.6337 -39.2773 -43.5199
      vertex 10.5263 -38.8554 -43.4455
    endloop
  endfacet
  facet normal -0.595684 -0.791016 -0.139477
    outer loop
      vertex 6.11127 -37.6508 -15.995
      vertex 6.93964 -48.5289 42.16
      vertex 6.11127 -47.9239 42.2667
    endloop
  endfacet
  facet normal -0.595576 -0.791095 -0.139494
    outer loop
      vertex 6.93964 -48.5289 42.16
      vertex 6.11127 -37.6508 -15.995
      vertex 6.37002 -37.8456 -15.995
    endloop
  endfacet
  facet normal -0.595748 -0.790977 -0.139426
    outer loop
      vertex 6.97833 -33.6261 -42.5234
      vertex 6.97833 -33.7399 -41.8778
      vertex 6.50345 -33.2792 -42.4623
    endloop
  endfacet
  facet normal -0.596054 -0.790747 -0.139425
    outer loop
      vertex 6.37002 -37.8456 -15.995
      vertex 6.97833 -48.5572 42.1551
      vertex 6.93964 -48.5289 42.16
    endloop
  endfacet
  facet normal -0.595688 -0.791013 -0.139478
    outer loop
      vertex 6.97833 -48.5572 42.1551
      vertex 6.37002 -37.8456 -15.995
      vertex 6.97833 -38.3037 -15.995
    endloop
  endfacet
  facet normal 0.427512 -0.890276 -0.156981
    outer loop
      vertex -4.20952 -36.6186 -15.995
      vertex -5.18536 -47.3774 42.3631
      vertex -5.18536 -37.0872 -15.995
    endloop
  endfacet
  facet normal 0.427604 -0.890233 -0.156972
    outer loop
      vertex -5.18536 -47.3774 42.3631
      vertex -4.20952 -36.6186 -15.995
      vertex -4.20952 -46.9228 42.4432
    endloop
  endfacet
  facet normal -1.98917e-05 -0.173645 0.984808
    outer loop
      vertex 7.77817 -34.34 -42.6493
      vertex 6.48662 -33.3967 -42.483
      vertex 6.45153 -33.6417 -42.5262
    endloop
  endfacet
  facet normal -0.000184027 -0.173825 0.984777
    outer loop
      vertex 6.48662 -33.3967 -42.483
      vertex 6.97833 -33.6261 -42.5234
      vertex 6.49895 -33.3106 -42.4678
    endloop
  endfacet
  facet normal -0.00023451 -0.17393 0.984758
    outer loop
      vertex 6.97833 -33.6261 -42.5234
      vertex 6.48662 -33.3967 -42.483
      vertex 7.77817 -34.34 -42.6493
    endloop
  endfacet
  facet normal -0.903974 -0.42109 -0.0742603
    outer loop
      vertex 10.1627 -38.0301 -42.2727
      vertex 9.70113 -36.8934 -43.0996
      vertex 10.1627 -37.8544 -43.269
    endloop
  endfacet
  facet normal -0.903976 -0.421086 -0.074253
    outer loop
      vertex 9.70113 -36.8934 -43.0996
      vertex 10.1627 -38.0301 -42.2727
      vertex 9.70976 -37.2035 -41.4461
    endloop
  endfacet
  facet normal -0.903974 -0.421093 -0.0742448
    outer loop
      vertex 10.1627 -39.302 -35.0594
      vertex 10.1627 -39.7537 -32.4975
      vertex 9.85979 -38.7492 -34.5066
    endloop
  endfacet
  facet normal -0.903979 -0.421081 -0.0742482
    outer loop
      vertex 10.1627 -42.6636 -15.995
      vertex 10.1421 -52.7427 41.417
      vertex 9.84255 -41.9763 -15.995
    endloop
  endfacet
  facet normal -0.903598 -0.421874 -0.0743873
    outer loop
      vertex 10.1421 -52.7427 41.417
      vertex 10.1627 -42.6636 -15.995
      vertex 10.1627 -52.7855 41.4095
    endloop
  endfacet
  facet normal -0.998794 0.0483475 0.00852497
    outer loop
      vertex 10.947 -45.9601 -27.7504
      vertex 11 -42.9357 -38.6931
      vertex 10.947 -43.8665 -39.6238
    endloop
  endfacet
  facet normal -0.998794 0.0483503 0.00852574
    outer loop
      vertex 11 -42.9357 -38.6931
      vertex 10.947 -45.9601 -27.7504
      vertex 11 -44.9664 -27.1768
    endloop
  endfacet
  facet normal -0.998794 0.0483493 0.00852532
    outer loop
      vertex 10.947 -48.5368 -13.137
      vertex 11 -56.9311 40.6785
      vertex 11 -46.9805 -15.7539
    endloop
  endfacet
  facet normal -0.998794 0.0483519 0.00852573
    outer loop
      vertex 11 -56.9311 40.6785
      vertex 10.947 -48.5368 -13.137
      vertex 10.947 -57.9929 40.4913
    endloop
  endfacet
  facet normal -0.941567 0.331709 0.0584888
    outer loop
      vertex 10.1627 -48.8459 -29.4166
      vertex 10.5263 -45.6921 -41.4495
      vertex 10.1627 -46.5695 -42.3268
    endloop
  endfacet
  facet normal -0.941564 0.331718 0.0584913
    outer loop
      vertex 10.5263 -45.6921 -41.4495
      vertex 10.1627 -48.8459 -29.4166
      vertex 10.5263 -47.9092 -28.8758
    endloop
  endfacet
  facet normal -0.941563 0.331719 0.0584907
    outer loop
      vertex 10.1627 -52.786 -7.07123
      vertex 10.5263 -60.0757 40.124
      vertex 10.5263 -51.4675 -8.69574
    endloop
  endfacet
  facet normal -0.94157 0.3317 0.0584879
    outer loop
      vertex 10.5263 -60.0757 40.124
      vertex 10.1627 -52.786 -7.07123
      vertex 10.1627 -61.0767 39.9475
    endloop
  endfacet
  facet normal -0.903988 0.421061 0.0742434
    outer loop
      vertex 9.77937 -49.5928 -29.8478
      vertex 9.93574 -46.9837 -42.741
      vertex 9.71022 -47.3953 -43.1526
    endloop
  endfacet
  facet normal -0.903977 0.421084 0.0742481
    outer loop
      vertex 9.93574 -46.9837 -42.741
      vertex 9.77937 -49.5928 -29.8478
      vertex 10.1627 -46.5695 -42.3268
    endloop
  endfacet
  facet normal -0.903988 0.421061 0.0742439
    outer loop
      vertex 10.1627 -46.5695 -42.3268
      vertex 9.93315 -49.2932 -29.6748
      vertex 10.1627 -48.8459 -29.4166
    endloop
  endfacet
  facet normal -0.903964 0.421113 0.0742554
    outer loop
      vertex 10.1627 -46.5695 -42.3268
      vertex 9.77937 -49.5928 -29.8478
      vertex 9.93315 -49.2932 -29.6748
    endloop
  endfacet
  facet normal -0.903984 0.421071 0.0742464
    outer loop
      vertex 10.0503 -53.0817 -6.76276
      vertex 10.1627 -61.0767 39.9475
      vertex 10.1627 -52.786 -7.07123
    endloop
  endfacet
  facet normal -0.903977 0.421085 0.0742487
    outer loop
      vertex 9.90104 -53.4594 -6.43796
      vertex 10.1627 -61.0767 39.9475
      vertex 10.0503 -53.0817 -6.76276
    endloop
  endfacet
  facet normal -0.903598 0.421876 0.0743766
    outer loop
      vertex 10.1627 -61.0767 39.9475
      vertex 9.90104 -53.4594 -6.43796
      vertex 10.1421 -61.1195 39.94
    endloop
  endfacet
  facet normal 0.970029 0.239297 0.0421946
    outer loop
      vertex -10.538 -60.0297 40.1321
      vertex -10.7886 -44.7882 -40.5456
      vertex -10.7886 -59.0445 40.3059
    endloop
  endfacet
  facet normal 0.970182 0.238696 0.0420805
    outer loop
      vertex -10.7886 -44.7882 -40.5456
      vertex -10.538 -60.0297 40.1321
      vertex -10.7774 -44.8269 -40.5843
    endloop
  endfacet
  facet normal 0.741277 0.660813 0.117621
    outer loop
      vertex -8.50311 -48.9596 -44.7169
      vertex -7.77817 -49.66 -45.3507
      vertex -8.3772 -49.0795 -44.8368
    endloop
  endfacet
  facet normal 0.741514 0.660745 0.116507
    outer loop
      vertex -8.47077 -63.8386 39.4605
      vertex -8.50311 -48.9596 -44.7169
      vertex -8.50311 -63.8034 39.4667
    endloop
  endfacet
  facet normal 0.740938 0.66137 0.116618
    outer loop
      vertex -8.50311 -48.9596 -44.7169
      vertex -8.47077 -63.8386 39.4605
      vertex -7.77817 -49.66 -45.3507
    endloop
  endfacet
  facet normal 0.740825 0.661474 0.116747
    outer loop
      vertex -8.3772 -49.0795 -44.8368
      vertex -8.50311 -48.8723 -45.2118
      vertex -8.50311 -48.9139 -44.9761
    endloop
  endfacet
  facet normal 0.740953 0.661351 0.116636
    outer loop
      vertex -8.50311 -48.8723 -45.2118
      vertex -8.3772 -49.0795 -44.8368
      vertex -7.77817 -49.66 -45.3507
    endloop
  endfacet
  facet normal 0.740894 0.661419 0.116625
    outer loop
      vertex -7.99921 -64.3509 39.3702
      vertex -7.77817 -49.66 -45.3507
      vertex -8.47077 -63.8386 39.4605
    endloop
  endfacet
  facet normal 0.740997 0.661307 0.116606
    outer loop
      vertex -7.77817 -49.66 -45.3507
      vertex -7.99921 -64.3509 39.3702
      vertex -7.77817 -64.5911 39.3278
    endloop
  endfacet
  facet normal 0.989175 -0.14451 -0.0254811
    outer loop
      vertex -10.7886 -42.9906 -26.0238
      vertex -10.9361 -41.9416 -37.6989
      vertex -10.7886 -41.0833 -36.8406
    endloop
  endfacet
  facet normal 0.989172 -0.144535 -0.0254833
    outer loop
      vertex -10.9361 -41.9416 -37.6989
      vertex -10.7886 -42.9906 -26.0238
      vertex -10.9107 -44.2814 -23.4422
    endloop
  endfacet
  facet normal 0.989174 -0.144517 -0.0254824
    outer loop
      vertex -10.7886 -54.8177 41.0512
      vertex -10.8974 -45.5036 -15.995
      vertex -10.7886 -44.7589 -15.995
    endloop
  endfacet
  facet normal 0.989071 -0.145202 -0.0255939
    outer loop
      vertex -10.8974 -45.5036 -15.995
      vertex -10.7886 -54.8177 41.0512
      vertex -10.7957 -54.8646 41.0429
    endloop
  endfacet
  facet normal 0.595748 -0.790977 -0.139426
    outer loop
      vertex -6.97833 -33.6261 -42.5234
      vertex -6.50345 -33.2792 -42.4623
      vertex -6.97833 -33.7399 -41.8778
    endloop
  endfacet
  facet normal 0.595688 -0.791013 -0.139478
    outer loop
      vertex -6.37002 -37.8456 -15.995
      vertex -6.97833 -48.5572 42.1551
      vertex -6.97833 -38.3037 -15.995
    endloop
  endfacet
  facet normal 0.596054 -0.790747 -0.139425
    outer loop
      vertex -6.97833 -48.5572 42.1551
      vertex -6.37002 -37.8456 -15.995
      vertex -6.93964 -48.5289 42.16
    endloop
  endfacet
  facet normal -0.146742 -0.974147 -0.171769
    outer loop
      vertex 1.07819 -35.8221 -15.995
      vertex 2.14599 -46.3064 42.5519
      vertex 1.07819 -46.1504 42.5794
    endloop
  endfacet
  facet normal -0.146787 -0.97414 -0.171767
    outer loop
      vertex 2.14599 -46.3064 42.5519
      vertex 1.07819 -35.8221 -15.995
      vertex 2.14599 -35.983 -15.995
    endloop
  endfacet
  facet normal 0.671567 -0.729688 -0.128659
    outer loop
      vertex -7.77817 -34.34 -42.6493
      vertex -6.97833 -33.7399 -41.8778
      vertex -7.77817 -34.6496 -40.8934
    endloop
  endfacet
  facet normal 0.671551 -0.729709 -0.128626
    outer loop
      vertex -6.97833 -33.7399 -41.8778
      vertex -7.77817 -34.34 -42.6493
      vertex -6.97833 -33.6261 -42.5234
    endloop
  endfacet
  facet normal 0.671601 -0.729657 -0.128658
    outer loop
      vertex -6.97833 -38.3037 -15.995
      vertex -7.77817 -49.2711 42.0292
      vertex -7.77817 -39.0399 -15.995
    endloop
  endfacet
  facet normal 0.671551 -0.729702 -0.128667
    outer loop
      vertex -7.77817 -49.2711 42.0292
      vertex -6.97833 -38.3037 -15.995
      vertex -6.97833 -48.5572 42.1551
    endloop
  endfacet
  facet normal 0.243057 0.955275 0.168441
    outer loop
      vertex -2.75753 -67.405 38.8317
      vertex -3.19313 -52.5374 -44.858
      vertex -3.19313 -67.2975 38.8506
    endloop
  endfacet
  facet normal 0.24294 0.955304 0.168447
    outer loop
      vertex -2.19271 -67.5443 38.8071
      vertex -3.19313 -52.5374 -44.858
      vertex -2.75753 -67.405 38.8317
    endloop
  endfacet
  facet normal 0.248717 0.953874 0.168121
    outer loop
      vertex -3.19313 -52.5374 -44.858
      vertex -2.19271 -67.5443 38.8071
      vertex -3.18167 -52.5403 -44.8585
    endloop
  endfacet
  facet normal 0.514148 0.844671 0.148938
    outer loop
      vertex -5.18536 -66.4849 38.9939
      vertex -6.11127 -51.1782 -44.6184
      vertex -6.11127 -65.9383 39.0903
    endloop
  endfacet
  facet normal 0.514136 0.844678 0.14894
    outer loop
      vertex -6.11127 -51.1782 -44.6184
      vertex -5.18536 -66.4849 38.9939
      vertex -5.18536 -51.7248 -44.7147
    endloop
  endfacet
  facet normal -0.000771075 -0.174083 0.984731
    outer loop
      vertex -8.50311 -48.8723 -45.2118
      vertex -8.63052 -48.6845 -45.1787
      vertex -8.6467 -48.6816 -45.1782
    endloop
  endfacet
  facet normal 0 -0.173625 0.984812
    outer loop
      vertex -8.34352 -48.7357 -45.1877
      vertex -7.35803 -50 -45.4106
      vertex -7.28994 -50 -45.4106
    endloop
  endfacet
  facet normal -6.29138e-05 -0.173673 0.984803
    outer loop
      vertex -8.34352 -48.7357 -45.1877
      vertex -8.50311 -48.8723 -45.2118
      vertex -7.35803 -50 -45.4106
    endloop
  endfacet
  facet normal -9.39593e-05 -0.173638 0.98481
    outer loop
      vertex -8.50311 -48.8723 -45.2118
      vertex -8.34352 -48.7357 -45.1877
      vertex -8.63052 -48.6845 -45.1787
    endloop
  endfacet
  facet normal 0.000286516 -0.173857 0.984771
    outer loop
      vertex 8.17397 -48.766 -45.193
      vertex 7.28994 -50 -45.4106
      vertex 8.34352 -48.7357 -45.1877
    endloop
  endfacet
  facet normal 0 -0.173658 0.984806
    outer loop
      vertex 7.28994 -50 -45.4106
      vertex 8.17397 -48.766 -45.193
      vertex 7.03824 -50 -45.4106
    endloop
  endfacet
  facet normal -0.903235 0.422626 0.0745233
    outer loop
      vertex 9.70113 -49.7453 -29.9358
      vertex 9.71022 -47.3953 -43.1526
      vertex 9.70113 -47.4118 -43.1692
    endloop
  endfacet
  facet normal -0.904029 0.420977 0.0742297
    outer loop
      vertex 9.71022 -47.3953 -43.1526
      vertex 9.70113 -49.7453 -29.9358
      vertex 9.77937 -49.5928 -29.8478
    endloop
  endfacet
  facet normal -0.903981 0.421078 0.0742467
    outer loop
      vertex 9.70113 -53.9653 -6.00281
      vertex 10.1421 -61.1195 39.94
      vertex 9.90104 -53.4594 -6.43796
    endloop
  endfacet
  facet normal -0.903991 0.421055 0.0742433
    outer loop
      vertex 10.1421 -61.1195 39.94
      vertex 9.70113 -53.9653 -6.00281
      vertex 9.70113 -62.0377 39.7781
    endloop
  endfacet
  facet normal -0.146742 0.974147 0.171768
    outer loop
      vertex 2.14599 -52.7957 -44.9036
      vertex 1.07819 -67.7118 38.7776
      vertex 2.14599 -67.5558 38.8051
    endloop
  endfacet
  facet normal -0.146978 0.974113 0.171759
    outer loop
      vertex 2.01886 -52.8143 -44.9069
      vertex 1.07819 -67.7118 38.7776
      vertex 2.14599 -52.7957 -44.9036
    endloop
  endfacet
  facet normal -0.146685 0.974155 0.17177
    outer loop
      vertex 1.60665 -52.8745 -44.9175
      vertex 1.07819 -67.7118 38.7776
      vertex 2.01886 -52.8143 -44.9069
    endloop
  endfacet
  facet normal -0.14678 0.974142 0.171767
    outer loop
      vertex 1.43281 -52.8999 -44.922
      vertex 1.07819 -67.7118 38.7776
      vertex 1.60665 -52.8745 -44.9175
    endloop
  endfacet
  facet normal -0.146704 0.974153 0.171769
    outer loop
      vertex 1.07819 -67.7118 38.7776
      vertex 1.43281 -52.8999 -44.922
      vertex 1.07819 -52.9517 -44.9311
    endloop
  endfacet
  facet normal -0.857189 -0.50718 -0.0894219
    outer loop
      vertex 9.70113 -36.8934 -43.0996
      vertex 9.70113 -37.1877 -41.4304
      vertex 9.69061 -37.1726 -41.4152
    endloop
  endfacet
  facet normal -0.857739 -0.506275 -0.0892706
    outer loop
      vertex 9.70113 -41.6727 -15.995
      vertex 9.17092 -50.9534 41.7325
      vertex 9.53173 -41.3857 -15.995
    endloop
  endfacet
  facet normal -0.857712 -0.506319 -0.0892775
    outer loop
      vertex 9.17092 -50.9534 41.7325
      vertex 9.70113 -41.6727 -15.995
      vertex 9.70113 -51.8245 41.5789
    endloop
  endfacet
  facet normal -0.33686 -0.92725 -0.1635
    outer loop
      vertex 3.19313 -36.2493 -15.995
      vertex 4.20952 -46.9228 42.4432
      vertex 3.19313 -46.5647 42.5064
    endloop
  endfacet
  facet normal -0.336906 -0.927234 -0.163496
    outer loop
      vertex 4.20952 -46.9228 42.4432
      vertex 3.19313 -36.2493 -15.995
      vertex 4.20952 -36.6186 -15.995
    endloop
  endfacet
  facet normal -0.427604 -0.890233 -0.156972
    outer loop
      vertex 4.20952 -36.6186 -15.995
      vertex 5.18536 -47.3774 42.3631
      vertex 4.20952 -46.9228 42.4432
    endloop
  endfacet
  facet normal -0.427512 -0.890276 -0.156981
    outer loop
      vertex 5.18536 -47.3774 42.3631
      vertex 4.20952 -36.6186 -15.995
      vertex 5.18536 -37.0872 -15.995
    endloop
  endfacet
  facet normal -0.740953 -0.661355 -0.11661
    outer loop
      vertex 8.50311 -35.1277 -42.7882
      vertex 7.77817 -34.6496 -40.8934
      vertex 7.77817 -34.34 -42.6493
    endloop
  endfacet
  facet normal -0.740952 -0.661356 -0.116609
    outer loop
      vertex 7.77817 -34.6496 -40.8934
      vertex 8.50311 -35.1277 -42.7882
      vertex 8.50311 -35.6191 -40.0012
    endloop
  endfacet
  facet normal -0.740957 -0.661351 -0.116614
    outer loop
      vertex 8.50311 -39.8521 -15.995
      vertex 7.77817 -49.2711 42.0292
      vertex 7.77817 -39.0399 -15.995
    endloop
  endfacet
  facet normal -0.740953 -0.661354 -0.116614
    outer loop
      vertex 7.77817 -49.2711 42.0292
      vertex 8.50311 -39.8521 -15.995
      vertex 8.50311 -50.0588 41.8903
    endloop
  endfacet
  facet normal -0.740825 0.661474 0.116747
    outer loop
      vertex 8.50311 -48.8723 -45.2118
      vertex 8.3772 -49.0795 -44.8368
      vertex 8.50311 -48.9139 -44.9761
    endloop
  endfacet
  facet normal -0.740953 0.661351 0.116636
    outer loop
      vertex 8.3772 -49.0795 -44.8368
      vertex 8.50311 -48.8723 -45.2118
      vertex 7.77817 -49.66 -45.3507
    endloop
  endfacet
  facet normal -0.741277 0.660813 0.117621
    outer loop
      vertex 7.77817 -49.66 -45.3507
      vertex 8.50311 -48.9596 -44.7169
      vertex 8.3772 -49.0795 -44.8368
    endloop
  endfacet
  facet normal -0.740938 0.66137 0.116618
    outer loop
      vertex 7.77817 -49.66 -45.3507
      vertex 8.50311 -52.9511 -22.08
      vertex 8.50311 -48.9596 -44.7169
    endloop
  endfacet
  facet normal -0.740925 0.661385 0.116619
    outer loop
      vertex 7.77817 -49.66 -45.3507
      vertex 8.30142 -53.5626 -19.8934
      vertex 8.50311 -52.9511 -22.08
    endloop
  endfacet
  facet normal -0.740882 0.661432 0.116626
    outer loop
      vertex 7.77817 -49.66 -45.3507
      vertex 8.1345 -54.1701 -17.5084
      vertex 8.30142 -53.5626 -19.8934
    endloop
  endfacet
  facet normal -0.741015 0.661287 0.116604
    outer loop
      vertex 7.77817 -49.66 -45.3507
      vertex 8.03371 -54.6777 -15.2702
      vertex 8.1345 -54.1701 -17.5084
    endloop
  endfacet
  facet normal -0.741782 0.66045 0.116471
    outer loop
      vertex 8.03371 -54.6777 -15.2702
      vertex 7.77817 -49.66 -45.3507
      vertex 8.02712 -54.7564 -14.8659
    endloop
  endfacet
  facet normal -0.740931 0.661378 0.11662
    outer loop
      vertex 8.47077 -63.8386 39.4605
      vertex 8.30142 -55.6259 -8.19161
      vertex 8.1345 -55.5568 -9.644
    endloop
  endfacet
  facet normal -0.741151 0.661138 0.116581
    outer loop
      vertex 8.47077 -63.8386 39.4605
      vertex 8.1345 -55.5568 -9.644
      vertex 8.0596 -55.4213 -10.8886
    endloop
  endfacet
  facet normal -0.741514 0.660744 0.116512
    outer loop
      vertex 8.30142 -55.6259 -8.19161
      vertex 8.47077 -63.8386 39.4605
      vertex 8.50311 -63.8034 39.4667
    endloop
  endfacet
  facet normal -0.740921 0.661389 0.116621
    outer loop
      vertex 8.50311 -55.5868 -7.13197
      vertex 8.30142 -55.6259 -8.19161
      vertex 8.50311 -63.8034 39.4667
    endloop
  endfacet
  facet normal -0.919487 0.386176 0.0735672
    outer loop
      vertex 9.43071 -50.1611 -30.1759
      vertex 9.14621 -48.211 -43.9684
      vertex 9.14616 -48.2111 -43.9685
    endloop
  endfacet
  facet normal -0.857731 0.506288 0.0892758
    outer loop
      vertex 9.14621 -48.211 -43.9684
      vertex 9.43071 -50.1611 -30.1759
      vertex 9.69037 -47.4273 -43.1847
    endloop
  endfacet
  facet normal -0.857746 0.506263 0.0892697
    outer loop
      vertex 9.69037 -47.4273 -43.1847
      vertex 9.48078 -50.0841 -30.1314
      vertex 9.60778 -49.8888 -30.0187
    endloop
  endfacet
  facet normal -0.85741 0.506811 0.0893867
    outer loop
      vertex 9.69037 -47.4273 -43.1847
      vertex 9.44541 -50.1384 -30.1628
      vertex 9.48078 -50.0841 -30.1314
    endloop
  endfacet
  facet normal -0.858679 0.504739 0.0889314
    outer loop
      vertex 9.69037 -47.4273 -43.1847
      vertex 9.43071 -50.1611 -30.1759
      vertex 9.44541 -50.1384 -30.1628
    endloop
  endfacet
  facet normal -0.857716 0.506313 0.0892778
    outer loop
      vertex 9.14616 -48.2111 -43.9685
      vertex 9.17971 -50.9451 -28.1411
      vertex 9.43071 -50.1611 -30.1759
    endloop
  endfacet
  facet normal -0.857539 0.506604 0.0893278
    outer loop
      vertex 9.17971 -50.9451 -28.1411
      vertex 9.14616 -48.2111 -43.9685
      vertex 9.14616 -51.0553 -27.8382
    endloop
  endfacet
  facet normal -0.857761 0.506239 0.0892635
    outer loop
      vertex 9.17971 -54.8941 -5.74526
      vertex 9.17092 -62.9089 39.6245
      vertex 9.45611 -54.4091 -5.83982
    endloop
  endfacet
  facet normal -0.857687 0.506361 0.0892844
    outer loop
      vertex 9.14616 -62.9495 39.6173
      vertex 9.17971 -54.8941 -5.74526
      vertex 9.14616 -54.9475 -5.7647
    endloop
  endfacet
  facet normal -0.85731 0.506979 0.0893944
    outer loop
      vertex 9.17971 -54.8941 -5.74526
      vertex 9.14616 -62.9495 39.6173
      vertex 9.17092 -62.9089 39.6245
    endloop
  endfacet
  facet normal 0.94157 0.3317 0.0584876
    outer loop
      vertex -10.1627 -61.0767 39.9475
      vertex -10.5263 -45.6921 -41.4495
      vertex -10.5263 -60.0757 40.124
    endloop
  endfacet
  facet normal 0.941567 0.331709 0.0584893
    outer loop
      vertex -10.5263 -45.6921 -41.4495
      vertex -10.1627 -61.0767 39.9475
      vertex -10.1627 -46.5695 -42.3268
    endloop
  endfacet
  facet normal 0.998786 -0.0485184 -0.00855507
    outer loop
      vertex -10.947 -44.6655 -22.6739
      vertex -10.9506 -42.068 -37.8254
      vertex -10.947 -42.005 -37.7624
    endloop
  endfacet
  facet normal 0.998789 -0.0484573 -0.0085446
    outer loop
      vertex -10.9506 -42.068 -37.8254
      vertex -10.947 -44.6655 -22.6739
      vertex -10.9602 -45.0858 -21.8333
    endloop
  endfacet
  facet normal 0.99879 -0.0484315 -0.00853979
    outer loop
      vertex -10.947 -55.8693 40.8657
      vertex -10.9637 -46.1876 -15.995
      vertex -10.947 -45.8432 -15.995
    endloop
  endfacet
  facet normal 0.998796 -0.0483197 -0.00852077
    outer loop
      vertex -10.9637 -46.1876 -15.995
      vertex -10.947 -55.8693 40.8657
      vertex -10.9976 -56.8837 40.6869
    endloop
  endfacet
  facet normal 0.0491014 -0.98362 -0.17344
    outer loop
      vertex -1.07819 -35.8221 -15.995
      vertex 0 -46.0982 42.5886
      vertex -1.07819 -46.1504 42.5794
    endloop
  endfacet
  facet normal 0.0490811 -0.983621 -0.173439
    outer loop
      vertex 0 -46.0982 42.5886
      vertex -1.07819 -35.8221 -15.995
      vertex 0 -35.7683 -15.995
    endloop
  endfacet
  facet normal -0.0491014 -0.98362 -0.173439
    outer loop
      vertex 0 -35.7683 -15.995
      vertex 1.07819 -46.1504 42.5794
      vertex 0 -46.0982 42.5886
    endloop
  endfacet
  facet normal -0.0490811 -0.983621 -0.17344
    outer loop
      vertex 1.07819 -46.1504 42.5794
      vertex 0 -35.7683 -15.995
      vertex 1.07819 -35.8221 -15.995
    endloop
  endfacet
  facet normal 0.80322 -0.586633 -0.103437
    outer loop
      vertex -9.14616 -36.3885 -40.6311
      vertex -8.50311 -35.6191 -40.0012
      vertex -8.5526 -35.6976 -39.9403
    endloop
  endfacet
  facet normal 0.803219 -0.586635 -0.103435
    outer loop
      vertex -8.50311 -35.6191 -40.0012
      vertex -9.14616 -36.3885 -40.6311
      vertex -8.50311 -35.1277 -42.7882
    endloop
  endfacet
  facet normal 0.803216 -0.586638 -0.103438
    outer loop
      vertex -8.50311 -35.1277 -42.7882
      vertex -9.14616 -36.3885 -40.6311
      vertex -9.14616 -35.9816 -42.9388
    endloop
  endfacet
  facet normal 0.803198 -0.586661 -0.103444
    outer loop
      vertex -8.50311 -50.0588 41.8903
      vertex -9.14616 -40.7325 -15.995
      vertex -8.50311 -39.8521 -15.995
    endloop
  endfacet
  facet normal 0.803187 -0.586677 -0.103446
    outer loop
      vertex -9.00486 -50.725 41.7728
      vertex -9.14616 -40.7325 -15.995
      vertex -8.50311 -50.0588 41.8903
    endloop
  endfacet
  facet normal 0.80332 -0.5865 -0.103416
    outer loop
      vertex -9.14616 -40.7325 -15.995
      vertex -9.00486 -50.725 41.7728
      vertex -9.14616 -50.9127 41.7397
    endloop
  endfacet
  facet normal 0.740953 -0.661355 -0.11661
    outer loop
      vertex -7.77817 -34.6496 -40.8934
      vertex -8.50311 -35.1277 -42.7882
      vertex -7.77817 -34.34 -42.6493
    endloop
  endfacet
  facet normal 0.740952 -0.661356 -0.116609
    outer loop
      vertex -8.50311 -35.1277 -42.7882
      vertex -7.77817 -34.6496 -40.8934
      vertex -8.50311 -35.6191 -40.0012
    endloop
  endfacet
  facet normal 0.740957 -0.661351 -0.116614
    outer loop
      vertex -7.77817 -49.2711 42.0292
      vertex -8.50311 -39.8521 -15.995
      vertex -7.77817 -39.0399 -15.995
    endloop
  endfacet
  facet normal 0.740953 -0.661354 -0.116614
    outer loop
      vertex -8.50311 -39.8521 -15.995
      vertex -7.77817 -49.2711 42.0292
      vertex -8.50311 -50.0588 41.8903
    endloop
  endfacet
  facet normal 0.0505175 0.98355 0.173426
    outer loop
      vertex -1.03009 -67.7142 38.7772
      vertex -1.07819 -52.9517 -44.9311
      vertex -1.07819 -67.7118 38.7776
    endloop
  endfacet
  facet normal 0.049075 0.983621 0.17344
    outer loop
      vertex -1.07819 -52.9517 -44.9311
      vertex -1.03009 -67.7142 38.7772
      vertex -0.0117979 -53.0033 -44.9402
    endloop
  endfacet
  facet normal 0.80325 0.586576 0.103528
    outer loop
      vertex -8.50311 -48.9139 -44.9761
      vertex -8.50311 -48.8723 -45.2118
      vertex -8.6467 -48.6816 -45.1782
    endloop
  endfacet
  facet normal 0.851987 0.310269 0.421724
    outer loop
      vertex -8.83736 -48.5705 -44.3279
      vertex -8.50311 -48.9596 -44.7169
      vertex -8.55272 -48.9018 -44.6592
    endloop
  endfacet
  facet normal 0.803212 0.586643 0.103441
    outer loop
      vertex -8.50311 -63.8034 39.4667
      vertex -9.13829 -48.2203 -43.9776
      vertex -8.5318 -63.7653 39.4734
    endloop
  endfacet
  facet normal 0.803174 0.586694 0.103451
    outer loop
      vertex -9.13829 -48.2203 -43.9776
      vertex -8.50311 -63.8034 39.4667
      vertex -8.83736 -48.5705 -44.3279
    endloop
  endfacet
  facet normal 0.803242 0.586604 0.103434
    outer loop
      vertex -8.83736 -48.5705 -44.3279
      vertex -8.50311 -63.8034 39.4667
      vertex -8.50311 -48.9596 -44.7169
    endloop
  endfacet
  facet normal 0.803216 0.586638 0.10344
    outer loop
      vertex -8.5318 -63.7653 39.4734
      vertex -9.14616 -48.2111 -43.9685
      vertex -9.14616 -62.9495 39.6173
    endloop
  endfacet
  facet normal 0.803978 0.585627 0.103246
    outer loop
      vertex -9.14616 -48.2111 -43.9685
      vertex -8.5318 -63.7653 39.4734
      vertex -9.13829 -48.2203 -43.9776
    endloop
  endfacet
  facet normal 0.000498632 -0.174102 0.984728
    outer loop
      vertex 7.35803 -50 -45.4106
      vertex 7.77817 -49.66 -45.3507
      vertex 8.50311 -48.8723 -45.2118
    endloop
  endfacet
  facet normal 0 -0.173504 0.984833
    outer loop
      vertex 7.77817 -49.66 -45.3507
      vertex 7.35803 -50 -45.4106
      vertex 7.39726 -50 -45.4106
    endloop
  endfacet
  facet normal -0.803983 0.585618 0.10326
    outer loop
      vertex 9.13829 -48.2203 -43.9776
      vertex 9.14616 -51.0553 -27.8382
      vertex 9.14616 -48.2111 -43.9685
    endloop
  endfacet
  facet normal -0.80327 0.586566 0.103426
    outer loop
      vertex 9.14616 -51.0553 -27.8382
      vertex 9.13829 -48.2203 -43.9776
      vertex 9.01304 -51.4305 -26.7442
    endloop
  endfacet
  facet normal -0.8032 0.58666 0.103444
    outer loop
      vertex 8.5318 -63.7653 39.4734
      vertex 9.14616 -54.9475 -5.7647
      vertex 8.86343 -55.2653 -6.15765
    endloop
  endfacet
  facet normal -0.803216 0.586638 0.103439
    outer loop
      vertex 9.14616 -54.9475 -5.7647
      vertex 8.5318 -63.7653 39.4734
      vertex 9.14616 -62.9495 39.6173
    endloop
  endfacet
  facet normal 0.336906 -0.927234 -0.163496
    outer loop
      vertex -3.19313 -36.2493 -15.995
      vertex -4.20952 -46.9228 42.4432
      vertex -4.20952 -36.6186 -15.995
    endloop
  endfacet
  facet normal 0.33686 -0.92725 -0.1635
    outer loop
      vertex -4.20952 -46.9228 42.4432
      vertex -3.19313 -36.2493 -15.995
      vertex -3.19313 -46.5647 42.5064
    endloop
  endfacet
  facet normal -0.514139 -0.844676 -0.148939
    outer loop
      vertex 5.83561 -37.483 -15.995
      vertex 6.11127 -47.9239 42.2667
      vertex 5.22667 -47.4017 42.3588
    endloop
  endfacet
  facet normal -0.514163 -0.844662 -0.148937
    outer loop
      vertex 6.11127 -47.9239 42.2667
      vertex 5.83561 -37.483 -15.995
      vertex 6.11127 -37.6508 -15.995
    endloop
  endfacet
  facet normal -0.512837 -0.845443 -0.149076
    outer loop
      vertex 5.18536 -37.0872 -15.995
      vertex 5.22667 -47.4017 42.3588
      vertex 5.18536 -47.3774 42.3631
    endloop
  endfacet
  facet normal -0.514144 -0.844674 -0.148939
    outer loop
      vertex 5.22667 -47.4017 42.3588
      vertex 5.18536 -37.0872 -15.995
      vertex 5.83561 -37.483 -15.995
    endloop
  endfacet
  facet normal -0.000183044 -0.17382 0.984777
    outer loop
      vertex 9.14616 -35.9816 -42.9388
      vertex 8.50311 -35.1277 -42.7882
      vertex 7.77817 -34.34 -42.6493
    endloop
  endfacet
  facet normal -0.803219 -0.586635 -0.103435
    outer loop
      vertex 9.14616 -36.3885 -40.6311
      vertex 8.50311 -35.6191 -40.0012
      vertex 8.50311 -35.1277 -42.7882
    endloop
  endfacet
  facet normal -0.803216 -0.586638 -0.103438
    outer loop
      vertex 9.14616 -36.3885 -40.6311
      vertex 8.50311 -35.1277 -42.7882
      vertex 9.14616 -35.9816 -42.9388
    endloop
  endfacet
  facet normal -0.80322 -0.586633 -0.103437
    outer loop
      vertex 8.50311 -35.6191 -40.0012
      vertex 9.14616 -36.3885 -40.6311
      vertex 8.5526 -35.6976 -39.9403
    endloop
  endfacet
  facet normal -0.803198 -0.586661 -0.103444
    outer loop
      vertex 9.14616 -40.7325 -15.995
      vertex 8.50311 -50.0588 41.8903
      vertex 8.50311 -39.8521 -15.995
    endloop
  endfacet
  facet normal -0.803187 -0.586677 -0.103446
    outer loop
      vertex 9.14616 -40.7325 -15.995
      vertex 9.00486 -50.725 41.7728
      vertex 8.50311 -50.0588 41.8903
    endloop
  endfacet
  facet normal -0.80332 -0.5865 -0.103416
    outer loop
      vertex 9.00486 -50.725 41.7728
      vertex 9.14616 -40.7325 -15.995
      vertex 9.14616 -50.9127 41.7397
    endloop
  endfacet
  facet normal -0.989175 0.144511 0.0254818
    outer loop
      vertex 10.7886 -46.9442 -28.3186
      vertex 10.947 -43.8665 -39.6238
      vertex 10.7886 -44.7882 -40.5456
    endloop
  endfacet
  facet normal -0.989176 0.144505 0.0254802
    outer loop
      vertex 10.947 -43.8665 -39.6238
      vertex 10.7886 -46.9442 -28.3186
      vertex 10.947 -45.9601 -27.7504
    endloop
  endfacet
  facet normal -0.989176 0.144504 0.0254799
    outer loop
      vertex 10.7886 -50.0382 -10.7715
      vertex 10.947 -57.9929 40.4913
      vertex 10.947 -48.5368 -13.137
    endloop
  endfacet
  facet normal -0.989176 0.144505 0.0254801
    outer loop
      vertex 10.947 -57.9929 40.4913
      vertex 10.7886 -50.0382 -10.7715
      vertex 10.7886 -59.0445 40.3059
    endloop
  endfacet
  facet normal -0.74053 0.661815 0.116689
    outer loop
      vertex 7.77817 -49.66 -45.3507
      vertex 8 -55.0804 -13.2004
      vertex 8.02712 -54.7564 -14.8659
    endloop
  endfacet
  facet normal -0.740795 0.661526 0.116647
    outer loop
      vertex 7.77817 -64.5911 39.3278
      vertex 8.0596 -55.4213 -10.8886
      vertex 8.03371 -55.3744 -11.319
    endloop
  endfacet
  facet normal -0.740777 0.661545 0.11665
    outer loop
      vertex 7.77817 -64.5911 39.3278
      vertex 8.03371 -55.3744 -11.319
      vertex 8 -55.0804 -13.2004
    endloop
  endfacet
  facet normal -0.740894 0.661419 0.116626
    outer loop
      vertex 8.0596 -55.4213 -10.8886
      vertex 7.99921 -64.3509 39.3702
      vertex 8.47077 -63.8386 39.4605
    endloop
  endfacet
  facet normal -0.741 0.661303 0.116606
    outer loop
      vertex 7.77817 -64.5911 39.3278
      vertex 8 -55.0804 -13.2004
      vertex 7.77817 -49.66 -45.3507
    endloop
  endfacet
  facet normal -0.740997 0.661307 0.116606
    outer loop
      vertex 8.0596 -55.4213 -10.8886
      vertex 7.77817 -64.5911 39.3278
      vertex 7.99921 -64.3509 39.3702
    endloop
  endfacet
  facet normal -0.80325 0.586576 0.103528
    outer loop
      vertex 8.6467 -48.6816 -45.1782
      vertex 8.50311 -48.8723 -45.2118
      vertex 8.50311 -48.9139 -44.9761
    endloop
  endfacet
  facet normal -0.803426 0.586356 0.103408
    outer loop
      vertex 9.01304 -51.4305 -26.7442
      vertex 8.55272 -48.9018 -44.6592
      vertex 8.50311 -48.9596 -44.7169
    endloop
  endfacet
  facet normal -0.803174 0.586694 0.103451
    outer loop
      vertex 8.83736 -48.5705 -44.3279
      vertex 9.01304 -51.4305 -26.7442
      vertex 9.13829 -48.2203 -43.9776
    endloop
  endfacet
  facet normal -0.803211 0.586644 0.103443
    outer loop
      vertex 8.55272 -48.9018 -44.6592
      vertex 9.01304 -51.4305 -26.7442
      vertex 8.83736 -48.5705 -44.3279
    endloop
  endfacet
  facet normal -0.803234 0.586613 0.103438
    outer loop
      vertex 8.50311 -48.9596 -44.7169
      vertex 8.82655 -51.9561 -25.2116
      vertex 9.01304 -51.4305 -26.7442
    endloop
  endfacet
  facet normal -0.803179 0.586687 0.103448
    outer loop
      vertex 8.50311 -48.9596 -44.7169
      vertex 8.53284 -52.8503 -22.4207
      vertex 8.82655 -51.9561 -25.2116
    endloop
  endfacet
  facet normal -0.803352 0.586457 0.103408
    outer loop
      vertex 8.53284 -52.8503 -22.4207
      vertex 8.50311 -48.9596 -44.7169
      vertex 8.50311 -52.9511 -22.08
    endloop
  endfacet
  facet normal -0.802896 0.587061 0.103521
    outer loop
      vertex 8.50311 -63.8034 39.4667
      vertex 8.86343 -55.2653 -6.15765
      vertex 8.82655 -55.3067 -6.20891
    endloop
  endfacet
  facet normal -0.803237 0.58661 0.103435
    outer loop
      vertex 8.50311 -63.8034 39.4667
      vertex 8.82655 -55.3067 -6.20891
      vertex 8.53284 -55.5704 -6.99423
    endloop
  endfacet
  facet normal -0.803086 0.586811 0.103471
    outer loop
      vertex 8.50311 -63.8034 39.4667
      vertex 8.53284 -55.5704 -6.99423
      vertex 8.50311 -55.5868 -7.13197
    endloop
  endfacet
  facet normal -0.803212 0.586643 0.10344
    outer loop
      vertex 8.86343 -55.2653 -6.15765
      vertex 8.50311 -63.8034 39.4667
      vertex 8.5318 -63.7653 39.4734
    endloop
  endfacet
  facet normal 0.000771075 -0.174083 0.984731
    outer loop
      vertex 8.6467 -48.6816 -45.1782
      vertex 8.63052 -48.6845 -45.1787
      vertex 8.50311 -48.8723 -45.2118
    endloop
  endfacet
  facet normal 0.671515 0.729734 0.128672
    outer loop
      vertex -6.97833 -65.305 39.202
      vertex -6.98708 -50.5371 -44.5053
      vertex -7.74249 -64.623 39.3222
    endloop
  endfacet
  facet normal 0.671283 0.729941 0.128708
    outer loop
      vertex -6.98708 -50.5371 -44.5053
      vertex -6.97833 -65.305 39.202
      vertex -6.97833 -50.5449 -44.5067
    endloop
  endfacet
  facet normal 0.998794 0.0483519 0.00852557
    outer loop
      vertex -10.947 -57.9929 40.4913
      vertex -10.9486 -48 -15.995
      vertex -11 -56.9311 40.6785
    endloop
  endfacet
  facet normal 0.998795 0.0483409 0.00852383
    outer loop
      vertex -11 -56.9311 40.6785
      vertex -10.9486 -48 -15.995
      vertex -11 -46.938 -15.995
    endloop
  endfacet
  facet normal 0.998794 0.0483474 0.0085251
    outer loop
      vertex -11 -46.3568 -19.2914
      vertex -10.947 -43.8665 -39.6238
      vertex -11 -42.9357 -38.6931
    endloop
  endfacet
  facet normal 0.998794 0.0483557 0.00852611
    outer loop
      vertex -10.9485 -48 -16.005
      vertex -10.947 -43.8665 -39.6238
      vertex -11 -46.3568 -19.2914
    endloop
  endfacet
  facet normal 0.998804 0.0481493 0.00848998
    outer loop
      vertex -10.9485 -48 -16.005
      vertex -10.947 -57.9929 40.4913
      vertex -10.947 -43.8665 -39.6238
    endloop
  endfacet
  facet normal 0.998347 0.0565929 0.00998347
    outer loop
      vertex -10.9486 -48 -15.995
      vertex -10.947 -57.9929 40.4913
      vertex -10.9485 -48 -16.005
    endloop
  endfacet
  facet normal 0.904346 -0.420318 -0.0741071
    outer loop
      vertex -9.70113 -36.8934 -43.0996
      vertex -9.70113 -37.1877 -41.4304
      vertex -9.70976 -37.2035 -41.4461
    endloop
  endfacet
  facet normal 0.903978 -0.421082 -0.074248
    outer loop
      vertex -9.70113 -51.8245 41.5789
      vertex -9.84255 -41.9763 -15.995
      vertex -9.70113 -41.6727 -15.995
    endloop
  endfacet
  facet normal 0.903991 -0.421055 -0.0742434
    outer loop
      vertex -9.84255 -41.9763 -15.995
      vertex -9.70113 -51.8245 41.5789
      vertex -10.1421 -52.7427 41.417
    endloop
  endfacet
  facet normal 0.903976 -0.421086 -0.074253
    outer loop
      vertex -10.1627 -38.0301 -42.2727
      vertex -9.70113 -36.8934 -43.0996
      vertex -9.70976 -37.2035 -41.4461
    endloop
  endfacet
  facet normal 0.903974 -0.42109 -0.0742603
    outer loop
      vertex -9.70113 -36.8934 -43.0996
      vertex -10.1627 -38.0301 -42.2727
      vertex -10.1627 -37.8544 -43.269
    endloop
  endfacet
  facet normal 0.903974 -0.421093 -0.0742448
    outer loop
      vertex -10.1627 -39.302 -35.0594
      vertex -9.85979 -38.7492 -34.5066
      vertex -10.1627 -39.7537 -32.4975
    endloop
  endfacet
  facet normal 0.903979 -0.421081 -0.0742482
    outer loop
      vertex -10.1421 -52.7427 41.417
      vertex -10.1627 -42.6636 -15.995
      vertex -9.84255 -41.9763 -15.995
    endloop
  endfacet
  facet normal 0.903598 -0.421874 -0.0743873
    outer loop
      vertex -10.1627 -42.6636 -15.995
      vertex -10.1421 -52.7427 41.417
      vertex -10.1627 -52.7855 41.4095
    endloop
  endfacet
  facet normal -0.33686 0.92725 0.163499
    outer loop
      vertex 4.20952 -52.1793 -44.7949
      vertex 3.19313 -67.2975 38.8506
      vertex 4.20952 -66.9394 38.9138
    endloop
  endfacet
  facet normal -0.336846 0.927255 0.1635
    outer loop
      vertex 3.19313 -67.2975 38.8506
      vertex 4.20952 -52.1793 -44.7949
      vertex 3.19313 -52.5374 -44.858
    endloop
  endfacet
  facet normal -0.514148 0.844671 0.148938
    outer loop
      vertex 6.11127 -51.1782 -44.6184
      vertex 5.18536 -66.4849 38.9939
      vertex 6.11127 -65.9383 39.0903
    endloop
  endfacet
  facet normal -0.514136 0.844678 0.14894
    outer loop
      vertex 5.18536 -66.4849 38.9939
      vertex 6.11127 -51.1782 -44.6184
      vertex 5.18536 -51.7248 -44.7147
    endloop
  endfacet
  facet normal -0.42753 0.890267 0.156978
    outer loop
      vertex 5.18536 -51.7248 -44.7147
      vertex 4.20952 -66.9394 38.9138
      vertex 5.18536 -66.4849 38.9939
    endloop
  endfacet
  facet normal -0.427543 0.890261 0.156977
    outer loop
      vertex 4.20952 -66.9394 38.9138
      vertex 5.18536 -51.7248 -44.7147
      vertex 4.20952 -52.1793 -44.7949
    endloop
  endfacet
  facet normal -0.857781 0.506207 0.089259
    outer loop
      vertex 9.60778 -49.8888 -30.0187
      vertex 9.70113 -47.4118 -43.1692
      vertex 9.69037 -47.4273 -43.1847
    endloop
  endfacet
  facet normal -0.857617 0.506474 0.0893087
    outer loop
      vertex 9.70113 -47.4118 -43.1692
      vertex 9.6153 -49.8772 -30.012
      vertex 9.70113 -49.7453 -29.9358
    endloop
  endfacet
  facet normal -0.858461 0.505089 0.0890437
    outer loop
      vertex 9.70113 -47.4118 -43.1692
      vertex 9.60778 -49.8888 -30.0187
      vertex 9.6153 -49.8772 -30.012
    endloop
  endfacet
  facet normal -0.857717 0.506311 0.0892761
    outer loop
      vertex 9.58893 -54.1761 -5.88526
      vertex 9.70113 -62.0377 39.7781
      vertex 9.70113 -53.9653 -6.00281
    endloop
  endfacet
  facet normal -0.857701 0.506338 0.0892808
    outer loop
      vertex 9.45611 -54.4091 -5.83982
      vertex 9.70113 -62.0377 39.7781
      vertex 9.58893 -54.1761 -5.88526
    endloop
  endfacet
  facet normal -0.857738 0.506278 0.0892709
    outer loop
      vertex 9.70113 -62.0377 39.7781
      vertex 9.45611 -54.4091 -5.83982
      vertex 9.17092 -62.9089 39.6245
    endloop
  endfacet
  facet normal 0.146742 0.974147 0.171768
    outer loop
      vertex -1.07819 -67.7118 38.7776
      vertex -2.14599 -52.7957 -44.9036
      vertex -2.14599 -67.5558 38.8051
    endloop
  endfacet
  facet normal 0.146978 0.974113 0.171759
    outer loop
      vertex -1.07819 -67.7118 38.7776
      vertex -2.01886 -52.8143 -44.9069
      vertex -2.14599 -52.7957 -44.9036
    endloop
  endfacet
  facet normal 0.146685 0.974155 0.17177
    outer loop
      vertex -1.07819 -67.7118 38.7776
      vertex -1.60665 -52.8745 -44.9175
      vertex -2.01886 -52.8143 -44.9069
    endloop
  endfacet
  facet normal 0.14678 0.974142 0.171767
    outer loop
      vertex -1.07819 -67.7118 38.7776
      vertex -1.43281 -52.8999 -44.922
      vertex -1.60665 -52.8745 -44.9175
    endloop
  endfacet
  facet normal 0.146704 0.974153 0.171769
    outer loop
      vertex -1.43281 -52.8999 -44.922
      vertex -1.07819 -67.7118 38.7776
      vertex -1.07819 -52.9517 -44.9311
    endloop
  endfacet
endsolid OpenSCAD_Model
