solid OpenSCAD_Model
  facet normal -0.740948 -0.474866 -0.474866
    outer loop
      vertex -35.3553 -17.2218 -32.7782
      vertex -38.6505 -20.3079 -24.5505
      vertex -38.6505 -14.651 -30.2074
    endloop
  endfacet
  facet normal -0.740948 -0.474866 -0.474866
    outer loop
      vertex -38.6505 -20.3079 -24.5505
      vertex -35.3553 -17.2218 -32.7782
      vertex -35.3553 -22.8787 -27.1213
    endloop
  endfacet
  facet normal -0.514093 -0.60651 -0.60651
    outer loop
      vertex -27.7785 -21.6187 -37.1751
      vertex -23.5698 -29.0593 -33.3019
      vertex -27.7785 -27.2756 -31.5182
    endloop
  endfacet
  facet normal -0.514104 -0.606511 -0.6065
    outer loop
      vertex -23.5698 -29.0593 -33.3019
      vertex -27.7785 -21.6187 -37.1751
      vertex -23.5698 -23.4025 -38.9588
    endloop
  endfacet
  facet normal -0.989179 0.103743 0.103744
    outer loop
      vertex -49.7592 11.2436 -4.31275
      vertex -49.0393 9.0188 4.77616
      vertex -49.0393 14.6757 -0.88069
    endloop
  endfacet
  facet normal -0.989179 0.103744 0.103744
    outer loop
      vertex -49.0393 9.0188 4.77616
      vertex -49.7592 11.2436 -4.31275
      vertex -49.7592 5.58675 1.34411
    endloop
  endfacet
  facet normal -0.998795 -0.0347014 -0.0347014
    outer loop
      vertex -49.7592 4.31275 -11.2436
      vertex -50 2.12132 -2.12132
      vertex -50 7.77817 -7.77817
    endloop
  endfacet
  facet normal -0.998795 -0.0347013 -0.0347013
    outer loop
      vertex -50 2.12132 -2.12132
      vertex -49.7592 4.31275 -11.2436
      vertex -49.7592 -1.34411 -5.58675
    endloop
  endfacet
  facet normal -0.857724 -0.363532 -0.363531
    outer loop
      vertex -41.5735 -11.8642 -27.4205
      vertex -44.0961 -14.5451 -18.7877
      vertex -44.0961 -8.88822 -24.4446
    endloop
  endfacet
  facet normal -0.857728 -0.363523 -0.363529
    outer loop
      vertex -44.0961 -14.5451 -18.7877
      vertex -41.5735 -11.8642 -27.4205
      vertex -41.5735 -17.5211 -21.7637
    endloop
  endfacet
  facet normal -0.0490689 0.706255 0.706255
    outer loop
      vertex 0 43.1335 27.5772
      vertex -4.90086 37.3064 33.0638
      vertex 0 37.4767 33.234
    endloop
  endfacet
  facet normal -0.0490689 0.706255 0.706255
    outer loop
      vertex -4.90086 37.3064 33.0638
      vertex 0 43.1335 27.5772
      vertex -4.90086 42.9633 27.4069
    endloop
  endfacet
  facet normal -0.989179 -0.103743 -0.103743
    outer loop
      vertex -49.0393 0.88069 -14.6757
      vertex -49.7592 -1.34411 -5.58675
      vertex -49.7592 4.31275 -11.2436
    endloop
  endfacet
  facet normal -0.989179 -0.103745 -0.103744
    outer loop
      vertex -49.7592 -1.34411 -5.58675
      vertex -49.0393 0.88069 -14.6757
      vertex -49.0393 -4.77616 -9.0188
    endloop
  endfacet
  facet normal -0.514104 0.6065 0.606511
    outer loop
      vertex -27.7785 37.1751 21.6187
      vertex -23.5698 33.3019 29.0593
      vertex -23.5698 38.9588 23.4025
    endloop
  endfacet
  facet normal -0.514093 0.60651 0.60651
    outer loop
      vertex -23.5698 33.3019 29.0593
      vertex -27.7785 37.1751 21.6187
      vertex -27.7785 31.5182 27.2756
    endloop
  endfacet
  facet normal -0.671567 0.523926 0.523926
    outer loop
      vertex -35.3553 32.7782 17.2218
      vertex -31.7197 29.4514 25.2087
      vertex -31.7197 35.1082 19.5519
    endloop
  endfacet
  facet normal -0.671567 0.523926 0.523926
    outer loop
      vertex -31.7197 29.4514 25.2087
      vertex -35.3553 32.7782 17.2218
      vertex -35.3553 27.1213 22.8787
    endloop
  endfacet
  facet normal -0.336892 0.665772 0.665772
    outer loop
      vertex -19.1342 40.4422 24.8859
      vertex -14.5142 35.9543 31.7116
      vertex -14.5142 41.6111 26.0548
    endloop
  endfacet
  facet normal -0.336879 0.665781 0.665769
    outer loop
      vertex -14.5142 35.9543 31.7116
      vertex -19.1342 40.4422 24.8859
      vertex -19.1342 34.7854 30.5428
    endloop
  endfacet
  facet normal -0.803207 -0.42122 -0.421227
    outer loop
      vertex -38.6505 -14.651 -30.2074
      vertex -41.5735 -17.5211 -21.7637
      vertex -41.5735 -11.8642 -27.4205
    endloop
  endfacet
  facet normal -0.803202 -0.421228 -0.421228
    outer loop
      vertex -41.5735 -17.5211 -21.7637
      vertex -38.6505 -14.651 -30.2074
      vertex -38.6505 -20.3079 -24.5505
    endloop
  endfacet
  facet normal -0.671567 -0.523926 -0.523926
    outer loop
      vertex -31.7197 -19.5519 -35.1082
      vertex -35.3553 -22.8787 -27.1213
      vertex -35.3553 -17.2218 -32.7782
    endloop
  endfacet
  facet normal -0.671567 -0.523926 -0.523926
    outer loop
      vertex -35.3553 -22.8787 -27.1213
      vertex -31.7197 -19.5519 -35.1082
      vertex -31.7197 -25.2087 -29.4514
    endloop
  endfacet
  facet normal -0.857724 0.363534 0.363528
    outer loop
      vertex -44.0961 24.4446 8.88822
      vertex -41.5735 21.7637 17.5211
      vertex -41.5735 27.4205 11.8642
    endloop
  endfacet
  facet normal -0.857728 0.363525 0.363526
    outer loop
      vertex -41.5735 21.7637 17.5211
      vertex -44.0961 24.4446 8.88822
      vertex -44.0961 18.7877 14.5451
    endloop
  endfacet
  facet normal -0.0490689 -0.706255 -0.706255
    outer loop
      vertex -4.90086 -27.4069 -42.9633
      vertex 0 -33.234 -37.4767
      vertex -4.90086 -33.0638 -37.3064
    endloop
  endfacet
  facet normal -0.0490689 -0.706255 -0.706255
    outer loop
      vertex 0 -33.234 -37.4767
      vertex -4.90086 -27.4069 -42.9633
      vertex 0 -27.5772 -43.1335
    endloop
  endfacet
  facet normal -0.941547 -0.238213 -0.238211
    outer loop
      vertex -46.194 -5.75173 -21.3081
      vertex -47.847 -8.14179 -12.3844
      vertex -47.847 -2.48494 -18.0413
    endloop
  endfacet
  facet normal -0.941547 -0.238212 -0.23821
    outer loop
      vertex -47.847 -8.14179 -12.3844
      vertex -46.194 -5.75173 -21.3081
      vertex -46.194 -11.4086 -15.6512
    endloop
  endfacet
  facet normal -0.803207 0.421224 0.421224
    outer loop
      vertex -41.5735 27.4205 11.8642
      vertex -38.6505 24.5505 20.3079
      vertex -38.6505 30.2074 14.651
    endloop
  endfacet
  facet normal -0.803202 0.421232 0.421225
    outer loop
      vertex -38.6505 24.5505 20.3079
      vertex -41.5735 27.4205 11.8642
      vertex -41.5735 21.7637 17.5211
    endloop
  endfacet
  facet normal -0.146731 0.699453 0.699453
    outer loop
      vertex -4.90086 42.9633 27.4069
      vertex -9.75452 36.7973 32.5547
      vertex -4.90086 37.3064 33.0638
    endloop
  endfacet
  facet normal -0.146731 0.699453 0.699453
    outer loop
      vertex -9.75452 36.7973 32.5547
      vertex -4.90086 42.9633 27.4069
      vertex -9.75452 42.4542 26.8978
    endloop
  endfacet
  facet normal -1.38072e-05 -0.70711 0.707104
    outer loop
      vertex -13.9337 34.601 30.3583
      vertex -9.75452 36.7973 32.5547
      vertex -14.5142 35.9543 31.7116
    endloop
  endfacet
  facet normal 2.18719e-05 -0.707045 0.707168
    outer loop
      vertex -9.75452 36.7973 32.5547
      vertex -4.70482 35.899 31.6564
      vertex -2 35.993 31.7503
    endloop
  endfacet
  facet normal -9.5465e-06 -0.707134 0.70708
    outer loop
      vertex -9.75452 36.7973 32.5547
      vertex -9.36434 35.4103 31.1676
      vertex -4.70482 35.899 31.6564
    endloop
  endfacet
  facet normal 1.33298e-05 -0.707103 0.707111
    outer loop
      vertex -18.3688 33.4788 29.2362
      vertex -14.5142 35.9543 31.7116
      vertex -19.1342 34.7854 30.5428
    endloop
  endfacet
  facet normal 8.60065e-06 -0.707131 0.707083
    outer loop
      vertex -9.75452 36.7973 32.5547
      vertex -13.9337 34.601 30.3583
      vertex -9.36434 35.4103 31.1676
    endloop
  endfacet
  facet normal 1.43825e-05 -0.707104 0.70711
    outer loop
      vertex -14.5142 35.9543 31.7116
      vertex -18.3688 33.4788 29.2362
      vertex -13.9337 34.601 30.3583
    endloop
  endfacet
  facet normal -1.04209e-15 -0.707107 0.707107
    outer loop
      vertex -22.627 32.0547 27.8121
      vertex -19.1342 34.7854 30.5428
      vertex -23.5698 33.3019 29.0593
    endloop
  endfacet
  facet normal -4.71941e-17 -0.707107 0.707107
    outer loop
      vertex -19.1342 34.7854 30.5428
      vertex -22.627 32.0547 27.8121
      vertex -18.3688 33.4788 29.2362
    endloop
  endfacet
  facet normal 1.04206e-15 -0.707107 0.707107
    outer loop
      vertex -26.6674 30.3423 26.0997
      vertex -23.5698 33.3019 29.0593
      vertex -27.7785 31.5182 27.2756
    endloop
  endfacet
  facet normal -2.21817e-15 -0.707107 0.707107
    outer loop
      vertex -23.5698 33.3019 29.0593
      vertex -26.6674 30.3423 26.0997
      vertex -22.627 32.0547 27.8121
    endloop
  endfacet
  facet normal -1.1153e-05 -0.707113 0.7071
    outer loop
      vertex -30.4509 28.3582 24.1155
      vertex -27.7785 31.5182 27.2756
      vertex -31.7197 29.4514 25.2087
    endloop
  endfacet
  facet normal -1.24968e-05 -0.707113 0.707101
    outer loop
      vertex -27.7785 31.5182 27.2756
      vertex -30.4509 28.3582 24.1155
      vertex -26.6674 30.3423 26.0997
    endloop
  endfacet
  facet normal 1.02024e-05 -0.7071 0.707114
    outer loop
      vertex -33.9411 26.1213 21.8787
      vertex -31.7197 29.4514 25.2087
      vertex -35.3553 27.1213 22.8787
    endloop
  endfacet
  facet normal 1.16179e-05 -0.7071 0.707114
    outer loop
      vertex -31.7197 29.4514 25.2087
      vertex -33.9411 26.1213 21.8787
      vertex -30.4509 28.3582 24.1155
    endloop
  endfacet
  facet normal 1.26859e-15 -0.707107 0.707107
    outer loop
      vertex -37.1045 23.6533 19.4107
      vertex -35.3553 27.1213 22.8787
      vertex -38.6505 24.5505 20.3079
    endloop
  endfacet
  facet normal 0 -0.707107 0.707107
    outer loop
      vertex -35.3553 27.1213 22.8787
      vertex -37.1045 23.6533 19.4107
      vertex -33.9411 26.1213 21.8787
    endloop
  endfacet
  facet normal 9.96733e-16 -0.707107 0.707107
    outer loop
      vertex -39.9105 20.978 16.7354
      vertex -38.6505 24.5505 20.3079
      vertex -41.5735 21.7637 17.5211
    endloop
  endfacet
  facet normal 1.0383e-15 -0.707107 0.707107
    outer loop
      vertex -38.6505 24.5505 20.3079
      vertex -39.9105 20.978 16.7354
      vertex -37.1045 23.6533 19.4107
    endloop
  endfacet
  facet normal 3.03612e-05 -0.70712 0.707094
    outer loop
      vertex -42.3322 18.1211 13.8784
      vertex -41.5735 21.7637 17.5211
      vertex -44.0961 18.7877 14.5451
    endloop
  endfacet
  facet normal -8.34967e-06 -0.707116 0.707098
    outer loop
      vertex -41.5735 21.7637 17.5211
      vertex -42.3322 18.1211 13.8784
      vertex -39.9105 20.978 16.7354
    endloop
  endfacet
  facet normal 9.06126e-17 -0.707107 0.707107
    outer loop
      vertex -44.3462 15.11 10.8674
      vertex -44.0961 18.7877 14.5451
      vertex -46.194 15.6512 11.4086
    endloop
  endfacet
  facet normal 3.90832e-05 -0.707108 0.707105
    outer loop
      vertex -44.0961 18.7877 14.5451
      vertex -44.3462 15.11 10.8674
      vertex -42.3322 18.1211 13.8784
    endloop
  endfacet
  facet normal 6.24692e-06 -0.707109 0.707104
    outer loop
      vertex -45.9331 11.9739 7.73127
      vertex -46.194 15.6512 11.4086
      vertex -47.847 12.3844 8.14179
    endloop
  endfacet
  facet normal -1.72543e-06 -0.70711 0.707104
    outer loop
      vertex -46.194 15.6512 11.4086
      vertex -45.9331 11.9739 7.73127
      vertex -44.3462 15.11 10.8674
    endloop
  endfacet
  facet normal 2.58924e-06 -0.70711 0.707103
    outer loop
      vertex -47.0777 8.74291 4.50026
      vertex -47.847 12.3844 8.14179
      vertex -49.0393 9.0188 4.77616
    endloop
  endfacet
  facet normal 5.99484e-06 -0.70711 0.707104
    outer loop
      vertex -47.847 12.3844 8.14179
      vertex -47.0777 8.74291 4.50026
      vertex -45.9331 11.9739 7.73127
    endloop
  endfacet
  facet normal -1.47254e-16 -0.707107 0.707107
    outer loop
      vertex -47.7689 5.44813 1.20549
      vertex -49.0393 9.0188 4.77616
      vertex -49.7592 5.58675 1.34411
    endloop
  endfacet
  facet normal 3.79463e-06 -0.707106 0.707107
    outer loop
      vertex -49.0393 9.0188 4.77616
      vertex -47.7689 5.44813 1.20549
      vertex -47.0777 8.74291 4.50026
    endloop
  endfacet
  facet normal 0 -0.707107 0.707107
    outer loop
      vertex -48 2.12132 -2.12132
      vertex -49.7592 5.58675 1.34411
      vertex -50 2.12132 -2.12132
    endloop
  endfacet
  facet normal -1.4749e-16 -0.707107 0.707107
    outer loop
      vertex -49.7592 5.58675 1.34411
      vertex -48 2.12132 -2.12132
      vertex -47.7689 5.44813 1.20549
    endloop
  endfacet
  facet normal 0 -0.707107 0.707107
    outer loop
      vertex -49.7592 -1.34411 -5.58675
      vertex -48 2.12132 -2.12132
      vertex -50 2.12132 -2.12132
    endloop
  endfacet
  facet normal -3.77574e-16 -0.707107 0.707107
    outer loop
      vertex -48 2.12132 -2.12132
      vertex -49.7592 -1.34411 -5.58675
      vertex -47.7689 -1.20549 -5.44813
    endloop
  endfacet
  facet normal -3.62472e-16 -0.707107 0.707107
    outer loop
      vertex -49.0393 -4.77616 -9.0188
      vertex -47.7689 -1.20549 -5.44813
      vertex -49.7592 -1.34411 -5.58675
    endloop
  endfacet
  facet normal 3.79463e-06 -0.707107 0.707106
    outer loop
      vertex -47.7689 -1.20549 -5.44813
      vertex -49.0393 -4.77616 -9.0188
      vertex -47.0777 -4.50026 -8.74291
    endloop
  endfacet
  facet normal 2.58924e-06 -0.707103 0.70711
    outer loop
      vertex -47.847 -8.14179 -12.3844
      vertex -47.0777 -4.50026 -8.74291
      vertex -49.0393 -4.77616 -9.0188
    endloop
  endfacet
  facet normal 5.99484e-06 -0.707104 0.70711
    outer loop
      vertex -47.0777 -4.50026 -8.74291
      vertex -47.847 -8.14179 -12.3844
      vertex -45.9331 -7.73127 -11.9739
    endloop
  endfacet
  facet normal 6.24692e-06 -0.707104 0.707109
    outer loop
      vertex -46.194 -11.4086 -15.6512
      vertex -45.9331 -7.73127 -11.9739
      vertex -47.847 -8.14179 -12.3844
    endloop
  endfacet
  facet normal -1.72543e-06 -0.707104 0.70711
    outer loop
      vertex -45.9331 -7.73127 -11.9739
      vertex -46.194 -11.4086 -15.6512
      vertex -44.3462 -10.8674 -15.11
    endloop
  endfacet
  facet normal 0 -0.707107 0.707107
    outer loop
      vertex -44.0961 -14.5451 -18.7877
      vertex -44.3462 -10.8674 -15.11
      vertex -46.194 -11.4086 -15.6512
    endloop
  endfacet
  facet normal 3.90832e-05 -0.707105 0.707108
    outer loop
      vertex -44.3462 -10.8674 -15.11
      vertex -44.0961 -14.5451 -18.7877
      vertex -42.3322 -13.8784 -18.1211
    endloop
  endfacet
  facet normal 3.03612e-05 -0.707094 0.70712
    outer loop
      vertex -41.5735 -17.5211 -21.7637
      vertex -42.3322 -13.8784 -18.1211
      vertex -44.0961 -14.5451 -18.7877
    endloop
  endfacet
  facet normal -8.34967e-06 -0.707098 0.707116
    outer loop
      vertex -42.3322 -13.8784 -18.1211
      vertex -41.5735 -17.5211 -21.7637
      vertex -39.9105 -16.7354 -20.978
    endloop
  endfacet
  facet normal 1.08735e-15 -0.707107 0.707107
    outer loop
      vertex -38.6505 -20.3079 -24.5505
      vertex -39.9105 -16.7354 -20.978
      vertex -41.5735 -17.5211 -21.7637
    endloop
  endfacet
  facet normal 9.43912e-16 -0.707107 0.707107
    outer loop
      vertex -39.9105 -16.7354 -20.978
      vertex -38.6505 -20.3079 -24.5505
      vertex -37.1045 -19.4107 -23.6533
    endloop
  endfacet
  facet normal 1.26859e-15 -0.707107 0.707107
    outer loop
      vertex -35.3553 -22.8787 -27.1213
      vertex -37.1045 -19.4107 -23.6533
      vertex -38.6505 -20.3079 -24.5505
    endloop
  endfacet
  facet normal 0 -0.707107 0.707107
    outer loop
      vertex -37.1045 -19.4107 -23.6533
      vertex -35.3553 -22.8787 -27.1213
      vertex -33.9411 -21.8787 -26.1213
    endloop
  endfacet
  facet normal 1.02024e-05 -0.707114 0.7071
    outer loop
      vertex -31.7197 -25.2087 -29.4514
      vertex -33.9411 -21.8787 -26.1213
      vertex -35.3553 -22.8787 -27.1213
    endloop
  endfacet
  facet normal 1.16179e-05 -0.707114 0.7071
    outer loop
      vertex -33.9411 -21.8787 -26.1213
      vertex -31.7197 -25.2087 -29.4514
      vertex -30.4509 -24.1155 -28.3582
    endloop
  endfacet
  facet normal -1.1153e-05 -0.7071 0.707113
    outer loop
      vertex -27.7785 -27.2756 -31.5182
      vertex -30.4509 -24.1155 -28.3582
      vertex -31.7197 -25.2087 -29.4514
    endloop
  endfacet
  facet normal -1.24968e-05 -0.707101 0.707113
    outer loop
      vertex -30.4509 -24.1155 -28.3582
      vertex -27.7785 -27.2756 -31.5182
      vertex -26.6674 -26.0997 -30.3423
    endloop
  endfacet
  facet normal 1.08737e-15 -0.707107 0.707107
    outer loop
      vertex -23.5698 -29.0593 -33.3019
      vertex -26.6674 -26.0997 -30.3423
      vertex -27.7785 -27.2756 -31.5182
    endloop
  endfacet
  facet normal -2.26536e-15 -0.707107 0.707107
    outer loop
      vertex -26.6674 -26.0997 -30.3423
      vertex -23.5698 -29.0593 -33.3019
      vertex -22.627 -27.8121 -32.0547
    endloop
  endfacet
  facet normal -1.0874e-15 -0.707107 0.707107
    outer loop
      vertex -19.1342 -30.5428 -34.7854
      vertex -22.627 -27.8121 -32.0547
      vertex -23.5698 -29.0593 -33.3019
    endloop
  endfacet
  facet normal -4.71941e-17 -0.707107 0.707107
    outer loop
      vertex -22.627 -27.8121 -32.0547
      vertex -19.1342 -30.5428 -34.7854
      vertex -18.3688 -29.2362 -33.4788
    endloop
  endfacet
  facet normal 1.33298e-05 -0.707111 0.707103
    outer loop
      vertex -14.5142 -31.7116 -35.9543
      vertex -18.3688 -29.2362 -33.4788
      vertex -19.1342 -30.5428 -34.7854
    endloop
  endfacet
  facet normal 1.43825e-05 -0.70711 0.707104
    outer loop
      vertex -18.3688 -29.2362 -33.4788
      vertex -14.5142 -31.7116 -35.9543
      vertex -13.9337 -30.3583 -34.601
    endloop
  endfacet
  facet normal -1.38072e-05 -0.707104 0.70711
    outer loop
      vertex -9.75452 -32.5547 -36.7973
      vertex -13.9337 -30.3583 -34.601
      vertex -14.5142 -31.7116 -35.9543
    endloop
  endfacet
  facet normal 8.60065e-06 -0.707083 0.707131
    outer loop
      vertex -13.9337 -30.3583 -34.601
      vertex -9.75452 -32.5547 -36.7973
      vertex -9.36434 -31.1676 -35.4103
    endloop
  endfacet
  facet normal 5.19395e-06 -0.707082 0.707132
    outer loop
      vertex -4.90086 -33.0638 -37.3064
      vertex -9.36434 -31.1676 -35.4103
      vertex -9.75452 -32.5547 -36.7973
    endloop
  endfacet
  facet normal -1.4957e-05 -0.707106 0.707108
    outer loop
      vertex -9.36434 -31.1676 -35.4103
      vertex -4.90086 -33.0638 -37.3064
      vertex -4.70482 -31.6564 -35.899
    endloop
  endfacet
  facet normal 4.58474e-06 -0.707129 0.707085
    outer loop
      vertex -2 35.993 31.7503
      vertex -4.90086 37.3064 33.0638
      vertex -9.75452 36.7973 32.5547
    endloop
  endfacet
  facet normal 1.5137e-05 -0.707117 0.707097
    outer loop
      vertex -4.90086 37.3064 33.0638
      vertex -2 35.993 31.7503
      vertex 0 37.4767 33.234
    endloop
  endfacet
  facet normal -3.53553e-05 -0.707107 0.707107
    outer loop
      vertex 0 23.3345 19.0919
      vertex -2 35.993 31.7503
      vertex -2 24.6793 20.4366
    endloop
  endfacet
  facet normal -5.19358e-06 -0.707082 0.707132
    outer loop
      vertex -5.85271 22.9269 18.6843
      vertex -3.13655 24.6398 20.3971
      vertex -6.24289 24.314 20.0713
    endloop
  endfacet
  facet normal 3.01742e-05 -0.707126 0.707087
    outer loop
      vertex -8.70854 22.4211 18.1784
      vertex -6.24289 24.314 20.0713
      vertex -9.28911 23.7744 19.5318
    endloop
  endfacet
  facet normal -3.70925e-06 -0.707104 0.707109
    outer loop
      vertex -2 35.993 31.7503
      vertex 0 23.3345 19.0919
      vertex 0 37.4767 33.234
    endloop
  endfacet
  facet normal 2.39312e-05 -0.707105 0.707108
    outer loop
      vertex -3.13655 24.6398 20.3971
      vertex -5.85271 22.9269 18.6843
      vertex -2.94051 23.2324 18.9897
    endloop
  endfacet
  facet normal -2.46026e-05 -0.707099 0.707115
    outer loop
      vertex -2 24.6793 20.4366
      vertex -2.94051 23.2324 18.9897
      vertex 0 23.3345 19.0919
    endloop
  endfacet
  facet normal 1.19254e-05 -0.70713 0.707083
    outer loop
      vertex -11.4805 21.7198 17.4771
      vertex -9.28911 23.7744 19.5318
      vertex -12.2459 23.0263 18.7837
    endloop
  endfacet
  facet normal -6.10523e-17 -0.707107 0.707107
    outer loop
      vertex -3.13655 24.6398 20.3971
      vertex -2.94051 23.2324 18.9897
      vertex -2 24.6793 20.4366
    endloop
  endfacet
  facet normal -3.21863e-05 -0.707086 0.707128
    outer loop
      vertex -6.24289 24.314 20.0713
      vertex -8.70854 22.4211 18.1784
      vertex -5.85271 22.9269 18.6843
    endloop
  endfacet
  facet normal 0 -0.707107 0.707107
    outer loop
      vertex -14.1419 20.8297 16.5871
      vertex -12.2459 23.0263 18.7837
      vertex -15.0847 22.0769 17.8343
    endloop
  endfacet
  facet normal 1.19246e-05 -0.70713 0.707083
    outer loop
      vertex -9.28911 23.7744 19.5318
      vertex -11.4805 21.7198 17.4771
      vertex -8.70854 22.4211 18.1784
    endloop
  endfacet
  facet normal 1.8199e-05 -0.707128 0.707085
    outer loop
      vertex -16.6671 19.7595 15.5168
      vertex -15.0847 22.0769 17.8343
      vertex -17.7782 20.9353 16.6927
    endloop
  endfacet
  facet normal 3.73508e-05 -0.707123 0.707091
    outer loop
      vertex -12.2459 23.0263 18.7837
      vertex -14.1419 20.8297 16.5871
      vertex -11.4805 21.7198 17.4771
    endloop
  endfacet
  facet normal -2.12075e-05 -0.707115 0.707099
    outer loop
      vertex -15.0847 22.0769 17.8343
      vertex -16.6671 19.7595 15.5168
      vertex -14.1419 20.8297 16.5871
    endloop
  endfacet
  facet normal 2.83164e-16 -0.707107 0.707107
    outer loop
      vertex -19.0318 18.5193 14.2767
      vertex -17.7782 20.9353 16.6927
      vertex -20.3006 19.6125 15.3699
    endloop
  endfacet
  facet normal 4.10818e-05 -0.707117 0.707096
    outer loop
      vertex -17.7782 20.9353 16.6927
      vertex -19.0318 18.5193 14.2767
      vertex -16.6671 19.7595 15.5168
    endloop
  endfacet
  facet normal 0 -0.707107 0.707107
    outer loop
      vertex -21.2132 17.1213 12.8787
      vertex -20.3006 19.6125 15.3699
      vertex -22.6274 18.1213 13.8787
    endloop
  endfacet
  facet normal 0 -0.707107 0.707107
    outer loop
      vertex -20.3006 19.6125 15.3699
      vertex -21.2132 17.1213 12.8787
      vertex -19.0318 18.5193 14.2767
    endloop
  endfacet
  facet normal 2.83171e-16 -0.707107 0.707107
    outer loop
      vertex -23.1903 15.5788 11.3362
      vertex -22.6274 18.1213 13.8787
      vertex -24.7363 16.476 12.2334
    endloop
  endfacet
  facet normal 3.0205e-16 -0.707107 0.707107
    outer loop
      vertex -22.6274 18.1213 13.8787
      vertex -23.1903 15.5788 11.3362
      vertex -21.2132 17.1213 12.8787
    endloop
  endfacet
  facet normal 4.95548e-16 -0.707107 0.707107
    outer loop
      vertex -24.9441 13.9067 9.6641
      vertex -24.7363 16.476 12.2334
      vertex -26.607 14.6924 10.4498
    endloop
  endfacet
  facet normal -3.02044e-16 -0.707107 0.707107
    outer loop
      vertex -24.7363 16.476 12.2334
      vertex -24.9441 13.9067 9.6641
      vertex -23.1903 15.5788 11.3362
    endloop
  endfacet
  facet normal 1.50287e-05 -0.707119 0.707095
    outer loop
      vertex -26.4576 12.1212 7.87851
      vertex -26.607 14.6924 10.4498
      vertex -28.2215 12.7878 8.54517
    endloop
  endfacet
  facet normal -1.20244e-05 -0.70712 0.707094
    outer loop
      vertex -26.607 14.6924 10.4498
      vertex -26.4576 12.1212 7.87851
      vertex -24.9441 13.9067 9.6641
    endloop
  endfacet
  facet normal -4.31385e-06 -0.707114 0.707099
    outer loop
      vertex -27.7164 10.2393 5.99662
      vertex -28.2215 12.7878 8.54517
      vertex -29.5641 10.7805 6.53782
    endloop
  endfacet
  facet normal 2.03326e-05 -0.707112 0.707102
    outer loop
      vertex -28.2215 12.7878 8.54517
      vertex -27.7164 10.2393 5.99662
      vertex -26.4576 12.1212 7.87851
    endloop
  endfacet
  facet normal 2.61759e-06 -0.707101 0.707113
    outer loop
      vertex -28.7082 8.27919 4.03655
      vertex -29.5641 10.7805 6.53782
      vertex -30.6221 8.68971 4.44707
    endloop
  endfacet
  facet normal 3.68107e-06 -0.7071 0.707113
    outer loop
      vertex -29.5641 10.7805 6.53782
      vertex -28.7082 8.27919 4.03655
      vertex -27.7164 10.2393 5.99662
    endloop
  endfacet
  facet normal 0 -0.707107 0.707107
    outer loop
      vertex -29.4236 6.25981 2.01717
      vertex -30.6221 8.68971 4.44707
      vertex -31.3851 6.53571 2.29307
    endloop
  endfacet
  facet normal 0 -0.707107 0.707107
    outer loop
      vertex -30.6221 8.68971 4.44707
      vertex -29.4236 6.25981 2.01717
      vertex -28.7082 8.27919 4.03655
    endloop
  endfacet
  facet normal 2.60942e-06 -0.707106 0.707107
    outer loop
      vertex -29.8555 4.20058 -0.0420632
      vertex -31.3851 6.53571 2.29307
      vertex -31.8459 4.33919 0.096554
    endloop
  endfacet
  facet normal -1.5013e-07 -0.707107 0.707106
    outer loop
      vertex -31.3851 6.53571 2.29307
      vertex -29.8555 4.20058 -0.0420632
      vertex -29.4236 6.25981 2.01717
    endloop
  endfacet
  facet normal 0 -0.707107 0.707106
    outer loop
      vertex -30 2.12132 -2.12132
      vertex -31.8459 4.33919 0.096554
      vertex -32 2.12132 -2.12132
    endloop
  endfacet
  facet normal 2.62096e-06 -0.707106 0.707107
    outer loop
      vertex -31.8459 4.33919 0.096554
      vertex -30 2.12132 -2.12132
      vertex -29.8555 4.20058 -0.0420632
    endloop
  endfacet
  facet normal 0 -0.707106 0.707107
    outer loop
      vertex -31.8459 -0.096554 -4.33919
      vertex -30 2.12132 -2.12132
      vertex -32 2.12132 -2.12132
    endloop
  endfacet
  facet normal 2.62096e-06 -0.707107 0.707106
    outer loop
      vertex -30 2.12132 -2.12132
      vertex -31.8459 -0.096554 -4.33919
      vertex -29.8555 0.0420632 -4.20058
    endloop
  endfacet
  facet normal 2.60942e-06 -0.707107 0.707106
    outer loop
      vertex -31.3851 -2.29307 -6.53571
      vertex -29.8555 0.0420632 -4.20058
      vertex -31.8459 -0.096554 -4.33919
    endloop
  endfacet
  facet normal -1.5013e-07 -0.707106 0.707107
    outer loop
      vertex -29.8555 0.0420632 -4.20058
      vertex -31.3851 -2.29307 -6.53571
      vertex -29.4236 -2.01717 -6.25981
    endloop
  endfacet
  facet normal 0 -0.707107 0.707107
    outer loop
      vertex -30.6221 -4.44707 -8.68971
      vertex -29.4236 -2.01717 -6.25981
      vertex -31.3851 -2.29307 -6.53571
    endloop
  endfacet
  facet normal 0 -0.707107 0.707107
    outer loop
      vertex -29.4236 -2.01717 -6.25981
      vertex -30.6221 -4.44707 -8.68971
      vertex -28.7082 -4.03655 -8.27919
    endloop
  endfacet
  facet normal 2.61759e-06 -0.707113 0.707101
    outer loop
      vertex -29.5641 -6.53782 -10.7805
      vertex -28.7082 -4.03655 -8.27919
      vertex -30.6221 -4.44707 -8.68971
    endloop
  endfacet
  facet normal 3.68107e-06 -0.707113 0.7071
    outer loop
      vertex -28.7082 -4.03655 -8.27919
      vertex -29.5641 -6.53782 -10.7805
      vertex -27.7164 -5.99662 -10.2393
    endloop
  endfacet
  facet normal -4.31385e-06 -0.707099 0.707114
    outer loop
      vertex -28.2215 -8.54517 -12.7878
      vertex -27.7164 -5.99662 -10.2393
      vertex -29.5641 -6.53782 -10.7805
    endloop
  endfacet
  facet normal 2.03326e-05 -0.707102 0.707112
    outer loop
      vertex -27.7164 -5.99662 -10.2393
      vertex -28.2215 -8.54517 -12.7878
      vertex -26.4576 -7.87851 -12.1212
    endloop
  endfacet
  facet normal 1.50287e-05 -0.707095 0.707119
    outer loop
      vertex -26.607 -10.4498 -14.6924
      vertex -26.4576 -7.87851 -12.1212
      vertex -28.2215 -8.54517 -12.7878
    endloop
  endfacet
  facet normal -1.20244e-05 -0.707094 0.70712
    outer loop
      vertex -26.4576 -7.87851 -12.1212
      vertex -26.607 -10.4498 -14.6924
      vertex -24.9441 -9.6641 -13.9067
    endloop
  endfacet
  facet normal 4.24755e-16 -0.707107 0.707107
    outer loop
      vertex -24.7363 -12.2334 -16.476
      vertex -24.9441 -9.6641 -13.9067
      vertex -26.607 -10.4498 -14.6924
    endloop
  endfacet
  facet normal -1.51022e-16 -0.707107 0.707107
    outer loop
      vertex -24.9441 -9.6641 -13.9067
      vertex -24.7363 -12.2334 -16.476
      vertex -23.1903 -11.3362 -15.5788
    endloop
  endfacet
  facet normal 2.83171e-16 -0.707107 0.707107
    outer loop
      vertex -22.6274 -13.8787 -18.1213
      vertex -23.1903 -11.3362 -15.5788
      vertex -24.7363 -12.2334 -16.476
    endloop
  endfacet
  facet normal 3.0205e-16 -0.707107 0.707107
    outer loop
      vertex -23.1903 -11.3362 -15.5788
      vertex -22.6274 -13.8787 -18.1213
      vertex -21.2132 -12.8787 -17.1213
    endloop
  endfacet
  facet normal 0 -0.707107 0.707107
    outer loop
      vertex -20.3006 -15.3699 -19.6125
      vertex -21.2132 -12.8787 -17.1213
      vertex -22.6274 -13.8787 -18.1213
    endloop
  endfacet
  facet normal 0 -0.707107 0.707107
    outer loop
      vertex -21.2132 -12.8787 -17.1213
      vertex -20.3006 -15.3699 -19.6125
      vertex -19.0318 -14.2767 -18.5193
    endloop
  endfacet
  facet normal 3.53955e-16 -0.707107 0.707107
    outer loop
      vertex -17.7782 -16.6927 -20.9353
      vertex -19.0318 -14.2767 -18.5193
      vertex -20.3006 -15.3699 -19.6125
    endloop
  endfacet
  facet normal 4.10818e-05 -0.707096 0.707117
    outer loop
      vertex -19.0318 -14.2767 -18.5193
      vertex -17.7782 -16.6927 -20.9353
      vertex -16.6671 -15.5168 -19.7595
    endloop
  endfacet
  facet normal 1.8199e-05 -0.707085 0.707128
    outer loop
      vertex -15.0847 -17.8343 -22.0769
      vertex -16.6671 -15.5168 -19.7595
      vertex -17.7782 -16.6927 -20.9353
    endloop
  endfacet
  facet normal -2.12075e-05 -0.707099 0.707115
    outer loop
      vertex -16.6671 -15.5168 -19.7595
      vertex -15.0847 -17.8343 -22.0769
      vertex -14.1419 -16.5871 -20.8297
    endloop
  endfacet
  facet normal 0 -0.707107 0.707107
    outer loop
      vertex -12.2459 -18.7837 -23.0263
      vertex -14.1419 -16.5871 -20.8297
      vertex -15.0847 -17.8343 -22.0769
    endloop
  endfacet
  facet normal 3.73508e-05 -0.707091 0.707123
    outer loop
      vertex -14.1419 -16.5871 -20.8297
      vertex -12.2459 -18.7837 -23.0263
      vertex -11.4805 -17.4771 -21.7198
    endloop
  endfacet
  facet normal 1.19254e-05 -0.707083 0.70713
    outer loop
      vertex -9.28911 -19.5318 -23.7744
      vertex -11.4805 -17.4771 -21.7198
      vertex -12.2459 -18.7837 -23.0263
    endloop
  endfacet
  facet normal 1.19246e-05 -0.707083 0.70713
    outer loop
      vertex -11.4805 -17.4771 -21.7198
      vertex -9.28911 -19.5318 -23.7744
      vertex -8.70854 -18.1784 -22.4211
    endloop
  endfacet
  facet normal 3.01742e-05 -0.707087 0.707126
    outer loop
      vertex -6.24289 -20.0713 -24.314
      vertex -8.70854 -18.1784 -22.4211
      vertex -9.28911 -19.5318 -23.7744
    endloop
  endfacet
  facet normal -3.21863e-05 -0.707128 0.707086
    outer loop
      vertex -8.70854 -18.1784 -22.4211
      vertex -6.24289 -20.0713 -24.314
      vertex -5.85271 -18.6843 -22.9269
    endloop
  endfacet
  facet normal -5.19358e-06 -0.707132 0.707082
    outer loop
      vertex -3.13655 -20.3971 -24.6398
      vertex -5.85271 -18.6843 -22.9269
      vertex -6.24289 -20.0713 -24.314
    endloop
  endfacet
  facet normal 2.39312e-05 -0.707108 0.707105
    outer loop
      vertex -5.85271 -18.6843 -22.9269
      vertex -3.13655 -20.3971 -24.6398
      vertex -2.94051 -18.9897 -23.2324
    endloop
  endfacet
  facet normal -6.41049e-17 -0.707107 0.707107
    outer loop
      vertex -2 -20.4366 -24.6793
      vertex -2.94051 -18.9897 -23.2324
      vertex -3.13655 -20.3971 -24.6398
    endloop
  endfacet
  facet normal -2.46026e-05 -0.707115 0.707099
    outer loop
      vertex -2.94051 -18.9897 -23.2324
      vertex -2 -20.4366 -24.6793
      vertex 0 -19.0919 -23.3345
    endloop
  endfacet
  facet normal -3.53553e-05 -0.707107 0.707107
    outer loop
      vertex -2 -31.7503 -35.993
      vertex 0 -19.0919 -23.3345
      vertex -2 -20.4366 -24.6793
    endloop
  endfacet
  facet normal 2.60166e-05 -0.707109 0.707105
    outer loop
      vertex -4.70482 -31.6564 -35.899
      vertex -4.90086 -33.0638 -37.3064
      vertex -2 -31.7503 -35.993
    endloop
  endfacet
  facet normal -3.70925e-06 -0.707109 0.707104
    outer loop
      vertex -2 -31.7503 -35.993
      vertex 0 -33.234 -37.4767
      vertex 0 -19.0919 -23.3345
    endloop
  endfacet
  facet normal 1.5137e-05 -0.707097 0.707117
    outer loop
      vertex 0 -33.234 -37.4767
      vertex -2 -31.7503 -35.993
      vertex -4.90086 -33.0638 -37.3064
    endloop
  endfacet
  facet normal -0.595696 -0.567955 -0.567955
    outer loop
      vertex -27.7785 -21.6187 -37.1751
      vertex -31.7197 -25.2087 -29.4514
      vertex -31.7197 -19.5519 -35.1082
    endloop
  endfacet
  facet normal -0.595696 -0.567955 -0.567955
    outer loop
      vertex -31.7197 -25.2087 -29.4514
      vertex -27.7785 -21.6187 -37.1751
      vertex -27.7785 -27.2756 -31.5182
    endloop
  endfacet
  facet normal -0.595696 0.567955 0.567955
    outer loop
      vertex -31.7197 35.1082 19.5519
      vertex -27.7785 31.5182 27.2756
      vertex -27.7785 37.1751 21.6187
    endloop
  endfacet
  facet normal -0.595696 0.567955 0.567955
    outer loop
      vertex -27.7785 31.5182 27.2756
      vertex -31.7197 35.1082 19.5519
      vertex -31.7197 29.4514 25.2087
    endloop
  endfacet
  facet normal -0.941547 0.238211 0.238212
    outer loop
      vertex -47.847 18.0413 2.48494
      vertex -46.194 15.6512 11.4086
      vertex -46.194 21.3081 5.75173
    endloop
  endfacet
  facet normal -0.941547 0.23821 0.238212
    outer loop
      vertex -46.194 15.6512 11.4086
      vertex -47.847 18.0413 2.48494
      vertex -47.847 12.3844 8.14179
    endloop
  endfacet
  facet normal -0.998795 0.0347014 0.0347013
    outer loop
      vertex -50 7.77817 -7.77817
      vertex -49.7592 5.58675 1.34411
      vertex -49.7592 11.2436 -4.31275
    endloop
  endfacet
  facet normal -0.998795 0.0347013 0.0347013
    outer loop
      vertex -49.7592 5.58675 1.34411
      vertex -50 7.77817 -7.77817
      vertex -50 2.12132 -2.12132
    endloop
  endfacet
  facet normal -0.427572 -0.639217 -0.639206
    outer loop
      vertex -23.5698 -23.4025 -38.9588
      vertex -19.1342 -30.5428 -34.7854
      vertex -23.5698 -29.0593 -33.3019
    endloop
  endfacet
  facet normal -0.427549 -0.639213 -0.639225
    outer loop
      vertex -19.1342 -30.5428 -34.7854
      vertex -23.5698 -23.4025 -38.9588
      vertex -19.1342 -24.8859 -40.4422
    endloop
  endfacet
  facet normal -0.242983 0.685915 0.685915
    outer loop
      vertex -14.5142 41.6111 26.0548
      vertex -9.75452 36.7973 32.5547
      vertex -9.75452 42.4542 26.8978
    endloop
  endfacet
  facet normal -0.242983 0.685915 0.685915
    outer loop
      vertex -9.75452 36.7973 32.5547
      vertex -14.5142 41.6111 26.0548
      vertex -14.5142 35.9543 31.7116
    endloop
  endfacet
  facet normal -0.970028 -0.171822 -0.17182
    outer loop
      vertex -47.847 -2.48494 -18.0413
      vertex -49.0393 -4.77616 -9.0188
      vertex -49.0393 0.88069 -14.6757
    endloop
  endfacet
  facet normal -0.970028 -0.171822 -0.17182
    outer loop
      vertex -49.0393 -4.77616 -9.0188
      vertex -47.847 -2.48494 -18.0413
      vertex -47.847 -8.14179 -12.3844
    endloop
  endfacet
  facet normal -0.970028 0.17182 0.171822
    outer loop
      vertex -49.0393 14.6757 -0.88069
      vertex -47.847 12.3844 8.14179
      vertex -47.847 18.0413 2.48494
    endloop
  endfacet
  facet normal -0.970028 0.17182 0.171822
    outer loop
      vertex -47.847 12.3844 8.14179
      vertex -49.0393 14.6757 -0.88069
      vertex -49.0393 9.0188 4.77616
    endloop
  endfacet
  facet normal -0.242983 -0.685915 -0.685915
    outer loop
      vertex -14.5142 -26.0548 -41.6111
      vertex -9.75452 -32.5547 -36.7973
      vertex -14.5142 -31.7116 -35.9543
    endloop
  endfacet
  facet normal -0.242983 -0.685915 -0.685915
    outer loop
      vertex -9.75452 -32.5547 -36.7973
      vertex -14.5142 -26.0548 -41.6111
      vertex -9.75452 -26.8978 -42.4542
    endloop
  endfacet
  facet normal -0.336879 -0.665769 -0.665781
    outer loop
      vertex -19.1342 -24.8859 -40.4422
      vertex -14.5142 -31.7116 -35.9543
      vertex -19.1342 -30.5428 -34.7854
    endloop
  endfacet
  facet normal -0.336892 -0.665772 -0.665772
    outer loop
      vertex -14.5142 -31.7116 -35.9543
      vertex -19.1342 -24.8859 -40.4422
      vertex -14.5142 -26.0548 -41.6111
    endloop
  endfacet
  facet normal -0.740948 0.474866 0.474866
    outer loop
      vertex -38.6505 30.2074 14.651
      vertex -35.3553 27.1213 22.8787
      vertex -35.3553 32.7782 17.2218
    endloop
  endfacet
  facet normal -0.740948 0.474866 0.474866
    outer loop
      vertex -35.3553 27.1213 22.8787
      vertex -38.6505 30.2074 14.651
      vertex -38.6505 24.5505 20.3079
    endloop
  endfacet
  facet normal -3.65883e-05 0.707099 -0.707114
    outer loop
      vertex -44.0961 24.4446 8.88822
      vertex -39.4119 12.0004 -3.55596
      vertex -40 12.0208 -3.53553
    endloop
  endfacet
  facet normal 3.76513e-07 0.707109 -0.707105
    outer loop
      vertex -27.7164 15.8961 0.339766
      vertex -38.8295 11.9393 -3.61706
      vertex -39.4119 12.0004 -3.55596
    endloop
  endfacet
  facet normal -5.89796e-06 0.70712 -0.707093
    outer loop
      vertex -35.7574 10.7782 -4.77817
      vertex -28.7082 13.936 -1.62031
      vertex -29.4236 11.9167 -3.63968
    endloop
  endfacet
  facet normal 3.36162e-05 0.707062 -0.707152
    outer loop
      vertex -27.7164 15.8961 0.339766
      vertex -38.2583 11.8381 -3.71822
      vertex -38.8295 11.9393 -3.61706
    endloop
  endfacet
  facet normal -5.42499e-05 0.707176 -0.707038
    outer loop
      vertex -27.7164 15.8961 0.339766
      vertex -37.7039 11.6979 -3.85849
      vertex -38.2583 11.8381 -3.71822
    endloop
  endfacet
  facet normal 6.83333e-05 0.70703 -0.707183
    outer loop
      vertex -27.7164 15.8961 0.339766
      vertex -37.1716 11.5198 -4.0365
      vertex -37.7039 11.6979 -3.85849
    endloop
  endfacet
  facet normal -2.86779e-05 0.707156 -0.707058
    outer loop
      vertex -28.7082 13.936 -1.62031
      vertex -36.6666 11.3058 -4.25055
      vertex -37.1716 11.5198 -4.0365
    endloop
  endfacet
  facet normal -9.37958e-06 0.707126 -0.707087
    outer loop
      vertex -28.7082 13.936 -1.62031
      vertex -36.1936 11.0578 -4.49857
      vertex -36.6666 11.3058 -4.25055
    endloop
  endfacet
  facet normal 3.54271e-06 0.70711 -0.707104
    outer loop
      vertex -28.7082 13.936 -1.62031
      vertex -35.7574 10.7782 -4.77817
      vertex -36.1936 11.0578 -4.49857
    endloop
  endfacet
  facet normal -9.07319e-07 0.707106 -0.707107
    outer loop
      vertex -29.4236 11.9167 -3.63968
      vertex -35.3619 10.4697 -5.08667
      vertex -35.7574 10.7782 -4.77817
    endloop
  endfacet
  facet normal -9.15588e-06 0.707123 -0.70709
    outer loop
      vertex -29.4236 11.9167 -3.63968
      vertex -35.0112 10.1353 -5.42109
      vertex -35.3619 10.4697 -5.08667
    endloop
  endfacet
  facet normal 1.68887e-07 0.707102 -0.707112
    outer loop
      vertex -34.7085 9.77814 -5.77821
      vertex -29.4236 11.9167 -3.63968
      vertex -29.8555 9.85743 -5.69892
    endloop
  endfacet
  facet normal 2.0874e-05 0.707076 -0.707138
    outer loop
      vertex -29.4236 11.9167 -3.63968
      vertex -34.7085 9.77814 -5.77821
      vertex -35.0112 10.1353 -5.42109
    endloop
  endfacet
  facet normal -1.00972e-16 0.707107 -0.707107
    outer loop
      vertex -29.8555 9.85743 -5.69892
      vertex -34.4567 9.40176 -6.15459
      vertex -34.7085 9.77814 -5.77821
    endloop
  endfacet
  facet normal -4.14475e-16 0.707107 -0.707107
    outer loop
      vertex -29.8555 9.85743 -5.69892
      vertex -34.2584 9.00975 -6.5466
      vertex -34.4567 9.40176 -6.15459
    endloop
  endfacet
  facet normal 1.65312e-16 0.707107 -0.707107
    outer loop
      vertex -29.8555 9.85743 -5.69892
      vertex -34.1153 8.60587 -6.95048
      vertex -34.2584 9.00975 -6.5466
    endloop
  endfacet
  facet normal 1.02e-06 0.707105 -0.707109
    outer loop
      vertex -30 7.77817 -7.77817
      vertex -34.1153 8.60587 -6.95048
      vertex -29.8555 9.85743 -5.69892
    endloop
  endfacet
  facet normal 1.79393e-06 0.707107 -0.707107
    outer loop
      vertex -34.1153 8.60587 -6.95048
      vertex -30 7.77817 -7.77817
      vertex -34.0289 8.19403 -7.36232
    endloop
  endfacet
  facet normal 0 0.707098 -0.707115
    outer loop
      vertex -30 7.77817 -7.77817
      vertex -34 7.77817 -7.77817
      vertex -34.0289 8.19403 -7.36232
    endloop
  endfacet
  facet normal 0 0.707115 -0.707098
    outer loop
      vertex -30 7.77817 -7.77817
      vertex -34.0289 7.36232 -8.19403
      vertex -34 7.77817 -7.77817
    endloop
  endfacet
  facet normal 1.79393e-06 0.707107 -0.707107
    outer loop
      vertex -30 7.77817 -7.77817
      vertex -34.1153 6.95048 -8.60587
      vertex -34.0289 7.36232 -8.19403
    endloop
  endfacet
  facet normal 1.02e-06 0.707109 -0.707105
    outer loop
      vertex -29.8555 5.69892 -9.85743
      vertex -34.1153 6.95048 -8.60587
      vertex -30 7.77817 -7.77817
    endloop
  endfacet
  facet normal 1.65312e-16 0.707107 -0.707107
    outer loop
      vertex -34.1153 6.95048 -8.60587
      vertex -29.8555 5.69892 -9.85743
      vertex -34.2584 6.5466 -9.00975
    endloop
  endfacet
  facet normal -4.14475e-16 0.707107 -0.707107
    outer loop
      vertex -34.2584 6.5466 -9.00975
      vertex -29.8555 5.69892 -9.85743
      vertex -34.4567 6.15459 -9.40176
    endloop
  endfacet
  facet normal -1.06286e-16 0.707107 -0.707107
    outer loop
      vertex -34.4567 6.15459 -9.40176
      vertex -29.8555 5.69892 -9.85743
      vertex -34.7085 5.77821 -9.77814
    endloop
  endfacet
  facet normal 1.68887e-07 0.707112 -0.707102
    outer loop
      vertex -29.4236 3.63968 -11.9167
      vertex -34.7085 5.77821 -9.77814
      vertex -29.8555 5.69892 -9.85743
    endloop
  endfacet
  facet normal 2.0874e-05 0.707138 -0.707076
    outer loop
      vertex -34.7085 5.77821 -9.77814
      vertex -29.4236 3.63968 -11.9167
      vertex -35.0112 5.42109 -10.1353
    endloop
  endfacet
  facet normal -9.15588e-06 0.70709 -0.707123
    outer loop
      vertex -35.0112 5.42109 -10.1353
      vertex -29.4236 3.63968 -11.9167
      vertex -35.3619 5.08667 -10.4697
    endloop
  endfacet
  facet normal -9.07319e-07 0.707107 -0.707106
    outer loop
      vertex -35.3619 5.08667 -10.4697
      vertex -29.4236 3.63968 -11.9167
      vertex -35.7574 4.77817 -10.7782
    endloop
  endfacet
  facet normal -5.89796e-06 0.707093 -0.70712
    outer loop
      vertex -28.7082 1.62031 -13.936
      vertex -35.7574 4.77817 -10.7782
      vertex -29.4236 3.63968 -11.9167
    endloop
  endfacet
  facet normal 3.54271e-06 0.707104 -0.70711
    outer loop
      vertex -35.7574 4.77817 -10.7782
      vertex -28.7082 1.62031 -13.936
      vertex -36.1936 4.49857 -11.0578
    endloop
  endfacet
  facet normal -9.37958e-06 0.707087 -0.707126
    outer loop
      vertex -36.1936 4.49857 -11.0578
      vertex -28.7082 1.62031 -13.936
      vertex -36.6666 4.25055 -11.3058
    endloop
  endfacet
  facet normal -2.86779e-05 0.707058 -0.707156
    outer loop
      vertex -36.6666 4.25055 -11.3058
      vertex -28.7082 1.62031 -13.936
      vertex -37.1716 4.0365 -11.5198
    endloop
  endfacet
  facet normal 1.91256e-06 0.707112 -0.707102
    outer loop
      vertex -27.7164 -0.339766 -15.8961
      vertex -37.1716 4.0365 -11.5198
      vertex -28.7082 1.62031 -13.936
    endloop
  endfacet
  facet normal 6.83333e-05 0.707183 -0.70703
    outer loop
      vertex -37.1716 4.0365 -11.5198
      vertex -27.7164 -0.339766 -15.8961
      vertex -37.7039 3.85849 -11.6979
    endloop
  endfacet
  facet normal 2.05114e-06 0.707105 -0.707109
    outer loop
      vertex -41.5735 -11.8642 -27.4205
      vertex -37.7039 3.85849 -11.6979
      vertex -27.7164 -0.339766 -15.8961
    endloop
  endfacet
  facet normal -9.41165e-05 0.707116 -0.707097
    outer loop
      vertex -37.7039 3.85849 -11.6979
      vertex -41.5735 -11.8642 -27.4205
      vertex -38.2583 3.71822 -11.8381
    endloop
  endfacet
  facet normal 1.70697e-05 0.707105 -0.707109
    outer loop
      vertex -44.0961 -8.88822 -24.4446
      vertex -38.2583 3.71822 -11.8381
      vertex -41.5735 -11.8642 -27.4205
    endloop
  endfacet
  facet normal 1.45324e-05 0.707105 -0.707108
    outer loop
      vertex -2.94051 28.8892 13.3329
      vertex -4.90086 42.9633 27.4069
      vertex 0 43.1335 27.5772
    endloop
  endfacet
  facet normal 2.44506e-05 0.707106 -0.707108
    outer loop
      vertex -5.85271 28.5838 13.0274
      vertex -4.90086 42.9633 27.4069
      vertex -2.94051 28.8892 13.3329
    endloop
  endfacet
  facet normal -2.35849e-05 0.707103 -0.70711
    outer loop
      vertex -8.70854 28.0779 12.5216
      vertex -9.75452 42.4542 26.8978
      vertex -5.85271 28.5838 13.0274
    endloop
  endfacet
  facet normal 0 0.707107 -0.707107
    outer loop
      vertex -11.4805 27.3766 11.8203
      vertex -14.5142 41.6111 26.0548
      vertex -8.70854 28.0779 12.5216
    endloop
  endfacet
  facet normal 0 0.707107 -0.707107
    outer loop
      vertex -14.5142 41.6111 26.0548
      vertex -11.4805 27.3766 11.8203
      vertex -19.1342 40.4422 24.8859
    endloop
  endfacet
  facet normal 9.72622e-06 0.707109 -0.707105
    outer loop
      vertex -16.6671 25.4163 9.85996
      vertex -19.1342 40.4422 24.8859
      vertex -14.1419 26.4865 10.9302
    endloop
  endfacet
  facet normal -5.96753e-07 0.707108 -0.707106
    outer loop
      vertex -19.1342 40.4422 24.8859
      vertex -16.6671 25.4163 9.85996
      vertex -23.5698 38.9588 23.4025
    endloop
  endfacet
  facet normal 1.39699e-05 0.70711 -0.707103
    outer loop
      vertex -23.5698 38.9588 23.4025
      vertex -19.0318 24.1762 8.61985
      vertex -27.7785 37.1751 21.6187
    endloop
  endfacet
  facet normal -2.42208e-05 0.707109 -0.707104
    outer loop
      vertex -2.94051 28.8892 13.3329
      vertex 0 43.1335 27.5772
      vertex 0 28.9914 13.435
    endloop
  endfacet
  facet normal 5.07442e-16 0.707107 -0.707107
    outer loop
      vertex -4.90086 42.9633 27.4069
      vertex -5.85271 28.5838 13.0274
      vertex -9.75452 42.4542 26.8978
    endloop
  endfacet
  facet normal -1.38071e-05 0.707104 -0.70711
    outer loop
      vertex -9.75452 42.4542 26.8978
      vertex -8.70854 28.0779 12.5216
      vertex -14.5142 41.6111 26.0548
    endloop
  endfacet
  facet normal 0 0.707107 -0.707107
    outer loop
      vertex -14.1419 26.4865 10.9302
      vertex -19.1342 40.4422 24.8859
      vertex -11.4805 27.3766 11.8203
    endloop
  endfacet
  facet normal 1.49528e-06 0.707108 -0.707105
    outer loop
      vertex -19.0318 24.1762 8.61985
      vertex -23.5698 38.9588 23.4025
      vertex -16.6671 25.4163 9.85996
    endloop
  endfacet
  facet normal 5.7476e-06 0.707107 -0.707106
    outer loop
      vertex -21.2132 22.7782 7.22183
      vertex -27.7785 37.1751 21.6187
      vertex -19.0318 24.1762 8.61985
    endloop
  endfacet
  facet normal -1.38552e-05 0.707103 -0.707111
    outer loop
      vertex -27.7785 37.1751 21.6187
      vertex -21.2132 22.7782 7.22183
      vertex -31.7197 35.1082 19.5519
    endloop
  endfacet
  facet normal -4.02958e-06 0.707107 -0.707106
    outer loop
      vertex -23.1903 21.2357 5.67934
      vertex -31.7197 35.1082 19.5519
      vertex -21.2132 22.7782 7.22183
    endloop
  endfacet
  facet normal 1.25458e-05 0.707112 -0.707101
    outer loop
      vertex -31.7197 35.1082 19.5519
      vertex -23.1903 21.2357 5.67934
      vertex -35.3553 32.7782 17.2218
    endloop
  endfacet
  facet normal -8.45739e-07 0.707105 -0.707108
    outer loop
      vertex -24.9441 19.5636 4.00725
      vertex -35.3553 32.7782 17.2218
      vertex -23.1903 21.2357 5.67934
    endloop
  endfacet
  facet normal 1.29273e-06 0.707106 -0.707108
    outer loop
      vertex -35.3553 32.7782 17.2218
      vertex -24.9441 19.5636 4.00725
      vertex -38.6505 30.2074 14.651
    endloop
  endfacet
  facet normal -2.98953e-07 0.707105 -0.707109
    outer loop
      vertex -26.4576 17.778 2.22166
      vertex -38.6505 30.2074 14.651
      vertex -24.9441 19.5636 4.00725
    endloop
  endfacet
  facet normal -1.08184e-05 0.7071 -0.707114
    outer loop
      vertex -38.6505 30.2074 14.651
      vertex -26.4576 17.778 2.22166
      vertex -41.5735 27.4205 11.8642
    endloop
  endfacet
  facet normal -2.31955e-06 0.707106 -0.707107
    outer loop
      vertex -27.7164 15.8961 0.339766
      vertex -41.5735 27.4205 11.8642
      vertex -26.4576 17.778 2.22166
    endloop
  endfacet
  facet normal 6.26245e-07 0.707108 -0.707105
    outer loop
      vertex -39.4119 12.0004 -3.55596
      vertex -41.5735 27.4205 11.8642
      vertex -27.7164 15.8961 0.339766
    endloop
  endfacet
  facet normal 1.64573e-05 0.707109 -0.707104
    outer loop
      vertex -39.4119 12.0004 -3.55596
      vertex -44.0961 24.4446 8.88822
      vertex -41.5735 27.4205 11.8642
    endloop
  endfacet
  facet normal 5.92181e-07 0.707105 -0.707108
    outer loop
      vertex -44.0961 24.4446 8.88822
      vertex -40 12.0208 -3.53553
      vertex -46.194 21.3081 5.75173
    endloop
  endfacet
  facet normal 3.53579e-05 0.707117 -0.707097
    outer loop
      vertex -40.5881 12.0004 -3.55596
      vertex -46.194 21.3081 5.75173
      vertex -40 12.0208 -3.53553
    endloop
  endfacet
  facet normal 1.91256e-06 0.707102 -0.707112
    outer loop
      vertex -37.1716 11.5198 -4.0365
      vertex -27.7164 15.8961 0.339766
      vertex -28.7082 13.936 -1.62031
    endloop
  endfacet
  facet normal 7.49641e-08 0.707106 -0.707107
    outer loop
      vertex -41.1705 11.9393 -3.61706
      vertex -46.194 21.3081 5.75173
      vertex -40.5881 12.0004 -3.55596
    endloop
  endfacet
  facet normal -1.3527e-06 0.707106 -0.707108
    outer loop
      vertex -46.194 21.3081 5.75173
      vertex -41.1705 11.9393 -3.61706
      vertex -47.847 18.0413 2.48494
    endloop
  endfacet
  facet normal -4.14783e-05 0.707084 -0.707129
    outer loop
      vertex -41.7417 11.8381 -3.71822
      vertex -47.847 18.0413 2.48494
      vertex -41.1705 11.9393 -3.61706
    endloop
  endfacet
  facet normal 7.2408e-05 0.70714 -0.707073
    outer loop
      vertex -42.2961 11.6979 -3.85849
      vertex -47.847 18.0413 2.48494
      vertex -41.7417 11.8381 -3.71822
    endloop
  endfacet
  facet normal -9.335e-05 0.707068 -0.707146
    outer loop
      vertex -42.8284 11.5198 -4.0365
      vertex -47.847 18.0413 2.48494
      vertex -42.2961 11.6979 -3.85849
    endloop
  endfacet
  facet normal 5.48717e-05 0.707125 -0.707089
    outer loop
      vertex -43.3334 11.3058 -4.25055
      vertex -47.847 18.0413 2.48494
      vertex -42.8284 11.5198 -4.0365
    endloop
  endfacet
  facet normal 7.17774e-06 0.707109 -0.707105
    outer loop
      vertex -47.847 18.0413 2.48494
      vertex -43.3334 11.3058 -4.25055
      vertex -49.0393 14.6757 -0.88069
    endloop
  endfacet
  facet normal 1.81691e-05 0.707118 -0.707096
    outer loop
      vertex -43.8064 11.0578 -4.49857
      vertex -49.0393 14.6757 -0.88069
      vertex -43.3334 11.3058 -4.25055
    endloop
  endfacet
  facet normal 1.30017e-06 0.707106 -0.707108
    outer loop
      vertex -44.2426 10.7782 -4.77817
      vertex -49.0393 14.6757 -0.88069
      vertex -43.8064 11.0578 -4.49857
    endloop
  endfacet
  facet normal 1.44406e-06 0.707106 -0.707108
    outer loop
      vertex -44.6381 10.4697 -5.08667
      vertex -49.0393 14.6757 -0.88069
      vertex -44.2426 10.7782 -4.77817
    endloop
  endfacet
  facet normal 2.17897e-05 0.707117 -0.707097
    outer loop
      vertex -44.9888 10.1353 -5.42109
      vertex -49.0393 14.6757 -0.88069
      vertex -44.6381 10.4697 -5.08667
    endloop
  endfacet
  facet normal -7.47932e-06 0.707103 -0.70711
    outer loop
      vertex -49.0393 14.6757 -0.88069
      vertex -44.9888 10.1353 -5.42109
      vertex -49.7592 11.2436 -4.31275
    endloop
  endfacet
  facet normal -2.03264e-05 0.707076 -0.707138
    outer loop
      vertex -45.2915 9.77814 -5.77821
      vertex -49.7592 11.2436 -4.31275
      vertex -44.9888 10.1353 -5.42109
    endloop
  endfacet
  facet normal -3.06276e-16 0.707107 -0.707107
    outer loop
      vertex -45.5433 9.40176 -6.15459
      vertex -49.7592 11.2436 -4.31275
      vertex -45.2915 9.77814 -5.77821
    endloop
  endfacet
  facet normal 8.16982e-16 0.707107 -0.707107
    outer loop
      vertex -45.7416 9.00975 -6.5466
      vertex -49.7592 11.2436 -4.31275
      vertex -45.5433 9.40176 -6.15459
    endloop
  endfacet
  facet normal -6.46697e-16 0.707107 -0.707107
    outer loop
      vertex -45.8847 8.60587 -6.95048
      vertex -49.7592 11.2436 -4.31275
      vertex -45.7416 9.00975 -6.5466
    endloop
  endfacet
  facet normal -1.79393e-06 0.707107 -0.707107
    outer loop
      vertex -50 7.77817 -7.77817
      vertex -45.8847 8.60587 -6.95048
      vertex -45.9711 8.19403 -7.36232
    endloop
  endfacet
  facet normal 0 0.707098 -0.707115
    outer loop
      vertex -50 7.77817 -7.77817
      vertex -45.9711 8.19403 -7.36232
      vertex -46 7.77817 -7.77817
    endloop
  endfacet
  facet normal -1.32639e-06 0.707106 -0.707108
    outer loop
      vertex -45.8847 8.60587 -6.95048
      vertex -50 7.77817 -7.77817
      vertex -49.7592 11.2436 -4.31275
    endloop
  endfacet
  facet normal 0 0.707115 -0.707098
    outer loop
      vertex -45.9711 7.36232 -8.19403
      vertex -50 7.77817 -7.77817
      vertex -46 7.77817 -7.77817
    endloop
  endfacet
  facet normal -1.79393e-06 0.707107 -0.707107
    outer loop
      vertex -45.8847 6.95048 -8.60587
      vertex -50 7.77817 -7.77817
      vertex -45.9711 7.36232 -8.19403
    endloop
  endfacet
  facet normal -6.46697e-16 0.707107 -0.707107
    outer loop
      vertex -49.7592 4.31275 -11.2436
      vertex -45.8847 6.95048 -8.60587
      vertex -45.7416 6.5466 -9.00975
    endloop
  endfacet
  facet normal 9.33693e-16 0.707107 -0.707107
    outer loop
      vertex -49.7592 4.31275 -11.2436
      vertex -45.7416 6.5466 -9.00975
      vertex -45.5433 6.15459 -9.40176
    endloop
  endfacet
  facet normal -3.06276e-16 0.707107 -0.707107
    outer loop
      vertex -49.7592 4.31275 -11.2436
      vertex -45.5433 6.15459 -9.40176
      vertex -45.2915 5.77821 -9.77814
    endloop
  endfacet
  facet normal -2.03264e-05 0.707138 -0.707076
    outer loop
      vertex -49.7592 4.31275 -11.2436
      vertex -45.2915 5.77821 -9.77814
      vertex -44.9888 5.42109 -10.1353
    endloop
  endfacet
  facet normal 2.17897e-05 0.707097 -0.707117
    outer loop
      vertex -49.0393 0.88069 -14.6757
      vertex -44.9888 5.42109 -10.1353
      vertex -44.6381 5.08667 -10.4697
    endloop
  endfacet
  facet normal 1.44406e-06 0.707108 -0.707106
    outer loop
      vertex -49.0393 0.88069 -14.6757
      vertex -44.6381 5.08667 -10.4697
      vertex -44.2426 4.77817 -10.7782
    endloop
  endfacet
  facet normal 1.30017e-06 0.707108 -0.707106
    outer loop
      vertex -49.0393 0.88069 -14.6757
      vertex -44.2426 4.77817 -10.7782
      vertex -43.8064 4.49857 -11.0578
    endloop
  endfacet
  facet normal -1.32639e-06 0.707108 -0.707106
    outer loop
      vertex -45.8847 6.95048 -8.60587
      vertex -49.7592 4.31275 -11.2436
      vertex -50 7.77817 -7.77817
    endloop
  endfacet
  facet normal 1.81691e-05 0.707096 -0.707118
    outer loop
      vertex -49.0393 0.88069 -14.6757
      vertex -43.8064 4.49857 -11.0578
      vertex -43.3334 4.25055 -11.3058
    endloop
  endfacet
  facet normal 5.48717e-05 0.707089 -0.707125
    outer loop
      vertex -47.847 -2.48494 -18.0413
      vertex -43.3334 4.25055 -11.3058
      vertex -42.8284 4.0365 -11.5198
    endloop
  endfacet
  facet normal -9.335e-05 0.707146 -0.707068
    outer loop
      vertex -47.847 -2.48494 -18.0413
      vertex -42.8284 4.0365 -11.5198
      vertex -42.2961 3.85849 -11.6979
    endloop
  endfacet
  facet normal 7.2408e-05 0.707073 -0.70714
    outer loop
      vertex -47.847 -2.48494 -18.0413
      vertex -42.2961 3.85849 -11.6979
      vertex -41.7417 3.71822 -11.8381
    endloop
  endfacet
  facet normal -4.14783e-05 0.707129 -0.707084
    outer loop
      vertex -47.847 -2.48494 -18.0413
      vertex -41.7417 3.71822 -11.8381
      vertex -41.1705 3.61706 -11.9393
    endloop
  endfacet
  facet normal 7.49641e-08 0.707107 -0.707106
    outer loop
      vertex -46.194 -5.75173 -21.3081
      vertex -41.1705 3.61706 -11.9393
      vertex -40.5881 3.55596 -12.0004
    endloop
  endfacet
  facet normal 5.32926e-05 0.707096 -0.707117
    outer loop
      vertex -38.2583 3.71822 -11.8381
      vertex -44.0961 -8.88822 -24.4446
      vertex -38.8295 3.61706 -11.9393
    endloop
  endfacet
  facet normal -1.24127e-07 0.707107 -0.707106
    outer loop
      vertex -38.8295 3.61706 -11.9393
      vertex -44.0961 -8.88822 -24.4446
      vertex -39.4119 3.55596 -12.0004
    endloop
  endfacet
  facet normal -7.47932e-06 0.70711 -0.707103
    outer loop
      vertex -44.9888 5.42109 -10.1353
      vertex -49.0393 0.88069 -14.6757
      vertex -49.7592 4.31275 -11.2436
    endloop
  endfacet
  facet normal 5.92181e-07 0.707108 -0.707105
    outer loop
      vertex -46.194 -5.75173 -21.3081
      vertex -40 3.53553 -12.0208
      vertex -44.0961 -8.88822 -24.4446
    endloop
  endfacet
  facet normal -2.31955e-06 0.707107 -0.707106
    outer loop
      vertex -41.5735 -11.8642 -27.4205
      vertex -27.7164 -0.339766 -15.8961
      vertex -26.4576 -2.22166 -17.778
    endloop
  endfacet
  facet normal 7.17774e-06 0.707105 -0.707109
    outer loop
      vertex -43.3334 4.25055 -11.3058
      vertex -47.847 -2.48494 -18.0413
      vertex -49.0393 0.88069 -14.6757
    endloop
  endfacet
  facet normal -2.98953e-07 0.707109 -0.707105
    outer loop
      vertex -38.6505 -14.651 -30.2074
      vertex -26.4576 -2.22166 -17.778
      vertex -24.9441 -4.00725 -19.5636
    endloop
  endfacet
  facet normal -8.45739e-07 0.707108 -0.707105
    outer loop
      vertex -35.3553 -17.2218 -32.7782
      vertex -24.9441 -4.00725 -19.5636
      vertex -23.1903 -5.67934 -21.2357
    endloop
  endfacet
  facet normal -1.3527e-06 0.707108 -0.707106
    outer loop
      vertex -41.1705 3.61706 -11.9393
      vertex -46.194 -5.75173 -21.3081
      vertex -47.847 -2.48494 -18.0413
    endloop
  endfacet
  facet normal -4.02958e-06 0.707106 -0.707107
    outer loop
      vertex -31.7197 -19.5519 -35.1082
      vertex -23.1903 -5.67934 -21.2357
      vertex -21.2132 -7.22183 -22.7782
    endloop
  endfacet
  facet normal 5.7476e-06 0.707106 -0.707107
    outer loop
      vertex -27.7785 -21.6187 -37.1751
      vertex -21.2132 -7.22183 -22.7782
      vertex -19.0318 -8.61985 -24.1762
    endloop
  endfacet
  facet normal 3.53579e-05 0.707097 -0.707117
    outer loop
      vertex -40 3.53553 -12.0208
      vertex -46.194 -5.75173 -21.3081
      vertex -40.5881 3.55596 -12.0004
    endloop
  endfacet
  facet normal 1.49528e-06 0.707105 -0.707108
    outer loop
      vertex -23.5698 -23.4025 -38.9588
      vertex -19.0318 -8.61985 -24.1762
      vertex -16.6671 -9.85996 -25.4163
    endloop
  endfacet
  facet normal 9.72622e-06 0.707105 -0.707109
    outer loop
      vertex -19.1342 -24.8859 -40.4422
      vertex -16.6671 -9.85996 -25.4163
      vertex -14.1419 -10.9302 -26.4865
    endloop
  endfacet
  facet normal 0 0.707107 -0.707107
    outer loop
      vertex -19.1342 -24.8859 -40.4422
      vertex -14.1419 -10.9302 -26.4865
      vertex -11.4805 -11.8203 -27.3766
    endloop
  endfacet
  facet normal -3.65883e-05 0.707114 -0.707099
    outer loop
      vertex -39.4119 3.55596 -12.0004
      vertex -44.0961 -8.88822 -24.4446
      vertex -40 3.53553 -12.0208
    endloop
  endfacet
  facet normal 0 0.707107 -0.707107
    outer loop
      vertex -14.5142 -26.0548 -41.6111
      vertex -11.4805 -11.8203 -27.3766
      vertex -8.70854 -12.5216 -28.0779
    endloop
  endfacet
  facet normal -2.35849e-05 0.70711 -0.707103
    outer loop
      vertex -9.75452 -26.8978 -42.4542
      vertex -8.70854 -12.5216 -28.0779
      vertex -5.85271 -13.0274 -28.5838
    endloop
  endfacet
  facet normal 2.44506e-05 0.707108 -0.707106
    outer loop
      vertex -4.90086 -27.4069 -42.9633
      vertex -5.85271 -13.0274 -28.5838
      vertex -2.94051 -13.3329 -28.8892
    endloop
  endfacet
  facet normal -1.08184e-05 0.707114 -0.7071
    outer loop
      vertex -26.4576 -2.22166 -17.778
      vertex -38.6505 -14.651 -30.2074
      vertex -41.5735 -11.8642 -27.4205
    endloop
  endfacet
  facet normal -2.42208e-05 0.707104 -0.707109
    outer loop
      vertex 0 -27.5772 -43.1335
      vertex -2.94051 -13.3329 -28.8892
      vertex 0 -13.435 -28.9914
    endloop
  endfacet
  facet normal 1.29273e-06 0.707108 -0.707106
    outer loop
      vertex -24.9441 -4.00725 -19.5636
      vertex -35.3553 -17.2218 -32.7782
      vertex -38.6505 -14.651 -30.2074
    endloop
  endfacet
  facet normal 1.25458e-05 0.707101 -0.707112
    outer loop
      vertex -23.1903 -5.67934 -21.2357
      vertex -31.7197 -19.5519 -35.1082
      vertex -35.3553 -17.2218 -32.7782
    endloop
  endfacet
  facet normal -1.38552e-05 0.707111 -0.707103
    outer loop
      vertex -21.2132 -7.22183 -22.7782
      vertex -27.7785 -21.6187 -37.1751
      vertex -31.7197 -19.5519 -35.1082
    endloop
  endfacet
  facet normal 1.39699e-05 0.707103 -0.70711
    outer loop
      vertex -19.0318 -8.61985 -24.1762
      vertex -23.5698 -23.4025 -38.9588
      vertex -27.7785 -21.6187 -37.1751
    endloop
  endfacet
  facet normal -5.96753e-07 0.707106 -0.707108
    outer loop
      vertex -16.6671 -9.85996 -25.4163
      vertex -19.1342 -24.8859 -40.4422
      vertex -23.5698 -23.4025 -38.9588
    endloop
  endfacet
  facet normal 0 0.707107 -0.707107
    outer loop
      vertex -11.4805 -11.8203 -27.3766
      vertex -14.5142 -26.0548 -41.6111
      vertex -19.1342 -24.8859 -40.4422
    endloop
  endfacet
  facet normal -1.38071e-05 0.70711 -0.707104
    outer loop
      vertex -8.70854 -12.5216 -28.0779
      vertex -9.75452 -26.8978 -42.4542
      vertex -14.5142 -26.0548 -41.6111
    endloop
  endfacet
  facet normal 2.89967e-16 0.707107 -0.707107
    outer loop
      vertex -5.85271 -13.0274 -28.5838
      vertex -4.90086 -27.4069 -42.9633
      vertex -9.75452 -26.8978 -42.4542
    endloop
  endfacet
  facet normal 1.45324e-05 0.707108 -0.707105
    outer loop
      vertex -2.94051 -13.3329 -28.8892
      vertex 0 -27.5772 -43.1335
      vertex -4.90086 -27.4069 -42.9633
    endloop
  endfacet
  facet normal -0.903991 -0.302326 -0.302324
    outer loop
      vertex -44.0961 -8.88822 -24.4446
      vertex -46.194 -11.4086 -15.6512
      vertex -46.194 -5.75173 -21.3081
    endloop
  endfacet
  facet normal -0.903991 -0.302325 -0.302324
    outer loop
      vertex -46.194 -11.4086 -15.6512
      vertex -44.0961 -8.88822 -24.4446
      vertex -44.0961 -14.5451 -18.7877
    endloop
  endfacet
  facet normal -0.427549 0.639225 0.639213
    outer loop
      vertex -23.5698 38.9588 23.4025
      vertex -19.1342 34.7854 30.5428
      vertex -19.1342 40.4422 24.8859
    endloop
  endfacet
  facet normal -0.427572 0.639206 0.639217
    outer loop
      vertex -19.1342 34.7854 30.5428
      vertex -23.5698 38.9588 23.4025
      vertex -23.5698 33.3019 29.0593
    endloop
  endfacet
  facet normal -0.146731 -0.699453 -0.699453
    outer loop
      vertex -9.75452 -26.8978 -42.4542
      vertex -4.90086 -33.0638 -37.3064
      vertex -9.75452 -32.5547 -36.7973
    endloop
  endfacet
  facet normal -0.146731 -0.699453 -0.699453
    outer loop
      vertex -4.90086 -33.0638 -37.3064
      vertex -9.75452 -26.8978 -42.4542
      vertex -4.90086 -27.4069 -42.9633
    endloop
  endfacet
  facet normal -0.903991 0.302325 0.302326
    outer loop
      vertex -46.194 21.3081 5.75173
      vertex -44.0961 18.7877 14.5451
      vertex -44.0961 24.4446 8.88822
    endloop
  endfacet
  facet normal -0.903991 0.302324 0.302325
    outer loop
      vertex -44.0961 18.7877 14.5451
      vertex -46.194 21.3081 5.75173
      vertex -46.194 15.6512 11.4086
    endloop
  endfacet
  facet normal 0.671555 0.523935 0.523933
    outer loop
      vertex -21.2132 -12.8787 -17.1213
      vertex -19.0318 -8.61985 -24.1762
      vertex -21.2132 -7.22183 -22.7782
    endloop
  endfacet
  facet normal 0.671552 0.523938 0.523933
    outer loop
      vertex -19.0318 -8.61985 -24.1762
      vertex -21.2132 -12.8787 -17.1213
      vertex -19.0318 -14.2767 -18.5193
    endloop
  endfacet
  facet normal 0.146726 0.699454 0.699454
    outer loop
      vertex -2.94051 -18.9897 -23.2324
      vertex -5.85271 -13.0274 -28.5838
      vertex -5.85271 -18.6843 -22.9269
    endloop
  endfacet
  facet normal 0.146726 0.699454 0.699454
    outer loop
      vertex -5.85271 -13.0274 -28.5838
      vertex -2.94051 -18.9897 -23.2324
      vertex -2.94051 -13.3329 -28.8892
    endloop
  endfacet
  facet normal 0.24299 -0.685914 -0.685914
    outer loop
      vertex -8.70854 22.4211 18.1784
      vertex -5.85271 28.5838 13.0274
      vertex -5.85271 22.9269 18.6843
    endloop
  endfacet
  facet normal 0.24299 -0.685914 -0.685914
    outer loop
      vertex -5.85271 28.5838 13.0274
      vertex -8.70854 22.4211 18.1784
      vertex -8.70854 28.0779 12.5216
    endloop
  endfacet
  facet normal 0.970026 0.171829 0.171827
    outer loop
      vertex -29.4236 -2.01717 -6.25981
      vertex -28.7082 1.62031 -13.936
      vertex -29.4236 3.63968 -11.9167
    endloop
  endfacet
  facet normal 0.970027 0.171824 0.171825
    outer loop
      vertex -28.7082 1.62031 -13.936
      vertex -29.4236 -2.01717 -6.25981
      vertex -28.7082 -4.03655 -8.27919
    endloop
  endfacet
  facet normal 0.941547 0.238209 0.238211
    outer loop
      vertex -28.7082 -4.03655 -8.27919
      vertex -27.7164 -0.339766 -15.8961
      vertex -28.7082 1.62031 -13.936
    endloop
  endfacet
  facet normal 0.941548 0.238209 0.238211
    outer loop
      vertex -27.7164 -0.339766 -15.8961
      vertex -28.7082 -4.03655 -8.27919
      vertex -27.7164 -5.99662 -10.2393
    endloop
  endfacet
  facet normal 0.998795 0.0347061 0.0347061
    outer loop
      vertex -30 2.12132 -2.12132
      vertex -29.8555 5.69892 -9.85743
      vertex -30 7.77817 -7.77817
    endloop
  endfacet
  facet normal 0.998795 0.0347061 0.0347061
    outer loop
      vertex -29.8555 5.69892 -9.85743
      vertex -30 2.12132 -2.12132
      vertex -29.8555 0.0420632 -4.20058
    endloop
  endfacet
  facet normal 0.049069 -0.706255 -0.706255
    outer loop
      vertex -2.94051 28.8892 13.3329
      vertex 0 23.3345 19.0919
      vertex -2.94051 23.2324 18.9897
    endloop
  endfacet
  facet normal 0.049069 -0.706255 -0.706255
    outer loop
      vertex 0 23.3345 19.0919
      vertex -2.94051 28.8892 13.3329
      vertex 0 28.9914 13.435
    endloop
  endfacet
  facet normal 0.336879 0.665775 0.665775
    outer loop
      vertex -8.70854 -18.1784 -22.4211
      vertex -11.4805 -11.8203 -27.3766
      vertex -11.4805 -17.4771 -21.7198
    endloop
  endfacet
  facet normal 0.336879 0.665775 0.665775
    outer loop
      vertex -11.4805 -11.8203 -27.3766
      vertex -8.70854 -18.1784 -22.4211
      vertex -8.70854 -12.5216 -28.0779
    endloop
  endfacet
  facet normal 0.049069 0.706255 0.706255
    outer loop
      vertex 0 -19.0919 -23.3345
      vertex -2.94051 -13.3329 -28.8892
      vertex -2.94051 -18.9897 -23.2324
    endloop
  endfacet
  facet normal 0.049069 0.706255 0.706255
    outer loop
      vertex -2.94051 -13.3329 -28.8892
      vertex 0 -19.0919 -23.3345
      vertex 0 -13.435 -28.9914
    endloop
  endfacet
  facet normal 0.671555 -0.523932 -0.523936
    outer loop
      vertex -19.0318 18.5193 14.2767
      vertex -21.2132 22.7782 7.22183
      vertex -19.0318 24.1762 8.61985
    endloop
  endfacet
  facet normal 0.671552 -0.523934 -0.523937
    outer loop
      vertex -21.2132 22.7782 7.22183
      vertex -19.0318 18.5193 14.2767
      vertex -21.2132 17.1213 12.8787
    endloop
  endfacet
  facet normal 0.740955 -0.47486 -0.474862
    outer loop
      vertex -21.2132 17.1213 12.8787
      vertex -23.1903 21.2357 5.67934
      vertex -21.2132 22.7782 7.22183
    endloop
  endfacet
  facet normal 0.740956 -0.474859 -0.474862
    outer loop
      vertex -23.1903 21.2357 5.67934
      vertex -21.2132 17.1213 12.8787
      vertex -23.1903 15.5788 11.3362
    endloop
  endfacet
  facet normal 0.857737 -0.363514 -0.363518
    outer loop
      vertex -24.9441 13.9067 9.6641
      vertex -26.4576 17.778 2.22166
      vertex -24.9441 19.5636 4.00725
    endloop
  endfacet
  facet normal 0.85773 -0.363525 -0.363522
    outer loop
      vertex -26.4576 17.778 2.22166
      vertex -24.9441 13.9067 9.6641
      vertex -26.4576 12.1212 7.87851
    endloop
  endfacet
  facet normal 0.514107 -0.606509 -0.606499
    outer loop
      vertex -16.6671 19.7595 15.5168
      vertex -14.1419 26.4865 10.9302
      vertex -14.1419 20.8297 16.5871
    endloop
  endfacet
  facet normal 0.514096 -0.606511 -0.606506
    outer loop
      vertex -14.1419 26.4865 10.9302
      vertex -16.6671 19.7595 15.5168
      vertex -16.6671 25.4163 9.85996
    endloop
  endfacet
  facet normal 0.941547 -0.238212 -0.238209
    outer loop
      vertex -27.7164 10.2393 5.99662
      vertex -28.7082 13.936 -1.62031
      vertex -27.7164 15.8961 0.339766
    endloop
  endfacet
  facet normal 0.941548 -0.238211 -0.238209
    outer loop
      vertex -28.7082 13.936 -1.62031
      vertex -27.7164 10.2393 5.99662
      vertex -28.7082 8.27919 4.03655
    endloop
  endfacet
  facet normal 0.427547 -0.639225 -0.639214
    outer loop
      vertex -14.1419 26.4865 10.9302
      vertex -11.4805 21.7198 17.4771
      vertex -14.1419 20.8297 16.5871
    endloop
  endfacet
  facet normal 0.427567 -0.639213 -0.639213
    outer loop
      vertex -11.4805 21.7198 17.4771
      vertex -14.1419 26.4865 10.9302
      vertex -11.4805 27.3766 11.8203
    endloop
  endfacet
  facet normal 0.595698 -0.567956 -0.567952
    outer loop
      vertex -16.6671 19.7595 15.5168
      vertex -19.0318 24.1762 8.61985
      vertex -16.6671 25.4163 9.85996
    endloop
  endfacet
  facet normal 0.595712 -0.567945 -0.56795
    outer loop
      vertex -19.0318 24.1762 8.61985
      vertex -16.6671 19.7595 15.5168
      vertex -19.0318 18.5193 14.2767
    endloop
  endfacet
  facet normal 0.146726 -0.699454 -0.699454
    outer loop
      vertex -5.85271 28.5838 13.0274
      vertex -2.94051 23.2324 18.9897
      vertex -5.85271 22.9269 18.6843
    endloop
  endfacet
  facet normal 0.146726 -0.699454 -0.699454
    outer loop
      vertex -2.94051 23.2324 18.9897
      vertex -5.85271 28.5838 13.0274
      vertex -2.94051 28.8892 13.3329
    endloop
  endfacet
  facet normal 0.903983 0.302335 0.302338
    outer loop
      vertex -27.7164 -5.99662 -10.2393
      vertex -26.4576 -2.22166 -17.778
      vertex -27.7164 -0.339766 -15.8961
    endloop
  endfacet
  facet normal 0.903983 0.302336 0.302338
    outer loop
      vertex -26.4576 -2.22166 -17.778
      vertex -27.7164 -5.99662 -10.2393
      vertex -26.4576 -7.87851 -12.1212
    endloop
  endfacet
  facet normal 0.970026 -0.171829 -0.171827
    outer loop
      vertex -28.7082 8.27919 4.03655
      vertex -29.4236 11.9167 -3.63968
      vertex -28.7082 13.936 -1.62031
    endloop
  endfacet
  facet normal 0.970027 -0.171824 -0.171825
    outer loop
      vertex -29.4236 11.9167 -3.63968
      vertex -28.7082 8.27919 4.03655
      vertex -29.4236 6.25981 2.01717
    endloop
  endfacet
  facet normal 0.740955 0.474863 0.474859
    outer loop
      vertex -23.1903 -11.3362 -15.5788
      vertex -21.2132 -7.22183 -22.7782
      vertex -23.1903 -5.67934 -21.2357
    endloop
  endfacet
  facet normal 0.740956 0.474861 0.474859
    outer loop
      vertex -21.2132 -7.22183 -22.7782
      vertex -23.1903 -11.3362 -15.5788
      vertex -21.2132 -12.8787 -17.1213
    endloop
  endfacet
  facet normal 0.336879 -0.665775 -0.665775
    outer loop
      vertex -11.4805 27.3766 11.8203
      vertex -8.70854 22.4211 18.1784
      vertex -11.4805 21.7198 17.4771
    endloop
  endfacet
  facet normal 0.336879 -0.665775 -0.665775
    outer loop
      vertex -8.70854 22.4211 18.1784
      vertex -11.4805 27.3766 11.8203
      vertex -8.70854 28.0779 12.5216
    endloop
  endfacet
  facet normal 0.989181 -0.103733 -0.103734
    outer loop
      vertex -29.4236 6.25981 2.01717
      vertex -29.8555 9.85743 -5.69892
      vertex -29.4236 11.9167 -3.63968
    endloop
  endfacet
  facet normal 0.989181 -0.103735 -0.103735
    outer loop
      vertex -29.8555 9.85743 -5.69892
      vertex -29.4236 6.25981 2.01717
      vertex -29.8555 4.20058 -0.0420632
    endloop
  endfacet
  facet normal 0.998795 -0.0347062 -0.0347061
    outer loop
      vertex -29.8555 4.20058 -0.0420632
      vertex -30 7.77817 -7.77817
      vertex -29.8555 9.85743 -5.69892
    endloop
  endfacet
  facet normal 0.998795 -0.0347061 -0.0347061
    outer loop
      vertex -30 7.77817 -7.77817
      vertex -29.8555 4.20058 -0.0420632
      vertex -30 2.12132 -2.12132
    endloop
  endfacet
  facet normal 0.989181 0.103733 0.103734
    outer loop
      vertex -29.8555 0.0420632 -4.20058
      vertex -29.4236 3.63968 -11.9167
      vertex -29.8555 5.69892 -9.85743
    endloop
  endfacet
  facet normal 0.989181 0.103735 0.103734
    outer loop
      vertex -29.4236 3.63968 -11.9167
      vertex -29.8555 0.0420632 -4.20058
      vertex -29.4236 -2.01717 -6.25981
    endloop
  endfacet
  facet normal 0.803204 -0.421225 -0.421228
    outer loop
      vertex -23.1903 15.5788 11.3362
      vertex -24.9441 19.5636 4.00725
      vertex -23.1903 21.2357 5.67934
    endloop
  endfacet
  facet normal 0.803205 -0.421223 -0.421227
    outer loop
      vertex -24.9441 19.5636 4.00725
      vertex -23.1903 15.5788 11.3362
      vertex -24.9441 13.9067 9.6641
    endloop
  endfacet
  facet normal 0.803204 0.421228 0.421224
    outer loop
      vertex -24.9441 -9.6641 -13.9067
      vertex -23.1903 -5.67934 -21.2357
      vertex -24.9441 -4.00725 -19.5636
    endloop
  endfacet
  facet normal 0.803205 0.421227 0.421224
    outer loop
      vertex -23.1903 -5.67934 -21.2357
      vertex -24.9441 -9.6641 -13.9067
      vertex -23.1903 -11.3362 -15.5788
    endloop
  endfacet
  facet normal 0.514107 0.606502 0.606506
    outer loop
      vertex -14.1419 -16.5871 -20.8297
      vertex -16.6671 -9.85996 -25.4163
      vertex -16.6671 -15.5168 -19.7595
    endloop
  endfacet
  facet normal 0.514096 0.606503 0.606514
    outer loop
      vertex -16.6671 -9.85996 -25.4163
      vertex -14.1419 -16.5871 -20.8297
      vertex -14.1419 -10.9302 -26.4865
    endloop
  endfacet
  facet normal 0.595698 0.567957 0.567952
    outer loop
      vertex -19.0318 -14.2767 -18.5193
      vertex -16.6671 -9.85996 -25.4163
      vertex -19.0318 -8.61985 -24.1762
    endloop
  endfacet
  facet normal 0.595712 0.567945 0.567949
    outer loop
      vertex -16.6671 -9.85996 -25.4163
      vertex -19.0318 -14.2767 -18.5193
      vertex -16.6671 -15.5168 -19.7595
    endloop
  endfacet
  facet normal 0.427547 0.639214 0.639225
    outer loop
      vertex -11.4805 -17.4771 -21.7198
      vertex -14.1419 -10.9302 -26.4865
      vertex -14.1419 -16.5871 -20.8297
    endloop
  endfacet
  facet normal 0.427567 0.639213 0.639213
    outer loop
      vertex -14.1419 -10.9302 -26.4865
      vertex -11.4805 -17.4771 -21.7198
      vertex -11.4805 -11.8203 -27.3766
    endloop
  endfacet
  facet normal 0.24299 0.685914 0.685914
    outer loop
      vertex -5.85271 -18.6843 -22.9269
      vertex -8.70854 -12.5216 -28.0779
      vertex -8.70854 -18.1784 -22.4211
    endloop
  endfacet
  facet normal 0.24299 0.685914 0.685914
    outer loop
      vertex -8.70854 -12.5216 -28.0779
      vertex -5.85271 -18.6843 -22.9269
      vertex -5.85271 -13.0274 -28.5838
    endloop
  endfacet
  facet normal 0.857737 0.363514 0.363518
    outer loop
      vertex -26.4576 -7.87851 -12.1212
      vertex -24.9441 -4.00725 -19.5636
      vertex -26.4576 -2.22166 -17.778
    endloop
  endfacet
  facet normal 0.85773 0.363525 0.363522
    outer loop
      vertex -24.9441 -4.00725 -19.5636
      vertex -26.4576 -7.87851 -12.1212
      vertex -24.9441 -9.6641 -13.9067
    endloop
  endfacet
  facet normal 0.903983 -0.302338 -0.302335
    outer loop
      vertex -26.4576 12.1212 7.87851
      vertex -27.7164 15.8961 0.339766
      vertex -26.4576 17.778 2.22166
    endloop
  endfacet
  facet normal 0.903983 -0.302339 -0.302336
    outer loop
      vertex -27.7164 15.8961 0.339766
      vertex -26.4576 12.1212 7.87851
      vertex -27.7164 10.2393 5.99662
    endloop
  endfacet
  facet normal 1 0 0
    outer loop
      vertex 0 37.4767 33.234
      vertex 0 28.9914 13.435
      vertex 0 43.1335 27.5772
    endloop
  endfacet
  facet normal 1 0 -0
    outer loop
      vertex 0 28.9914 13.435
      vertex 0 37.4767 33.234
      vertex 0 23.3345 19.0919
    endloop
  endfacet
  facet normal 1 0 0
    outer loop
      vertex 0 -19.0919 -23.3345
      vertex 0 -27.5772 -43.1335
      vertex 0 -13.435 -28.9914
    endloop
  endfacet
  facet normal 1 0 -0
    outer loop
      vertex 0 -27.5772 -43.1335
      vertex 0 -19.0919 -23.3345
      vertex 0 -33.234 -37.4767
    endloop
  endfacet
  facet normal 0.427556 -0.639209 -0.639224
    outer loop
      vertex -22.627 32.0547 27.8121
      vertex -18.3688 37.7215 24.9936
      vertex -18.3688 33.4788 29.2362
    endloop
  endfacet
  facet normal 0.427568 -0.639213 -0.639213
    outer loop
      vertex -18.3688 37.7215 24.9936
      vertex -22.627 32.0547 27.8121
      vertex -22.627 36.2974 23.5694
    endloop
  endfacet
  facet normal 0.595706 -0.567943 -0.567957
    outer loop
      vertex -26.6674 30.3423 26.0997
      vertex -30.4509 32.6008 19.8729
      vertex -26.6674 34.585 21.8571
    endloop
  endfacet
  facet normal 0.595696 -0.567955 -0.567955
    outer loop
      vertex -30.4509 32.6008 19.8729
      vertex -26.6674 30.3423 26.0997
      vertex -30.4509 28.3582 24.1155
    endloop
  endfacet
  facet normal 0.857724 -0.363535 -0.363526
    outer loop
      vertex -39.9105 20.978 16.7354
      vertex -42.3322 22.3637 9.63577
      vertex -39.9105 25.2206 12.4927
    endloop
  endfacet
  facet normal 0.857727 -0.363528 -0.363526
    outer loop
      vertex -42.3322 22.3637 9.63577
      vertex -39.9105 20.978 16.7354
      vertex -42.3322 18.1211 13.8784
    endloop
  endfacet
  facet normal 0.740945 0.474874 0.474863
    outer loop
      vertex -37.1045 -19.4107 -23.6533
      vertex -33.9411 -17.636 -30.364
      vertex -37.1045 -15.1681 -27.896
    endloop
  endfacet
  facet normal 0.740952 0.474864 0.474864
    outer loop
      vertex -33.9411 -17.636 -30.364
      vertex -37.1045 -19.4107 -23.6533
      vertex -33.9411 -21.8787 -26.1213
    endloop
  endfacet
  facet normal 0.514099 -0.6065 -0.606514
    outer loop
      vertex -26.6674 34.585 21.8571
      vertex -22.627 32.0547 27.8121
      vertex -26.6674 30.3423 26.0997
    endloop
  endfacet
  facet normal 0.514088 -0.606512 -0.606512
    outer loop
      vertex -22.627 32.0547 27.8121
      vertex -26.6674 34.585 21.8571
      vertex -22.627 36.2974 23.5694
    endloop
  endfacet
  facet normal 0.146735 0.699453 0.699453
    outer loop
      vertex -4.70482 -31.6564 -35.899
      vertex -9.36434 -26.925 -39.6529
      vertex -9.36434 -31.1676 -35.4103
    endloop
  endfacet
  facet normal 0.146735 0.699453 0.699453
    outer loop
      vertex -9.36434 -26.925 -39.6529
      vertex -4.70482 -31.6564 -35.899
      vertex -4.70482 -27.4137 -40.1417
    endloop
  endfacet
  facet normal 0.0490625 0.706255 0.706255
    outer loop
      vertex -2 -31.7503 -35.993
      vertex -4.70482 -27.4137 -40.1417
      vertex -4.70482 -31.6564 -35.899
    endloop
  endfacet
  facet normal 0.0490625 0.706255 0.706255
    outer loop
      vertex -4.70482 -27.4137 -40.1417
      vertex -2 -31.7503 -35.993
      vertex -2 -27.5077 -40.2356
    endloop
  endfacet
  facet normal 0.941547 0.238211 0.238213
    outer loop
      vertex -45.9331 -7.73127 -11.9739
      vertex -44.3462 -6.62475 -19.3527
      vertex -45.9331 -3.48863 -16.2165
    endloop
  endfacet
  facet normal 0.941545 0.238216 0.238213
    outer loop
      vertex -44.3462 -6.62475 -19.3527
      vertex -45.9331 -7.73127 -11.9739
      vertex -44.3462 -10.8674 -15.11
    endloop
  endfacet
  facet normal 0.146735 -0.699453 -0.699453
    outer loop
      vertex -9.36434 39.6529 26.925
      vertex -4.70482 35.899 31.6564
      vertex -9.36434 35.4103 31.1676
    endloop
  endfacet
  facet normal 0.146735 -0.699453 -0.699453
    outer loop
      vertex -4.70482 35.899 31.6564
      vertex -9.36434 39.6529 26.925
      vertex -4.70482 40.1417 27.4137
    endloop
  endfacet
  facet normal 0.970029 0.171818 0.17182
    outer loop
      vertex -47.0777 -4.50026 -8.74291
      vertex -45.9331 -3.48863 -16.2165
      vertex -47.0777 -0.257624 -12.9855
    endloop
  endfacet
  facet normal 0.970029 0.171818 0.17182
    outer loop
      vertex -45.9331 -3.48863 -16.2165
      vertex -47.0777 -4.50026 -8.74291
      vertex -45.9331 -7.73127 -11.9739
    endloop
  endfacet
  facet normal 1.47406e-05 -0.707105 0.707109
    outer loop
      vertex -6.24289 28.5566 15.8287
      vertex -4.70482 40.1417 27.4137
      vertex -9.36434 39.6529 26.925
    endloop
  endfacet
  facet normal 0 -0.707107 0.707107
    outer loop
      vertex -9.28911 28.017 15.2891
      vertex -9.36434 39.6529 26.925
      vertex -13.9337 38.8436 26.1157
    endloop
  endfacet
  facet normal 1.49064e-06 -0.70711 0.707104
    outer loop
      vertex -12.2459 27.269 14.541
      vertex -13.9337 38.8436 26.1157
      vertex -18.3688 37.7215 24.9936
    endloop
  endfacet
  facet normal -1.32548e-05 -0.707112 0.707102
    outer loop
      vertex -15.0847 26.3196 13.5916
      vertex -18.3688 37.7215 24.9936
      vertex -22.627 36.2974 23.5694
    endloop
  endfacet
  facet normal 1.39842e-05 -0.707103 0.707111
    outer loop
      vertex -20.3006 23.8552 11.1273
      vertex -22.627 36.2974 23.5694
      vertex -26.6674 34.585 21.8571
    endloop
  endfacet
  facet normal 1.55162e-06 -0.707108 0.707105
    outer loop
      vertex -22.6274 22.364 9.63604
      vertex -26.6674 34.585 21.8571
      vertex -30.4509 32.6008 19.8729
    endloop
  endfacet
  facet normal -1.60695e-05 -0.70711 0.707104
    outer loop
      vertex -24.7363 20.7186 7.99072
      vertex -30.4509 32.6008 19.8729
      vertex -33.9411 30.364 17.636
    endloop
  endfacet
  facet normal 1.89182e-06 -0.70711 0.707104
    outer loop
      vertex -18.3688 37.7215 24.9936
      vertex -15.0847 26.3196 13.5916
      vertex -12.2459 27.269 14.541
    endloop
  endfacet
  facet normal 0 -0.707107 0.707107
    outer loop
      vertex -2 40.2356 27.5077
      vertex -3.13655 28.8824 16.1545
      vertex -2 28.9219 16.194
    endloop
  endfacet
  facet normal -2.62337e-05 -0.707105 0.707108
    outer loop
      vertex -4.70482 40.1417 27.4137
      vertex -3.13655 28.8824 16.1545
      vertex -2 40.2356 27.5077
    endloop
  endfacet
  facet normal -6.49201e-07 -0.707104 0.70711
    outer loop
      vertex -3.13655 28.8824 16.1545
      vertex -4.70482 40.1417 27.4137
      vertex -6.24289 28.5566 15.8287
    endloop
  endfacet
  facet normal 1.29656e-05 -0.707101 0.707113
    outer loop
      vertex -26.607 18.9351 6.20716
      vertex -33.9411 30.364 17.636
      vertex -37.1045 27.896 15.1681
    endloop
  endfacet
  facet normal 0 -0.707107 0.707107
    outer loop
      vertex -9.36434 39.6529 26.925
      vertex -9.28911 28.017 15.2891
      vertex -6.24289 28.5566 15.8287
    endloop
  endfacet
  facet normal -2.15732e-05 -0.707111 0.707102
    outer loop
      vertex -13.9337 38.8436 26.1157
      vertex -12.2459 27.269 14.541
      vertex -9.28911 28.017 15.2891
    endloop
  endfacet
  facet normal 2.44083e-06 -0.707108 0.707106
    outer loop
      vertex -28.2215 17.0305 4.30253
      vertex -37.1045 27.896 15.1681
      vertex -39.9105 25.2206 12.4927
    endloop
  endfacet
  facet normal 0 -0.707107 0.707107
    outer loop
      vertex -22.627 36.2974 23.5694
      vertex -17.7782 25.178 12.45
      vertex -15.0847 26.3196 13.5916
    endloop
  endfacet
  facet normal 2.28157e-05 -0.707102 0.707112
    outer loop
      vertex -22.627 36.2974 23.5694
      vertex -20.3006 23.8552 11.1273
      vertex -17.7782 25.178 12.45
    endloop
  endfacet
  facet normal -1.32101e-05 -0.707111 0.707103
    outer loop
      vertex -26.6674 34.585 21.8571
      vertex -22.6274 22.364 9.63604
      vertex -20.3006 23.8552 11.1273
    endloop
  endfacet
  facet normal -3.2425e-06 -0.707109 0.707104
    outer loop
      vertex -29.5641 15.0231 2.29518
      vertex -39.9105 25.2206 12.4927
      vertex -42.3322 22.3637 9.63577
    endloop
  endfacet
  facet normal 1.88297e-05 -0.707102 0.707112
    outer loop
      vertex -30.4509 32.6008 19.8729
      vertex -24.7363 20.7186 7.99072
      vertex -22.6274 22.364 9.63604
    endloop
  endfacet
  facet normal -9.67174e-07 -0.707109 0.707105
    outer loop
      vertex -30.6221 12.9324 0.204432
      vertex -42.3322 22.3637 9.63577
      vertex -44.3462 19.3527 6.62475
    endloop
  endfacet
  facet normal -1.62666e-05 -0.70711 0.707103
    outer loop
      vertex -33.9411 30.364 17.636
      vertex -26.607 18.9351 6.20716
      vertex -24.7363 20.7186 7.99072
    endloop
  endfacet
  facet normal -3.95284e-06 -0.707111 0.707103
    outer loop
      vertex -37.1045 27.896 15.1681
      vertex -28.2215 17.0305 4.30253
      vertex -26.607 18.9351 6.20716
    endloop
  endfacet
  facet normal 5.67012e-06 -0.707099 0.707114
    outer loop
      vertex -31.3851 10.7783 -1.94957
      vertex -44.3462 19.3527 6.62475
      vertex -45.9331 16.2165 3.48863
    endloop
  endfacet
  facet normal 1.12862e-05 -0.707102 0.707112
    outer loop
      vertex -39.9105 25.2206 12.4927
      vertex -29.5641 15.0231 2.29518
      vertex -28.2215 17.0305 4.30253
    endloop
  endfacet
  facet normal -4.33453e-07 -0.707107 0.707106
    outer loop
      vertex -31.3851 10.7783 -1.94957
      vertex -45.9331 16.2165 3.48863
      vertex -47.0777 12.9855 0.257624
    endloop
  endfacet
  facet normal -7.65887e-06 -0.707113 0.707101
    outer loop
      vertex -42.3322 22.3637 9.63577
      vertex -30.6221 12.9324 0.204432
      vertex -29.5641 15.0231 2.29518
    endloop
  endfacet
  facet normal 1.37059e-05 -0.707093 0.70712
    outer loop
      vertex -44.3462 19.3527 6.62475
      vertex -31.3851 10.7783 -1.94957
      vertex -30.6221 12.9324 0.204432
    endloop
  endfacet
  facet normal -6.48185e-07 -0.707111 0.707102
    outer loop
      vertex -31.8459 8.58183 -4.14609
      vertex -47.0777 12.9855 0.257624
      vertex -47.7689 9.69077 -3.03715
    endloop
  endfacet
  facet normal -2.46169e-06 -0.707115 0.707099
    outer loop
      vertex -47.0777 12.9855 0.257624
      vertex -31.8459 8.58183 -4.14609
      vertex -31.3851 10.7783 -1.94957
    endloop
  endfacet
  facet normal 0 -0.707107 0.707107
    outer loop
      vertex -32 6.36396 -6.36396
      vertex -47.7689 9.69077 -3.03715
      vertex -48 6.36396 -6.36396
    endloop
  endfacet
  facet normal 0 -0.707107 0.707107
    outer loop
      vertex -47.7689 9.69077 -3.03715
      vertex -32 6.36396 -6.36396
      vertex -31.8459 8.58183 -4.14609
    endloop
  endfacet
  facet normal 0 -0.707107 0.707107
    outer loop
      vertex -47.7689 3.03715 -9.69077
      vertex -32 6.36396 -6.36396
      vertex -48 6.36396 -6.36396
    endloop
  endfacet
  facet normal 0 -0.707107 0.707107
    outer loop
      vertex -32 6.36396 -6.36396
      vertex -47.7689 3.03715 -9.69077
      vertex -31.8459 4.14609 -8.58183
    endloop
  endfacet
  facet normal -6.48185e-07 -0.707102 0.707111
    outer loop
      vertex -47.0777 -0.257624 -12.9855
      vertex -31.8459 4.14609 -8.58183
      vertex -47.7689 3.03715 -9.69077
    endloop
  endfacet
  facet normal -2.46169e-06 -0.707099 0.707115
    outer loop
      vertex -31.8459 4.14609 -8.58183
      vertex -47.0777 -0.257624 -12.9855
      vertex -31.3851 1.94957 -10.7783
    endloop
  endfacet
  facet normal -4.33453e-07 -0.707106 0.707107
    outer loop
      vertex -45.9331 -3.48863 -16.2165
      vertex -31.3851 1.94957 -10.7783
      vertex -47.0777 -0.257624 -12.9855
    endloop
  endfacet
  facet normal 5.67012e-06 -0.707114 0.707099
    outer loop
      vertex -44.3462 -6.62475 -19.3527
      vertex -31.3851 1.94957 -10.7783
      vertex -45.9331 -3.48863 -16.2165
    endloop
  endfacet
  facet normal 1.37059e-05 -0.70712 0.707093
    outer loop
      vertex -31.3851 1.94957 -10.7783
      vertex -44.3462 -6.62475 -19.3527
      vertex -30.6221 -0.204432 -12.9324
    endloop
  endfacet
  facet normal -9.67174e-07 -0.707105 0.707109
    outer loop
      vertex -42.3322 -9.63577 -22.3637
      vertex -30.6221 -0.204432 -12.9324
      vertex -44.3462 -6.62475 -19.3527
    endloop
  endfacet
  facet normal -7.65887e-06 -0.707101 0.707113
    outer loop
      vertex -30.6221 -0.204432 -12.9324
      vertex -42.3322 -9.63577 -22.3637
      vertex -29.5641 -2.29518 -15.0231
    endloop
  endfacet
  facet normal -3.2425e-06 -0.707104 0.707109
    outer loop
      vertex -39.9105 -12.4927 -25.2206
      vertex -29.5641 -2.29518 -15.0231
      vertex -42.3322 -9.63577 -22.3637
    endloop
  endfacet
  facet normal 1.12862e-05 -0.707112 0.707102
    outer loop
      vertex -29.5641 -2.29518 -15.0231
      vertex -39.9105 -12.4927 -25.2206
      vertex -28.2215 -4.30253 -17.0305
    endloop
  endfacet
  facet normal 2.44083e-06 -0.707106 0.707108
    outer loop
      vertex -37.1045 -15.1681 -27.896
      vertex -28.2215 -4.30253 -17.0305
      vertex -39.9105 -12.4927 -25.2206
    endloop
  endfacet
  facet normal -3.95284e-06 -0.707103 0.707111
    outer loop
      vertex -28.2215 -4.30253 -17.0305
      vertex -37.1045 -15.1681 -27.896
      vertex -26.607 -6.20716 -18.9351
    endloop
  endfacet
  facet normal 1.29656e-05 -0.707113 0.707101
    outer loop
      vertex -33.9411 -17.636 -30.364
      vertex -26.607 -6.20716 -18.9351
      vertex -37.1045 -15.1681 -27.896
    endloop
  endfacet
  facet normal -1.62666e-05 -0.707103 0.70711
    outer loop
      vertex -26.607 -6.20716 -18.9351
      vertex -33.9411 -17.636 -30.364
      vertex -24.7363 -7.99072 -20.7186
    endloop
  endfacet
  facet normal -1.60695e-05 -0.707104 0.70711
    outer loop
      vertex -30.4509 -19.8729 -32.6008
      vertex -24.7363 -7.99072 -20.7186
      vertex -33.9411 -17.636 -30.364
    endloop
  endfacet
  facet normal 1.88297e-05 -0.707112 0.707102
    outer loop
      vertex -24.7363 -7.99072 -20.7186
      vertex -30.4509 -19.8729 -32.6008
      vertex -22.6274 -9.63604 -22.364
    endloop
  endfacet
  facet normal 1.55162e-06 -0.707105 0.707108
    outer loop
      vertex -26.6674 -21.8571 -34.585
      vertex -22.6274 -9.63604 -22.364
      vertex -30.4509 -19.8729 -32.6008
    endloop
  endfacet
  facet normal -1.32101e-05 -0.707103 0.707111
    outer loop
      vertex -22.6274 -9.63604 -22.364
      vertex -26.6674 -21.8571 -34.585
      vertex -20.3006 -11.1273 -23.8552
    endloop
  endfacet
  facet normal 1.39842e-05 -0.707111 0.707103
    outer loop
      vertex -22.627 -23.5694 -36.2974
      vertex -20.3006 -11.1273 -23.8552
      vertex -26.6674 -21.8571 -34.585
    endloop
  endfacet
  facet normal 2.28157e-05 -0.707112 0.707102
    outer loop
      vertex -20.3006 -11.1273 -23.8552
      vertex -22.627 -23.5694 -36.2974
      vertex -17.7782 -12.45 -25.178
    endloop
  endfacet
  facet normal 0 -0.707107 0.707107
    outer loop
      vertex -17.7782 -12.45 -25.178
      vertex -22.627 -23.5694 -36.2974
      vertex -15.0847 -13.5916 -26.3196
    endloop
  endfacet
  facet normal -1.32548e-05 -0.707102 0.707112
    outer loop
      vertex -18.3688 -24.9936 -37.7215
      vertex -15.0847 -13.5916 -26.3196
      vertex -22.627 -23.5694 -36.2974
    endloop
  endfacet
  facet normal 1.89182e-06 -0.707104 0.70711
    outer loop
      vertex -15.0847 -13.5916 -26.3196
      vertex -18.3688 -24.9936 -37.7215
      vertex -12.2459 -14.541 -27.269
    endloop
  endfacet
  facet normal 1.49064e-06 -0.707104 0.70711
    outer loop
      vertex -13.9337 -26.1157 -38.8436
      vertex -12.2459 -14.541 -27.269
      vertex -18.3688 -24.9936 -37.7215
    endloop
  endfacet
  facet normal -2.15732e-05 -0.707102 0.707111
    outer loop
      vertex -12.2459 -14.541 -27.269
      vertex -13.9337 -26.1157 -38.8436
      vertex -9.28911 -15.2891 -28.017
    endloop
  endfacet
  facet normal -2.35973e-17 -0.707107 0.707107
    outer loop
      vertex -9.36434 -26.925 -39.6529
      vertex -9.28911 -15.2891 -28.017
      vertex -13.9337 -26.1157 -38.8436
    endloop
  endfacet
  facet normal -1.76981e-17 -0.707107 0.707107
    outer loop
      vertex -9.28911 -15.2891 -28.017
      vertex -9.36434 -26.925 -39.6529
      vertex -6.24289 -15.8287 -28.5566
    endloop
  endfacet
  facet normal 1.47406e-05 -0.707109 0.707105
    outer loop
      vertex -4.70482 -27.4137 -40.1417
      vertex -6.24289 -15.8287 -28.5566
      vertex -9.36434 -26.925 -39.6529
    endloop
  endfacet
  facet normal -6.49201e-07 -0.70711 0.707104
    outer loop
      vertex -6.24289 -15.8287 -28.5566
      vertex -4.70482 -27.4137 -40.1417
      vertex -3.13655 -16.1545 -28.8824
    endloop
  endfacet
  facet normal -2.62337e-05 -0.707108 0.707105
    outer loop
      vertex -2 -27.5077 -40.2356
      vertex -3.13655 -16.1545 -28.8824
      vertex -4.70482 -27.4137 -40.1417
    endloop
  endfacet
  facet normal 9.15784e-18 -0.707107 0.707107
    outer loop
      vertex -3.13655 -16.1545 -28.8824
      vertex -2 -27.5077 -40.2356
      vertex -2 -16.194 -28.9219
    endloop
  endfacet
  facet normal 0.998796 0.0346911 0.0346911
    outer loop
      vertex -48 2.12132 -2.12132
      vertex -47.7689 3.03715 -9.69077
      vertex -48 6.36396 -6.36396
    endloop
  endfacet
  facet normal 0.998796 0.0346911 0.0346911
    outer loop
      vertex -47.7689 3.03715 -9.69077
      vertex -48 2.12132 -2.12132
      vertex -47.7689 -1.20549 -5.44813
    endloop
  endfacet
  facet normal 0.903988 -0.30233 -0.302328
    outer loop
      vertex -42.3322 18.1211 13.8784
      vertex -44.3462 19.3527 6.62475
      vertex -42.3322 22.3637 9.63577
    endloop
  endfacet
  facet normal 0.90399 -0.302324 -0.302328
    outer loop
      vertex -44.3462 19.3527 6.62475
      vertex -42.3322 18.1211 13.8784
      vertex -44.3462 15.11 10.8674
    endloop
  endfacet
  facet normal 0.0490625 -0.706255 -0.706255
    outer loop
      vertex -4.70482 35.899 31.6564
      vertex -2 40.2356 27.5077
      vertex -2 35.993 31.7503
    endloop
  endfacet
  facet normal 0.0490625 -0.706255 -0.706255
    outer loop
      vertex -2 40.2356 27.5077
      vertex -4.70482 35.899 31.6564
      vertex -4.70482 40.1417 27.4137
    endloop
  endfacet
  facet normal 0.740945 -0.474869 -0.474869
    outer loop
      vertex -33.9411 26.1213 21.8787
      vertex -37.1045 27.896 15.1681
      vertex -33.9411 30.364 17.636
    endloop
  endfacet
  facet normal 0.740952 -0.474858 -0.474869
    outer loop
      vertex -37.1045 27.896 15.1681
      vertex -33.9411 26.1213 21.8787
      vertex -37.1045 23.6533 19.4107
    endloop
  endfacet
  facet normal 0.671565 0.523928 0.523928
    outer loop
      vertex -33.9411 -21.8787 -26.1213
      vertex -30.4509 -19.8729 -32.6008
      vertex -33.9411 -17.636 -30.364
    endloop
  endfacet
  facet normal 0.671565 0.523928 0.523928
    outer loop
      vertex -30.4509 -19.8729 -32.6008
      vertex -33.9411 -21.8787 -26.1213
      vertex -30.4509 -24.1155 -28.3582
    endloop
  endfacet
  facet normal 0.242972 -0.685917 -0.685917
    outer loop
      vertex -13.9337 38.8436 26.1157
      vertex -9.36434 35.4103 31.1676
      vertex -13.9337 34.601 30.3583
    endloop
  endfacet
  facet normal 0.242972 -0.685917 -0.685917
    outer loop
      vertex -9.36434 35.4103 31.1676
      vertex -13.9337 38.8436 26.1157
      vertex -9.36434 39.6529 26.925
    endloop
  endfacet
  facet normal 0.242972 0.685917 0.685917
    outer loop
      vertex -9.36434 -31.1676 -35.4103
      vertex -13.9337 -26.1157 -38.8436
      vertex -13.9337 -30.3583 -34.601
    endloop
  endfacet
  facet normal 0.242972 0.685917 0.685917
    outer loop
      vertex -13.9337 -26.1157 -38.8436
      vertex -9.36434 -31.1676 -35.4103
      vertex -9.36434 -26.925 -39.6529
    endloop
  endfacet
  facet normal 0.989176 -0.103759 -0.103758
    outer loop
      vertex -47.0777 8.74291 4.50026
      vertex -47.7689 9.69077 -3.03715
      vertex -47.0777 12.9855 0.257624
    endloop
  endfacet
  facet normal 0.989176 -0.103758 -0.103758
    outer loop
      vertex -47.7689 9.69077 -3.03715
      vertex -47.0777 8.74291 4.50026
      vertex -47.7689 5.44813 1.20549
    endloop
  endfacet
  facet normal 0.671565 -0.523928 -0.523928
    outer loop
      vertex -30.4509 28.3582 24.1155
      vertex -33.9411 30.364 17.636
      vertex -30.4509 32.6008 19.8729
    endloop
  endfacet
  facet normal 0.671565 -0.523928 -0.523928
    outer loop
      vertex -33.9411 30.364 17.636
      vertex -30.4509 28.3582 24.1155
      vertex -33.9411 26.1213 21.8787
    endloop
  endfacet
  facet normal 0.3369 -0.665762 -0.665777
    outer loop
      vertex -18.3688 37.7215 24.9936
      vertex -13.9337 34.601 30.3583
      vertex -18.3688 33.4788 29.2362
    endloop
  endfacet
  facet normal 0.336887 -0.665773 -0.665773
    outer loop
      vertex -13.9337 34.601 30.3583
      vertex -18.3688 37.7215 24.9936
      vertex -13.9337 38.8436 26.1157
    endloop
  endfacet
  facet normal 0.857724 0.363529 0.363532
    outer loop
      vertex -42.3322 -13.8784 -18.1211
      vertex -39.9105 -12.4927 -25.2206
      vertex -42.3322 -9.63577 -22.3637
    endloop
  endfacet
  facet normal 0.857727 0.363523 0.363531
    outer loop
      vertex -39.9105 -12.4927 -25.2206
      vertex -42.3322 -13.8784 -18.1211
      vertex -39.9105 -16.7354 -20.978
    endloop
  endfacet
  facet normal 0.514099 0.606514 0.6065
    outer loop
      vertex -22.627 -27.8121 -32.0547
      vertex -26.6674 -21.8571 -34.585
      vertex -26.6674 -26.0997 -30.3423
    endloop
  endfacet
  facet normal 0.514088 0.606512 0.606512
    outer loop
      vertex -26.6674 -21.8571 -34.585
      vertex -22.627 -27.8121 -32.0547
      vertex -22.627 -23.5694 -36.2974
    endloop
  endfacet
  facet normal 0.427568 0.639213 0.639213
    outer loop
      vertex -22.627 -27.8121 -32.0547
      vertex -18.3688 -24.9936 -37.7215
      vertex -22.627 -23.5694 -36.2974
    endloop
  endfacet
  facet normal 0.427556 0.639224 0.639209
    outer loop
      vertex -18.3688 -24.9936 -37.7215
      vertex -22.627 -27.8121 -32.0547
      vertex -18.3688 -29.2362 -33.4788
    endloop
  endfacet
  facet normal 0.803218 0.421208 0.421218
    outer loop
      vertex -39.9105 -16.7354 -20.978
      vertex -37.1045 -15.1681 -27.896
      vertex -39.9105 -12.4927 -25.2206
    endloop
  endfacet
  facet normal 0.803207 0.421229 0.421219
    outer loop
      vertex -37.1045 -15.1681 -27.896
      vertex -39.9105 -16.7354 -20.978
      vertex -37.1045 -19.4107 -23.6533
    endloop
  endfacet
  facet normal 0.989176 0.103759 0.103759
    outer loop
      vertex -47.7689 -1.20549 -5.44813
      vertex -47.0777 -0.257624 -12.9855
      vertex -47.7689 3.03715 -9.69077
    endloop
  endfacet
  facet normal 0.989176 0.103757 0.103759
    outer loop
      vertex -47.0777 -0.257624 -12.9855
      vertex -47.7689 -1.20549 -5.44813
      vertex -47.0777 -4.50026 -8.74291
    endloop
  endfacet
  facet normal 0.970029 -0.17182 -0.171818
    outer loop
      vertex -45.9331 11.9739 7.73127
      vertex -47.0777 12.9855 0.257624
      vertex -45.9331 16.2165 3.48863
    endloop
  endfacet
  facet normal 0.970029 -0.17182 -0.171818
    outer loop
      vertex -47.0777 12.9855 0.257624
      vertex -45.9331 11.9739 7.73127
      vertex -47.0777 8.74291 4.50026
    endloop
  endfacet
  facet normal 0.595706 0.56795 0.56795
    outer loop
      vertex -30.4509 -24.1155 -28.3582
      vertex -26.6674 -21.8571 -34.585
      vertex -30.4509 -19.8729 -32.6008
    endloop
  endfacet
  facet normal 0.595696 0.567962 0.567948
    outer loop
      vertex -26.6674 -21.8571 -34.585
      vertex -30.4509 -24.1155 -28.3582
      vertex -26.6674 -26.0997 -30.3423
    endloop
  endfacet
  facet normal 0.903988 0.302331 0.302327
    outer loop
      vertex -44.3462 -10.8674 -15.11
      vertex -42.3322 -9.63577 -22.3637
      vertex -44.3462 -6.62475 -19.3527
    endloop
  endfacet
  facet normal 0.90399 0.302325 0.302327
    outer loop
      vertex -42.3322 -9.63577 -22.3637
      vertex -44.3462 -10.8674 -15.11
      vertex -42.3322 -13.8784 -18.1211
    endloop
  endfacet
  facet normal 0.941547 -0.23821 -0.238213
    outer loop
      vertex -44.3462 15.11 10.8674
      vertex -45.9331 16.2165 3.48863
      vertex -44.3462 19.3527 6.62475
    endloop
  endfacet
  facet normal 0.941545 -0.238216 -0.238214
    outer loop
      vertex -45.9331 16.2165 3.48863
      vertex -44.3462 15.11 10.8674
      vertex -45.9331 11.9739 7.73127
    endloop
  endfacet
  facet normal 0.803218 -0.421208 -0.421218
    outer loop
      vertex -37.1045 23.6533 19.4107
      vertex -39.9105 25.2206 12.4927
      vertex -37.1045 27.896 15.1681
    endloop
  endfacet
  facet normal 0.803207 -0.421229 -0.421219
    outer loop
      vertex -39.9105 25.2206 12.4927
      vertex -37.1045 23.6533 19.4107
      vertex -39.9105 20.978 16.7354
    endloop
  endfacet
  facet normal 0.998796 -0.0346911 -0.0346911
    outer loop
      vertex -47.7689 5.44813 1.20549
      vertex -48 6.36396 -6.36396
      vertex -47.7689 9.69077 -3.03715
    endloop
  endfacet
  facet normal 0.998796 -0.0346911 -0.0346911
    outer loop
      vertex -48 6.36396 -6.36396
      vertex -47.7689 5.44813 1.20549
      vertex -48 2.12132 -2.12132
    endloop
  endfacet
  facet normal 0.3369 0.665777 0.665762
    outer loop
      vertex -13.9337 -30.3583 -34.601
      vertex -18.3688 -24.9936 -37.7215
      vertex -18.3688 -29.2362 -33.4788
    endloop
  endfacet
  facet normal 0.336887 0.665773 0.665773
    outer loop
      vertex -18.3688 -24.9936 -37.7215
      vertex -13.9337 -30.3583 -34.601
      vertex -13.9337 -26.1157 -38.8436
    endloop
  endfacet
  facet normal -0.671564 -0.523931 -0.523926
    outer loop
      vertex -20.3006 -11.1273 -23.8552
      vertex -22.6274 -13.8787 -18.1213
      vertex -22.6274 -9.63604 -22.364
    endloop
  endfacet
  facet normal -0.671557 -0.523939 -0.523927
    outer loop
      vertex -22.6274 -13.8787 -18.1213
      vertex -20.3006 -11.1273 -23.8552
      vertex -20.3006 -15.3699 -19.6125
    endloop
  endfacet
  facet normal -0.146721 -0.699454 -0.699454
    outer loop
      vertex -6.24289 -15.8287 -28.5566
      vertex -3.13655 -20.3971 -24.6398
      vertex -6.24289 -20.0713 -24.314
    endloop
  endfacet
  facet normal -0.146721 -0.699454 -0.699454
    outer loop
      vertex -3.13655 -20.3971 -24.6398
      vertex -6.24289 -15.8287 -28.5566
      vertex -3.13655 -16.1545 -28.8824
    endloop
  endfacet
  facet normal -0.24298 0.685916 0.685916
    outer loop
      vertex -6.24289 28.5566 15.8287
      vertex -9.28911 23.7744 19.5318
      vertex -6.24289 24.314 20.0713
    endloop
  endfacet
  facet normal -0.243002 0.68592 0.685904
    outer loop
      vertex -9.28911 23.7744 19.5318
      vertex -6.24289 28.5566 15.8287
      vertex -9.28911 28.017 15.2891
    endloop
  endfacet
  facet normal -0.970035 -0.1718 -0.171802
    outer loop
      vertex -30.6221 -0.204432 -12.9324
      vertex -31.3851 -2.29307 -6.53571
      vertex -31.3851 1.94957 -10.7783
    endloop
  endfacet
  facet normal -0.970034 -0.171806 -0.171804
    outer loop
      vertex -31.3851 -2.29307 -6.53571
      vertex -30.6221 -0.204432 -12.9324
      vertex -30.6221 -4.44707 -8.68971
    endloop
  endfacet
  facet normal -0.941537 -0.238232 -0.238229
    outer loop
      vertex -29.5641 -2.29518 -15.0231
      vertex -30.6221 -4.44707 -8.68971
      vertex -30.6221 -0.204432 -12.9324
    endloop
  endfacet
  facet normal -0.94154 -0.238224 -0.238227
    outer loop
      vertex -30.6221 -4.44707 -8.68971
      vertex -29.5641 -2.29518 -15.0231
      vertex -29.5641 -6.53782 -10.7805
    endloop
  endfacet
  facet normal -0.998795 -0.0346987 -0.0346987
    outer loop
      vertex -31.8459 4.14609 -8.58183
      vertex -32 2.12132 -2.12132
      vertex -32 6.36396 -6.36396
    endloop
  endfacet
  facet normal -0.998795 -0.0346986 -0.0346987
    outer loop
      vertex -32 2.12132 -2.12132
      vertex -31.8459 4.14609 -8.58183
      vertex -31.8459 -0.096554 -4.33919
    endloop
  endfacet
  facet normal -0.0490907 0.706254 0.706254
    outer loop
      vertex -2 28.9219 16.194
      vertex -3.13655 24.6398 20.3971
      vertex -2 24.6793 20.4366
    endloop
  endfacet
  facet normal -0.0490907 0.706254 0.706254
    outer loop
      vertex -3.13655 24.6398 20.3971
      vertex -2 28.9219 16.194
      vertex -3.13655 28.8824 16.1545
    endloop
  endfacet
  facet normal -0.336895 -0.665771 -0.665771
    outer loop
      vertex -12.2459 -14.541 -27.269
      vertex -9.28911 -19.5318 -23.7744
      vertex -12.2459 -18.7837 -23.0263
    endloop
  endfacet
  facet normal -0.336875 -0.665768 -0.665784
    outer loop
      vertex -9.28911 -19.5318 -23.7744
      vertex -12.2459 -14.541 -27.269
      vertex -9.28911 -15.2891 -28.017
    endloop
  endfacet
  facet normal -0.0490907 -0.706254 -0.706254
    outer loop
      vertex -3.13655 -16.1545 -28.8824
      vertex -2 -20.4366 -24.6793
      vertex -3.13655 -20.3971 -24.6398
    endloop
  endfacet
  facet normal -0.0490907 -0.706254 -0.706254
    outer loop
      vertex -2 -20.4366 -24.6793
      vertex -3.13655 -16.1545 -28.8824
      vertex -2 -16.194 -28.9219
    endloop
  endfacet
  facet normal -0.671564 0.523922 0.523934
    outer loop
      vertex -22.6274 22.364 9.63604
      vertex -20.3006 19.6125 15.3699
      vertex -20.3006 23.8552 11.1273
    endloop
  endfacet
  facet normal -0.671557 0.523931 0.523936
    outer loop
      vertex -20.3006 19.6125 15.3699
      vertex -22.6274 22.364 9.63604
      vertex -22.6274 18.1213 13.8787
    endloop
  endfacet
  facet normal -0.740962 0.474853 0.474857
    outer loop
      vertex -24.7363 20.7186 7.99072
      vertex -22.6274 18.1213 13.8787
      vertex -22.6274 22.364 9.63604
    endloop
  endfacet
  facet normal -0.74095 0.474869 0.47486
    outer loop
      vertex -22.6274 18.1213 13.8787
      vertex -24.7363 20.7186 7.99072
      vertex -24.7363 16.476 12.2334
    endloop
  endfacet
  facet normal -0.85772 0.363533 0.363538
    outer loop
      vertex -28.2215 17.0305 4.30253
      vertex -26.607 14.6924 10.4498
      vertex -26.607 18.9351 6.20716
    endloop
  endfacet
  facet normal -0.85772 0.363533 0.363538
    outer loop
      vertex -26.607 14.6924 10.4498
      vertex -28.2215 17.0305 4.30253
      vertex -28.2215 12.7878 8.54517
    endloop
  endfacet
  facet normal -0.514113 0.606501 0.606501
    outer loop
      vertex -17.7782 25.178 12.45
      vertex -15.0847 22.0769 17.8343
      vertex -15.0847 26.3196 13.5916
    endloop
  endfacet
  facet normal -0.514113 0.606501 0.606501
    outer loop
      vertex -15.0847 22.0769 17.8343
      vertex -17.7782 25.178 12.45
      vertex -17.7782 20.9353 16.6927
    endloop
  endfacet
  facet normal -0.941537 0.238231 0.238229
    outer loop
      vertex -30.6221 12.9324 0.204432
      vertex -29.5641 10.7805 6.53782
      vertex -29.5641 15.0231 2.29518
    endloop
  endfacet
  facet normal -0.94154 0.238224 0.238227
    outer loop
      vertex -29.5641 10.7805 6.53782
      vertex -30.6221 12.9324 0.204432
      vertex -30.6221 8.68971 4.44707
    endloop
  endfacet
  facet normal -0.427556 0.639217 0.639217
    outer loop
      vertex -15.0847 26.3196 13.5916
      vertex -12.2459 23.0263 18.7837
      vertex -12.2459 27.269 14.541
    endloop
  endfacet
  facet normal -0.427556 0.639217 0.639217
    outer loop
      vertex -12.2459 23.0263 18.7837
      vertex -15.0847 26.3196 13.5916
      vertex -15.0847 22.0769 17.8343
    endloop
  endfacet
  facet normal -0.595681 0.567963 0.567963
    outer loop
      vertex -20.3006 23.8552 11.1273
      vertex -17.7782 20.9353 16.6927
      vertex -17.7782 25.178 12.45
    endloop
  endfacet
  facet normal -0.595696 0.567949 0.567962
    outer loop
      vertex -17.7782 20.9353 16.6927
      vertex -20.3006 23.8552 11.1273
      vertex -20.3006 19.6125 15.3699
    endloop
  endfacet
  facet normal -0.146721 0.699454 0.699454
    outer loop
      vertex -3.13655 28.8824 16.1545
      vertex -6.24289 24.314 20.0713
      vertex -3.13655 24.6398 20.3971
    endloop
  endfacet
  facet normal -0.146721 0.699454 0.699454
    outer loop
      vertex -6.24289 24.314 20.0713
      vertex -3.13655 28.8824 16.1545
      vertex -6.24289 28.5566 15.8287
    endloop
  endfacet
  facet normal -0.903999 -0.302311 -0.302314
    outer loop
      vertex -28.2215 -4.30253 -17.0305
      vertex -29.5641 -6.53782 -10.7805
      vertex -29.5641 -2.29518 -15.0231
    endloop
  endfacet
  facet normal -0.903995 -0.302321 -0.302317
    outer loop
      vertex -29.5641 -6.53782 -10.7805
      vertex -28.2215 -4.30253 -17.0305
      vertex -28.2215 -8.54517 -12.7878
    endloop
  endfacet
  facet normal -0.970035 0.1718 0.171802
    outer loop
      vertex -31.3851 10.7783 -1.94957
      vertex -30.6221 8.68971 4.44707
      vertex -30.6221 12.9324 0.204432
    endloop
  endfacet
  facet normal -0.970034 0.171806 0.171804
    outer loop
      vertex -30.6221 8.68971 4.44707
      vertex -31.3851 10.7783 -1.94957
      vertex -31.3851 6.53571 2.29307
    endloop
  endfacet
  facet normal -0.740962 -0.474851 -0.47486
    outer loop
      vertex -22.6274 -9.63604 -22.364
      vertex -24.7363 -12.2334 -16.476
      vertex -24.7363 -7.99072 -20.7186
    endloop
  endfacet
  facet normal -0.74095 -0.474867 -0.474862
    outer loop
      vertex -24.7363 -12.2334 -16.476
      vertex -22.6274 -9.63604 -22.364
      vertex -22.6274 -13.8787 -18.1213
    endloop
  endfacet
  facet normal -0.336895 0.665779 0.665763
    outer loop
      vertex -9.28911 28.017 15.2891
      vertex -12.2459 23.0263 18.7837
      vertex -9.28911 23.7744 19.5318
    endloop
  endfacet
  facet normal -0.336875 0.665776 0.665776
    outer loop
      vertex -12.2459 23.0263 18.7837
      vertex -9.28911 28.017 15.2891
      vertex -12.2459 27.269 14.541
    endloop
  endfacet
  facet normal -0.989175 0.10376 0.103758
    outer loop
      vertex -31.8459 8.58183 -4.14609
      vertex -31.3851 6.53571 2.29307
      vertex -31.3851 10.7783 -1.94957
    endloop
  endfacet
  facet normal -0.989176 0.103758 0.103758
    outer loop
      vertex -31.3851 6.53571 2.29307
      vertex -31.8459 8.58183 -4.14609
      vertex -31.8459 4.33919 0.096554
    endloop
  endfacet
  facet normal -0.998795 0.0346987 0.0346987
    outer loop
      vertex -32 6.36396 -6.36396
      vertex -31.8459 4.33919 0.096554
      vertex -31.8459 8.58183 -4.14609
    endloop
  endfacet
  facet normal -0.998795 0.0346987 0.0346987
    outer loop
      vertex -31.8459 4.33919 0.096554
      vertex -32 6.36396 -6.36396
      vertex -32 2.12132 -2.12132
    endloop
  endfacet
  facet normal -0.803201 0.421233 0.421225
    outer loop
      vertex -26.607 18.9351 6.20716
      vertex -24.7363 16.476 12.2334
      vertex -24.7363 20.7186 7.99072
    endloop
  endfacet
  facet normal -0.803213 0.421215 0.421221
    outer loop
      vertex -24.7363 16.476 12.2334
      vertex -26.607 18.9351 6.20716
      vertex -26.607 14.6924 10.4498
    endloop
  endfacet
  facet normal -0.803201 -0.421232 -0.421226
    outer loop
      vertex -24.7363 -7.99072 -20.7186
      vertex -26.607 -10.4498 -14.6924
      vertex -26.607 -6.20716 -18.9351
    endloop
  endfacet
  facet normal -0.803213 -0.421214 -0.421222
    outer loop
      vertex -26.607 -10.4498 -14.6924
      vertex -24.7363 -7.99072 -20.7186
      vertex -24.7363 -12.2334 -16.476
    endloop
  endfacet
  facet normal -0.989175 -0.103759 -0.103759
    outer loop
      vertex -31.3851 1.94957 -10.7783
      vertex -31.8459 -0.096554 -4.33919
      vertex -31.8459 4.14609 -8.58183
    endloop
  endfacet
  facet normal -0.989176 -0.103757 -0.103759
    outer loop
      vertex -31.8459 -0.096554 -4.33919
      vertex -31.3851 1.94957 -10.7783
      vertex -31.3851 -2.29307 -6.53571
    endloop
  endfacet
  facet normal -0.514113 -0.606501 -0.606501
    outer loop
      vertex -17.7782 -12.45 -25.178
      vertex -15.0847 -17.8343 -22.0769
      vertex -17.7782 -16.6927 -20.9353
    endloop
  endfacet
  facet normal -0.514113 -0.606501 -0.606501
    outer loop
      vertex -15.0847 -17.8343 -22.0769
      vertex -17.7782 -12.45 -25.178
      vertex -15.0847 -13.5916 -26.3196
    endloop
  endfacet
  facet normal -0.595681 -0.56797 -0.567956
    outer loop
      vertex -17.7782 -12.45 -25.178
      vertex -20.3006 -15.3699 -19.6125
      vertex -20.3006 -11.1273 -23.8552
    endloop
  endfacet
  facet normal -0.595696 -0.567955 -0.567955
    outer loop
      vertex -20.3006 -15.3699 -19.6125
      vertex -17.7782 -12.45 -25.178
      vertex -17.7782 -16.6927 -20.9353
    endloop
  endfacet
  facet normal -0.427556 -0.639217 -0.639217
    outer loop
      vertex -15.0847 -13.5916 -26.3196
      vertex -12.2459 -18.7837 -23.0263
      vertex -15.0847 -17.8343 -22.0769
    endloop
  endfacet
  facet normal -0.427556 -0.639217 -0.639217
    outer loop
      vertex -12.2459 -18.7837 -23.0263
      vertex -15.0847 -13.5916 -26.3196
      vertex -12.2459 -14.541 -27.269
    endloop
  endfacet
  facet normal -0.24298 -0.685908 -0.685924
    outer loop
      vertex -9.28911 -15.2891 -28.017
      vertex -6.24289 -20.0713 -24.314
      vertex -9.28911 -19.5318 -23.7744
    endloop
  endfacet
  facet normal -0.243002 -0.685912 -0.685912
    outer loop
      vertex -6.24289 -20.0713 -24.314
      vertex -9.28911 -15.2891 -28.017
      vertex -6.24289 -15.8287 -28.5566
    endloop
  endfacet
  facet normal -0.85772 -0.363538 -0.363533
    outer loop
      vertex -26.607 -6.20716 -18.9351
      vertex -28.2215 -8.54517 -12.7878
      vertex -28.2215 -4.30253 -17.0305
    endloop
  endfacet
  facet normal -0.85772 -0.363538 -0.363533
    outer loop
      vertex -28.2215 -8.54517 -12.7878
      vertex -26.607 -6.20716 -18.9351
      vertex -26.607 -10.4498 -14.6924
    endloop
  endfacet
  facet normal -0.903999 0.30231 0.302315
    outer loop
      vertex -29.5641 15.0231 2.29518
      vertex -28.2215 12.7878 8.54517
      vertex -28.2215 17.0305 4.30253
    endloop
  endfacet
  facet normal -0.903995 0.30232 0.302317
    outer loop
      vertex -28.2215 12.7878 8.54517
      vertex -29.5641 15.0231 2.29518
      vertex -29.5641 10.7805 6.53782
    endloop
  endfacet
  facet normal -1 0 0
    outer loop
      vertex -2 -27.5077 -40.2356
      vertex -2 -20.4366 -24.6793
      vertex -2 -16.194 -28.9219
    endloop
  endfacet
  facet normal -1 0 0
    outer loop
      vertex -2 -20.4366 -24.6793
      vertex -2 -27.5077 -40.2356
      vertex -2 -31.7503 -35.993
    endloop
  endfacet
  facet normal -1 0 0
    outer loop
      vertex -2 28.9219 16.194
      vertex -2 35.993 31.7503
      vertex -2 40.2356 27.5077
    endloop
  endfacet
  facet normal -1 0 0
    outer loop
      vertex -2 35.993 31.7503
      vertex -2 28.9219 16.194
      vertex -2 24.6793 20.4366
    endloop
  endfacet
  facet normal 0.740888 0.474913 0.474913
    outer loop
      vertex -35.7574 10.7782 -4.77817
      vertex -35.3619 31.6758 -26.2928
      vertex -35.7574 31.9843 -25.9843
    endloop
  endfacet
  facet normal 0.740888 0.474913 0.474913
    outer loop
      vertex -35.3619 31.6758 -26.2928
      vertex -35.7574 10.7782 -4.77817
      vertex -35.3619 10.4697 -5.08667
    endloop
  endfacet
  facet normal 0.989176 0.103757 0.103757
    outer loop
      vertex -34.1153 8.60587 -6.95048
      vertex -34.0289 29.4002 -28.5685
      vertex -34.1153 29.812 -28.1566
    endloop
  endfacet
  facet normal 0.989175 0.10376 0.10376
    outer loop
      vertex -34.0289 29.4002 -28.5685
      vertex -34.1153 8.60587 -6.95048
      vertex -34.0289 8.19403 -7.36232
    endloop
  endfacet
  facet normal 0.998795 0.0347062 0.0347062
    outer loop
      vertex -34.0289 8.19403 -7.36232
      vertex -34 28.9843 -28.9843
      vertex -34.0289 29.4002 -28.5685
    endloop
  endfacet
  facet normal 0.998795 0.0347058 0.0347058
    outer loop
      vertex -34 28.9843 -28.9843
      vertex -34.0289 8.19403 -7.36232
      vertex -34 7.77817 -7.77817
    endloop
  endfacet
  facet normal 0.970023 0.171837 0.171838
    outer loop
      vertex -34.2584 9.00975 -6.5466
      vertex -34.1153 29.812 -28.1566
      vertex -34.2584 30.2159 -27.7527
    endloop
  endfacet
  facet normal 0.97002 0.171845 0.171845
    outer loop
      vertex -34.1153 29.812 -28.1566
      vertex -34.2584 9.00975 -6.5466
      vertex -34.1153 8.60587 -6.95048
    endloop
  endfacet
  facet normal 0.336822 -0.665789 -0.66579
    outer loop
      vertex -38.2583 3.71822 -11.8381
      vertex -37.7039 25.0646 -32.904
      vertex -37.7039 3.85849 -11.6979
    endloop
  endfacet
  facet normal 0.336854 -0.665782 -0.665781
    outer loop
      vertex -37.7039 25.0646 -32.904
      vertex -38.2583 3.71822 -11.8381
      vertex -38.2583 24.9244 -33.0443
    endloop
  endfacet
  facet normal -0.242932 0.685925 0.685924
    outer loop
      vertex -41.7417 33.0443 -24.9244
      vertex -41.1705 11.9393 -3.61706
      vertex -41.1705 33.1454 -24.8232
    endloop
  endfacet
  facet normal -0.242999 0.685912 0.685913
    outer loop
      vertex -41.1705 11.9393 -3.61706
      vertex -41.7417 33.0443 -24.9244
      vertex -41.7417 11.8381 -3.71822
    endloop
  endfacet
  facet normal 0.941575 0.238156 0.238156
    outer loop
      vertex -34.4567 9.40176 -6.15459
      vertex -34.2584 30.2159 -27.7527
      vertex -34.4567 30.6079 -27.3607
    endloop
  endfacet
  facet normal 0.941578 0.23815 0.238151
    outer loop
      vertex -34.2584 30.2159 -27.7527
      vertex -34.4567 9.40176 -6.15459
      vertex -34.2584 9.00975 -6.5466
    endloop
  endfacet
  facet normal 0.903966 -0.302363 -0.302362
    outer loop
      vertex -34.4567 6.15459 -9.40176
      vertex -34.7085 26.9843 -30.9843
      vertex -34.4567 27.3607 -30.6079
    endloop
  endfacet
  facet normal 0.903957 -0.302376 -0.302375
    outer loop
      vertex -34.7085 26.9843 -30.9843
      vertex -34.4567 6.15459 -9.40176
      vertex -34.7085 5.77821 -9.77814
    endloop
  endfacet
  facet normal -0.998795 -0.0347062 -0.0347062
    outer loop
      vertex -45.9711 28.5685 -29.4002
      vertex -46 7.77817 -7.77817
      vertex -46 28.9843 -28.9843
    endloop
  endfacet
  facet normal -0.998795 -0.0347058 -0.0347058
    outer loop
      vertex -46 7.77817 -7.77817
      vertex -45.9711 28.5685 -29.4002
      vertex -45.9711 7.36232 -8.19403
    endloop
  endfacet
  facet normal -0.970023 -0.171837 -0.171837
    outer loop
      vertex -45.7416 27.7527 -30.2159
      vertex -45.8847 6.95048 -8.60587
      vertex -45.8847 28.1566 -29.812
    endloop
  endfacet
  facet normal -0.97002 -0.171846 -0.171845
    outer loop
      vertex -45.8847 6.95048 -8.60587
      vertex -45.7416 27.7527 -30.2159
      vertex -45.7416 6.5466 -9.00975
    endloop
  endfacet
  facet normal 0.242999 -0.685913 -0.685912
    outer loop
      vertex -38.8295 3.61706 -11.9393
      vertex -38.2583 24.9244 -33.0443
      vertex -38.2583 3.71822 -11.8381
    endloop
  endfacet
  facet normal 0.242932 -0.685924 -0.685925
    outer loop
      vertex -38.2583 24.9244 -33.0443
      vertex -38.8295 3.61706 -11.9393
      vertex -38.8295 24.8232 -33.1454
    endloop
  endfacet
  facet normal 0.67162 0.523893 0.523892
    outer loop
      vertex -36.1936 11.0578 -4.49857
      vertex -35.7574 31.9843 -25.9843
      vertex -36.1936 32.2639 -25.7047
    endloop
  endfacet
  facet normal 0.67162 0.523893 0.523892
    outer loop
      vertex -35.7574 31.9843 -25.9843
      vertex -36.1936 11.0578 -4.49857
      vertex -35.7574 10.7782 -4.77817
    endloop
  endfacet
  facet normal 0.989176 -0.103757 -0.103757
    outer loop
      vertex -34.0289 7.36232 -8.19403
      vertex -34.1153 28.1566 -29.812
      vertex -34.0289 28.5685 -29.4002
    endloop
  endfacet
  facet normal 0.989175 -0.10376 -0.10376
    outer loop
      vertex -34.1153 28.1566 -29.812
      vertex -34.0289 7.36232 -8.19403
      vertex -34.1153 6.95048 -8.60587
    endloop
  endfacet
  facet normal 0.514092 0.606509 0.606512
    outer loop
      vertex -36.6666 11.3058 -4.25055
      vertex -37.1716 32.726 -25.2426
      vertex -37.1716 11.5198 -4.0365
    endloop
  endfacet
  facet normal 0.514225 0.606455 0.606453
    outer loop
      vertex -37.1716 32.726 -25.2426
      vertex -36.6666 11.3058 -4.25055
      vertex -36.6666 32.5119 -25.4567
    endloop
  endfacet
  facet normal -0.595616 -0.567997 -0.567997
    outer loop
      vertex -43.3334 25.4567 -32.5119
      vertex -43.8064 4.49857 -11.0578
      vertex -43.8064 25.7047 -32.2639
    endloop
  endfacet
  facet normal -0.595632 -0.567988 -0.56799
    outer loop
      vertex -43.8064 4.49857 -11.0578
      vertex -43.3334 25.4567 -32.5119
      vertex -43.3334 4.25055 -11.3058
    endloop
  endfacet
  facet normal 0.336822 0.665789 0.66579
    outer loop
      vertex -37.7039 11.6979 -3.85849
      vertex -38.2583 33.0443 -24.9244
      vertex -38.2583 11.8381 -3.71822
    endloop
  endfacet
  facet normal 0.336854 0.665782 0.665781
    outer loop
      vertex -38.2583 33.0443 -24.9244
      vertex -37.7039 11.6979 -3.85849
      vertex -37.7039 32.904 -25.0646
    endloop
  endfacet
  facet normal 0.803237 0.421195 0.421195
    outer loop
      vertex -35.3619 10.4697 -5.08667
      vertex -35.0112 31.3414 -26.6272
      vertex -35.3619 31.6758 -26.2928
    endloop
  endfacet
  facet normal 0.803245 0.421187 0.421187
    outer loop
      vertex -35.0112 31.3414 -26.6272
      vertex -35.3619 10.4697 -5.08667
      vertex -35.0112 10.1353 -5.42109
    endloop
  endfacet
  facet normal -0.941575 -0.238156 -0.238156
    outer loop
      vertex -45.5433 27.3607 -30.6079
      vertex -45.7416 6.5466 -9.00975
      vertex -45.7416 27.7527 -30.2159
    endloop
  endfacet
  facet normal -0.941578 -0.238151 -0.23815
    outer loop
      vertex -45.7416 6.5466 -9.00975
      vertex -45.5433 27.3607 -30.6079
      vertex -45.5433 6.15459 -9.40176
    endloop
  endfacet
  facet normal 0.903966 0.302362 0.302363
    outer loop
      vertex -34.7085 9.77814 -5.77821
      vertex -34.4567 30.6079 -27.3607
      vertex -34.7085 30.9843 -26.9843
    endloop
  endfacet
  facet normal 0.903957 0.302375 0.302376
    outer loop
      vertex -34.4567 30.6079 -27.3607
      vertex -34.7085 9.77814 -5.77821
      vertex -34.4567 9.40176 -6.15459
    endloop
  endfacet
  facet normal 0.14676 -0.69945 -0.699451
    outer loop
      vertex -39.4119 3.55596 -12.0004
      vertex -38.8295 24.8232 -33.1454
      vertex -38.8295 3.61706 -11.9393
    endloop
  endfacet
  facet normal 0.14676 -0.69945 -0.699451
    outer loop
      vertex -38.8295 24.8232 -33.1454
      vertex -39.4119 3.55596 -12.0004
      vertex -39.4119 24.7621 -33.2065
    endloop
  endfacet
  facet normal 0.595616 0.567998 0.567996
    outer loop
      vertex -36.6666 11.3058 -4.25055
      vertex -36.1936 32.2639 -25.7047
      vertex -36.6666 32.5119 -25.4567
    endloop
  endfacet
  facet normal 0.595632 0.567989 0.567988
    outer loop
      vertex -36.1936 32.2639 -25.7047
      vertex -36.6666 11.3058 -4.25055
      vertex -36.1936 11.0578 -4.49857
    endloop
  endfacet
  facet normal -0.857725 0.36353 0.36353
    outer loop
      vertex -45.2915 30.9843 -26.9843
      vertex -44.9888 10.1353 -5.42109
      vertex -44.9888 31.3414 -26.6272
    endloop
  endfacet
  facet normal -0.85775 0.3635 0.363501
    outer loop
      vertex -44.9888 10.1353 -5.42109
      vertex -45.2915 30.9843 -26.9843
      vertex -45.2915 9.77814 -5.77821
    endloop
  endfacet
  facet normal 0.941575 -0.238156 -0.238156
    outer loop
      vertex -34.2584 6.5466 -9.00975
      vertex -34.4567 27.3607 -30.6079
      vertex -34.2584 27.7527 -30.2159
    endloop
  endfacet
  facet normal 0.941578 -0.238151 -0.23815
    outer loop
      vertex -34.4567 27.3607 -30.6079
      vertex -34.2584 6.5466 -9.00975
      vertex -34.4567 6.15459 -9.40176
    endloop
  endfacet
  facet normal 0.857725 -0.363531 -0.36353
    outer loop
      vertex -34.7085 5.77821 -9.77814
      vertex -35.0112 26.6272 -31.3414
      vertex -34.7085 26.9843 -30.9843
    endloop
  endfacet
  facet normal 0.85775 -0.3635 -0.3635
    outer loop
      vertex -35.0112 26.6272 -31.3414
      vertex -34.7085 5.77821 -9.77814
      vertex -35.0112 5.42109 -10.1353
    endloop
  endfacet
  facet normal -0.427623 -0.639196 -0.639193
    outer loop
      vertex -42.8284 25.2426 -32.726
      vertex -42.2961 3.85849 -11.6979
      vertex -42.8284 4.0365 -11.5198
    endloop
  endfacet
  facet normal -0.427515 -0.63923 -0.639231
    outer loop
      vertex -42.2961 3.85849 -11.6979
      vertex -42.8284 25.2426 -32.726
      vertex -42.2961 25.0646 -32.904
    endloop
  endfacet
  facet normal -0.989176 0.103757 0.103757
    outer loop
      vertex -45.9711 29.4002 -28.5685
      vertex -45.8847 8.60587 -6.95048
      vertex -45.8847 29.812 -28.1566
    endloop
  endfacet
  facet normal -0.989175 0.10376 0.10376
    outer loop
      vertex -45.8847 8.60587 -6.95048
      vertex -45.9711 29.4002 -28.5685
      vertex -45.9711 8.19403 -7.36232
    endloop
  endfacet
  facet normal -0.903966 0.302362 0.302363
    outer loop
      vertex -45.5433 30.6079 -27.3607
      vertex -45.2915 9.77814 -5.77821
      vertex -45.2915 30.9843 -26.9843
    endloop
  endfacet
  facet normal -0.903957 0.302375 0.302376
    outer loop
      vertex -45.2915 9.77814 -5.77821
      vertex -45.5433 30.6079 -27.3607
      vertex -45.5433 9.40176 -6.15459
    endloop
  endfacet
  facet normal -0.595616 0.567998 0.567996
    outer loop
      vertex -43.8064 32.2639 -25.7047
      vertex -43.3334 11.3058 -4.25055
      vertex -43.3334 32.5119 -25.4567
    endloop
  endfacet
  facet normal -0.595632 0.567989 0.567988
    outer loop
      vertex -43.3334 11.3058 -4.25055
      vertex -43.8064 32.2639 -25.7047
      vertex -43.8064 11.0578 -4.49857
    endloop
  endfacet
  facet normal 0.427623 -0.639196 -0.639193
    outer loop
      vertex -37.7039 3.85849 -11.6979
      vertex -37.1716 25.2426 -32.726
      vertex -37.1716 4.0365 -11.5198
    endloop
  endfacet
  facet normal 0.427515 -0.63923 -0.639231
    outer loop
      vertex -37.1716 25.2426 -32.726
      vertex -37.7039 3.85849 -11.6979
      vertex -37.7039 25.0646 -32.904
    endloop
  endfacet
  facet normal 0.242932 0.685925 0.685924
    outer loop
      vertex -38.8295 11.9393 -3.61706
      vertex -38.2583 33.0443 -24.9244
      vertex -38.8295 33.1454 -24.8232
    endloop
  endfacet
  facet normal 0.242999 0.685912 0.685913
    outer loop
      vertex -38.2583 33.0443 -24.9244
      vertex -38.8295 11.9393 -3.61706
      vertex -38.2583 11.8381 -3.71822
    endloop
  endfacet
  facet normal -0.0490332 0.706257 0.706255
    outer loop
      vertex -40 33.2269 -24.7417
      vertex -40.5881 12.0004 -3.55596
      vertex -40 12.0208 -3.53553
    endloop
  endfacet
  facet normal -0.0489973 0.706258 0.706257
    outer loop
      vertex -40.5881 12.0004 -3.55596
      vertex -40 33.2269 -24.7417
      vertex -40.5881 33.2065 -24.7621
    endloop
  endfacet
  facet normal -0.740888 0.474913 0.474913
    outer loop
      vertex -44.6381 31.6758 -26.2928
      vertex -44.2426 10.7782 -4.77817
      vertex -44.2426 31.9843 -25.9843
    endloop
  endfacet
  facet normal -0.740888 0.474913 0.474913
    outer loop
      vertex -44.2426 10.7782 -4.77817
      vertex -44.6381 31.6758 -26.2928
      vertex -44.6381 10.4697 -5.08667
    endloop
  endfacet
  facet normal 0.0490332 0.706257 0.706255
    outer loop
      vertex -39.4119 12.0004 -3.55596
      vertex -40 33.2269 -24.7417
      vertex -40 12.0208 -3.53553
    endloop
  endfacet
  facet normal 0.0489973 0.706258 0.706257
    outer loop
      vertex -40 33.2269 -24.7417
      vertex -39.4119 12.0004 -3.55596
      vertex -39.4119 33.2065 -24.7621
    endloop
  endfacet
  facet normal -0.336822 -0.665789 -0.66579
    outer loop
      vertex -42.2961 25.0646 -32.904
      vertex -41.7417 3.71822 -11.8381
      vertex -42.2961 3.85849 -11.6979
    endloop
  endfacet
  facet normal -0.336854 -0.665782 -0.665781
    outer loop
      vertex -41.7417 3.71822 -11.8381
      vertex -42.2961 25.0646 -32.904
      vertex -41.7417 24.9244 -33.0443
    endloop
  endfacet
  facet normal 0.14676 0.699451 0.69945
    outer loop
      vertex -38.8295 11.9393 -3.61706
      vertex -39.4119 33.2065 -24.7621
      vertex -39.4119 12.0004 -3.55596
    endloop
  endfacet
  facet normal 0.14676 0.699451 0.69945
    outer loop
      vertex -39.4119 33.2065 -24.7621
      vertex -38.8295 11.9393 -3.61706
      vertex -38.8295 33.1454 -24.8232
    endloop
  endfacet
  facet normal 0.970023 -0.171837 -0.171837
    outer loop
      vertex -34.1153 6.95048 -8.60587
      vertex -34.2584 27.7527 -30.2159
      vertex -34.1153 28.1566 -29.812
    endloop
  endfacet
  facet normal 0.97002 -0.171846 -0.171845
    outer loop
      vertex -34.2584 27.7527 -30.2159
      vertex -34.1153 6.95048 -8.60587
      vertex -34.2584 6.5466 -9.00975
    endloop
  endfacet
  facet normal -0.67162 0.523893 0.523892
    outer loop
      vertex -44.2426 31.9843 -25.9843
      vertex -43.8064 11.0578 -4.49857
      vertex -43.8064 32.2639 -25.7047
    endloop
  endfacet
  facet normal -0.67162 0.523893 0.523892
    outer loop
      vertex -43.8064 11.0578 -4.49857
      vertex -44.2426 31.9843 -25.9843
      vertex -44.2426 10.7782 -4.77817
    endloop
  endfacet
  facet normal 0.0490332 -0.706256 -0.706257
    outer loop
      vertex -40 3.53553 -12.0208
      vertex -39.4119 24.7621 -33.2065
      vertex -39.4119 3.55596 -12.0004
    endloop
  endfacet
  facet normal 0.0489973 -0.706256 -0.706259
    outer loop
      vertex -39.4119 24.7621 -33.2065
      vertex -40 3.53553 -12.0208
      vertex -40 24.7417 -33.2269
    endloop
  endfacet
  facet normal -0.14676 0.699451 0.69945
    outer loop
      vertex -40.5881 33.2065 -24.7621
      vertex -41.1705 11.9393 -3.61706
      vertex -40.5881 12.0004 -3.55596
    endloop
  endfacet
  facet normal -0.14676 0.699451 0.69945
    outer loop
      vertex -41.1705 11.9393 -3.61706
      vertex -40.5881 33.2065 -24.7621
      vertex -41.1705 33.1454 -24.8232
    endloop
  endfacet
  facet normal 0.740888 -0.474913 -0.474913
    outer loop
      vertex -35.3619 5.08667 -10.4697
      vertex -35.7574 25.9843 -31.9843
      vertex -35.3619 26.2928 -31.6758
    endloop
  endfacet
  facet normal 0.740888 -0.474913 -0.474913
    outer loop
      vertex -35.7574 25.9843 -31.9843
      vertex -35.3619 5.08667 -10.4697
      vertex -35.7574 4.77817 -10.7782
    endloop
  endfacet
  facet normal 0.803237 -0.421195 -0.421195
    outer loop
      vertex -35.0112 5.42109 -10.1353
      vertex -35.3619 26.2928 -31.6758
      vertex -35.0112 26.6272 -31.3414
    endloop
  endfacet
  facet normal 0.803245 -0.421187 -0.421187
    outer loop
      vertex -35.3619 26.2928 -31.6758
      vertex -35.0112 5.42109 -10.1353
      vertex -35.3619 5.08667 -10.4697
    endloop
  endfacet
  facet normal 0.857725 0.36353 0.36353
    outer loop
      vertex -35.0112 10.1353 -5.42109
      vertex -34.7085 30.9843 -26.9843
      vertex -35.0112 31.3414 -26.6272
    endloop
  endfacet
  facet normal 0.85775 0.3635 0.363501
    outer loop
      vertex -34.7085 30.9843 -26.9843
      vertex -35.0112 10.1353 -5.42109
      vertex -34.7085 9.77814 -5.77821
    endloop
  endfacet
  facet normal -0.14676 -0.69945 -0.699451
    outer loop
      vertex -41.1705 24.8232 -33.1454
      vertex -40.5881 3.55596 -12.0004
      vertex -41.1705 3.61706 -11.9393
    endloop
  endfacet
  facet normal -0.14676 -0.69945 -0.699451
    outer loop
      vertex -40.5881 3.55596 -12.0004
      vertex -41.1705 24.8232 -33.1454
      vertex -40.5881 24.7621 -33.2065
    endloop
  endfacet
  facet normal -0.941575 0.238156 0.238156
    outer loop
      vertex -45.7416 30.2159 -27.7527
      vertex -45.5433 9.40176 -6.15459
      vertex -45.5433 30.6079 -27.3607
    endloop
  endfacet
  facet normal -0.941578 0.23815 0.238151
    outer loop
      vertex -45.5433 9.40176 -6.15459
      vertex -45.7416 30.2159 -27.7527
      vertex -45.7416 9.00975 -6.5466
    endloop
  endfacet
  facet normal 0.595616 -0.567997 -0.567997
    outer loop
      vertex -36.1936 4.49857 -11.0578
      vertex -36.6666 25.4567 -32.5119
      vertex -36.1936 25.7047 -32.2639
    endloop
  endfacet
  facet normal 0.595632 -0.567988 -0.56799
    outer loop
      vertex -36.6666 25.4567 -32.5119
      vertex -36.1936 4.49857 -11.0578
      vertex -36.6666 4.25055 -11.3058
    endloop
  endfacet
  facet normal 0.427623 0.639195 0.639194
    outer loop
      vertex -37.1716 11.5198 -4.0365
      vertex -37.7039 32.904 -25.0646
      vertex -37.7039 11.6979 -3.85849
    endloop
  endfacet
  facet normal 0.427515 0.639229 0.639232
    outer loop
      vertex -37.7039 32.904 -25.0646
      vertex -37.1716 11.5198 -4.0365
      vertex -37.1716 32.726 -25.2426
    endloop
  endfacet
  facet normal -0.903966 -0.302363 -0.302362
    outer loop
      vertex -45.2915 26.9843 -30.9843
      vertex -45.5433 6.15459 -9.40176
      vertex -45.5433 27.3607 -30.6079
    endloop
  endfacet
  facet normal -0.903957 -0.302376 -0.302375
    outer loop
      vertex -45.5433 6.15459 -9.40176
      vertex -45.2915 26.9843 -30.9843
      vertex -45.2915 5.77821 -9.77814
    endloop
  endfacet
  facet normal -0.242999 -0.685913 -0.685912
    outer loop
      vertex -41.7417 24.9244 -33.0443
      vertex -41.1705 3.61706 -11.9393
      vertex -41.7417 3.71822 -11.8381
    endloop
  endfacet
  facet normal -0.242932 -0.685924 -0.685925
    outer loop
      vertex -41.1705 3.61706 -11.9393
      vertex -41.7417 24.9244 -33.0443
      vertex -41.1705 24.8232 -33.1454
    endloop
  endfacet
  facet normal 0.998795 -0.0347062 -0.0347062
    outer loop
      vertex -34 7.77817 -7.77817
      vertex -34.0289 28.5685 -29.4002
      vertex -34 28.9843 -28.9843
    endloop
  endfacet
  facet normal 0.998795 -0.0347058 -0.0347058
    outer loop
      vertex -34.0289 28.5685 -29.4002
      vertex -34 7.77817 -7.77817
      vertex -34.0289 7.36232 -8.19403
    endloop
  endfacet
  facet normal -0.740888 -0.474913 -0.474913
    outer loop
      vertex -44.2426 25.9843 -31.9843
      vertex -44.6381 5.08667 -10.4697
      vertex -44.6381 26.2928 -31.6758
    endloop
  endfacet
  facet normal -0.740888 -0.474913 -0.474913
    outer loop
      vertex -44.6381 5.08667 -10.4697
      vertex -44.2426 25.9843 -31.9843
      vertex -44.2426 4.77817 -10.7782
    endloop
  endfacet
  facet normal -0.857725 -0.363531 -0.36353
    outer loop
      vertex -44.9888 26.6272 -31.3414
      vertex -45.2915 5.77821 -9.77814
      vertex -45.2915 26.9843 -30.9843
    endloop
  endfacet
  facet normal -0.85775 -0.3635 -0.3635
    outer loop
      vertex -45.2915 5.77821 -9.77814
      vertex -44.9888 26.6272 -31.3414
      vertex -44.9888 5.42109 -10.1353
    endloop
  endfacet
  facet normal -0.336822 0.665789 0.66579
    outer loop
      vertex -41.7417 33.0443 -24.9244
      vertex -42.2961 11.6979 -3.85849
      vertex -41.7417 11.8381 -3.71822
    endloop
  endfacet
  facet normal -0.336854 0.665782 0.665781
    outer loop
      vertex -42.2961 11.6979 -3.85849
      vertex -41.7417 33.0443 -24.9244
      vertex -42.2961 32.904 -25.0646
    endloop
  endfacet
  facet normal -0.514092 -0.606509 -0.606511
    outer loop
      vertex -43.3334 25.4567 -32.5119
      vertex -42.8284 4.0365 -11.5198
      vertex -43.3334 4.25055 -11.3058
    endloop
  endfacet
  facet normal -0.514225 -0.606455 -0.606453
    outer loop
      vertex -42.8284 4.0365 -11.5198
      vertex -43.3334 25.4567 -32.5119
      vertex -42.8284 25.2426 -32.726
    endloop
  endfacet
  facet normal -0.970023 0.171837 0.171838
    outer loop
      vertex -45.8847 29.812 -28.1566
      vertex -45.7416 9.00975 -6.5466
      vertex -45.7416 30.2159 -27.7527
    endloop
  endfacet
  facet normal -0.97002 0.171845 0.171845
    outer loop
      vertex -45.7416 9.00975 -6.5466
      vertex -45.8847 29.812 -28.1566
      vertex -45.8847 8.60587 -6.95048
    endloop
  endfacet
  facet normal -0.803237 -0.421195 -0.421195
    outer loop
      vertex -44.6381 26.2928 -31.6758
      vertex -44.9888 5.42109 -10.1353
      vertex -44.9888 26.6272 -31.3414
    endloop
  endfacet
  facet normal -0.803245 -0.421187 -0.421187
    outer loop
      vertex -44.9888 5.42109 -10.1353
      vertex -44.6381 26.2928 -31.6758
      vertex -44.6381 5.08667 -10.4697
    endloop
  endfacet
  facet normal -0.514092 0.606509 0.606512
    outer loop
      vertex -42.8284 32.726 -25.2426
      vertex -43.3334 11.3058 -4.25055
      vertex -42.8284 11.5198 -4.0365
    endloop
  endfacet
  facet normal -0.514225 0.606455 0.606453
    outer loop
      vertex -43.3334 11.3058 -4.25055
      vertex -42.8284 32.726 -25.2426
      vertex -43.3334 32.5119 -25.4567
    endloop
  endfacet
  facet normal -0.427623 0.639195 0.639194
    outer loop
      vertex -42.2961 32.904 -25.0646
      vertex -42.8284 11.5198 -4.0365
      vertex -42.2961 11.6979 -3.85849
    endloop
  endfacet
  facet normal -0.427515 0.639229 0.639232
    outer loop
      vertex -42.8284 11.5198 -4.0365
      vertex -42.2961 32.904 -25.0646
      vertex -42.8284 32.726 -25.2426
    endloop
  endfacet
  facet normal -0.989176 -0.103757 -0.103757
    outer loop
      vertex -45.8847 28.1566 -29.812
      vertex -45.9711 7.36232 -8.19403
      vertex -45.9711 28.5685 -29.4002
    endloop
  endfacet
  facet normal -0.989175 -0.10376 -0.10376
    outer loop
      vertex -45.9711 7.36232 -8.19403
      vertex -45.8847 28.1566 -29.812
      vertex -45.8847 6.95048 -8.60587
    endloop
  endfacet
  facet normal 0.514092 -0.606509 -0.606511
    outer loop
      vertex -37.1716 4.0365 -11.5198
      vertex -36.6666 25.4567 -32.5119
      vertex -36.6666 4.25055 -11.3058
    endloop
  endfacet
  facet normal 0.514225 -0.606455 -0.606453
    outer loop
      vertex -36.6666 25.4567 -32.5119
      vertex -37.1716 4.0365 -11.5198
      vertex -37.1716 25.2426 -32.726
    endloop
  endfacet
  facet normal -0.67162 -0.523892 -0.523893
    outer loop
      vertex -43.8064 25.7047 -32.2639
      vertex -44.2426 4.77817 -10.7782
      vertex -44.2426 25.9843 -31.9843
    endloop
  endfacet
  facet normal -0.67162 -0.523892 -0.523893
    outer loop
      vertex -44.2426 4.77817 -10.7782
      vertex -43.8064 25.7047 -32.2639
      vertex -43.8064 4.49857 -11.0578
    endloop
  endfacet
  facet normal -0.803237 0.421195 0.421195
    outer loop
      vertex -44.9888 31.3414 -26.6272
      vertex -44.6381 10.4697 -5.08667
      vertex -44.6381 31.6758 -26.2928
    endloop
  endfacet
  facet normal -0.803245 0.421187 0.421187
    outer loop
      vertex -44.6381 10.4697 -5.08667
      vertex -44.9888 31.3414 -26.6272
      vertex -44.9888 10.1353 -5.42109
    endloop
  endfacet
  facet normal -0.0490332 -0.706256 -0.706257
    outer loop
      vertex -40.5881 24.7621 -33.2065
      vertex -40 3.53553 -12.0208
      vertex -40.5881 3.55596 -12.0004
    endloop
  endfacet
  facet normal -0.0489973 -0.706256 -0.706259
    outer loop
      vertex -40 3.53553 -12.0208
      vertex -40.5881 24.7621 -33.2065
      vertex -40 24.7417 -33.2269
    endloop
  endfacet
  facet normal 0.00244673 0.707105 -0.707105
    outer loop
      vertex -34.0289 28.5685 -29.4002
      vertex -34.0289 29.4002 -28.5685
      vertex -34 28.9843 -28.9843
    endloop
  endfacet
  facet normal -0.00081841 0.707107 -0.707107
    outer loop
      vertex -34.1153 28.1566 -29.812
      vertex -34.0289 29.4002 -28.5685
      vertex -34.0289 28.5685 -29.4002
    endloop
  endfacet
  facet normal -0.00081841 0.707107 -0.707107
    outer loop
      vertex -34.1153 28.1566 -29.812
      vertex -34.1153 29.812 -28.1566
      vertex -34.0289 29.4002 -28.5685
    endloop
  endfacet
  facet normal 0 0.707107 -0.707107
    outer loop
      vertex -34.2584 27.7527 -30.2159
      vertex -34.1153 29.812 -28.1566
      vertex -34.1153 28.1566 -29.812
    endloop
  endfacet
  facet normal 0 0.707107 -0.707107
    outer loop
      vertex -34.2584 27.7527 -30.2159
      vertex -34.2584 30.2159 -27.7527
      vertex -34.1153 29.812 -28.1566
    endloop
  endfacet
  facet normal 0 0.707107 -0.707107
    outer loop
      vertex -34.4567 27.3607 -30.6079
      vertex -34.2584 30.2159 -27.7527
      vertex -34.2584 27.7527 -30.2159
    endloop
  endfacet
  facet normal 0 0.707107 -0.707107
    outer loop
      vertex -34.4567 27.3607 -30.6079
      vertex -34.4567 30.6079 -27.3607
      vertex -34.2584 30.2159 -27.7527
    endloop
  endfacet
  facet normal 0 0.707107 -0.707107
    outer loop
      vertex -34.7085 26.9843 -30.9843
      vertex -34.4567 30.6079 -27.3607
      vertex -34.4567 27.3607 -30.6079
    endloop
  endfacet
  facet normal 0 0.707107 -0.707107
    outer loop
      vertex -34.7085 26.9843 -30.9843
      vertex -34.7085 30.9843 -26.9843
      vertex -34.4567 30.6079 -27.3607
    endloop
  endfacet
  facet normal -8.29913e-15 0.707107 -0.707107
    outer loop
      vertex -35.0112 26.6272 -31.3414
      vertex -34.7085 30.9843 -26.9843
      vertex -34.7085 26.9843 -30.9843
    endloop
  endfacet
  facet normal -7.04182e-15 0.707107 -0.707107
    outer loop
      vertex -35.0112 26.6272 -31.3414
      vertex -35.0112 31.3414 -26.6272
      vertex -34.7085 30.9843 -26.9843
    endloop
  endfacet
  facet normal 0 0.707107 -0.707107
    outer loop
      vertex -35.3619 26.2928 -31.6758
      vertex -35.0112 31.3414 -26.6272
      vertex -35.0112 26.6272 -31.3414
    endloop
  endfacet
  facet normal 0 0.707107 -0.707107
    outer loop
      vertex -35.3619 26.2928 -31.6758
      vertex -35.3619 31.6758 -26.2928
      vertex -35.0112 31.3414 -26.6272
    endloop
  endfacet
  facet normal 6.34239e-15 0.707107 -0.707107
    outer loop
      vertex -35.7574 25.9843 -31.9843
      vertex -35.3619 31.6758 -26.2928
      vertex -35.3619 26.2928 -31.6758
    endloop
  endfacet
  facet normal 6.35183e-15 0.707107 -0.707107
    outer loop
      vertex -35.7574 25.9843 -31.9843
      vertex -35.7574 31.9843 -25.9843
      vertex -35.3619 31.6758 -26.2928
    endloop
  endfacet
  facet normal -5.75917e-15 0.707107 -0.707107
    outer loop
      vertex -36.1936 25.7047 -32.2639
      vertex -35.7574 31.9843 -25.9843
      vertex -35.7574 25.9843 -31.9843
    endloop
  endfacet
  facet normal -7.02423e-15 0.707107 -0.707107
    outer loop
      vertex -36.1936 25.7047 -32.2639
      vertex -36.1936 32.2639 -25.7047
      vertex -35.7574 31.9843 -25.9843
    endloop
  endfacet
  facet normal 0 0.707107 -0.707107
    outer loop
      vertex -36.6666 25.4567 -32.5119
      vertex -36.1936 32.2639 -25.7047
      vertex -36.1936 25.7047 -32.2639
    endloop
  endfacet
  facet normal 0 0.707107 -0.707107
    outer loop
      vertex -36.6666 25.4567 -32.5119
      vertex -36.6666 32.5119 -25.4567
      vertex -36.1936 32.2639 -25.7047
    endloop
  endfacet
  facet normal 0 0.707107 -0.707107
    outer loop
      vertex -37.1716 25.2426 -32.726
      vertex -36.6666 32.5119 -25.4567
      vertex -36.6666 25.4567 -32.5119
    endloop
  endfacet
  facet normal 0 0.707107 -0.707107
    outer loop
      vertex -37.1716 25.2426 -32.726
      vertex -37.1716 32.726 -25.2426
      vertex -36.6666 32.5119 -25.4567
    endloop
  endfacet
  facet normal 4.72989e-15 0.707107 -0.707107
    outer loop
      vertex -37.7039 25.0646 -32.904
      vertex -37.1716 32.726 -25.2426
      vertex -37.1716 25.2426 -32.726
    endloop
  endfacet
  facet normal 4.8161e-15 0.707107 -0.707107
    outer loop
      vertex -37.7039 25.0646 -32.904
      vertex -37.7039 32.904 -25.0646
      vertex -37.1716 32.726 -25.2426
    endloop
  endfacet
  facet normal 0.000127545 0.707107 -0.707107
    outer loop
      vertex -38.2583 24.9244 -33.0443
      vertex -37.7039 32.904 -25.0646
      vertex -37.7039 25.0646 -32.904
    endloop
  endfacet
  facet normal 0.000127545 0.707107 -0.707107
    outer loop
      vertex -38.2583 24.9244 -33.0443
      vertex -38.2583 33.0443 -24.9244
      vertex -37.7039 32.904 -25.0646
    endloop
  endfacet
  facet normal -0.000123793 0.707107 -0.707107
    outer loop
      vertex -38.8295 24.8232 -33.1454
      vertex -38.2583 33.0443 -24.9244
      vertex -38.2583 24.9244 -33.0443
    endloop
  endfacet
  facet normal -0.000123793 0.707107 -0.707107
    outer loop
      vertex -38.8295 24.8232 -33.1454
      vertex -38.8295 33.1454 -24.8232
      vertex -38.2583 33.0443 -24.9244
    endloop
  endfacet
  facet normal -4.30841e-15 0.707107 -0.707107
    outer loop
      vertex -39.4119 24.7621 -33.2065
      vertex -38.8295 33.1454 -24.8232
      vertex -38.8295 24.8232 -33.1454
    endloop
  endfacet
  facet normal -4.08644e-15 0.707107 -0.707107
    outer loop
      vertex -39.4119 24.7621 -33.2065
      vertex -39.4119 33.2065 -24.7621
      vertex -38.8295 33.1454 -24.8232
    endloop
  endfacet
  facet normal 4.2721e-15 0.707107 -0.707107
    outer loop
      vertex -40 24.7417 -33.2269
      vertex -39.4119 33.2065 -24.7621
      vertex -39.4119 24.7621 -33.2065
    endloop
  endfacet
  facet normal 4.02737e-15 0.707107 -0.707107
    outer loop
      vertex -40 24.7417 -33.2269
      vertex -40 33.2269 -24.7417
      vertex -39.4119 33.2065 -24.7621
    endloop
  endfacet
  facet normal -4.27122e-15 0.707107 -0.707107
    outer loop
      vertex -40.5881 24.7621 -33.2065
      vertex -40 33.2269 -24.7417
      vertex -40 24.7417 -33.2269
    endloop
  endfacet
  facet normal -4.04683e-15 0.707107 -0.707107
    outer loop
      vertex -40.5881 24.7621 -33.2065
      vertex -40.5881 33.2065 -24.7621
      vertex -40 33.2269 -24.7417
    endloop
  endfacet
  facet normal 4.30992e-15 0.707107 -0.707107
    outer loop
      vertex -41.1705 24.8232 -33.1454
      vertex -40.5881 33.2065 -24.7621
      vertex -40.5881 24.7621 -33.2065
    endloop
  endfacet
  facet normal 4.14644e-15 0.707107 -0.707107
    outer loop
      vertex -41.1705 24.8232 -33.1454
      vertex -41.1705 33.1454 -24.8232
      vertex -40.5881 33.2065 -24.7621
    endloop
  endfacet
  facet normal 0.000123793 0.707107 -0.707107
    outer loop
      vertex -41.7417 24.9244 -33.0443
      vertex -41.1705 33.1454 -24.8232
      vertex -41.1705 24.8232 -33.1454
    endloop
  endfacet
  facet normal 0.000123793 0.707107 -0.707107
    outer loop
      vertex -41.7417 24.9244 -33.0443
      vertex -41.7417 33.0443 -24.9244
      vertex -41.1705 33.1454 -24.8232
    endloop
  endfacet
  facet normal -0.000127545 0.707107 -0.707107
    outer loop
      vertex -42.2961 25.0646 -32.904
      vertex -41.7417 33.0443 -24.9244
      vertex -41.7417 24.9244 -33.0443
    endloop
  endfacet
  facet normal -0.000127545 0.707107 -0.707107
    outer loop
      vertex -42.2961 25.0646 -32.904
      vertex -42.2961 32.904 -25.0646
      vertex -41.7417 33.0443 -24.9244
    endloop
  endfacet
  facet normal -4.74085e-15 0.707107 -0.707107
    outer loop
      vertex -42.8284 25.2426 -32.726
      vertex -42.2961 32.904 -25.0646
      vertex -42.2961 25.0646 -32.904
    endloop
  endfacet
  facet normal -5.04522e-15 0.707107 -0.707107
    outer loop
      vertex -42.8284 25.2426 -32.726
      vertex -42.8284 32.726 -25.2426
      vertex -42.2961 32.904 -25.0646
    endloop
  endfacet
  facet normal 0 0.707107 -0.707107
    outer loop
      vertex -43.3334 25.4567 -32.5119
      vertex -42.8284 32.726 -25.2426
      vertex -42.8284 25.2426 -32.726
    endloop
  endfacet
  facet normal 0 0.707107 -0.707107
    outer loop
      vertex -43.3334 25.4567 -32.5119
      vertex -43.3334 32.5119 -25.4567
      vertex -42.8284 32.726 -25.2426
    endloop
  endfacet
  facet normal 0 0.707107 -0.707107
    outer loop
      vertex -43.8064 25.7047 -32.2639
      vertex -43.3334 32.5119 -25.4567
      vertex -43.3334 25.4567 -32.5119
    endloop
  endfacet
  facet normal 0 0.707107 -0.707107
    outer loop
      vertex -43.8064 25.7047 -32.2639
      vertex -43.8064 32.2639 -25.7047
      vertex -43.3334 32.5119 -25.4567
    endloop
  endfacet
  facet normal 5.70719e-15 0.707107 -0.707107
    outer loop
      vertex -44.2426 25.9843 -31.9843
      vertex -43.8064 32.2639 -25.7047
      vertex -43.8064 25.7047 -32.2639
    endloop
  endfacet
  facet normal 5.75917e-15 0.707107 -0.707107
    outer loop
      vertex -44.2426 25.9843 -31.9843
      vertex -44.2426 31.9843 -25.9843
      vertex -43.8064 32.2639 -25.7047
    endloop
  endfacet
  facet normal -6.35183e-15 0.707107 -0.707107
    outer loop
      vertex -44.6381 26.2928 -31.6758
      vertex -44.2426 31.9843 -25.9843
      vertex -44.2426 25.9843 -31.9843
    endloop
  endfacet
  facet normal -5.8999e-15 0.707107 -0.707107
    outer loop
      vertex -44.6381 26.2928 -31.6758
      vertex -44.6381 31.6758 -26.2928
      vertex -44.2426 31.9843 -25.9843
    endloop
  endfacet
  facet normal 0 0.707107 -0.707107
    outer loop
      vertex -44.9888 26.6272 -31.3414
      vertex -44.6381 31.6758 -26.2928
      vertex -44.6381 26.2928 -31.6758
    endloop
  endfacet
  facet normal 0 0.707107 -0.707107
    outer loop
      vertex -44.9888 26.6272 -31.3414
      vertex -44.9888 31.3414 -26.6272
      vertex -44.6381 31.6758 -26.2928
    endloop
  endfacet
  facet normal 8.25213e-15 0.707107 -0.707107
    outer loop
      vertex -45.2915 26.9843 -30.9843
      vertex -44.9888 31.3414 -26.6272
      vertex -44.9888 26.6272 -31.3414
    endloop
  endfacet
  facet normal 8.29913e-15 0.707107 -0.707107
    outer loop
      vertex -45.2915 26.9843 -30.9843
      vertex -45.2915 30.9843 -26.9843
      vertex -44.9888 31.3414 -26.6272
    endloop
  endfacet
  facet normal 0 0.707107 -0.707107
    outer loop
      vertex -45.5433 27.3607 -30.6079
      vertex -45.2915 30.9843 -26.9843
      vertex -45.2915 26.9843 -30.9843
    endloop
  endfacet
  facet normal 0 0.707107 -0.707107
    outer loop
      vertex -45.5433 27.3607 -30.6079
      vertex -45.5433 30.6079 -27.3607
      vertex -45.2915 30.9843 -26.9843
    endloop
  endfacet
  facet normal 0 0.707107 -0.707107
    outer loop
      vertex -45.7416 27.7527 -30.2159
      vertex -45.5433 30.6079 -27.3607
      vertex -45.5433 27.3607 -30.6079
    endloop
  endfacet
  facet normal 0 0.707107 -0.707107
    outer loop
      vertex -45.7416 27.7527 -30.2159
      vertex -45.7416 30.2159 -27.7527
      vertex -45.5433 30.6079 -27.3607
    endloop
  endfacet
  facet normal 0 0.707107 -0.707107
    outer loop
      vertex -45.8847 28.1566 -29.812
      vertex -45.7416 30.2159 -27.7527
      vertex -45.7416 27.7527 -30.2159
    endloop
  endfacet
  facet normal 0 0.707107 -0.707107
    outer loop
      vertex -45.8847 28.1566 -29.812
      vertex -45.8847 29.812 -28.1566
      vertex -45.7416 30.2159 -27.7527
    endloop
  endfacet
  facet normal 0.00081841 0.707107 -0.707107
    outer loop
      vertex -45.9711 28.5685 -29.4002
      vertex -45.8847 29.812 -28.1566
      vertex -45.8847 28.1566 -29.812
    endloop
  endfacet
  facet normal 0.00081841 0.707107 -0.707107
    outer loop
      vertex -45.9711 28.5685 -29.4002
      vertex -45.9711 29.4002 -28.5685
      vertex -45.8847 29.812 -28.1566
    endloop
  endfacet
  facet normal -0.00244673 0.707105 -0.707105
    outer loop
      vertex -45.9711 29.4002 -28.5685
      vertex -45.9711 28.5685 -29.4002
      vertex -46 28.9843 -28.9843
    endloop
  endfacet
  facet normal -0.998795 0.0347062 0.0347062
    outer loop
      vertex -46 28.9843 -28.9843
      vertex -45.9711 8.19403 -7.36232
      vertex -45.9711 29.4002 -28.5685
    endloop
  endfacet
  facet normal -0.998795 0.0347058 0.0347058
    outer loop
      vertex -45.9711 8.19403 -7.36232
      vertex -46 28.9843 -28.9843
      vertex -46 7.77817 -7.77817
    endloop
  endfacet
  facet normal 0.67162 -0.523892 -0.523893
    outer loop
      vertex -35.7574 4.77817 -10.7782
      vertex -36.1936 25.7047 -32.2639
      vertex -35.7574 25.9843 -31.9843
    endloop
  endfacet
  facet normal 0.67162 -0.523892 -0.523893
    outer loop
      vertex -36.1936 25.7047 -32.2639
      vertex -35.7574 4.77817 -10.7782
      vertex -36.1936 4.49857 -11.0578
    endloop
  endfacet
endsolid OpenSCAD_Model
